SSHF_1e5_J_m2,Delta_SSHF_1e5_J_m2,Regime_ID,Regime_Name
-11.65619,-3.63814,1,stable
-10.77394,-3.47017,1,stable
-6.46176,-2.27185,1,stable
-8.31183,-1.97215,1,stable
-8.41314,-2.32032,1,stable
-8.50615,-3.0588,1,stable
-3.91022,-0.75418,1,stable
-7.77566,-2.67928,1,stable
-4.18033,-0.69797,1,stable
-6.38586,-1.76071,1,stable
-19.34216,-5.89457,2,transition
-17.60136,-4.71847,2,transition
-23.31136,-6.13452,2,transition
-11.29626,-2.88312,1,stable
-8.70682,-0.9444,1,stable
-5.2088,-2.0292,1,stable
-6.39042,-2.21009,1,stable
-4.65392,0.0996,1,stable
-5.26204,-2.09354,1,stable
-4.29414,-1.93388,1,stable
-6.04906,-0.13834,1,stable
-5.54786,-0.03685,1,stable
-6.641,-0.53785,1,stable
-6.22432,-0.47402,1,stable
-24.41961,-4.23307,1,stable
-22.30285,-4.28247,1,stable
-19.66007,-3.33039,1,stable
-17.28495,-2.96077,1,stable
-17.04519,-3.46131,1,stable
-15.68555,-4.09727,1,stable
-12.46927,-2.51643,1,stable
-15.60149,-2.51721,1,stable
-11.79019,-2.18125,1,stable
-12.12313,-3.33415,1,stable
-13.00907,-2.14425,1,stable
-11.34145,-1.71999,1,stable
-2.55421,-1.25273,1,stable
-2.43015,-1.09431,1,stable
-10.14091,-1.43409,1,stable
-8.24445,-2.03667,1,stable
-6.73921,-1.80343,1,stable
-7.48485,-1.65083,1,stable
-7.83221,-1.61747,1,stable
-5.63557,-1.34143,1,stable
-17.64276,-2.20985,1,stable
-19.88348,-2.63539,1,stable
-11.47062,-1.26361,1,stable
-18.0196,-2.45111,1,stable
-18.36972,-2.22305,1,stable
-5.38342,-0.68379,1,stable
-11.02914,-1.36631,1,stable
-11.52112,-1.44971,1,stable
-20.99852,-2.20755,1,stable
-9.11404,-0.86959,1,stable
-9.16114,-0.51569,1,stable
-5.86188,-0.20477,1,stable
-5.82806,-0.40033,1,stable
-25.01784,-1.40398,1,stable
-28.47398,-3.26296,1,stable
-28.10786,-3.00608,1,stable
-22.5474,-1.8309,1,stable
-19.90802,-1.76648,1,stable
-12.69794,-1.19608,1,stable
-14.85122,-1.28742,1,stable
-8.8729,-0.5279,1,stable
-13.7963,-1.22746,1,stable
-5.2257,-0.298,1,stable
-17.21416,-1.70014,1,stable
-14.88012,-1.45734,1,stable
-17.91342,-1.84828,1,stable
-12.6887,-1.16758,1,stable
-13.44006,-1.22988,1,stable
-11.74608,-0.89648,1,stable
-21.24376,-2.11324,1,stable
-9.83144,-0.55446,1,stable
-11.0436,-0.7749,1,stable
-15.92564,-1.40564,1,stable
-6.71522,-0.13212,1,stable
-5.12712,0.22614,1,stable
-6.6349,-0.3853,1,stable
-12.09076,-0.8713,1,stable
-11.28094,-0.73198,1,stable
-9.20286,-0.42218,1,stable
-35.46239,-2.16425,1,stable
-35.05313,-2.11519,1,stable
-32.94541,-1.54185,1,stable
-36.51753,-0.83461,1,stable
-28.54353,-0.06395,1,stable
-7.41423,0.84683,1,stable
-18.72691,-0.11553,1,stable
-23.34631,-1.11191,1,stable
-15.85545,-0.26773,1,stable
-18.82669,-0.74495,1,stable
-4.39425,0.42511,1,stable
-17.42511,-0.77419,1,stable
-8.80249,0.17061,1,stable
-9.29221,0.15467,1,stable
-26.10751,-0.1045,1,stable
-13.39231,0.62688,1,stable
-13.23781,0.58858,1,stable
-11.19381,0.74718,1,stable
-10.02819,0.7718,1,stable
-25.14605,-0.2266,1,stable
-10.90123,0.80228,1,stable
-35.10502,0.51725,1,stable
-26.28,0.83211,1,stable
-30.023,0.60951,1,stable
-30.62098,0.59085,1,stable
-18.84142,0.86997,1,stable
-20.82546,1.09735,1,stable
-22.46974,1.29713,1,stable
-18.31462,1.01651,1,stable
-16.1842,1.21697,1,stable
-24.79842,0.79665,1,stable
-15.47174,1.19795,1,stable
-15.93012,0.88885,1,stable
-1.52578,1.24575,2,transition
-18.1457,1.17997,1,stable
-8.86718,1.08669,1,stable
-7.12562,1.14125,1,stable
-5.31724,1.15055,1,stable
-6.65966,1.18637,1,stable
-7.34262,1.23997,1,stable
-4.8102,1.18875,1,stable
-4.23114,1.30139,1,stable
-30.68256,1.0943,1,stable
-23.89982,1.2137,1,stable
-19.94456,1.32166,1,stable
-33.09908,0.97076,1,stable
-20.25512,1.19926,1,stable
-12.48266,1.51856,1,stable
-17.44648,1.19028,1,stable
-18.8092,1.00472,1,stable
-13.27642,1.12444,1,stable
-13.67448,1.24574,1,stable
-21.44094,1.03584,1,stable
-12.35844,0.96424,1,stable
-6.38882,1.1446,1,stable
-8.83634,1.17474,1,stable
-7.0292,1.12402,1,stable
-6.54366,1.14028,1,stable
-6.43648,1.11556,1,stable
-3.15246,1.17746,1,stable
-4.1093,1.24282,1,stable
-28.03776,1.01608,1,stable
-16.7318,1.04452,1,stable
-20.32656,1.05088,1,stable
-19.95598,1.12542,1,stable
-10.95942,1.22818,1,stable
-12.65362,1.17928,1,stable
-13.70136,1.02824,1,stable
-9.28946,1.00394,1,stable
-4.75538,0.99,1,stable
-35.97026,1.01114,1,stable
-25.5863,1.06994,1,stable
-21.65502,1.07478,1,stable
-17.59006,1.10904,1,stable
-15.70142,1.03038,1,stable
-9.88534,1.21648,1,stable
-9.82678,1.13264,1,stable
-17.71418,1.03294,1,stable
-7.03254,1.0622,1,stable
-10.55454,1.00892,1,stable
-12.05218,1.02652,1,stable
-14.85694,1.01522,1,stable
-12.96138,1.00658,1,stable
-1.33634,1.0556,2,transition
-6.82606,0.93584,1,stable
-6.27158,0.93422,1,stable
-1.66622,0.9344,2,transition
-3.74782,0.96122,1,stable
-4.42882,0.98404,1,stable
-0.91798,1.1181,2,transition
-29.07548,0.94642,1,stable
-16.08948,0.98742,1,stable
-26.5418,0.9933,1,stable
-8.70568,0.98674,1,stable
-6.50184,0.9489,1,stable
-14.23344,0.92542,1,stable
-9.8962,1.00202,1,stable
-6.0562,0.97634,1,stable
-11.87556,0.9473,1,stable
2.3194,0.92666,0,convective
-11.99404,0.96734,1,stable
-13.04384,0.89022,1,stable
6.31728,0.99962,0,convective
-1.13948,1.00938,2,transition
-5.85384,0.84498,1,stable
-3.3856,0.95314,1,stable
-3.22552,0.95866,1,stable
0.78304,0.95594,2,transition
-1.4708,0.94354,2,transition
-0.03136,1.03574,2,transition
0.05596,0.90014,2,transition
-21.07948,0.843,1,stable
-12.75364,0.87776,1,stable
-17.04432,0.828,1,stable
-10.61776,0.79944,1,stable
-5.53424,0.84168,1,stable
-10.34108,0.77612,1,stable
-11.57564,0.80692,1,stable
-6.80324,0.7134,1,stable
-7.5164,0.74716,1,stable
-0.72088,0.69536,2,transition
-6.68676,0.752,1,stable
-7.52924,0.78156,1,stable
-5.24252,0.75328,1,stable
-3.31304,0.87508,1,stable
1.62516,0.84248,2,transition
-18.34956,0.70452,1,stable
-22.30728,0.6916,1,stable
-5.87492,0.67216,1,stable
0.02224,0.42176,2,transition
-16.52092,0.7114,1,stable
-7.06584,0.67752,1,stable
-1.8618,0.66108,1,stable
-11.53708,0.73344,1,stable
-12.82068,0.7388,1,stable
-11.15808,0.74828,1,stable
-13.3654,0.67492,1,stable
-11.98996,0.67368,1,stable
3.7368,0.62824,0,convective
-10.426,0.73196,1,stable
-12.27808,0.7056,1,stable
7.67708,0.69408,0,convective
-1.303,0.73444,2,transition
0.67236,0.72004,2,transition
2.16772,0.74228,0,convective
1.72076,0.83956,0,convective
-3.2742,0.79928,1,stable
0.80344,0.78988,2,transition
-32.87876,0.57784,1,stable
-14.70796,0.6538,1,stable
0.70748,0.43224,2,transition
-9.86032,0.68872,1,stable
-5.31216,0.56276,1,stable
3.75816,0.28792,0,convective
-11.78236,0.68876,1,stable
-7.48836,0.67496,1,stable
-8.8912,0.7108,1,stable
-6.0712,0.65988,1,stable
4.26628,0.52948,0,convective
-5.62652,0.66876,1,stable
-6.75572,0.66536,1,stable
-11.61764,0.66044,1,stable
-3.22976,0.64516,1,stable
-9.27892,0.61928,1,stable
-2.42268,0.62356,1,stable
-1.74928,0.65848,1,stable
-0.69972,0.61064,2,transition
-0.9274,0.7192,2,transition
5.34268,0.67972,0,convective
3.70536,0.68544,0,convective
-19.17708,0.5072,1,stable
-9.16496,0.61604,1,stable
-24.3474,0.46388,1,stable
0.65868,0.27852,2,transition
3.64352,0.31348,0,convective
-11.3624,0.53944,1,stable
-14.07872,0.49484,1,stable
-13.23812,0.46168,1,stable
4.68744,0.42116,0,convective
-1.74852,0.4452,1,stable
8.99116,0.49516,0,convective
-18.867,0.356,1,stable
2.3354,0.56604,0,convective
2.51472,0.36776,0,convective
-27.08156,0.4936,1,stable
-12.89144,0.5016,1,stable
-0.022,0.27528,2,transition
-14.82144,0.50336,1,stable
-21.22448,0.50324,1,stable
-14.91712,0.51112,1,stable
-13.13712,0.50816,1,stable
-8.8232,0.46632,1,stable
-9.29964,0.57496,1,stable
1.3654,0.4752,2,transition
-8.75096,0.49848,1,stable
-9.55112,0.48004,1,stable
-5.2208,0.42964,1,stable
-18.47252,0.39448,1,stable
-1.72984,0.38036,1,stable
-0.68568,0.38728,2,transition
3.68172,0.42536,0,convective
-25.09956,0.41036,1,stable
-13.09036,0.4396,1,stable
-17.071,0.49624,1,stable
-23.38188,0.46544,1,stable
-20.76988,0.4546,1,stable
-8.7632,0.4908,1,stable
-13.13176,0.43948,1,stable
-11.51196,0.53636,1,stable
-7.79716,0.55492,1,stable
-8.75184,0.5478,1,stable
-8.23252,0.49264,1,stable
-11.62404,0.5376,1,stable
2.56124,0.3732,0,convective
0.12536,0.35092,2,transition
5.99992,0.45364,0,convective
0.39844,0.40476,2,transition
1.24944,0.42324,2,transition
1.96212,0.45072,0,convective
-24.6704,0.42916,1,stable
-25.14824,0.43708,1,stable
-2.83424,0.30672,1,stable
-3.6288,0.61948,1,stable
-6.12436,0.3694,1,stable
-6.063,0.48576,1,stable
-5.39536,0.45108,1,stable
5.67296,0.28216,0,convective
-7.28748,0.45684,1,stable
-4.66984,0.4432,1,stable
-9.81176,0.41648,1,stable
1.83104,0.31984,0,convective
-0.48892,0.35872,2,transition
9.81292,0.32964,0,convective
-1.80908,0.39888,1,stable
6.43244,0.43252,0,convective
3.67012,0.4678,0,convective
3.80088,0.4408,0,convective
0.18616,0.33796,2,transition
-17.3396,-0.22088,1,stable
1.17752,-0.10932,2,transition
-5.86948,-0.11916,1,stable
-7.60256,-0.1054,1,stable
-4.17048,-0.0852,1,stable
-4.32148,-0.10208,1,stable
-3.57612,-0.10428,1,stable
-12.73944,-0.20524,1,stable
2.39644,0.10328,0,convective
0.48004,0.00152,2,transition
0.83196,-0.0022,2,transition
-29.29744,-1.75616,1,stable
-10.99868,-0.91056,1,stable
0.75924,-0.41828,2,transition
-9.36476,-0.88076,1,stable
-7.33936,-0.93412,1,stable
1.27456,-0.81436,2,transition
-9.3486,-0.9456,1,stable
-4.54832,-0.77428,1,stable
-10.04544,-1.16444,1,stable
6.2502,-0.60372,0,convective
-1.86316,-0.86268,1,stable
-6.52988,-1.01484,1,stable
0.1704,-0.81392,2,transition
1.65568,-0.74076,2,transition
-0.64388,-0.74664,2,transition
1.04256,-0.67112,2,transition
5.34316,-0.69168,0,convective
-2.1081125,15.9135275,2,transition
-1.6900875,3.0003525,2,transition
-0.3358275,-2.9665475,2,transition
-1.5106125,5.2145075,2,transition
-1.9874925,2.9053875,1,stable
-1.8114275,6.6630925,2,transition
-1.86887,4.16541,1,stable
-1.72016,2.82816,1,stable
-1.5773775,4.1401025,2,transition
-1.7423475,0.1208125,1,stable
-1.9659275,3.3101125,1,stable
-1.718175,1.117745,1,stable
-1.84216,4.68772,2,transition
-1.7674225,0.8298975,1,stable
-2.5039225,16.7791975,2,transition
-1.759855,1.261825,1,stable
-1.57071,-2.61327,2,transition
-1.52628,-3.31868,2,transition
-5.74222,-3.6341075,1,stable
-6.391615,-3.66006,1,stable
-2.96771,-1.86369,1,stable
-5.96554,-3.4698975,1,stable
-4.048535,-2.32419,1,stable
-3.718525,-2.2626375,1,stable
-5.03807,-2.83184,1,stable
-3.45745,-2.0587425,1,stable
-4.098155,-2.255995,1,stable
-4.32671,-2.6398075,1,stable
-3.255545,-1.684835,1,stable
-3.95421,-2.42793,1,stable
-3.669565,-2.1003325,1,stable
-2.58355,-1.8025825,1,stable
-4.020795,-2.40571,1,stable
-9.26238,-3.438295,1,stable
-5.32902,-2.20768,1,stable
-2.02459,-0.94652,1,stable
-6.68741,-2.70932,1,stable
-8.06249,-3.055075,1,stable
-7.10521,-2.52011,1,stable
-4.69657,-1.74361,1,stable
-6.60773,-2.449715,1,stable
-6.30484,-2.584775,1,stable
-6.74027,-2.851945,1,stable
-18.90249,-5.89183,2,transition
-17.67258,-5.56084,2,transition
-15.35622,-4.90228,2,transition
-18.52642,-5.71761,2,transition
-7.07538,-2.56055,1,stable
-7.81508,-2.71659,1,stable
-9.47936,-3.12586,1,stable
-9.26514,-3.07096,1,stable
-9.63324,-3.05229,1,stable
-9.62677,-2.96546,1,stable
-9.41949,-2.65554,1,stable
-9.73731,-2.91078,1,stable
-8.28154,-2.7689,1,stable
-21.79703,-5.62153,2,transition
-26.15611,-6.37452,2,transition
-15.20968,-3.29884,1,stable
-11.98915,-3.76732,1,stable
-7.79813,-1.82573,1,stable
-13.33563,-4.14366,1,stable
-13.77239,-4.29447,1,stable
-15.12476,-2.8088,1,stable
-14.64157,-3.87848,1,stable
-11.43567,-2.77919,1,stable
-8.64319,-2.44318,1,stable
-10.92476,-2.49315,1,stable
-30.84438,-5.52446,2,transition
-27.1626,-4.89197,2,transition
-27.26288,-4.91828,2,transition
-20.77016,-3.67605,1,stable
-28.36662,-4.93041,2,transition
-18.4217,-3.58365,1,stable
-18.15068,-3.59773,1,stable
-19.53134,-3.78285,1,stable
-15.5686,-2.85261,1,stable
-19.45336,-3.52158,1,stable
-19.31778,-3.33886,1,stable
-11.48486,-1.43018,1,stable
-13.05418,-1.88134,1,stable
-12.73052,-1.54555,1,stable
-13.81442,-1.60851,1,stable
-11.42268,-1.18577,1,stable
-36.79231,-4.89391,2,transition
-20.38545,-1.96375,1,stable
-20.06445,-1.91377,1,stable
-18.20363,-2.54059,1,stable
-17.41821,-2.54849,1,stable
-18.41241,-4.18423,1,stable
-19.22435,-4.21603,1,stable
-18.35819,-3.42619,1,stable
-18.48203,-4.03489,1,stable
-17.69817,-3.82009,1,stable
-18.13257,-2.87383,1,stable
-14.46875,-2.65865,1,stable
-12.77167,-1.49609,1,stable
-36.92706,-3.26089,1,stable
-15.15612,-0.43175,1,stable
-33.77734,-2.54613,1,stable
-20.3554,-1.02811,1,stable
-16.71178,-0.66365,1,stable
-24.505,-1.26221,1,stable
-21.64918,-1.26033,1,stable
-21.80714,-1.26761,1,stable
-24.87596,-1.54643,1,stable
-18.93702,-1.03465,1,stable
-24.45398,-1.84731,1,stable
-24.16678,-1.82571,1,stable
-20.56066,-1.66413,1,stable
-25.27858,-2.38975,1,stable
-21.26694,-2.08981,1,stable
-23.32464,-2.79883,1,stable
-20.77052,-2.28849,1,stable
-17.38814,-1.60495,1,stable
-18.75744,-2.21087,1,stable
-20.41606,-2.78157,1,stable
-19.01392,-2.71633,1,stable
-19.79636,-2.04711,1,stable
-13.6472,-0.87553,1,stable
-45.91356,-2.18246,1,stable
-25.35396,-1.01768,1,stable
-25.3421,-0.8371,1,stable
-24.29934,-0.70614,1,stable
-18.16516,-0.3121,1,stable
-25.62448,-0.74852,1,stable
-20.5035,-0.29424,1,stable
-25.88446,-0.49852,1,stable
-24.44198,-0.59116,1,stable
-25.35878,-0.43142,1,stable
-25.99474,-0.71616,1,stable
-14.0251,-0.51538,1,stable
-21.68278,-0.491,1,stable
-20.77342,-0.11606,1,stable
-13.5711,0.07616,1,stable
-20.60696,-0.28832,1,stable
-36.00355,-0.46807,1,stable
-8.97993,0.93139,1,stable
-27.17867,-0.11829,1,stable
-24.10827,0.10285,1,stable
-20.61111,0.00035,1,stable
-21.03435,0.00571,1,stable
-24.57957,-0.16757,1,stable
-25.56219,0.32227,1,stable
-23.02525,0.52891,1,stable
-25.66723,0.04703,1,stable
-17.01447,0.59771,1,stable
-20.37313,0.39951,1,stable
-10.56907,0.95949,1,stable
-17.58419,0.58153,1,stable
-16.65129,0.55431,1,stable
-16.29891,0.59847,1,stable
-28.69063,1.40546,1,stable
-23.50501,1.49438,1,stable
-23.30069,1.35266,1,stable
-15.86369,1.1047,1,stable
-21.15201,0.98694,1,stable
-15.76707,1.25762,1,stable
-22.12051,1.17708,1,stable
-18.34825,1.24562,1,stable
-19.45143,1.03836,1,stable
-24.96493,0.7023,1,stable
-26.71655,0.99288,1,stable
-17.67921,1.0991,1,stable
-9.17989,1.38918,1,stable
-15.94109,0.84302,1,stable
-14.26393,1.2623,1,stable
-42.59815,0.7102,1,stable
-16.47651,1.3606,1,stable
-36.96227,0.80558,1,stable
-10.65615,1.29254,1,stable
-21.14473,1.4724,1,stable
-17.86293,1.43004,1,stable
-16.36881,1.34494,1,stable
-19.33109,1.36184,1,stable
-14.51363,1.25344,1,stable
-15.55063,1.27498,1,stable
-17.47375,1.06228,1,stable
-22.33197,1.0053,1,stable
-18.21659,1.1377,1,stable
-18.62381,1.03648,1,stable
-23.12679,1.19928,1,stable
-17.22301,1.06426,1,stable
-16.27343,1.01154,1,stable
-9.81391,1.13642,1,stable
-36.43262,0.80441,1,stable
-19.15458,1.54497,1,stable
-14.18502,1.25309,1,stable
-19.9459,0.96115,1,stable
-21.5057,1.00213,1,stable
-19.3289,1.16717,1,stable
-14.41494,1.13569,1,stable
-17.82386,1.08985,1,stable
-19.2059,0.99319,1,stable
-16.23866,0.98435,1,stable
-18.77438,0.99223,1,stable
-9.45674,1.05539,1,stable
-14.22342,1.01719,1,stable
-10.17254,1.00739,1,stable
-14.3567,0.86437,1,stable
-13.81958,0.95973,1,stable
-36.75923,0.75535,1,stable
-16.60579,0.74399,1,stable
-34.69859,0.72059,1,stable
-14.02903,1.09619,1,stable
-20.83259,0.76851,1,stable
-26.18667,0.85695,1,stable
-13.97643,1.03687,1,stable
-15.66327,0.80319,1,stable
-9.79427,0.97499,1,stable
-17.22883,0.77283,1,stable
-12.83119,0.79811,1,stable
-11.92971,0.95943,1,stable
-9.44575,0.94263,1,stable
-40.42944,0.69607,1,stable
-39.49244,0.72275,1,stable
-38.97496,0.74139,1,stable
-30.45816,0.86699,1,stable
-21.77204,0.90599,1,stable
-17.2922,1.01787,1,stable
-25.38736,0.79931,1,stable
-13.79184,0.76743,1,stable
-17.43808,0.73827,1,stable
-9.44664,0.77027,1,stable
-15.2578,0.81467,1,stable
-14.84328,0.79615,1,stable
-13.26968,0.67471,1,stable
-16.15128,0.78135,1,stable
-13.52556,0.81071,1,stable
-13.6132,0.80695,1,stable
-14.74156,0.85067,1,stable
-35.9848,0.77192,1,stable
-20.59576,0.76596,1,stable
-22.39572,0.83876,1,stable
-33.21708,0.7564,1,stable
-9.49208,0.83656,1,stable
-14.83408,0.68524,1,stable
-15.43304,0.86304,1,stable
-14.0918,0.87292,1,stable
-11.01168,0.7626,1,stable
-11.69668,0.8646,1,stable
-7.71464,0.92548,1,stable
-30.52676,0.67968,1,stable
-38.0938,0.77536,1,stable
-36.75432,0.74852,1,stable
-20.89884,0.72956,1,stable
-22.2642,0.80188,1,stable
-20.07656,0.7802,1,stable
-14.9402,0.64452,1,stable
-12.14072,0.66092,1,stable
-17.82248,0.70172,1,stable
-19.97336,0.74196,1,stable
-7.95016,0.73388,1,stable
-13.93992,0.61308,1,stable
-14.8924,0.75916,1,stable
-13.25632,0.76248,1,stable
-13.07672,0.72912,1,stable
-11.08264,0.717,1,stable
-12.08852,0.7618,1,stable
-13.48964,0.83128,1,stable
-10.84984,0.79788,1,stable
-8.91672,0.92384,1,stable
-12.22744,0.96948,1,stable
-36.847,0.6214,1,stable
-21.00776,0.57756,1,stable
-15.03128,0.662,1,stable
-3.07736,0.34088,1,stable
-24.43776,0.6266,1,stable
-11.52112,0.6196,1,stable
-23.27344,0.61576,1,stable
-10.04496,0.5154,1,stable
-11.5718,0.65444,1,stable
-12.69196,0.62256,1,stable
-4.58912,0.5722,1,stable
-7.48376,0.68952,1,stable
-11.18252,0.67516,1,stable
-11.00232,0.66956,1,stable
-4.14572,0.66736,1,stable
-9.8684,0.721,1,stable
-13.58516,0.54412,1,stable
-31.65964,0.43712,1,stable
-32.11492,0.42728,1,stable
-24.00668,0.4074,1,stable
-11.91736,0.201,1,stable
-22.2288,0.38556,1,stable
-11.77948,0.19852,1,stable
-18.15396,0.52624,1,stable
-13.0434,0.48476,1,stable
-13.95216,0.32212,1,stable
-12.33468,0.2988,1,stable
-10.82972,0.24732,1,stable
-23.87544,0.21148,1,stable
-7.90036,0.27276,1,stable
-3.39176,0.38408,1,stable
-9.9252,0.49632,1,stable
-4.47836,0.32692,1,stable
-9.18592,0.51072,1,stable
-10.33976,0.33844,1,stable
-5.30128,0.35628,1,stable
-36.4718,0.38712,1,stable
-24.35464,0.2862,1,stable
-16.10016,0.34164,1,stable
-36.58144,0.41308,1,stable
-17.02084,0.28256,1,stable
-3.9658,0.13936,1,stable
-5.71692,0.291,1,stable
-26.20892,0.3172,1,stable
-13.22904,0.29236,1,stable
-9.16896,0.31488,1,stable
-18.74792,0.36592,1,stable
-15.2828,0.26304,1,stable
-10.59768,0.30996,1,stable
-14.8678,0.3608,1,stable
-19.1386,0.35288,1,stable
-9.7954,0.03688,1,stable
-12.02212,0.32016,1,stable
-13.46412,0.39012,1,stable
-12.02728,0.3074,1,stable
-10.32024,0.31372,1,stable
-11.62116,0.38804,1,stable
-4.0246,0.41152,1,stable
-9.95008,0.477,1,stable
-8.83412,0.50228,1,stable
-26.99024,0.29296,1,stable
-6.24464,0.526,1,stable
-31.16972,0.35548,1,stable
-6.21892,0.3582,1,stable
-17.4576,0.35304,1,stable
-12.14096,0.45736,1,stable
-6.83304,0.39012,1,stable
-11.87028,0.33216,1,stable
-13.31576,0.28788,1,stable
-12.7532,0.35136,1,stable
-30.94668,0.355,1,stable
1.21464,0.12704,2,transition
-30.18364,0.3544,1,stable
-15.56364,0.4948,1,stable
-12.17632,0.31936,1,stable
-23.44732,0.44788,1,stable
-17.81284,0.3992,1,stable
-14.34916,0.52152,1,stable
-3.283,0.3212,1,stable
-12.68688,0.37024,1,stable
-11.35916,0.33808,1,stable
-12.19736,0.361,1,stable
-9.35692,0.41256,1,stable
-3.71556,0.45896,1,stable
-10.059,0.35792,1,stable
-4.62964,0.45084,1,stable
-37.0014,-0.22936,1,stable
-20.19196,-0.01584,1,stable
-5.80564,0.08356,1,stable
-9.69068,0.04744,1,stable
-13.20932,0.04468,1,stable
-24.36412,0.00444,1,stable
-6.76408,0.14652,1,stable
-27.24588,-0.02112,1,stable
-19.48536,0.3302,1,stable
-21.67924,0.30736,1,stable
-10.81716,-0.00168,1,stable
-11.02712,0.13404,1,stable
-16.6274,0.09532,1,stable
-15.51336,-0.04408,1,stable
-10.43648,0.02964,1,stable
-11.37128,-0.04732,1,stable
-12.7522,0.06728,1,stable
-5.60764,-0.01604,1,stable
-6.74512,-0.04148,1,stable
-2.27724,-0.04876,1,stable
-8.52768,0.12424,1,stable
-7.25768,0.36688,1,stable
-8.88688,0.181,1,stable
-18.70224,-1.14632,1,stable
-3.71932,-0.53148,1,stable
-17.5918,-0.55952,1,stable
-5.33592,-0.49492,1,stable
-14.80852,-0.27928,1,stable
-11.39492,-0.1214,1,stable
-10.21304,-0.55716,1,stable
-12.20804,-0.18984,1,stable
-13.39632,-0.75276,1,stable
-11.2794,-0.24104,1,stable
-9.57732,-0.64204,1,stable
-24.42876,-1.01244,1,stable
-13.72128,-0.49316,1,stable
-13.44844,-0.47036,1,stable
-3.55568,-0.39096,1,stable
-2.2898125,26.4332675,2,transition
-1.9185275,19.1857925,2,transition
-1.993515,23.593405,2,transition
-1.3324325,2.4236075,2,transition
-0.9317025,9.3709375,2,transition
-1.525075,26.275285,2,transition
-1.103175,10.243225,2,transition
-0.585085,10.031475,2,transition
-0.7047475,8.4934125,2,transition
-0.7011825,10.4922175,2,transition
-0.4035525,7.8967275,2,transition
-1.0191075,9.8700525,2,transition
-1.5209825,2.0346975,2,transition
0.093635,7.115435,2,transition
-0.2682675,6.5640125,2,transition
-1.6032125,5.0100275,2,transition
-7.07718,-4.3977175,1,stable
-4.47186,-2.8584575,1,stable
-3.40383,-2.22041,1,stable
-1.61722,-1.034905,2,transition
-3.65864,-2.6314875,1,stable
-3.22105,-2.061525,1,stable
-3.401475,-2.7219275,1,stable
-2.98637,-2.12847,1,stable
-3.0968,-2.1996175,1,stable
-3.9618,-2.484535,1,stable
-2.84486,-1.9604225,1,stable
-3.537285,-2.3416525,1,stable
-3.36801,-2.1640975,1,stable
-3.17873,-2.1090025,1,stable
-3.182015,-2.02466,1,stable
-1.449475,-1.00173,2,transition
-1.71612,-1.1506175,1,stable
-2.888585,-1.9679225,1,stable
-3.959585,-2.13248,1,stable
-2.633305,-1.7658775,1,stable
-2.289385,-1.625015,1,stable
-10.00459,-3.675505,1,stable
-9.16094,-3.42906,1,stable
-8.06038,-3.13403,1,stable
-6.1139,-2.86185,1,stable
-6.37411,-2.71547,1,stable
-4.93999,-2.110265,1,stable
-6.68539,-2.52825,1,stable
-4.42867,-1.74088,1,stable
-5.91503,-2.25109,1,stable
-4.86268,-2.317725,1,stable
-5.09046,-2.40673,1,stable
-3.93714,-1.976815,1,stable
-16.35627,-5.4865,2,transition
-15.46962,-4.51464,1,stable
-13.52492,-3.895,1,stable
-10.97241,-3.18079,1,stable
-6.93805,-2.30308,1,stable
-9.53559,-2.92436,1,stable
-8.39737,-2.81345,1,stable
-9.64823,-3.03325,1,stable
-10.23174,-3.20278,1,stable
-8.839,-2.91913,1,stable
-5.10812,-1.62882,1,stable
-9.11923,-2.97907,1,stable
-6.53624,-2.27403,1,stable
-9.77477,-3.10022,1,stable
-7.27737,-2.62667,1,stable
-7.87525,-2.83051,1,stable
-8.33022,-2.69566,1,stable
-17.60154,-4.6817,2,transition
-14.48961,-3.90105,1,stable
-18.1084,-4.9234,2,transition
-4.82367,-1.44302,1,stable
-10.50915,-3.024,1,stable
-12.72918,-3.55451,1,stable
-10.73617,-3.16016,1,stable
-10.43088,-2.7455,1,stable
-10.75192,-2.78986,1,stable
-15.50999,-4.17574,1,stable
-10.7468,-2.70554,1,stable
-11.14365,-2.98103,1,stable
-11.36986,-2.70765,1,stable
-11.2313,-2.60245,1,stable
-11.23322,-2.68167,1,stable
-10.86056,-2.69107,1,stable
-7.29764,-1.75842,1,stable
-23.02849,-4.97669,2,transition
-27.17303,-6.2856,2,transition
-23.78847,-5.68007,2,transition
-27.23887,-6.14555,2,transition
-8.87037,-2.52545,1,stable
-15.41311,-3.99155,1,stable
-16.86283,-4.13365,1,stable
-17.02161,-4.36281,1,stable
-14.35699,-3.34634,1,stable
-8.61425,-1.9836,1,stable
-14.14375,-3.12434,1,stable
-13.07719,-2.57449,1,stable
-13.58227,-2.6507,1,stable
-13.80623,-2.53646,1,stable
-28.65644,-4.07263,1,stable
-30.32502,-4.56235,1,stable
-18.05588,-2.59787,1,stable
-26.8451,-4.18209,1,stable
-20.16746,-3.05943,1,stable
-25.42132,-4.62395,2,transition
-21.50692,-3.26427,1,stable
-20.85882,-3.58609,1,stable
-15.57544,-2.18653,1,stable
-16.29742,-2.21619,1,stable
-16.65112,-2.61389,1,stable
-18.36784,-2.74611,1,stable
-19.01306,-2.71875,1,stable
-17.224,-2.57829,1,stable
-17.84476,-2.52905,1,stable
-15.98294,-2.39573,1,stable
-14.5959,-2.20567,1,stable
-13.92712,-1.45973,1,stable
-13.24472,-1.56819,1,stable
-11.70176,-0.83661,1,stable
-33.32117,-5.40147,2,transition
-15.56673,-2.79137,1,stable
-36.99003,-4.87751,2,transition
-35.35049,-5.02547,2,transition
-20.60875,-2.61691,1,stable
-31.02773,-4.18263,1,stable
-22.52669,-3.70127,1,stable
-22.75311,-2.47701,1,stable
-21.84145,-1.76303,1,stable
-19.41925,-1.23585,1,stable
-20.12915,-1.94101,1,stable
-17.39319,-1.09577,1,stable
-23.82699,-3.71281,1,stable
-16.33317,-2.40605,1,stable
-15.29285,-0.15543,1,stable
-14.59621,-0.26391,1,stable
-17.60443,-1.32701,1,stable
-17.26345,-0.67421,1,stable
-15.95006,-0.38333,1,stable
-31.78844,-1.27869,1,stable
-40.35308,-3.65229,1,stable
-30.79812,-1.85441,1,stable
-26.9772,-1.04293,1,stable
-36.49362,-2.88911,1,stable
-22.0934,-0.28593,1,stable
-22.74166,-1.39891,1,stable
-19.0831,-0.29009,1,stable
-20.19214,-1.23891,1,stable
-19.62428,-0.20503,1,stable
-19.1148,-0.18529,1,stable
-25.2102,-1.38321,1,stable
-18.34194,0.25349,1,stable
-14.6685,0.34993,1,stable
-17.68526,-0.42197,1,stable
-49.27774,-2.06696,1,stable
-42.76454,-0.07088,1,stable
-27.17682,0.34528,1,stable
-29.45896,0.30796,1,stable
-46.28266,-1.64618,1,stable
-15.52856,0.33534,1,stable
-25.01164,0.30328,1,stable
-27.6269,-0.188,1,stable
-21.33602,-0.04122,1,stable
-18.30528,-0.12122,1,stable
-19.77186,-0.13904,1,stable
-18.24962,0.3407,1,stable
-17.38534,0.21992,1,stable
-15.50622,0.26778,1,stable
-18.63018,0.09972,1,stable
-13.33024,0.5554,1,stable
-14.2255,0.443,1,stable
-17.48996,0.14066,1,stable
-12.56958,0.42034,1,stable
-12.7184,0.37764,1,stable
-16.43822,-0.05362,1,stable
-46.59973,-0.17295,1,stable
-43.99487,0.22865,1,stable
-42.17935,0.58519,1,stable
-29.40909,0.59859,1,stable
-34.57371,0.48907,1,stable
-19.57031,0.75273,1,stable
-23.85319,0.41511,1,stable
-40.82651,-0.24469,1,stable
-25.54251,0.39635,1,stable
-19.73619,0.58867,1,stable
-24.34583,0.32147,1,stable
-18.52817,0.40695,1,stable
-17.23383,0.67293,1,stable
-20.88951,0.79579,1,stable
-17.01467,0.55025,1,stable
-18.99169,0.60679,1,stable
-16.13229,0.61467,1,stable
-15.56881,0.71113,1,stable
-15.41045,1.02777,1,stable
-27.38187,0.83726,1,stable
-45.96437,0.1695,1,stable
-36.04379,0.90254,1,stable
-22.03327,0.9638,1,stable
-41.01341,0.25014,1,stable
-30.42631,0.79718,1,stable
-20.29043,0.61202,1,stable
-17.51759,0.58764,1,stable
-36.39805,0.29206,1,stable
-33.92031,0.35082,1,stable
-24.86051,0.682,1,stable
-13.39739,0.49922,1,stable
-26.64785,0.53804,1,stable
-17.28571,0.5706,1,stable
-13.50345,0.6673,1,stable
-12.21377,0.66484,1,stable
-11.90389,0.67168,1,stable
-13.28229,0.64798,1,stable
-14.51461,0.89584,1,stable
-30.717,0.66955,1,stable
-34.3211,0.81607,1,stable
-29.42842,0.46909,1,stable
-40.20572,0.37147,1,stable
-34.32,0.41335,1,stable
-20.13496,0.68879,1,stable
-26.18272,0.60579,1,stable
-19.03006,0.56817,1,stable
-18.12772,0.67965,1,stable
-18.51816,0.67365,1,stable
-25.05262,0.61705,1,stable
-18.8077,0.82727,1,stable
-16.82936,0.52337,1,stable
-15.4917,0.59347,1,stable
-16.68646,0.64645,1,stable
-15.3146,0.64265,1,stable
-13.52714,0.66113,1,stable
-11.10562,0.65551,1,stable
-11.04282,0.80387,1,stable
-42.32424,0.52372,1,stable
-38.88338,0.70362,1,stable
-24.95092,0.58926,1,stable
-36.11976,0.5678,1,stable
-24.61182,0.63486,1,stable
-20.23774,0.73204,1,stable
-16.49792,0.5036,1,stable
-10.61292,0.27596,1,stable
-22.96794,0.49538,1,stable
-26.4294,0.48808,1,stable
-17.8441,0.67406,1,stable
-17.22048,0.56134,1,stable
-14.44866,0.82054,1,stable
-21.54062,0.51412,1,stable
-16.19122,0.53658,1,stable
-12.11098,0.68262,1,stable
-12.83212,0.56596,1,stable
-9.84398,0.66272,1,stable
-14.58294,0.8687,1,stable
-14.78188,0.75522,1,stable
-12.87282,0.70928,1,stable
-41.85238,0.47186,1,stable
-25.88936,0.83494,1,stable
-25.25922,0.58312,1,stable
-19.55386,0.68388,1,stable
-33.5516,0.39186,1,stable
-36.00256,0.40286,1,stable
-22.8401,0.49776,1,stable
-19.18208,0.5149,1,stable
-26.35714,0.4498,1,stable
-18.37204,0.53776,1,stable
-20.24212,0.52438,1,stable
-22.59338,0.49422,1,stable
-12.18874,0.39704,1,stable
-8.81792,0.54128,1,stable
-11.00646,0.5351,1,stable
-15.84624,0.4942,1,stable
-14.9115,0.55752,1,stable
-14.04078,0.7411,1,stable
-13.0796,0.71552,1,stable
-34.4284,0.52818,1,stable
-39.6612,0.4206,1,stable
-33.11888,0.43272,1,stable
-20.41128,0.51812,1,stable
-18.45952,0.5064,1,stable
-17.99684,0.47636,1,stable
-22.75264,0.53696,1,stable
-26.44528,0.44282,1,stable
-19.3492,0.46044,1,stable
-15.95212,0.47576,1,stable
-16.12804,0.55796,1,stable
-15.36572,0.5402,1,stable
-16.0974,0.51776,1,stable
-10.99108,0.53262,1,stable
-16.00508,0.5015,1,stable
-17.2796,0.47688,1,stable
-11.8492,0.54794,1,stable
-11.8032,0.57926,1,stable
-12.26104,0.55616,1,stable
-8.33864,0.73776,1,stable
-12.82756,0.86336,1,stable
-11.56756,0.6914,1,stable
-44.40092,0.3724,1,stable
-40.44808,0.40448,1,stable
-32.90452,0.52892,1,stable
-27.21828,0.49712,1,stable
-35.15204,0.38668,1,stable
-15.21128,0.48856,1,stable
-15.65848,0.42688,1,stable
-20.07952,0.4788,1,stable
-7.7734,0.42812,1,stable
-15.4114,0.49792,1,stable
-11.72564,0.53144,1,stable
-10.80588,0.58208,1,stable
-12.33008,0.61324,1,stable
-11.7768,0.64812,1,stable
-21.59752,0.56364,1,stable
-20.69256,0.41064,1,stable
-14.65244,0.60604,1,stable
-14.21484,0.5192,1,stable
-9.5998,0.41764,1,stable
-14.65536,0.46052,1,stable
-15.08624,0.4604,1,stable
-18.28596,0.47064,1,stable
-12.89904,0.4902,1,stable
-10.11448,0.62324,1,stable
-33.41116,0.06176,1,stable
-39.9982,-0.2902,1,stable
-11.04564,-0.0036,1,stable
-18.17308,0.21884,1,stable
-20.96704,0.19368,1,stable
-16.56804,0.1902,1,stable
-19.3398,0.2552,1,stable
-15.65248,0.28764,1,stable
-11.79828,0.32224,1,stable
-6.89064,0.43632,1,stable
-9.75504,0.42628,1,stable
-44.50832,-0.12104,1,stable
-20.27816,0.17396,1,stable
-15.70324,0.32552,1,stable
-26.26464,0.25132,1,stable
-20.28728,0.27092,1,stable
-25.25108,0.17052,1,stable
-14.1214,0.16784,1,stable
-19.67428,0.18628,1,stable
-15.20152,0.06048,1,stable
-11.60684,-0.16544,1,stable
-9.46592,0.07816,1,stable
-15.65,0.26844,1,stable
-13.8696,0.11132,1,stable
-12.59624,0.19976,1,stable
-8.57672,0.3672,1,stable
-17.05004,0.4264,1,stable
-37.44712,0.31292,1,stable
-23.81176,0.34308,1,stable
-15.8954,0.30884,1,stable
-8.69768,-0.09536,1,stable
-20.54492,0.38104,1,stable
-13.84388,0.21972,1,stable
-10.75168,0.10404,1,stable
-14.14596,0.20716,1,stable
-9.3772,0.10944,1,stable
-9.89056,0.2014,1,stable
-10.46716,0.06524,1,stable
-10.8866,0.1404,1,stable
-9.4202,0.302,1,stable
-11.06096,0.27208,1,stable
-8.0878,0.34652,1,stable
-48.45596,-0.01648,1,stable
-26.49576,0.43524,1,stable
-35.9432,0.36128,1,stable
-19.02596,0.4314,1,stable
-14.89004,0.21956,1,stable
-12.22996,-0.2294,1,stable
-33.92832,0.50568,1,stable
-17.08324,0.36844,1,stable
-16.74356,0.22184,1,stable
-15.69996,0.25032,1,stable
-12.04412,0.32372,1,stable
-14.31212,0.2914,1,stable
-14.43588,0.1502,1,stable
-20.78552,0.10956,1,stable
-13.5056,0.26648,1,stable
-13.15324,0.2578,1,stable
-9.8488,0.30752,1,stable
-11.11188,0.13964,1,stable
-9.80244,0.08812,1,stable
-10.62316,0.26344,1,stable
-7.10972,0.16728,1,stable
-10.55024,0.2334,1,stable
-9.7418,0.17948,1,stable
-5.82612,0.2076,1,stable
-8.49716,0.26732,1,stable
-10.21536,0.22584,1,stable
-26.12476,0.371,1,stable
-12.20152,-0.01616,1,stable
-17.24028,0.28748,1,stable
-25.15124,0.24628,1,stable
-15.19792,-0.35084,1,stable
-19.56528,0.15528,1,stable
-13.66816,-0.05836,1,stable
-14.68352,-0.24764,1,stable
-19.79996,-0.41888,1,stable
-15.54612,-0.39224,1,stable
-12.07112,0.14564,1,stable
-8.46508,-0.337,1,stable
-10.63012,-0.07988,1,stable
-8.99124,-0.33056,1,stable
-9.4758,-0.31512,1,stable
-28.37332,0.04788,1,stable
-22.4304,-0.31708,1,stable
-35.6628,0.04092,1,stable
-23.38488,-0.05168,1,stable
-34.316,0.02508,1,stable
-21.40504,-0.02216,1,stable
-19.71104,-0.03272,1,stable
-33.62168,0.06684,1,stable
-19.07072,-0.11068,1,stable
-14.17376,-0.39,1,stable
-15.62444,-0.02696,1,stable
-14.61948,-0.20044,1,stable
-18.43056,-0.02896,1,stable
-14.05968,0.1768,1,stable
-10.46612,0.00048,1,stable
-1.07498,19.67286,2,transition
-0.120955,19.988245,2,transition
-1.446595,17.694605,2,transition
-0.08696,26.60284,2,transition
-1.72685,11.41823,2,transition
-2.01135,10.33913,2,transition
-2.155665,9.035895,2,transition
-0.044505,10.505695,2,transition
-0.271315,8.248085,2,transition
-1.649705,10.049175,2,transition
-3.54249,-2.38921,1,stable
-5.830475,-3.654915,1,stable
-1.087125,-1.353175,2,transition
-2.524015,-2.226975,1,stable
-4.357665,-2.93519,1,stable
-5.685015,-3.430305,1,stable
-2.112885,-1.46828,1,stable
0.293895,-0.02166,2,transition
-5.180495,-3.038385,1,stable
-12.30198,-5.490425,2,transition
-2.47363,-2.028515,1,stable
-3.94263,-2.051785,1,stable
-7.66235,-3.304685,1,stable
-4.75846,-3.16742,1,stable
-9.14625,-3.7401,1,stable
-2.75545,-2.597685,1,stable
-5.78908,-3.291285,1,stable
-4.8288,-3.171185,1,stable
-5.74711,-2.93153,1,stable
-7.3904,-3.392995,1,stable
-8.70582,-3.651535,1,stable
-8.05272,-3.08097,1,stable
-3.38017,-2.254665,1,stable
-3.89776,-2.481165,1,stable
-3.09599,-1.56474,1,stable
-4.22619,-1.94651,1,stable
-5.0462,-2.36141,1,stable
-5.20409,-2.16283,1,stable
-6.34171,-2.13664,1,stable
-5.73093,-2.49342,1,stable
-10.38811,-3.80353,1,stable
-12.93333,-4.02665,1,stable
-5.17049,-2.41504,1,stable
-10.55276,-4.0467,1,stable
-13.21951,-4.4213,1,stable
-6.05046,-2.47746,1,stable
-7.15456,-2.81112,1,stable
-12.26418,-4.00357,1,stable
-10.62575,-3.68675,1,stable
-14.58571,-4.55401,1,stable
-13.39341,-4.14704,1,stable
-12.75783,-3.32039,1,stable
-13.60049,-3.78171,1,stable
-11.01431,-4.37457,1,stable
-10.00975,-4.01047,1,stable
-14.37127,-3.98316,1,stable
-14.17643,-3.77003,1,stable
-13.63161,-3.64449,1,stable
-12.18565,-3.87657,1,stable
-18.85785,-4.25046,1,stable
-7.03953,-2.4709,1,stable
-15.50629,-3.95926,1,stable
-15.04147,-3.55463,1,stable
-15.06699,-3.40669,1,stable
-8.29497,-2.66895,1,stable
-13.45815,-3.17427,1,stable
-16.81301,-3.9789,1,stable
-16.45231,-3.78065,1,stable
-18.5391,-3.95339,1,stable
-14.78144,-3.58115,1,stable
-19.14794,-3.24107,1,stable
-16.32242,-3.49861,1,stable
-15.82136,-2.93771,1,stable
-12.09434,-2.78901,1,stable
-15.59198,-3.17255,1,stable
-15.22562,-2.91517,1,stable
-10.80904,-2.15245,1,stable
-14.89452,-2.70887,1,stable
-17.4922,-2.97017,1,stable
-18.74106,-3.13485,1,stable
-5.53912,-1.06409,1,stable
-8.27732,-1.23779,1,stable
-22.7008,-3.36565,1,stable
-18.37136,-2.52851,1,stable
-20.57206,-2.86751,1,stable
-16.55098,-2.27425,1,stable
-17.65494,-2.05613,1,stable
-19.01236,-2.39465,1,stable
-10.38499,-0.20897,1,stable
-15.65453,-0.81351,1,stable
-27.92035,-2.59357,1,stable
-14.93575,-0.87467,1,stable
-17.20225,-1.02393,1,stable
-20.57623,-1.37213,1,stable
-10.08797,-0.15025,1,stable
-8.76385,-0.06283,1,stable
-11.73957,-1.13123,1,stable
-21.88077,-2.50019,1,stable
-20.18151,-1.19159,1,stable
-14.80299,-1.92239,1,stable
-16.43761,-2.08747,1,stable
-19.18003,-1.87001,1,stable
-21.44445,-2.49809,1,stable
-13.43873,-2.19465,1,stable
-17.42447,-2.48975,1,stable
-18.31585,-2.45173,1,stable
-10.99778,0.06395,1,stable
-12.22582,-0.08065,1,stable
-11.7406,-0.28213,1,stable
-13.88376,-0.30261,1,stable
-16.88166,-0.55011,1,stable
-14.06006,-0.50023,1,stable
-17.81194,-0.91793,1,stable
-10.51354,-0.04099,1,stable
-15.90514,-0.40471,1,stable
-9.54464,-0.14191,1,stable
-22.29968,-0.93749,1,stable
-12.38698,-0.70881,1,stable
-20.978,-1.40423,1,stable
-19.57964,-0.77353,1,stable
-19.36562,-1.11101,1,stable
-10.8907,-0.65919,1,stable
-14.99906,-1.44753,1,stable
-14.11162,-1.30989,1,stable
-17.06922,-1.20485,1,stable
-13.01816,-1.22581,1,stable
-19.25608,-0.28933,1,stable
-14.00846,-1.20597,1,stable
-22.49316,-0.88173,1,stable
-11.808,-1.07121,1,stable
-22.06866,-0.3205,1,stable
-29.48838,-0.10906,1,stable
-15.49072,0.41442,1,stable
-15.0145,0.25074,1,stable
-11.59138,0.54328,1,stable
-20.5168,0.15836,1,stable
-28.61704,-0.48224,1,stable
-13.90552,-0.54748,1,stable
-14.60228,0.45664,1,stable
-26.26464,-0.2651,1,stable
-15.26112,-0.45026,1,stable
-14.77348,0.18304,1,stable
-17.84946,0.20976,1,stable
-18.07248,0.8234,1,stable
-21.58721,0.48145,1,stable
-15.07993,0.53141,1,stable
-11.31401,0.30115,1,stable
-8.55869,0.82137,1,stable
-13.25421,0.71877,1,stable
-17.06489,0.72523,1,stable
-13.73469,0.44417,1,stable
-12.30493,0.75519,1,stable
-6.94857,0.25787,1,stable
-13.76477,1.04177,1,stable
-24.07709,0.60843,1,stable
-11.77133,1.03211,1,stable
-16.43397,1.02039,1,stable
-18.78513,1.04785,1,stable
-12.71329,1.13099,1,stable
-19.67897,1.14565,1,stable
-17.41741,0.9156,1,stable
-17.07973,0.90892,1,stable
-9.43629,0.603,1,stable
-18.00681,0.98,1,stable
-20.79265,0.96628,1,stable
-13.04909,0.8116,1,stable
-12.58913,0.91056,1,stable
-24.80005,0.96508,1,stable
-12.32437,0.8558,1,stable
-19.37605,1.0474,1,stable
-17.18465,1.076,1,stable
-14.22758,0.72835,1,stable
-21.78266,0.66395,1,stable
-16.14742,0.70783,1,stable
-9.17346,0.45439,1,stable
-8.17654,0.62371,1,stable
-12.68058,0.35811,1,stable
-15.95546,0.68735,1,stable
-11.37846,0.31003,1,stable
-8.34406,0.19555,1,stable
-16.1015,0.45583,1,stable
-15.06562,0.76839,1,stable
-18.11014,0.82939,1,stable
-18.01902,0.82075,1,stable
-23.06954,0.80015,1,stable
-13.18778,0.64311,1,stable
-12.99354,0.75463,1,stable
-17.00998,0.83615,1,stable
-10.36618,0.61367,1,stable
-11.99746,0.74219,1,stable
-13.11866,0.46991,1,stable
-15.26858,0.86903,1,stable
-10.76922,0.48619,1,stable
-18.9505,0.92967,1,stable
-19.89446,0.95867,1,stable
-18.86734,0.92431,1,stable
-15.3233,0.91615,1,stable
-15.41585,0.73157,1,stable
-12.59341,0.83221,1,stable
-15.30477,0.85745,1,stable
-14.16049,0.86853,1,stable
-17.70149,0.87881,1,stable
-12.33309,0.85469,1,stable
-14.45317,0.93933,1,stable
-21.11697,0.92329,1,stable
-13.03869,0.90201,1,stable
-18.75173,1.01737,1,stable
-15.74309,0.96597,1,stable
-13.76165,0.94357,1,stable
-9.66397,0.81165,1,stable
-17.69151,0.70278,1,stable
-19.36615,0.66786,1,stable
-23.19899,1.34706,1,stable
-14.67215,0.7437,1,stable
-9.10711,0.55082,1,stable
-6.64647,0.48186,1,stable
-16.61859,0.83078,1,stable
-18.60323,0.89518,1,stable
-20.23415,0.9243,1,stable
-7.38275,0.70018,1,stable
-11.80027,0.8549,1,stable
-10.27023,0.82722,1,stable
-13.55855,0.89462,1,stable
-10.74523,0.73814,1,stable
-15.66047,0.98346,1,stable
-15.42387,1.00494,1,stable
-14.79135,0.95174,1,stable
-10.83611,0.80398,1,stable
-7.1316,0.56427,1,stable
-8.52176,0.58535,1,stable
-9.44424,0.70627,1,stable
-11.86632,0.78455,1,stable
-12.99444,0.80699,1,stable
-15.8266,0.79199,1,stable
-13.3314,0.82719,1,stable
-15.38992,0.87103,1,stable
-12.371,0.86455,1,stable
-17.85268,0.84783,1,stable
-21.27,0.91171,1,stable
-13.39096,0.81783,1,stable
-13.71308,0.86987,1,stable
-14.4088,1.01507,1,stable
-13.1976,0.62779,1,stable
-14.93404,0.94847,1,stable
-10.511,0.658,1,stable
-19.07296,0.71996,1,stable
-10.9734,0.701,1,stable
-11.95,0.77348,1,stable
-11.04444,0.69088,1,stable
-3.427,0.35864,1,stable
-11.56316,0.80784,1,stable
-10.74664,0.806,1,stable
-14.315,0.79436,1,stable
-20.45176,0.81824,1,stable
-22.90964,0.86784,1,stable
-10.31616,0.71284,1,stable
-14.67616,0.83284,1,stable
-16.67288,0.80328,1,stable
-11.01708,0.59088,1,stable
-11.1632,0.73484,1,stable
-10.17016,0.88288,1,stable
-16.07072,0.8444,1,stable
-14.48148,0.87536,1,stable
-6.51404,0.40068,1,stable
-10.37176,0.60164,1,stable
-7.49664,0.42532,1,stable
-5.18964,0.4512,1,stable
-9.45416,0.66988,1,stable
-15.43992,0.77976,1,stable
-16.38192,0.712,1,stable
-8.152,0.61752,1,stable
-7.91704,0.62752,1,stable
-11.87872,0.67432,1,stable
-15.05392,0.60576,1,stable
-7.80124,0.67508,1,stable
-22.13908,0.77056,1,stable
-13.13348,0.57264,1,stable
-4.16488,0.48184,1,stable
-9.10988,0.66888,1,stable
-9.30136,0.63252,1,stable
-6.8858,0.3482,1,stable
-11.50112,0.65316,1,stable
-19.23044,0.62136,1,stable
-18.70492,0.90752,1,stable
-10.01728,0.35448,1,stable
-7.38052,0.092,1,stable
-8.3838,0.33628,1,stable
-11.65632,0.50792,1,stable
-14.50048,0.62056,1,stable
-17.43824,0.59652,1,stable
-7.25576,0.45572,1,stable
-8.08832,0.63832,1,stable
-8.55768,0.39576,1,stable
-17.12164,0.66592,1,stable
-12.6764,0.45708,1,stable
-12.35844,0.64632,1,stable
-9.2634,0.61708,1,stable
-9.27032,0.69972,1,stable
-8.92848,0.6678,1,stable
-9.94292,0.63528,1,stable
-7.01504,0.62512,1,stable
-8.35624,0.34796,1,stable
-11.17132,0.41056,1,stable
-7.17552,0.6616,1,stable
-6.45512,0.55892,1,stable
-18.55704,0.53856,1,stable
-3.38632,0.38512,1,stable
-6.87984,0.53796,1,stable
-11.08724,0.57336,1,stable
-11.51612,0.62868,1,stable
-9.4318,0.60644,1,stable
-11.89968,0.71668,1,stable
-12.46504,0.321,1,stable
-9.40992,0.29248,1,stable
-11.74584,0.25008,1,stable
-13.903,0.29268,1,stable
-7.00272,0.27156,1,stable
-9.48292,0.3788,1,stable
-9.86688,0.35128,1,stable
-6.98436,0.31444,1,stable
-12.81452,0.43152,1,stable
-11.89796,0.35612,1,stable
-3.15552,0.2308,1,stable
-6.63364,0.36152,1,stable
-7.08036,0.4158,1,stable
-6.07972,0.44488,1,stable
-15.00244,0.5494,1,stable
-9.06812,0.54296,1,stable
-14.506,0.67228,1,stable
-18.07412,0.4304,1,stable
-11.76436,0.3566,1,stable
-6.011,0.4412,1,stable
-7.79092,0.40368,1,stable
-13.50052,0.40248,1,stable
-8.49244,-0.13308,1,stable
-6.96784,0.38636,1,stable
-13.30388,0.49412,1,stable
-12.52144,0.43076,1,stable
-6.34584,0.42708,1,stable
-6.61016,0.45188,1,stable
-9.747,0.4596,1,stable
-12.51552,0.5716,1,stable
-13.85508,0.65092,1,stable
-4.79564,0.37672,1,stable
-6.43648,0.38688,1,stable
-9.92288,0.42104,1,stable
-6.1254,0.38236,1,stable
-10.62564,0.38596,1,stable
-10.81712,0.44464,1,stable
-5.37384,0.3668,1,stable
-10.86704,0.42036,1,stable
-16.42088,0.53744,1,stable
-5.6232,0.53688,1,stable
-5.19796,0.41996,1,stable
-11.88824,0.4464,1,stable
-11.08568,0.41068,1,stable
-5.94372,0.40212,1,stable
-9.87312,0.43444,1,stable
-17.09524,0.53988,1,stable
-7.03496,0.38236,1,stable
-10.53524,0.42304,1,stable
-8.3946,0.42404,1,stable
-7.83904,0.40756,1,stable
-9.31956,0.42744,1,stable
-4.88516,0.48212,1,stable
-5.75372,-0.10668,1,stable
-8.87656,0.14628,1,stable
-3.0704,-0.13908,1,stable
-8.70636,-0.11924,1,stable
-10.87812,0.19008,1,stable
-11.2202,0.23152,1,stable
-8.4384,-0.11052,1,stable
-6.49016,-0.1004,1,stable
-15.0458,0.30764,1,stable
-6.0196,0.02528,1,stable
-6.45616,-0.1498,1,stable
-12.03944,-0.1512,1,stable
-7.47332,-0.11764,1,stable
-6.70312,-0.02236,1,stable
-6.39572,-0.02832,1,stable
-6.08848,-0.02224,1,stable
-11.3156,-0.13668,1,stable
-6.5722,-0.90488,1,stable
-8.08172,-1.11832,1,stable
-10.59928,-0.99064,1,stable
-13.5854,-1.0014,1,stable
-17.03864,-0.9168,1,stable
-6.21908,-0.67556,1,stable
-13.77544,-1.13944,1,stable
-24.81196,-1.12864,1,stable
-7.00704,-1.10064,1,stable
-10.58168,-0.76776,1,stable
-12.6484,-1.11764,1,stable
-5.4548,-0.78728,1,stable
-5.30992,-0.90384,1,stable
-15.38232,-1.29624,1,stable
-1.624695,16.385945,2,transition
-1.804445,6.927755,2,transition
-1.619215,1.459745,2,transition
-2.04037,5.04679,2,transition
-2.071755,5.076565,2,transition
-1.46986,12.35894,2,transition
-1.91398,6.39138,2,transition
-2.04343,14.35149,2,transition
-1.914485,18.579195,2,transition
-1.58736,14.0396,2,transition
-2.121685,5.252275,2,transition
-1.64504,11.98096,2,transition
-2.11718,5.86094,2,transition
-5.36885,-3.142045,1,stable
-5.56498,-3.06206,1,stable
-5.444745,-3.18501,1,stable
-4.423,-2.42621,1,stable
-3.524195,-2.05692,1,stable
-4.350705,-2.428155,1,stable
-3.952665,-2.16455,1,stable
-4.93485,-2.72682,1,stable
-4.965145,-2.745155,1,stable
-4.20485,-2.334995,1,stable
-3.11399,-1.69531,1,stable
-4.712345,-2.60638,1,stable
-3.384655,-1.849845,1,stable
-3.11777,-1.675745,1,stable
-4.863545,-2.66797,1,stable
-8.56281,-3.319175,1,stable
-8.95585,-3.75183,1,stable
-7.25401,-2.903305,1,stable
-8.69623,-3.6004,1,stable
-7.37984,-3.10354,1,stable
-8.96063,-3.82319,1,stable
-7.5532,-3.220825,1,stable
-8.06077,-3.22593,1,stable
-4.87744,-1.76345,1,stable
-8.92949,-3.87078,1,stable
-9.06398,-3.93323,1,stable
-7.97402,-3.37811,1,stable
-8.3244,-3.41554,1,stable
-8.23199,-3.423145,1,stable
-5.81019,-2.425535,1,stable
-8.74492,-3.716375,1,stable
-8.72172,-3.7818,1,stable
-6.41601,-2.77758,1,stable
-10.49126,-4.551395,1,stable
-3.22212,-0.56802,1,stable
-7.87909,-3.24626,1,stable
-7.48589,-3.19226,1,stable
-5.67728,-2.187955,1,stable
-11.12997,-3.39564,1,stable
-5.72986,-1.79476,1,stable
-9.83555,-2.77627,1,stable
-9.54847,-3.11545,1,stable
-7.44306,-2.24983,1,stable
-11.60967,-3.40978,1,stable
-12.3369,-3.65447,1,stable
-10.56567,-3.08777,1,stable
-10.58394,-3.00347,1,stable
-12.90955,-3.77729,1,stable
-2.83601,0.49185,1,stable
-14.23334,-4.14837,1,stable
-11.35024,-3.3258,1,stable
-17.69186,-3.98675,1,stable
-17.96249,-4.11151,1,stable
-15.29747,-3.20568,1,stable
-16.28502,-3.72103,1,stable
-15.79321,-3.21179,1,stable
-10.33225,-2.88919,1,stable
-12.63303,-2.32532,1,stable
-9.79772,-1.6107,1,stable
-11.27725,-3.26684,1,stable
-10.68541,-1.84902,1,stable
-14.43167,-2.87269,1,stable
-15.2492,-2.96002,1,stable
-7.2688,-1.97597,1,stable
-12.38628,-2.57215,1,stable
-14.49199,-2.7304,1,stable
-14.00625,-2.46499,1,stable
-7.36232,-0.8735,1,stable
-21.98509,-4.10323,1,stable
-14.91645,-2.35638,1,stable
-21.46341,-3.77936,1,stable
-17.23027,-2.93592,1,stable
-17.79785,-3.23741,1,stable
-11.99655,-2.26853,1,stable
-18.26859,-3.45646,1,stable
-13.17693,-2.84468,1,stable
-16.75879,-3.14768,1,stable
-17.86601,-3.31056,1,stable
-14.76295,-2.82437,1,stable
-18.61539,-3.64417,1,stable
-18.99053,-3.27781,1,stable
-17.08329,-2.91751,1,stable
-18.11871,-3.33878,1,stable
-18.03871,-2.57158,1,stable
-21.8125,-2.95501,1,stable
-23.45532,-2.69435,1,stable
-20.31028,-1.25447,1,stable
-19.7082,-1.21107,1,stable
-6.67648,-1.06273,1,stable
-21.85024,-1.37329,1,stable
-15.40878,-2.23185,1,stable
-14.68892,-0.89015,1,stable
-15.60344,-0.87489,1,stable
-19.5582,-2.04097,1,stable
-18.12134,-1.36255,1,stable
-18.69088,-1.63113,1,stable
-7.65712,-0.49357,1,stable
-18.60662,-1.52333,1,stable
-9.1545,-1.47831,1,stable
-18.07844,-1.74297,1,stable
-9.69858,-1.14783,1,stable
-19.44206,-1.78509,1,stable
-19.68926,-1.65055,1,stable
-18.9336,-1.73273,1,stable
-22.24562,-2.04373,1,stable
-15.62872,-1.55019,1,stable
-25.70065,-1.36663,1,stable
-21.00129,-0.98147,1,stable
-21.56569,-1.14593,1,stable
-13.26493,-1.07991,1,stable
-20.79799,-1.08979,1,stable
-13.75907,-0.51405,1,stable
-23.97663,-1.52579,1,stable
-21.84317,-1.91095,1,stable
-7.64255,0.01457,1,stable
-21.39183,-1.20457,1,stable
-23.32949,-1.96189,1,stable
-21.44203,-2.02185,1,stable
-11.69317,-0.09371,1,stable
-21.69969,-1.33291,1,stable
-21.92313,-1.43959,1,stable
-20.59659,-1.11521,1,stable
-21.66519,-1.44243,1,stable
-16.14437,-1.67333,1,stable
-19.09141,-1.01297,1,stable
-21.93649,-1.40597,1,stable
-24.56273,-0.44218,1,stable
-26.56569,-0.5739,1,stable
-21.87233,-0.30664,1,stable
-19.00509,-0.0314,1,stable
-14.58593,0.24498,1,stable
-22.75045,-0.39218,1,stable
-22.11601,-0.33604,1,stable
-18.47763,-0.04218,1,stable
-19.73465,-0.1789,1,stable
-15.14601,0.12338,1,stable
-27.59023,-0.77142,1,stable
-22.56313,-0.344,1,stable
-24.78719,-0.57046,1,stable
-18.95305,-0.06112,1,stable
-21.75211,-0.40396,1,stable
-21.40677,-0.54842,1,stable
-15.94249,-0.50612,1,stable
-15.47539,-0.07616,1,stable
-24.09625,-0.76676,1,stable
-11.15689,0.53628,1,stable
-21.11519,-0.22846,1,stable
-22.11169,-0.34148,1,stable
-13.31433,-0.4128,1,stable
-19.01225,0.01048,1,stable
-20.63961,-0.07056,1,stable
-10.03153,-0.02186,1,stable
-13.12958,0.29711,1,stable
-22.55404,0.38681,1,stable
-23.48726,0.02205,1,stable
-21.04616,0.03783,1,stable
-22.32506,0.09531,1,stable
-18.98402,0.55815,1,stable
-20.7431,0.45421,1,stable
-22.984,0.41707,1,stable
-17.75818,0.89235,1,stable
-25.05436,0.71894,1,stable
-20.96914,0.65474,1,stable
-17.97396,0.68802,1,stable
-14.14692,0.7376,1,stable
-12.9516,0.87296,1,stable
-26.06118,0.74962,1,stable
-20.9729,0.77642,1,stable
-18.8785,0.75572,1,stable
-16.0595,1.31292,1,stable
-21.39862,0.7822,1,stable
-26.07446,0.6968,1,stable
-21.56826,0.6822,1,stable
-23.52324,0.80708,1,stable
-22.9022,0.76358,1,stable
-22.26042,0.85656,1,stable
-19.89794,0.90742,1,stable
-19.4198,0.91762,1,stable
-21.04066,0.81908,1,stable
-8.1001,0.50104,1,stable
-20.60814,0.9192,1,stable
-26.07652,0.84034,1,stable
-18.22504,0.91434,1,stable
-22.21526,0.86696,1,stable
-16.3241,0.86498,1,stable
-11.94994,0.87994,1,stable
-4.76284,0.95224,1,stable
-19.02058,0.87184,1,stable
-23.83372,0.9016,1,stable
-19.76308,0.86348,1,stable
-15.8202,0.97814,1,stable
-19.02862,0.8964,1,stable
-18.9518,0.951,1,stable
-23.12393,0.80777,1,stable
-21.82583,0.89291,1,stable
-9.33895,0.81417,1,stable
-22.21873,0.96761,1,stable
-7.51267,0.58743,1,stable
-14.04323,0.83461,1,stable
-19.25197,0.82849,1,stable
-13.67541,0.82597,1,stable
-18.12235,1.07261,1,stable
-15.90457,1.16601,1,stable
-9.64099,0.91947,1,stable
-17.17907,1.00237,1,stable
-18.68665,0.99993,1,stable
-19.60445,1.10113,1,stable
-17.75459,0.99839,1,stable
-17.11065,1.06479,1,stable
-17.22469,0.99355,1,stable
-22.96013,0.801,1,stable
-20.72137,0.83268,1,stable
-21.36353,0.85276,1,stable
-13.63001,1.09282,1,stable
-19.07533,0.83228,1,stable
-16.02697,0.9764,1,stable
-15.46165,0.95314,1,stable
-18.65461,0.97972,1,stable
-21.04497,1.0519,1,stable
-16.92765,1.01764,1,stable
-18.00505,0.96572,1,stable
-20.10533,0.85336,1,stable
-21.99293,0.60156,1,stable
-10.53813,0.98158,1,stable
-13.86621,1.0054,1,stable
-15.81333,0.99346,1,stable
-14.57377,1.07118,1,stable
-15.56625,1.05518,1,stable
-18.51108,0.82905,1,stable
-16.9416,0.72085,1,stable
-15.9034,1.11789,1,stable
-1.95832,0.92213,1,stable
-17.28948,0.82649,1,stable
-15.30236,0.86365,1,stable
-13.6844,0.50837,1,stable
-21.3254,0.80808,1,stable
-20.93824,0.70596,1,stable
-21.2978,0.71956,1,stable
-21.73628,0.78748,1,stable
-14.38956,0.97972,1,stable
-3.18464,0.67032,1,stable
-17.63984,0.75068,1,stable
-18.31656,0.90384,1,stable
-18.6694,0.79052,1,stable
-22.10284,0.8856,1,stable
-14.53008,0.79524,1,stable
-13.36472,1.57584,1,stable
-13.50908,0.92592,1,stable
-16.15344,0.82636,1,stable
-2.91684,0.73644,1,stable
-18.07892,0.64948,1,stable
-15.15756,0.9584,1,stable
-12.1654,0.95228,1,stable
-18.70508,0.85532,1,stable
-9.49472,1.2736,1,stable
-11.49564,0.82712,1,stable
-12.43396,0.85408,1,stable
-5.90588,0.79364,1,stable
-18.48544,0.84424,1,stable
-10.84564,0.75536,1,stable
-13.43548,0.88432,1,stable
-9.18364,2.6774,1,stable
-18.44284,0.82424,1,stable
-15.73088,0.76272,1,stable
-13.55496,2.51364,1,stable
-14.83096,1.09252,1,stable
-11.35248,0.81292,1,stable
-15.7322,0.60928,1,stable
-17.30188,0.62776,1,stable
5.71412,2.33532,0,convective
-15.95472,0.61792,1,stable
-19.65804,0.78644,1,stable
-17.40404,0.90084,1,stable
-12.0868,0.6948,1,stable
-5.87764,0.80268,1,stable
-14.13716,0.97628,1,stable
-15.69736,0.98996,1,stable
-12.52656,0.73416,1,stable
-11.56604,0.80488,1,stable
-14.68744,1.04344,1,stable
-10.4754,0.689,1,stable
-6.63364,0.71396,1,stable
-12.85492,0.77316,1,stable
-16.0586,0.94364,1,stable
-16.37336,2.03336,1,stable
-21.17876,1.60432,1,stable
0.59776,2.31556,2,transition
-7.17296,0.62412,1,stable
-11.14452,0.5782,1,stable
-12.3966,2.31876,1,stable
-19.83604,0.76636,1,stable
-2.47928,0.86712,1,stable
-4.7814,1.66024,1,stable
-15.09808,0.84924,1,stable
-11.87988,0.7594,1,stable
-10.61844,0.92688,1,stable
-19.61912,0.69528,1,stable
-10.74576,0.82028,1,stable
-1.89204,1.24452,1,stable
-9.57988,2.48584,1,stable
-13.59088,0.94604,1,stable
-6.8366,2.72756,1,stable
-2.68884,2.95588,1,stable
-2.34872,3.23092,1,stable
-7.88116,1.2552,1,stable
-18.12456,0.93092,1,stable
-15.63312,0.97796,1,stable
-15.67824,1.0698,1,stable
-11.97072,1.12232,1,stable
-7.74976,0.81612,1,stable
-8.27148,0.83708,1,stable
-1.79244,1.3272,1,stable
-1.70032,0.79632,1,stable
-18.96944,0.83044,1,stable
-17.9694,1.64972,1,stable
-11.77636,1.16408,1,stable
-11.17892,1.45868,1,stable
-14.479,1.60344,1,stable
-10.83776,2.09284,1,stable
-11.03724,2.15632,1,stable
-12.50832,1.08256,1,stable
-4.87616,1.96044,1,stable
-5.70908,1.57468,1,stable
-9.48568,1.5404,1,stable
-15.8596,2.12616,1,stable
16.5464,2.26012,0,convective
-17.20224,0.77156,1,stable
-18.02692,0.79808,1,stable
0.72928,1.32004,2,transition
-16.78064,0.81784,1,stable
-2.44496,0.68276,1,stable
-6.94524,0.7582,1,stable
4.81228,1.41796,0,convective
-12.12572,0.91132,1,stable
-2.156,2.26232,1,stable
-13.3048,1.4658,1,stable
-16.28956,1.67984,1,stable
-7.33988,2.2984,1,stable
-9.1226,0.96172,1,stable
-6.73688,2.32164,1,stable
-8.38476,2.24532,1,stable
12.5464,2.10428,0,convective
-10.6778,1.10756,1,stable
-10.69496,1.86128,1,stable
15.9018,2.07936,0,convective
-10.00852,1.31032,1,stable
18.62524,2.07884,0,convective
-14.25504,0.719,1,stable
-1.4586,1.20912,2,transition
-8.82312,0.89356,1,stable
-11.50248,0.89312,1,stable
-4.92056,2.25732,1,stable
5.0248,1.76772,0,convective
-6.70484,2.74784,1,stable
14.48132,1.93492,0,convective
-5.07752,2.30516,1,stable
-4.67412,1.92728,1,stable
22.063,2.25704,0,convective
-16.05892,0.41696,1,stable
-15.85016,0.56548,1,stable
-13.08324,0.73684,1,stable
-9.18976,0.9264,1,stable
-1.905,1.31088,1,stable
-11.91912,0.84352,1,stable
-0.88664,1.01524,2,transition
-11.96016,0.5902,1,stable
-8.3828,2.13224,1,stable
-8.20536,1.93172,1,stable
5.7114,1.16684,0,convective
7.36924,1.32368,0,convective
-7.3326,0.9952,1,stable
-4.61656,1.99468,1,stable
-3.79892,1.92524,1,stable
6.60456,1.93776,0,convective
19.40148,1.45768,0,convective
-2.61964,3.12852,1,stable
-13.07668,0.48632,1,stable
3.6146,1.63396,0,convective
-6.5924,1.86996,1,stable
-3.2682,1.55344,1,stable
14.60876,1.8562,0,convective
-11.24384,0.08,1,stable
-1.2474,0.9926,2,transition
-7.54436,1.89624,1,stable
-8.03604,0.31632,1,stable
-5.2812,2.10424,1,stable
-7.75548,1.79528,1,stable
8.73084,1.1392,0,convective
6.22368,0.98208,0,convective
14.84248,0.83984,0,convective
4.4332,1.8644,0,convective
-0.477205,16.775195,2,transition
1.272525,14.773045,2,transition
1.430095,-2.184505,2,transition
0.807695,9.066655,2,transition
1.613,8.2054,2,transition
1.49754,-0.7991,2,transition
1.440795,2.705915,2,transition
1.10736,6.16668,2,transition
1.0703,0.82022,2,transition
1.802475,8.846795,2,transition
1.447455,9.912975,2,transition
1.958485,10.272165,2,transition
0.986445,3.541245,2,transition
1.305175,3.050695,2,transition
2.152945,10.449065,2,transition
1.648025,12.137785,2,transition
1.047335,-6.686025,2,transition
0.91087,2.24075,2,transition
1.794475,6.572195,2,transition
1.3474,8.04992,2,transition
1.120085,-7.610755,2,transition
1.14928,2.93496,2,transition
1.86454,5.18306,2,transition
2.1363,7.63174,2,transition
1.661025,3.213785,2,transition
2.049705,0.934985,0,convective
0.854975,-23.663705,2,transition
0.504185,0.9817,2,transition
1.320735,2.149835,2,transition
1.27407,1.865905,2,transition
2.12741,0.62987,0,convective
2.495395,0.976315,0,convective
1.624535,0.554235,2,transition
1.759695,1.77919,0,convective
2.246765,1.270305,0,convective
2.625005,1.399105,0,convective
2.65144,1.003415,0,convective
3.738025,2.215425,0,convective
2.413385,0.97233,0,convective
2.245705,0.897115,0,convective
1.94387,0.772875,0,convective
1.681655,0.64769,2,transition
3.09145,1.44324,0,convective
-0.35789,-0.043965,2,transition
4.54205,1.39341,0,convective
2.88074,1.37136,0,convective
2.11571,0.316255,0,convective
1.1907,0.316885,2,transition
2.66732,0.846145,0,convective
2.88227,1.061775,0,convective
3.26844,1.0751,0,convective
2.81984,0.450375,0,convective
4.55576,2.481415,0,convective
3.43417,1.698235,0,convective
1.98503,0.0952,0,convective
3.57487,1.32741,0,convective
2.53102,0.543165,0,convective
3.46722,0.57653,0,convective
3.17062,0.696665,0,convective
2.12274,0.52527,0,convective
2.29359,0.392365,0,convective
4.26883,1.293835,0,convective
4.48533,1.21011,0,convective
4.30599,1.091805,0,convective
5.21492,1.32417,0,convective
3.20786,0.55209,0,convective
3.90113,1.57939,0,convective
1.92324,-0.58455,0,convective
4.81676,1.94528,0,convective
1.98432,-0.6453,0,convective
5.22733,1.93777,0,convective
1.661,-0.45471,2,transition
4.43172,0.95057,0,convective
4.19135,0.28819,0,convective
3.49363,-0.34937,0,convective
3.38866,-0.23523,0,convective
4.23511,1.04993,0,convective
4.61502,0.81793,0,convective
4.97277,0.58702,0,convective
5.59495,0.68794,0,convective
5.35363,0.87867,0,convective
5.7052,0.79814,0,convective
5.13596,1.36175,0,convective
4.77151,0.87038,0,convective
5.12172,0.99655,0,convective
6.0613,1.2187,0,convective
4.74304,0.04641,0,convective
2.20085,-0.03845,0,convective
4.21094,-0.76795,0,convective
2.2182,-0.20117,0,convective
2.41056,0.48064,0,convective
6.72571,0.78975,0,convective
3.49362,-0.99716,0,convective
5.04306,0.0305,0,convective
5.49547,0.84079,0,convective
4.55065,-0.11191,0,convective
2.94314,0.5888,0,convective
2.94257,0.61569,0,convective
3.77466,0.62289,0,convective
6.17629,0.80395,0,convective
1.5144,-0.00284,2,transition
6.14198,0.41067,0,convective
6.5862,0.97612,0,convective
7.68518,1.25937,0,convective
3.23302,0.41419,0,convective
6.0681,0.89641,0,convective
3.59318,0.92402,0,convective
3.37718,1.06666,0,convective
4.30656,0.05477,0,convective
2.4352,0.71974,0,convective
7.95138,0.88802,0,convective
4.39918,-0.27005,0,convective
5.06028,-0.43519,0,convective
6.1489,0.28355,0,convective
3.85004,0.40815,0,convective
2.60102,0.28332,0,convective
3.60901,1.18989,0,convective
7.65873,-0.81595,0,convective
4.61117,1.65021,0,convective
5.89277,-1.87657,0,convective
5.25825,1.86987,0,convective
4.97115,1.85137,0,convective
7.88999,-1.75837,0,convective
6.12947,0.37323,0,convective
4.27243,-1.44381,0,convective
6.89351,1.45495,0,convective
4.16473,1.86239,0,convective
5.07615,-1.07275,0,convective
3.17687,-0.95223,0,convective
6.41557,-0.53295,0,convective
9.11014,1.15411,0,convective
6.0635,-1.56677,0,convective
7.07622,-0.17809,0,convective
7.93036,-1.07229,0,convective
6.02988,1.07059,0,convective
5.37992,1.13661,0,convective
5.1887,1.23911,0,convective
5.98918,-1.57999,0,convective
6.7757,1.23283,0,convective
6.71236,-1.41863,0,convective
6.61078,1.32847,0,convective
5.43924,1.19389,0,convective
5.59492,-0.44997,0,convective
5.7871,1.11697,0,convective
5.65044,1.05923,0,convective
4.8176,0.51011,0,convective
4.23176,1.9655,0,convective
5.22114,0.98844,0,convective
3.48012,0.64668,0,convective
7.90898,1.24226,0,convective
8.52464,1.2006,0,convective
3.06946,-0.72092,0,convective
8.46108,1.03404,0,convective
6.63464,1.05576,0,convective
5.73212,-0.48866,0,convective
5.24278,0.85466,0,convective
7.19394,0.90394,0,convective
6.75532,1.43506,0,convective
5.51924,0.72948,0,convective
9.05786,1.01702,0,convective
5.80364,1.00848,0,convective
5.77132,0.89376,0,convective
8.95218,0.87038,0,convective
8.0101,0.93446,0,convective
9.4942,1.03312,0,convective
7.48248,1.18594,0,convective
4.16946,0.57646,0,convective
5.85704,1.24194,0,convective
6.53416,0.8632,0,convective
7.29802,1.35444,0,convective
7.40504,0.8565,0,convective
8.65428,1.01564,0,convective
7.5397,0.8628,0,convective
5.77812,1.30268,0,convective
7.37484,0.65526,0,convective
7.33888,1.2618,0,convective
6.10394,0.75694,0,convective
10.17248,1.11462,0,convective
9.3869,1.19208,0,convective
9.10378,1.2004,0,convective
8.50554,1.21426,0,convective
9.11728,1.34532,0,convective
8.92276,0.96028,0,convective
8.70404,0.96756,0,convective
7.09458,0.72782,0,convective
7.12492,0.85928,0,convective
7.64702,0.77192,0,convective
-2.61886,0.95722,1,stable
12.65456,1.2771,0,convective
6.9645,0.82878,0,convective
10.4417,1.19224,0,convective
9.21564,1.15872,0,convective
9.69184,1.30884,0,convective
9.3818,0.79838,0,convective
10.21724,1.15596,0,convective
9.71022,0.94592,0,convective
8.9788,0.8461,0,convective
7.63102,1.0441,0,convective
9.70708,0.89614,0,convective
7.04754,0.95004,0,convective
8.52934,0.75456,0,convective
11.67178,1.00296,0,convective
9.7145,0.9739,0,convective
12.21572,1.53894,0,convective
9.76026,1.65268,0,convective
11.22608,1.65416,0,convective
7.28216,0.97922,0,convective
11.96086,1.03364,0,convective
9.21818,1.14766,0,convective
13.96784,1.165,0,convective
14.8873,1.3359,0,convective
13.01592,0.94618,0,convective
8.7445,1.09154,0,convective
9.50196,1.27564,0,convective
10.42536,0.89452,0,convective
10.37956,0.93242,0,convective
10.27622,0.77868,0,convective
4.69476,0.64296,0,convective
12.3309,1.0962,0,convective
9.6055,0.70116,0,convective
8.92418,1.22998,0,convective
9.68566,0.43818,0,convective
9.59664,1.19638,0,convective
9.94886,0.66524,0,convective
12.70544,1.03366,0,convective
10.98006,0.9917,0,convective
10.67106,0.75144,0,convective
8.0108,0.72864,0,convective
14.03728,1.39296,0,convective
10.2048,0.98662,0,convective
11.7996,1.3041,0,convective
13.906,0.89008,0,convective
12.7678,1.12458,0,convective
13.11524,1.01234,0,convective
11.37344,0.9505,0,convective
12.47344,0.86708,0,convective
13.75224,1.06638,0,convective
11.01388,0.63432,0,convective
15.59872,0.90842,0,convective
9.8758,0.78724,0,convective
8.41992,0.79222,0,convective
9.46316,0.34552,0,convective
9.8908,0.20514,0,convective
9.58128,0.69576,0,convective
10.40444,0.45558,0,convective
10.65872,0.62428,0,convective
11.36424,0.54644,0,convective
2.72984,0.42736,0,convective
10.577,0.68144,0,convective
15.60992,1.25708,0,convective
12.71444,1.3838,0,convective
13.93916,0.97264,0,convective
12.69628,0.63964,0,convective
15.04416,1.10764,0,convective
15.2992,0.78236,0,convective
12.68576,0.63844,0,convective
13.67048,0.6618,0,convective
11.2038,0.48876,0,convective
12.8146,0.3836,0,convective
10.80684,0.52872,0,convective
12.70364,0.48712,0,convective
11.5214,0.46196,0,convective
12.26964,0.4344,0,convective
7.99232,0.08552,0,convective
17.02128,0.79888,0,convective
13.93876,0.47564,0,convective
13.94064,0.45608,0,convective
13.12944,0.49588,0,convective
14.2498,0.4354,0,convective
13.1888,0.37976,0,convective
11.2124,0.40556,0,convective
7.50272,0.02996,0,convective
8.03512,0.0428,0,convective
0.08336,0.82276,2,transition
23.6278,1.2614,0,convective
13.32488,0.66696,0,convective
15.46156,0.60464,0,convective
19.09432,0.82596,0,convective
15.27628,0.51476,0,convective
13.48892,0.48848,0,convective
9.90112,0.31964,0,convective
14.17064,0.46068,0,convective
14.02612,0.41264,0,convective
15.54416,0.38824,0,convective
15.04528,0.40588,0,convective
15.72196,0.4022,0,convective
10.23072,0.20232,0,convective
11.29836,0.3688,0,convective
10.64624,0.34256,0,convective
9.84564,0.07604,0,convective
10.21772,0.2352,0,convective
12.92048,0.30456,0,convective
8.05284,0.01772,0,convective
12.30604,0.2756,0,convective
15.63348,0.71928,0,convective
14.81076,0.5614,0,convective
14.04448,0.56724,0,convective
9.57608,0.31076,0,convective
15.771,0.55156,0,convective
14.85856,0.68792,0,convective
15.03172,0.74636,0,convective
15.90672,0.36256,0,convective
11.57004,0.22796,0,convective
11.92668,0.51728,0,convective
11.37468,0.4278,0,convective
7.47328,-0.02832,0,convective
10.9626,0.28208,0,convective
14.57672,0.2758,0,convective
9.8586,0.03232,0,convective
5.40848,0.78716,0,convective
14.78576,0.76148,0,convective
16.91864,0.6984,0,convective
16.83956,0.56812,0,convective
15.77424,0.54996,0,convective
14.54824,0.52008,0,convective
15.6546,0.4536,0,convective
17.2304,0.55264,0,convective
15.615,0.43236,0,convective
12.46288,0.33832,0,convective
14.16472,0.24532,0,convective
13.77504,0.19884,0,convective
12.45156,0.109,0,convective
14.30116,0.28376,0,convective
11.74032,0.33724,0,convective
11.21668,0.04072,0,convective
13.42504,0.22444,0,convective
13.23388,0.34964,0,convective
27.93308,1.357,0,convective
15.91952,0.49332,0,convective
16.61636,0.40056,0,convective
14.3904,0.47384,0,convective
13.23824,0.17968,0,convective
15.60532,0.27768,0,convective
11.9492,0.07592,0,convective
10.6478,0.21968,0,convective
13.52264,0.0976,0,convective
11.79228,-0.00424,0,convective
3.33796,0.79076,0,convective
7.04124,0.76076,0,convective
19.35752,0.82924,0,convective
17.95668,0.77552,0,convective
23.00044,0.98672,0,convective
16.03236,0.61704,0,convective
15.99456,0.41512,0,convective
16.50672,0.4666,0,convective
17.55524,0.618,0,convective
15.97588,0.37468,0,convective
16.56888,0.39928,0,convective
12.48368,0.18172,0,convective
11.01412,0.06852,0,convective
14.2598,0.08392,0,convective
9.9434,0.02744,0,convective
10.90076,0.197,0,convective
13.56512,0.15252,0,convective
9.03808,0.0408,0,convective
21.70624,0.84296,0,convective
23.95048,0.95004,0,convective
16.70988,0.67752,0,convective
16.37396,0.56624,0,convective
15.81612,0.47556,0,convective
16.20024,0.42688,0,convective
16.14564,0.38748,0,convective
14.53416,0.41472,0,convective
5.4998,0.08776,0,convective
8.27844,0.04584,0,convective
11.13964,0.18108,0,convective
13.42052,0.07136,0,convective
15.52656,0.061,0,convective
16.85684,0.02488,0,convective
6.91556,0.212,0,convective
14.1294,0.70064,0,convective
22.3364,0.79048,0,convective
19.05212,0.7956,0,convective
17.4464,0.48752,0,convective
18.72784,0.56496,0,convective
16.48824,0.47464,0,convective
17.68772,0.4672,0,convective
18.26564,0.2172,0,convective
15.6668,0.33528,0,convective
15.02564,0.15512,0,convective
12.22584,0.135,0,convective
11.61928,0.09024,0,convective
10.24044,0.00588,0,convective
14.30008,0.18656,0,convective
7.1734,0.25784,0,convective
19.8788,0.73616,0,convective
20.31472,0.8382,0,convective
19.19236,0.21688,0,convective
21.40604,0.7456,0,convective
19.48572,0.48816,0,convective
18.49776,0.32488,0,convective
16.27104,0.43644,0,convective
15.49048,0.26948,0,convective
18.42992,0.16428,0,convective
10.81428,0.0478,0,convective
13.16608,-0.10396,0,convective
14.35988,0.08768,0,convective
13.3656,-0.08312,0,convective
12.16772,-0.10192,0,convective
11.09572,-0.06448,0,convective
7.35692,-0.05304,0,convective
12.79204,-0.07808,0,convective
15.37176,0.01892,0,convective
13.63072,-0.06216,0,convective
0.926285,-25.095995,2,transition
0.1265675,-18.3055925,2,transition
0.2348,-18.66396,2,transition
0.4763675,-18.0265525,2,transition
0.063025,-13.267975,2,transition
0.1437175,-17.0040425,2,transition
0.03446,-14.61498,2,transition
-0.03217,-10.84645,2,transition
-0.0777875,-14.7597875,2,transition
-0.1184,-13.28448,2,transition
-0.0518475,-11.2876075,2,transition
0.0926775,-7.4693625,2,transition
-2.374045,-1.7635025,1,stable
-1.337055,-1.3440675,2,transition
-1.878875,-1.5344325,1,stable
1.124435,0.4007275,2,transition
-0.2838,-0.7043225,2,transition
-0.66102,-0.6892175,2,transition
0.14632,-0.0959075,2,transition
0.807555,0.3311875,2,transition
-0.044985,-0.2208075,2,transition
0.043035,-0.1573175,2,transition
0.13797,0.0138025,2,transition
0.26035,0.112075,2,transition
0.03271,-0.069105,2,transition
-0.187005,-0.1188575,2,transition
-0.0972,-0.06503,2,transition
-0.26362,-0.13151,2,transition
-0.378255,-0.21413,2,transition
-0.286565,-0.14914,2,transition
-0.300465,-0.08697,2,transition
0.6681,0.45049,2,transition
-0.348265,-0.1897725,2,transition
-2.41871,-1.081655,1,stable
-0.89006,-0.69383,2,transition
-0.35424,-0.77285,2,transition
-2.28115,-0.763565,1,stable
0.8804,-0.071795,2,transition
0.95282,0.050585,2,transition
-0.36285,-0.20193,2,transition
1.27472,0.224165,2,transition
-0.14537,-0.153465,2,transition
-0.28189,-0.1808,2,transition
-0.10603,-0.097775,2,transition
0.74746,0.42642,2,transition
-0.0763,-0.01813,2,transition
1.42354,0.622025,2,transition
0.08311,0.21448,2,transition
-0.56554,-0.235605,2,transition
-0.53975,-0.22493,2,transition
-0.39151,-0.12883,2,transition
-3.85597,-0.96267,1,stable
-2.44305,-0.65966,1,stable
-1.06867,-0.41855,2,transition
-0.31735,-0.40666,2,transition
-0.44684,-0.23334,2,transition
0.87883,0.1591,2,transition
-1.72474,-0.49841,1,stable
-0.46718,-0.20079,2,transition
0.77344,0.22859,2,transition
-0.34761,-0.18484,2,transition
0.85959,0.40272,2,transition
2.01678,0.59324,0,convective
0.12749,0.21196,2,transition
2.06635,0.70277,0,convective
-0.96746,-0.32016,2,transition
-1.12616,-0.38494,2,transition
-0.81793,-0.25899,2,transition
-2.33056,0.05364,1,stable
-4.24323,-1.25397,1,stable
-1.26088,-0.15728,2,transition
-0.26639,0.06011,2,transition
0.47673,0.19726,2,transition
-1.1311,-0.7596,2,transition
0.62464,-0.33504,2,transition
-2.70347,-1.02522,1,stable
-1.47787,-0.4092,2,transition
0.32096,-0.21377,2,transition
1.30465,0.23496,2,transition
-1.69721,-1.20896,1,stable
0.44914,0.04141,2,transition
-1.42631,-1.00138,2,transition
-0.80515,-0.47999,2,transition
-1.49474,-0.94325,2,transition
-1.63962,-0.93802,2,transition
-1.77355,-0.80536,1,stable
0.9321,0.42699,2,transition
2.2825,0.34842,0,convective
-1.86453,-0.7097,1,stable
-0.45605,0.05393,2,transition
0.20718,0.2767,2,transition
2.47352,0.39918,0,convective
-0.61819,-0.15779,2,transition
-5.96203,0.01805,1,stable
-2.20339,0.25343,1,stable
0.74075,0.07413,2,transition
-0.94111,-0.04237,2,transition
0.47297,-0.02912,2,transition
0.12267,-0.27027,2,transition
1.64741,-0.00726,2,transition
-3.62345,-1.64295,1,stable
-2.82433,-0.9598,1,stable
-0.97423,-0.35604,2,transition
0.48889,0.11899,2,transition
-3.85315,0.04942,1,stable
-0.89977,0.19252,2,transition
-5.24797,-0.54496,1,stable
-2.07503,-0.26584,1,stable
-0.45203,0.17186,2,transition
0.08413,0.16852,2,transition
-0.16733,0.27502,2,transition
0.63841,0.51574,2,transition
-2.38631,-0.3734,1,stable
-4.73865,-1.21406,1,stable
-3.93037,-1.0537,1,stable
1.35487,0.14052,2,transition
2.40003,-0.12446,0,convective
-4.35759,-1.2194,1,stable
-1.76291,-0.42992,1,stable
-0.95743,-0.26034,2,transition
2.16531,0.17138,0,convective
-3.97873,-1.1544,1,stable
-3.08313,-0.8467,1,stable
2.76943,0.22766,0,convective
-3.5012,-0.18509,1,stable
0.27344,-0.25629,2,transition
-2.29214,-0.21711,1,stable
-0.13358,-0.09517,2,transition
0.46768,-0.17073,2,transition
-1.98776,-0.48267,1,stable
-1.11864,-0.17939,2,transition
2.51344,0.07873,0,convective
2.21042,-0.16725,0,convective
-4.43298,-1.04673,1,stable
2.60802,0.01589,0,convective
-6.05872,-1.65225,1,stable
1.67456,0.09929,2,transition
2.47524,0.36423,0,convective
-5.57214,-1.47429,1,stable
-2.38642,-0.46717,1,stable
0.88124,0.19505,2,transition
1.33242,0.28239,2,transition
-3.66972,-0.92381,1,stable
-2.3913,-0.53246,1,stable
-0.96342,-0.17752,2,transition
-1.13902,-0.20752,2,transition
-0.21762,-0.08942,2,transition
0.13088,0.45662,2,transition
0.90148,-0.14518,2,transition
-5.63164,-0.9955,1,stable
-4.80532,-0.80706,1,stable
-6.30942,-1.1622,1,stable
-6.20694,-1.05404,1,stable
1.91352,-0.01694,0,convective
-6.99706,-0.93834,1,stable
-5.50526,-0.8874,1,stable
-3.8944,-0.59846,1,stable
-6.50392,-0.96238,1,stable
-1.18408,0.0114,2,transition
-2.22114,-0.17986,1,stable
-0.5965,0.1454,2,transition
1.57616,0.2335,2,transition
-2.17649,0.56237,1,stable
-1.91449,0.87395,1,stable
-7.26509,-0.04117,1,stable
-6.37567,-0.06627,1,stable
-2.44721,0.52845,1,stable
-1.62155,0.53239,2,transition
2.37095,0.57753,0,convective
-2.69901,-0.13533,1,stable
2.00649,0.47825,0,convective
1.81161,0.40439,0,convective
1.14167,0.46315,2,transition
1.63903,0.42055,2,transition
-4.10551,-0.06785,1,stable
3.74051,0.39073,0,convective
-1.98117,0.59808,1,stable
1.09287,0.6041,2,transition
-0.53929,0.6037,2,transition
0.63057,0.62978,2,transition
1.73881,0.58382,0,convective
1.57367,0.58758,2,transition
-5.20413,0.59518,1,stable
-0.49745,0.54794,2,transition
3.17475,0.46634,0,convective
3.47277,0.45862,0,convective
-7.01119,0.46932,1,stable
1.02379,0.24944,2,transition
-4.92085,0.20778,1,stable
-6.67022,0.43667,1,stable
0.42394,0.99963,2,transition
-4.32762,0.63559,1,stable
1.40402,0.85005,2,transition
2.29694,0.37237,0,convective
-3.21006,0.62767,1,stable
2.82368,0.32473,0,convective
2.48854,0.47905,0,convective
-2.16922,0.25131,1,stable
1.80554,0.49815,0,convective
3.69242,0.44659,0,convective
3.77504,0.46943,0,convective
-7.00494,0.46001,1,stable
0.03616,0.47899,2,transition
-5.39606,0.49033,1,stable
-3.66204,0.26911,1,stable
2.8244,0.32123,0,convective
3.65372,0.31545,0,convective
-5.26026,0.37537,1,stable
1.52712,0.29111,2,transition
-3.48492,0.31979,1,stable
-5.74913,0.56765,1,stable
-4.94841,0.73767,1,stable
-2.36583,0.80713,1,stable
1.55373,0.67767,2,transition
2.36019,0.68913,0,convective
3.15119,0.32751,0,convective
-0.41701,0.55207,2,transition
-4.91963,0.49747,1,stable
3.12553,0.50191,0,convective
-5.37147,0.24217,1,stable
-6.17921,0.22411,1,stable
-4.32191,0.27207,1,stable
-3.60823,0.26309,1,stable
4.16925,0.34913,0,convective
-3.31031,0.17461,1,stable
-2.90683,0.16213,1,stable
-1.90653,0.24047,1,stable
0.33224,0.70549,2,transition
2.2496,0.72041,0,convective
-5.04344,0.51625,1,stable
-2.78772,0.43251,1,stable
-5.42992,0.13153,1,stable
2.73452,0.45765,0,convective
-5.334,0.25035,1,stable
-4.85872,0.23199,1,stable
4.01844,0.35537,0,convective
-5.88444,0.14425,1,stable
0.85372,0.33809,2,transition
-2.80968,0.51156,1,stable
2.47032,0.45184,0,convective
-4.65428,0.38916,1,stable
3.13896,0.25344,0,convective
1.53576,0.05104,2,transition
4.57856,0.32544,0,convective
-0.4522,0.25152,2,transition
4.00836,0.2828,0,convective
1.29232,0.28748,2,transition
-4.11428,0.3304,1,stable
5.39924,0.49804,0,convective
3.87888,0.3104,0,convective
3.4884,0.24112,0,convective
-5.15688,0.17712,1,stable
-2.6154,0.1674,1,stable
-4.16316,0.22228,1,stable
-2.90336,0.18392,1,stable
-4.18776,0.17748,1,stable
3.45256,0.2358,0,convective
3.3842,0.24008,0,convective
2.79016,0.31984,0,convective
2.60888,0.28688,0,convective
2.87076,0.36356,0,convective
-2.78184,0.3966,1,stable
-1.56896,0.31764,2,transition
0.92776,0.26704,2,transition
0.43292,0.2564,2,transition
4.35416,0.2156,0,convective
5.37148,0.26768,0,convective
-2.79496,0.168,1,stable
-3.87288,0.2414,1,stable
5.37368,0.22636,0,convective
-4.92688,0.25548,1,stable
1.48732,0.18892,2,transition
-5.75444,-0.04644,1,stable
3.21216,0.19456,0,convective
-6.06784,0.16468,1,stable
3.2406,0.13152,0,convective
-3.80664,0.0806,1,stable
-5.24324,0.05848,1,stable
-2.39912,0.10804,1,stable
4.81928,0.20312,0,convective
-0.83416,0.25092,2,transition
2.21648,0.24968,0,convective
5.24036,0.55952,0,convective
3.75928,0.23716,0,convective
0.5638,0.13088,2,transition
-3.02924,0.10164,1,stable
3.05108,0.18564,0,convective
1.81756,0.09476,0,convective
-5.17068,-0.03624,1,stable
-4.4218,0.0322,1,stable
3.3102,0.09804,0,convective
1.87388,0.07288,0,convective
2.1266,0.07888,0,convective
5.76064,0.22368,0,convective
1.77592,0.21088,0,convective
-4.60168,0.2124,1,stable
4.50584,0.07928,0,convective
4.70548,0.35752,0,convective
6.35004,0.18824,0,convective
4.54048,0.06784,0,convective
4.82324,0.10848,0,convective
5.41632,0.14628,0,convective
-3.86256,0.1086,1,stable
-5.16144,0.00872,1,stable
7.3574,1.15036,0,convective
3.63868,0.43108,0,convective
2.33068,0.19916,0,convective
5.02924,0.31804,0,convective
0.09652,0.13132,2,transition
5.9914,0.14872,0,convective
5.98804,0.29964,0,convective
-3.63612,0.1024,1,stable
6.56016,0.231,0,convective
-4.5166,0.10616,1,stable
5.09092,0.0124,0,convective
-5.2208,-0.02996,1,stable
-4.31488,0.07504,1,stable
4.17916,0.0002,0,convective
0.09,0.1768,2,transition
0.04772,0.33048,2,transition
1.33876,0.3168,2,transition
3.55452,0.12168,0,convective
3.9032,0.3784,0,convective
3.329,0.34072,0,convective
4.6358,0.41632,0,convective
5.5414,0.4588,0,convective
-3.00484,0.1708,1,stable
-1.91864,0.01912,1,stable
6.60904,0.37824,0,convective
-4.3018,0.11188,1,stable
-5.63528,-0.03392,1,stable
6.35776,0.31,0,convective
-4.94032,0.16288,1,stable
4.72888,0.09688,0,convective
-6.00664,0.02992,1,stable
-1.71608,0.22368,1,stable
4.8002,0.32264,0,convective
1.60896,0.2702,2,transition
8.3644,0.55864,0,convective
4.2908,0.32356,0,convective
-3.90132,0.02516,1,stable
-3.53328,0.18356,1,stable
5.32912,0.06916,0,convective
7.2038,0.27536,0,convective
-5.66744,-0.03216,1,stable
4.24276,0.00224,0,convective
6.58244,0.22468,0,convective
2.8122,0.04284,0,convective
-4.857,0.12196,1,stable
4.48608,0.10892,0,convective
-3.4832,0.16336,1,stable
-3.24984,0.19664,1,stable
6.19176,0.23928,0,convective
4.27944,0.3948,0,convective
4.04812,0.33312,0,convective
1.83232,0.22336,0,convective
4.1518,0.15112,0,convective
1.80228,-0.01408,0,convective
-2.01672,0.27884,1,stable
6.76564,0.28328,0,convective
6.94696,0.23916,0,convective
0.93324,0.26924,2,transition
4.36956,0.21188,0,convective
5.34072,0.0116,0,convective
6.29892,0.03864,0,convective
-0.8402,0.11844,2,transition
-3.7636,0.14164,1,stable
-1.84632,0.10664,1,stable
3.48656,0.04664,0,convective
-3.80152,0.2176,1,stable
-4.31252,0.15996,1,stable
-4.63012,0.14844,1,stable
-2.4646,0.13608,1,stable
0.91504,0.1422,2,transition
3.39272,0.2122,0,convective
-2.17544,0.1674,1,stable
2.17576,0.17204,0,convective
4.66892,0.05372,0,convective
3.72772,-0.00392,0,convective
4.77612,0.1904,0,convective
7.33512,0.11392,0,convective
6.98828,0.02896,0,convective
-7.7564,-0.19412,1,stable
4.58308,-0.02296,0,convective
7.40412,-0.03472,0,convective
-2.6004,0.11584,1,stable
-3.2706,0.04848,1,stable
-5.29792,0.0218,1,stable
-2.34292,0.1128,1,stable
3.39208,0.23768,0,convective
2.13456,0.1836,0,convective
7.12044,0.0518,0,convective
-1.98532,0.25052,1,stable
1.24088,0.07564,2,transition
-5.436,0.05564,1,stable
-1.99064,0.10976,1,stable
4.29088,-0.26656,0,convective
4.89868,-0.3858,0,convective
5.95704,-0.3562,0,convective
5.048,-0.38268,0,convective
0.147295,-4.983425,2,transition
0.149365,-4.791635,2,transition
0.103335,-4.283945,2,transition
0.168865,-5.661935,2,transition
0.11525,-6.32311,2,transition
0.127075,-5.100525,2,transition
-0.0303,-3.75298,2,transition
0.090165,-6.994715,2,transition
0.08396,-7.03648,2,transition
0.076565,-4.464075,2,transition
-0.1571,3.47546,2,transition
0.041965,2.032605,2,transition
-0.1495,-1.88234,2,transition
-0.373055,6.034025,2,transition
-0.041685,4.532195,2,transition
-0.222365,1.750755,2,transition
-0.53223,-5.00043,2,transition
-0.64627,-6.53627,2,transition
-0.567535,-5.466215,2,transition
0.01641,3.92233,2,transition
-0.1542,1.8742,2,transition
-0.79972,-7.81244,2,transition
-0.94128,-1.103565,2,transition
-0.785005,-0.95756,2,transition
-0.426505,-0.54939,2,transition
-0.802365,-0.69036,2,transition
-1.67074,-1.18404,2,transition
-0.30994,-0.5575,2,transition
-0.32032,-0.3222,2,transition
-0.382085,-0.33445,2,transition
-0.56535,-0.35384,2,transition
-1.02557,-0.75578,2,transition
-0.80146,-0.44613,2,transition
-1.229495,-0.67988,2,transition
-2.25385,-1.58414,1,stable
-2.05373,-1.42424,1,stable
-2.15292,-1.443605,1,stable
-2.35166,-1.030475,1,stable
-1.19682,-0.966745,2,transition
-1.72186,-0.885205,1,stable
-1.29058,-0.908495,2,transition
-1.21218,-0.857585,2,transition
-2.79632,-1.257985,1,stable
-2.54451,-1.51894,1,stable
-2.39377,-1.533005,1,stable
-2.82143,-1.6891,1,stable
-2.83539,-1.71789,1,stable
-2.56128,-1.631645,1,stable
-2.62125,-1.745705,1,stable
-3.01572,-1.90389,1,stable
-2.83444,-1.652665,1,stable
-3.41456,-2.06381,1,stable
-3.60082,-2.27975,1,stable
-5.16179,-2.73068,1,stable
-2.28073,-1.12932,1,stable
-2.48858,-1.31911,1,stable
-3.58487,-1.94737,1,stable
-3.016,-1.86662,1,stable
-2.88759,-1.77124,1,stable
-3.16007,-1.97555,1,stable
-3.83779,-2.32594,1,stable
-3.80465,-2.20304,1,stable
-4.00463,-2.20037,1,stable
-3.35261,-2.05145,1,stable
-3.32598,-2.12875,1,stable
-3.18755,-2.04427,1,stable
-3.19076,-1.91632,1,stable
-3.92473,-1.78626,1,stable
-3.80615,-1.85022,1,stable
-3.27132,-1.54946,1,stable
-3.74327,-1.53278,1,stable
-4.54821,-1.97459,1,stable
-4.2995,-1.92521,1,stable
-5.79378,-2.37922,1,stable
-5.96531,-2.42237,1,stable
-6.49554,-2.61795,1,stable
-8.48022,-3.27242,1,stable
-6.03596,-2.67262,1,stable
-5.5666,-2.1341,1,stable
-5.73974,-2.40157,1,stable
-5.94816,-2.45303,1,stable
-6.38368,-2.68552,1,stable
-5.92116,-2.44916,1,stable
-4.02606,-1.46791,1,stable
-6.48404,-2.70415,1,stable
-5.60622,-2.35244,1,stable
-5.69858,-2.29933,1,stable
-4.61586,-1.72571,1,stable
-5.30234,-1.83365,1,stable
-4.8919,-1.33618,1,stable
-5.36316,-1.49298,1,stable
-5.75304,-1.56109,1,stable
-5.3972,-1.16708,1,stable
-4.92328,-0.94986,1,stable
-6.49058,-1.96535,1,stable
-7.8283,-1.86299,1,stable
-12.81048,-3.62126,1,stable
-10.97874,-2.78202,1,stable
-9.33782,-2.2213,1,stable
-8.88714,-2.17248,1,stable
-12.25678,-3.35698,1,stable
-5.01648,-1.35376,1,stable
-9.42882,-2.91468,1,stable
-6.95986,-1.94436,1,stable
-8.24178,-2.32062,1,stable
-7.94618,-2.32778,1,stable
-7.00302,-1.9217,1,stable
-8.77296,-2.00412,1,stable
-7.6725,-2.37016,1,stable
-5.67256,-1.69794,1,stable
-10.61174,-2.682,1,stable
-5.98294,-0.65792,1,stable
-4.79724,-0.0791,1,stable
-9.094,-2.29514,1,stable
-10.21348,-2.38518,1,stable
-14.9446,-3.4636,1,stable
-13.56566,-1.67126,1,stable
-11.64878,-1.71006,1,stable
-10.51028,-1.62314,1,stable
-9.56134,-1.90628,1,stable
-9.28078,-1.3346,1,stable
-7.81292,-0.99688,1,stable
-8.90418,-1.32848,1,stable
-8.74078,-0.94286,1,stable
-9.19996,-1.07666,1,stable
-6.56946,-0.94768,1,stable
-8.1189,-0.94668,1,stable
-9.2659,-0.90558,1,stable
-9.82838,-1.07216,1,stable
-7.71094,-0.89204,1,stable
-10.52334,-1.33048,1,stable
-10.8901,-1.54902,1,stable
-5.953,-1.01754,1,stable
-14.89612,-1.33046,1,stable
-8.27532,-0.63188,1,stable
-11.65568,-1.41834,1,stable
-13.38822,-1.11288,1,stable
-9.83944,-0.84454,1,stable
-7.5048,-0.74848,1,stable
-7.4496,-0.84282,1,stable
-6.72612,-0.61838,1,stable
-10.0147,-1.21134,1,stable
-10.9203,-1.329,1,stable
-12.8886,-1.2581,1,stable
-6.125,-0.65576,1,stable
-10.01276,-1.27198,1,stable
-9.30328,-0.9018,1,stable
-7.76408,-1.06116,1,stable
-8.02746,-0.93248,1,stable
-11.40344,-1.39366,1,stable
-13.75086,-1.53976,1,stable
-12.31512,-1.56836,1,stable
-10.78756,-1.42396,1,stable
-9.6772,-1.30506,1,stable
-12.98753,-0.29845,1,stable
-13.68911,-0.86725,1,stable
-11.49937,-0.45217,1,stable
-12.23041,-0.48673,1,stable
-9.59443,-0.56923,1,stable
-13.37735,-1.00071,1,stable
-10.07047,-0.40495,1,stable
-10.23075,-0.38687,1,stable
-10.04749,-0.56553,1,stable
-7.59779,-0.07805,1,stable
-9.84623,-0.25169,1,stable
-7.81593,-0.05185,1,stable
-12.62199,-0.08797,1,stable
-14.47927,-0.25325,1,stable
-13.99394,0.17315,1,stable
-15.9355,0.09817,1,stable
-16.09182,-0.26089,1,stable
-7.9057,0.13781,1,stable
-10.81886,0.27681,1,stable
-11.4225,0.33585,1,stable
-12.81528,0.18335,1,stable
-13.67532,0.30007,1,stable
-11.62188,0.20833,1,stable
-9.22052,0.34831,1,stable
-5.69618,0.25723,1,stable
-9.85352,0.19397,1,stable
-11.39476,0.41581,1,stable
-10.33068,0.41669,1,stable
-11.50382,0.17583,1,stable
-9.88828,0.28639,1,stable
-8.84294,0.47683,1,stable
-9.20198,0.40821,1,stable
-11.0353,0.38015,1,stable
-7.25734,0.55859,1,stable
-12.92,0.46009,1,stable
-9.59754,0.63003,1,stable
-10.62308,0.73573,1,stable
-12.74964,0.60997,1,stable
-14.10946,0.32494,1,stable
-13.19542,0.44222,1,stable
-10.16826,0.46358,1,stable
-13.80444,0.30562,1,stable
-11.38788,0.50526,1,stable
-13.43978,0.4027,1,stable
-9.17276,0.48702,1,stable
-10.8181,0.6044,1,stable
-11.28832,0.62826,1,stable
-12.42982,0.55514,1,stable
-8.5209,0.59054,1,stable
-11.13046,0.49142,1,stable
-9.42152,0.52788,1,stable
-10.1089,0.63778,1,stable
-9.51984,0.53582,1,stable
-9.3593,0.58914,1,stable
-10.01192,0.5831,1,stable
-11.313,0.57924,1,stable
-7.57704,0.66082,1,stable
-7.55338,0.704,1,stable
-6.40744,0.72998,1,stable
-7.08788,0.74286,1,stable
-12.70268,0.5261,1,stable
-11.47474,0.64728,1,stable
-10.5221,0.60666,1,stable
-6.47662,0.796,1,stable
-4.172,0.77284,1,stable
-13.33478,0.71602,1,stable
-10.94948,0.52094,1,stable
-11.40176,0.47402,1,stable
-10.7706,0.52402,1,stable
-8.82636,0.53294,1,stable
-7.61928,0.57456,1,stable
-4.21908,0.59628,1,stable
-8.53484,0.6997,1,stable
-5.54632,0.69774,1,stable
-3.14904,0.5871,1,stable
-9.91288,0.70892,1,stable
-10.33464,0.74846,1,stable
-9.6508,0.5558,1,stable
-11.72208,0.45192,1,stable
-6.64916,0.21384,1,stable
-9.19952,0.47,1,stable
-8.51564,0.4132,1,stable
-9.55888,0.39116,1,stable
-9.94516,0.43332,1,stable
-7.434,0.45048,1,stable
-6.7062,0.4458,1,stable
-7.67932,0.41208,1,stable
-8.4446,0.46504,1,stable
-6.81584,0.44904,1,stable
-7.32712,0.41,1,stable
-5.71928,0.3008,1,stable
-10.07484,0.38236,1,stable
-11.67208,0.54116,1,stable
-12.14708,0.44848,1,stable
-10.1038,0.38412,1,stable
-9.83348,0.406,1,stable
-10.0234,0.32592,1,stable
-6.84448,0.35132,1,stable
-8.16976,0.37116,1,stable
-7.34736,0.3162,1,stable
-8.69972,0.33364,1,stable
-7.67332,0.34356,1,stable
-7.35712,0.2406,1,stable
-7.12116,0.28464,1,stable
-9.40572,0.03892,1,stable
-8.75176,0.03724,1,stable
-9.17864,0.25328,1,stable
-4.26684,0.3702,1,stable
-8.76748,0.14208,1,stable
-11.36472,0.105,1,stable
-11.57512,0.2506,1,stable
-11.0176,0.24704,1,stable
-7.42712,0.12068,1,stable
-9.34884,0.26624,1,stable
-7.65616,0.2702,1,stable
-9.32916,0.2924,1,stable
-5.62896,0.35196,1,stable
-6.09328,0.37224,1,stable
-8.77556,0.42832,1,stable
-7.31092,0.25504,1,stable
-5.27768,0.37344,1,stable
-6.94928,0.31832,1,stable
-3.1192,0.46628,1,stable
-10.08928,0.09796,1,stable
-7.19636,0.41664,1,stable
-8.68836,0.14524,1,stable
-11.13416,0.32952,1,stable
-9.65636,0.2662,1,stable
-11.06552,0.5096,1,stable
-10.82912,0.18848,1,stable
-8.3336,0.23868,1,stable
-9.8932,0.13204,1,stable
-7.36844,0.05868,1,stable
-11.61664,0.18108,1,stable
-9.77428,0.22088,1,stable
-8.13052,0.21056,1,stable
-6.39456,0.0286,1,stable
-7.61876,0.0374,1,stable
-10.04236,0.25188,1,stable
-8.84656,0.27112,1,stable
-7.13832,0.1486,1,stable
-5.7632,0.33008,1,stable
-6.17884,-0.01928,1,stable
-6.18848,0.32372,1,stable
-5.3974,0.3328,1,stable
-9.52648,0.1736,1,stable
-8.8058,0.23488,1,stable
-5.0694,0.36004,1,stable
-3.42276,0.4974,1,stable
-10.03804,0.1746,1,stable
-10.85128,0.02356,1,stable
-5.948,0.0596,1,stable
-9.45936,0.02928,1,stable
-8.49688,0.0404,1,stable
-6.82392,0.14232,1,stable
-12.0202,0.19712,1,stable
-8.10908,0.19996,1,stable
-7.38776,0.23744,1,stable
-9.13064,0.13572,1,stable
-3.44528,0.3712,1,stable
-8.85012,0.41368,1,stable
-12.84428,0.27328,1,stable
-7.9024,0.28836,1,stable
-12.57264,0.0472,1,stable
-5.93028,0.07452,1,stable
-5.86716,0.13088,1,stable
-7.07288,0.13108,1,stable
-10.04724,0.15704,1,stable
-12.60928,0.1618,1,stable
-7.91816,0.19092,1,stable
-7.0034,0.09008,1,stable
-7.19632,0.18084,1,stable
-5.33536,0.19192,1,stable
-6.0492,-0.0418,1,stable
-7.51948,0.1916,1,stable
-4.17932,0.15592,1,stable
-7.84208,0.24816,1,stable
-4.89164,0.2018,1,stable
-8.98108,0.14956,1,stable
-3.78204,0.2894,1,stable
-6.60112,0.2528,1,stable
-2.71436,0.3136,1,stable
-7.09992,0.30156,1,stable
-11.5658,0.16396,1,stable
-7.82708,0.16124,1,stable
-8.18112,0.15216,1,stable
-10.34752,0.16828,1,stable
-5.09116,-0.0998,1,stable
-5.22364,0.13156,1,stable
-5.1336,0.1108,1,stable
-8.86804,0.44404,1,stable
-8.85036,0.1164,1,stable
-10.60684,0.09048,1,stable
-8.89872,0.14944,1,stable
-8.78816,0.14384,1,stable
-7.74044,-0.064,1,stable
-8.1386,-0.12228,1,stable
-4.9816,0.06036,1,stable
-10.6898,0.08484,1,stable
-6.63452,0.06076,1,stable
-6.69368,0.17076,1,stable
-4.84,-0.0066,1,stable
-4.05156,0.14724,1,stable
-7.49084,0.17332,1,stable
-11.19352,0.055,1,stable
-11.15256,0.09492,1,stable
-4.1328,0.20196,1,stable
-0.2078,0.3048,2,transition
-6.7224,0.39492,1,stable
-13.01076,0.10496,1,stable
-12.08564,0.22104,1,stable
-9.35048,0.07348,1,stable
-7.37632,0.088,1,stable
-10.17048,0.0764,1,stable
-8.51464,0.11932,1,stable
-9.32744,0.09036,1,stable
-6.9872,0.14072,1,stable
-7.86752,0.181,1,stable
-3.32076,0.1772,1,stable
-2.44672,0.24096,1,stable
-2.87136,0.32132,1,stable
-7.76444,0.01352,1,stable
-8.008,0.10008,1,stable
-13.22636,0.19044,1,stable
-7.30728,0.06904,1,stable
-8.43896,0.07568,1,stable
-12.1174,0.08416,1,stable
-10.02516,0.06604,1,stable
-6.75864,0.05312,1,stable
-8.73488,0.1968,1,stable
-6.3208,0.0254,1,stable
-7.08268,0.10332,1,stable
-10.41236,0.03604,1,stable
-8.98144,0.14588,1,stable
-4.52308,0.07036,1,stable
-6.28472,0.16632,1,stable
-6.2122,0.23192,1,stable
-6.56044,0.15752,1,stable
-10.44404,-0.01976,1,stable
-8.75744,-0.3372,1,stable
-5.98584,-0.18236,1,stable
-7.6542,-0.13248,1,stable
-9.70992,-0.13536,1,stable
-5.15444,-0.2038,1,stable
-7.53576,-0.1516,1,stable
-6.58748,-0.1594,1,stable
-6.1726,-0.196,1,stable
-5.1396,-0.19272,1,stable
-5.12096,-0.2122,1,stable
-7.07396,-0.11672,1,stable
-8.53472,-0.07504,1,stable
-7.81308,-0.0912,1,stable
-4.6822,-0.15912,1,stable
-7.70164,-0.07436,1,stable
-6.6188,-0.05836,1,stable
-7.73976,-0.07316,1,stable
-10.81472,-0.81952,1,stable
-7.47324,-0.59488,1,stable
-8.25364,-0.7046,1,stable
-8.41632,-0.76212,1,stable
-9.4288,-0.69144,1,stable
-7.75332,-0.79708,1,stable
-10.5046,-0.7594,1,stable
-10.39904,-0.68912,1,stable
-11.22964,-0.9078,1,stable
-8.9624,-0.66004,1,stable
-9.06984,-0.847,1,stable
-9.0378,-0.79484,1,stable
-6.69628,-0.85484,1,stable
-6.29548,-1.01536,1,stable
-5.50732,-0.98528,1,stable
-7.33304,-1.0624,1,stable
-4.64528,-0.95136,1,stable
-1.9566275,11.6098525,2,transition
-1.973335,11.267025,2,transition
-1.665515,7.102125,2,transition
-1.3028475,6.7947125,2,transition
-1.890685,8.843315,2,transition
-1.737115,7.332725,2,transition
-1.45097,5.65867,2,transition
-1.98765,7.10843,2,transition
-1.4809125,3.3607675,2,transition
-1.86622,5.39798,2,transition
-1.770695,3.426145,1,stable
-1.8842425,5.4487975,2,transition
-1.4258225,0.6156575,2,transition
-1.71842,6.3971,2,transition
-1.8290925,7.7145875,2,transition
-1.9273125,5.1840475,2,transition
-3.225205,-1.77826,1,stable
-4.86823,-2.8900225,1,stable
-4.04042,-2.374905,1,stable
-1.995615,-1.13134,1,stable
-4.01132,-2.3607825,1,stable
-3.576565,-2.0930775,1,stable
-4.375125,-2.5907675,1,stable
-4.70061,-2.7931575,1,stable
-3.873615,-2.333975,1,stable
-4.49502,-2.6659275,1,stable
-8.87142,-3.812305,1,stable
-4.03038,-1.476505,1,stable
-6.54406,-2.73291,1,stable
-7.16637,-2.983155,1,stable
-5.77145,-2.194885,1,stable
-7.01895,-2.772575,1,stable
-6.41239,-2.656775,1,stable
-8.63406,-3.46988,1,stable
-5.16209,-1.785035,1,stable
-4.35202,-1.474535,1,stable
-7.96788,-3.289025,1,stable
-7.44334,-3.0641,1,stable
-5.55974,-2.25801,1,stable
-7.91829,-3.22744,1,stable
-7.46118,-3.00568,1,stable
-7.65564,-3.00991,1,stable
-7.55034,-2.877885,1,stable
-6.55955,-2.35106,1,stable
-12.85477,-3.98335,1,stable
-12.25096,-3.71399,1,stable
-9.97473,-2.94652,1,stable
-10.72927,-3.07313,1,stable
-2.7527,-0.84762,1,stable
-3.23254,-0.81897,1,stable
-12.88361,-4.03868,1,stable
-11.53803,-3.56255,1,stable
-10.56537,-2.90274,1,stable
-10.01476,-2.77663,1,stable
-7.88639,-1.93956,1,stable
-10.72998,-3.19435,1,stable
-11.19289,-3.33087,1,stable
-10.60023,-3.0641,1,stable
-9.32697,-2.60351,1,stable
-11.48975,-3.41361,1,stable
-9.96038,-2.88704,1,stable
-9.90002,-2.81745,1,stable
-11.19526,-3.31444,1,stable
-10.69217,-3.14183,1,stable
-17.44925,-4.17303,1,stable
-16.23613,-3.86489,1,stable
-10.89025,-2.12682,1,stable
-16.21183,-3.78029,1,stable
-7.42869,-1.32572,1,stable
-16.17895,-3.76606,1,stable
-9.89953,-2.01439,1,stable
-9.83213,-1.66085,1,stable
-8.96241,-1.49261,1,stable
-11.30459,-1.93949,1,stable
-13.36449,-2.43438,1,stable
-8.92959,-1.43302,1,stable
-9.07137,-1.55088,1,stable
-14.19635,-3.10642,1,stable
-9.53377,-1.51278,1,stable
-15.12767,-3.07214,1,stable
-12.22465,-2.30046,1,stable
-10.98173,-1.85868,1,stable
-8.05243,-0.97262,1,stable
-15.01737,-3.1267,1,stable
-20.13065,-3.38528,1,stable
-19.44019,-3.22836,1,stable
-9.45157,-1.2282,1,stable
-9.70549,-1.20912,1,stable
-14.70837,-2.35426,1,stable
-12.57731,-1.91416,1,stable
-12.47279,-1.28228,1,stable
-14.70783,-1.86488,1,stable
-11.63585,-1.1619,1,stable
-12.23745,-1.8299,1,stable
-15.07127,-2.27306,1,stable
-11.93791,-0.88696,1,stable
-13.29391,-1.32706,1,stable
-10.44019,-0.80692,1,stable
-13.54721,-1.96156,1,stable
-15.50314,-1.42891,1,stable
-9.3382,-0.59173,1,stable
-11.96134,-0.79669,1,stable
-12.36484,-1.02999,1,stable
-14.25856,-0.94991,1,stable
-16.67972,-1.15647,1,stable
-19.86652,-2.11389,1,stable
-11.86058,-0.78725,1,stable
-17.51716,-1.90305,1,stable
-16.63584,-1.49145,1,stable
-12.4377,-0.92671,1,stable
-16.4735,-1.07767,1,stable
-17.3794,-1.85687,1,stable
-11.85014,-1.10063,1,stable
-16.64706,-1.48797,1,stable
-13.67084,-1.47691,1,stable
-14.0116,-1.37991,1,stable
-14.7603,-1.67249,1,stable
-13.10476,-1.35275,1,stable
-9.46991,-0.16627,1,stable
-14.44651,-0.35231,1,stable
-12.95323,-0.17863,1,stable
-18.49729,-0.90731,1,stable
-16.29901,-0.48097,1,stable
-13.75657,-0.43781,1,stable
-12.40825,-0.36441,1,stable
-18.86471,-1.20249,1,stable
-15.57715,-0.81685,1,stable
-26.17654,-0.65079,1,stable
-23.52436,-0.44053,1,stable
-23.0037,-0.38425,1,stable
-18.7669,-0.11853,1,stable
-11.42092,0.32881,1,stable
-14.54344,0.12757,1,stable
-12.64542,0.21125,1,stable
-12.06214,0.17223,1,stable
-15.89494,0.15761,1,stable
-21.10774,-0.39549,1,stable
-13.07448,0.25665,1,stable
-11.6919,0.29303,1,stable
-18.01818,-0.07905,1,stable
-16.33018,0.06915,1,stable
-15.41958,0.36239,1,stable
-16.52266,0.23063,1,stable
-15.39118,-0.01229,1,stable
-20.14784,-0.11781,1,stable
-20.22214,-0.03445,1,stable
-18.20972,0.3152,1,stable
-26.12374,0.04394,1,stable
-10.12874,0.51342,1,stable
-6.81144,0.3993,1,stable
-23.57616,0.21584,1,stable
-19.34668,0.33964,1,stable
-13.73178,0.53932,1,stable
-12.04426,0.61198,1,stable
-16.33472,0.4525,1,stable
-10.01352,0.63976,1,stable
-19.98958,0.38328,1,stable
-10.27286,0.63902,1,stable
-14.29248,0.36532,1,stable
-9.29004,0.511,1,stable
-15.35318,0.41994,1,stable
-16.8037,0.55708,1,stable
-13.44628,0.2916,1,stable
-22.94346,0.40962,1,stable
-19.79858,0.36254,1,stable
-9.6877,0.44104,1,stable
-6.52758,0.3139,1,stable
-23.04774,0.52842,1,stable
-18.86052,0.48616,1,stable
-4.41998,0.2124,1,stable
-20.73104,0.55826,1,stable
-19.55464,0.53304,1,stable
-16.07794,0.5815,1,stable
-10.42844,0.62552,1,stable
-10.46268,0.62902,1,stable
-10.56974,0.65642,1,stable
-17.45444,0.62092,1,stable
-14.43596,0.53814,1,stable
-15.18254,0.60784,1,stable
-14.19444,0.62388,1,stable
-10.59126,0.6172,1,stable
-16.43976,0.636,1,stable
-12.0667,0.6029,1,stable
-15.7976,0.59318,1,stable
-10.73406,0.54646,1,stable
-12.20086,0.49,1,stable
-14.13516,0.69986,1,stable
-10.09362,0.49458,1,stable
-13.22872,0.72938,1,stable
-6.46134,0.06728,1,stable
-9.30412,0.05562,1,stable
-22.659,0.5223,1,stable
-14.4763,0.10262,1,stable
-17.80512,0.25442,1,stable
-10.03052,0.30968,1,stable
-9.80158,0.32652,1,stable
-17.86158,0.4527,1,stable
-14.4125,0.33846,1,stable
-19.49724,0.59698,1,stable
-8.38932,0.61154,1,stable
-19.52462,0.5819,1,stable
-15.34308,0.52144,1,stable
-16.31236,0.58628,1,stable
-12.19906,0.48852,1,stable
-15.97814,0.25842,1,stable
-10.21674,0.11578,1,stable
-11.55396,0.23814,1,stable
-7.67268,0.34824,1,stable
-11.65308,0.29488,1,stable
-6.85274,0.3591,1,stable
-9.4635,0.56702,1,stable
-19.514,0.49182,1,stable
-15.14786,0.27776,1,stable
-19.59158,0.58014,1,stable
-9.25298,0.67694,1,stable
-9.003,0.60138,1,stable
-7.5924,0.4832,1,stable
-12.20546,0.7227,1,stable
-9.16398,0.7032,1,stable
-14.27464,0.60196,1,stable
-14.63482,0.4431,1,stable
-17.19942,0.39418,1,stable
-12.65354,0.5866,1,stable
-9.6147,0.5875,1,stable
-12.65208,0.51198,1,stable
-17.73132,0.42562,1,stable
-12.38172,0.49498,1,stable
-16.24758,0.54064,1,stable
-10.7498,0.31156,1,stable
-17.23474,0.3881,1,stable
-10.49486,0.40524,1,stable
-14.64732,0.3434,1,stable
-18.28784,0.59816,1,stable
-17.36984,0.33856,1,stable
-14.38006,0.40582,1,stable
-14.25926,0.5559,1,stable
-15.34684,0.4726,1,stable
-16.18178,0.40762,1,stable
-12.0915,0.56058,1,stable
-18.1109,0.59452,1,stable
-22.55284,0.43854,1,stable
-16.85078,0.3457,1,stable
-11.19188,0.26946,1,stable
-10.51098,0.23882,1,stable
-9.74048,0.12342,1,stable
-9.96454,0.10548,1,stable
-22.43798,0.45022,1,stable
-21.13506,0.42752,1,stable
-10.94922,0.14554,1,stable
-7.70344,0.24798,1,stable
-4.12558,0.05722,1,stable
-17.81884,0.41926,1,stable
-18.46252,0.47078,1,stable
-10.13474,0.49398,1,stable
-9.26802,0.25418,1,stable
-9.97502,0.41264,1,stable
-8.35736,0.41818,1,stable
-14.9652,0.38164,1,stable
-15.85516,0.32662,1,stable
-9.23228,0.4631,1,stable
-9.84392,0.4234,1,stable
-16.64768,0.18684,1,stable
-7.65776,0.19354,1,stable
-7.0836,0.16296,1,stable
-17.24658,0.47068,1,stable
-23.25624,0.38696,1,stable
-22.0682,0.36978,1,stable
-20.0845,0.32798,1,stable
-7.09236,0.03416,1,stable
-21.95766,0.41764,1,stable
-18.3247,0.32998,1,stable
-8.6516,0.17228,1,stable
-18.4051,0.29968,1,stable
-12.25912,0.2613,1,stable
-15.94508,0.27496,1,stable
-11.42258,-0.0593,1,stable
-15.45284,0.2908,1,stable
-13.39646,0.38516,1,stable
-14.87318,0.39876,1,stable
-15.02914,0.36482,1,stable
-7.60068,0.05708,1,stable
-15.47818,0.30788,1,stable
-7.68076,0.09194,1,stable
-11.39296,0.15612,1,stable
-20.93466,0.32532,1,stable
-10.17932,0.06686,1,stable
-9.6685,0.03074,1,stable
-9.8149,0.07846,1,stable
-11.68984,0.23802,1,stable
-15.60602,0.24656,1,stable
-9.2015,0.19778,1,stable
-9.1705,0.03464,1,stable
-4.74446,0.00704,1,stable
-17.9827,0.342,1,stable
-10.05914,0.28664,1,stable
-15.66086,0.28422,1,stable
-11.9345,0.32656,1,stable
-10.29864,0.27738,1,stable
-6.4529,0.09602,1,stable
-9.5142,0.26812,1,stable
-14.34326,0.29882,1,stable
-7.55624,0.04444,1,stable
-15.25964,0.29384,1,stable
-15.73812,0.43652,1,stable
-6.94568,0.06686,1,stable
-16.21596,0.30026,1,stable
-13.654,0.22938,1,stable
-8.02296,0.15906,1,stable
-15.14848,0.32606,1,stable
-6.89832,0.0408,1,stable
-11.59784,0.33666,1,stable
-6.3306,0.1223,1,stable
-16.47276,0.45384,1,stable
-13.9836,0.25758,1,stable
-13.11996,0.35804,1,stable
-14.73332,0.2874,1,stable
-15.6862,0.3812,1,stable
-13.62128,0.24872,1,stable
-9.76588,0.06046,1,stable
-13.60668,0.33594,1,stable
-17.86084,0.43372,1,stable
-12.67476,0.26404,1,stable
-4.317,-0.03064,1,stable
-12.68636,0.4344,1,stable
-7.53732,0.1478,1,stable
-11.21312,0.38644,1,stable
-7.39364,0.07784,1,stable
-12.97212,0.43696,1,stable
-9.42336,0.32192,1,stable
-9.5536,0.36492,1,stable
-10.10252,0.44116,1,stable
-15.44272,0.48756,1,stable
-16.4342,0.32572,1,stable
-20.98296,0.13308,1,stable
-10.03176,0.06284,1,stable
-9.31428,0.22016,1,stable
-9.95032,0.1258,1,stable
-12.38364,0.30272,1,stable
-10.96404,0.24908,1,stable
-13.96764,-0.25144,1,stable
-14.17472,0.239,1,stable
-14.84084,0.05144,1,stable
-13.54832,0.3286,1,stable
-12.01092,0.2346,1,stable
-12.7116,0.23956,1,stable
-15.02564,0.28824,1,stable
-11.60148,0.05324,1,stable
-19.49976,0.20624,1,stable
-8.57872,0.0068,1,stable
-15.80136,0.21056,1,stable
-8.55088,0.07604,1,stable
-7.7496,0.03096,1,stable
-14.11736,0.14828,1,stable
-15.97844,0.18608,1,stable
-10.65284,0.13612,1,stable
-7.89868,0.07448,1,stable
-15.72824,0.31776,1,stable
-7.39828,0.0322,1,stable
-21.73552,0.26796,1,stable
-10.43212,0.03984,1,stable
-12.59444,0.13784,1,stable
-10.7024,0.09516,1,stable
-7.70992,0.02808,1,stable
-16.25004,0.18156,1,stable
-6.78612,0.00916,1,stable
-7.144,0.0314,1,stable
-14.64076,0.39068,1,stable
-12.28104,0.19728,1,stable
-11.18332,0.2174,1,stable
-8.84488,0.40196,1,stable
-7.63288,0.39928,1,stable
-15.66204,-0.026,1,stable
-19.20156,0.028,1,stable
-16.88024,-0.00656,1,stable
-8.53616,-0.04016,1,stable
-7.60432,-0.03296,1,stable
-3.96692,-0.04288,1,stable
-10.72204,-0.01964,1,stable
-16.20264,0.0474,1,stable
-12.05148,-0.03744,1,stable
-15.6908,0.07344,1,stable
-12.28856,-0.00752,1,stable
-7.86692,-0.02236,1,stable
-14.72428,-0.23748,1,stable
-11.2094,-0.03532,1,stable
-8.28724,-0.04824,1,stable
-12.4414,0.03196,1,stable
-11.83196,-0.01512,1,stable
-11.93368,-0.03048,1,stable
-15.43588,-0.01844,1,stable
-21.85396,-0.68188,1,stable
-13.4954,-0.46624,1,stable
-17.37184,-0.6066,1,stable
-11.25764,-0.5356,1,stable
-9.82564,-0.6306,1,stable
-7.91864,-0.5974,1,stable
-14.70384,-0.58764,1,stable
-9.30552,-0.61848,1,stable
-12.56312,-0.47096,1,stable
-6.61604,-0.52804,1,stable
-14.7186,-0.64852,1,stable
-8.13288,-0.558,1,stable
-12.97916,-0.53776,1,stable
-13.84412,-0.60316,1,stable
-10.38608,-0.61144,1,stable
-1.49699,14.80497,2,transition
-1.260755,8.988125,2,transition
-1.266085,9.185035,2,transition
-0.93716,5.87376,2,transition
-1.12849,6.95671,2,transition
-1.4833425,15.8884975,2,transition
-1.1267425,10.0850175,2,transition
-1.1865475,6.4470525,2,transition
-1.2012525,11.2268275,2,transition
-1.07444,7.29288,2,transition
-1.385785,12.802735,2,transition
-1.2213425,6.8915775,2,transition
-0.761695,6.405385,2,transition
-4.322545,-2.685095,1,stable
-4.599055,-2.8478625,1,stable
-3.175805,-1.90972,1,stable
-3.134005,-1.8739525,1,stable
-3.465605,-2.0769025,1,stable
-1.74438,-1.021595,1,stable
-3.57353,-2.1677075,1,stable
-2.761385,-1.6683175,1,stable
-3.27056,-1.962925,1,stable
-3.69094,-2.2420875,1,stable
-2.88107,-1.7413175,1,stable
-3.70301,-2.2706825,1,stable
-3.466755,-2.111365,1,stable
-3.00723,-1.8244025,1,stable
-3.264695,-1.977985,1,stable
-3.15083,-1.89695,1,stable
-3.09221,-1.860375,1,stable
-3.093195,-1.8594325,1,stable
-3.61233,-2.2805525,1,stable
-3.86956,-2.3687475,1,stable
-8.49896,-3.819875,1,stable
-8.12594,-3.634155,1,stable
-5.22833,-2.005315,1,stable
-7.83502,-3.512475,1,stable
-7.45013,-3.268645,1,stable
-7.6884,-3.38801,1,stable
-6.76296,-2.94,1,stable
-4.39714,-1.758355,1,stable
-3.1497,-1.20785,1,stable
-4.82564,-1.989655,1,stable
-7.1573,-3.076575,1,stable
-5.36935,-2.21101,1,stable
-5.43344,-2.16288,1,stable
-5.87041,-2.46605,1,stable
-5.71349,-2.30566,1,stable
-5.11208,-2.031415,1,stable
-5.65921,-2.36114,1,stable
-6.05102,-2.521385,1,stable
-4.92268,-2.03411,1,stable
-5.44961,-2.234895,1,stable
-4.31736,-1.757895,1,stable
-7.48933,-3.24983,1,stable
-5.15007,-2.07662,1,stable
-5.62956,-2.517055,1,stable
-7.41457,-3.243125,1,stable
-5.8586,-2.347895,1,stable
-8.65069,-2.61993,1,stable
-7.43483,-2.2105,1,stable
-7.24051,-2.04301,1,stable
-9.81659,-3.03482,1,stable
-8.68638,-2.61185,1,stable
-7.29074,-2.04444,1,stable
-7.77132,-2.18211,1,stable
-7.25974,-2.17116,1,stable
-7.164,-1.70131,1,stable
-7.42041,-1.79085,1,stable
-8.73234,-2.06333,1,stable
-8.13234,-2.13359,1,stable
-8.8459,-2.38149,1,stable
-8.75043,-2.40662,1,stable
-7.46537,-2.06469,1,stable
-11.08723,-2.12998,1,stable
-11.24003,-2.3066,1,stable
-4.86537,-0.8711,1,stable
-9.19651,-1.91089,1,stable
-9.55301,-2.16857,1,stable
-9.75801,-2.2992,1,stable
-8.86649,-1.87707,1,stable
-8.27981,-2.31854,1,stable
-9.67093,-2.31319,1,stable
-11.11837,-2.96135,1,stable
-8.47455,-1.55852,1,stable
-9.00089,-1.69392,1,stable
-17.79358,-2.50395,1,stable
-16.95684,-2.29393,1,stable
-9.01738,-0.76489,1,stable
-9.73316,-0.90281,1,stable
-8.7311,-0.73269,1,stable
-5.36272,-0.49735,1,stable
-4.94658,-0.56635,1,stable
-14.98508,-2.62441,1,stable
-14.8562,-2.54611,1,stable
-10.47664,-1.35541,1,stable
-13.6302,-2.20371,1,stable
-10.84196,-1.52979,1,stable
-11.3148,-2.18425,1,stable
-16.81442,-2.63169,1,stable
-11.0696,-1.63605,1,stable
-16.13638,-2.44595,1,stable
-10.71592,-1.13971,1,stable
-14.31788,-1.84999,1,stable
-14.67806,-2.48453,1,stable
-13.77597,-1.32867,1,stable
-12.29301,-1.08949,1,stable
-13.01327,-0.88279,1,stable
-10.42001,-0.75359,1,stable
-9.33371,-0.60261,1,stable
-14.71079,-1.32429,1,stable
-11.08263,-0.76693,1,stable
-12.54069,-1.01165,1,stable
-12.13747,-0.92139,1,stable
-11.93237,-0.80507,1,stable
-11.72811,-0.72799,1,stable
-14.24807,-1.30527,1,stable
-15.21737,-1.54201,1,stable
-14.80141,-1.38293,1,stable
-12.84069,-1.11937,1,stable
-18.01099,-1.64037,1,stable
-18.26827,-1.75165,1,stable
-10.85536,-0.00091,1,stable
-14.42522,-0.37357,1,stable
-8.4427,0.09069,1,stable
-5.93098,0.23013,1,stable
-16.68734,-0.31363,1,stable
-12.63084,0.02531,1,stable
-15.35864,-0.31213,1,stable
-10.82596,0.19819,1,stable
-12.2637,0.03555,1,stable
-12.25944,-0.01199,1,stable
-14.25766,-0.27605,1,stable
-10.66498,-0.64367,1,stable
-17.03418,-0.85831,1,stable
-13.45508,0.17634,1,stable
-12.02424,0.2934,1,stable
-11.93182,0.29822,1,stable
-9.2789,0.4527,1,stable
-5.20696,0.09178,1,stable
-9.71138,0.60324,1,stable
-11.05086,0.5578,1,stable
-15.11792,0.24072,1,stable
-16.77488,0.26854,1,stable
-11.6151,0.57094,1,stable
-13.80818,0.37702,1,stable
-6.70976,0.43082,1,stable
-11.20722,0.40492,1,stable
-11.86602,0.48594,1,stable
-9.57318,0.31334,1,stable
-17.38222,0.18852,1,stable
-14.73492,0.2113,1,stable
-13.87546,0.13162,1,stable
-9.19692,0.2324,1,stable
-10.91062,0.06218,1,stable
-9.90658,0.01598,1,stable
-11.50266,-0.2187,1,stable
-19.83266,-0.36838,1,stable
-19.16084,-0.463,1,stable
-18.92156,0.35828,1,stable
-19.11334,0.49456,1,stable
-14.03696,0.52388,1,stable
-16.7325,0.6545,1,stable
-8.59046,0.68844,1,stable
-10.76132,0.70214,1,stable
-13.57046,0.703,1,stable
-10.8708,0.74364,1,stable
-9.99168,0.71964,1,stable
-13.2061,0.6767,1,stable
-14.91846,0.60472,1,stable
-10.04914,0.70544,1,stable
-10.22754,0.68308,1,stable
-15.91438,0.60164,1,stable
-9.8505,0.73912,1,stable
-19.53862,0.5418,1,stable
-18.62952,0.53132,1,stable
-18.9851,0.6846,1,stable
-8.07606,0.82896,1,stable
-17.91588,0.8372,1,stable
-8.3484,0.70608,1,stable
-8.00442,0.88594,1,stable
-13.22446,0.80998,1,stable
-10.64274,0.76526,1,stable
-11.04574,0.8296,1,stable
-15.83802,0.82216,1,stable
-19.56036,0.52408,1,stable
-18.13934,0.84556,1,stable
-14.39844,0.96104,1,stable
-14.4665,0.95966,1,stable
-23.43336,0.88388,1,stable
-18.12626,0.85884,1,stable
-6.34942,0.69492,1,stable
-6.53584,0.86348,1,stable
-6.39656,0.83692,1,stable
-3.78918,0.61202,1,stable
-3.8515,0.54174,1,stable
-8.41726,0.85464,1,stable
-7.83816,0.85392,1,stable
-9.63734,0.82436,1,stable
-10.3994,0.90896,1,stable
-7.19584,0.87102,1,stable
-11.68102,0.86502,1,stable
-7.09686,0.86976,1,stable
-7.5373,0.83826,1,stable
-14.9454,0.89262,1,stable
-8.68742,0.83514,1,stable
-13.67564,0.89072,1,stable
-10.23718,0.906,1,stable
-5.75668,0.8399,1,stable
-9.48298,0.86376,1,stable
-16.31008,1.10724,1,stable
-21.62738,0.91052,1,stable
-9.40578,0.73788,1,stable
-14.1238,0.92024,1,stable
-8.06638,0.89714,1,stable
-14.32022,0.89448,1,stable
-11.32562,0.89108,1,stable
-5.9653,0.9437,1,stable
-4.69422,0.07382,1,stable
-6.15274,0.91792,1,stable
-8.78514,0.8865,1,stable
-12.40052,0.87898,1,stable
-6.31764,0.77922,1,stable
-5.5924,0.72484,1,stable
-15.28106,1.02902,1,stable
-18.7349,0.85768,1,stable
-8.68108,0.69758,1,stable
-5.22524,0.81092,1,stable
-14.73688,0.85516,1,stable
-5.42628,0.90802,1,stable
-13.23526,0.86114,1,stable
-6.23982,0.64158,1,stable
-19.12132,0.82378,1,stable
-14.01112,0.76462,1,stable
-10.51678,0.7431,1,stable
-11.58222,0.8183,1,stable
-9.39448,0.78178,1,stable
-3.74986,0.60578,1,stable
-12.015,0.81572,1,stable
-12.33926,0.78916,1,stable
-12.60486,0.6917,1,stable
-13.61866,0.66216,1,stable
-11.02474,0.62152,1,stable
-7.88526,0.54718,1,stable
-15.39658,0.84496,1,stable
-9.50892,0.52766,1,stable
-15.61318,0.76156,1,stable
-13.98312,0.75376,1,stable
-4.16598,0.71216,1,stable
-1.83682,0.29336,1,stable
-2.8579,0.7002,1,stable
-7.2305,0.76784,1,stable
-5.87954,0.6841,1,stable
-9.65008,0.68852,1,stable
-9.52344,0.62634,1,stable
-12.14646,0.7453,1,stable
-10.95102,0.6604,1,stable
-11.97652,0.62834,1,stable
-14.25914,0.5923,1,stable
-10.51916,0.50558,1,stable
-5.82902,0.45096,1,stable
-9.75096,0.53284,1,stable
-5.94676,0.64834,1,stable
-3.70386,0.57242,1,stable
-9.07888,0.65436,1,stable
-0.815,0.52458,2,transition
-3.56098,0.70964,1,stable
-3.82222,0.68698,1,stable
-5.2295,0.71972,1,stable
-6.32758,0.71248,1,stable
-5.82624,0.70286,1,stable
-2.24936,0.60854,1,stable
-6.462,0.71252,1,stable
-9.70144,0.69696,1,stable
-12.61348,0.67308,1,stable
-6.9642,0.69118,1,stable
-11.29176,0.6473,1,stable
-7.10156,0.62724,1,stable
-5.23374,0.58474,1,stable
-7.18606,0.6804,1,stable
-10.55182,0.70876,1,stable
-7.42208,0.67058,1,stable
-4.92976,0.58606,1,stable
-14.90762,0.6698,1,stable
-8.30318,0.55922,1,stable
-10.0374,0.48176,1,stable
-8.62382,0.61454,1,stable
-11.17462,0.58396,1,stable
-4.04396,0.626,1,stable
-11.25164,0.5728,1,stable
-7.13952,0.5157,1,stable
-3.185,0.4418,1,stable
-1.45776,0.5572,2,transition
-4.5913,0.51512,1,stable
-1.76062,0.50584,1,stable
-6.54102,0.64504,1,stable
-5.84936,0.56088,1,stable
-11.00688,0.52242,1,stable
-9.53598,0.50924,1,stable
-10.4581,0.53592,1,stable
-13.04382,0.45044,1,stable
-13.90364,0.5656,1,stable
-7.6727,0.4776,1,stable
-10.23306,0.5571,1,stable
-9.09402,0.51468,1,stable
-16.31226,0.46572,1,stable
-17.46248,0.50488,1,stable
-3.38016,0.45474,1,stable
-14.67606,0.5261,1,stable
-3.2871,0.28216,1,stable
-10.23442,0.49356,1,stable
-6.50358,0.49564,1,stable
-5.45818,0.40484,1,stable
-3.29334,0.52228,1,stable
-9.56794,0.51352,1,stable
-3.70132,0.50394,1,stable
-6.5193,0.46906,1,stable
-4.64316,0.5365,1,stable
-13.89706,0.5873,1,stable
-9.43516,0.4266,1,stable
-4.86384,0.45316,1,stable
-4.90872,0.51918,1,stable
-2.65716,0.5151,1,stable
-2.52708,0.47792,1,stable
-6.49936,0.4368,1,stable
-12.6706,0.37322,1,stable
-9.96666,0.51818,1,stable
-7.83056,0.43192,1,stable
-7.27656,0.44516,1,stable
-12.57604,0.51272,1,stable
-10.4816,0.49248,1,stable
-2.088,0.44316,1,stable
-4.66112,0.3554,1,stable
-2.31684,0.37958,1,stable
-4.24404,0.42968,1,stable
-5.63064,0.41356,1,stable
-10.34068,0.53634,1,stable
-5.06996,0.38822,1,stable
-5.79964,0.47198,1,stable
-13.38316,0.5139,1,stable
-8.38724,0.45644,1,stable
-4.10752,0.51234,1,stable
-2.04648,0.4806,1,stable
-5.99924,0.50012,1,stable
-13.43696,0.50636,1,stable
-11.01368,0.51554,1,stable
-6.70092,0.50466,1,stable
-11.10904,0.6069,1,stable
-5.66244,0.42952,1,stable
-5.94288,0.37732,1,stable
-2.43428,0.09068,1,stable
-1.91504,0.47616,1,stable
-2.38416,0.34168,1,stable
-5.9192,0.39072,1,stable
-15.2192,0.48708,1,stable
-1.54628,0.47388,2,transition
-15.70836,0.49188,1,stable
-1.91056,0.40628,1,stable
-4.24748,0.4856,1,stable
-5.41724,0.4538,1,stable
-4.0842,0.45492,1,stable
-5.20864,0.422,1,stable
-3.72228,0.49856,1,stable
-4.83788,0.44456,1,stable
-5.27396,0.48152,1,stable
-2.79504,0.39168,1,stable
-3.15188,0.41184,1,stable
-8.64544,0.56032,1,stable
-8.68916,0.53356,1,stable
-6.77652,0.506,1,stable
-7.83192,0.55532,1,stable
-3.05712,0.5434,1,stable
-12.79956,0.6374,1,stable
-6.14484,0.55608,1,stable
-5.0318,0.53096,1,stable
-6.51256,0.61508,1,stable
-4.55352,0.57752,1,stable
-14.41352,0.47576,1,stable
-2.13588,0.4276,1,stable
-10.9562,0.43328,1,stable
-2.05388,0.4928,1,stable
-1.68268,0.45476,2,transition
-1.13512,0.47372,2,transition
-8.1834,0.46716,1,stable
-3.8032,0.51432,1,stable
-7.11576,0.49688,1,stable
-3.2342,0.48808,1,stable
-9.23524,0.5424,1,stable
-5.3302,0.53944,1,stable
-6.58164,0.4778,1,stable
-4.71392,0.47628,1,stable
-7.92716,0.51004,1,stable
-10.32644,0.4936,1,stable
-1.58752,0.45676,2,transition
-7.43276,0.53284,1,stable
-9.64948,0.52396,1,stable
-11.62228,0.59276,1,stable
-5.71572,0.45804,1,stable
-2.91284,0.45972,1,stable
-1.3436,0.42916,2,transition
-6.34104,0.45804,1,stable
-4.73844,0.44756,1,stable
-0.37776,0.45432,2,transition
-0.6094,0.4682,2,transition
-3.80252,0.38148,1,stable
-3.94264,0.35968,1,stable
0.94188,0.16572,2,transition
-4.09908,0.38152,1,stable
-5.86132,0.44632,1,stable
-1.39944,0.39128,2,transition
-8.0096,0.44036,1,stable
-6.8782,0.44156,1,stable
-0.73692,0.3778,2,transition
-11.10376,0.51852,1,stable
-6.95932,0.47044,1,stable
-7.63084,0.52044,1,stable
-11.70376,-0.13328,1,stable
-8.66676,-0.12752,1,stable
-5.43824,0.27748,1,stable
-5.11908,0.19268,1,stable
-1.92128,-0.11524,1,stable
-0.41556,-0.0378,2,transition
-10.7168,-0.04804,1,stable
-4.07132,0.16448,1,stable
-3.33896,-0.03532,1,stable
-3.75852,0.07968,1,stable
-11.79516,-0.07716,1,stable
-2.63184,-0.09556,1,stable
-7.06704,0.04772,1,stable
-6.63536,0.04184,1,stable
-8.86256,0.00872,1,stable
-4.47188,-0.08364,1,stable
-10.45452,-0.02248,1,stable
-5.53196,-0.13428,1,stable
-9.83064,-1.16388,1,stable
-13.33944,-1.1838,1,stable
-12.28724,-1.18716,1,stable
-10.04844,-1.15716,1,stable
-7.50168,-1.07248,1,stable
-2.5242,-0.83064,1,stable
-1.76508,-0.86028,1,stable
-3.28636,-1.01884,1,stable
-4.4798,-1.13828,1,stable
-7.62964,-1.17516,1,stable
-9.65344,-0.97336,1,stable
-2.5456,-1.006,1,stable
-4.81656,-0.7868,1,stable
-8.05356,-0.96328,1,stable
-10.87136,-0.9492,1,stable
-9.49672,-0.9692,1,stable
-2.53708,-0.74916,1,stable
-2.5243975,9.7628425,2,transition
-1.8042075,0.8602725,1,stable
-1.70634,0.81786,1,stable
-2.036225,2.077815,1,stable
-1.9935325,0.2066675,1,stable
-2.008525,3.455875,1,stable
-1.490345,-1.689305,2,transition
-2.2010175,5.0747025,2,transition
-2.35084,6.20012,2,transition
-2.2349425,3.2306975,1,stable
-1.5451575,1.2514425,2,transition
-2.125885,4.781275,2,transition
-1.57884,3.78672,2,transition
-2.060255,5.933305,2,transition
-2.01235,5.11345,2,transition
-1.89031,1.98989,1,stable
-1.4750725,4.8457275,2,transition
-6.535975,-3.760175,1,stable
-4.8109,-2.6462625,1,stable
-5.838145,-3.3137475,1,stable
-5.72965,-3.3325325,1,stable
-2.52494,-1.301995,1,stable
-5.417405,-3.159965,1,stable
-4.2953,-2.441435,1,stable
-4.328815,-2.391895,1,stable
-4.95226,-2.79772,1,stable
-4.8682,-2.7711375,1,stable
-5.01473,-2.93265,1,stable
-3.149705,-1.77944,1,stable
-4.490065,-2.6082975,1,stable
-5.08378,-2.95748,1,stable
-4.909665,-2.8152325,1,stable
-3.682925,-2.0896975,1,stable
-4.39276,-2.5294325,1,stable
-11.24065,-4.586865,2,transition
-7.17454,-2.6275,1,stable
-7.90888,-2.79217,1,stable
-7.05466,-2.387485,1,stable
-5.29209,-1.768685,1,stable
-6.76722,-2.48421,1,stable
-7.02764,-2.55638,1,stable
-8.32602,-3.166815,1,stable
-7.80858,-3.160785,1,stable
-6.8071,-2.452405,1,stable
-7.33875,-2.659745,1,stable
-8.32713,-3.346975,1,stable
-8.52884,-3.51411,1,stable
-8.06951,-3.06609,1,stable
-4.97493,-1.825225,1,stable
-5.99546,-2.31763,1,stable
-8.05623,-3.09513,1,stable
-7.87609,-2.966425,1,stable
-7.56103,-2.80566,1,stable
-8.37274,-3.331975,1,stable
-11.12468,-2.96353,1,stable
-8.0127,-1.99967,1,stable
-8.90051,-2.15455,1,stable
-7.80825,-1.91935,1,stable
-9.07066,-2.479,1,stable
-9.98522,-2.6172,1,stable
-8.04074,-2.00986,1,stable
-11.05707,-2.4574,1,stable
-9.40711,-2.58801,1,stable
-7.82052,-1.48422,1,stable
-10.02409,-2.73667,1,stable
-10.06649,-2.78118,1,stable
-8.35084,-1.92709,1,stable
-8.68553,-2.55635,1,stable
-19.26604,-4.23372,1,stable
-14.86318,-2.98113,1,stable
-10.35648,-1.88219,1,stable
-8.97846,-1.67379,1,stable
-7.57662,-1.44045,1,stable
-9.63838,-1.67031,1,stable
-9.0752,-1.61622,1,stable
-10.77912,-1.89732,1,stable
-14.9461,-2.99274,1,stable
-12.23834,-2.28613,1,stable
-13.60344,-2.64523,1,stable
-14.78354,-2.76066,1,stable
-11.89178,-2.28327,1,stable
-12.91724,-2.39161,1,stable
-9.70646,-1.81603,1,stable
-14.97052,-2.96755,1,stable
-13.63836,-2.64206,1,stable
-12.00542,-2.06715,1,stable
-11.78266,-2.37256,1,stable
-12.56364,-2.08406,1,stable
-12.96175,-1.68133,1,stable
-15.33863,-2.02949,1,stable
-19.25911,-3.13919,1,stable
-11.28641,-1.50147,1,stable
-13.39911,-1.77839,1,stable
-13.30329,-1.72155,1,stable
-12.92079,-2.19935,1,stable
-10.12053,-1.70789,1,stable
-14.50727,-2.06819,1,stable
-12.83339,-1.85945,1,stable
-12.21521,-1.88647,1,stable
-14.68986,-1.72811,1,stable
-17.17418,-1.83141,1,stable
-12.52142,-1.34881,1,stable
-14.39726,-1.36127,1,stable
-15.6086,-1.49603,1,stable
-15.16096,-1.34999,1,stable
-15.83488,-1.32761,1,stable
-14.1183,-1.08301,1,stable
-15.33394,-1.33675,1,stable
-16.21838,-1.38195,1,stable
-17.5045,-2.01537,1,stable
-17.1147,-2.04813,1,stable
-16.24118,-1.90147,1,stable
-10.4883,-0.80839,1,stable
-19.09494,-2.52837,1,stable
-26.55182,-2.07798,1,stable
-15.06084,-0.91366,1,stable
-11.86354,-0.472,1,stable
-21.02136,-1.3211,1,stable
-8.39644,-0.2897,1,stable
-16.28598,-0.95262,1,stable
-17.28864,-1.16856,1,stable
-17.02604,-0.82834,1,stable
-15.45748,-0.81412,1,stable
-18.86262,-1.35392,1,stable
-15.35592,-0.65666,1,stable
-18.98518,-1.12436,1,stable
-14.44834,-1.10994,1,stable
-17.2516,-0.95424,1,stable
-13.36652,-0.8174,1,stable
-19.01526,-1.275,1,stable
-6.92806,0.1409,1,stable
-15.30466,-0.13142,1,stable
-16.95904,-0.51776,1,stable
-12.42008,0.09214,1,stable
-16.85476,-0.5077,1,stable
-15.22724,0.04318,1,stable
-10.08826,0.02538,1,stable
-20.2541,-0.04968,1,stable
-19.07566,-0.80388,1,stable
-18.88994,0.0498,1,stable
-15.803,-0.16228,1,stable
-19.24546,-0.11652,1,stable
-17.16934,-0.00238,1,stable
-20.49472,-0.16342,1,stable
-15.79968,0.07554,1,stable
-15.56123,0.24521,1,stable
-14.17477,0.39359,1,stable
-24.88903,-0.09795,1,stable
-13.88267,0.26525,1,stable
-6.98361,0.23259,1,stable
-15.69485,0.21179,1,stable
-19.33117,0.41331,1,stable
-12.90837,0.40331,1,stable
-18.38561,0.50433,1,stable
-15.84139,0.34891,1,stable
-11.96443,0.55121,1,stable
-21.61557,0.41465,1,stable
-13.42537,0.54397,1,stable
-13.59473,1.04931,1,stable
-16.01653,0.89861,1,stable
-15.24931,0.55037,1,stable
-21.11432,0.40729,1,stable
-24.00406,0.46395,1,stable
-13.33084,0.51725,1,stable
-11.22056,0.52117,1,stable
-25.07744,0.46455,1,stable
-6.31412,0.34365,1,stable
-16.32924,0.45677,1,stable
-13.1814,0.52485,1,stable
-6.87828,0.15821,1,stable
-11.59164,0.47119,1,stable
-19.59322,0.53927,1,stable
-15.4941,0.60619,1,stable
-15.0914,0.60345,1,stable
-17.0521,0.54103,1,stable
-15.05286,0.44725,1,stable
-14.08524,0.59157,1,stable
-17.56332,0.52547,1,stable
-15.87732,0.45155,1,stable
-16.585,0.67891,1,stable
-16.08118,0.54905,1,stable
-15.63902,0.52765,1,stable
-13.41224,0.48899,1,stable
-14.23982,0.63661,1,stable
-13.81788,0.63033,1,stable
-13.04896,0.575,1,stable
-11.62072,0.6072,1,stable
-22.06112,0.48978,1,stable
-16.12014,0.59038,1,stable
-12.0285,0.46582,1,stable
-25.74908,0.40842,1,stable
-22.01548,0.39536,1,stable
-15.79458,0.487,1,stable
-16.02012,0.56488,1,stable
-14.19212,0.46572,1,stable
-10.04064,0.38022,1,stable
-12.66868,0.31928,1,stable
-22.27778,0.54758,1,stable
-13.76458,0.613,1,stable
-11.81408,0.40562,1,stable
-11.81472,0.48764,1,stable
-12.61736,0.5482,1,stable
-11.89306,0.54692,1,stable
-15.32184,0.58184,1,stable
-14.72904,0.56762,1,stable
-19.6065,0.52786,1,stable
-15.43276,0.52012,1,stable
-16.30054,0.4726,1,stable
-14.56252,0.54346,1,stable
-10.13414,0.23152,1,stable
-12.01206,0.22628,1,stable
-14.72978,0.45472,1,stable
-15.64908,0.43114,1,stable
-16.93214,0.4124,1,stable
-12.65454,0.32892,1,stable
-15.63998,0.31298,1,stable
-13.39318,0.42464,1,stable
-13.17598,0.23928,1,stable
-10.30572,0.87366,1,stable
-19.38424,0.57768,1,stable
-9.88508,0.49856,1,stable
-23.64096,0.48708,1,stable
-6.675,0.28408,1,stable
-15.01296,0.51356,1,stable
-13.61184,0.50116,1,stable
-14.4418,0.53904,1,stable
-12.14636,0.51268,1,stable
-20.62888,0.55072,1,stable
-13.53352,0.49518,1,stable
-14.2498,0.4812,1,stable
-16.60024,0.58074,1,stable
-17.83352,0.63244,1,stable
-12.9282,0.3259,1,stable
-6.75836,0.18856,1,stable
-5.77888,0.05656,1,stable
-16.58844,0.44532,1,stable
-10.89424,0.5142,1,stable
-12.65788,0.39552,1,stable
-9.4814,0.30312,1,stable
-15.15976,0.52276,1,stable
-14.15592,0.54828,1,stable
-12.87216,0.46204,1,stable
-11.13484,0.4344,1,stable
-11.58668,0.55968,1,stable
-13.62344,0.55368,1,stable
-17.78304,0.6278,1,stable
-12.44948,0.77672,1,stable
-12.99576,0.5654,1,stable
-12.4376,0.4906,1,stable
-11.897,0.43256,1,stable
-13.13024,0.49136,1,stable
-18.10592,0.45856,1,stable
-14.45784,0.45144,1,stable
-13.80692,0.46448,1,stable
-9.21276,0.26864,1,stable
-13.39024,0.46364,1,stable
-15.19596,0.5648,1,stable
-14.36952,0.57296,1,stable
-14.9442,0.6202,1,stable
-11.74656,0.4908,1,stable
-14.7866,0.71156,1,stable
-12.55972,0.45072,1,stable
-8.972,0.46472,1,stable
-7.62244,0.46256,1,stable
-11.15396,0.5104,1,stable
-11.95948,0.4974,1,stable
-11.92148,0.36656,1,stable
-13.61216,0.44152,1,stable
-13.36408,0.39544,1,stable
-12.74896,0.50612,1,stable
-12.39464,0.49284,1,stable
-11.21468,0.4548,1,stable
-12.9792,0.41104,1,stable
-8.70044,0.36312,1,stable
-12.92232,0.50888,1,stable
-12.06164,0.44884,1,stable
-10.13304,0.39284,1,stable
-10.90516,0.32168,1,stable
-7.5322,0.30096,1,stable
-11.28376,0.4628,1,stable
-10.6132,0.42732,1,stable
-9.12392,0.59544,1,stable
-12.28428,0.64672,1,stable
-27.46132,0.34756,1,stable
-26.37932,0.36272,1,stable
-14.2222,0.417,1,stable
-7.6084,0.60672,1,stable
-6.26256,0.12364,1,stable
-7.84196,0.5268,1,stable
-22.0514,0.36316,1,stable
-17.918,0.3668,1,stable
-5.9852,0.14084,1,stable
-5.46788,0.07676,1,stable
-14.815,0.46056,1,stable
-12.88464,0.45524,1,stable
-17.37092,0.4302,1,stable
-9.88684,0.24796,1,stable
-12.5954,0.51312,1,stable
-11.72716,0.4936,1,stable
-14.04,0.53424,1,stable
-10.23668,0.4742,1,stable
-11.41028,0.61256,1,stable
-14.84724,0.8304,1,stable
-10.34496,0.262,1,stable
-17.12052,0.37548,1,stable
-11.78812,0.32172,1,stable
-9.28328,0.26648,1,stable
-12.41128,0.31768,1,stable
-16.35336,0.27448,1,stable
-12.23364,0.3198,1,stable
-13.53132,0.24744,1,stable
-11.22504,0.12568,1,stable
-15.94276,0.4268,1,stable
-11.71048,0.3862,1,stable
-11.72796,0.31072,1,stable
-15.1626,0.1614,1,stable
-13.1974,0.44616,1,stable
-10.70488,0.56848,1,stable
-10.86244,0.54784,1,stable
-15.59116,0.63636,1,stable
-9.6764,0.4262,1,stable
-9.37544,0.78124,1,stable
-10.20084,0.14412,1,stable
-18.69552,0.31748,1,stable
-13.48736,0.34996,1,stable
-7.83548,0.2186,1,stable
-9.27432,0.22644,1,stable
-5.64136,-0.11296,1,stable
-10.24624,0.09416,1,stable
-13.99892,0.2906,1,stable
-11.32032,0.09772,1,stable
-13.2654,0.34872,1,stable
-9.76576,0.07656,1,stable
-10.062,0.34688,1,stable
-17.81268,0.23932,1,stable
-13.16716,0.43572,1,stable
-13.13956,0.47008,1,stable
-9.51848,0.39788,1,stable
-8.17044,0.62284,1,stable
-9.162,0.407,1,stable
-21.384,0.29096,1,stable
-13.18836,0.29304,1,stable
-18.40396,0.29156,1,stable
-7.74236,0.13776,1,stable
-6.10692,-0.17632,1,stable
-17.25368,0.32476,1,stable
-6.23436,0.1724,1,stable
-22.2292,0.32364,1,stable
-9.15864,0.32464,1,stable
-12.36088,0.19416,1,stable
-12.40168,0.16052,1,stable
-15.7574,0.2932,1,stable
-12.61636,0.199,1,stable
-12.4932,0.17284,1,stable
-12.23232,0.22048,1,stable
-14.66756,0.22212,1,stable
-12.26664,0.38088,1,stable
-12.18988,0.53688,1,stable
-7.218,0.31764,1,stable
-11.32436,0.64636,1,stable
-7.41524,0.41912,1,stable
-8.51156,0.54364,1,stable
-12.89272,0.78636,1,stable
-6.52288,0.0766,1,stable
-7.95888,0.04704,1,stable
-6.434,-0.06008,1,stable
-7.804,0.1032,1,stable
-8.672,0.28084,1,stable
-14.90384,0.26184,1,stable
-11.6062,0.26552,1,stable
-11.59684,0.19628,1,stable
-11.74436,0.2836,1,stable
-10.48072,0.2284,1,stable
-9.5288,0.30432,1,stable
-10.28104,0.38524,1,stable
-11.26112,0.41144,1,stable
-11.6566,0.46744,1,stable
-11.153,0.49756,1,stable
-8.29128,0.47472,1,stable
-6.76036,0.3248,1,stable
-9.08548,0.53772,1,stable
-10.68528,0.63908,1,stable
-13.6388,0.67356,1,stable
-12.10524,0.78748,1,stable
-7.04104,0.8358,1,stable
-11.2852,-0.12956,1,stable
-6.61788,-0.18388,1,stable
-8.90748,-0.07868,1,stable
-10.46836,-0.07992,1,stable
-15.43204,-0.06844,1,stable
-13.93316,-0.04228,1,stable
-10.91016,-0.05208,1,stable
-11.41172,-0.06008,1,stable
-9.53752,-0.00872,1,stable
-9.35072,0.02316,1,stable
-8.16912,0.12216,1,stable
-8.32868,0.09032,1,stable
-13.14196,0.21368,1,stable
-6.0046,0.15976,1,stable
-27.55268,-1.1698,1,stable
-12.1876,-0.90752,1,stable
-12.27392,-0.90016,1,stable
-11.28036,-0.86432,1,stable
-12.92036,-0.94392,1,stable
-10.10292,-0.82872,1,stable
-8.63508,-0.71236,1,stable
-7.20292,-0.58504,1,stable
-10.23044,-0.83412,1,stable
-8.92608,-0.63888,1,stable
-6.7808,-0.50924,1,stable
-9.68504,-0.75752,1,stable
-16.07468,-0.78136,1,stable
-13.42868,-0.58656,1,stable
-9.78552,-0.4348,1,stable
-8.8522,-0.05824,1,stable
-7.18168,-0.32472,1,stable
-9.64088,-0.46332,1,stable
-6.16172,-0.15712,1,stable
-8.40992,-0.48088,1,stable
-2.38191,23.82909,2,transition
-2.097555,17.227685,2,transition
-1.387665,9.219215,2,transition
-1.798295,12.448945,2,transition
-1.22488,9.47268,2,transition
-1.135805,7.582955,2,transition
-1.123955,8.645325,2,transition
-4.015125,-2.33932,1,stable
-4.632415,-2.745215,1,stable
-3.41274,-2.00482,1,stable
-5.15158,-3.10652,1,stable
-3.52981,-2.08806,1,stable
-4.64792,-2.83087,1,stable
-3.98836,-2.44814,1,stable
-1.912455,-1.199935,1,stable
-4.061355,-2.390535,1,stable
-2.955795,-1.877765,1,stable
-3.13862,-1.98915,1,stable
-1.82561,-1.358025,1,stable
-9.65363,-3.794055,1,stable
-3.35046,-1.255805,1,stable
-7.3089,-2.66098,1,stable
-5.75952,-2.18907,1,stable
-7.07509,-2.79369,1,stable
-8.57522,-3.416095,1,stable
-6.48036,-2.711355,1,stable
-5.99163,-2.578555,1,stable
-5.20284,-2.05606,1,stable
-2.64437,-0.99619,1,stable
-4.73939,-1.94802,1,stable
-9.34514,-2.8478,1,stable
-12.1977,-3.11884,1,stable
-12.05864,-3.3404,1,stable
-9.08296,-2.65682,1,stable
-5.23269,-1.51021,1,stable
-12.15415,-4.01207,1,stable
-9.95175,-3.11456,1,stable
-7.45195,-2.22663,1,stable
-11.67759,-3.10237,1,stable
-7.92363,-2.10427,1,stable
-8.47317,-2.37206,1,stable
-4.54591,-1.90154,1,stable
-8.87578,-3.33676,1,stable
-13.84478,-4.68565,2,transition
-11.33053,-3.73061,1,stable
-11.91474,-4.01512,1,stable
-10.33174,-3.48239,1,stable
-18.51281,-5.14376,2,transition
-12.13501,-2.21876,1,stable
-11.98113,-2.52067,1,stable
-11.15693,-2.04071,1,stable
-11.77099,-2.6095,1,stable
-9.31563,-1.65704,1,stable
-11.97705,-2.83086,1,stable
-10.82415,-2.61073,1,stable
-12.15641,-2.83303,1,stable
-10.64559,-2.46027,1,stable
-9.59521,-2.38071,1,stable
-14.21701,-3.40149,1,stable
-11.35391,-2.76074,1,stable
-14.63287,-3.90265,1,stable
-12.49057,-3.08556,1,stable
-13.49937,-3.39098,1,stable
-14.64213,-3.64449,1,stable
-6.81279,-1.72021,1,stable
-8.10781,-2.0275,1,stable
-6.82707,-1.68078,1,stable
-11.47647,-2.82058,1,stable
-19.43305,-3.47096,1,stable
-16.44973,-2.51178,1,stable
-13.22169,-1.95458,1,stable
-13.32553,-2.30234,1,stable
-14.63685,-2.1558,1,stable
-9.87725,-1.52324,1,stable
-19.77537,-3.42564,1,stable
-12.45487,-1.80296,1,stable
-14.00761,-2.07554,1,stable
-14.13335,-1.95008,1,stable
-13.38383,-1.7992,1,stable
-15.87291,-2.6392,1,stable
-12.85677,-2.322,1,stable
-7.97915,-0.96076,1,stable
-13.20559,-1.77352,1,stable
-16.49475,-3.02028,1,stable
-15.17551,-2.58586,1,stable
-10.30781,-1.36822,1,stable
-17.10297,-3.03962,1,stable
-11.56873,-1.71536,1,stable
-15.71349,-2.74904,1,stable
-11.50405,-2.1577,1,stable
-17.55337,-2.91124,1,stable
-13.19895,-3.12732,1,stable
-16.47311,-2.7475,1,stable
-12.54113,-2.1424,1,stable
-18.33087,-2.9613,1,stable
-27.12536,-3.93719,1,stable
-15.56944,-1.57349,1,stable
-14.08718,-1.71357,1,stable
-14.09324,-1.71829,1,stable
-14.17004,-1.85589,1,stable
-12.86738,-1.84901,1,stable
-22.99376,-3.21839,1,stable
-14.48702,-1.78189,1,stable
-14.60346,-1.83909,1,stable
-13.44736,-1.59059,1,stable
-16.39796,-2.00597,1,stable
-17.63016,-2.04079,1,stable
-9.07862,-1.09947,1,stable
-15.05134,-1.32525,1,stable
-9.69542,-1.15101,1,stable
-20.3304,-1.52897,1,stable
-17.04194,-1.06557,1,stable
-17.6646,-1.19149,1,stable
-11.4551,-1.69517,1,stable
-17.47732,-1.49779,1,stable
-29.6514,-2.52604,1,stable
-20.64666,-1.81318,1,stable
-15.07824,-1.05478,1,stable
-16.18624,-0.9696,1,stable
-15.56364,-0.80514,1,stable
-15.18552,-0.781,1,stable
-19.17506,-1.39252,1,stable
-18.01032,-1.17196,1,stable
-12.95414,-0.68148,1,stable
-12.27418,-0.66092,1,stable
-17.56404,-1.01598,1,stable
-16.04636,-0.75478,1,stable
-28.58694,-1.25798,1,stable
-21.04714,-1.2957,1,stable
-17.44424,-0.73282,1,stable
-25.54134,-1.44156,1,stable
-21.34212,-1.30754,1,stable
-17.12546,-1.19966,1,stable
-21.711,-0.6312,1,stable
-17.65744,-1.21356,1,stable
-17.8262,-1.053,1,stable
-13.65044,-0.61604,1,stable
-18.96444,-0.97086,1,stable
-12.65254,-0.34124,1,stable
-16.56232,-0.37274,1,stable
-18.10206,-0.53294,1,stable
-21.95818,-0.63794,1,stable
-13.53144,0.09024,1,stable
-10.55374,0.1114,1,stable
-13.10258,0.26346,1,stable
-24.21302,0.04046,1,stable
-22.01812,0.36252,1,stable
-16.69281,0.20273,1,stable
-13.36935,0.14153,1,stable
-13.71109,0.12229,1,stable
-19.87217,-0.08291,1,stable
-12.48721,0.62523,1,stable
-17.83423,0.59361,1,stable
-10.30391,0.02617,1,stable
-24.53983,0.52183,1,stable
-15.17259,0.87871,1,stable
-11.23615,0.96701,1,stable
-15.83753,0.42703,1,stable
-19.39455,0.71085,1,stable
-16.10393,0.97689,1,stable
-13.65077,0.92425,1,stable
-27.19117,0.18618,1,stable
-21.33461,0.32306,1,stable
-17.24735,0.3045,1,stable
-13.26751,0.31454,1,stable
-19.28031,0.35712,1,stable
-14.53347,0.3697,1,stable
-11.95633,0.53088,1,stable
-17.83483,0.64214,1,stable
-8.52249,0.10994,1,stable
-10.03103,0.27288,1,stable
-15.56921,0.21588,1,stable
-13.83509,0.38202,1,stable
-17.03551,0.94308,1,stable
-15.50617,1.11258,1,stable
-13.03925,1.02756,1,stable
-26.69122,0.27061,1,stable
-18.56448,0.11489,1,stable
-21.2435,0.24473,1,stable
-21.0679,0.26671,1,stable
-24.08534,0.26145,1,stable
-15.61578,0.34899,1,stable
-24.70994,0.24799,1,stable
-15.61858,0.33903,1,stable
-15.92798,0.29767,1,stable
-12.12512,0.21741,1,stable
-11.77968,0.17665,1,stable
-9.80554,0.22549,1,stable
-16.68642,0.97649,1,stable
-9.06884,0.67557,1,stable
-17.07164,1.14031,1,stable
-11.7594,0.95155,1,stable
-26.72832,0.16672,1,stable
-16.7494,0.16628,1,stable
-23.09544,0.20508,1,stable
-18.7087,0.26236,1,stable
-13.90106,0.16098,1,stable
-20.74724,0.27106,1,stable
-19.0032,0.2793,1,stable
-15.13532,0.26228,1,stable
-18.27282,0.5993,1,stable
-8.9219,0.25718,1,stable
-13.67742,0.7669,1,stable
-16.50488,0.7651,1,stable
-22.9165,0.94608,1,stable
-15.4566,0.85694,1,stable
-14.2676,1.1149,1,stable
-14.9405,1.1495,1,stable
-8.38184,0.97354,1,stable
-12.52084,1.01684,1,stable
-19.12058,1.30982,1,stable
-26.28177,0.24733,1,stable
-10.21537,0.12923,1,stable
-13.63377,0.26729,1,stable
-15.29107,0.23439,1,stable
-17.31893,0.42303,1,stable
-7.13507,0.02081,1,stable
-16.30041,0.67731,1,stable
-14.32047,0.72323,1,stable
-12.19377,0.41137,1,stable
-18.46479,1.05543,1,stable
-14.83229,0.56247,1,stable
-14.33175,0.93993,1,stable
-7.61963,0.31295,1,stable
-11.85941,0.96271,1,stable
-13.13787,1.07481,1,stable
-12.08877,1.28099,1,stable
-17.50661,0.319,1,stable
-25.98585,0.29592,1,stable
-15.57837,0.41996,1,stable
-11.71769,0.61634,1,stable
-13.22993,0.3709,1,stable
-13.50993,0.81054,1,stable
-12.76681,0.82688,1,stable
-16.72873,0.39182,1,stable
-15.52137,1.13394,1,stable
-13.29169,1.17986,1,stable
-8.57749,0.23404,1,stable
-15.04537,1.27638,1,stable
-11.62569,1.19212,1,stable
-12.48461,1.28324,1,stable
-6.93285,0.9783,1,stable
-17.1136,0.29949,1,stable
-11.16412,0.14413,1,stable
-12.9436,0.37033,1,stable
-22.56616,0.24401,1,stable
-11.29628,0.65449,1,stable
-10.75424,0.51025,1,stable
-11.12108,1.17013,1,stable
-13.63784,0.42941,1,stable
-7.96544,0.07093,1,stable
-11.46744,0.65433,1,stable
-9.78896,1.08769,1,stable
-7.91012,1.21185,1,stable
-11.9848,1.22121,1,stable
-9.81912,1.28569,1,stable
-15.68676,0.62968,1,stable
-12.73888,0.67812,1,stable
-14.39776,0.15252,1,stable
-14.60876,0.26364,1,stable
-15.6132,0.72524,1,stable
-10.0656,0.68864,1,stable
-11.2494,1.24256,1,stable
-11.20416,0.71588,1,stable
-9.42164,1.26464,1,stable
-13.2176,0.42024,1,stable
-10.78796,1.15644,1,stable
-9.6788,1.07832,1,stable
-10.313,1.07056,1,stable
-6.3694,1.28648,1,stable
-12.75696,1.26744,1,stable
-6.69288,1.19272,1,stable
-28.70956,0.0074,1,stable
-18.24392,0.3256,1,stable
-21.46632,0.2872,1,stable
-22.31632,0.08468,1,stable
-14.83436,0.77884,1,stable
-8.17064,0.38684,1,stable
-15.121,0.35204,1,stable
-13.8384,0.4428,1,stable
-11.86664,1.09916,1,stable
-13.26312,1.27928,1,stable
-10.1284,0.77048,1,stable
-7.18052,1.20968,1,stable
-9.3576,1.1446,1,stable
-15.02824,1.1728,1,stable
-2.2546,0.92692,1,stable
-7.20952,1.20232,1,stable
-14.88888,1.176,1,stable
-9.95444,1.15548,1,stable
-18.03564,0.20828,1,stable
-14.87604,0.2584,1,stable
-11.66392,0.24412,1,stable
-13.86628,0.60068,1,stable
-14.34724,0.02032,1,stable
-6.49848,-0.08436,1,stable
-10.82304,0.1146,1,stable
-12.7236,0.34836,1,stable
-10.28284,0.72924,1,stable
-8.06572,0.75636,1,stable
-11.28016,0.75736,1,stable
-13.12368,0.23804,1,stable
-0.47176,0.80216,2,transition
-2.42628,0.59932,1,stable
-8.08652,0.82416,1,stable
-5.88224,0.8364,1,stable
-4.831,0.79084,1,stable
-11.22096,1.1044,1,stable
-23.16984,0.27392,1,stable
-14.69052,0.212,1,stable
-12.55856,0.16504,1,stable
-12.04156,0.15,1,stable
-10.03472,0.24812,1,stable
-13.2838,0.19628,1,stable
-6.4502,0.52256,1,stable
-5.71808,0.50684,1,stable
-6.41396,0.60552,1,stable
-8.34056,0.24144,1,stable
-8.81336,0.42772,1,stable
-11.75172,0.6544,1,stable
-9.43976,0.65448,1,stable
-9.5346,0.7198,1,stable
-6.48216,0.5204,1,stable
-8.38556,0.71904,1,stable
-6.68056,0.94952,1,stable
-11.52588,0.97864,1,stable
-5.67616,0.87476,1,stable
-4.04068,0.79032,1,stable
-10.17372,1.04724,1,stable
-8.15028,0.95112,1,stable
-14.66792,0.27136,1,stable
-19.30948,0.2354,1,stable
-10.88896,0.1474,1,stable
-7.74772,0.3806,1,stable
-13.42188,0.11528,1,stable
-7.4896,-0.06276,1,stable
-2.92252,0.54468,1,stable
-6.4788,0.31032,1,stable
-8.55548,0.76316,1,stable
-8.60632,0.80012,1,stable
-4.32572,0.75808,1,stable
-8.35772,0.3658,1,stable
-5.49796,0.4172,1,stable
-4.14176,0.91004,1,stable
0.37936,0.5766,2,transition
-4.61964,0.88608,1,stable
-3.52292,0.8648,1,stable
-15.83168,0.01464,1,stable
-6.64508,0.42008,1,stable
-14.32672,0.20032,1,stable
-5.90976,0.46784,1,stable
-14.73684,0.1152,1,stable
-14.22504,0.39404,1,stable
-13.36052,0.14628,1,stable
-6.02808,0.50888,1,stable
-4.25064,0.87776,1,stable
-6.59228,0.73624,1,stable
-20.1412,-0.13956,1,stable
-14.67376,-0.11172,1,stable
-6.43184,0.21324,1,stable
-14.30872,0.018,1,stable
-7.13532,-0.22804,1,stable
-11.63536,0.0584,1,stable
-14.8534,-0.11656,1,stable
-13.23128,0.20572,1,stable
-10.203,0.25732,1,stable
-11.01452,0.25444,1,stable
-4.32244,0.29392,1,stable
-9.4982,0.1828,1,stable
-10.16452,0.31372,1,stable
-4.84248,0.17948,1,stable
-2.91932,0.30012,1,stable
-6.68468,0.26624,1,stable
-14.8682,-0.31636,1,stable
-23.39456,-0.63448,1,stable
-16.42956,-0.68216,1,stable
-10.89376,-0.34352,1,stable
-9.19584,-0.51912,1,stable
-11.20108,-0.54592,1,stable
-11.30024,-0.46744,1,stable
-11.8554,-0.49612,1,stable
-20.71816,-0.673,1,stable
-11.92984,-0.51432,1,stable
-13.81928,-0.68496,1,stable
-10.66736,-0.46436,1,stable
-10.64648,-0.4982,1,stable
-5.86616,-0.34996,1,stable
-6.37068,-0.39064,1,stable
-7.91592,-0.4474,1,stable
-8.22888,-0.44928,1,stable
-2.10632,-0.21996,1,stable
-6.54468,-0.48932,1,stable
-6.59764,-0.37612,1,stable
-4.98988,-0.21752,1,stable
-5.17304,-0.09804,1,stable
-1.51268,0.05652,2,transition
-1.295485,15.223795,2,transition
-1.06189,22.33267,2,transition
-1.356725,10.140355,2,transition
-1.34754,9.85354,2,transition
-1.17815,7.97621,2,transition
-0.84399,22.76117,2,transition
-1.31971,11.28161,2,transition
-1.32398,10.53142,2,transition
-1.60388,10.0734,2,transition
-1.26537,6.63271,2,transition
-1.434245,5.987915,2,transition
-1.527105,5.368415,2,transition
-1.579445,12.577715,2,transition
-1.62735,12.19193,2,transition
-1.340335,3.404745,2,transition
-1.030735,2.925025,2,transition
-1.025715,5.028925,2,transition
-1.43235,6.70457,2,transition
-1.35488,8.2952,2,transition
-1.525925,4.573275,2,transition
-1.05457,3.93531,2,transition
-1.29087,4.18429,2,transition
-1.611775,5.538705,2,transition
-1.26991,5.28341,2,transition
-1.36126,1.58498,2,transition
-0.618955,2.457925,2,transition
-2.6265,-1.63801,1,stable
-2.067015,-1.43616,1,stable
-2.97574,-1.66406,1,stable
-2.758965,-1.433855,1,stable
-2.777905,-1.298855,1,stable
-3.67612,-2.2415,1,stable
-2.478865,-1.135955,1,stable
-3.687125,-2.175355,1,stable
-2.119935,-1.09422,1,stable
-3.77015,-2.28031,1,stable
-4.04943,-2.38644,1,stable
-3.29616,-2.270245,1,stable
-1.708655,-1.347865,1,stable
-2.79185,-1.75299,1,stable
-3.726845,-2.365585,1,stable
-6.59885,-3.04999,1,stable
-3.80246,-1.63327,1,stable
-4.34194,-1.86706,1,stable
-3.99493,-1.91674,1,stable
-4.89359,-2.256805,1,stable
-7.14039,-3.121265,1,stable
-5.90525,-2.48022,1,stable
-7.22804,-3.19027,1,stable
-4.1829,-1.286985,1,stable
-7.6805,-3.18083,1,stable
-4.82541,-2.33304,1,stable
-6.63096,-3.053215,1,stable
-4.88231,-2.25377,1,stable
-10.03879,-3.43994,1,stable
-8.40376,-2.76608,1,stable
-7.98732,-3.29751,1,stable
-6.88369,-2.24044,1,stable
-7.11214,-2.2896,1,stable
-6.29797,-2.30304,1,stable
-8.46687,-2.89319,1,stable
-9.19237,-3.06637,1,stable
-10.75472,-3.47619,1,stable
-4.4142,-1.32081,1,stable
-7.98721,-2.88878,1,stable
-10.65586,-3.6605,1,stable
-5.45968,-1.91644,1,stable
-11.63149,-3.93375,1,stable
-11.51749,-2.49622,1,stable
-10.92505,-2.58124,1,stable
-10.98208,-2.31259,1,stable
-8.93476,-1.82262,1,stable
-8.08939,-1.84884,1,stable
-10.94735,-2.48048,1,stable
-12.62916,-2.78538,1,stable
-13.33157,-2.9347,1,stable
-13.06365,-2.72924,1,stable
-12.9913,-2.81652,1,stable
-14.61393,-3.41655,1,stable
-8.58575,-2.19938,1,stable
-12.61633,-3.04447,1,stable
-8.65974,-1.97591,1,stable
-13.73899,-3.14071,1,stable
-15.42568,-2.08029,1,stable
-13.85682,-2.16764,1,stable
-10.94196,-2.08423,1,stable
-10.3863,-1.36443,1,stable
-10.35324,-1.90881,1,stable
-14.41406,-2.2193,1,stable
-15.32122,-2.23882,1,stable
-14.87494,-2.24578,1,stable
-15.57784,-2.33498,1,stable
-17.8038,-2.80313,1,stable
-9.15928,-2.29294,1,stable
-10.95196,-2.67363,1,stable
-12.26814,-2.02806,1,stable
-16.67082,-2.70164,1,stable
-12.03742,-2.68811,1,stable
-16.07654,-2.59193,1,stable
-15.25246,-2.44843,1,stable
-16.50238,-2.64485,1,stable
-15.66886,-2.50667,1,stable
-17.81282,-2.82912,1,stable
-10.31446,-1.66049,1,stable
-15.80532,-2.50632,1,stable
-13.30893,-1.18399,1,stable
-11.93977,-1.04667,1,stable
-15.35845,-1.05855,1,stable
-13.59445,-1.25583,1,stable
-12.81741,-1.41151,1,stable
-11.06755,-1.40757,1,stable
-16.01573,-1.54609,1,stable
-16.33359,-1.91953,1,stable
-17.03959,-1.92583,1,stable
-16.78039,-1.90545,1,stable
-17.54507,-2.17073,1,stable
-8.10859,-1.38313,1,stable
-19.14319,-2.53907,1,stable
-17.92825,-2.39487,1,stable
-16.82741,-2.14787,1,stable
-14.26049,-1.96057,1,stable
-14.35441,-2.03345,1,stable
-17.79725,-2.76925,1,stable
-19.53253,-1.75852,1,stable
-14.53041,-1.22148,1,stable
-18.50769,-1.64996,1,stable
-17.68687,-1.4872,1,stable
-15.14343,-1.34696,1,stable
-14.54925,-0.77586,1,stable
-15.94557,-0.77936,1,stable
-13.92867,-1.0819,1,stable
-14.13819,-1.37116,1,stable
-18.06337,-1.02378,1,stable
-17.12043,-1.12688,1,stable
-10.87039,-1.08048,1,stable
-12.31555,-1.19992,1,stable
-15.91527,-1.71654,1,stable
-18.45843,-2.60078,1,stable
-21.87267,-1.65804,1,stable
-17.54087,-1.0456,1,stable
-9.93507,-0.17218,1,stable
-19.70607,-1.4663,1,stable
-15.84848,-0.81911,1,stable
-15.64502,-0.85617,1,stable
-17.61358,-0.70431,1,stable
-14.28742,-0.86583,1,stable
-17.0523,-1.13703,1,stable
-16.26294,0.44321,1,stable
-12.99772,-0.49297,1,stable
-13.23592,-0.74939,1,stable
-17.80398,-1.18261,1,stable
-14.21102,-0.73955,1,stable
-22.84706,-0.26579,1,stable
-18.33482,0.09608,1,stable
-19.70204,0.3727,1,stable
-16.03876,0.55354,1,stable
-17.17468,0.0831,1,stable
-16.26452,-0.06154,1,stable
-12.21304,0.1003,1,stable
-16.04244,-0.06498,1,stable
-11.20426,-0.09224,1,stable
-18.8264,0.07724,1,stable
-11.43198,-0.00028,1,stable
-15.98978,-0.02784,1,stable
-20.47902,0.0185,1,stable
-21.21076,-0.06432,1,stable
-16.54522,0.50708,1,stable
-21.22142,0.81796,1,stable
-24.98226,1.14886,1,stable
-17.27676,0.86058,1,stable
-20.85964,0.59326,1,stable
-21.68184,0.65714,1,stable
-19.58672,0.70198,1,stable
-12.6621,0.8345,1,stable
-11.51845,0.12473,1,stable
-13.57763,0.19585,1,stable
-12.84321,0.20053,1,stable
-16.02907,0.32005,1,stable
-15.37523,0.26913,1,stable
-12.39363,0.07241,1,stable
-18.01691,0.41193,1,stable
-12.45205,0.35287,1,stable
-15.88189,0.54577,1,stable
-23.93553,1.04673,1,stable
-22.53197,1.01713,1,stable
-19.28703,1.27823,1,stable
-16.17153,1.09647,1,stable
-20.17643,1.50541,1,stable
-23.31463,1.43625,1,stable
-23.51323,1.52289,1,stable
-20.68369,1.30921,1,stable
-15.19111,0.80447,1,stable
-15.33785,0.32894,1,stable
-15.01313,0.32592,1,stable
-13.41847,0.321,1,stable
-16.97773,0.50676,1,stable
-13.30591,0.27172,1,stable
-12.77923,0.3478,1,stable
-13.20677,0.26768,1,stable
-13.27035,0.44846,1,stable
-14.44887,0.3568,1,stable
-18.76529,0.20366,1,stable
-19.08331,0.53652,1,stable
-21.73443,0.79754,1,stable
-16.77485,0.8106,1,stable
-18.39271,0.89432,1,stable
-18.88497,0.94792,1,stable
-15.68495,0.94748,1,stable
-17.79909,0.8441,1,stable
-19.04511,1.13132,1,stable
-12.27287,0.70354,1,stable
-17.68031,0.26348,1,stable
-17.37427,0.54358,1,stable
-10.81133,-0.11896,1,stable
-14.65695,0.35974,1,stable
-15.14671,0.34202,1,stable
-12.88279,0.38756,1,stable
-17.62359,0.29432,1,stable
-18.95205,0.16812,1,stable
-16.66367,-0.0132,1,stable
-10.97333,-0.23264,1,stable
-21.79121,0.23248,1,stable
-20.23795,0.36924,1,stable
-15.17901,0.88474,1,stable
-7.56713,0.73608,1,stable
-13.02323,0.54244,1,stable
-9.28129,-0.1782,1,stable
-15.16215,0.12944,1,stable
-12.38549,0.15644,1,stable
-21.92665,0.2258,1,stable
-20.14647,0.26608,1,stable
-14.82057,0.22196,1,stable
-19.81609,0.16694,1,stable
-18.84191,0.2114,1,stable
-12.68697,0.51202,1,stable
-10.87305,0.25266,1,stable
-16.56085,0.9413,1,stable
-20.00199,0.84084,1,stable
-10.74933,0.81498,1,stable
-11.41815,0.70324,1,stable
-12.9722,-0.07259,1,stable
-12.63104,-0.05415,1,stable
-8.83358,0.25029,1,stable
-15.57602,0.01367,1,stable
-10.88288,0.05005,1,stable
-8.56272,-0.03895,1,stable
-14.0105,0.11493,1,stable
-16.16642,0.23591,1,stable
-13.59052,0.21703,1,stable
-13.17218,0.04335,1,stable
-12.0248,-0.01175,1,stable
-16.73098,0.74827,1,stable
-13.01966,0.22773,1,stable
-8.12752,0.93931,1,stable
-8.55862,0.55691,1,stable
-14.76374,0.90877,1,stable
-17.97206,0.06836,1,stable
-16.62222,0.06234,1,stable
-10.85276,-0.22816,1,stable
-8.72558,-0.16286,1,stable
-11.26342,0.08396,1,stable
-15.75688,0.068,1,stable
-11.08428,-0.15212,1,stable
-12.1504,-0.00794,1,stable
-15.60422,0.26332,1,stable
-16.8048,0.25898,1,stable
-17.65264,0.35958,1,stable
-19.16458,0.1402,1,stable
-18.61982,0.4358,1,stable
-19.07946,0.5968,1,stable
-17.42652,0.65686,1,stable
-9.3913,1.08578,1,stable
-16.83796,0.08436,1,stable
-17.0005,0.11196,1,stable
-15.9123,0.06158,1,stable
-14.0767,0.00916,1,stable
-11.07596,-0.2232,1,stable
-8.89208,-0.1665,1,stable
-12.49378,-0.0629,1,stable
-12.20474,-0.05434,1,stable
-9.62328,-0.11064,1,stable
-13.45416,0.04872,1,stable
-17.27644,0.30874,1,stable
-17.8623,0.42308,1,stable
-19.49872,0.5138,1,stable
-17.2168,0.66922,1,stable
-11.4077,-0.14352,1,stable
-16.25264,0.26014,1,stable
-19.78314,0.57074,1,stable
-11.22688,0.25496,1,stable
-15.7868,0.50366,1,stable
-7.61038,0.40108,1,stable
-13.97782,0.01264,1,stable
-11.89448,0.00204,1,stable
-14.4283,0.03416,1,stable
-13.90814,0.1095,1,stable
-13.41758,0.0291,1,stable
-9.74728,-0.124,1,stable
-13.8117,0.06204,1,stable
-16.5186,0.37768,1,stable
-17.1938,0.58408,1,stable
-15.4862,0.60566,1,stable
-11.48018,-0.07248,1,stable
-13.38466,0.19818,1,stable
-14.09042,0.5513,1,stable
-16.54772,0.73592,1,stable
-14.39464,-0.00042,1,stable
-16.12812,0.01492,1,stable
-11.88644,0.00804,1,stable
-13.0816,0.03736,1,stable
-12.99376,0.3636,1,stable
-12.0298,0.12714,1,stable
-15.7698,0.31046,1,stable
-14.47148,0.32678,1,stable
-16.42692,0.3255,1,stable
-10.32636,0.09358,1,stable
-12.28236,0.57784,1,stable
-11.49,0.36804,1,stable
-2.4062,0.61018,1,stable
-15.52836,0.1268,1,stable
-10.86808,0.23428,1,stable
-11.80216,-0.16396,1,stable
-17.67916,0.17916,1,stable
-16.9444,0.2226,1,stable
-16.093,-0.00452,1,stable
-16.75248,0.1684,1,stable
-11.95844,0.33716,1,stable
-10.3168,0.00956,1,stable
-13.00952,0.16348,1,stable
-7.77772,0.01264,1,stable
-12.76876,0.67096,1,stable
-6.142,0.59704,1,stable
-12.47212,-0.1986,1,stable
-10.0494,-0.13968,1,stable
-15.04912,0.12872,1,stable
-13.44572,0.08496,1,stable
-12.78184,0.4166,1,stable
-12.18036,-0.17556,1,stable
-16.91976,0.1688,1,stable
-15.49824,0.00104,1,stable
-17.30132,0.26364,1,stable
-12.26388,0.0148,1,stable
-9.8466,0.0294,1,stable
0.69688,0.58716,2,transition
-18.3744,0.03924,1,stable
-12.59676,-0.01204,1,stable
-14.68532,0.0094,1,stable
-15.38392,-0.00632,1,stable
-13.09228,0.00412,1,stable
-9.24084,-0.0664,1,stable
-13.65692,0.25868,1,stable
-18.50752,0.32624,1,stable
-13.60616,-0.27548,1,stable
-15.17576,0.40504,1,stable
-11.54976,-0.14608,1,stable
-11.68448,0.47644,1,stable
-13.92108,0.36656,1,stable
-8.86568,0.5684,1,stable
-7.73696,0.03164,1,stable
-6.71728,0.10052,1,stable
-16.87696,-0.02516,1,stable
-15.7354,-0.11088,1,stable
-11.2964,-0.11616,1,stable
-12.81008,-0.1312,1,stable
-11.657,0.02748,1,stable
-14.27916,-0.02736,1,stable
-6.70516,0.01212,1,stable
-16.47804,-0.38332,1,stable
-15.9162,-0.35192,1,stable
-15.19068,-0.32908,1,stable
-13.69748,-0.28636,1,stable
-13.8594,-0.25384,1,stable
-12.5468,-0.28308,1,stable
-14.7556,-0.54552,1,stable
-17.13272,-0.58596,1,stable
-14.2484,-0.35744,1,stable
-17.29988,-0.40736,1,stable
-17.03148,-0.68012,1,stable
-13.57124,-0.34284,1,stable
-12.71024,-0.34504,1,stable
-13.08332,-0.41064,1,stable
-7.54164,-0.2604,1,stable
-0.9662375,16.1200825,2,transition
-0.628525,12.631075,2,transition
-0.83393,14.97527,2,transition
-0.752305,13.378215,2,transition
-0.8784475,12.9415125,2,transition
-0.79277,13.40855,2,transition
-0.665765,10.256395,2,transition
-0.7501325,15.3943875,2,transition
-0.572345,22.212495,2,transition
-0.69076,20.90784,2,transition
-0.8171775,18.2917425,2,transition
-0.59134,12.46594,2,transition
-1.12989,10.57563,2,transition
-1.06719,14.27057,2,transition
-1.2587125,14.5221675,2,transition
-1.3119875,9.2115725,2,transition
-1.3375725,13.3645075,2,transition
-1.34345,12.29435,2,transition
-0.78294,10.23726,2,transition
-1.853965,13.694795,2,transition
-1.245335,-0.7460675,2,transition
-0.918715,-0.483715,2,transition
-0.667945,-0.24724,2,transition
-1.058045,-0.7411,2,transition
-2.39498,-1.5269725,1,stable
-2.546195,-1.648845,1,stable
-2.77831,-1.8434875,1,stable
-2.122095,-1.054905,1,stable
-2.973565,-1.580365,1,stable
-3.40671,-2.1686125,1,stable
-1.42805,-0.73348,2,transition
-4.690975,-2.6415625,1,stable
-4.628205,-2.8273975,1,stable
-4.24986,-1.755275,1,stable
-3.33223,-1.179565,1,stable
-3.36096,-1.55315,1,stable
-2.28509,-0.703985,1,stable
-1.17754,-0.345455,2,transition
-0.99779,-0.276415,2,transition
-0.55736,-0.128995,2,transition
-0.80469,-0.19889,2,transition
-2.54729,-0.906025,1,stable
-6.81509,-3.00677,1,stable
-4.96676,-1.96027,1,stable
-1.42939,-0.475375,2,transition
-2.49777,-0.879735,1,stable
-4.03762,-1.484555,1,stable
-6.86377,-2.851735,1,stable
-4.99542,-2.061395,1,stable
-6.53259,-2.94852,1,stable
-2.3445,-1.10882,1,stable
-8.87539,-3.71244,1,stable
-4.0609,-0.89189,1,stable
-2.77293,-0.56205,1,stable
-2.89187,-0.75715,1,stable
-4.20521,-1.04694,1,stable
-1.51472,-0.51693,2,transition
-7.40786,-1.52177,1,stable
-7.7817,-1.6113,1,stable
-4.74534,-1.57841,1,stable
-7.03698,-2.06339,1,stable
-5.90381,-1.84825,1,stable
-3.8241,-1.4796,1,stable
-9.90736,-3.22995,1,stable
-6.21694,-2.15604,1,stable
-5.04364,-1.95187,1,stable
-6.86989,-1.82401,1,stable
-3.37504,-1.24465,1,stable
-4.13247,-1.35903,1,stable
-7.60527,-1.92839,1,stable
-2.48045,-1.60516,1,stable
-1.8427,-0.48268,1,stable
-3.11491,-0.69323,1,stable
-2.60241,-1.4241,1,stable
-1.87281,-0.74353,1,stable
-2.57166,-0.45552,1,stable
-3.98507,-0.65853,1,stable
-6.06084,-1.26792,1,stable
-2.25918,-0.6765,1,stable
-8.27951,-1.46788,1,stable
-10.96636,-2.07302,1,stable
-2.70038,-0.94155,1,stable
-2.45858,-0.85117,1,stable
-8.46294,-1.62682,1,stable
-9.39666,-1.96359,1,stable
-11.10854,-2.3464,1,stable
-8.67827,-1.64902,1,stable
-8.81622,-1.77924,1,stable
-10.55381,-2.27232,1,stable
-9.02691,-1.72489,1,stable
-4.56723,-0.57426,1,stable
-5.46189,-0.74284,1,stable
-8.57053,-1.46598,1,stable
-15.0926,-3.23996,1,stable
-7.57218,-1.97817,1,stable
-7.86606,-3.3051,1,stable
-6.4672,-2.59536,1,stable
-5.28098,-1.53577,1,stable
-6.07238,-1.57641,1,stable
-5.64274,-2.46112,1,stable
-6.68986,-3.66148,1,stable
-3.65274,-1.08108,1,stable
-10.27378,-1.03406,1,stable
-10.84516,-1.98305,1,stable
-10.12606,-1.38817,1,stable
-7.04014,-2.48837,1,stable
-9.66288,-1.97338,1,stable
-12.09566,-1.95451,1,stable
-5.49284,-1.06746,1,stable
-5.73556,-1.16833,1,stable
-16.54546,-3.13717,1,stable
-8.48672,-0.46084,1,stable
-9.48276,-1.2357,1,stable
-5.3932,0.45658,1,stable
-7.75578,-0.13818,1,stable
-4.08788,-0.43334,1,stable
-5.90786,0.2438,1,stable
-5.5714,-0.14966,1,stable
-10.32442,-0.19548,1,stable
-10.86312,-0.23246,1,stable
-5.97978,-0.49666,1,stable
-5.7524,-0.99156,1,stable
-7.92776,-0.75372,1,stable
-6.62832,-0.97384,1,stable
-5.86298,-0.72802,1,stable
-12.43192,-0.85104,1,stable
-14.05142,-1.40306,1,stable
-14.84164,-1.12056,1,stable
-8.17116,-1.06524,1,stable
-10.7846,0.21278,1,stable
-6.2888,0.6376,1,stable
-8.08006,0.31624,1,stable
-9.12926,0.22808,1,stable
-10.60568,-0.23614,1,stable
-5.92476,0.27588,1,stable
-5.56436,0.20626,1,stable
-5.6421,0.26576,1,stable
-5.54016,0.03124,1,stable
-7.22448,-0.01614,1,stable
-7.20814,0.14222,1,stable
-10.8127,0.05042,1,stable
-5.21888,0.23788,1,stable
-4.0905,0.27036,1,stable
-9.15892,0.2803,1,stable
-6.63974,0.04918,1,stable
-4.80784,-0.24152,1,stable
-4.8221,-0.1328,1,stable
-12.9023,-0.47038,1,stable
-9.4093,-0.90832,1,stable
-9.4876,-0.6132,1,stable
-14.08056,0.19932,1,stable
-7.54098,-0.66222,1,stable
-15.99708,0.09242,1,stable
-16.71863,0.26015,1,stable
-13.09913,-0.08365,1,stable
-8.26785,-0.13109,1,stable
-7.34025,0.12721,1,stable
-3.97601,0.15139,1,stable
-5.65639,0.13897,1,stable
-3.12645,0.09501,1,stable
-3.97711,0.09851,1,stable
-7.29735,0.60733,1,stable
-10.69867,0.54207,1,stable
-7.57041,0.09623,1,stable
-4.92681,-0.10471,1,stable
-9.36255,-0.35219,1,stable
-21.33623,0.05681,1,stable
-13.71899,0.36157,1,stable
-14.48967,0.53627,1,stable
-9.37891,-0.54307,1,stable
-19.68399,-0.75449,1,stable
-18.51489,0.65951,1,stable
-8.09241,0.04954,1,stable
-9.11661,0.22598,1,stable
-5.29469,0.28352,1,stable
-7.22103,0.18634,1,stable
-9.29341,0.24816,1,stable
-5.25841,0.21584,1,stable
-5.38143,0.28358,1,stable
-4.50785,0.28812,1,stable
-13.02495,0.06642,1,stable
-4.60871,0.33682,1,stable
-5.47327,0.27768,1,stable
-11.65747,0.0875,1,stable
-15.94255,0.55832,1,stable
-16.29085,0.03294,1,stable
-7.88327,0.04862,1,stable
-10.47237,0.106,1,stable
-7.65179,0.0703,1,stable
-5.93955,0.10274,1,stable
-8.22973,0.2101,1,stable
-7.38517,0.1634,1,stable
-5.74979,0.14434,1,stable
-7.06965,0.15138,1,stable
-9.04363,0.24978,1,stable
-5.45293,0.20342,1,stable
-4.08341,0.21084,1,stable
-4.46939,0.22372,1,stable
-5.14567,0.22894,1,stable
-6.10419,0.33908,1,stable
-9.28189,0.28236,1,stable
-10.23317,0.25336,1,stable
-4.66901,0.387,1,stable
-6.21387,0.38662,1,stable
-10.31025,0.4331,1,stable
-10.28901,0.41824,1,stable
-8.18525,0.56574,1,stable
-10.82108,0.37833,1,stable
-8.60962,0.27189,1,stable
-4.06202,0.40737,1,stable
-8.48964,0.42593,1,stable
-3.35524,0.42893,1,stable
-5.64838,0.40903,1,stable
-5.96376,0.47167,1,stable
-8.11644,0.43739,1,stable
-12.38516,0.36203,1,stable
-15.51058,0.47473,1,stable
-14.8359,0.49255,1,stable
-8.27215,0.31413,1,stable
-4.02425,0.37457,1,stable
-8.83813,0.45123,1,stable
-2.69527,0.41061,1,stable
-4.34251,0.40623,1,stable
-9.14213,0.37787,1,stable
-7.09391,0.38785,1,stable
-5.15979,0.46691,1,stable
-9.54997,0.34665,1,stable
-3.85561,0.42303,1,stable
-5.12023,0.50367,1,stable
-3.42927,0.34367,1,stable
-9.18237,0.40625,1,stable
-10.17535,0.38985,1,stable
-10.00309,0.39369,1,stable
-14.11823,0.44067,1,stable
-10.51529,0.49579,1,stable
-18.81659,0.68873,1,stable
-14.15089,0.51981,1,stable
-9.66476,0.26899,1,stable
-7.98744,0.18207,1,stable
-8.49468,0.31933,1,stable
-6.86552,-0.00937,1,stable
-7.47412,0.26217,1,stable
-8.7514,0.40683,1,stable
-3.48024,0.34023,1,stable
-2.33224,0.20169,1,stable
-2.00992,0.32611,1,stable
-3.10004,0.32923,1,stable
-3.95712,0.32325,1,stable
-9.6874,0.35909,1,stable
-7.27212,0.44157,1,stable
-13.7892,0.27189,1,stable
-13.67816,0.44007,1,stable
-5.86764,0.35103,1,stable
-16.073,0.46333,1,stable
-8.4996,0.51553,1,stable
-12.28412,0.64337,1,stable
-7.49516,0.38488,1,stable
-4.226,0.38508,1,stable
-8.27296,0.39484,1,stable
-6.93472,0.36032,1,stable
-1.72664,0.28328,1,stable
-1.94952,0.3132,1,stable
-4.38336,0.30084,1,stable
-6.30072,0.32548,1,stable
-8.55056,0.1446,1,stable
-15.25916,0.35208,1,stable
-6.02024,0.41048,1,stable
-11.15488,0.41328,1,stable
-11.43936,0.24064,1,stable
-8.07412,0.51076,1,stable
-14.58308,0.4514,1,stable
-15.89072,0.7304,1,stable
-5.14732,0.02324,1,stable
-5.55968,-0.03044,1,stable
-3.161,0.33912,1,stable
-5.02104,0.34668,1,stable
-5.93252,0.3682,1,stable
-11.12108,0.40672,1,stable
-8.12628,0.4228,1,stable
-6.38816,0.4238,1,stable
-9.0998,0.43232,1,stable
-9.76496,0.47764,1,stable
-5.55348,0.43908,1,stable
-5.84116,0.42116,1,stable
-9.13648,0.45228,1,stable
-11.55756,0.57076,1,stable
-11.47344,0.57944,1,stable
-12.1632,0.53196,1,stable
-11.33188,0.48004,1,stable
-15.73824,0.64184,1,stable
-13.76364,0.5848,1,stable
-6.6784,0.53556,1,stable
-6.42876,0.3802,1,stable
-7.8956,0.74368,1,stable
-2.97976,0.45548,1,stable
-2.72956,0.4612,1,stable
-5.57228,-0.0126,1,stable
-3.5064,0.44252,1,stable
-4.62148,0.38612,1,stable
-0.62448,0.44268,2,transition
-2.80028,0.39652,1,stable
-2.04444,0.43776,1,stable
-3.22272,0.43856,1,stable
-6.58084,0.42016,1,stable
-9.55648,0.46108,1,stable
-7.386,0.41068,1,stable
-9.27504,0.48992,1,stable
-8.23748,0.41528,1,stable
-10.81252,0.48376,1,stable
-12.36024,0.61048,1,stable
-9.1026,0.73416,1,stable
-13.11624,0.6474,1,stable
-7.74664,0.6326,1,stable
-10.70388,0.8558,1,stable
-8.52356,0.7982,1,stable
-7.39992,0.83456,1,stable
-1.78312,0.51216,1,stable
-0.8308,0.53604,2,transition
-2.94904,0.55736,1,stable
-7.08072,0.567,1,stable
-2.57812,0.53644,1,stable
-2.7822,0.51316,1,stable
-2.15868,0.32816,1,stable
-8.92084,0.63564,1,stable
-5.44416,0.4954,1,stable
-13.9564,0.82596,1,stable
-11.269,0.81624,1,stable
-11.71252,0.69468,1,stable
-5.76772,0.05108,1,stable
-3.41432,0.34864,1,stable
-1.41924,0.44228,2,transition
-5.01392,0.45288,1,stable
-6.38536,0.3244,1,stable
-0.33512,0.389,2,transition
-1.92308,0.38172,1,stable
-0.35128,0.51148,2,transition
-2.81196,0.45216,1,stable
-1.59172,0.319,2,transition
-5.651,0.4474,1,stable
-3.5456,0.42448,1,stable
-5.76624,0.41672,1,stable
-2.32664,0.5936,1,stable
-1.88872,0.28052,1,stable
-1.35944,0.41544,2,transition
-5.10324,0.21336,1,stable
-1.60088,0.40664,2,transition
-1.01956,0.44412,2,transition
-6.14708,0.46768,1,stable
-2.77324,0.39368,1,stable
-2.14888,0.41608,1,stable
-4.01708,0.54248,1,stable
-3.62104,0.34744,1,stable
-7.63536,0.6534,1,stable
-5.89956,0.50824,1,stable
-8.61584,0.6594,1,stable
-13.26108,0.83568,1,stable
-6.85332,0.76112,1,stable
-3.3914,0.62668,1,stable
-6.57052,0.70228,1,stable
-4.22524,0.681,1,stable
-3.90496,0.66292,1,stable
-2.66844,0.38704,1,stable
-5.00348,0.23508,1,stable
-4.88688,0.21636,1,stable
-2.61776,0.4668,1,stable
-7.4804,-0.09644,1,stable
0.40192,0.38888,2,transition
-3.64,0.46668,1,stable
-6.78188,0.59992,1,stable
-0.73216,0.38744,2,transition
-4.54348,0.44884,1,stable
-11.94304,0.70832,1,stable
-8.24488,0.66856,1,stable
-6.69972,0.85588,1,stable
-12.46324,0.79784,1,stable
-9.28016,0.83128,1,stable
-8.14852,0.8414,1,stable
-9.6224,0.867,1,stable
-5.843,0.91276,1,stable
-1.81196,0.63472,1,stable
-1.1902,0.73044,2,transition
-6.0664,0.06724,1,stable
-1.56592,0.50804,2,transition
-2.33732,0.48596,1,stable
0.32664,0.51504,2,transition
-3.03476,0.53208,1,stable
-3.11932,0.57648,1,stable
-5.50016,0.52144,1,stable
-3.86092,0.4844,1,stable
-7.88404,0.76452,1,stable
-10.218,0.77528,1,stable
-10.65232,0.88888,1,stable
-4.51756,0.6714,1,stable
-5.28868,0.1268,1,stable
0.0592,0.31276,2,transition
-0.0834,0.303,2,transition
-4.00736,0.22156,1,stable
-2.0058,0.18644,1,stable
-0.56652,0.17832,2,transition
0.77964,0.23872,2,transition
-1.93904,0.21296,1,stable
-1.60472,0.2338,2,transition
0.11184,0.18624,2,transition
0.4752,0.18628,2,transition
-3.633,0.3268,1,stable
-1.25644,0.1738,2,transition
-3.87508,0.19684,1,stable
-7.69496,0.41604,1,stable
-6.78144,0.448,1,stable
-3.84056,0.34244,1,stable
-8.60832,0.50728,1,stable
-1.88264,0.40916,1,stable
-2.12972,0.33352,1,stable
-3.36808,-0.01064,1,stable
-0.35044,-0.10072,2,transition
-1.80224,-0.15572,1,stable
-2.23908,-0.23328,1,stable
0.53832,-0.24132,2,transition
1.35252,-0.18824,2,transition
-3.04956,-0.27636,1,stable
0.32756,-0.28028,2,transition
-4.05592,-0.1054,1,stable
-1.31616,-0.10188,2,transition
-7.16064,-0.19236,1,stable
-8.12808,-0.211,1,stable
-4.10268,0.01188,1,stable
-8.35636,0.06036,1,stable
-0.278885,1.578315,2,transition
-0.46748,1.4272,2,transition
-0.4237,0.98434,2,transition
-0.424025,4.872255,2,transition
-0.27032,-1.10792,2,transition
-0.56621,-1.10453,2,transition
-0.522885,3.258275,2,transition
-0.137545,0.745455,2,transition
-0.43693,4.45295,2,transition
-0.577275,5.673565,2,transition
-0.84372,10.2144,2,transition
-0.501145,6.062935,2,transition
-0.11054,-0.17231,2,transition
-0.41427,-0.37213,2,transition
-0.6419,-0.435345,2,transition
-0.8031,-0.419585,2,transition
-0.95188,-0.54114,2,transition
-1.03841,-0.51461,2,transition
-0.92969,-0.461275,2,transition
-0.93234,-0.45139,2,transition
-0.89493,-0.42253,2,transition
-1.04631,-0.56607,2,transition
-1.08014,-0.531895,2,transition
-0.24519,-0.09729,2,transition
-0.97595,-0.52668,2,transition
-0.97544,-0.4812,2,transition
-1.53094,-0.92365,2,transition
-1.40813,-0.83323,2,transition
-1.09689,-0.5734,2,transition
-1.09487,-0.573165,2,transition
-1.17123,-0.600915,2,transition
-1.06063,-0.737445,2,transition
-1.44361,-0.983615,2,transition
-1.73885,-1.15161,1,stable
-1.04104,-0.754275,2,transition
-1.13696,-0.635815,2,transition
-1.82508,-1.39895,1,stable
-1.36357,-1.05643,2,transition
-1.46856,-0.89293,2,transition
-1.62235,-0.85269,2,transition
-2.14255,-1.01581,1,stable
-1.53241,-0.7554,2,transition
-2.13174,-0.94627,1,stable
-2.31369,-1.23682,1,stable
-2.48193,-1.3468,1,stable
-1.5283,-0.64151,2,transition
-1.97958,-0.87056,1,stable
-1.85267,-1.06007,1,stable
-1.10609,-0.40446,2,transition
-2.15087,-0.81087,1,stable
-2.56357,-1.08173,1,stable
-2.19581,-1.06403,1,stable
-2.98337,-1.34245,1,stable
-2.51949,-1.1779,1,stable
-3.38056,-1.03447,1,stable
-2.15384,-0.62143,1,stable
-3.00092,-0.95932,1,stable
-4.20165,-1.50925,1,stable
-2.88485,-1.01495,1,stable
-1.98204,-0.45374,1,stable
-2.98444,-1.04894,1,stable
-3.22506,-1.12714,1,stable
-3.03583,-0.88999,1,stable
-0.56942,-0.02562,2,transition
-3.32945,-1.20795,1,stable
-6.1977,-2.29244,1,stable
-2.97105,-1.03423,1,stable
-4.70181,-1.64977,1,stable
-4.30585,-1.52867,1,stable
-7.11139,-2.32969,1,stable
-4.01323,-1.57588,1,stable
-2.72696,-0.68526,1,stable
-3.1488,-0.77589,1,stable
-3.7766,-0.97021,1,stable
-3.83166,-0.88818,1,stable
-2.43912,-0.3479,1,stable
-4.55844,-1.06546,1,stable
-3.18324,-0.57977,1,stable
-3.75304,-0.73368,1,stable
-2.6819,-0.29778,1,stable
-3.97492,-0.77887,1,stable
-2.91998,-0.34343,1,stable
-3.18884,-0.39342,1,stable
-3.53612,-0.66272,1,stable
-1.5423,-0.08412,2,transition
-3.81166,-0.74709,1,stable
-4.19848,-0.82977,1,stable
-3.70498,-0.57832,1,stable
-4.37922,-1.057,1,stable
-5.6834,-1.1927,1,stable
-4.14448,-0.98709,1,stable
-6.38574,-1.53153,1,stable
-1.636,-0.12188,2,transition
-5.38822,-1.34536,1,stable
-8.4462,-2.11007,1,stable
-1.10462,0.10613,2,transition
-4.83939,-0.89077,1,stable
-3.60233,-0.47313,1,stable
-2.38479,-0.38021,1,stable
-5.61801,-1.05957,1,stable
-3.79763,-0.45783,1,stable
-3.91855,-0.40967,1,stable
-4.25869,-0.32591,1,stable
-4.84901,-0.81675,1,stable
-3.98591,-0.41003,1,stable
0.34799,0.39937,2,transition
-4.31859,-0.66177,1,stable
-4.41687,-0.54575,1,stable
-7.30851,-1.30921,1,stable
-6.37937,-1.06089,1,stable
-5.79367,-0.91731,1,stable
-5.52049,-0.68581,1,stable
-9.34393,-1.56813,1,stable
-3.8657,-0.34535,1,stable
-6.2185,-0.70437,1,stable
-4.78104,-0.51207,1,stable
-2.80056,-0.32689,1,stable
-2.5262,-0.31123,1,stable
-3.72402,-0.53461,1,stable
-5.5908,-0.89071,1,stable
-3.3682,-0.49213,1,stable
-6.06864,-0.86217,1,stable
-5.43044,-0.07151,1,stable
-4.3166,0.15127,1,stable
-2.41664,0.64485,1,stable
-5.96732,0.10159,1,stable
-5.67752,0.15843,1,stable
-6.16126,-0.36759,1,stable
-1.89272,0.66825,1,stable
-13.29936,-1.88053,1,stable
-4.6774,0.37522,1,stable
-2.98142,0.4433,1,stable
-3.95454,0.26746,1,stable
-3.21434,0.47874,1,stable
-3.41124,0.02422,1,stable
-3.77794,0.39496,1,stable
0.31838,-0.05346,2,transition
-6.72812,-0.0859,1,stable
-7.71068,-0.18178,1,stable
-1.80278,0.069,1,stable
-5.33374,-0.22966,1,stable
-5.39882,-0.15334,1,stable
-7.34392,-0.57256,1,stable
-3.66812,-0.28076,1,stable
-4.28732,-0.86636,1,stable
0.44684,-0.33794,2,transition
-4.50186,-0.76618,1,stable
-14.02074,-0.72138,1,stable
-3.91778,0.20624,1,stable
-3.86708,0.33644,1,stable
-1.0988,0.53192,2,transition
-4.28054,0.09024,1,stable
-3.83504,0.1195,1,stable
-3.11394,0.31518,1,stable
-3.01676,0.2983,1,stable
-3.7028,0.2402,1,stable
-5.94804,0.16504,1,stable
-4.43406,0.17176,1,stable
-1.13356,0.17376,2,transition
-6.39968,0.34386,1,stable
-5.13754,0.28724,1,stable
-5.42004,0.07888,1,stable
-4.16828,0.39616,1,stable
0.37912,0.06074,2,transition
-5.44102,0.0548,1,stable
-2.6801,0.53536,1,stable
-6.58506,0.16048,1,stable
-7.70288,0.04464,1,stable
-8.12174,-0.105,1,stable
-6.92636,1.05296,1,stable
-2.22177,0.19135,1,stable
-2.55043,0.15439,1,stable
-2.09283,0.12229,1,stable
-7.93703,0.29117,1,stable
-2.70629,0.08699,1,stable
-3.78335,0.18701,1,stable
-2.12037,0.11731,1,stable
-5.03559,0.19407,1,stable
-3.65853,0.22921,1,stable
-5.67739,0.53369,1,stable
-9.72765,0.70529,1,stable
-13.71619,0.33645,1,stable
-7.07189,0.63099,1,stable
-8.79505,0.75021,1,stable
-1.62971,0.83895,2,transition
-3.69489,0.88949,1,stable
-11.96083,1.14915,1,stable
-4.30451,1.02699,1,stable
-3.47136,0.31563,1,stable
-5.04542,0.28189,1,stable
-3.44708,0.20585,1,stable
-4.99072,0.14197,1,stable
-3.14448,0.25915,1,stable
-3.19752,0.28731,1,stable
-5.30826,0.33653,1,stable
-2.89862,0.29861,1,stable
-4.65088,0.37197,1,stable
-4.78142,0.41435,1,stable
-3.47612,0.42077,1,stable
-3.9604,0.59733,1,stable
-4.86366,0.67107,1,stable
-6.16544,0.90645,1,stable
-7.6962,1.09885,1,stable
-8.39112,0.86335,1,stable
-10.2589,0.90115,1,stable
-3.4369,0.16344,1,stable
-1.95098,0.09998,1,stable
-1.56102,0.21876,2,transition
-1.7832,0.19562,1,stable
-2.76382,0.27628,1,stable
-5.74374,0.19208,1,stable
-1.46716,-0.02914,2,transition
-2.79828,0.29702,1,stable
-3.12806,0.36686,1,stable
-2.84096,0.06716,1,stable
-3.33022,0.20976,1,stable
-4.46272,0.29856,1,stable
-3.13388,0.34224,1,stable
-3.49856,0.0377,1,stable
-6.20132,0.19074,1,stable
-2.98902,0.76304,1,stable
-1.86854,0.69264,1,stable
-10.80786,0.69064,1,stable
-4.02734,0.25716,1,stable
-3.86094,0.2547,1,stable
-1.90282,0.16782,1,stable
-3.3949,0.26214,1,stable
-0.92394,0.02116,2,transition
-2.45666,0.31326,1,stable
-0.81554,0.14338,2,transition
-2.91814,-0.07718,1,stable
-4.17458,0.0144,1,stable
-4.91586,0.18176,1,stable
-7.80822,0.16444,1,stable
-2.10326,0.11092,1,stable
-4.15738,0.43096,1,stable
-5.73462,0.19772,1,stable
-1.94339,0.06019,1,stable
-3.43451,0.07671,1,stable
-2.64499,0.11283,1,stable
-4.86875,0.05783,1,stable
-2.94055,0.16015,1,stable
-2.32815,0.18563,1,stable
-3.36567,-0.00281,1,stable
-3.27763,0.22323,1,stable
-2.37551,0.16855,1,stable
0.80793,-0.03841,2,transition
-5.12379,0.01035,1,stable
-3.56687,0.00307,1,stable
-4.19743,0.03715,1,stable
-3.47763,0.00827,1,stable
-2.07667,0.02659,1,stable
-8.80879,0.26823,1,stable
-1.92064,0.02275,1,stable
-1.79388,0.15327,1,stable
-0.76804,-0.21485,2,transition
-7.509,0.02611,1,stable
-6.36852,0.01671,1,stable
-0.65584,0.01759,2,transition
-1.71472,0.15903,1,stable
-6.3038,0.10555,1,stable
-0.99192,-0.00373,2,transition
-4.93192,0.17895,1,stable
-3.19964,0.13011,1,stable
-3.6612,0.09383,1,stable
-5.27996,0.01595,1,stable
1.95544,0.04331,0,convective
-8.75636,0.05243,1,stable
-2.40288,0.12944,1,stable
-1.36072,0.32612,2,transition
-1.53904,0.01624,2,transition
-2.6194,0.017,1,stable
-0.72628,-0.0576,2,transition
-1.76884,0.1592,1,stable
-5.42924,-0.03104,1,stable
-2.29444,0.15548,1,stable
-1.99452,0.13224,1,stable
-5.37164,0.11084,1,stable
-5.80104,0.14136,1,stable
-8.122,0.20448,1,stable
-4.4166,0.17624,1,stable
-4.57192,0.17828,1,stable
-4.29848,0.1752,1,stable
-5.95588,0.1978,1,stable
-1.8776,0.0676,1,stable
0.80332,0.32612,2,transition
-0.55892,0.04704,2,transition
-0.59628,0.08968,2,transition
-0.82384,-0.09756,2,transition
-2.5272,0.09512,1,stable
-2.20956,0.01164,1,stable
-2.01032,0.05648,1,stable
-4.64704,0.02932,1,stable
-3.28204,0.07008,1,stable
-1.512,0.06912,2,transition
-4.72112,0.10316,1,stable
-4.54392,0.07196,1,stable
-3.88244,0.2676,1,stable
-2.69668,0.20952,1,stable
1.10672,0.3034,2,transition
-3.80648,-0.03372,1,stable
-2.2108,-0.19096,1,stable
-2.8484,-0.05424,1,stable
-2.22468,-0.01512,1,stable
0.03028,-0.24544,2,transition
-2.2838,0.11376,1,stable
-2.9928,0.08136,1,stable
-1.4934,-0.30864,2,transition
-1.93596,0.06452,1,stable
-5.6184,0.12224,1,stable
-4.4362,0.1082,1,stable
-7.57964,0.12616,1,stable
-2.86568,0.13252,1,stable
-3.43308,0.1128,1,stable
-5.02976,0.12388,1,stable
-2.32524,0.18836,1,stable
-1.95788,0.00408,1,stable
-2.42032,0.16448,1,stable
-1.09672,0.08396,2,transition
-2.49376,-0.15784,1,stable
-1.208,0.117,2,transition
-3.2412,-0.23572,1,stable
-2.87424,-0.02584,1,stable
-2.20792,0.07588,1,stable
-4.16584,0.08556,1,stable
-3.84064,0.11412,1,stable
-4.03964,0.08572,1,stable
-7.0348,0.02808,1,stable
-3.61932,0.03864,1,stable
-0.40836,0.00604,2,transition
-8.79364,0.2632,1,stable
-1.36864,0.2966,2,transition
-2.26912,0.2826,1,stable
-3.19192,0.19216,1,stable
-2.9566,0.20532,1,stable
-2.05368,-0.01232,1,stable
-2.962,-0.25592,1,stable
-2.89536,-0.02112,1,stable
-2.42716,0.02824,1,stable
-2.75048,0.0108,1,stable
-3.60904,0.01028,1,stable
-0.71584,0.12784,2,transition
1.46092,0.06228,2,transition
-1.05052,0.31812,2,transition
-1.962,0.30712,1,stable
-2.43416,0.30164,1,stable
-3.05772,0.29888,1,stable
-2.73404,0.22256,1,stable
-2.26768,0.21672,1,stable
-1.899,0.11612,1,stable
-0.47096,0.109,2,transition
-0.88968,0.1112,2,transition
-1.35124,0.07348,2,transition
-1.55028,0.00264,2,transition
-1.44804,-0.12808,2,transition
-2.94068,0.02652,1,stable
-2.90344,0.08396,1,stable
-0.61824,0.0976,2,transition
-2.66844,0.38928,1,stable
-1.12832,0.3596,2,transition
-3.37584,0.21204,1,stable
-2.08452,0.21692,1,stable
-0.14572,0.16708,2,transition
-3.19696,-0.0038,1,stable
-2.41644,-0.24928,1,stable
-1.09404,-0.06036,2,transition
-2.5412,-0.04728,1,stable
-3.304,-0.03704,1,stable
-2.93032,0.0248,1,stable
-1.24324,0.09756,2,transition
-4.26792,0.06236,1,stable
-2.73116,0.11264,1,stable
-2.78828,-0.01816,1,stable
-3.65404,-0.01956,1,stable
-1.0166,0.12864,2,transition
-4.42096,0.07372,1,stable
-9.13032,0.14692,1,stable
0.29464,0.78696,2,transition
-0.64952,0.7116,2,transition
-1.91372,0.04484,1,stable
0.03192,0.41124,2,transition
-0.49268,0.363,2,transition
-4.4294,0.04612,1,stable
-3.28124,-0.08428,1,stable
-2.18932,-0.12176,1,stable
-0.61924,0.04524,2,transition
-1.44776,0.03384,2,transition
-2.71392,-0.29748,1,stable
-1.71864,0.2406,1,stable
-2.40344,-0.1806,1,stable
-4.45948,-0.0392,1,stable
-4.30108,-0.152,1,stable
-4.07956,-0.0422,1,stable
-1.67336,-0.12636,2,transition
-4.10524,0.07308,1,stable
-7.17568,0.22916,1,stable
-3.6136,-0.05832,1,stable
-0.37672,-0.03932,2,transition
-0.79424,0.4344,2,transition
0.91844,0.6238,2,transition
-0.1996,0.5242,2,transition
-2.3322,-0.13772,1,stable
0.35184,0.35512,2,transition
-0.51604,0.1032,2,transition
-3.20332,-0.21372,1,stable
-6.25688,-0.24748,1,stable
-4.23728,-0.15772,1,stable
-3.43804,-0.18616,1,stable
-2.91692,-0.0902,1,stable
1.226485,-7.779315,2,transition
0.0613,2.3547,2,transition
-0.025205,3.349955,2,transition
-0.08054,2.25166,2,transition
-0.0309,2.77254,2,transition
-0.161425,5.042375,2,transition
0.185575,1.255335,2,transition
-0.18057,6.07631,2,transition
0.08812,1.62412,2,transition
-0.337865,3.515815,2,transition
-0.039115,3.703365,2,transition
-0.094985,3.764015,2,transition
-0.06673,3.74835,2,transition
-0.06499,5.54325,2,transition
-0.055885,-1.936045,2,transition
-0.130565,6.126035,2,transition
0.811465,0.303805,2,transition
0.74641,0.347165,2,transition
0.496135,0.235845,2,transition
-0.105955,-0.036285,2,transition
-0.230065,-0.22656,2,transition
-0.1815,-0.079575,2,transition
-0.477975,-0.240075,2,transition
-0.36893,-0.17693,2,transition
-0.69763,-0.359765,2,transition
-0.27899,-0.149935,2,transition
-0.19218,-0.146945,2,transition
-0.45451,-0.284445,2,transition
-0.262685,-0.13665,2,transition
0.20138,0.0541,2,transition
-0.371835,-0.305105,2,transition
-0.187405,-0.092185,2,transition
0.130095,0.18757,2,transition
-0.40147,-0.387915,2,transition
-0.2704,-0.171835,2,transition
-0.42906,-0.39867,2,transition
0.057955,0.18852,2,transition
-0.25521,-0.092515,2,transition
-0.18722,-0.3713,2,transition
0.43412,-0.134805,2,transition
0.40531,-0.155155,2,transition
1.80916,0.459725,0,convective
1.15727,0.221345,2,transition
-1.03965,-0.38431,2,transition
-1.00924,-0.34172,2,transition
-0.02311,0.02207,2,transition
0.45261,0.21227,2,transition
0.17852,0.09649,2,transition
-0.46713,-0.15074,2,transition
-0.6728,-0.261755,2,transition
0.10489,0.079015,2,transition
-0.46033,-0.18993,2,transition
-0.02648,-0.022135,2,transition
0.39646,0.201735,2,transition
-0.80528,-0.346675,2,transition
-1.03466,-0.51413,2,transition
0.25456,-0.39434,2,transition
1.08133,-0.08519,2,transition
0.88509,-0.12279,2,transition
0.29193,0.27423,2,transition
0.08706,0.1617,2,transition
0.35724,0.26321,2,transition
1.02445,0.32812,2,transition
0.87088,0.16034,2,transition
-0.56163,-0.14957,2,transition
-0.54041,-0.15652,2,transition
-0.64385,-0.22417,2,transition
-0.12775,-0.1216,2,transition
-1.23796,-0.4265,2,transition
0.28895,-0.06879,2,transition
-1.25539,-0.22423,2,transition
-0.77871,-0.39435,2,transition
0.63596,0.20846,2,transition
0.39826,-0.48683,2,transition
1.05028,0.3583,2,transition
1.30696,-0.07513,2,transition
1.20312,0.17867,2,transition
0.65036,0.09957,2,transition
-0.45378,-0.02431,2,transition
-0.36298,-0.05207,2,transition
-1.55312,-0.34475,2,transition
-0.50096,-0.06642,2,transition
-0.54548,-0.0801,2,transition
-0.44498,-0.20332,2,transition
0.05238,-0.14873,2,transition
-0.31286,-0.23046,2,transition
-1.14814,-0.32848,2,transition
-0.58636,-0.37988,2,transition
-1.40328,-0.14789,2,transition
-1.70148,-0.37545,1,stable
-1.36992,-0.45843,2,transition
-1.02694,-0.58938,2,transition
-0.8335,-0.36768,2,transition
-1.05524,-0.77678,2,transition
1.81212,0.4639,0,convective
-0.23146,-0.39362,2,transition
1.23842,0.0786,2,transition
0.89848,0.00906,2,transition
0.95376,0.22066,2,transition
0.6665,0.01614,2,transition
0.08672,0.2052,2,transition
0.2448,0.08108,2,transition
-0.81568,-0.08056,2,transition
-0.9107,-0.2022,2,transition
-1.34598,-0.14492,2,transition
-0.95406,-0.02602,2,transition
-0.92484,-0.0479,2,transition
-1.1713,0.04242,2,transition
-1.151,0.02984,2,transition
0.25564,-0.35436,2,transition
-0.0855,-0.34464,2,transition
-0.56535,0.71223,2,transition
-0.58887,0.24525,2,transition
1.56339,0.82901,2,transition
2.15127,0.55627,0,convective
-1.82271,0.09071,1,stable
0.69123,0.32927,2,transition
1.42069,0.40507,2,transition
0.31717,0.18263,2,transition
-0.09923,0.26613,2,transition
-0.85919,0.10841,2,transition
-0.71039,0.12499,2,transition
-0.95499,0.10125,2,transition
-0.70071,0.03329,2,transition
-0.64185,-0.05205,2,transition
-1.10349,0.04751,2,transition
-0.92171,-0.06833,2,transition
-1.88397,-0.16061,1,stable
-0.15046,0.27051,2,transition
1.68794,0.29069,2,transition
0.2683,0.29473,2,transition
1.1823,0.14279,2,transition
-1.37924,0.09921,2,transition
1.61362,0.17889,2,transition
1.10302,0.31159,2,transition
0.4745,0.09147,2,transition
0.59504,0.07895,2,transition
-0.55326,0.13501,2,transition
-0.31328,0.09937,2,transition
-1.70194,-0.13701,1,stable
-0.70194,0.05157,2,transition
-1.13442,0.13949,2,transition
-0.8614,0.11959,2,transition
-0.93194,0.14667,2,transition
-0.70386,0.16273,2,transition
-1.19348,0.18591,2,transition
-1.0132,0.22243,2,transition
-1.65258,0.21129,2,transition
-1.38694,0.30407,2,transition
1.18787,0.46449,2,transition
2.47547,0.41049,0,convective
1.56093,0.37863,2,transition
0.95833,0.27323,2,transition
2.22861,0.34729,0,convective
2.36029,0.33187,0,convective
1.40035,0.31621,2,transition
1.90023,0.22409,0,convective
0.29769,0.17911,2,transition
0.70711,0.23261,2,transition
1.08745,0.25963,2,transition
-0.39301,0.09839,2,transition
-0.83137,0.00543,2,transition
-1.04259,-0.03223,2,transition
-1.59269,-0.12319,2,transition
-0.48621,0.05389,2,transition
-1.00899,-0.09823,2,transition
-0.78689,0.02507,2,transition
-1.27575,-0.04997,2,transition
-0.90641,0.10679,2,transition
-0.40145,0.19397,2,transition
-1.23501,-0.04603,2,transition
-1.29271,-0.05079,2,transition
2.77102,0.55819,0,convective
0.58674,0.28905,2,transition
-0.36228,0.11881,2,transition
-0.64244,0.04635,2,transition
-0.84564,-0.00953,2,transition
-1.61604,0.01349,2,transition
-0.55814,0.15753,2,transition
-0.14016,0.14385,2,transition
-1.45914,0.20219,2,transition
-0.41372,0.40477,2,transition
0.64937,0.45571,2,transition
5.61177,1.46897,0,convective
3.06221,0.72397,0,convective
-0.47459,0.25511,2,transition
3.42045,0.65687,0,convective
3.48161,0.88835,0,convective
3.22919,0.53109,0,convective
-1.29789,0.12097,2,transition
2.11971,0.41091,0,convective
2.78739,0.48715,0,convective
1.37085,0.34315,2,transition
1.83249,0.48997,0,convective
0.10627,0.25141,2,transition
-1.57983,0.03621,2,transition
-1.06483,0.12465,2,transition
-0.11283,0.14789,2,transition
-0.05397,0.15819,2,transition
-0.57185,0.13197,2,transition
-0.27315,0.16475,2,transition
-0.53523,0.18079,2,transition
-0.29341,0.26473,2,transition
-1.14067,0.12363,2,transition
-0.41751,0.38057,2,transition
-0.15573,0.17295,2,transition
0.83688,0.54419,2,transition
1.22052,0.66081,2,transition
-1.1369,0.16099,2,transition
1.1306,0.23971,2,transition
4.02162,0.54357,0,convective
3.81934,0.54703,0,convective
2.7161,0.48605,0,convective
-0.30288,0.14547,2,transition
0.20856,0.19731,2,transition
-0.60074,0.11251,2,transition
-0.63232,0.11151,2,transition
-0.55452,0.11917,2,transition
-0.00474,0.28867,2,transition
4.46608,0.35072,0,convective
4.04048,0.37584,0,convective
4.13244,0.39634,0,convective
3.62476,0.35282,0,convective
2.79692,0.31072,0,convective
-2.19548,0.0236,1,stable
2.5706,0.44036,0,convective
1.09924,0.26808,2,transition
0.77884,0.2435,2,transition
0.69548,0.287,2,transition
0.24236,0.19488,2,transition
-3.70792,-0.17934,1,stable
-1.87932,-0.02948,1,stable
-0.59148,0.09246,2,transition
0.26296,0.10828,2,transition
1.49124,0.30324,2,transition
0.27632,0.19218,2,transition
0.41416,0.28164,2,transition
-0.88224,0.19614,2,transition
2.87646,0.32314,0,convective
2.00246,0.29638,0,convective
4.86858,0.25274,0,convective
5.11498,0.37598,0,convective
2.88542,0.2977,0,convective
3.01718,0.22026,0,convective
4.14078,0.3395,0,convective
4.08194,0.44642,0,convective
1.94926,0.2133,0,convective
0.02958,0.11134,2,transition
1.25742,0.21662,2,transition
-0.20302,0.13926,2,transition
-0.85438,0.02414,2,transition
-0.3665,0.10414,2,transition
0.8579,0.38246,2,transition
5.39412,0.28094,0,convective
5.93784,0.2647,0,convective
5.59892,0.34878,0,convective
4.81808,0.32602,0,convective
2.826,0.17606,0,convective
1.37616,0.24054,2,transition
0.59516,0.13178,2,transition
-0.35332,0.08546,2,transition
-0.586,0.08174,2,transition
0.65228,0.07578,2,transition
0.80668,0.06374,2,transition
-0.05456,0.0819,2,transition
1.16852,0.32846,2,transition
1.16704,0.33762,2,transition
5.24044,0.29044,0,convective
-0.21512,0.04368,2,transition
6.10676,0.16892,0,convective
5.75184,0.272,0,convective
-0.96244,-0.00208,2,transition
3.41036,0.27296,0,convective
4.90508,0.31156,0,convective
-0.2336,0.098,2,transition
0.31516,0.10768,2,transition
-2.0382,-0.05692,1,stable
-0.14736,0.06036,2,transition
1.93752,0.23876,0,convective
1.65228,0.29076,2,transition
2.65912,0.16936,0,convective
5.43644,0.196,0,convective
3.58708,0.30576,0,convective
3.21,0.11396,0,convective
3.19484,0.10728,0,convective
4.42408,0.15936,0,convective
5.86592,0.3452,0,convective
1.29476,0.05816,2,transition
-0.27228,0.0374,2,transition
-0.27476,0.04392,2,transition
-0.33004,0.02324,2,transition
-0.43716,0.03048,2,transition
0.11724,0.02988,2,transition
-0.13172,0.06956,2,transition
-0.50152,0.05256,2,transition
0.99052,0.12744,2,transition
-1.75088,-0.0318,1,stable
0.22232,0.13756,2,transition
1.79712,0.31592,0,convective
3.03076,0.18532,0,convective
2.808,0.14888,0,convective
4.85232,0.12752,0,convective
1.54356,-0.0134,2,transition
4.94288,0.12204,0,convective
5.59256,0.17164,0,convective
1.30332,0.06704,2,transition
-0.02552,0.04248,2,transition
0.47388,0.03104,2,transition
-0.29404,0.0604,2,transition
1.20316,0.14268,2,transition
2.92652,0.12028,0,convective
2.95784,0.14984,0,convective
5.5644,0.1492,0,convective
5.41384,0.10872,0,convective
6.32856,0.17032,0,convective
3.9528,0.09064,0,convective
3.31912,0.03312,0,convective
3.9762,0.05296,0,convective
2.02584,0.01116,0,convective
-3.1682,-0.18284,1,stable
0.5328,0.1074,2,transition
0.92696,0.02604,2,transition
-0.4512,0.01284,2,transition
0.04884,0.04852,2,transition
-0.26536,0.02868,2,transition
0.99364,0.06808,2,transition
2.02524,0.05984,0,convective
-0.25244,0.0352,2,transition
2.58428,0.15348,0,convective
5.94264,0.1792,0,convective
5.98844,0.22532,0,convective
2.87368,0.10672,0,convective
4.03228,0.20176,0,convective
0.92036,0.03748,2,transition
1.55476,0.0516,2,transition
2.23604,0.00324,0,convective
0.0394,0.07708,2,transition
-0.26936,-0.004,2,transition
0.97104,0.0132,2,transition
1.20452,-0.00708,2,transition
1.24188,0.00028,2,transition
-0.14448,-0.01564,2,transition
6.71744,0.15016,0,convective
6.78928,0.23804,0,convective
2.26908,-0.02536,0,convective
6.28372,0.18688,0,convective
5.81512,0.19468,0,convective
1.69832,0.124,0,convective
2.16828,0.13436,0,convective
0.11628,0.05272,2,transition
0.3506,0.03528,2,transition
0.63428,0.03068,2,transition
2.22516,-0.01088,0,convective
0.17352,0.00412,2,transition
-0.53244,-0.085,2,transition
-0.37824,-0.0272,2,transition
-0.83356,-0.05496,2,transition
5.81668,0.19968,0,convective
6.8018,0.2282,0,convective
5.89872,0.2086,0,convective
5.88196,0.13556,0,convective
2.24484,-0.02424,0,convective
2.84256,-0.00976,0,convective
5.75692,0.10792,0,convective
7.182,0.26644,0,convective
4.2966,0.16624,0,convective
1.2674,0.12088,2,transition
1.5116,0.1786,2,transition
-2.66752,-0.11564,1,stable
-1.999,-0.06432,1,stable
0.03324,0.01916,2,transition
0.53464,0.02464,2,transition
0.66216,0.02788,2,transition
0.01628,-0.00764,2,transition
-0.3428,-0.0196,2,transition
-2.2428,-0.11116,1,stable
2.21368,-0.01544,0,convective
4.8998,0.19128,0,convective
6.593,0.10668,0,convective
6.00808,0.1914,0,convective
6.18244,0.19368,0,convective
4.7368,0.16552,0,convective
6.99384,0.26728,0,convective
2.83852,-0.00404,0,convective
-1.55164,-0.0066,2,transition
3.8902,0.12824,0,convective
3.33276,0.2332,0,convective
5.23776,0.33368,0,convective
0.18316,0.02072,2,transition
-5.99464,-0.24964,1,stable
-1.05752,-0.06176,2,transition
0.3874,0.01092,2,transition
0.54296,0.00832,2,transition
0.67536,0.0132,2,transition
-0.46664,-0.04304,2,transition
0.35776,-0.05396,2,transition
-0.45376,-0.04356,2,transition
0.95228,-0.02552,2,transition
2.44248,-0.00536,0,convective
3.012,0.04108,0,convective
6.67004,0.07704,0,convective
7.3758,0.09644,0,convective
6.92056,0.24316,0,convective
-1.65832,-0.10668,2,transition
1.55,0.082,2,transition
7.06344,0.304,0,convective
5.84424,0.35268,0,convective
6.76792,0.2644,0,convective
3.60108,0.26832,0,convective
5.07156,0.2862,0,convective
0.17864,0.01896,2,transition
-0.17468,-0.112,2,transition
1.8704,-0.08268,0,convective
-0.60976,-0.07928,2,transition
-0.31072,-0.06208,2,transition
2.40848,-0.03732,0,convective
0.03963,-3.56025,2,transition
-0.141785,1.516535,2,transition
0.243245,-6.428675,2,transition
0.127735,-2.939985,2,transition
-0.06853,2.70139,2,transition
-0.017715,-0.020395,2,transition
-0.03058,-1.64586,2,transition
0.080145,-0.019855,2,transition
-0.107775,-0.373255,2,transition
0.002935,-0.092185,2,transition
-0.101035,-1.971435,2,transition
-0.11038,-0.05958,2,transition
-0.12006,0.32514,2,transition
-0.11971,0.42201,2,transition
-0.087315,-0.395115,2,transition
-0.13188,-1.85744,2,transition
0.04625,-0.008345,2,transition
0.1829,0.0714,2,transition
0.1712,0.065645,2,transition
0.1982,0.07021,2,transition
0.37774,0.175505,2,transition
0.42212,0.177435,2,transition
-0.15944,-0.09174,2,transition
0.17325,0.1,2,transition
0.08702,0.06379,2,transition
-0.26633,-0.12341,2,transition
0.00459,0.022305,2,transition
-0.04349,-0.01291,2,transition
0.17621,0.096065,2,transition
-0.12264,-0.044975,2,transition
-0.04566,-0.005155,2,transition
-0.12586,-0.05349,2,transition
0.15275,0.01125,2,transition
0.33798,0.02798,2,transition
0.35673,0.01929,2,transition
0.53583,0.09605,2,transition
0.43524,0.01312,2,transition
0.37946,0.04039,2,transition
0.50251,0.09757,2,transition
0.19526,0.03407,2,transition
0.23034,-0.02884,2,transition
-0.1738,-0.21934,2,transition
-0.05679,0.00817,2,transition
-0.41648,-0.26787,2,transition
-0.32195,-0.14681,2,transition
-0.3147,-0.16688,2,transition
-0.26042,-0.06096,2,transition
-0.39671,-0.24047,2,transition
-0.26562,-0.10231,2,transition
-0.83707,-0.44822,2,transition
0.19771,0.16815,2,transition
-0.57655,-0.13101,2,transition
0.47557,0.28246,2,transition
0.01747,0.1874,2,transition
0.69381,0.33708,2,transition
0.57461,0.1729,2,transition
0.27141,0.10914,2,transition
0.47305,0.19271,2,transition
0.83547,0.38505,2,transition
0.69319,0.25684,2,transition
0.59973,0.20594,2,transition
0.51863,0.29754,2,transition
0.36987,0.21137,2,transition
0.41539,0.07835,2,transition
-0.64929,-0.15134,2,transition
-0.55515,-0.15134,2,transition
-0.13347,0.01744,2,transition
-0.88555,-0.22842,2,transition
-0.86271,-0.22747,2,transition
-0.46595,-0.14071,2,transition
-0.92821,-0.2329,2,transition
-0.47017,-0.10763,2,transition
-0.64809,-0.12419,2,transition
-0.81449,-0.17457,2,transition
0.32079,-0.07694,2,transition
0.49171,0.0223,2,transition
0.44369,0.18936,2,transition
0.58825,0.23174,2,transition
0.31903,0.0832,2,transition
1.09325,0.35268,2,transition
-0.66343,-0.0983,2,transition
1.14403,0.32928,2,transition
0.30999,0.03858,2,transition
0.30929,0.09444,2,transition
0.36053,0.14042,2,transition
-1.29261,-0.21912,2,transition
-0.13695,0.02866,2,transition
0.00199,0.11784,2,transition
-0.60307,-0.05796,2,transition
-0.35139,0.01616,2,transition
0.46992,0.08425,2,transition
0.65542,-0.19965,2,transition
1.3651,-0.04977,2,transition
0.42914,-0.08537,2,transition
0.1367,-0.15431,2,transition
1.29992,0.18099,2,transition
1.37008,0.19475,2,transition
1.1777,0.11445,2,transition
1.23132,0.30985,2,transition
0.8304,0.30375,2,transition
-0.58332,0.02199,2,transition
-0.05292,0.07953,2,transition
-0.09662,0.04957,2,transition
-1.38357,-0.64655,2,transition
-0.77637,-0.35117,2,transition
1.03141,0.45839,2,transition
-0.00205,0.06015,2,transition
-1.04755,-0.16427,2,transition
0.83375,0.14433,2,transition
-1.06761,-0.21479,2,transition
1.27175,0.08745,2,transition
0.34457,-0.00957,2,transition
-0.43413,-0.14923,2,transition
0.21321,0.02621,2,transition
-0.31967,-0.01369,2,transition
0.40699,0.00149,2,transition
-0.48217,-0.15567,2,transition
-0.45453,0.01042,2,transition
1.72929,0.27436,0,convective
-0.22153,-0.21674,2,transition
0.80487,0.12256,2,transition
1.70827,0.24786,0,convective
-0.03795,-0.33864,2,transition
0.72019,-0.11356,2,transition
1.08377,-0.03,2,transition
1.70475,0.24962,0,convective
1.58853,0.22104,2,transition
0.19151,0.22614,2,transition
0.15227,0.2605,2,transition
-0.99949,0.1989,2,transition
-0.93319,0.20736,2,transition
-0.19313,0.06082,2,transition
-0.54189,0.06744,2,transition
-0.27891,0.1012,2,transition
-1.82271,-0.55268,1,stable
-0.81385,-0.35772,2,transition
1.34935,0.07428,2,transition
1.72383,0.09714,0,convective
-0.53467,-0.01412,2,transition
-1.01491,-0.07252,2,transition
1.56453,0.16212,2,transition
1.60009,0.11068,2,transition
1.78947,0.20094,0,convective
1.58527,0.1832,2,transition
0.38381,0.1235,2,transition
-0.41981,0.17124,2,transition
-0.26331,0.08094,2,transition
-0.54979,0.1672,2,transition
-1.26733,0.1829,2,transition
-1.03085,0.18044,2,transition
-1.61281,0.147,2,transition
-0.11775,0.06922,2,transition
-0.90485,0.18104,2,transition
1.23617,0.07734,2,transition
1.44343,0.0275,2,transition
0.36439,0.04752,2,transition
1.30515,0.07766,2,transition
0.12259,0.06664,2,transition
0.60405,0.06638,2,transition
0.61263,0.07674,2,transition
-0.08905,0.05676,2,transition
-1.59867,0.14394,2,transition
-2.45746,0.40257,1,stable
0.94928,0.30199,2,transition
-1.14372,0.36719,2,transition
2.24458,0.35493,0,convective
-0.07602,0.20613,2,transition
1.9083,0.30095,0,convective
2.29056,0.27205,0,convective
0.75496,0.26581,2,transition
1.7228,0.17335,0,convective
2.10408,0.23449,0,convective
2.1645,0.24549,0,convective
-0.36492,0.06501,2,transition
0.73472,0.12209,2,transition
0.2034,0.18957,2,transition
-0.04122,0.13761,2,transition
1.76231,0.07199,0,convective
0.66419,0.04513,2,transition
1.75749,0.21933,0,convective
0.09149,0.16483,2,transition
0.51175,0.11595,2,transition
1.93055,0.20775,0,convective
1.02049,0.17143,2,transition
0.88521,0.15875,2,transition
1.82081,0.17841,0,convective
-0.97201,0.02319,2,transition
-2.73885,-0.08293,1,stable
0.13301,0.08299,2,transition
0.25489,0.12217,2,transition
0.85045,0.11573,2,transition
0.34841,0.09575,2,transition
0.04161,0.11475,2,transition
0.11593,0.15079,2,transition
-1.17563,0.21095,2,transition
-0.30459,0.01674,2,transition
1.90725,0.12384,0,convective
1.65663,0.0269,2,transition
2.14979,0.12844,0,convective
-0.80619,-0.05178,2,transition
-0.55417,0.02584,2,transition
2.60697,0.14092,0,convective
4.76209,0.32712,0,convective
-0.01157,0.01124,2,transition
-1.57785,-0.07932,2,transition
0.75379,0.08092,2,transition
1.34093,0.1548,2,transition
2.39095,0.22504,0,convective
2.55991,0.22756,0,convective
2.60171,0.22222,0,convective
2.25123,0.17354,0,convective
2.30605,0.21228,0,convective
2.33483,0.19904,0,convective
2.21179,0.1713,0,convective
1.94329,0.16094,0,convective
2.17977,0.15458,0,convective
0.66999,0.12108,2,transition
0.29513,0.10404,2,transition
0.98325,0.06646,2,transition
0.47021,0.0883,2,transition
-0.35679,0.089,2,transition
-0.16373,0.14094,2,transition
-1.48221,0.04022,2,transition
-0.94647,0.14004,2,transition
0.27227,0.08658,2,transition
-0.80083,0.15716,2,transition
-0.40537,0.21492,2,transition
1.41779,0.03518,2,transition
2.73401,0.12704,0,convective
2.84061,0.18002,0,convective
1.48651,0.10794,2,transition
1.64335,0.1584,2,transition
1.47347,0.13254,2,transition
-3.03085,-0.15398,1,stable
0.68153,0.06746,2,transition
1.81239,0.13108,0,convective
1.61543,0.12544,2,transition
1.16805,0.1304,2,transition
0.25703,0.10728,2,transition
-1.47157,0.01064,2,transition
0.29681,0.09686,2,transition
0.25613,0.18872,2,transition
2.17467,0.13182,0,convective
1.04735,0.0532,2,transition
0.32637,0.11568,2,transition
2.88769,0.18424,0,convective
2.61125,0.1551,0,convective
-1.09423,-0.04316,2,transition
0.88353,0.10964,2,transition
1.47557,0.13814,2,transition
1.18903,0.13844,2,transition
0.80367,0.13046,2,transition
1.14483,0.16386,2,transition
1.97136,0.05535,0,convective
3.21532,0.18075,0,convective
2.59948,0.16275,0,convective
2.9644,0.19743,0,convective
2.49216,0.15493,0,convective
1.13816,0.08163,2,transition
1.63,0.13135,2,transition
0.91444,0.11077,2,transition
0.4636,0.09467,2,transition
-0.70616,0.05379,2,transition
0.45264,0.08435,2,transition
-0.05304,0.08095,2,transition
-1.13092,0.03784,2,transition
2.0596,0.08824,0,convective
1.82428,0.05028,0,convective
2.28152,0.10464,0,convective
1.99268,0.06172,0,convective
1.26696,0.11412,2,transition
2.82156,0.12636,0,convective
2.91924,0.13656,0,convective
1.17228,0.0306,2,transition
-3.48584,-0.16036,1,stable
1.29004,0.03976,2,transition
1.438,0.07548,2,transition
1.21172,0.02716,2,transition
2.0316,0.03892,0,convective
3.27456,0.1198,0,convective
0.69416,0.0432,2,transition
-3.65352,-0.16768,1,stable
1.6484,0.05528,2,transition
-0.3286,-0.0094,2,transition
1.53876,0.09112,2,transition
0.18068,0.04188,2,transition
-0.79928,-0.004,2,transition
0.63096,0.08992,2,transition
1.57336,0.14172,2,transition
-0.9118,0.03532,2,transition
0.17736,0.03648,2,transition
1.8462,0.0404,0,convective
0.93832,0.02708,2,transition
2.3068,0.10024,0,convective
1.9292,0.08692,0,convective
3.32964,0.12548,0,convective
2.43804,0.05296,0,convective
1.59932,0.0418,2,transition
1.90616,0.09092,0,convective
1.95648,0.09772,0,convective
1.66304,0.1024,2,transition
1.6394,0.10764,2,transition
-0.12572,0.00676,2,transition
0.6178,0.09436,2,transition
-0.90452,0.00728,2,transition
1.30084,0.14344,2,transition
0.00668,0.1104,2,transition
10.52288,0.35356,0,convective
2.08224,0.13016,0,convective
3.43988,0.169,0,convective
1.9212,0.06,0,convective
-1.82472,-0.12464,1,stable
1.33352,0.11036,2,transition
1.54244,0.11548,2,transition
3.564,0.16264,0,convective
3.54496,0.14876,0,convective
2.96204,0.13628,0,convective
0.7458,0.03456,2,transition
2.2296,0.07388,0,convective
1.6168,0.03852,2,transition
0.12604,-0.03252,2,transition
0.1122,0.10552,2,transition
2.2498,0.16048,0,convective
0.64012,0.05052,2,transition
3.95408,0.16824,0,convective
1.8406,0.08492,0,convective
1.10632,0.03672,2,transition
3.47848,0.13464,0,convective
3.69644,0.15124,0,convective
3.50504,0.10368,0,convective
-1.57756,-0.09164,2,transition
-0.26268,-0.0332,2,transition
0.25908,0.0014,2,transition
1.09268,0.05732,2,transition
0.90972,0.05272,2,transition
-1.26672,0.01496,2,transition
-0.74152,0.11388,2,transition
2.57052,0.14868,0,convective
-0.38804,0.0922,2,transition
4.6582,0.18008,0,convective
3.737,0.17048,0,convective
4.20968,0.18012,0,convective
3.97772,0.178,0,convective
3.86588,0.16944,0,convective
2.27688,0.10748,0,convective
0.40136,0.00432,2,transition
3.3222,0.12456,0,convective
2.75192,0.11116,0,convective
2.45016,0.08124,0,convective
1.78292,0.04484,0,convective
1.92508,0.04136,0,convective
0.58512,-0.00016,2,transition
-0.17824,-0.02136,2,transition
0.94684,0.02848,2,transition
0.76648,0.02292,2,transition
1.1398,0.04196,2,transition
0.94092,0.03824,2,transition
1.5958,0.06484,2,transition
1.24756,0.04804,2,transition
-1.64732,-0.03396,2,transition
-0.75856,-0.01704,2,transition
2.56448,0.08156,0,convective
3.60444,0.10824,0,convective
1.04976,-0.00852,2,transition
1.28996,-0.01032,2,transition
-0.01916,-0.04176,2,transition
4.10012,0.1066,0,convective
-1.02036,-0.04264,2,transition
3.8228,0.0858,0,convective
4.05748,0.16288,0,convective
2.43168,0.03208,0,convective
3.23108,0.04184,0,convective
2.51028,0.0198,0,convective
1.27584,-0.05184,2,transition
1.01156,-0.107,2,transition
0.61592,-0.134,2,transition
0.68372,-0.06676,2,transition
0.55964,-0.0818,2,transition
0.85364,-0.05184,2,transition
-0.8612,-0.08996,2,transition
3.05648,0.02696,0,convective
-2.07108,-0.09156,1,stable
1.64176,-0.05696,2,transition
4.01848,0.03136,0,convective
2.2916,-0.06604,0,convective
2.84252,-0.10416,0,convective
2.47956,-0.16124,0,convective
-4.76732,-0.20216,1,stable
0.5892,-0.15728,2,transition
-0.10668,-0.2418,2,transition
0.98232,-0.10232,2,transition
0.77408,-0.12492,2,transition
-0.97284,-0.11164,2,transition
-0.0636925,-1.6160925,2,transition
0.12295,-3.41665,2,transition
0.086065,-4.414255,2,transition
-0.002795,-3.415835,2,transition
-0.289175,-3.792615,2,transition
-0.110675,-4.342275,2,transition
-0.1800575,-4.1309775,2,transition
-0.1250725,-2.4166725,2,transition
-0.33281,-1.02925,2,transition
-0.25367,-1.17135,2,transition
-0.3922325,-1.4573525,2,transition
-0.1155275,0.1823125,2,transition
-0.11825,-1.10057,2,transition
0.0255925,-0.4331675,2,transition
-0.1326175,-0.4846175,2,transition
-0.0732225,-0.0402225,2,transition
-0.0382675,-0.9860675,2,transition
0.0185,-0.10445,2,transition
-0.04906,-0.0619125,2,transition
-0.899105,-0.5081475,2,transition
-0.879925,-0.54463,2,transition
-0.98313,-0.647435,2,transition
-1.27139,-0.984075,2,transition
-0.66259,-0.393365,2,transition
-0.630915,-0.6639425,2,transition
-0.563475,-0.3621525,2,transition
-1.11194,-0.651505,2,transition
-1.1734,-0.2905,2,transition
-0.80001,-0.505995,2,transition
-0.98867,-0.2499,2,transition
-0.96095,-0.546395,2,transition
-0.11197,-0.115985,2,transition
-1.00788,-0.266275,2,transition
-0.35794,-0.16854,2,transition
-0.8398,-0.128445,2,transition
-0.59858,-0.260905,2,transition
-0.9547,-0.144095,2,transition
-0.72461,-0.11686,2,transition
-0.56204,-0.10313,2,transition
-0.80522,-0.054905,2,transition
-0.3271,-0.02401,2,transition
-0.63499,-0.215335,2,transition
-0.82091,-0.161625,2,transition
-0.39054,-0.024065,2,transition
-1.42615,-0.64349,2,transition
-1.45188,-0.66784,2,transition
-1.60919,-0.98628,2,transition
-1.70559,-1.16279,1,stable
-1.34581,-0.62167,2,transition
-2.78981,-1.19508,1,stable
-0.47105,-0.16565,2,transition
-1.6873,-0.6127,2,transition
-1.2479,-0.4081,2,transition
-0.34656,0.03075,2,transition
-1.08066,-0.17064,2,transition
-1.49207,-0.56937,2,transition
-1.7806,-0.67153,1,stable
-0.35144,-0.06808,2,transition
-2.26911,-0.81723,1,stable
-2.24101,-0.87242,1,stable
-2.02005,-0.93546,1,stable
-1.74231,-0.39174,1,stable
-1.06313,-0.19345,2,transition
-2.84697,-0.64665,1,stable
-1.09731,-0.48956,2,transition
-0.68671,-0.30652,2,transition
-1.30137,-0.32975,2,transition
-1.04403,-0.23571,2,transition
-2.06795,-0.5853,1,stable
-3.45604,-1.23167,1,stable
-2.2472,-0.79275,1,stable
-3.33772,-1.24151,1,stable
-2.9704,-1.02085,1,stable
-2.0671,-0.60469,1,stable
-2.96354,-0.61209,1,stable
-3.88182,-0.64661,1,stable
-3.30008,-0.90829,1,stable
-3.51504,-0.85503,1,stable
-1.6649,-0.59301,2,transition
-1.72916,-0.38461,1,stable
-2.7026,-0.15065,1,stable
-3.19378,-0.19647,1,stable
-1.56026,-0.14087,2,transition
-1.29316,-0.00599,2,transition
-1.11478,-0.02521,2,transition
-1.10838,-0.10155,2,transition
-0.88884,0.04469,2,transition
-1.9218,-0.10509,1,stable
-1.54778,0.04129,2,transition
-1.32686,-0.14621,2,transition
-1.32628,-0.18733,2,transition
-1.4841,-0.10283,2,transition
-4.56706,-0.1328,1,stable
-3.00424,-0.14504,1,stable
-3.69528,-0.18444,1,stable
-2.61896,-0.12316,1,stable
-2.27718,-0.16422,1,stable
-3.58362,-0.36732,1,stable
-3.51734,-0.34646,1,stable
-4.12662,-0.285,1,stable
-2.29964,-0.34232,1,stable
-1.63436,-0.55396,2,transition
-1.86848,-0.64056,1,stable
-1.79068,0.05286,1,stable
-1.57532,0.18534,2,transition
-1.65556,-0.53358,2,transition
-2.42488,-0.7959,1,stable
-3.97899,0.11293,1,stable
-3.05143,0.02741,1,stable
-3.00975,0.14871,1,stable
-2.90215,0.10209,1,stable
-3.67389,0.16409,1,stable
-3.32983,0.12217,1,stable
-0.89241,0.28583,2,transition
-4.24547,-0.01375,1,stable
-3.17527,0.01283,1,stable
-1.39637,0.10553,2,transition
-1.96827,0.04617,1,stable
-2.51273,0.03965,1,stable
-2.28373,0.04317,1,stable
-2.33433,-0.25797,1,stable
-1.59177,0.20271,2,transition
-1.30635,0.16789,2,transition
-1.50471,0.14053,2,transition
-1.46095,0.07633,2,transition
-1.90331,-0.11887,1,stable
-3.68789,-0.11982,1,stable
-3.76729,0.08712,1,stable
-3.75771,0.1394,1,stable
-3.51795,0.10868,1,stable
-3.70683,0.10948,1,stable
-2.78911,0.06994,1,stable
-3.58041,0.09348,1,stable
-4.07259,0.07942,1,stable
-3.75679,0.08242,1,stable
-1.39051,0.10952,2,transition
-1.94497,0.06932,1,stable
-2.19715,0.07356,1,stable
-1.01391,0.033,2,transition
-1.46883,0.06906,2,transition
-1.03601,0.1594,2,transition
-1.26575,0.10758,2,transition
-1.34315,0.1178,2,transition
-3.63219,0.1351,1,stable
-2.86497,0.11724,1,stable
-3.79937,0.04572,1,stable
-4.07655,0.0439,1,stable
-3.80241,0.04848,1,stable
-1.32639,0.01706,2,transition
-0.74093,0.03382,2,transition
-1.55539,0.24524,2,transition
-3.52136,0.09211,1,stable
-3.32134,0.19891,1,stable
-1.93378,0.01151,1,stable
-0.80316,0.14553,2,transition
-3.41244,0.09139,1,stable
-2.82692,0.10955,1,stable
-1.24878,0.16649,2,transition
-1.48246,0.17327,2,transition
-0.51756,0.27103,2,transition
-0.86296,0.31547,2,transition
-1.0499,0.38007,2,transition
-2.5643,0.0463,1,stable
-2.1763,0.33572,1,stable
-3.0845,0.2543,1,stable
-2.3695,0.10366,1,stable
-2.18652,0.2702,1,stable
-3.0038,0.1673,1,stable
-1.24294,0.0414,2,transition
-3.58824,0.24892,1,stable
-0.39516,0.2285,2,transition
-3.23816,0.18364,1,stable
-2.15858,0.13708,1,stable
-2.96166,0.24438,1,stable
-2.06554,0.21356,1,stable
-0.8986,0.24606,2,transition
-1.811,0.21596,1,stable
-0.33072,0.29078,2,transition
-0.9673,0.26698,2,transition
-0.58586,0.25764,2,transition
-0.82398,0.25464,2,transition
-1.2163,0.31888,2,transition
-0.42664,0.19502,2,transition
-0.57008,0.5201,2,transition
-2.65528,0.25566,1,stable
-2.01712,0.2741,1,stable
-2.20724,0.1889,1,stable
-1.03484,0.03492,2,transition
-0.99516,0.00648,2,transition
-3.09812,0.26806,1,stable
-2.52756,0.2679,1,stable
-1.82764,0.2379,1,stable
-0.28332,0.31154,2,transition
-0.32604,0.25982,2,transition
-0.49852,0.2318,2,transition
-0.02088,0.37036,2,transition
-1.15568,0.35342,2,transition
-0.82628,0.3827,2,transition
-0.86288,0.45828,2,transition
-1.90503,0.31269,1,stable
-2.25827,0.24245,1,stable
-1.81283,0.19637,1,stable
-2.21407,0.22789,1,stable
-2.81983,0.24517,1,stable
-2.34383,0.24045,1,stable
-2.45571,0.17709,1,stable
-2.48619,0.25585,1,stable
-2.26907,0.25849,1,stable
-1.60487,0.22277,2,transition
-0.42315,0.30101,2,transition
-1.52771,0.07185,2,transition
-1.30699,0.12969,2,transition
-1.18291,0.27177,2,transition
-0.33399,0.31469,2,transition
-0.69207,0.27365,2,transition
-0.43655,0.27737,2,transition
0.17357,0.30553,2,transition
0.44025,0.37313,2,transition
-2.03011,0.1878,1,stable
-2.23239,0.13312,1,stable
-1.13703,0.00304,2,transition
-2.06947,0.1446,1,stable
-1.91723,0.08276,1,stable
-2.35391,0.142,1,stable
-1.06499,-0.05028,2,transition
-2.94835,0.12512,1,stable
-2.28143,0.20356,1,stable
-0.20191,0.21144,2,transition
-0.52935,0.16272,2,transition
-0.31271,0.22464,2,transition
0.36969,0.19612,2,transition
0.45565,0.23792,2,transition
0.60433,0.16408,2,transition
-2.23203,0.1248,1,stable
-2.79227,0.0428,1,stable
-3.02023,0.03432,1,stable
-1.55627,0.19048,2,transition
-2.04487,0.04456,1,stable
-1.62363,0.10852,2,transition
-1.14391,0.05236,2,transition
-1.98955,0.0932,1,stable
-2.32463,0.08248,1,stable
-2.72863,-0.00036,1,stable
-2.32571,-0.08884,1,stable
-1.71087,-0.01212,1,stable
-0.08555,0.02432,2,transition
0.10737,0.02876,2,transition
-0.31995,0.02856,2,transition
-0.50491,-0.03584,2,transition
-0.31339,-0.00228,2,transition
-2.51888,0.04279,1,stable
-2.43408,0.04187,1,stable
-3.09484,0.02039,1,stable
-1.84884,0.04803,1,stable
-1.24496,0.04039,2,transition
-2.71456,-0.00445,1,stable
-2.12104,0.01495,1,stable
-1.44536,0.00367,2,transition
-0.07176,0.01379,2,transition
-0.713,0.01679,2,transition
-1.01724,-0.04061,2,transition
-0.15456,0.01079,2,transition
0.95936,0.03591,2,transition
0.1492,0.02391,2,transition
-1.9936,0.01772,1,stable
-2.20632,0.00292,1,stable
-2.03868,0.0062,1,stable
-1.96436,-0.03464,1,stable
-1.36808,-0.07896,2,transition
-3.2228,-0.0152,1,stable
-2.7878,-0.03284,1,stable
-2.5628,0.01316,1,stable
-0.10272,0.02164,2,transition
-0.92572,0.01804,2,transition
-1.78404,-0.08808,1,stable
0.27664,0.07116,2,transition
0.1784,0.03552,2,transition
-0.36356,0.0816,2,transition
-2.41264,0.00316,1,stable
-3.10912,-0.00612,1,stable
-2.32928,0.00252,1,stable
-2.23348,-0.04092,1,stable
-2.24156,-0.03672,1,stable
-1.93172,-0.00084,1,stable
-1.58496,0.00824,2,transition
-1.31724,-0.043,2,transition
-2.31432,0.01304,1,stable
-2.83288,0.014,1,stable
-1.47196,0.03052,2,transition
-1.74228,0.0328,1,stable
-1.6474,-0.02588,2,transition
-4.02744,-0.13528,1,stable
-1.6018,0.04352,2,transition
0.07608,0.07704,2,transition
0.24384,0.06908,2,transition
0.43448,0.11484,2,transition
0.72196,0.15644,2,transition
0.12932,0.12772,2,transition
0.5936,0.08432,2,transition
1.0324,0.20976,2,transition
-2.0154,0.01436,1,stable
-2.38488,0.02776,1,stable
-2.28128,-0.0478,1,stable
-2.51744,0.01132,1,stable
-1.42976,0.00588,2,transition
-1.73036,0.00996,1,stable
-1.62332,-0.00784,2,transition
-1.98612,-0.00208,1,stable
-2.0412,0.01152,1,stable
-2.71108,0.00596,1,stable
0.28684,0.00576,2,transition
-2.0024,-4e-05,1,stable
-0.1824,0.01368,2,transition
-2.32284,-0.0588,1,stable
-0.31232,0.01244,2,transition
0.6156,0.06124,2,transition
0.98888,0.01592,2,transition
0.3528,0.03916,2,transition
1.17744,0.02164,2,transition
-0.8084,0.02608,2,transition
-1.98932,0.06408,1,stable
-1.50188,0.04696,2,transition
-2.15176,0.02244,1,stable
-2.03664,0.03584,1,stable
-1.94472,0.03572,1,stable
-0.03808,0.02444,2,transition
-1.641,-0.00664,2,transition
0.82132,0.02788,2,transition
0.47092,0.10724,2,transition
0.65144,0.10912,2,transition
1.12776,0.08656,2,transition
0.1094,0.11992,2,transition
1.34864,0.04104,2,transition
1.10956,0.03616,2,transition
-1.21696,0.0498,2,transition
-2.1512,0.0754,1,stable
-2.29128,0.0088,1,stable
-1.17388,0.052,2,transition
-1.7678,0.0564,1,stable
-2.26588,0.02428,1,stable
-1.51236,-0.03508,2,transition
-2.1574,0.0236,1,stable
-2.42396,0.0412,1,stable
-1.42592,0.01984,2,transition
-0.69348,0.0172,2,transition
-3.78028,-0.06096,1,stable
-2.07564,0.0454,1,stable
0.43276,0.01512,2,transition
-0.28072,0.01416,2,transition
0.10592,0.00936,2,transition
-0.3046,0.03844,2,transition
0.42848,0.01544,2,transition
1.16224,0.04076,2,transition
0.77724,0.01908,2,transition
-0.43984,0.0302,2,transition
-1.75732,-0.03208,1,stable
-2.20228,-0.01968,1,stable
-2.142,-0.01844,1,stable
-1.92316,-0.02676,1,stable
-3.24756,-0.0362,1,stable
-2.01808,-0.02332,1,stable
0.409,-0.02376,2,transition
-0.15016,0.03732,2,transition
-0.1412,-0.02016,2,transition
-1.71184,-0.05968,1,stable
0.84204,0.07508,2,transition
0.68424,0.0768,2,transition
0.9552,0.0896,2,transition
0.45316,0.08432,2,transition
1.49732,0.08148,2,transition
-2.31668,-0.10888,1,stable
-1.96724,-0.07996,1,stable
-2.0322,-0.02996,1,stable
-1.47824,-0.10044,2,transition
0.4154,0.00596,2,transition
-2.84952,0.07232,1,stable
-3.86028,-0.00264,1,stable
0.1444,-0.08576,2,transition
-1.41776,0.00908,2,transition
-1.24232,-0.01356,2,transition
0.07164,-0.02272,2,transition
0.34016,-0.03836,2,transition
1.2106,-0.02556,2,transition
-0.65429,1.07847,2,transition
-0.47607,1.78561,2,transition
-0.398725,2.074355,2,transition
-0.46676,1.11296,2,transition
-0.2627,1.63854,2,transition
-0.21373,1.78847,2,transition
-0.183635,1.443565,2,transition
-0.066135,0.341545,2,transition
-0.16178,1.25598,2,transition
-0.18756,1.41332,2,transition
-0.237615,0.572025,2,transition
-0.2446,-0.26172,2,transition
-0.207705,-0.209305,2,transition
-0.11166,-1.14182,2,transition
-0.173855,-0.352015,2,transition
-0.051585,0.212575,2,transition
-0.288,-0.53912,2,transition
-1.63969,-0.871755,2,transition
-1.24005,-0.691995,2,transition
-0.56936,-0.32748,2,transition
-0.64277,-0.343945,2,transition
-0.63252,-0.345725,2,transition
-0.69075,-0.378775,2,transition
-0.70076,-0.353145,2,transition
-0.34432,-0.20862,2,transition
-0.27855,-0.128555,2,transition
-0.34146,-0.19446,2,transition
-0.38575,-0.1373,2,transition
-0.26683,-0.210955,2,transition
-0.45463,-0.24596,2,transition
-0.25598,-0.0672,2,transition
-0.26796,-0.107605,2,transition
-0.22713,-0.1366,2,transition
-0.26435,-0.097565,2,transition
-0.14842,-0.01442,2,transition
-2.45938,-0.79913,1,stable
-1.81946,-0.69408,1,stable
-0.99878,-0.353,2,transition
-0.9906,-0.24791,2,transition
-0.8669,-0.29754,2,transition
-1.30522,-0.48702,2,transition
-0.59053,-0.18753,2,transition
-0.43961,-0.18559,2,transition
-0.77381,-0.22024,2,transition
-0.58361,-0.19862,2,transition
-0.54674,-0.14161,2,transition
-0.62893,-0.13877,2,transition
-0.33715,-0.06919,2,transition
-0.24954,-0.08715,2,transition
-0.48992,-0.14533,2,transition
-0.47526,-0.19908,2,transition
-0.68048,-0.26377,2,transition
-2.90086,-0.5121,1,stable
-2.70952,-0.42781,1,stable
-3.38868,-0.87097,1,stable
-3.84842,-1.04944,1,stable
-2.52064,-0.54481,1,stable
-2.23128,-0.59391,1,stable
-2.18318,-0.5969,1,stable
-2.08804,-0.54875,1,stable
-1.48366,-0.61676,2,transition
-1.57438,-0.58829,2,transition
-1.12346,-0.66368,2,transition
-1.445,-0.83165,2,transition
-1.2095,-0.68266,2,transition
-0.66336,-0.40233,2,transition
-0.79076,-0.45009,2,transition
-0.92976,-0.43685,2,transition
-1.01838,-0.51328,2,transition
-0.87202,-0.3805,2,transition
-1.66504,-0.81114,2,transition
-3.08349,-0.56495,1,stable
-2.60077,-0.40545,1,stable
-2.75321,-0.47645,1,stable
-2.15513,-0.45173,1,stable
-1.80531,-0.25217,1,stable
-2.12255,-0.55399,1,stable
-2.06681,-0.47197,1,stable
-1.59613,-0.24903,2,transition
-1.48143,-0.17769,2,transition
-2.15037,-0.70557,1,stable
-1.77699,-0.42505,1,stable
-1.68615,-0.47665,2,transition
-2.09457,-0.67035,1,stable
-1.66123,-0.28501,2,transition
-1.52479,-0.32045,2,transition
-1.52049,-0.38513,2,transition
-1.54813,-0.44259,2,transition
-1.83701,-0.59175,1,stable
-1.65951,-0.61725,2,transition
-1.54603,-0.59809,2,transition
-1.47769,-0.54331,2,transition
-1.36361,-0.44573,2,transition
-1.39871,-0.42237,2,transition
-0.99757,-0.30361,2,transition
-1.02491,-0.34941,2,transition
-2.79602,-0.09889,1,stable
-2.98214,-0.11239,1,stable
-2.13536,-0.33867,1,stable
-1.66108,-0.43885,2,transition
-2.3536,-0.20323,1,stable
-1.89812,-0.12877,1,stable
-1.7963,-0.13843,1,stable
-1.71576,-0.19527,1,stable
-2.09684,-0.25983,1,stable
-1.66742,-0.14475,2,transition
-1.58598,0.00149,2,transition
-3.32669,0.07035,1,stable
-2.10075,0.81759,1,stable
-2.10571,0.64903,1,stable
-2.16525,0.29867,1,stable
-1.69511,0.11949,1,stable
-1.99291,-0.14821,1,stable
-1.36411,0.11239,2,transition
-2.08811,-0.34255,1,stable
-1.60851,-0.25529,2,transition
-1.60823,-0.06659,2,transition
-1.83899,-0.34389,1,stable
-1.44473,-0.25985,2,transition
-3.42584,0.12285,1,stable
-2.38972,0.11731,1,stable
-2.68748,0.17075,1,stable
-2.38462,0.17361,1,stable
-2.38736,-0.06003,1,stable
-2.0013,0.01741,1,stable
-1.44478,0.16345,2,transition
-1.96832,-0.01197,1,stable
-1.40862,0.09399,2,transition
-1.41908,0.10589,2,transition
-2.15954,0.00919,1,stable
-1.04876,0.26993,2,transition
-3.19135,0.15321,1,stable
-3.49995,0.25749,1,stable
-2.98439,0.20519,1,stable
-2.02139,0.36833,1,stable
-1.60799,0.21835,2,transition
-1.66503,0.35961,2,transition
-1.40491,0.31747,2,transition
-1.02663,0.32935,2,transition
-1.70447,0.16299,1,stable
-1.20551,0.33079,2,transition
-1.90911,0.14379,1,stable
-1.65167,0.14717,2,transition
-1.50031,0.17673,2,transition
-1.34883,0.13053,2,transition
-2.28599,0.03011,1,stable
-2.25642,0.31497,1,stable
-1.6721,0.34929,2,transition
-1.30958,0.29841,2,transition
-0.9555,0.34589,2,transition
-2.06802,0.27981,1,stable
-0.7739,0.25273,2,transition
-1.47598,0.29337,2,transition
-2.19654,0.23945,1,stable
-0.68742,0.16285,2,transition
-1.32414,0.19933,2,transition
-0.83238,0.23897,2,transition
-0.88126,0.16681,2,transition
-0.82702,0.21321,2,transition
-1.23658,0.16757,2,transition
-0.58946,0.22277,2,transition
-1.97806,0.18321,1,stable
-1.10223,0.28007,2,transition
-1.26791,0.43611,2,transition
-1.46355,0.29483,2,transition
-1.40951,0.34427,2,transition
-1.61515,0.34835,2,transition
-1.13167,0.29567,2,transition
-0.69999,0.21023,2,transition
-0.71303,0.22391,2,transition
-0.82455,0.24087,2,transition
-1.80839,0.23147,1,stable
0.23025,0.22703,2,transition
-0.94831,0.21875,2,transition
-1.20359,0.20939,2,transition
-0.89591,0.23251,2,transition
-1.24087,0.20783,2,transition
-0.68943,0.26047,2,transition
-0.40771,0.25803,2,transition
-1.73599,0.24207,1,stable
-2.07794,0.35385,1,stable
-1.48062,0.37689,2,transition
-0.44182,0.38425,2,transition
-0.84522,0.28001,2,transition
-0.10214,0.34573,2,transition
-0.0397,0.32489,2,transition
-0.77634,0.24097,2,transition
-1.37994,0.26861,2,transition
-0.53462,0.26113,2,transition
-0.66574,0.25989,2,transition
-0.39686,0.25033,2,transition
-0.15218,0.23721,2,transition
-0.7047,0.21165,2,transition
-1.08906,0.29081,2,transition
-0.57594,0.21569,2,transition
-0.99622,0.20737,2,transition
0.00446,0.29645,2,transition
-0.51866,0.28925,2,transition
-1.06098,0.3284,2,transition
-1.62746,0.29116,2,transition
-1.70862,0.37764,1,stable
-1.07874,0.2984,2,transition
-0.15118,0.28148,2,transition
0.1587,0.274,2,transition
-0.31742,0.23456,2,transition
-1.11006,0.243,2,transition
-1.10014,0.17012,2,transition
-0.7353,0.20912,2,transition
-0.82602,0.26304,2,transition
-0.79034,0.20588,2,transition
-0.34238,0.28808,2,transition
0.17102,0.26816,2,transition
0.05598,0.2948,2,transition
-0.98882,0.24764,2,transition
-1.56422,0.24168,2,transition
0.45542,0.40796,2,transition
-0.3147,0.36756,2,transition
-0.14398,0.15612,2,transition
0.62302,0.26616,2,transition
-0.91946,0.23128,2,transition
-0.50006,0.22668,2,transition
-0.82874,0.27468,2,transition
-0.6625,0.23684,2,transition
-1.37666,0.19604,2,transition
-1.35418,0.25364,2,transition
-0.6471,0.249,2,transition
-0.6911,0.24332,2,transition
0.6267,0.32424,2,transition
-0.58856,0.31222,2,transition
-0.36552,0.37486,2,transition
0.18372,0.26222,2,transition
0.02644,0.42914,2,transition
-0.32104,0.3683,2,transition
-0.53388,0.27054,2,transition
0.0282,0.3819,2,transition
0.69836,0.34298,2,transition
-0.26288,0.18826,2,transition
0.53668,0.31998,2,transition
0.6336,0.38098,2,transition
-0.76648,0.26126,2,transition
-0.41264,0.24626,2,transition
-0.93336,0.29522,2,transition
0.453,0.33542,2,transition
-0.91332,0.29074,2,transition
-0.40384,0.33206,2,transition
0.21008,0.2617,2,transition
-0.24404,0.28658,2,transition
1.04696,0.28578,2,transition
0.41548,0.36886,2,transition
1.64688,0.4531,2,transition
-0.43452,0.41956,2,transition
-0.62092,0.35732,2,transition
-0.7216,0.31644,2,transition
-0.79916,0.27212,2,transition
-0.35232,0.11628,2,transition
0.83432,0.30356,2,transition
0.02984,0.14544,2,transition
-0.59512,0.3182,2,transition
-0.60384,0.3006,2,transition
-0.0006,0.27708,2,transition
1.37992,0.20056,2,transition
0.08736,0.27288,2,transition
1.83552,0.44964,0,convective
0.33516,0.33316,2,transition
-0.07488,0.08568,2,transition
1.38532,0.26272,2,transition
0.49368,0.28244,2,transition
-0.1822,0.25756,2,transition
-0.42536,0.28016,2,transition
0.84376,0.2248,2,transition
1.6408,0.33332,2,transition
-0.31212,0.29284,2,transition
0.78324,0.29884,2,transition
-0.03632,0.2818,2,transition
-1.17456,0.27444,2,transition
0.55812,0.49176,2,transition
0.9054,0.40604,2,transition
2.66764,0.53712,0,convective
1.18068,0.46956,2,transition
0.16868,0.3442,2,transition
1.87756,0.37488,0,convective
0.98408,0.28228,2,transition
0.47176,0.16028,2,transition
1.41168,0.35936,2,transition
0.90224,0.21376,2,transition
0.6328,0.27332,2,transition
0.46424,0.28908,2,transition
1.75564,0.42468,0,convective
1.16156,0.60344,2,transition
2.50784,0.55364,0,convective
0.34492,0.29116,2,transition
0.67808,0.26928,2,transition
1.78248,0.22988,0,convective
0.6258,0.27188,2,transition
0.3516,0.25168,2,transition
1.565,0.15324,2,transition
0.91708,0.31748,2,transition
1.11224,0.29592,2,transition
1.53608,0.34436,2,transition
0.9818,0.07956,2,transition
2.07024,0.3508,0,convective
2.21508,0.38228,0,convective
0.9294,0.2208,2,transition
0.96616,0.22968,2,transition
2.1318,0.39056,0,convective
1.52544,0.4078,2,transition
0.69248,0.1614,2,transition
0.67124,0.16292,2,transition
1.46324,0.161,2,transition
1.28784,0.12528,2,transition
1.92596,0.14348,0,convective
2.21636,0.1692,0,convective
1.79608,0.1186,0,convective
2.05924,0.15488,0,convective
2.35756,0.13716,0,convective
1.71184,0.3552,0,convective
0.85376,0.1242,2,transition
0.62196,0.19756,2,transition
2.43344,0.3632,0,convective
1.56232,0.24812,2,transition
1.72656,0.31516,0,convective
2.57912,0.4074,0,convective
0.8174,0.1216,2,transition
0.42216,0.1526,2,transition
0.85492,0.16244,2,transition
1.17624,0.14808,2,transition
1.53316,0.15968,2,transition
1.00432,0.1558,2,transition
2.38744,0.17384,0,convective
0.98076,0.14288,2,transition
1.2348,0.21192,2,transition
1.51316,0.14824,2,transition
0.65876,0.15232,2,transition
0.48096,0.16332,2,transition
2.10996,0.17096,0,convective
0.6282,0.16896,2,transition
-1.76372,-0.06416,1,stable
0.43224,0.14292,2,transition
1.79364,0.22572,0,convective
1.06312,0.09464,2,transition
1.95908,0.17684,0,convective
1.25436,0.22388,2,transition
1.24576,0.37612,2,transition
1.9744,0.30228,0,convective
1.64888,0.12772,2,transition
2.25572,0.18056,0,convective
2.12848,0.19928,0,convective
0.8082,0.17912,2,transition
0.83412,0.18524,2,transition
1.08632,0.18708,2,transition
1.30932,0.20384,2,transition
1.15848,0.11056,2,transition
0.94944,0.15748,2,transition
1.93848,0.23284,0,convective
0.99872,0.09704,2,transition
2.99328,0.24584,0,convective
3.11756,0.26372,0,convective
3.07976,0.53452,0,convective
1.1188,0.05548,2,transition
1.03984,0.08768,2,transition
1.5002,0.104,2,transition
1.82552,0.09852,0,convective
2.9148,0.081,0,convective
0.91188,0.01372,2,transition
2.73848,0.04532,0,convective
0.85668,0.02256,2,transition
-1.95964,-0.12692,1,stable
0.82584,-0.05748,2,transition
2.20756,-0.0276,0,convective
0.44848,-0.09748,2,transition
0.0102,-0.1284,2,transition
3.18508,0.13624,0,convective
1.00912,-0.03072,2,transition
1.77152,0.07312,0,convective
2.0492,0.0534,0,convective
1.6404,0.00024,2,transition
2.18508,0.08496,0,convective
0.70588,-0.42316,2,transition
0.42884,-0.5158,2,transition
2.49552,-0.02364,0,convective
1.88256,-0.27456,0,convective
0.13792,-0.60852,2,transition
0.9082,-0.20976,2,transition
1.30472,-0.56184,2,transition
0.95908,-0.62676,2,transition
2.16768,-0.62128,0,convective
2.34124,-0.7108,0,convective
2.76696,-0.5564,0,convective
2.7084,-0.487,0,convective
2.77972,-0.40536,0,convective
0.25484,-0.51716,2,transition
3.97484,-0.50408,0,convective
0.151475,-0.928685,2,transition
-0.215315,-1.538155,2,transition
-0.83225,-2.60069,2,transition
-0.64621,-2.26905,2,transition
-0.95861,-1.77153,2,transition
-0.129815,-1.781855,2,transition
-1.354735,-2.410455,2,transition
-0.27833,-2.83173,2,transition
-0.30022,-1.72966,2,transition
-1.282825,-1.599985,2,transition
-0.31466,-1.25774,2,transition
-1.1587,-1.49874,2,transition
-1.278,-2.50864,2,transition
-1.27569,-2.70533,2,transition
-1.1428,-3.11572,2,transition
-0.831905,-1.515705,2,transition
-1.27621,-1.22505,2,transition
-0.89586,-1.10534,2,transition
-0.05501,-0.142485,2,transition
-1.96231,-1.266075,1,stable
-1.42773,-0.86553,2,transition
-0.84309,-0.64964,2,transition
-3.40877,-2.062785,1,stable
-3.32873,-1.976705,1,stable
-3.79656,-2.37694,1,stable
-0.52847,-0.434715,2,transition
-3.66495,-2.67215,1,stable
-2.85432,-1.73086,1,stable
-3.22999,-1.96447,1,stable
-2.50598,-1.529885,1,stable
-2.56688,-1.569865,1,stable
-4.09801,-2.54406,1,stable
-2.97025,-2.131125,1,stable
-1.86026,-0.97511,1,stable
-5.00761,-2.36848,1,stable
-1.18467,-0.76521,2,transition
-3.1634,-1.30113,1,stable
-2.67998,-1.25225,1,stable
-5.27126,-2.14106,1,stable
-6.62819,-2.93776,1,stable
-7.0188,-3.35385,1,stable
-4.24321,-1.82948,1,stable
-6.21179,-2.57711,1,stable
-6.81538,-2.8224,1,stable
-4.23188,-1.87099,1,stable
-5.52843,-2.45466,1,stable
-7.0414,-2.94339,1,stable
-1.32776,-0.20618,2,transition
-7.5928,-2.58519,1,stable
-5.11884,-1.5557,1,stable
-3.52114,-1.19484,1,stable
-3.37078,-0.94629,1,stable
-6.44772,-1.9306,1,stable
-8.89162,-2.69972,1,stable
-8.89616,-2.66899,1,stable
-8.6663,-3.01008,1,stable
-6.88466,-2.15984,1,stable
-8.68244,-2.86514,1,stable
-6.83036,-2.12694,1,stable
-8.62186,-2.51239,1,stable
-7.4179,-2.35868,1,stable
-7.4162,-2.29042,1,stable
-7.79944,-2.33092,1,stable
-7.7751,-2.38948,1,stable
-6.05924,-1.82736,1,stable
-4.89607,-1.44731,1,stable
-4.37743,-1.23173,1,stable
-3.00787,-1.51109,1,stable
-3.20909,-1.45121,1,stable
-6.59343,-1.74587,1,stable
-6.84281,-1.72397,1,stable
-11.83523,-2.50491,1,stable
-3.98777,-1.16235,1,stable
-4.42409,-1.22807,1,stable
-8.36569,-1.82587,1,stable
-10.01455,-2.15077,1,stable
-10.99499,-2.36565,1,stable
-10.82101,-2.24173,1,stable
-10.38687,-2.21303,1,stable
-10.34165,-2.39621,1,stable
-11.28565,-2.52445,1,stable
-11.42909,-2.25059,1,stable
-6.97803,-1.59338,1,stable
-12.38651,-2.268,1,stable
-4.40443,-1.3271,1,stable
-4.50935,-1.30026,1,stable
-4.26211,-1.09908,1,stable
-9.74859,-1.51288,1,stable
-4.51089,-0.8884,1,stable
-9.63099,-1.44086,1,stable
-10.30373,-1.47346,1,stable
-5.38113,-0.8362,1,stable
-12.82371,-1.5831,1,stable
-3.04225,-0.44962,1,stable
-7.37837,-1.11404,1,stable
-9.82827,-1.41356,1,stable
-11.42223,-1.40768,1,stable
-12.05841,-1.49028,1,stable
-11.10921,-1.72258,1,stable
-11.42343,-1.9414,1,stable
-11.54845,-1.48192,1,stable
-11.89723,-2.11476,1,stable
-12.94149,-1.88744,1,stable
-7.27183,-1.81734,1,stable
-9.54519,-1.37412,1,stable
-5.12053,-1.02174,1,stable
-10.23227,-1.249,1,stable
-7.06983,-0.72838,1,stable
-5.58533,-0.91748,1,stable
-6.81839,-1.0573,1,stable
-8.56433,-1.22532,1,stable
-4.91959,-1.46736,1,stable
-6.53971,-1.15858,1,stable
-13.98325,-1.15252,1,stable
-15.37199,-1.31898,1,stable
-12.68451,-0.78826,1,stable
-14.11181,-1.58204,1,stable
-10.38525,-1.47368,1,stable
-11.12761,-0.39568,1,stable
-11.08261,-0.30952,1,stable
-11.67067,-0.6536,1,stable
-6.82915,-0.45466,1,stable
-8.57373,-0.70794,1,stable
-9.10223,-0.66114,1,stable
-10.39607,-0.85088,1,stable
-10.28371,-0.78392,1,stable
-10.37255,-0.76592,1,stable
-7.17279,-0.53906,1,stable
-6.27655,-0.36416,1,stable
-5.79091,-0.29618,1,stable
-17.62949,-1.33192,1,stable
-15.11855,-1.13328,1,stable
-13.64619,-0.83344,1,stable
-13.03975,-0.74778,1,stable
-14.92731,-0.74512,1,stable
-12.68849,-0.64134,1,stable
-6.10908,-0.76067,1,stable
-11.32222,-0.16283,1,stable
-6.52694,-1.02841,1,stable
-14.0573,0.43265,1,stable
-15.00724,0.24755,1,stable
-13.58702,0.55319,1,stable
-7.713,-0.32561,1,stable
-13.7465,0.36987,1,stable
-14.11106,0.27895,1,stable
-15.14452,-0.34351,1,stable
-11.59338,0.87067,1,stable
-14.78564,0.09261,1,stable
-9.85802,0.78487,1,stable
-13.56084,0.39777,1,stable
-10.50976,0.73267,1,stable
-10.99174,0.67643,1,stable
-13.72088,0.67628,1,stable
-6.56148,0.3489,1,stable
-6.8623,0.82432,1,stable
-7.4757,0.833,1,stable
-8.18186,0.52638,1,stable
-10.85252,0.56958,1,stable
-7.0889,0.35272,1,stable
-5.507,0.60208,1,stable
-10.15882,0.48152,1,stable
-10.567,0.54028,1,stable
-12.87106,0.58054,1,stable
-6.49364,0.55976,1,stable
-16.21932,0.41882,1,stable
-15.4539,0.7407,1,stable
-6.5898,0.69308,1,stable
-14.0806,0.59638,1,stable
-9.46774,0.72806,1,stable
-14.68194,0.46258,1,stable
-12.50488,0.63388,1,stable
-11.28036,0.68622,1,stable
-6.55779,0.81069,1,stable
-6.83077,0.49423,1,stable
-7.57983,0.80769,1,stable
-8.37377,0.67631,1,stable
-13.29895,0.69513,1,stable
-5.49079,0.69269,1,stable
-10.68635,0.82497,1,stable
-14.04363,1.08089,1,stable
-4.94747,1.02145,1,stable
-10.63417,0.89485,1,stable
-12.51923,1.12663,1,stable
-15.31177,1.09147,1,stable
-11.37423,1.14251,1,stable
-10.49095,1.21557,1,stable
-11.26467,1.24021,1,stable
-12.12851,1.14075,1,stable
-13.32547,1.12113,1,stable
-9.82369,1.39761,1,stable
-7.15764,0.60661,1,stable
-11.66204,1.14915,1,stable
-9.1524,1.46395,1,stable
-13.06316,1.03981,1,stable
-8.68532,0.78663,1,stable
-8.42896,0.83679,1,stable
-7.45252,0.78919,1,stable
-4.77708,0.78781,1,stable
-11.21192,0.83613,1,stable
-5.022,0.74383,1,stable
-5.07268,0.81435,1,stable
-7.36808,0.75897,1,stable
-10.38968,0.84839,1,stable
-7.33868,0.81263,1,stable
-8.2822,0.88783,1,stable
-10.94052,1.06311,1,stable
-12.36676,1.05109,1,stable
-8.56632,0.91367,1,stable
-12.00064,1.09763,1,stable
-9.763,0.93515,1,stable
-9.4916,1.07513,1,stable
-8.43416,1.26095,1,stable
-7.15332,1.26775,1,stable
-11.004,1.40315,1,stable
-12.38032,1.49199,1,stable
-7.38908,1.29873,1,stable
-6.39868,0.75896,1,stable
-11.95972,1.10344,1,stable
-9.40224,1.2998,1,stable
-6.68468,0.91264,1,stable
-5.03424,0.64568,1,stable
-9.67248,0.94368,1,stable
-10.2656,0.94632,1,stable
-11.69064,0.87092,1,stable
-6.52316,0.84492,1,stable
-11.43964,0.9712,1,stable
-10.9974,1.04328,1,stable
-12.23056,1.07256,1,stable
-11.29636,1.0408,1,stable
-13.37752,1.13296,1,stable
-8.1514,1.19732,1,stable
-8.45284,1.03092,1,stable
-5.66285,0.86123,1,stable
-4.37801,1.12467,1,stable
-4.53373,0.85335,1,stable
-7.51289,1.11871,1,stable
-5.37813,1.15243,1,stable
-7.98033,1.42191,1,stable
-4.52449,1.00699,1,stable
-2.92461,0.89135,1,stable
-8.40981,1.14747,1,stable
-5.93833,1.07479,1,stable
-9.14853,1.11847,1,stable
-3.32833,1.01275,1,stable
-9.83757,1.15983,1,stable
-7.78681,1.10719,1,stable
-9.27441,1.17731,1,stable
-8.06709,1.23207,1,stable
-8.51713,1.17235,1,stable
-6.48433,1.10427,1,stable
-9.03745,1.16975,1,stable
-9.89545,1.23279,1,stable
-4.5567,0.93627,1,stable
-4.94474,1.16675,1,stable
-1.88438,1.02539,1,stable
-5.70346,1.27047,1,stable
-5.82134,1.30971,1,stable
-1.17206,1.00927,2,transition
-5.8199,1.30483,1,stable
-9.08638,1.27699,1,stable
-5.87854,1.36187,1,stable
-5.54598,1.50899,1,stable
-2.74241,0.91597,1,stable
-2.29037,1.11205,1,stable
-1.00137,0.99009,2,transition
-5.58253,0.32513,1,stable
-6.55501,1.13665,1,stable
0.40427,0.99757,2,transition
-5.41417,1.18193,1,stable
0.92939,0.96613,2,transition
-5.92253,1.28461,1,stable
-3.89157,1.30921,1,stable
-1.48301,1.20853,2,transition
-6.07285,1.23913,1,stable
-6.25161,1.36685,1,stable
-4.89009,1.50981,1,stable
-3.20404,0.96229,1,stable
-1.58592,0.82473,2,transition
-3.021,0.86597,1,stable
-1.8484,1.01201,1,stable
-0.57648,0.71257,2,transition
-1.91684,1.06973,1,stable
-3.50936,1.10129,1,stable
-3.77288,1.09121,1,stable
-3.69112,1.05653,1,stable
-0.29076,1.07245,2,transition
-8.51656,1.03377,1,stable
1.16328,1.05989,2,transition
-0.03968,1.02925,2,transition
-2.26416,1.03777,1,stable
-6.58556,1.12397,1,stable
-5.73188,1.11661,1,stable
-6.34996,1.18765,1,stable
-18.77124,0.93129,1,stable
-4.82564,1.29169,1,stable
-2.62056,1.27101,1,stable
-4.85468,1.35693,1,stable
-2.62988,1.44401,1,stable
-0.35888,1.27649,2,transition
0.05836,0.63484,2,transition
-1.889,0.58668,1,stable
0.9038,0.93088,2,transition
2.1594,0.99612,0,convective
-5.3752,1.01648,1,stable
-4.49432,1.00484,1,stable
-3.42496,1.0768,1,stable
-6.09232,0.94296,1,stable
0.76868,0.9224,2,transition
-2.47404,1.08812,1,stable
-4.46476,1.0528,1,stable
-17.90472,0.86652,1,stable
-4.8438,1.06708,1,stable
1.38384,0.735,2,transition
-1.60232,0.58296,2,transition
-5.18396,0.85984,1,stable
-2.27256,0.35088,1,stable
0.098,0.654,2,transition
1.6384,0.6482,2,transition
1.9082,0.71228,0,convective
-2.33588,0.8518,1,stable
-3.35972,0.82992,1,stable
-0.37136,0.411,2,transition
-4.44692,0.81304,1,stable
-1.43408,0.71788,2,transition
0.85324,0.51332,2,transition
1.89964,0.5158,0,convective
-0.46352,0.5072,2,transition
-0.51564,0.58416,2,transition
0.34164,0.6098,2,transition
-0.21476,0.343,2,transition
1.85448,0.49556,0,convective
-3.14292,0.65836,1,stable
2.1822,0.50392,0,convective
-3.85912,0.71872,1,stable
-3.09108,0.70252,1,stable
2.2162,0.56216,0,convective
-3.84372,0.70456,1,stable
-4.2376,0.73252,1,stable
0.61292,0.51756,2,transition
-2.06104,0.70228,1,stable
-2.06032,0.77748,1,stable
0.33664,0.78788,2,transition
-2.56376,0.65188,1,stable
-2.94172,0.717,1,stable
-1.99576,0.7562,1,stable
-3.5014,0.64892,1,stable
3.48104,0.80872,0,convective
-0.45008,0.45776,2,transition
1.514,0.52168,2,transition
0.7086,0.46248,2,transition
-0.98968,0.61656,2,transition
-1.78628,0.72196,1,stable
1.02152,0.60208,2,transition
2.2138,0.52228,0,convective
-4.02716,0.73948,1,stable
-7.88124,0.83088,1,stable
-5.17752,0.77752,1,stable
4.46896,0.58828,0,convective
-0.89848,0.70004,2,transition
-1.259,0.80132,2,transition
-0.2956,0.82796,2,transition
-2.2876,0.76544,1,stable
-2.92232,0.6752,1,stable
1.7924,0.76124,0,convective
-0.4932,0.88204,2,transition
0.61584,0.48428,2,transition
1.15648,0.466,2,transition
2.26588,0.39268,0,convective
0.12268,0.66976,2,transition
-0.24992,0.72912,2,transition
0.57876,0.32008,2,transition
0.80736,0.65448,2,transition
-2.11296,0.8038,1,stable
1.31404,0.67976,2,transition
1.32812,0.69912,2,transition
0.09468,0.78508,2,transition
0.3166,0.6688,2,transition
-0.11412,0.09656,2,transition
1.47448,0.03356,2,transition
3.00632,0.05568,0,convective
1.30812,0.08236,2,transition
1.5506,0.11436,2,transition
3.33508,0.11588,0,convective
3.73652,0.11964,0,convective
-0.1178,0.25288,2,transition
-0.41644,0.2986,2,transition
1.65448,0.21568,2,transition
1.09272,0.28536,2,transition
2.5322,0.2082,0,convective
-0.11912,0.34656,2,transition
1.29332,0.30192,2,transition
-1.87852,0.2566,1,stable
0.46612,0.37144,2,transition
1.62104,0.26536,2,transition
-1.35612,0.37772,2,transition
4.86688,0.336,0,convective
-1.72624,-0.34392,1,stable
1.1076,-0.5638,2,transition
-3.92904,-0.63728,1,stable
-2.60572,-0.61256,1,stable
-4.91148,-0.66704,1,stable
3.00972,-0.55168,0,convective
-4.30948,-0.6388,1,stable
-0.81076,-0.51472,2,transition
0.78184,-0.47188,2,transition
-1.12564,-0.45884,2,transition
-1.82772,-0.56884,1,stable
1.00212,-0.53736,2,transition
-0.35124,-0.44836,2,transition
-2.66796,-0.50028,1,stable
0.03848,-0.43228,2,transition
1.46348,-0.46128,2,transition
-0.926385,-2.034785,2,transition
-1.35026,2.57878,2,transition
-1.089955,-1.952195,2,transition
-1.158815,0.439305,2,transition
-1.28132,1.07724,2,transition
-0.71997,-5.65281,2,transition
-1.17957,-1.15761,2,transition
-0.938845,0.465755,2,transition
-0.837335,-0.486095,2,transition
-0.81252,-1.9812,2,transition
-1.131855,-4.641175,2,transition
-3.223155,-1.9678,1,stable
-3.216395,-1.946175,1,stable
-2.870615,-1.69062,1,stable
-2.8348,-1.703145,1,stable
-2.73798,-1.664355,1,stable
-2.391235,-1.4598,1,stable
-2.6284,-1.538445,1,stable
-2.917825,-1.6842,1,stable
-3.17372,-1.84443,1,stable
-2.790735,-1.61576,1,stable
-3.06148,-1.789705,1,stable
-2.453765,-1.43639,1,stable
-2.683265,-1.56049,1,stable
-2.29644,-1.331955,1,stable
-2.55302,-1.515065,1,stable
-2.227665,-1.27503,1,stable
-2.424895,-1.430455,1,stable
-2.718895,-1.612455,1,stable
-2.87061,-1.722315,1,stable
-5.48905,-2.18451,1,stable
-5.19353,-2.197445,1,stable
-5.59953,-2.15839,1,stable
-4.75012,-1.954455,1,stable
-4.4183,-1.709345,1,stable
-2.99436,-1.224795,1,stable
-4.77705,-1.811595,1,stable
-4.32139,-1.44105,1,stable
-5.04664,-2.00647,1,stable
-5.38146,-2.20774,1,stable
-3.13181,-0.862615,1,stable
-3.04602,-1.07655,1,stable
-3.8376,-1.412705,1,stable
-7.54322,-2.18912,1,stable
-6.80126,-2.0771,1,stable
-3.62696,0.01862,1,stable
-3.60143,-0.10789,1,stable
-3.61201,-0.29703,1,stable
-7.16066,-2.2549,1,stable
-3.05001,0.02788,1,stable
-5.18047,-1.24528,1,stable
-6.66458,-2.14533,1,stable
-8.58416,-2.72406,1,stable
-4.25726,-0.8737,1,stable
-2.32558,-0.08829,1,stable
-1.94958,-0.02116,1,stable
-6.08556,-1.79943,1,stable
-6.06846,-1.78726,1,stable
-6.85558,-2.1504,1,stable
-4.2356,-1.15276,1,stable
-6.37492,-1.92078,1,stable
-10.14147,-2.25598,1,stable
-10.26233,-2.1598,1,stable
-7.19268,-1.55283,1,stable
-8.47598,-1.69754,1,stable
-5.6936,-1.27291,1,stable
-4.97724,-0.62402,1,stable
-9.73669,-2.07486,1,stable
-4.8889,-1.13999,1,stable
-8.10945,-1.77154,1,stable
-3.50565,-0.75237,1,stable
-3.5547,-0.80493,1,stable
-12.97159,-3.09017,1,stable
-7.61133,-1.83611,1,stable
-7.64674,-1.86611,1,stable
-5.27115,-1.33127,1,stable
-8.89126,-2.06849,1,stable
-11.22024,-1.16529,1,stable
-11.7303,-2.19052,1,stable
-11.13256,-2.08144,1,stable
-9.48796,-0.98651,1,stable
-10.4983,-1.58834,1,stable
-12.20424,-2.10301,1,stable
-5.9717,-0.18691,1,stable
-10.38,-1.80991,1,stable
-5.3461,-0.36886,1,stable
-11.79964,-2.07474,1,stable
-6.98848,-1.13807,1,stable
-8.09134,-1.32985,1,stable
-9.92438,-1.57416,1,stable
-5.2894,-0.96884,1,stable
-19.24306,-3.39718,1,stable
-9.31932,-1.44151,1,stable
-10.17662,-1.56954,1,stable
-9.70348,-1.74574,1,stable
-13.66993,-1.25265,1,stable
-13.67347,-1.59423,1,stable
-9.73681,-0.93369,1,stable
-11.88381,-1.12379,1,stable
-11.65083,-1.06113,1,stable
-10.64325,-0.92301,1,stable
-7.71259,-0.73509,1,stable
-11.92029,-1.08947,1,stable
-12.56335,-1.17653,1,stable
-13.03305,-1.24165,1,stable
-4.69727,-0.87339,1,stable
-5.34459,-0.70877,1,stable
-11.94637,-1.10079,1,stable
-13.44353,-1.29651,1,stable
-3.44029,-0.46525,1,stable
-9.51353,-0.83609,1,stable
-14.93031,-1.55503,1,stable
-4.47789,-0.40983,1,stable
-7.88973,-0.74863,1,stable
-8.37169,-0.78199,1,stable
-9.80349,-0.88051,1,stable
-21.82181,-2.57875,1,stable
-8.64437,-0.82733,1,stable
-10.45017,-0.93641,1,stable
-10.93181,-0.75519,1,stable
-7.98981,-0.69407,1,stable
-11.88307,-1.08475,1,stable
-11.98394,-0.45299,1,stable
-13.3027,-0.51459,1,stable
-14.01982,-0.46911,1,stable
-5.24522,0.07049,1,stable
-4.6808,0.14193,1,stable
-5.79102,0.10823,1,stable
-5.07362,-0.04255,1,stable
-12.9153,-0.38529,1,stable
-3.51904,0.30809,1,stable
-8.8144,0.03597,1,stable
-10.97248,-0.16157,1,stable
-18.59918,-0.99801,1,stable
-7.71582,-0.00791,1,stable
-10.75118,-0.12523,1,stable
-10.60708,-0.15691,1,stable
-12.54708,-0.39509,1,stable
-10.30988,-0.17521,1,stable
-10.70814,-0.23141,1,stable
-11.94374,-0.44555,1,stable
-12.13564,-0.25065,1,stable
-11.70405,0.08431,1,stable
-9.75641,0.22113,1,stable
-14.68377,0.14335,1,stable
-10.19081,-0.02805,1,stable
-12.74539,0.27003,1,stable
-13.31301,-0.01031,1,stable
-11.01581,0.34857,1,stable
-6.60999,0.11015,1,stable
-12.35081,0.09239,1,stable
-14.56095,-0.22437,1,stable
-11.71807,0.04281,1,stable
-13.92687,-0.47403,1,stable
-15.99243,-0.51977,1,stable
-10.42329,-0.12825,1,stable
-8.58183,-0.26789,1,stable
-9.70335,-0.29487,1,stable
-12.90869,0.40432,1,stable
-5.87097,0.90348,1,stable
-6.82839,0.28074,1,stable
-4.97795,0.84442,1,stable
-12.04707,0.43272,1,stable
-14.03501,0.52594,1,stable
-5.83143,0.58854,1,stable
-3.04679,0.81324,1,stable
-14.21053,0.56922,1,stable
-2.66827,0.59694,1,stable
-10.32927,0.59692,1,stable
-10.52849,0.4782,1,stable
-9.83075,0.62072,1,stable
-12.06531,0.4951,1,stable
-12.42801,0.46094,1,stable
-9.52075,0.36778,1,stable
-6.70835,0.50354,1,stable
-8.00699,0.57106,1,stable
-11.28865,0.52394,1,stable
-10.52537,0.4366,1,stable
-5.50727,0.37314,1,stable
-4.05811,0.50288,1,stable
-13.14743,0.88758,1,stable
-7.76083,0.55866,1,stable
-18.06865,0.7202,1,stable
-5.58999,0.9208,1,stable
-8.76335,0.82426,1,stable
-9.72989,0.5579,1,stable
-7.11515,0.75776,1,stable
-7.02945,0.88008,1,stable
-7.60835,0.7741,1,stable
-9.81233,0.89454,1,stable
-10.81671,0.74382,1,stable
-9.65344,0.45283,1,stable
-9.35376,0.72685,1,stable
-9.8013,0.63543,1,stable
-8.0526,0.71075,1,stable
-7.46034,0.82441,1,stable
-8.85002,0.73353,1,stable
-7.2006,0.92475,1,stable
-10.78467,0.58281,1,stable
-11.37881,0.74243,1,stable
-6.43243,0.55225,1,stable
-8.84719,0.72603,1,stable
-11.73013,0.67497,1,stable
-3.01523,0.52441,1,stable
-11.21285,0.66685,1,stable
-4.18255,0.63913,1,stable
-8.55661,0.57271,1,stable
-8.30391,0.62183,1,stable
-7.97885,0.61697,1,stable
-5.98143,0.82659,1,stable
-7.54189,0.92509,1,stable
-10.20435,0.92811,1,stable
-11.5302,0.55019,1,stable
-7.44216,0.57409,1,stable
-2.71004,0.52277,1,stable
-6.54516,0.04391,1,stable
-2.86908,0.47309,1,stable
-11.0658,0.66433,1,stable
-9.17432,0.60135,1,stable
-8.908,0.57761,1,stable
-20.40616,0.77993,1,stable
-5.08564,0.47591,1,stable
-7.3086,0.48087,1,stable
-7.54392,0.62507,1,stable
-4.95752,0.66947,1,stable
-8.17108,0.76753,1,stable
-12.30652,0.55604,1,stable
-9.98864,0.63016,1,stable
-9.25596,0.55156,1,stable
-8.22956,0.59664,1,stable
-8.96284,0.55052,1,stable
-8.17364,0.56092,1,stable
0.10912,0.35832,2,transition
-1.47284,0.3376,2,transition
-5.7652,0.36376,1,stable
-8.07968,0.56124,1,stable
-8.36,0.548,1,stable
-3.53064,0.54216,1,stable
-8.2744,0.65188,1,stable
-6.9488,0.61476,1,stable
-3.93948,1.13508,1,stable
-9.96356,0.70024,1,stable
-8.903,0.88076,1,stable
-7.08668,0.69708,1,stable
-6.15472,0.66896,1,stable
-7.44624,0.70424,1,stable
-1.56804,0.5476,2,transition
-0.82644,0.53052,2,transition
-6.79476,0.62116,1,stable
0.85084,0.64428,2,transition
-3.94956,0.5124,1,stable
-6.49888,0.62236,1,stable
-9.4724,0.684,1,stable
-1.87424,0.47284,1,stable
-3.84888,0.58236,1,stable
-6.91804,0.46248,1,stable
-6.24844,0.87164,1,stable
-8.59736,0.70376,1,stable
-4.72816,0.60252,1,stable
-4.17368,0.61628,1,stable
-5.6048,0.5212,1,stable
-7.451,0.7758,1,stable
-7.06684,0.78896,1,stable
-2.53428,0.54204,1,stable
-5.418,0.73672,1,stable
-4.37212,0.64172,1,stable
-7.59912,0.75452,1,stable
-1.09568,0.568,2,transition
-6.78116,0.70716,1,stable
-9.3552,0.6918,1,stable
-4.57744,0.66636,1,stable
-2.16844,0.68288,1,stable
-9.58444,0.67072,1,stable
-6.22608,0.63808,1,stable
-3.15544,0.60228,1,stable
-6.74884,0.72216,1,stable
-3.869,0.71408,1,stable
-10.265,0.64964,1,stable
-9.13492,0.68168,1,stable
-8.68404,0.69768,1,stable
-6.87396,0.69988,1,stable
-5.07636,0.7416,1,stable
-5.067,0.69808,1,stable
-2.88472,0.6658,1,stable
-4.2874,0.63176,1,stable
-4.96304,0.6866,1,stable
-6.44528,0.76888,1,stable
-7.29908,0.73564,1,stable
-7.24532,0.67612,1,stable
-5.81152,0.91732,1,stable
-6.65528,0.6686,1,stable
-5.70216,0.73208,1,stable
-5.84836,0.79868,1,stable
-1.99084,0.57352,1,stable
-4.06968,0.73664,1,stable
-4.32028,0.84012,1,stable
0.09688,0.59916,2,transition
-2.15768,0.59884,1,stable
-4.38884,0.68752,1,stable
-5.3456,0.68668,1,stable
-3.31836,0.65452,1,stable
-2.16536,0.5862,1,stable
-3.838,0.86228,1,stable
-4.96268,0.76324,1,stable
-5.01164,0.69052,1,stable
-5.51012,0.68136,1,stable
-1.83432,0.54576,1,stable
0.76804,0.64796,2,transition
-4.593,0.48348,1,stable
-3.58808,0.35716,1,stable
0.28024,0.51548,2,transition
-1.5078,0.54392,2,transition
-5.72348,0.4704,1,stable
-2.94644,0.513,1,stable
-1.7148,0.52036,1,stable
-7.022,0.58972,1,stable
-6.57548,0.70056,1,stable
-1.29992,0.5344,2,transition
-4.76848,0.20852,1,stable
-0.2478,0.56572,2,transition
-3.1458,0.65828,1,stable
-4.64692,0.6158,1,stable
-1.45788,0.27068,2,transition
0.30232,0.65148,2,transition
1.058,0.479,2,transition
-3.59696,0.46384,1,stable
-5.95292,0.45176,1,stable
-1.5542,0.57444,2,transition
-1.11712,0.5354,2,transition
-3.1344,0.47644,1,stable
-4.43704,0.48304,1,stable
-6.61684,0.52624,1,stable
1.33236,0.7056,2,transition
-3.68152,0.68848,1,stable
-4.4388,0.01952,1,stable
3.99188,0.64564,0,convective
0.98616,0.5534,2,transition
1.27052,0.6556,2,transition
-3.3446,0.50824,1,stable
-10.60456,0.56328,1,stable
-1.93292,0.5638,1,stable
-5.70856,0.52856,1,stable
-8.6906,0.37764,1,stable
-4.4366,0.46096,1,stable
-3.05736,0.52484,1,stable
-2.38688,0.53396,1,stable
0.07876,0.63456,2,transition
-1.64548,0.56064,2,transition
-1.98412,0.5708,1,stable
-4.52304,0.12264,1,stable
-3.61912,0.15308,1,stable
-2.68716,0.04212,1,stable
-4.62952,0.05984,1,stable
-0.15524,0.09656,2,transition
-0.323,0.23692,2,transition
2.1266,0.20984,0,convective
-1.01324,0.17848,2,transition
-2.30528,0.19932,1,stable
-3.77524,0.09752,1,stable
3.93332,0.15468,0,convective
-0.22316,0.16236,2,transition
-3.87012,-0.10404,1,stable
-6.66936,0.0454,1,stable
-2.7304,0.14932,1,stable
-6.83896,0.02856,1,stable
-2.7116,0.09988,1,stable
-2.21804,0.07364,1,stable
-7.11068,-0.6996,1,stable
-4.17,-0.7918,1,stable
-1.2704,-0.55112,2,transition
1.17532,-0.60188,2,transition
-0.13212,-0.5382,2,transition
-4.72344,-0.70484,1,stable
-6.37136,-0.72916,1,stable
1.67824,-0.461,2,transition
-2.52668,-0.51504,1,stable
-3.08652,-0.55008,1,stable
-3.46692,-0.57448,1,stable
-0.97648,-0.45848,2,transition
-0.98548,-0.45652,2,transition
-2.30568,-0.53044,1,stable
-1.026,-0.46628,2,transition
-4.34612,-0.58848,1,stable
-1.55505,4.91819,2,transition
-1.547605,4.352115,2,transition
-1.2776,2.35264,2,transition
-1.342475,3.912205,2,transition
-1.206995,3.443525,2,transition
-1.23223,-1.29915,2,transition
-1.335635,2.509605,2,transition
-1.4352,3.71348,2,transition
-1.23578,-3.66342,2,transition
-1.511315,3.212125,2,transition
-1.457625,3.615455,2,transition
-1.29551,2.36101,2,transition
-1.387025,1.851255,2,transition
-1.43959,5.94597,2,transition
-1.933605,18.935115,2,transition
-1.375705,4.973055,2,transition
-1.137865,0.115575,2,transition
-1.303155,-0.336875,2,transition
-3.42479,-2.0739,1,stable
-3.19559,-1.87351,1,stable
-2.83131,-1.66195,1,stable
-2.13145,-1.235055,1,stable
-3.62603,-2.136795,1,stable
-2.8283,-1.642485,1,stable
-3.48896,-2.03186,1,stable
-2.59287,-1.527675,1,stable
-3.19784,-1.87715,1,stable
-2.79953,-1.61113,1,stable
-3.02917,-1.799625,1,stable
-3.08894,-1.83986,1,stable
-2.63553,-1.527305,1,stable
-2.59869,-1.51406,1,stable
-6.43426,-2.60817,1,stable
-5.56687,-2.30871,1,stable
-5.55115,-2.28156,1,stable
-5.60448,-2.28685,1,stable
-4.79785,-1.97526,1,stable
-4.65396,-1.89029,1,stable
-5.26694,-2.10242,1,stable
-5.1642,-2.0443,1,stable
-4.93996,-1.96317,1,stable
-8.01218,-3.33039,1,stable
-4.80676,-1.94098,1,stable
-4.87082,-1.93759,1,stable
-5.20451,-2.10696,1,stable
-4.79769,-1.93078,1,stable
-4.55731,-1.81829,1,stable
-8.87552,-2.53019,1,stable
-6.68137,-1.59339,1,stable
-6.0132,-1.33197,1,stable
-7.92225,-2.10625,1,stable
-8.24703,-2.22484,1,stable
-4.06638,-1.00753,1,stable
-4.51221,-0.98013,1,stable
-6.87124,-1.68806,1,stable
-6.41674,-1.75819,1,stable
-6.88205,-1.95727,1,stable
-11.1698,-2.17818,1,stable
-8.18852,-1.50715,1,stable
-9.9879,-1.86557,1,stable
-10.20408,-1.98601,1,stable
-8.35162,-1.55417,1,stable
-10.87338,-1.93296,1,stable
-8.457,-1.40629,1,stable
-6.95656,-1.3452,1,stable
-8.2614,-1.37935,1,stable
-11.11089,-1.73259,1,stable
-12.32809,-1.84803,1,stable
-11.81019,-1.71249,1,stable
-11.05453,-1.06663,1,stable
-9.69787,-0.74265,1,stable
-7.25805,-0.53521,1,stable
-10.14937,-0.90037,1,stable
-10.28017,-0.57349,1,stable
-7.11461,-0.87541,1,stable
-8.39647,-0.94013,1,stable
-9.25467,-0.81433,1,stable
-16.49767,-1.79427,1,stable
-11.90201,-0.95033,1,stable
-8.31455,-0.86729,1,stable
-9.10141,-0.63981,1,stable
-8.95707,-0.37149,1,stable
-7.59625,-0.66077,1,stable
-8.47559,-0.74657,1,stable
-8.28065,-0.38713,1,stable
-7.12367,-0.63459,1,stable
-7.95221,-0.24251,1,stable
-7.91577,-0.31341,1,stable
-13.78749,-1.01714,1,stable
-9.50915,-0.29758,1,stable
-12.60135,-0.96166,1,stable
-10.30703,-0.68964,1,stable
-10.89777,-0.7484,1,stable
-10.78407,-0.68144,1,stable
-10.78695,-0.59832,1,stable
-10.29109,-0.4589,1,stable
-11.19387,-0.28456,1,stable
-8.60111,-0.30172,1,stable
-9.81351,-0.54078,1,stable
-8.94543,-0.45016,1,stable
-12.77987,-0.87786,1,stable
-9.46421,-0.3628,1,stable
-7.10823,-0.08752,1,stable
-8.17361,-0.24186,1,stable
-8.62031,-0.1436,1,stable
-13.26322,-0.08153,1,stable
-8.13294,0.10805,1,stable
-11.13266,-0.23665,1,stable
-10.47138,0.11951,1,stable
-7.77102,0.12633,1,stable
-6.62138,0.12645,1,stable
-10.51426,-0.20289,1,stable
-8.9142,0.13657,1,stable
-8.74562,0.47061,1,stable
-9.34654,0.14001,1,stable
-6.77338,0.50649,1,stable
-8.76332,0.24263,1,stable
-7.21064,0.15115,1,stable
-7.4236,0.11899,1,stable
-8.25974,0.15745,1,stable
-12.79227,0.03789,1,stable
-13.49183,-0.20339,1,stable
-13.80171,-0.21947,1,stable
-11.28513,0.19613,1,stable
-14.70235,-0.31401,1,stable
-11.28057,0.11743,1,stable
-9.69043,0.37219,1,stable
-9.94173,0.46657,1,stable
-11.62237,0.42615,1,stable
-6.38399,0.72919,1,stable
-7.28419,0.67387,1,stable
-8.49533,0.06447,1,stable
-7.28623,0.71105,1,stable
-5.64969,0.90729,1,stable
-6.94619,0.80051,1,stable
-8.16237,0.72721,1,stable
-12.18206,0.66209,1,stable
-11.63394,0.67595,1,stable
-12.31826,0.70469,1,stable
-9.54926,0.64129,1,stable
-10.26686,0.74715,1,stable
-8.95278,0.76039,1,stable
-9.24194,0.77447,1,stable
-6.67758,0.64513,1,stable
-6.72322,0.75155,1,stable
-7.07086,0.16993,1,stable
-8.31146,0.79377,1,stable
-8.12682,0.76255,1,stable
-7.2001,0.81787,1,stable
-7.38202,0.72943,1,stable
-6.56462,0.79509,1,stable
-4.80346,0.86791,1,stable
-7.95522,0.74439,1,stable
-8.03742,0.85905,1,stable
-6.23174,0.86147,1,stable
-7.36186,0.84845,1,stable
-6.90786,0.83929,1,stable
-13.15485,0.82177,1,stable
-8.24921,1.09469,1,stable
-8.17321,0.71229,1,stable
-7.61709,0.85997,1,stable
-5.76241,0.45041,1,stable
-7.82077,0.82893,1,stable
-7.96617,0.81749,1,stable
-7.60961,0.78941,1,stable
-7.91693,0.91169,1,stable
-6.66265,0.88549,1,stable
-6.67321,0.78025,1,stable
-6.50789,0.87413,1,stable
-6.50665,0.85021,1,stable
-6.56045,0.79205,1,stable
-4.57449,0.90241,1,stable
-7.16601,0.81121,1,stable
-5.41885,0.95569,1,stable
-7.02189,0.91721,1,stable
-7.31565,0.99165,1,stable
-9.98297,0.79628,1,stable
-9.60001,0.6322,1,stable
-7.72029,0.83864,1,stable
-8.40101,0.6582,1,stable
-7.15505,0.99188,1,stable
-5.50249,0.439,1,stable
-5.42621,0.37864,1,stable
-5.83521,0.8442,1,stable
-8.25089,0.96372,1,stable
-6.35261,0.8134,1,stable
-3.48637,0.87876,1,stable
-6.95537,0.8372,1,stable
-4.82321,0.87376,1,stable
-9.79762,0.68199,1,stable
-10.55274,0.55363,1,stable
-11.66982,0.67907,1,stable
-7.54742,0.52407,1,stable
-7.81486,0.68331,1,stable
-4.46518,0.36767,1,stable
-7.41718,0.28331,1,stable
-6.00338,0.32331,1,stable
-6.0973,0.72735,1,stable
-7.03538,0.80079,1,stable
-6.34014,0.26059,1,stable
-5.00538,0.68011,1,stable
-3.82142,0.76495,1,stable
-4.63266,0.78583,1,stable
-3.92462,0.78611,1,stable
-2.72858,0.79847,1,stable
-5.02682,0.70947,1,stable
-4.77102,0.78311,1,stable
-2.9341,0.98411,1,stable
-12.27245,0.59637,1,stable
-9.31429,0.63169,1,stable
-6.27705,0.65921,1,stable
-6.20553,0.33289,1,stable
-7.19301,0.62185,1,stable
-7.13777,0.27941,1,stable
-6.29729,0.38093,1,stable
-7.45993,0.46233,1,stable
-5.68841,0.31497,1,stable
-5.11729,0.63565,1,stable
-4.94245,0.71989,1,stable
-4.30793,0.30561,1,stable
-3.26185,0.75449,1,stable
-5.05637,0.62613,1,stable
-4.20569,0.64081,1,stable
-4.69793,0.67417,1,stable
-1.82829,0.83185,1,stable
-1.05005,0.97501,2,transition
-4.46773,0.73877,1,stable
-2.89825,1.09629,1,stable
-10.46304,0.66361,1,stable
-10.04972,0.51381,1,stable
-6.9454,0.64701,1,stable
-5.36724,0.73077,1,stable
-4.7352,0.65229,1,stable
-6.20556,0.42569,1,stable
-6.2786,0.37877,1,stable
-3.95204,0.24125,1,stable
-6.58356,0.40509,1,stable
-6.05304,0.37277,1,stable
-5.66116,0.87837,1,stable
-4.29064,0.60089,1,stable
-2.64256,0.74993,1,stable
-6.483,-0.01539,1,stable
-6.92096,0.77701,1,stable
-4.00468,0.30325,1,stable
-4.24628,0.62361,1,stable
-4.29216,0.68453,1,stable
-0.9652,0.90225,2,transition
-2.77612,0.95573,1,stable
-3.17308,0.68201,1,stable
-6.36088,0.67692,1,stable
-8.861,0.61928,1,stable
-7.7138,0.75032,1,stable
-6.37244,0.74328,1,stable
-4.58016,0.5464,1,stable
-4.44944,0.15988,1,stable
-5.81236,0.76576,1,stable
-4.29608,0.72512,1,stable
-4.13344,0.7464,1,stable
-5.65656,0.8614,1,stable
-5.52684,0.5262,1,stable
-2.3244,0.82776,1,stable
-3.2552,0.89576,1,stable
-1.19212,0.91432,2,transition
-3.37004,0.93652,1,stable
0.0072,0.9724,2,transition
-2.3484,0.62972,1,stable
-3.40088,0.6534,1,stable
-2.47804,0.69504,1,stable
-1.61584,1.1514,2,transition
-6.44768,0.63348,1,stable
-6.15732,0.54424,1,stable
-5.89688,0.58692,1,stable
-5.005,0.80736,1,stable
-4.08228,0.82364,1,stable
-7.17184,0.78556,1,stable
-3.18296,0.80388,1,stable
-1.95044,0.88628,1,stable
-2.7346,0.68892,1,stable
-4.36628,0.64708,1,stable
-3.867,0.77012,1,stable
-4.80704,0.45704,1,stable
-4.1426,0.634,1,stable
-15.15448,0.58356,1,stable
-2.51664,0.8534,1,stable
0.195,0.82788,2,transition
0.59068,0.93588,2,transition
-6.54756,0.75336,1,stable
-7.47832,0.766,1,stable
-4.72036,0.78372,1,stable
-5.17196,0.84208,1,stable
-3.45672,0.55148,1,stable
-3.39256,0.14608,1,stable
-4.16132,0.66532,1,stable
-2.51376,0.85628,1,stable
-2.61264,0.80272,1,stable
-2.88092,0.79696,1,stable
-3.6698,0.69648,1,stable
-2.32544,0.77828,1,stable
-5.53228,0.81048,1,stable
-2.40304,0.49968,1,stable
-2.59824,0.6892,1,stable
0.98796,0.85572,2,transition
-2.3072,0.66512,1,stable
1.84572,0.88984,0,convective
0.34512,0.7624,2,transition
2.60224,0.8342,0,convective
-0.3846,0.59428,2,transition
-0.32428,0.65948,2,transition
0.00656,1.00628,2,transition
0.53116,0.93888,2,transition
-6.3914,0.82128,1,stable
-7.53712,0.5998,1,stable
-3.96752,0.83124,1,stable
-0.23596,0.98048,2,transition
-3.22344,0.6248,1,stable
-3.21604,0.558,1,stable
-1.89788,0.7384,1,stable
-2.5386,0.77536,1,stable
-1.59268,0.80232,2,transition
-1.16944,0.6044,2,transition
2.21472,0.82848,0,convective
0.62516,0.74572,2,transition
-6.95756,0.23632,1,stable
-4.75628,0.21684,1,stable
-3.98112,0.23808,1,stable
-4.9434,0.14792,1,stable
-4.39236,0.11816,1,stable
-3.95916,0.41936,1,stable
-3.68856,0.17592,1,stable
-3.77776,0.17312,1,stable
-4.16304,0.54144,1,stable
-2.70784,0.62356,1,stable
-0.3546,0.02968,2,transition
-1.4332,0.14876,2,transition
-1.1694,0.11584,2,transition
3.4466,0.67528,0,convective
-6.85584,0.25812,1,stable
-7.83584,0.26884,1,stable
-5.37252,0.496,1,stable
-4.52388,0.22404,1,stable
-6.70972,0.24784,1,stable
-5.889,0.42472,1,stable
-3.54844,0.219,1,stable
-4.38364,0.18932,1,stable
-0.78248,0.568,2,transition
-2.64048,0.43884,1,stable
-1.5192,0.52704,2,transition
-3.17588,0.232,1,stable
-4.6328,0.49164,1,stable
0.17076,0.52724,2,transition
-1.74672,0.519,1,stable
-3.23828,0.19604,1,stable
-3.05148,0.25752,1,stable
-2.51128,0.1272,1,stable
-1.27824,0.20848,2,transition
3.11048,0.48228,0,convective
3.21152,0.60528,0,convective
4.62268,0.63612,0,convective
-7.85392,0.36332,1,stable
-3.32664,0.2218,1,stable
-4.61516,0.17336,1,stable
-0.21536,0.44116,2,transition
-1.37988,0.50272,2,transition
-3.63464,0.2432,1,stable
-0.22112,0.45044,2,transition
1.10008,0.5444,2,transition
-2.57884,0.12292,1,stable
-3.0258,0.09948,1,stable
-0.05056,0.44472,2,transition
-2.20244,0.14912,1,stable
1.70032,0.46356,0,convective
0.0532,0.46836,2,transition
3.25964,0.522,0,convective
-1.18848,0.11512,2,transition
5.16616,0.54348,0,convective
2.29812,0.54932,0,convective
3.989,0.5638,0,convective
4.28224,0.57848,0,convective
1.00404,0.14792,2,transition
2.05648,0.23108,0,convective
-6.63444,0.09988,1,stable
-0.81896,0.03848,2,transition
-0.66388,-0.05472,2,transition
-2.38376,0.02568,1,stable
-0.20996,-0.009,2,transition
-2.51324,-0.01876,1,stable
-2.9504,0.0376,1,stable
-2.7846,-0.01756,1,stable
-1.5384,0.00772,2,transition
1.0544,0.01992,2,transition
-0.76856,0.03888,2,transition
-2.31696,-0.00384,1,stable
-0.3778,0.0156,2,transition
-0.34828,0.00808,2,transition
2.4292,0.06264,0,convective
0.99964,-0.0044,2,transition
-5.91748,-0.52412,1,stable
-6.72256,-0.66036,1,stable
-7.2162,-0.58176,1,stable
-3.19184,-0.74528,1,stable
-2.51804,-0.69416,1,stable
-0.6562,-0.72696,2,transition
-1.31584,-0.55508,2,transition
0.23736,-0.62696,2,transition
-0.88368,-0.7492,2,transition
-7.54844,-0.4774,1,stable
-0.59132,-0.71876,2,transition
-1.31844,-0.6542,2,transition
-1.47404,-0.70548,2,transition
-1.1484,-0.64232,2,transition
-0.96036,-0.61208,2,transition
0.23088,-0.5648,2,transition
1.46284,-0.51284,2,transition
-0.88032,-0.59128,2,transition
3.55408,-0.5482,0,convective
0.34292,-0.54852,2,transition
2.82436,-0.45068,0,convective
3.90076,-0.56432,0,convective
-1.17984,2.86572,2,transition
-1.347935,2.305625,2,transition
-1.03028,2.60748,2,transition
-1.300185,2.890815,2,transition
-1.179625,1.890855,2,transition
-1.44715,-0.67939,2,transition
-1.23978,2.9517,2,transition
-0.885285,6.663155,2,transition
-1.41349,0.24663,2,transition
-1.33131,-2.46951,2,transition
-1.929475,11.940965,2,transition
-1.411535,0.188225,2,transition
-1.149885,-3.909605,2,transition
-1.139605,-6.016725,2,transition
-1.218895,-0.294535,2,transition
-3.59366,-2.14118,1,stable
-3.47103,-2.071035,1,stable
-3.027865,-1.807425,1,stable
-3.195735,-1.90118,1,stable
-2.52325,-1.47992,1,stable
-3.036465,-1.72142,1,stable
-2.97486,-1.674675,1,stable
-2.92307,-1.61174,1,stable
-3.157415,-1.780675,1,stable
-2.51948,-1.41845,1,stable
-2.219595,-1.20043,1,stable
-3.406625,-1.943555,1,stable
-3.756475,-2.174335,1,stable
-3.0599,-1.675445,1,stable
-3.10938,-1.742685,1,stable
-2.798785,-1.51997,1,stable
-2.558655,-1.372815,1,stable
-3.113225,-1.8134,1,stable
-2.90149,-1.632835,1,stable
-3.052325,-1.80977,1,stable
-3.00007,-1.691215,1,stable
-5.80227,-2.424615,1,stable
-6.00186,-2.449985,1,stable
-6.0307,-2.505025,1,stable
-5.51972,-2.280825,1,stable
-5.18844,-2.0661,1,stable
-4.33054,-1.84509,1,stable
-4.42369,-1.90421,1,stable
-4.58634,-1.94797,1,stable
-5.08158,-2.069295,1,stable
-4.2485,-1.74647,1,stable
-5.91323,-2.46247,1,stable
-4.34855,-1.789895,1,stable
-4.75,-1.96233,1,stable
-6.73944,-1.63464,1,stable
-8.33575,-2.27796,1,stable
-8.05817,-2.21111,1,stable
-8.36769,-2.33699,1,stable
-7.5534,-2.2158,1,stable
-7.54045,-2.22985,1,stable
-7.67559,-2.22429,1,stable
-4.44378,-1.24726,1,stable
-6.45119,-1.95125,1,stable
-8.18817,-2.35765,1,stable
-7.44456,-2.20819,1,stable
-7.43623,-2.18394,1,stable
-6.39913,-1.79714,1,stable
-8.37672,-2.46349,1,stable
-7.43934,-2.21588,1,stable
-8.0474,-2.3134,1,stable
-6.71554,-1.96867,1,stable
-6.92669,-2.07096,1,stable
-5.86867,-1.66881,1,stable
-6.54434,-1.89097,1,stable
-11.13353,-2.15985,1,stable
-10.78759,-2.3939,1,stable
-10.60911,-2.34908,1,stable
-6.49963,-1.37851,1,stable
-9.99723,-1.99866,1,stable
-8.82091,-1.37341,1,stable
-11.10933,-2.23241,1,stable
-8.95325,-1.63284,1,stable
-10.16143,-1.97326,1,stable
-8.96811,-1.58159,1,stable
-9.25555,-1.7311,1,stable
-8.64735,-1.72066,1,stable
-8.64327,-1.62218,1,stable
-9.07383,-1.8498,1,stable
-8.14617,-1.48657,1,stable
-8.61017,-1.75398,1,stable
-8.63543,-1.6959,1,stable
-12.05874,-1.48501,1,stable
-10.57298,-1.37959,1,stable
-11.75092,-1.57595,1,stable
-10.6757,-1.20201,1,stable
-11.2173,-1.31277,1,stable
-8.58496,-0.90373,1,stable
-10.71764,-1.29953,1,stable
-10.00984,-1.07505,1,stable
-11.62908,-1.37877,1,stable
-11.3664,-1.17731,1,stable
-8.51294,-0.66097,1,stable
-9.42494,-0.87531,1,stable
-10.51742,-1.04653,1,stable
-8.90392,-0.67503,1,stable
-9.83846,-0.76305,1,stable
-9.45852,-0.79927,1,stable
-10.03614,-0.71157,1,stable
-13.42823,-0.58161,1,stable
-11.50387,-0.28377,1,stable
-11.50219,-0.35949,1,stable
-11.27599,-0.60029,1,stable
-9.69379,-0.61771,1,stable
-10.75269,-0.86639,1,stable
-11.10901,-0.88803,1,stable
-13.38107,-1.00729,1,stable
-10.29123,-0.90979,1,stable
-9.84015,-0.88029,1,stable
-11.35655,-1.15843,1,stable
-9.50955,-0.74699,1,stable
-8.38375,-0.68063,1,stable
-12.1178,0.26201,1,stable
-12.49396,0.55645,1,stable
-12.9077,0.42353,1,stable
-9.45802,0.29835,1,stable
-11.15998,0.54521,1,stable
-10.182,-0.06479,1,stable
-10.34854,0.40115,1,stable
-9.03202,-0.00827,1,stable
-9.52486,0.41947,1,stable
-11.06596,0.06599,1,stable
-8.92208,0.43993,1,stable
-11.42576,-0.06455,1,stable
-9.79972,0.17403,1,stable
-10.18381,0.56281,1,stable
-8.39659,0.40577,1,stable
-9.96809,0.48629,1,stable
-12.81147,0.45289,1,stable
-7.35893,0.44095,1,stable
-10.73897,0.35173,1,stable
-10.13839,0.61683,1,stable
-9.95429,0.52115,1,stable
-8.03515,0.51793,1,stable
-9.97121,0.62579,1,stable
-14.92957,0.29977,1,stable
-9.54497,0.63613,1,stable
-9.82875,0.52789,1,stable
-9.14251,0.59711,1,stable
-10.94981,0.47595,1,stable
-6.86591,0.85361,1,stable
-9.47881,0.69227,1,stable
-8.60095,0.76555,1,stable
-11.83418,0.55731,1,stable
-11.08016,0.68201,1,stable
-10.5861,1.30943,1,stable
-9.48374,0.70007,1,stable
-10.01822,0.83827,1,stable
-10.83956,0.67695,1,stable
-8.98684,0.61267,1,stable
-12.75302,0.54473,1,stable
-9.68002,0.59237,1,stable
-9.20386,0.73671,1,stable
-9.27016,0.68433,1,stable
-9.2278,0.62413,1,stable
-12.41312,0.59853,1,stable
-9.76206,0.68067,1,stable
-8.64668,0.79061,1,stable
-10.72062,0.63755,1,stable
-12.03096,0.66904,1,stable
-10.34344,0.71588,1,stable
-8.4757,0.69958,1,stable
-9.89748,0.69346,1,stable
-7.08488,0.4864,1,stable
-8.24474,0.7053,1,stable
-7.07518,0.67534,1,stable
-8.91154,0.73714,1,stable
-8.93738,0.74264,1,stable
-8.64686,0.74156,1,stable
-8.31016,0.7293,1,stable
-7.88398,0.65768,1,stable
-8.1404,0.78294,1,stable
-10.45714,0.8393,1,stable
-7.81292,0.9416,1,stable
-9.40342,0.87508,1,stable
-6.67806,0.897,1,stable
-10.26302,0.75878,1,stable
-9.58654,0.7569,1,stable
-8.03222,0.74544,1,stable
-8.19432,0.74008,1,stable
-7.43104,0.636,1,stable
-9.28142,0.8065,1,stable
-8.0222,0.66912,1,stable
-8.4064,0.63508,1,stable
-6.2567,0.61166,1,stable
-8.58284,0.729,1,stable
-7.15558,0.69244,1,stable
-8.34142,0.77226,1,stable
-10.32658,0.69738,1,stable
-8.21686,0.6905,1,stable
-5.0772,0.80592,1,stable
-6.04588,0.89096,1,stable
-8.8883,0.68118,1,stable
-5.78196,0.8442,1,stable
-5.4676,0.90064,1,stable
-4.19546,0.94398,1,stable
-6.66296,0.8108,1,stable
-6.0718,0.996,1,stable
-5.0728,0.98808,1,stable
-8.2866,0.78574,1,stable
-9.09284,0.83768,1,stable
-8.81916,0.76738,1,stable
-7.27792,0.7543,1,stable
-5.6499,0.5623,1,stable
-7.01196,0.80322,1,stable
-6.81628,0.71674,1,stable
-5.74524,0.6557,1,stable
-10.42526,0.79656,1,stable
-5.96822,0.4835,1,stable
-7.32602,0.78126,1,stable
-7.45528,0.89338,1,stable
-7.52654,0.6499,1,stable
-7.8313,0.64424,1,stable
-3.25838,0.971,1,stable
-6.1248,0.9212,1,stable
-8.71302,1.0199,1,stable
-6.74508,0.6976,1,stable
-6.2175,0.62132,1,stable
-6.91042,0.59546,1,stable
-7.63452,0.61312,1,stable
-6.32962,0.76508,1,stable
-6.06504,0.50146,1,stable
-6.6847,0.7267,1,stable
-8.08448,0.95066,1,stable
-8.53934,0.51166,1,stable
-4.63998,0.93732,1,stable
-2.99862,1.10854,1,stable
-8.19771,0.68063,1,stable
-7.55559,0.68783,1,stable
-8.12803,0.69425,1,stable
-5.84723,0.34489,1,stable
-5.54791,0.65025,1,stable
-6.32781,0.74109,1,stable
-5.71121,0.59953,1,stable
-4.84677,0.62303,1,stable
-5.72149,0.79381,1,stable
-5.24481,0.79379,1,stable
-6.76921,0.84353,1,stable
-14.40209,1.02203,1,stable
-7.14541,0.93907,1,stable
-3.26941,1.01919,1,stable
-2.85997,1.21405,1,stable
-4.8811,0.68699,1,stable
-5.18418,0.77339,1,stable
-4.45266,0.88091,1,stable
-6.34058,0.63957,1,stable
-4.84838,0.87311,1,stable
-6.59214,0.82769,1,stable
-4.21498,0.45639,1,stable
-4.33126,0.89463,1,stable
-4.43754,0.98119,1,stable
-5.5459,0.68531,1,stable
-5.8923,0.83179,1,stable
-4.51782,0.85189,1,stable
-16.9911,0.67231,1,stable
-7.56034,0.55961,1,stable
-6.48342,0.70283,1,stable
-3.78706,0.90531,1,stable
-1.4641,1.06705,2,transition
-0.19314,1.00151,2,transition
-6.64338,0.70201,1,stable
-2.48278,1.11855,1,stable
-3.04618,1.05885,1,stable
-4.60328,0.70798,1,stable
-5.84604,0.8067,1,stable
-4.47228,0.67134,1,stable
-4.64292,0.8485,1,stable
-4.04828,0.82774,1,stable
-5.5298,0.58306,1,stable
-6.61148,0.88366,1,stable
-4.60092,0.51286,1,stable
-3.27568,0.84002,1,stable
-3.20948,0.8337,1,stable
-5.14188,0.86838,1,stable
-5.03,0.8623,1,stable
-4.22084,0.88422,1,stable
-4.85696,0.8499,1,stable
-1.05828,0.89602,2,transition
-6.72052,0.5843,1,stable
-3.1544,0.84894,1,stable
-6.9008,0.65954,1,stable
-6.40524,0.70906,1,stable
-4.17456,0.84446,1,stable
-5.56772,0.7067,1,stable
-5.91988,0.72574,1,stable
-1.33268,1.06898,2,transition
-0.86504,0.91106,2,transition
-4.6156,0.48138,1,stable
-5.69712,0.76426,1,stable
-0.55792,0.95882,2,transition
-4.8282,0.79056,1,stable
-3.92916,0.85804,1,stable
-7.31924,0.02252,1,stable
-4.02168,0.7346,1,stable
-6.4254,0.71036,1,stable
-4.79396,0.761,1,stable
-1.34528,0.7762,2,transition
1.60492,0.84084,2,transition
-0.33676,0.99592,2,transition
0.2424,0.82616,2,transition
0.35572,0.94728,2,transition
-3.7378,0.79708,1,stable
-3.45824,0.982,1,stable
-1.3182,0.91072,2,transition
-4.14924,0.83772,1,stable
-3.19368,0.7546,1,stable
-2.10732,0.8528,1,stable
-2.55076,0.82344,1,stable
-2.07496,0.7182,1,stable
-3.69312,0.8526,1,stable
-2.87428,0.4762,1,stable
-2.48208,0.82404,1,stable
-3.06232,0.70868,1,stable
-3.55248,0.8028,1,stable
-11.45496,0.83012,1,stable
0.71096,0.85704,2,transition
0.84428,0.79856,2,transition
-0.55032,0.79496,2,transition
0.6816,1.01836,2,transition
-0.16772,0.95328,2,transition
2.3974,1.1422,0,convective
1.32108,0.8762,2,transition
-4.0008,0.75668,1,stable
-3.50584,0.76412,1,stable
-4.11272,0.78712,1,stable
-3.94088,0.7794,1,stable
-3.46368,0.74132,1,stable
0.73572,0.8402,2,transition
-2.4962,0.69748,1,stable
-1.64544,0.78836,2,transition
-2.02912,0.76268,1,stable
-1.22452,0.63616,2,transition
-1.44188,0.63308,2,transition
-0.99604,0.73332,2,transition
-1.06256,0.8084,2,transition
-2.3866,0.62372,1,stable
-2.61604,0.584,1,stable
-3.59324,0.763,1,stable
-2.53596,0.71116,1,stable
-3.22476,0.75352,1,stable
-3.80548,0.68652,1,stable
2.40664,0.76508,0,convective
2.1976,0.88364,0,convective
-2.11884,0.65192,1,stable
-3.23576,0.5668,1,stable
-2.8416,0.66424,1,stable
1.49984,0.76412,2,transition
-1.56272,0.413,2,transition
-2.5046,0.68728,1,stable
-2.86,0.72156,1,stable
-1.16732,0.6452,2,transition
-1.8938,0.5432,1,stable
-0.65452,0.62112,2,transition
-0.34732,0.68592,2,transition
-2.07512,0.70764,1,stable
-1.89612,0.68192,1,stable
-4.9384,0.48692,1,stable
0.67568,0.6646,2,transition
1.1642,0.72612,2,transition
2.26132,0.75644,0,convective
0.88012,0.69472,2,transition
0.3904,0.87076,2,transition
3.34436,0.73452,0,convective
-3.17824,0.47352,1,stable
-2.47096,0.37916,1,stable
-1.0634,0.66064,2,transition
-0.497,0.58336,2,transition
-4.14528,0.00596,1,stable
-2.143,0.55404,1,stable
-1.27988,0.28284,2,transition
0.62884,0.522,2,transition
-0.25804,0.62692,2,transition
-1.32168,0.5928,2,transition
-1.37304,0.57976,2,transition
0.425,0.592,2,transition
-0.45388,0.61548,2,transition
-0.84552,0.61352,2,transition
3.2358,0.64368,0,convective
3.7632,0.63392,0,convective
-1.79888,-0.02716,1,stable
0.92284,0.09368,2,transition
0.32308,0.08172,2,transition
-2.03908,-0.02124,1,stable
-0.2708,0.11628,2,transition
-0.19424,0.05764,2,transition
-0.42392,0.04276,2,transition
0.2784,0.01652,2,transition
-0.88896,0.0032,2,transition
-1.64588,0.05508,2,transition
2.47776,0.12208,0,convective
-2.09184,0.16988,1,stable
4.45612,0.19816,0,convective
-1.7086,0.2038,1,stable
5.35216,0.37416,0,convective
-2.13844,-0.56956,1,stable
-2.853,-0.65608,1,stable
-3.39852,-0.73064,1,stable
-1.549,-0.73212,2,transition
-1.70876,-0.75452,1,stable
-0.89556,-0.70576,2,transition
-0.75804,-0.7748,2,transition
-2.94428,-0.9052,1,stable
-1.74816,-0.6602,1,stable
-1.66228,-0.80244,2,transition
-3.14032,-0.54948,1,stable
-0.52976,-0.77108,2,transition
-1.58592,-0.6714,2,transition
-0.05352,-0.77456,2,transition
-5.2916,-0.96352,1,stable
-1.41664,-0.655,2,transition
-1.29116,-0.62944,2,transition
-2.45888,-0.48996,1,stable
-2.6366,-0.55596,1,stable
4.54088,-0.65744,0,convective
-1.71586,1.54298,1,stable
-1.36526,1.97174,2,transition
-1.16357,1.21959,2,transition
-1.1729575,1.5305625,2,transition
-1.4773075,-0.3581875,2,transition
-1.56369,-1.33237,2,transition
-1.01141,2.91807,2,transition
-1.246915,1.540205,2,transition
-1.258635,-3.681235,2,transition
-1.0718925,1.1355475,2,transition
-1.1605175,1.2324825,2,transition
-1.2713175,1.8540425,2,transition
-1.5320075,-3.3215275,2,transition
-3.47247,-2.07461,1,stable
-3.642375,-2.1523875,1,stable
-3.0201,-1.8995575,1,stable
-3.303825,-1.9517275,1,stable
-3.67788,-2.12212,1,stable
-2.171135,-1.306965,1,stable
-3.13408,-1.8914075,1,stable
-3.344655,-1.9121575,1,stable
-4.13593,-2.3772225,1,stable
-3.13365,-1.8153325,1,stable
-3.218035,-1.83956,1,stable
-2.606835,-1.57768,1,stable
-3.05025,-1.7789325,1,stable
-3.570225,-2.037325,1,stable
-3.635025,-2.07291,1,stable
-2.867275,-1.695885,1,stable
-4.86872,-1.966465,1,stable
-4.73374,-1.896965,1,stable
-5.68517,-2.281825,1,stable
-5.46707,-2.264925,1,stable
-5.92268,-2.340625,1,stable
-6.30506,-2.46244,1,stable
-5.08521,-2.06708,1,stable
-7.01792,-2.77689,1,stable
-6.60852,-2.57806,1,stable
-5.25369,-2.09587,1,stable
-5.38285,-2.15275,1,stable
-5.35131,-2.104535,1,stable
-5.3942,-2.080975,1,stable
-5.44634,-2.24078,1,stable
-5.19505,-2.0614,1,stable
-4.76043,-1.965285,1,stable
-5.94327,-2.29969,1,stable
-9.75871,-2.81067,1,stable
-9.47082,-2.7081,1,stable
-8.56305,-2.48365,1,stable
-7.0309,-1.95657,1,stable
-8.05632,-2.26479,1,stable
-8.32958,-2.47199,1,stable
-7.99958,-2.31441,1,stable
-7.09479,-2.07466,1,stable
-7.01321,-2.03398,1,stable
-5.93682,-1.71946,1,stable
-7.90751,-2.26473,1,stable
-7.08432,-2.03881,1,stable
-6.96184,-1.96147,1,stable
-8.0098,-2.12497,1,stable
-6.47025,-1.7014,1,stable
-8.0622,-2.11779,1,stable
-6.70458,-1.94415,1,stable
-6.25141,-1.81038,1,stable
-8.10933,-2.18133,1,stable
-12.31189,-2.06031,1,stable
-11.99603,-2.088,1,stable
-6.68489,-1.18107,1,stable
-9.67649,-1.90415,1,stable
-12.05063,-2.12086,1,stable
-9.84079,-1.94703,1,stable
-8.08139,-1.62198,1,stable
-11.18111,-2.12267,1,stable
-9.52511,-2.03206,1,stable
-9.53983,-1.70918,1,stable
-9.62735,-1.56515,1,stable
-8.07021,-1.40133,1,stable
-9.23555,-1.93903,1,stable
-9.26383,-1.98867,1,stable
-8.82717,-1.85937,1,stable
-15.24881,-1.95596,1,stable
-12.08847,-1.33422,1,stable
-13.28891,-1.53518,1,stable
-13.60731,-1.61128,1,stable
-10.79125,-1.2063,1,stable
-9.08779,-0.81442,1,stable
-13.61181,-1.27968,1,stable
-11.00015,-1.00606,1,stable
-10.78231,-0.79762,1,stable
-9.95789,-0.6539,1,stable
-9.57761,-0.54988,1,stable
-10.09307,-0.90604,1,stable
-9.85171,-0.81656,1,stable
-9.18919,-0.63336,1,stable
-9.83389,-1.00672,1,stable
-10.60957,-1.00778,1,stable
-9.63607,-1.00906,1,stable
-12.2271,-0.60901,1,stable
-15.04398,-0.94323,1,stable
-13.31032,-0.77087,1,stable
-12.7851,-0.76665,1,stable
-11.03332,-0.55419,1,stable
-12.01568,-0.67939,1,stable
-13.54192,-0.95733,1,stable
-14.26404,-1.04709,1,stable
-7.58496,-0.35901,1,stable
-14.5199,-0.96923,1,stable
-10.1941,-0.31317,1,stable
-9.17578,-0.38535,1,stable
-13.0718,-0.67723,1,stable
-10.30016,-0.49051,1,stable
-10.77042,-0.30937,1,stable
-9.97376,-0.34103,1,stable
-9.82896,0.00493,1,stable
-12.01512,-0.22089,1,stable
-14.39277,0.04497,1,stable
-13.85525,-0.33903,1,stable
-14.49587,-0.04291,1,stable
-13.21957,-0.37759,1,stable
-13.97825,-0.05733,1,stable
-12.15433,0.02895,1,stable
-12.62033,0.09197,1,stable
-13.45133,0.02195,1,stable
-9.51049,0.05553,1,stable
-10.12553,0.09363,1,stable
-15.05327,-0.08151,1,stable
-9.93851,0.18151,1,stable
-9.09167,0.73729,1,stable
-10.39783,0.75825,1,stable
-11.07393,0.65857,1,stable
-10.70627,0.75457,1,stable
-10.96119,0.51599,1,stable
-14.06202,0.33007,1,stable
-12.78046,0.38187,1,stable
-12.96854,0.25103,1,stable
-14.4136,0.29937,1,stable
-11.82056,0.37861,1,stable
-12.13146,0.55289,1,stable
-12.10906,0.51127,1,stable
-10.94976,0.54243,1,stable
-9.49878,0.64829,1,stable
-16.9176,0.21171,1,stable
-9.41814,0.58651,1,stable
-9.52686,0.47637,1,stable
-9.05228,0.57665,1,stable
-9.50058,0.44987,1,stable
-6.67954,0.55529,1,stable
-13.97713,0.57155,1,stable
-13.46159,0.59915,1,stable
-12.15457,0.62589,1,stable
-11.24471,0.57585,1,stable
-10.79203,0.62399,1,stable
-12.55499,0.60173,1,stable
-8.96317,0.81781,1,stable
-11.82593,0.60225,1,stable
-11.30859,0.57883,1,stable
-8.76685,0.73193,1,stable
-11.97361,0.50033,1,stable
-8.50763,0.64853,1,stable
-7.60203,0.58311,1,stable
-21.32253,0.12459,1,stable
-8.78981,0.73705,1,stable
-8.78719,0.60131,1,stable
-7.84503,0.67033,1,stable
-8.75231,0.65085,1,stable
-9.64799,0.72819,1,stable
-8.64457,0.68037,1,stable
-7.32497,0.73527,1,stable
-12.69689,0.75642,1,stable
-10.17545,0.55782,1,stable
-8.82989,0.68906,1,stable
-11.29129,1.106,1,stable
-8.21163,0.65198,1,stable
-8.78319,0.4849,1,stable
-12.05087,0.74462,1,stable
-10.42803,0.72066,1,stable
-6.89575,0.7174,1,stable
-9.59901,0.76206,1,stable
-7.16305,0.88056,1,stable
-6.35399,0.82936,1,stable
-13.55851,0.74052,1,stable
-7.79861,0.77098,1,stable
-7.69977,0.73122,1,stable
-8.06939,0.81186,1,stable
-5.00743,0.9439,1,stable
-6.35065,0.97432,1,stable
-12.8191,0.97511,1,stable
-11.50496,0.89139,1,stable
-9.23638,0.52357,1,stable
-8.9195,0.66351,1,stable
-10.38354,0.97405,1,stable
-12.98924,1.03351,1,stable
-7.59126,0.63893,1,stable
-9.60356,0.87081,1,stable
-8.9626,0.51025,1,stable
-9.68598,0.99651,1,stable
-6.58008,0.70873,1,stable
-8.32178,0.87791,1,stable
-9.30716,0.97001,1,stable
-6.74482,0.99553,1,stable
-11.40688,0.88101,1,stable
-6.18076,0.99409,1,stable
-7.10334,0.90767,1,stable
-4.91522,1.07285,1,stable
-5.1008,1.03495,1,stable
-11.44342,0.89398,1,stable
-11.7272,0.90356,1,stable
-11.82934,0.98976,1,stable
-8.4784,0.4842,1,stable
-7.81264,0.78364,1,stable
-8.12766,0.96182,1,stable
-8.8486,0.96134,1,stable
-9.09942,0.99368,1,stable
-4.02486,0.84162,1,stable
-6.41008,1.03098,1,stable
-4.1027,0.9449,1,stable
-4.39608,1.00364,1,stable
-5.31224,0.93252,1,stable
-7.50614,0.83994,1,stable
-8.32526,0.82876,1,stable
-8.88484,0.9814,1,stable
-6.70494,0.9806,1,stable
-5.63936,1.00286,1,stable
-5.61444,0.95794,1,stable
-2.92314,0.75746,1,stable
-3.93504,0.90092,1,stable
-5.09,0.97748,1,stable
-4.68576,1.11684,1,stable
-4.75208,0.93422,1,stable
-3.20536,0.89734,1,stable
-3.18072,1.01382,1,stable
-3.9988,0.98062,1,stable
-3.67944,0.9922,1,stable
-6.11112,1.00998,1,stable
-5.8697,0.92112,1,stable
-8.94179,0.93445,1,stable
-6.80507,0.85825,1,stable
-6.85647,0.93883,1,stable
-7.69779,0.99291,1,stable
-8.69279,0.70645,1,stable
-6.96891,0.39257,1,stable
-6.06499,0.86829,1,stable
-7.86239,1.00173,1,stable
-8.94691,0.94499,1,stable
-4.00455,0.81395,1,stable
-4.71175,0.90269,1,stable
-15.12915,0.96959,1,stable
-5.04467,0.82951,1,stable
-4.53003,0.89093,1,stable
-4.37275,0.88913,1,stable
-4.41727,0.84553,1,stable
-9.64744,1.07655,1,stable
-8.0546,0.88719,1,stable
-6.75968,0.84187,1,stable
-8.83804,0.95323,1,stable
-6.4102,0.94655,1,stable
-5.98276,0.82231,1,stable
-6.76176,0.93603,1,stable
-5.89268,0.84987,1,stable
-7.04108,0.61543,1,stable
-7.41884,0.75055,1,stable
-5.21864,0.92335,1,stable
-3.87616,0.86031,1,stable
-3.52368,0.71871,1,stable
-5.86996,0.89975,1,stable
-3.41076,0.77819,1,stable
-3.739,0.75767,1,stable
-14.38108,0.86379,1,stable
-17.72316,0.52627,1,stable
-6.79632,0.82279,1,stable
-0.96512,0.91931,2,transition
-3.17168,0.91807,1,stable
-4.5034,0.75847,1,stable
-3.6506,0.77079,1,stable
-3.5014,0.87135,1,stable
1.2846,0.93767,2,transition
-1.0508,0.91335,2,transition
-8.12516,0.7276,1,stable
-7.45964,0.77836,1,stable
-5.53628,0.38676,1,stable
-4.80252,0.86152,1,stable
-7.50452,0.54848,1,stable
-4.01556,0.7704,1,stable
-4.88136,0.81384,1,stable
-5.4512,0.77988,1,stable
-4.41048,0.80816,1,stable
-4.54488,0.70404,1,stable
-5.68788,0.79208,1,stable
-2.50296,0.75376,1,stable
-3.06352,0.66516,1,stable
-3.04424,0.39376,1,stable
-2.71776,0.693,1,stable
-3.58868,0.698,1,stable
-1.6478,0.81,2,transition
-0.2114,0.87744,2,transition
-1.3912,0.77948,2,transition
-3.76856,0.73484,1,stable
-0.37368,0.88948,2,transition
-1.10852,0.96832,2,transition
-3.22908,0.81284,1,stable
-7.95004,0.6362,1,stable
-6.64476,0.46228,1,stable
-4.53592,0.6168,1,stable
-4.37484,0.55424,1,stable
-5.25452,0.62448,1,stable
-4.58852,0.70764,1,stable
-1.72224,0.66928,1,stable
-3.62288,0.62584,1,stable
-0.89128,0.5802,2,transition
-1.95632,0.556,1,stable
-2.43012,0.6004,1,stable
-2.00208,0.58644,1,stable
-2.39168,0.58072,1,stable
-3.38824,0.63104,1,stable
-0.9918,0.72652,2,transition
-1.06108,0.60756,2,transition
-0.74216,0.6892,2,transition
-0.35812,0.64168,2,transition
2.14268,0.76804,0,convective
0.41064,0.78432,2,transition
-5.52564,0.6746,1,stable
-6.3972,0.74464,1,stable
-3.8182,0.55664,1,stable
-5.69092,0.59076,1,stable
-6.62384,0.63224,1,stable
-2.93916,0.49488,1,stable
-1.48084,0.52776,2,transition
-7.67112,0.39908,1,stable
-1.41408,0.588,2,transition
-0.26452,0.77352,2,transition
0.64052,0.62668,2,transition
-2.24988,0.5304,1,stable
-1.91196,0.59144,1,stable
-5.93784,0.60452,1,stable
-5.23064,0.57764,1,stable
-5.0034,0.484,1,stable
-4.3698,0.59524,1,stable
-2.32224,0.43972,1,stable
-2.62668,0.59268,1,stable
-7.91004,-0.0668,1,stable
-2.29524,0.61504,1,stable
-6.89364,0.56844,1,stable
-6.72544,0.46448,1,stable
-1.07048,0.68832,2,transition
-6.71848,0.47276,1,stable
-5.89788,0.02,1,stable
-1.35636,0.51088,2,transition
-0.87312,0.54096,2,transition
-0.32512,0.68304,2,transition
3.75284,0.77404,0,convective
-0.17756,0.72752,2,transition
0.28792,0.816,2,transition
-4.46036,0.61048,1,stable
-4.6892,0.60084,1,stable
-2.18264,0.73084,1,stable
-3.64056,0.6344,1,stable
-2.89844,0.50488,1,stable
-4.14696,0.53396,1,stable
-0.80296,0.5144,2,transition
-5.28508,0.55164,1,stable
-3.07392,0.50844,1,stable
-1.07172,0.48184,2,transition
-2.79628,0.51612,1,stable
-0.94584,0.45336,2,transition
-0.72064,0.55184,2,transition
-3.85872,0.3656,1,stable
-0.45132,0.5066,2,transition
-0.52176,0.47152,2,transition
0.95172,0.41504,2,transition
2.78052,0.62812,0,convective
4.37784,0.625,0,convective
-3.0414,0.56908,1,stable
-3.92448,0.57916,1,stable
-3.91632,0.5438,1,stable
-1.1514,0.56284,2,transition
-2.98544,0.49404,1,stable
-0.5608,0.405,2,transition
1.18936,0.47416,2,transition
-10.82984,0.40084,1,stable
1.17828,0.50812,2,transition
0.04144,0.43412,2,transition
-16.04712,0.11384,1,stable
1.54624,0.495,2,transition
0.7472,0.48452,2,transition
1.4066,0.36208,2,transition
-0.7868,0.21852,2,transition
2.5734,0.5478,0,convective
-4.13212,-0.01272,1,stable
-2.098,0.20336,1,stable
-2.636,0.04664,1,stable
-2.54644,0.20232,1,stable
-2.36656,0.1594,1,stable
-2.50164,0.11312,1,stable
-2.31736,-0.03412,1,stable
-0.52856,0.08644,2,transition
-7.19076,0.02924,1,stable
-6.08872,-0.02132,1,stable
-7.05508,-0.08436,1,stable
3.24684,0.16344,0,convective
-5.67856,-0.58636,1,stable
-4.61116,-0.57804,1,stable
-4.95004,-0.5332,1,stable
-6.64768,-0.69164,1,stable
-0.60492,-0.42208,2,transition
-3.06844,-0.5668,1,stable
-0.71556,-0.50304,2,transition
-4.3724,-0.63796,1,stable
-0.2446,-0.51724,2,transition
-0.54904,-0.48204,2,transition
-0.63816,-0.5512,2,transition
-0.11088,-0.48908,2,transition
0.1312,-0.5232,2,transition
1.27448,-0.44812,2,transition
-1.2962,-0.51788,2,transition
4.77872,-0.37296,0,convective
-0.6632,-0.49308,2,transition
-1.33358,3.8231,2,transition
-1.310085,4.841995,2,transition
-1.17952,0.23324,2,transition
-1.12446,0.66822,2,transition
-0.8262,1.72136,2,transition
-1.062885,2.386235,2,transition
-1.137245,0.495355,2,transition
-1.396855,5.250825,2,transition
-0.807005,-0.202085,2,transition
-1.21871,1.84973,2,transition
-0.881595,-3.230195,2,transition
-0.830025,-1.400465,2,transition
-1.332925,4.532435,2,transition
-1.012195,-0.811435,2,transition
-0.94416,-2.28876,2,transition
-1.042775,-0.478015,2,transition
-1.03666,-2.12458,2,transition
-1.032275,-1.677515,2,transition
-1.1382,0.62112,2,transition
-0.809065,-4.520825,2,transition
-3.44952,-2.04056,1,stable
-2.86276,-1.67906,1,stable
-2.187625,-1.24484,1,stable
-2.62407,-1.5551,1,stable
-2.519665,-1.468665,1,stable
-2.90936,-1.68191,1,stable
-2.593705,-1.485075,1,stable
-3.164265,-1.829555,1,stable
-2.01957,-1.210505,1,stable
-5.13119,-1.99276,1,stable
-4.135,-1.51093,1,stable
-5.08723,-1.99635,1,stable
-4.62176,-1.8238,1,stable
-4.77911,-1.86985,1,stable
-3.77952,-1.37219,1,stable
-4.25062,-1.605005,1,stable
-3.86027,-1.42579,1,stable
-5.31119,-2.05142,1,stable
-3.37357,-1.194155,1,stable
-4.16155,-1.58048,1,stable
-4.26873,-1.612195,1,stable
-3.49502,-1.28761,1,stable
-3.37502,-1.24551,1,stable
-3.54628,-1.405975,1,stable
-4.08864,-1.498615,1,stable
-4.11412,-1.76913,1,stable
-3.4468,-1.42723,1,stable
-5.15693,-2.157025,1,stable
-6.44827,-1.41533,1,stable
-7.54315,-1.88828,1,stable
-6.92855,-1.61706,1,stable
-5.94782,-1.68219,1,stable
-5.15397,-1.01897,1,stable
-6.27135,-1.62362,1,stable
-5.11082,-1.05932,1,stable
-5.94593,-1.49781,1,stable
-6.0093,-1.56928,1,stable
-6.43608,-1.70123,1,stable
-4.09752,-0.92037,1,stable
-6.76463,-1.81173,1,stable
-4.91071,-1.33088,1,stable
-6.55819,-1.79338,1,stable
-4.2615,-0.79936,1,stable
-6.13458,-1.63685,1,stable
-4.27477,-1.17442,1,stable
-6.83408,-2.05711,1,stable
-6.10389,-1.58249,1,stable
-7.77167,-1.35147,1,stable
-4.63463,-0.64437,1,stable
-4.14863,-0.45019,1,stable
-8.99011,-1.64786,1,stable
-6.38367,-1.02494,1,stable
-8.63713,-1.46997,1,stable
-6.66107,-1.13257,1,stable
-6.91237,-1.24687,1,stable
-7.19553,-1.24865,1,stable
-6.65781,-1.30879,1,stable
-5.64113,-0.84908,1,stable
-5.75065,-0.77592,1,stable
-6.49605,-0.98375,1,stable
-7.35741,-1.40204,1,stable
-6.39397,-1.17042,1,stable
-3.98615,-0.74546,1,stable
-7.93035,-1.37815,1,stable
-7.99745,-1.42719,1,stable
-7.50817,-1.18862,1,stable
-10.31585,-1.02446,1,stable
-8.41913,-0.84228,1,stable
-4.93653,-0.32378,1,stable
-7.90281,-0.67198,1,stable
-5.21645,-0.59438,1,stable
-9.23543,-1.0499,1,stable
-8.21625,-1.05056,1,stable
-7.46879,-0.73602,1,stable
-8.98205,-0.84838,1,stable
-8.34557,-0.98816,1,stable
-6.95469,-0.55486,1,stable
-5.77441,-0.98846,1,stable
-8.59974,-0.31327,1,stable
-5.54568,-0.32923,1,stable
-5.26488,-0.46527,1,stable
-9.1332,-0.55271,1,stable
-4.41766,0.19723,1,stable
-3.7463,0.20491,1,stable
-8.00392,-0.44011,1,stable
-6.71746,-0.46961,1,stable
-8.11532,-0.56015,1,stable
-9.74712,-0.94493,1,stable
-8.74828,-0.69397,1,stable
-8.42392,-0.67001,1,stable
-8.16648,0.27038,1,stable
-7.68138,0.43782,1,stable
-4.42566,0.4983,1,stable
-5.98022,0.38844,1,stable
-4.78114,0.46224,1,stable
-7.41838,0.19868,1,stable
-10.94896,-0.3404,1,stable
-3.89214,0.49554,1,stable
-8.49944,-0.01586,1,stable
-14.29438,-0.78558,1,stable
-8.83368,0.03222,1,stable
-8.56348,-0.01342,1,stable
-5.0807,0.39162,1,stable
-8.73108,0.0538,1,stable
-8.46136,0.08184,1,stable
-8.4865,0.00618,1,stable
-5.84872,0.4105,1,stable
-7.33556,0.11852,1,stable
-7.97326,0.15724,1,stable
-7.49376,0.16418,1,stable
-8.70584,0.06188,1,stable
-4.97846,0.5482,1,stable
-7.31022,0.85626,1,stable
-6.43306,0.46466,1,stable
-5.77442,0.7478,1,stable
-4.39212,0.94768,1,stable
-4.29048,0.79022,1,stable
-7.7267,0.80404,1,stable
-8.80764,0.78676,1,stable
-6.27016,0.64336,1,stable
-7.8603,0.59122,1,stable
-8.13638,0.69702,1,stable
-7.07606,1.04708,1,stable
-5.00991,1.17475,1,stable
-3.80271,1.19361,1,stable
-5.71949,1.10945,1,stable
-7.90119,0.88499,1,stable
-6.14143,0.53597,1,stable
-9.10895,0.86079,1,stable
-3.19887,1.01417,1,stable
-5.58661,0.77729,1,stable
-4.50835,0.89145,1,stable
-4.66891,0.83233,1,stable
-2.70537,0.99267,1,stable
-9.98727,0.70259,1,stable
-6.72281,0.75053,1,stable
-8.35001,0.74721,1,stable
-1.68885,1.03465,2,transition
-6.86839,0.75687,1,stable
-6.82707,0.82887,1,stable
-19.86477,0.42199,1,stable
-6.91529,0.95885,1,stable
-3.23085,0.89979,1,stable
-8.39583,1.05473,1,stable
-6.28341,1.12695,1,stable
-4.95489,0.60738,1,stable
-1.82805,0.84178,1,stable
-4.58409,0.9828,1,stable
-6.82575,0.72068,1,stable
-5.24615,0.14708,1,stable
-3.02267,1.00678,1,stable
-1.64771,1.05766,2,transition
-6.66125,0.89308,1,stable
-6.20793,0.92464,1,stable
-4.37339,0.9907,1,stable
-5.92487,0.9022,1,stable
-4.86247,0.89424,1,stable
-5.83419,0.94992,1,stable
-5.93579,0.94712,1,stable
-3.16965,0.98678,1,stable
-4.81139,0.96998,1,stable
-5.02369,0.86916,1,stable
-4.89289,0.902,1,stable
-4.98633,0.89982,1,stable
-2.66161,0.95256,1,stable
-4.97933,0.9285,1,stable
-5.21059,1.04848,1,stable
-5.13547,0.91552,1,stable
-4.02497,1.02234,1,stable
-7.05193,1.04136,1,stable
-1.13205,1.01822,2,transition
-0.57271,0.88162,2,transition
-1.02953,0.79852,2,transition
-2.22767,1.02502,1,stable
-2.04525,0.97742,1,stable
-3.87477,0.9868,1,stable
-3.09759,0.99642,1,stable
-1.75263,1.02924,1,stable
-3.34399,1.0294,1,stable
-4.80347,0.91786,1,stable
-2.94617,1.00168,1,stable
-2.72213,1.05114,1,stable
-3.93957,1.0506,1,stable
-6.23117,1.12592,1,stable
-5.09734,1.05085,1,stable
-6.30086,1.04243,1,stable
-4.36304,1.05857,1,stable
-3.92916,1.06477,1,stable
-0.03972,1.00105,2,transition
-1.88748,0.96755,1,stable
-5.2874,0.95485,1,stable
-0.48738,1.08729,2,transition
-8.23146,0.80465,1,stable
-3.70856,1.11941,1,stable
-3.83928,1.09935,1,stable
-0.55752,1.20587,2,transition
-2.79314,1.14643,1,stable
-2.63486,1.45225,1,stable
-2.42876,1.0515,1,stable
-1.8741,0.96922,1,stable
-0.1475,1.019,2,transition
-1.34116,1.0854,2,transition
1.35158,1.04284,2,transition
-1.36012,1.10784,2,transition
-6.99994,0.93218,1,stable
-2.80516,1.01958,1,stable
2.393,1.16856,0,convective
1.87794,1.0614,0,convective
-2.8953,1.17306,1,stable
-13.7331,1.06422,1,stable
-2.36308,1.31556,1,stable
-2.41938,0.98116,1,stable
-2.2975,0.92298,1,stable
-2.54196,0.8424,1,stable
-3.19696,0.91112,1,stable
0.97649,0.95237,2,transition
-1.97605,0.87191,1,stable
-2.49581,0.87493,1,stable
-2.75001,0.81477,1,stable
-4.95275,0.98691,1,stable
-0.63757,1.05407,2,transition
-2.53061,0.96215,1,stable
0.15757,1.06173,2,transition
-4.90487,1.06507,1,stable
-4.80395,1.00459,1,stable
3.22551,0.80427,0,convective
-2.40915,0.98651,1,stable
0.29367,1.13455,2,transition
-1.51531,1.16831,2,transition
-12.70237,1.03073,1,stable
-5.92425,0.85641,1,stable
-0.14325,0.90157,2,transition
-1.43665,0.85409,2,transition
-2.72307,1.28207,1,stable
-0.2633,0.80881,2,transition
-4.65082,0.68307,1,stable
-0.76252,0.89341,2,transition
-2.86948,0.76137,1,stable
2.4023,0.90289,0,convective
-0.42568,0.98671,2,transition
-1.13544,0.92949,2,transition
0.0632,1.08865,2,transition
0.45256,1.01279,2,transition
0.12012,1.18599,2,transition
0.86704,0.88567,2,transition
2.97896,1.18827,0,convective
0.6442,1.39103,2,transition
-0.37812,0.81434,2,transition
-1.56864,0.7414,2,transition
-2.48084,0.5768,1,stable
0.1654,0.8659,2,transition
-3.32296,0.17038,1,stable
0.13832,0.90084,2,transition
-1.94584,0.83446,1,stable
2.55752,0.9762,0,convective
4.15852,0.82892,0,convective
3.248,0.95084,0,convective
-5.2898,0.67378,1,stable
2.59008,1.03708,0,convective
-3.18844,0.77398,1,stable
2.21096,1.0664,0,convective
1.76108,1.01408,0,convective
1.71564,0.88818,0,convective
1.70644,0.8394,0,convective
1.73552,0.83564,0,convective
-0.8094,0.82364,2,transition
-2.13152,0.97408,1,stable
3.79868,0.7554,0,convective
2.6824,0.98452,0,convective
-1.07244,0.8734,2,transition
5.12908,0.94048,0,convective
6.22948,0.76968,0,convective
4.89252,0.95188,0,convective
1.36724,1.10204,2,transition
1.55172,1.0042,2,transition
3.42632,1.04052,0,convective
1.47684,1.0668,2,transition
1.43524,1.07128,2,transition
4.69668,1.0586,0,convective
2.88128,1.0848,0,convective
2.13648,1.14536,0,convective
1.7354,0.81244,0,convective
0.2398,0.64564,2,transition
-2.2096,0.84956,1,stable
2.91796,0.7992,0,convective
0.85972,0.85632,2,transition
2.21164,0.82952,0,convective
4.58648,0.671,0,convective
2.28384,0.97684,0,convective
1.41264,0.96072,2,transition
3.20164,1.02016,0,convective
-1.46484,0.41572,2,transition
2.04908,0.96712,0,convective
1.61164,1.01116,2,transition
2.5172,1.04036,0,convective
-9.00784,0.87828,1,stable
5.24748,1.22516,0,convective
0.60352,0.6552,2,transition
-1.36624,0.84336,2,transition
2.995,0.94132,0,convective
-0.11732,0.9984,2,transition
-1.07944,0.3854,2,transition
2.9918,0.94272,0,convective
-0.40696,0.9082,2,transition
0.81836,0.9796,2,transition
1.84404,0.91932,0,convective
6.09716,1.04612,0,convective
3.52864,0.91868,0,convective
2.10592,0.84956,0,convective
-2.4678,0.7848,1,stable
5.31604,0.7246,0,convective
-8.15896,0.84888,1,stable
7.61236,0.81968,0,convective
0.78572,0.90304,2,transition
3.3502,0.83164,0,convective
3.94084,0.89512,0,convective
5.5548,0.90692,0,convective
6.21272,0.8632,0,convective
5.925,0.94092,0,convective
4.54576,1.02088,0,convective
2.84524,0.64788,0,convective
3.9008,0.67928,0,convective
6.77908,0.99872,0,convective
4.4944,0.58172,0,convective
2.61544,0.66216,0,convective
-0.99316,0.3032,2,transition
1.03432,0.71532,2,transition
5.64336,0.666,0,convective
5.7462,0.72748,0,convective
1.28372,0.54336,2,transition
6.11576,0.58812,0,convective
0.15836,0.76548,2,transition
7.52624,0.54424,0,convective
7.85172,0.83232,0,convective
5.16676,0.83388,0,convective
4.0832,0.78628,0,convective
7.09652,0.78776,0,convective
3.44708,0.60184,0,convective
9.13824,0.74204,0,convective
0.31492,0.20372,2,transition
1.43568,0.42808,2,transition
7.1382,0.21472,0,convective
6.80772,0.23436,0,convective
2.78688,0.29312,0,convective
1.36036,0.32604,2,transition
5.95388,0.20604,0,convective
5.0316,0.40608,0,convective
3.5928,0.45396,0,convective
7.5836,0.3412,0,convective
8.293,0.35044,0,convective
8.08468,0.48128,0,convective
2.17508,0.4164,0,convective
4.14048,0.41756,0,convective
6.80412,0.32436,0,convective
8.098,0.5376,0,convective
6.396,0.55204,0,convective
6.38728,0.52968,0,convective
5.51352,0.54356,0,convective
8.9222,0.54856,0,convective
6.75872,0.6018,0,convective
6.86672,0.645,0,convective
9.87204,0.92016,0,convective
8.63352,1.066,0,convective
3.8304,0.60392,0,convective
-0.12088,-0.42796,2,transition
3.39204,-0.46056,0,convective
2.77568,-0.46264,0,convective
7.1522,-0.40272,0,convective
6.23016,-0.32768,0,convective
0.18204,-0.36208,2,transition
1.57072,-0.39932,2,transition
4.11012,-0.26792,0,convective
9.16976,-0.27812,0,convective
3.72536,-0.27588,0,convective
4.83988,-0.24732,0,convective
7.82268,-0.27532,0,convective
7.72236,-0.24836,0,convective
-2.17224,-0.3744,1,stable
5.4614,-0.15536,0,convective
-1.176395,-2.841275,2,transition
-1.20198,-1.36818,2,transition
-1.076905,-0.956025,2,transition
-0.98539,-6.79915,2,transition
-0.947795,-7.193715,2,transition
-0.84316,-1.47832,2,transition
-0.729745,-1.947585,2,transition
-0.893395,-8.045595,2,transition
-0.81158,-8.1381,2,transition
-0.85846,-5.06274,2,transition
-0.84376,-9.44936,2,transition
-0.74176,-4.85188,2,transition
-0.795465,-4.453505,2,transition
-0.84245,-8.64149,2,transition
-0.797685,-8.520045,2,transition
-0.981855,1.190385,2,transition
-0.73333,-7.38665,2,transition
-0.58792,-6.74892,2,transition
-0.83348,-7.37184,2,transition
-0.6878,-7.95008,2,transition
-0.58049,-4.01709,2,transition
-0.59388,-9.34264,2,transition
-0.79625,-7.44333,2,transition
-0.624125,-3.636605,2,transition
-2.61275,-1.604865,1,stable
-2.69382,-1.591905,1,stable
-2.263,-1.315205,1,stable
-1.87327,-1.11774,1,stable
-1.81905,-1.08539,1,stable
-2.24643,-1.362285,1,stable
-2.24682,-1.367715,1,stable
-2.2135,-1.37281,1,stable
-2.42616,-1.498035,1,stable
-1.31368,-0.8144,2,transition
-1.97826,-1.25828,1,stable
-3.49701,-2.267455,1,stable
-2.21765,-1.40706,1,stable
-2.27797,-1.49634,1,stable
-2.15844,-1.4309,1,stable
-2.61546,-1.71426,1,stable
-2.58756,-1.71772,1,stable
-3.89596,-1.69082,1,stable
-4.00028,-1.65186,1,stable
-3.82217,-1.54037,1,stable
-3.52183,-1.45176,1,stable
-2.83335,-1.19714,1,stable
-3.27767,-1.39837,1,stable
-2.77666,-1.10766,1,stable
-3.55067,-1.51691,1,stable
-3.52517,-1.54691,1,stable
-3.24904,-1.31028,1,stable
-3.49895,-1.47985,1,stable
-5.08783,-2.36556,1,stable
-4.01484,-1.82305,1,stable
-3.94731,-1.8827,1,stable
-2.96535,-1.33069,1,stable
-5.26667,-2.49934,1,stable
-5.78342,-2.7097,1,stable
-4.63931,-2.23265,1,stable
-6.70303,-1.91954,1,stable
-5.83431,-1.82811,1,stable
-6.16951,-1.7704,1,stable
-5.14317,-1.34752,1,stable
-5.48479,-1.69426,1,stable
-3.93469,-1.09282,1,stable
-5.01965,-1.38043,1,stable
-5.13587,-1.63882,1,stable
-5.52567,-1.37093,1,stable
-4.93601,-1.54056,1,stable
-5.28441,-1.64151,1,stable
-4.96891,-1.5351,1,stable
-4.41911,-1.43791,1,stable
-5.96517,-1.97038,1,stable
-6.07607,-2.00804,1,stable
-4.77233,-1.61955,1,stable
-6.03193,-2.07033,1,stable
-7.78358,-1.56983,1,stable
-8.7408,-1.79681,1,stable
-8.13366,-1.59007,1,stable
-7.48134,-1.64703,1,stable
-8.40556,-1.73981,1,stable
-6.09088,-1.11555,1,stable
-5.87074,-0.85673,1,stable
-7.0025,-1.36641,1,stable
-7.22892,-1.42463,1,stable
-7.19984,-1.45701,1,stable
-6.77558,-1.49117,1,stable
-8.12792,-1.81619,1,stable
-5.943,-0.89521,1,stable
-6.74719,-0.93331,1,stable
-6.90779,-0.39153,1,stable
-7.57431,-0.52329,1,stable
-6.65165,-0.23237,1,stable
-7.14261,-0.91141,1,stable
-6.53617,-0.58989,1,stable
-8.02587,-1.02337,1,stable
-7.94879,-0.95089,1,stable
-7.10913,-0.87447,1,stable
-5.92987,-0.17201,1,stable
-6.68779,-0.49575,1,stable
-5.45189,-0.15731,1,stable
-7.89295,-1.05283,1,stable
-6.39779,-0.76805,1,stable
-8.34619,-1.31001,1,stable
-9.67477,-1.56489,1,stable
-8.82297,-1.38291,1,stable
-9.97612,-0.72145,1,stable
-8.77326,-0.72477,1,stable
-9.49294,-0.91813,1,stable
-6.41872,-0.36679,1,stable
-5.6253,-0.30309,1,stable
-8.54636,-0.72575,1,stable
-6.16608,-0.33575,1,stable
-6.41522,-0.38407,1,stable
-5.07998,-0.27015,1,stable
-6.25304,-0.40237,1,stable
-6.25776,-0.45185,1,stable
-5.02756,-0.41851,1,stable
-6.62054,-0.40399,1,stable
-6.05608,-0.41019,1,stable
-7.765,-0.59933,1,stable
-8.3142,-0.58469,1,stable
-17.53524,-2.18709,1,stable
-9.0224,-0.78203,1,stable
-8.2838,-0.59769,1,stable
-8.27012,-0.66407,1,stable
-6.8381,-0.44031,1,stable
-9.74454,-0.68125,1,stable
-6.81738,-0.44815,1,stable
-11.50346,-0.80853,1,stable
-10.42516,-0.75039,1,stable
-9.94909,-0.26089,1,stable
-9.15757,-0.18931,1,stable
-5.72945,0.24455,1,stable
-7.90539,0.24695,1,stable
-7.26783,0.43789,1,stable
-7.98217,0.09087,1,stable
-9.15197,0.03041,1,stable
-6.18433,0.65377,1,stable
-9.86089,-0.08848,1,stable
-7.26553,0.12206,1,stable
-7.68371,0.14262,1,stable
-10.07187,0.22574,1,stable
-8.00405,-0.03604,1,stable
-6.49817,0.08776,1,stable
-4.97497,0.1362,1,stable
-7.24247,-0.05708,1,stable
-7.98653,-0.03334,1,stable
-7.11053,0.12502,1,stable
-8.68821,0.32326,1,stable
-8.67091,0.34628,1,stable
-8.13197,0.6054,1,stable
-7.61279,0.3032,1,stable
-7.08457,0.78678,1,stable
-8.07945,0.27564,1,stable
-11.38593,0.53014,1,stable
-10.1467,0.55947,1,stable
-6.82938,0.80631,1,stable
-6.94288,0.74083,1,stable
-6.22782,0.85855,1,stable
-7.87324,0.69529,1,stable
-5.8133,0.70101,1,stable
-6.00562,0.69839,1,stable
-6.3754,0.81969,1,stable
-5.99934,0.75331,1,stable
-7.76836,0.91985,1,stable
-8.06562,0.92099,1,stable
-11.43042,0.86569,1,stable
-4.6319,0.79135,1,stable
-18.34614,0.72393,1,stable
-7.79196,1.05895,1,stable
-5.86448,0.92461,1,stable
-5.32118,1.13203,1,stable
-8.66528,0.87821,1,stable
-8.98488,0.92714,1,stable
-8.60088,0.82276,1,stable
-6.18528,0.77716,1,stable
-2.66112,0.73674,1,stable
-4.87712,0.67416,1,stable
-4.96934,0.93254,1,stable
-7.22216,0.84346,1,stable
-3.7939,0.838,1,stable
-5.45976,1.0423,1,stable
-20.30876,0.63252,1,stable
-6.1466,0.82352,1,stable
-7.25344,1.08938,1,stable
-2.9934,0.78632,1,stable
-7.75612,0.90916,1,stable
-10.42362,0.98296,1,stable
-9.15632,0.92356,1,stable
-4.46254,0.90348,1,stable
-5.21382,0.92906,1,stable
-5.20598,0.98878,1,stable
-8.56398,0.88938,1,stable
-5.34542,0.99444,1,stable
-2.04422,0.47408,1,stable
-5.93658,0.95076,1,stable
-6.25814,0.96402,1,stable
-10.28738,0.97212,1,stable
-4.99258,0.88354,1,stable
-5.9283,0.98714,1,stable
-6.28122,1.08482,1,stable
-4.66814,1.06698,1,stable
-4.19334,0.94416,1,stable
-5.49746,1.17846,1,stable
-10.59766,1.22046,1,stable
-7.62214,0.6758,1,stable
-7.68422,0.75036,1,stable
-4.02654,0.681,1,stable
-2.22258,0.57128,1,stable
-3.64542,0.6712,1,stable
-2.44342,0.61032,1,stable
-4.32178,1.02364,1,stable
-2.53266,0.97928,1,stable
-3.22602,0.99292,1,stable
-2.86742,0.94836,1,stable
-1.84746,0.53512,1,stable
-2.6723,1.00452,1,stable
-4.16266,0.96428,1,stable
-3.2947,1.06576,1,stable
-4.78494,0.88428,1,stable
-1.41614,1.04944,2,transition
-2.89662,1.0398,1,stable
-7.1823,0.96956,1,stable
-5.6425,0.9752,1,stable
-3.22554,1.12236,1,stable
-5.69201,0.72697,1,stable
-9.24661,0.69389,1,stable
-6.62437,0.79321,1,stable
-7.49885,0.70557,1,stable
-3.82473,0.94017,1,stable
-3.99125,0.60977,1,stable
-5.50669,0.98165,1,stable
-4.36797,0.70157,1,stable
-1.77737,0.66605,1,stable
-2.45249,1.01153,1,stable
-1.88281,0.81237,1,stable
-2.49673,0.90253,1,stable
-1.92549,1.05789,1,stable
-2.17593,1.09181,1,stable
-2.84029,1.12989,1,stable
-1.33449,0.91953,2,transition
-3.75065,1.04049,1,stable
-1.55813,1.05057,2,transition
-4.69017,0.95233,1,stable
-3.74613,0.91257,1,stable
-5.02822,0.66379,1,stable
-8.0269,0.65367,1,stable
-5.8847,0.72771,1,stable
-3.61126,0.63795,1,stable
-4.6121,0.98891,1,stable
-2.4455,0.73043,1,stable
-1.68546,1.15483,2,transition
-2.51594,0.94987,1,stable
-6.68578,0.91123,1,stable
-2.45266,1.02671,1,stable
0.1869,0.97215,2,transition
-2.0149,1.07459,1,stable
-3.2039,1.01303,1,stable
-1.79194,1.12311,1,stable
-2.82006,1.01363,1,stable
-2.81082,1.03475,1,stable
-2.41974,0.96447,1,stable
-1.26462,1.25131,2,transition
-7.11926,0.92075,1,stable
-5.10908,0.75002,1,stable
-4.17232,0.68346,1,stable
-3.15932,0.75606,1,stable
-3.35124,0.36354,1,stable
-3.03636,0.85622,1,stable
-2.99408,0.69566,1,stable
-0.13728,0.69214,2,transition
-2.48848,0.78134,1,stable
-0.6416,0.80726,2,transition
-0.20104,1.01222,2,transition
-1.75528,0.94906,1,stable
-12.08096,0.80122,1,stable
-1.5678,0.98286,2,transition
0.91076,0.80906,2,transition
-1.47464,0.75906,2,transition
-6.8066,0.70918,1,stable
-6.69596,0.65872,1,stable
-4.35096,0.75812,1,stable
-2.24284,0.79028,1,stable
-3.564,0.00112,1,stable
0.50628,0.74888,2,transition
0.92188,0.6938,2,transition
-0.63552,0.81348,2,transition
1.07168,0.7088,2,transition
0.17756,0.742,2,transition
0.67896,0.65608,2,transition
-1.51376,0.83588,2,transition
1.90712,0.47392,0,convective
1.86468,1.0194,0,convective
-1.55104,0.90352,2,transition
-4.9874,0.6784,1,stable
-1.6392,0.77764,2,transition
0.93296,0.85224,2,transition
1.60968,0.6878,2,transition
1.54,0.72856,2,transition
1.20632,0.73092,2,transition
2.23932,0.63768,0,convective
0.707,1.05068,2,transition
-2.139,0.47432,1,stable
-5.84996,0.6572,1,stable
-4.01836,0.6526,1,stable
-1.34584,0.80828,2,transition
-0.0228,0.56296,2,transition
0.57508,0.50452,2,transition
-1.39404,0.15176,2,transition
1.16132,0.77416,2,transition
0.92008,0.552,2,transition
1.95896,0.68784,0,convective
1.6684,0.44008,2,transition
0.9254,0.6888,2,transition
0.11208,0.63864,2,transition
0.60764,0.31624,2,transition
2.37332,0.93128,0,convective
-0.82084,0.6104,2,transition
0.036,0.62612,2,transition
-0.58124,0.52352,2,transition
1.64236,0.84008,2,transition
3.26344,0.8694,0,convective
2.41536,0.89512,0,convective
-0.51176,0.58148,2,transition
2.31804,0.84856,0,convective
0.71444,0.6568,2,transition
-0.02584,0.57128,2,transition
2.3876,0.64068,0,convective
1.16008,0.77484,2,transition
2.57456,0.77584,0,convective
3.55484,0.76484,0,convective
1.46508,0.81396,2,transition
0.8584,0.75996,2,transition
-1.53188,0.8946,2,transition
-3.13832,0.63452,1,stable
-0.76856,0.45644,2,transition
2.70536,0.50664,0,convective
3.00852,0.69688,0,convective
1.3486,0.63416,2,transition
3.39052,0.75296,0,convective
0.29608,0.7804,2,transition
0.42652,0.59524,2,transition
0.71816,0.64764,2,transition
3.67296,0.8094,0,convective
3.35372,0.4348,0,convective
3.29676,0.73264,0,convective
-15.20544,0.40696,1,stable
2.42424,0.72836,0,convective
2.3668,0.81148,0,convective
2.87792,0.78952,0,convective
2.09528,0.88764,0,convective
2.36248,0.77532,0,convective
-1.19592,1.0684,2,transition
-2.00312,0.47068,1,stable
-0.4922,0.60564,2,transition
1.37172,0.66448,2,transition
0.30052,0.40884,2,transition
-2.33512,0.07032,1,stable
0.49392,0.46212,2,transition
3.28668,0.54704,0,convective
3.90136,0.7488,0,convective
3.36968,0.77656,0,convective
5.19676,0.62596,0,convective
4.45752,0.78812,0,convective
3.56632,0.7074,0,convective
4.16736,0.78556,0,convective
4.38744,0.77832,0,convective
3.1634,0.4012,0,convective
3.53952,0.77796,0,convective
2.42848,0.79976,0,convective
5.31664,0.79944,0,convective
-1.01264,0.84156,2,transition
0.51184,0.24976,2,transition
0.93048,0.11604,2,transition
4.21536,0.31728,0,convective
1.72928,0.14068,0,convective
4.12156,0.228,0,convective
4.84016,0.3588,0,convective
5.49064,0.29388,0,convective
2.62856,0.10692,0,convective
4.589,0.42164,0,convective
4.8366,0.30756,0,convective
4.57704,0.5026,0,convective
4.00304,0.46352,0,convective
4.47536,0.41836,0,convective
6.52052,0.53384,0,convective
-0.22536,0.61636,2,transition
2.45032,0.31324,0,convective
6.57236,0.6858,0,convective
3.85864,-0.48672,0,convective
0.24024,-0.53596,2,transition
1.75956,-0.44792,0,convective
0.3172,-0.57796,2,transition
1.11348,-0.54312,2,transition
1.29324,-0.55248,2,transition
1.49476,-0.54644,2,transition
1.62212,-0.5402,2,transition
2.80568,-0.47732,0,convective
2.9876,-0.4848,0,convective
2.78008,-0.40176,0,convective
5.62408,-0.2948,0,convective
4.23208,-0.3414,0,convective
5.30296,-0.26144,0,convective
3.43532,-0.30828,0,convective
3.71552,-0.1852,0,convective
4.15768,-0.34008,0,convective
-1.49877,2.62959,2,transition
-1.34453,-1.31029,2,transition
-0.99985,-2.01553,2,transition
-1.23298,-1.34414,2,transition
-1.119965,-2.742085,2,transition
-1.26571,-3.15051,2,transition
-0.9773,-5.43946,2,transition
-0.94866,-5.48982,2,transition
-0.760335,-3.034055,2,transition
-1.00228,-2.42728,2,transition
-0.96534,-5.53906,2,transition
-1.11998,-3.24998,2,transition
-1.0591,-5.10438,2,transition
-1.05758,-3.9581,2,transition
-0.86256,-5.025,2,transition
-2.59305,-1.57743,1,stable
-3.45179,-2.086725,1,stable
-2.94362,-1.773705,1,stable
-2.919305,-1.774355,1,stable
-2.437445,-1.50329,1,stable
-2.93208,-1.773545,1,stable
-2.89003,-1.72879,1,stable
-2.86142,-1.78531,1,stable
-2.386495,-1.421155,1,stable
-3.038085,-1.82641,1,stable
-2.013625,-1.19457,1,stable
-2.848545,-1.8214,1,stable
-2.568305,-1.62612,1,stable
-2.074745,-1.322845,1,stable
-2.468475,-1.579665,1,stable
-2.119385,-1.267935,1,stable
-2.760845,-1.741695,1,stable
-3.517195,-2.220155,1,stable
-5.52354,-2.3468,1,stable
-5.82833,-2.43376,1,stable
-3.19053,-1.353135,1,stable
-5.32404,-2.154285,1,stable
-5.96565,-2.454995,1,stable
-4.66359,-1.975625,1,stable
-5.43244,-2.314005,1,stable
-3.90968,-1.666795,1,stable
-4.79483,-1.900605,1,stable
-3.83149,-1.559315,1,stable
-2.76851,-1.20677,1,stable
-4.28321,-1.845765,1,stable
-4.54419,-1.870345,1,stable
-7.49489,-3.37033,1,stable
-4.627,-1.905095,1,stable
-4.47318,-1.85894,1,stable
-3.89435,-1.656775,1,stable
-5.08733,-2.2907,1,stable
-9.30972,-2.68365,1,stable
-9.02669,-2.63304,1,stable
-8.82283,-2.52042,1,stable
-7.33743,-2.0616,1,stable
-7.25551,-2.16869,1,stable
-7.41581,-2.19606,1,stable
-5.92629,-1.65361,1,stable
-7.41472,-2.31584,1,stable
-7.03715,-2.17926,1,stable
-7.19026,-2.24928,1,stable
-6.68163,-2.09753,1,stable
-6.44838,-2.02104,1,stable
-7.22549,-2.27145,1,stable
-7.06131,-2.21836,1,stable
-7.09472,-2.32739,1,stable
-11.32236,-2.01264,1,stable
-11.05186,-2.02517,1,stable
-8.81318,-1.74067,1,stable
-9.53812,-1.61558,1,stable
-8.48952,-1.30388,1,stable
-5.94152,-0.97334,1,stable
-6.6304,-1.08137,1,stable
-4.98462,-0.79991,1,stable
-4.21664,-0.71076,1,stable
-8.32832,-1.59212,1,stable
-7.58636,-1.15129,1,stable
-7.37614,-1.41604,1,stable
-7.69218,-1.37952,1,stable
-8.36704,-1.16653,1,stable
-7.59334,-1.42718,1,stable
-7.5094,-1.02052,1,stable
-9.1718,-1.51983,1,stable
-9.21034,-1.87504,1,stable
-8.45634,-2.05642,1,stable
-8.65354,-2.1702,1,stable
-13.374,-2.05164,1,stable
-6.17852,-0.64702,1,stable
-10.30954,-1.52492,1,stable
-11.86346,-1.72994,1,stable
-9.82336,-1.22702,1,stable
-10.88104,-1.57068,1,stable
-8.7219,-1.1293,1,stable
-9.51434,-1.3197,1,stable
-7.485,-1.03696,1,stable
-9.61396,-1.43988,1,stable
-9.50416,-1.45218,1,stable
-7.2535,-0.98842,1,stable
-7.03996,-0.90428,1,stable
-6.68352,-0.88232,1,stable
-9.50154,-1.49232,1,stable
-9.48242,-1.40004,1,stable
-10.23688,-1.78054,1,stable
-11.15826,-1.98008,1,stable
-11.59664,-2.0278,1,stable
-9.66422,-1.35438,1,stable
-10.63984,-0.97644,1,stable
-11.44034,-1.19034,1,stable
-12.16346,-1.77478,1,stable
-11.05644,-1.55228,1,stable
-11.88,-1.56226,1,stable
-11.14106,-1.12988,1,stable
-8.7876,-1.36142,1,stable
-12.42564,-1.39852,1,stable
-12.04508,-1.6799,1,stable
-12.59122,-1.46326,1,stable
-12.62782,-1.29926,1,stable
-13.1608,-0.98684,1,stable
-15.70062,-1.58578,1,stable
-12.23706,-0.44762,1,stable
-11.31092,-0.53016,1,stable
-9.01432,-0.24008,1,stable
-13.06366,-1.55684,1,stable
-14.52744,-2.2946,1,stable
-10.77776,-0.8098,1,stable
-13.42554,-1.89244,1,stable
-12.61968,-1.57174,1,stable
-11.32748,-1.07376,1,stable
-11.33804,-1.04942,1,stable
-11.67218,-1.07316,1,stable
-12.27212,-0.54664,1,stable
-14.76164,-1.20754,1,stable
-10.91968,-0.24348,1,stable
-11.89624,-0.41886,1,stable
-11.58224,-0.674,1,stable
-12.79446,-0.52212,1,stable
-14.42742,-0.44618,1,stable
-12.92118,-0.45426,1,stable
-13.24966,-0.08886,1,stable
-12.2071,0.02996,1,stable
-7.55536,-0.17372,1,stable
-11.006,-0.0001,1,stable
-12.71074,-0.03868,1,stable
-11.40654,-0.05418,1,stable
-10.38386,0.37112,1,stable
-10.08796,0.24368,1,stable
-11.37142,-0.07706,1,stable
-11.33558,-0.10426,1,stable
-8.53926,0.60994,1,stable
-12.13882,0.00844,1,stable
-13.26156,-0.00018,1,stable
-12.95254,0.10832,1,stable
-11.19024,0.11608,1,stable
-12.53334,0.26112,1,stable
-13.4285,0.48854,1,stable
-12.20332,0.55508,1,stable
-12.08529,0.48149,1,stable
-11.02407,0.64603,1,stable
-8.48931,0.56891,1,stable
-4.90633,0.33707,1,stable
-11.04343,0.37615,1,stable
-10.26575,0.63451,1,stable
-8.04619,0.56261,1,stable
-10.64317,0.65385,1,stable
-7.80775,0.51851,1,stable
-11.48295,0.65587,1,stable
-10.75149,0.78293,1,stable
-22.69729,0.20693,1,stable
-12.56289,0.69867,1,stable
-10.20641,1.01171,1,stable
-13.01145,1.03703,1,stable
-10.21637,0.92749,1,stable
-8.38047,0.87275,1,stable
-10.88621,0.81147,1,stable
-11.48073,0.60456,1,stable
-13.84677,0.65162,1,stable
-14.13631,0.64156,1,stable
-12.11769,0.61706,1,stable
-6.48727,0.52394,1,stable
-10.46583,0.5776,1,stable
-10.90875,0.68838,1,stable
-13.23925,0.7214,1,stable
-10.63317,0.75466,1,stable
-7.40223,0.64396,1,stable
-10.16941,0.84272,1,stable
-6.80799,0.88608,1,stable
-11.70499,0.8579,1,stable
-9.27575,0.93268,1,stable
-7.10845,0.94676,1,stable
-11.71793,0.9433,1,stable
-10.02621,1.02818,1,stable
-10.37131,0.79002,1,stable
-8.41756,0.47419,1,stable
-7.31346,0.64731,1,stable
-8.53544,0.52415,1,stable
-9.83304,0.57089,1,stable
-8.8574,0.77267,1,stable
-9.31592,0.73021,1,stable
-5.94132,0.70781,1,stable
-10.76788,0.95005,1,stable
-13.3528,0.98355,1,stable
-9.57951,0.63753,1,stable
-7.27671,0.40517,1,stable
-4.22989,0.35663,1,stable
-10.60307,0.82309,1,stable
-8.83541,0.71449,1,stable
-10.54017,0.78253,1,stable
-11.05925,0.65531,1,stable
-9.37605,0.83029,1,stable
-9.48763,0.90097,1,stable
-6.99391,0.82347,1,stable
-5.07393,0.67199,1,stable
-6.60967,0.95139,1,stable
-8.95671,0.72737,1,stable
-8.28209,0.63207,1,stable
-8.91878,0.53159,1,stable
-8.115,0.42107,1,stable
-7.4194,0.59761,1,stable
-6.66032,0.54223,1,stable
-7.79018,0.77341,1,stable
-7.29212,0.76165,1,stable
-5.6825,0.72725,1,stable
-11.68566,0.69025,1,stable
-6.53232,0.58541,1,stable
-6.96376,1.04239,1,stable
-9.28094,1.06797,1,stable
-4.10349,0.88553,1,stable
-8.79393,0.60077,1,stable
-5.12689,0.25149,1,stable
-5.44157,-0.10661,1,stable
-6.99389,0.79629,1,stable
-7.11541,0.63277,1,stable
-7.63777,0.82329,1,stable
-5.71885,0.70655,1,stable
-4.62065,0.67059,1,stable
-6.62001,0.68143,1,stable
-10.75457,0.61765,1,stable
-4.44257,0.66371,1,stable
-16.37989,0.65561,1,stable
-5.69361,0.77245,1,stable
-7.52349,0.84943,1,stable
-7.84757,0.89671,1,stable
-8.84729,0.89619,1,stable
-6.00277,0.52955,1,stable
-4.90901,0.85997,1,stable
-10.19829,0.53852,1,stable
-11.16597,0.54968,1,stable
-11.93269,0.57304,1,stable
-11.71145,0.6314,1,stable
-9.13057,0.5678,1,stable
-8.45357,0.46104,1,stable
-11.16833,0.60756,1,stable
-8.05297,0.70512,1,stable
-7.13697,0.4972,1,stable
-10.26117,0.70948,1,stable
-6.08721,0.52068,1,stable
-7.60993,0.71912,1,stable
-7.89369,0.63128,1,stable
-7.86497,0.7504,1,stable
-7.05697,0.57596,1,stable
-7.04805,0.69068,1,stable
-5.89749,0.677,1,stable
-4.41277,0.60424,1,stable
-3.04493,0.68136,1,stable
-7.15569,0.4772,1,stable
-8.88865,0.74092,1,stable
-8.53881,0.76676,1,stable
-7.09101,0.78052,1,stable
-3.05141,0.74112,1,stable
-6.58821,0.7574,1,stable
-5.70501,0.83084,1,stable
-3.98485,0.82056,1,stable
-5.58093,0.54176,1,stable
-3.09765,0.74312,1,stable
-4.98297,0.97624,1,stable
-4.56609,0.97684,1,stable
-6.99853,0.705,1,stable
-9.97704,0.55169,1,stable
-12.56928,0.68769,1,stable
-4.7436,0.50457,1,stable
-6.6482,0.48877,1,stable
-5.17432,0.66101,1,stable
-6.03808,0.66905,1,stable
-5.83624,0.63537,1,stable
-6.24372,0.67265,1,stable
-6.39612,0.49893,1,stable
-6.01372,0.71281,1,stable
-7.58648,0.39481,1,stable
-6.36316,0.72785,1,stable
-1.62912,0.46161,2,transition
-3.7518,0.42397,1,stable
-4.59032,0.73249,1,stable
-3.2362,0.74865,1,stable
-6.91,0.86049,1,stable
-5.10708,0.47385,1,stable
-6.24008,0.98005,1,stable
-6.61876,0.48217,1,stable
-6.84616,0.42553,1,stable
-7.90892,0.3914,1,stable
-6.2358,0.46508,1,stable
-7.37196,0.48248,1,stable
-7.60432,0.39484,1,stable
-11.95432,0.61496,1,stable
-5.2172,0.53848,1,stable
-6.02788,0.55948,1,stable
-5.434,0.60408,1,stable
-6.53816,0.65488,1,stable
-4.82284,0.68656,1,stable
-3.5064,0.59792,1,stable
-5.41288,0.62416,1,stable
-5.25248,0.59576,1,stable
-5.68568,0.51088,1,stable
-4.26792,0.52504,1,stable
-4.85868,0.6398,1,stable
-5.36112,0.53536,1,stable
-6.54484,0.76016,1,stable
-4.60816,0.49892,1,stable
-7.97652,0.46728,1,stable
-4.06668,0.30204,1,stable
-11.3358,0.61852,1,stable
-3.34164,0.4996,1,stable
-3.45244,0.0284,1,stable
-3.90684,-0.02712,1,stable
-5.73952,0.6384,1,stable
-2.92044,0.71304,1,stable
-5.52252,0.53776,1,stable
-6.77952,0.44136,1,stable
-6.131,0.4928,1,stable
-2.24344,0.39544,1,stable
-5.06176,0.70132,1,stable
-2.15056,0.52356,1,stable
-1.88624,0.8036,1,stable
-9.41064,0.48316,1,stable
-9.43444,0.58608,1,stable
-5.37776,0.4032,1,stable
-5.46904,0.35032,1,stable
-6.96524,0.53368,1,stable
-3.25972,0.46968,1,stable
-3.70768,0.5376,1,stable
-4.89288,0.5792,1,stable
-5.692,0.38072,1,stable
-3.38344,0.64692,1,stable
-4.9296,0.60476,1,stable
-5.17248,0.38148,1,stable
-3.68776,0.27168,1,stable
-4.58832,0.55112,1,stable
-7.04176,0.24512,1,stable
-1.9852,0.43692,1,stable
-5.26752,0.59056,1,stable
-7.2514,0.28196,1,stable
-5.5976,0.42148,1,stable
-6.53228,0.28,1,stable
-8.0722,0.56988,1,stable
-3.99772,0.29216,1,stable
-4.91728,0.49916,1,stable
-4.66656,0.13144,1,stable
-4.51528,0.56512,1,stable
-4.67892,0.49868,1,stable
-3.83796,0.588,1,stable
-7.63344,0.3296,1,stable
-0.63248,0.7688,2,transition
-1.1784,0.59252,2,transition
-7.64596,0.37812,1,stable
0.71096,0.57576,2,transition
-2.69416,0.34088,1,stable
1.50876,0.57288,2,transition
-6.22484,0.30756,1,stable
-4.20184,0.46308,1,stable
-2.40996,0.39644,1,stable
-4.31644,0.21916,1,stable
-4.52644,0.12484,1,stable
-3.09632,0.55576,1,stable
-3.07616,0.0336,1,stable
-3.53248,0.22212,1,stable
-0.33072,0.55136,2,transition
-3.90988,0.34504,1,stable
-3.11796,0.49456,1,stable
0.05684,0.65444,2,transition
-1.2728,0.31232,2,transition
-3.15532,0.88608,1,stable
-7.62684,0.01912,1,stable
-4.14668,-0.044,1,stable
-5.64828,0.01444,1,stable
-4.33376,-0.01732,1,stable
-2.691,-0.09412,1,stable
-1.38868,0.06056,2,transition
-2.2272,0.1084,1,stable
-3.26864,-0.05012,1,stable
-7.45404,-0.01688,1,stable
-4.9002,0.03192,1,stable
-0.25004,0.28528,2,transition
-2.6998,0.273,1,stable
-2.60224,0.31572,1,stable
-8.74384,-0.5328,1,stable
-8.24376,-0.61692,1,stable
-4.79156,-0.64488,1,stable
-5.10464,-0.59344,1,stable
-5.68796,-0.51732,1,stable
-5.31264,-0.58752,1,stable
-2.90432,-0.61004,1,stable
-7.13212,-0.5378,1,stable
-5.50904,-0.5714,1,stable
-3.40116,-0.49116,1,stable
-4.07116,-0.6674,1,stable
-2.27276,-0.6438,1,stable
-5.0206,-0.48448,1,stable
-3.57588,-0.65364,1,stable
-6.52372,-0.66876,1,stable
-1.56984,-0.59052,2,transition
-2.31764,-0.4724,1,stable
-0.23636,-0.53252,2,transition
-3.77596,-0.682,1,stable
-1.131825,4.556135,2,transition
-1.2448575,2.2069425,2,transition
-0.8985975,6.3214025,2,transition
-1.3454775,3.2331625,2,transition
-1.085325,2.462995,2,transition
-1.44253,1.44611,2,transition
-1.5094675,2.3681325,2,transition
-1.4406575,3.5159825,2,transition
-1.3023075,3.0234525,2,transition
-1.3231225,1.1418775,2,transition
-1.32108,6.69248,2,transition
-1.456265,0.018295,2,transition
-1.4902175,-0.0930975,2,transition
-1.39625,-1.47917,2,transition
-1.016575,3.978745,2,transition
-1.32852,2.82652,2,transition
-1.488085,0.741795,2,transition
-1.56326,-1.0563,2,transition
-1.32563,-1.08927,2,transition
-1.823835,-0.077115,1,stable
-3.59267,-2.136365,1,stable
-3.333765,-2.0856025,1,stable
-3.014175,-1.83336,1,stable
-3.355495,-2.02552,1,stable
-3.410565,-2.0530575,1,stable
-2.082285,-1.1836875,1,stable
-3.966245,-2.399535,1,stable
-3.03231,-1.8275775,1,stable
-3.5898,-2.14486,1,stable
-3.74752,-2.22978,1,stable
-4.292595,-2.6633925,1,stable
-3.26578,-1.9426575,1,stable
-3.673195,-2.2091675,1,stable
-3.740065,-2.2547,1,stable
-3.15448,-1.8810625,1,stable
-3.931175,-2.5650775,1,stable
-7.18148,-3.005365,1,stable
-6.39566,-2.756925,1,stable
-5.92665,-2.473885,1,stable
-5.25919,-2.174375,1,stable
-6.09391,-2.579435,1,stable
-4.09988,-1.6736,1,stable
-6.54267,-2.69676,1,stable
-5.29883,-2.343795,1,stable
-4.07074,-1.798475,1,stable
-6.33237,-2.725065,1,stable
-3.3472,-1.54778,1,stable
-6.22271,-2.693925,1,stable
-6.58028,-2.91612,1,stable
-5.9899,-2.779045,1,stable
-5.0464,-2.334055,1,stable
-4.43741,-2.04028,1,stable
-10.13533,-3.36516,1,stable
-9.80878,-3.24243,1,stable
-9.93671,-3.25742,1,stable
-9.44369,-3.04803,1,stable
-8.98835,-2.86142,1,stable
-6.78514,-2.1902,1,stable
-8.65158,-2.79008,1,stable
-7.02975,-2.26082,1,stable
-8.2487,-2.48229,1,stable
-9.12203,-2.82097,1,stable
-8.16517,-2.65545,1,stable
-8.6815,-2.77117,1,stable
-9.02194,-2.86875,1,stable
-9.02579,-2.86397,1,stable
-6.00372,-1.95811,1,stable
-8.58357,-2.64232,1,stable
-9.07067,-2.96854,1,stable
-7.98958,-2.60333,1,stable
-8.20019,-2.70171,1,stable
-8.79207,-2.87263,1,stable
-10.96682,-3.33364,1,stable
-11.00272,-2.53123,1,stable
-13.00966,-2.9924,1,stable
-11.90548,-3.00277,1,stable
-10.80894,-2.23318,1,stable
-8.51822,-1.73308,1,stable
-11.21864,-2.79023,1,stable
-10.28404,-2.49864,1,stable
-11.0049,-2.34819,1,stable
-12.62984,-3.04355,1,stable
-13.39914,-3.30379,1,stable
-9.96684,-2.45538,1,stable
-11.6261,-2.849,1,stable
-11.1408,-2.884,1,stable
-12.24082,-2.8255,1,stable
-9.74156,-2.47988,1,stable
-15.88883,-2.84899,1,stable
-14.84921,-2.54481,1,stable
-12.31609,-1.78601,1,stable
-12.20997,-1.87197,1,stable
-16.84563,-2.91757,1,stable
-14.08003,-2.65543,1,stable
-14.13387,-2.32865,1,stable
-15.20555,-2.38093,1,stable
-8.11571,-1.64075,1,stable
-15.72871,-3.24199,1,stable
-15.26923,-3.33795,1,stable
-12.34231,-2.73389,1,stable
-10.74821,-2.43427,1,stable
-13.41455,-2.88291,1,stable
-18.69683,-3.76445,1,stable
-21.33205,-4.28447,1,stable
-19.77092,-3.41467,1,stable
-15.4633,-2.12465,1,stable
-15.40916,-3.06575,1,stable
-15.42368,-2.19651,1,stable
-15.95282,-1.50703,1,stable
-17.87208,-2.78735,1,stable
-17.58926,-1.81481,1,stable
-15.13036,-2.49375,1,stable
-17.26828,-2.89923,1,stable
-19.3311,-3.25953,1,stable
-19.62486,-3.45701,1,stable
-15.02154,-2.49771,1,stable
-19.55812,-3.44885,1,stable
-17.23752,-1.95019,1,stable
-18.51818,-3.23553,1,stable
-23.2463,-3.55553,1,stable
-19.43732,-2.35169,1,stable
-20.18258,-2.82314,1,stable
-17.85688,-1.54352,1,stable
-20.3056,-1.22524,1,stable
-21.2005,-2.23292,1,stable
-23.47862,-3.28974,1,stable
-20.70184,-3.23998,1,stable
-19.46032,-2.86036,1,stable
-17.0678,-0.61442,1,stable
-20.29628,-2.71732,1,stable
-17.8057,-2.0245,1,stable
-20.11756,-2.5117,1,stable
-21.59448,-2.74044,1,stable
-19.4464,-2.39744,1,stable
-13.98684,-1.42684,1,stable
-14.54178,-1.46986,1,stable
-15.26554,-1.41926,1,stable
-23.44042,-1.59808,1,stable
-21.84064,-1.65806,1,stable
-20.2458,0.10676,1,stable
-9.42956,-0.7455,1,stable
-19.7037,-1.0741,1,stable
-18.21222,-1.11892,1,stable
-16.62922,-0.71436,1,stable
-18.55816,-1.14992,1,stable
-18.08246,-1.01466,1,stable
-20.30552,-0.5439,1,stable
-19.71896,-0.60814,1,stable
-19.08204,-1.1312,1,stable
-20.87094,-1.02684,1,stable
-18.07508,-1.43524,1,stable
-18.03304,-1.3723,1,stable
-16.99972,-1.39552,1,stable
-25.2614,-0.3294,1,stable
-23.45207,0.31935,1,stable
-13.72727,-0.72577,1,stable
-10.13063,-0.62701,1,stable
-15.52637,0.32789,1,stable
-19.55915,0.28557,1,stable
-19.02749,-0.09607,1,stable
-20.19685,0.15937,1,stable
-20.93969,-0.25203,1,stable
-20.66381,-0.17141,1,stable
-21.92957,0.12087,1,stable
-17.53321,0.32033,1,stable
-16.39815,-0.13287,1,stable
-16.49105,0.3551,1,stable
-19.44361,0.11554,1,stable
-16.91359,0.47642,1,stable
-19.35261,0.10528,1,stable
-17.79963,0.39324,1,stable
-13.24139,-0.28772,1,stable
-19.61445,0.18136,1,stable
-30.35775,0.27026,1,stable
-21.54203,0.12966,1,stable
-16.33019,0.31998,1,stable
-24.51771,-0.06164,1,stable
-20.95117,-0.00084,1,stable
-21.25495,-0.04028,1,stable
-17.37064,0.38679,1,stable
-20.00012,0.36621,1,stable
-14.36092,-0.05815,1,stable
-15.33176,0.15181,1,stable
-20.98298,0.28911,1,stable
-16.43806,0.05299,1,stable
-15.41894,0.20443,1,stable
-18.9136,0.11757,1,stable
-14.12522,-0.03833,1,stable
-17.41318,0.07873,1,stable
-18.48968,0.42721,1,stable
-28.32308,0.31943,1,stable
-20.17048,0.48125,1,stable
-21.1552,0.38683,1,stable
-17.8048,0.09261,1,stable
-20.61542,0.27407,1,stable
-16.63712,0.47051,1,stable
-18.12149,0.38575,1,stable
-20.02773,0.35779,1,stable
-21.51725,0.34367,1,stable
-13.77877,0.14625,1,stable
-15.82291,0.30369,1,stable
-17.04091,0.37787,1,stable
-14.06709,0.25033,1,stable
-21.49401,0.35803,1,stable
-19.03103,0.28477,1,stable
-20.22223,0.24383,1,stable
-19.57929,0.40785,1,stable
-21.66815,0.25191,1,stable
-17.64611,0.15869,1,stable
-24.35983,0.29031,1,stable
-20.61087,0.28303,1,stable
-22.5392,0.16385,1,stable
-19.4805,0.00497,1,stable
-20.28816,0.17047,1,stable
-18.4393,0.05831,1,stable
-18.87902,0.26981,1,stable
-15.80166,0.29633,1,stable
-16.38604,0.29111,1,stable
-19.4517,0.18741,1,stable
-16.29046,0.25121,1,stable
-19.95772,0.26451,1,stable
-17.34698,0.29913,1,stable
-24.11698,0.24285,1,stable
-24.51694,0.24739,1,stable
-22.60312,0.40751,1,stable
-17.41199,-0.04561,1,stable
-15.61543,0.02971,1,stable
-21.29701,0.15339,1,stable
-14.85971,-0.01695,1,stable
-18.37775,0.27635,1,stable
-18.34497,0.19199,1,stable
-18.42829,0.20613,1,stable
-18.63179,0.18643,1,stable
-17.15861,0.16871,1,stable
-16.19987,0.16329,1,stable
-17.12877,0.23791,1,stable
-19.11977,0.24127,1,stable
-18.51407,0.29777,1,stable
-17.24719,0.06217,1,stable
-14.64949,-0.03543,1,stable
-19.00741,0.24639,1,stable
-18.46519,0.25199,1,stable
-19.00611,0.14391,1,stable
-16.82213,0.28113,1,stable
-21.43521,0.28877,1,stable
-22.25019,0.16413,1,stable
-17.08553,0.26145,1,stable
-21.39491,0.09187,1,stable
-12.96785,0.32835,1,stable
-22.8128,0.27299,1,stable
-20.6614,0.22867,1,stable
-17.4041,0.00789,1,stable
-21.08246,0.21455,1,stable
-14.93846,0.06807,1,stable
-16.20192,0.22765,1,stable
-18.12214,0.21517,1,stable
-17.44522,0.22027,1,stable
-17.07846,0.11307,1,stable
-14.58462,-0.16717,1,stable
-19.04846,0.13825,1,stable
-15.41528,0.06267,1,stable
-20.1114,0.23151,1,stable
-20.10792,0.16379,1,stable
-18.82694,0.10167,1,stable
-23.00506,0.43805,1,stable
-24.47072,0.38661,1,stable
-21.28824,0.10667,1,stable
-23.29608,0.29667,1,stable
-15.14296,-0.09208,1,stable
-14.8238,-0.01156,1,stable
-19.49276,0.19834,1,stable
-18.16696,0.17876,1,stable
-16.9682,0.07756,1,stable
-15.6292,0.05696,1,stable
-17.90584,0.2163,1,stable
-13.5108,0.08694,1,stable
-17.57048,0.22746,1,stable
-16.72592,0.0675,1,stable
-20.33384,0.25368,1,stable
-19.9506,0.12778,1,stable
-19.32996,0.08286,1,stable
-19.80396,0.2563,1,stable
-18.33692,0.06578,1,stable
-24.212,0.66228,1,stable
-22.87472,0.61916,1,stable
-18.69348,0.17532,1,stable
-15.34672,0.21872,1,stable
-15.28936,0.14156,1,stable
-16.96448,0.16724,1,stable
-17.93472,0.16088,1,stable
-18.20516,0.13032,1,stable
-15.44524,0.27788,1,stable
-14.83484,0.1828,1,stable
-18.01948,0.22508,1,stable
-19.12268,0.18932,1,stable
-16.257,0.05956,1,stable
-21.27936,0.2332,1,stable
-15.194,0.26968,1,stable
-15.83688,0.21968,1,stable
-14.8566,-0.11548,1,stable
-17.97788,0.19724,1,stable
-15.2156,0.10752,1,stable
-17.81736,0.3068,1,stable
-26.00836,0.28308,1,stable
-19.50964,0.31976,1,stable
-19.58456,0.3896,1,stable
-17.66024,0.3742,1,stable
-20.84476,0.36892,1,stable
-15.53992,0.52152,1,stable
-21.46164,1.02792,1,stable
-15.26276,0.27116,1,stable
-13.44908,0.3016,1,stable
-17.35036,0.19088,1,stable
-18.93292,0.35824,1,stable
-17.66872,0.3296,1,stable
-19.36548,0.3516,1,stable
-17.6726,0.33088,1,stable
-17.74392,0.20508,1,stable
-15.09744,0.4098,1,stable
-21.12084,0.64224,1,stable
-20.90996,0.67912,1,stable
-18.85176,0.59372,1,stable
-17.86644,0.51352,1,stable
-22.11432,0.13824,1,stable
-17.65816,0.05976,1,stable
-19.63212,0.14664,1,stable
-20.46172,0.1502,1,stable
-18.92416,0.17348,1,stable
-16.09364,0.069,1,stable
-12.84344,-0.30924,1,stable
-16.6686,0.2318,1,stable
-15.53968,0.25032,1,stable
-18.5608,0.37212,1,stable
-20.5746,0.37296,1,stable
-15.01636,-0.09248,1,stable
-13.57488,0.05184,1,stable
-14.81124,-0.04804,1,stable
-16.81596,0.5936,1,stable
-17.60668,0.3886,1,stable
-28.78788,0.3328,1,stable
-17.29308,0.45084,1,stable
-17.15824,0.7082,1,stable
-14.45688,0.6996,1,stable
-21.30848,1.14484,1,stable
-21.3612,0.0566,1,stable
-19.42088,0.06504,1,stable
-19.58568,0.04644,1,stable
-18.35676,0.05268,1,stable
-15.50984,-0.21168,1,stable
-14.90552,0.02456,1,stable
-12.85216,0.35192,1,stable
-13.56068,-0.09168,1,stable
-17.09932,0.23556,1,stable
-16.60356,0.024,1,stable
-16.78788,0.38864,1,stable
-15.64644,0.39784,1,stable
-17.48584,0.3924,1,stable
-17.005,0.37044,1,stable
-17.62476,0.54596,1,stable
-18.70552,0.55816,1,stable
-17.76428,0.62728,1,stable
-17.00528,0.408,1,stable
-19.00032,0.95856,1,stable
-18.41716,1.04724,1,stable
-19.96152,0.06092,1,stable
-17.079,0.03836,1,stable
-17.90076,0.0254,1,stable
-18.77956,0.14808,1,stable
-14.42928,0.05972,1,stable
-16.42516,0.36272,1,stable
-15.63072,0.38652,1,stable
-13.31192,-0.04684,1,stable
-15.8066,0.32936,1,stable
-15.44208,0.62116,1,stable
-16.02356,0.7898,1,stable
-20.39268,0.95376,1,stable
-20.12332,-0.01996,1,stable
-19.27424,-0.1118,1,stable
-16.60916,-0.00808,1,stable
-15.76304,0.01424,1,stable
-16.01376,-0.10764,1,stable
-15.54916,0.05444,1,stable
-16.0106,-0.05984,1,stable
-16.11512,-0.08376,1,stable
-15.38848,0.1622,1,stable
-24.14932,0.16484,1,stable
-23.4666,0.15168,1,stable
-17.16932,-0.03764,1,stable
-17.65184,-4e-05,1,stable
-28.11752,-0.053,1,stable
-14.36196,-0.03668,1,stable
-17.92936,0.09364,1,stable
-19.34772,0.36912,1,stable
-16.53076,0.43236,1,stable
-14.24032,0.36048,1,stable
-17.23804,0.36412,1,stable
-16.95316,-0.44096,1,stable
-17.17144,-0.60728,1,stable
-15.43648,-0.42576,1,stable
-16.76768,-0.66232,1,stable
-17.73044,-0.65096,1,stable
-17.7482,-0.6614,1,stable
-15.84712,-0.51644,1,stable
-14.20732,-0.47688,1,stable
-15.10572,-0.39468,1,stable
-19.89848,-0.66672,1,stable
-1.30751,19.05745,2,transition
-1.1062475,15.9322325,2,transition
-0.9902425,14.9687975,2,transition
-1.30736,15.97248,2,transition
-0.9538175,13.9437425,2,transition
-1.241495,15.629105,2,transition
-1.5023125,14.9036075,2,transition
-0.90203,15.56489,2,transition
-1.0927475,17.2538125,2,transition
-1.0312475,16.3675125,2,transition
-1.161715,15.973005,2,transition
-0.891445,15.702555,2,transition
-0.74175,16.26385,2,transition
-1.3517925,15.3686075,2,transition
-0.9298575,17.1041025,2,transition
-1.276945,16.696295,2,transition
-1.1768925,13.5229475,2,transition
-1.4103325,16.1027075,2,transition
-2.645995,-1.9300625,1,stable
-3.50195,-2.2510125,1,stable
-2.331955,-1.6240875,1,stable
-2.455885,-1.681315,1,stable
-2.705345,-1.7151025,1,stable
-3.734025,-2.4019175,1,stable
-3.9298,-2.512715,1,stable
-2.547935,-1.7328025,1,stable
-4.302375,-2.80042,1,stable
-3.593715,-2.3323775,1,stable
-2.6892,-1.78717,1,stable
-3.279855,-2.1871075,1,stable
-2.087725,-1.351045,1,stable
-3.068445,-2.06748,1,stable
-3.611715,-2.391735,1,stable
-1.77428,-1.03236,1,stable
-2.772485,-1.7109375,1,stable
-5.63963,-2.993635,1,stable
-6.5063,-3.084435,1,stable
-5.75708,-2.65583,1,stable
-4.84332,-2.429455,1,stable
-4.72785,-2.077475,1,stable
-6.93613,-3.06049,1,stable
-7.54874,-3.259895,1,stable
-6.65915,-2.92384,1,stable
-4.81681,-2.42015,1,stable
-6.15319,-2.755085,1,stable
-6.88594,-3.05618,1,stable
-6.74778,-2.96543,1,stable
-4.50736,-2.20483,1,stable
-6.1789,-2.783715,1,stable
-6.49831,-3.02502,1,stable
-5.01948,-2.64791,1,stable
-5.34534,-2.735595,1,stable
-7.23921,-3.26258,1,stable
-7.69843,-3.365595,1,stable
-7.61128,-3.42209,1,stable
-9.78211,-3.50015,1,stable
-8.45761,-2.78766,1,stable
-7.23625,-2.39293,1,stable
-6.34952,-1.97531,1,stable
-7.43202,-2.47262,1,stable
-7.38638,-2.40963,1,stable
-10.3671,-3.37237,1,stable
-9.71876,-3.16605,1,stable
-12.29214,-4.05367,1,stable
-10.75246,-3.53205,1,stable
-10.10319,-3.21203,1,stable
-8.90972,-3.11714,1,stable
-9.48872,-3.09003,1,stable
-9.64026,-3.35907,1,stable
-10.90529,-3.82127,1,stable
-12.46286,-4.20432,1,stable
-11.17829,-2.73559,1,stable
-13.06531,-3.30507,1,stable
-12.89535,-3.14789,1,stable
-12.44895,-2.97385,1,stable
-12.23469,-2.65311,1,stable
-11.63919,-2.71019,1,stable
-9.88289,-2.55549,1,stable
-14.54105,-3.41227,1,stable
-18.13479,-4.37337,1,stable
-12.12493,-2.90243,1,stable
-12.56765,-3.07893,1,stable
-12.11121,-3.01216,1,stable
-12.63481,-3.13254,1,stable
-13.21447,-3.41314,1,stable
-13.70429,-3.61831,1,stable
-13.38591,-2.54012,1,stable
-15.69217,-2.61778,1,stable
-16.16231,-2.69496,1,stable
-10.64819,-1.727,1,stable
-17.87673,-3.45522,1,stable
-12.24543,-2.36254,1,stable
-14.79197,-2.79188,1,stable
-13.66469,-2.58762,1,stable
-15.82647,-3.71526,1,stable
-16.75143,-3.69312,1,stable
-13.91583,-2.66306,1,stable
-12.00961,-2.29904,1,stable
-17.05615,-2.96678,1,stable
-20.60817,-3.13842,1,stable
-19.50137,-2.44182,1,stable
-16.77651,-2.7596,1,stable
-17.91455,-3.0631,1,stable
-14.64519,-2.13548,1,stable
-18.59131,-3.23014,1,stable
-19.67113,-3.32674,1,stable
-15.97449,-2.30588,1,stable
-12.80041,-2.15222,1,stable
-19.45821,-3.59254,1,stable
-12.17811,-1.83376,1,stable
-18.04111,-3.15416,1,stable
-20.85689,-4.29768,1,stable
-27.19419,-4.63906,2,transition
-17.26175,-2.93722,1,stable
-21.96357,-4.0607,1,stable
-14.85863,-2.302,1,stable
-19.39783,-3.0807,1,stable
-22.79011,-3.8456,1,stable
-24.72943,-3.9185,1,stable
-21.98671,-3.21368,1,stable
-17.2784,-0.87071,1,stable
-18.91136,-1.78257,1,stable
-22.77412,-2.43603,1,stable
-21.8618,-2.36043,1,stable
-18.25994,-1.73255,1,stable
-15.71216,-0.51047,1,stable
-20.05158,-2.13703,1,stable
-15.5819,-0.97523,1,stable
-14.6811,-0.78257,1,stable
-20.27942,-2.06067,1,stable
-19.23276,-1.79407,1,stable
-23.0735,-2.15233,1,stable
-27.13316,-2.20341,1,stable
-25.16206,-2.01841,1,stable
-23.7564,-1.76969,1,stable
-24.28199,-0.41797,1,stable
-23.57175,-2.02203,1,stable
-19.92251,-1.79787,1,stable
-17.85423,0.35951,1,stable
-22.25219,-0.07821,1,stable
-21.05651,-1.26113,1,stable
-13.64755,0.64003,1,stable
-22.90019,-0.12607,1,stable
-15.79987,-1.71625,1,stable
-16.28735,-0.19817,1,stable
-21.49527,-0.36773,1,stable
-14.39935,-0.55417,1,stable
-20.39491,-0.39185,1,stable
-22.93747,-1.13001,1,stable
-21.93875,-0.64185,1,stable
-17.08027,-0.78871,1,stable
-28.09787,-1.10815,1,stable
-22.25823,-1.19261,1,stable
-24.86665,0.19002,1,stable
-23.34121,0.06522,1,stable
-23.65513,-0.08338,1,stable
-23.79337,-0.22958,1,stable
-21.91045,0.34174,1,stable
-22.51285,0.32922,1,stable
-22.29925,0.1985,1,stable
-18.75589,0.17298,1,stable
-18.40889,0.08806,1,stable
-18.22361,0.01346,1,stable
-21.35953,-0.03402,1,stable
-23.73993,0.3095,1,stable
-21.62221,-0.0379,1,stable
-26.33053,0.92614,1,stable
-27.16581,0.77414,1,stable
-23.1221,0.35587,1,stable
-17.0665,0.47643,1,stable
-22.1771,0.49607,1,stable
-15.32522,0.24299,1,stable
-16.76242,0.62595,1,stable
-13.65646,0.55523,1,stable
-19.7321,0.54863,1,stable
-15.27134,0.56327,1,stable
-19.00598,0.48323,1,stable
-20.80274,0.35531,1,stable
-23.37298,0.36695,1,stable
-19.49254,0.46475,1,stable
-23.00794,0.21507,1,stable
-15.85282,0.61955,1,stable
-18.03102,0.64588,1,stable
-21.82954,0.55,1,stable
-19.32986,0.1884,1,stable
-13.27058,0.67132,1,stable
-21.25498,0.67788,1,stable
-19.50966,0.32704,1,stable
-13.07834,0.57812,1,stable
-18.94198,0.30356,1,stable
-15.08374,-0.14308,1,stable
-14.61234,0.32652,1,stable
-21.01798,0.398,1,stable
-24.20474,0.13044,1,stable
-14.77122,0.6762,1,stable
-24.79142,0.01752,1,stable
-23.4353,0.25144,1,stable
-19.50902,0.05008,1,stable
-20.9199,0.42588,1,stable
-23.71098,0.05652,1,stable
-21.7931,0.01692,1,stable
-21.16918,0.4296,1,stable
-26.75286,0.02976,1,stable
-23.47014,0.01588,1,stable
-17.34086,0.63352,1,stable
-18.7089,0.55768,1,stable
-25.55506,0.08944,1,stable
-21.09327,0.57087,1,stable
-23.58699,0.47923,1,stable
-18.89943,0.37467,1,stable
-14.16639,0.54279,1,stable
-21.40767,0.01443,1,stable
-23.60543,0.04191,1,stable
-23.58915,0.00311,1,stable
-17.23647,0.41331,1,stable
-22.38135,0.28295,1,stable
-21.97311,0.04491,1,stable
-18.36459,0.53175,1,stable
-21.95723,0.02367,1,stable
-20.71035,0.45883,1,stable
-26.67271,0.47343,1,stable
-21.79582,0.42485,1,stable
-19.26258,0.65689,1,stable
-21.2873,0.47873,1,stable
-12.05546,0.59061,1,stable
-17.90618,0.46301,1,stable
-21.69366,0.31037,1,stable
-13.0011,0.31441,1,stable
-22.17022,0.25897,1,stable
-24.42686,0.25897,1,stable
-13.76902,0.44209,1,stable
-20.08694,0.37869,1,stable
-22.2483,0.40253,1,stable
-20.41038,0.21809,1,stable
-20.05429,0.47173,1,stable
-12.26717,0.29097,1,stable
-18.78685,0.39273,1,stable
-15.89553,0.34593,1,stable
-19.27605,0.19477,1,stable
-21.61973,0.24453,1,stable
-22.74937,0.15829,1,stable
-15.31149,0.52061,1,stable
-20.73041,0.36421,1,stable
-19.16533,0.21165,1,stable
-19.42608,0.33809,1,stable
-11.53328,0.27261,1,stable
-11.27604,0.23677,1,stable
-17.65204,0.31977,1,stable
-14.32736,0.19557,1,stable
-23.03172,0.20981,1,stable
-20.80672,0.27401,1,stable
-20.04536,0.42237,1,stable
-22.57204,0.32661,1,stable
-15.67032,0.75477,1,stable
-22.39076,0.84361,1,stable
-19.87992,0.1182,1,stable
-19.232,0.19408,1,stable
-17.05928,0.16452,1,stable
-12.13252,0.16708,1,stable
-19.32588,0.25332,1,stable
-22.756,0.27572,1,stable
-13.25896,-0.05532,1,stable
-15.26004,0.29604,1,stable
-18.9072,0.1916,1,stable
-23.23752,0.33784,1,stable
-14.6792,0.43296,1,stable
-18.13628,0.43076,1,stable
-19.59812,0.44724,1,stable
-21.53544,0.376,1,stable
-10.62084,0.4772,1,stable
-16.2144,0.34288,1,stable
-18.14348,0.25996,1,stable
-11.00132,0.26348,1,stable
-20.56848,0.29692,1,stable
-16.82656,0.3524,1,stable
-23.5016,0.35088,1,stable
-17.36904,0.45104,1,stable
-17.77144,0.40172,1,stable
-21.37332,0.38472,1,stable
-18.30716,0.41976,1,stable
-18.59584,0.526,1,stable
-20.9584,0.57764,1,stable
-23.37496,0.49248,1,stable
-22.19172,0.53364,1,stable
-15.79548,0.41892,1,stable
-18.3154,0.43572,1,stable
-17.44928,0.30596,1,stable
-18.27896,0.23016,1,stable
-15.3656,0.3694,1,stable
-17.25228,-0.22396,1,stable
-16.73656,0.46652,1,stable
-20.68056,0.40712,1,stable
-23.38416,0.3634,1,stable
-17.30076,0.48676,1,stable
-20.26764,0.47244,1,stable
-22.1878,0.42768,1,stable
-13.32504,-0.01704,1,stable
-22.35184,0.48472,1,stable
-15.51736,0.51556,1,stable
-22.71744,0.71304,1,stable
-19.71336,0.45792,1,stable
-17.9242,0.3912,1,stable
-14.4188,0.3766,1,stable
-9.90012,0.37996,1,stable
-20.9714,0.24672,1,stable
-11.41684,0.4234,1,stable
-20.88812,0.36992,1,stable
-18.6404,0.296,1,stable
-16.09064,0.38368,1,stable
-22.6574,0.41736,1,stable
-19.97804,0.29836,1,stable
-13.36172,-0.03668,1,stable
-11.31024,0.245,1,stable
-19.60412,0.6572,1,stable
-14.52388,0.58332,1,stable
-21.85452,0.86292,1,stable
-21.32972,0.57392,1,stable
-22.39432,0.8556,1,stable
-12.44536,0.29136,1,stable
-10.83484,0.3512,1,stable
-20.01792,0.29664,1,stable
-21.63988,0.25176,1,stable
-10.79072,0.2738,1,stable
-12.3868,0.25864,1,stable
-21.46748,0.21096,1,stable
-16.92548,0.4454,1,stable
-14.0984,0.4,1,stable
-15.91028,0.46512,1,stable
-13.85944,0.50088,1,stable
-14.09844,0.49552,1,stable
-10.3438,0.3844,1,stable
-19.03312,0.26272,1,stable
-12.9124,0.2808,1,stable
-16.54784,0.32932,1,stable
-17.03648,0.36104,1,stable
-11.23568,0.34152,1,stable
-17.84944,0.39288,1,stable
-22.81448,0.33736,1,stable
-13.68656,0.40656,1,stable
-18.19492,0.4782,1,stable
-18.39748,0.50048,1,stable
-13.41964,0.53724,1,stable
-20.17956,0.8142,1,stable
-19.56308,0.54028,1,stable
-13.94208,-0.02028,1,stable
-19.0768,-0.04368,1,stable
-20.20272,-0.0222,1,stable
-20.7412,-0.0574,1,stable
-16.82392,0.01016,1,stable
-15.50772,0.1192,1,stable
-15.3354,0.08432,1,stable
-17.85328,0.09744,1,stable
-15.10176,0.17044,1,stable
-21.83584,0.0744,1,stable
-13.53368,-0.08964,1,stable
-14.17348,0.219,1,stable
-15.57044,0.22408,1,stable
-18.78488,0.20144,1,stable
-18.89516,0.30124,1,stable
-15.26896,0.34476,1,stable
-19.67892,0.50064,1,stable
-9.74864,0.46508,1,stable
-12.34072,-0.28972,1,stable
-13.37108,-0.26104,1,stable
-16.99368,-0.495,1,stable
-9.55592,-0.26408,1,stable
-11.01304,-0.35748,1,stable
-15.74548,-0.42072,1,stable
-23.20344,-0.41524,1,stable
-16.24508,-0.37336,1,stable
-13.07608,-0.41168,1,stable
-19.77864,-0.311,1,stable
-15.87532,-0.12904,1,stable
-20.45216,-0.26248,1,stable
-20.37604,-0.38896,1,stable
-0.53791,12.83317,2,transition
-0.759965,16.233715,2,transition
-0.670835,15.343525,2,transition
-0.560075,18.787205,2,transition
-0.753215,20.936465,2,transition
-0.596535,19.218585,2,transition
-0.78247,13.19185,2,transition
-0.6721,17.73014,2,transition
-0.56162,18.1869,2,transition
-0.649555,15.772285,2,transition
-0.570505,17.640175,2,transition
-0.43984,18.21824,2,transition
-0.849455,20.423585,2,transition
-0.62167,17.92397,2,transition
-0.60144,11.85928,2,transition
-0.919145,18.708415,2,transition
-1.75822,-1.121615,1,stable
-1.73217,-1.096735,1,stable
-1.56101,-0.970565,2,transition
-1.347665,-0.999405,2,transition
-1.88282,-1.371415,1,stable
-2.52809,-1.774875,1,stable
-2.882605,-1.98047,1,stable
-1.817245,-1.20579,1,stable
-1.77959,-1.159695,1,stable
-1.71896,-1.148025,1,stable
-1.97175,-1.322195,1,stable
-1.92052,-1.377485,1,stable
-1.653385,-1.085235,2,transition
-1.734555,-1.183545,1,stable
-4.50367,-2.01924,1,stable
-4.73332,-2.104725,1,stable
-4.41862,-2.31144,1,stable
-4.51279,-2.35071,1,stable
-4.03719,-1.772435,1,stable
-3.81855,-2.051775,1,stable
-3.3072,-1.698315,1,stable
-4.31592,-2.04649,1,stable
-4.1508,-1.954315,1,stable
-5.5921,-2.580575,1,stable
-3.82253,-1.75526,1,stable
-3.83279,-1.71413,1,stable
-4.07771,-1.756725,1,stable
-4.04585,-1.814635,1,stable
-3.46726,-1.488885,1,stable
-4.16039,-1.795245,1,stable
-7.21735,-2.70456,1,stable
-6.67094,-2.65138,1,stable
-6.01431,-2.28448,1,stable
-5.96479,-2.28616,1,stable
-6.78043,-2.43405,1,stable
-7.05895,-2.49392,1,stable
-5.4473,-2.14477,1,stable
-5.83703,-2.53917,1,stable
-7.07704,-2.76954,1,stable
-8.97201,-3.43956,1,stable
-6.51422,-2.63323,1,stable
-8.3518,-3.27122,1,stable
-5.09459,-2.24946,1,stable
-7.2895,-2.97358,1,stable
-5.18138,-2.17092,1,stable
-6.23474,-2.5868,1,stable
-6.80166,-2.77168,1,stable
-6.74491,-2.7135,1,stable
-5.70643,-2.13188,1,stable
-5.51123,-2.11901,1,stable
-5.8571,-2.27399,1,stable
-5.53918,-2.00782,1,stable
-4.94992,-1.80755,1,stable
-6.74607,-2.3795,1,stable
-7.33662,-2.5908,1,stable
-11.17805,-3.4534,1,stable
-10.28487,-3.42194,1,stable
-9.56623,-3.01696,1,stable
-10.68817,-3.58078,1,stable
-10.91023,-3.46617,1,stable
-12.34517,-4.2038,1,stable
-7.59723,-2.38243,1,stable
-11.44693,-3.9274,1,stable
-8.24653,-2.55331,1,stable
-6.89877,-1.943,1,stable
-7.53633,-2.25511,1,stable
-8.90119,-2.77823,1,stable
-9.93799,-3.02668,1,stable
-8.46293,-2.477,1,stable
-8.23387,-2.21576,1,stable
-7.92035,-2.1608,1,stable
-8.00545,-2.17094,1,stable
-7.40361,-1.66837,1,stable
-9.77285,-2.28834,1,stable
-9.82315,-2.36313,1,stable
-13.69271,-3.22486,1,stable
-12.97991,-2.87342,1,stable
-11.08623,-2.5432,1,stable
-15.96373,-3.61684,1,stable
-14.33673,-3.40124,1,stable
-10.29871,-2.35994,1,stable
-12.89343,-3.21394,1,stable
-10.41141,-2.24848,1,stable
-9.71357,-2.13524,1,stable
-8.12957,-1.6764,1,stable
-11.15707,-2.22284,1,stable
-10.98639,-2.44408,1,stable
-10.13973,-2.22412,1,stable
-10.09575,-2.0903,1,stable
-9.71527,-1.95826,1,stable
-9.87963,-2.03624,1,stable
-10.91409,-2.23566,1,stable
-8.53289,-1.5985,1,stable
-11.99963,-2.21964,1,stable
-17.33349,-2.9184,1,stable
-15.00051,-3.23866,1,stable
-15.53547,-2.73558,1,stable
-19.99249,-2.7935,1,stable
-14.66215,-3.33864,1,stable
-13.82515,-2.77992,1,stable
-19.09681,-2.59124,1,stable
-19.51315,-2.63694,1,stable
-12.68197,-2.1422,1,stable
-9.58915,-0.72054,1,stable
-10.02285,-0.56658,1,stable
-8.95927,-0.69254,1,stable
-13.03733,-1.03494,1,stable
-14.93057,-1.2553,1,stable
-13.51029,-1.21546,1,stable
-16.28741,-1.30624,1,stable
-20.57111,-1.72538,1,stable
-14.36741,-1.20206,1,stable
-15.74541,-1.36114,1,stable
-13.27741,-0.97536,1,stable
-19.49079,-1.30546,1,stable
-13.55285,-1.24572,1,stable
-15.59657,-1.2774,1,stable
-15.97135,-1.07788,1,stable
-14.65125,-0.78286,1,stable
-12.94139,-0.53068,1,stable
-11.57523,-0.47778,1,stable
-13.72707,-0.55812,1,stable
-11.21551,-0.32056,1,stable
-20.89556,-1.22637,1,stable
-19.63922,-0.82317,1,stable
-17.83944,-0.38167,1,stable
-19.13718,-0.61763,1,stable
-18.53146,-0.27451,1,stable
-19.6638,-0.16919,1,stable
-12.64828,-1.19607,1,stable
-13.80216,-0.08579,1,stable
-13.94252,0.25935,1,stable
-17.94937,0.37107,1,stable
-13.51041,0.91003,1,stable
-16.55457,0.48139,1,stable
-15.53407,0.71743,1,stable
-17.39399,0.44545,1,stable
-18.05131,0.46801,1,stable
-20.50819,0.43431,1,stable
-17.66835,0.34869,1,stable
-14.45575,-0.17697,1,stable
-13.91629,0.64313,1,stable
-10.68099,0.11721,1,stable
-11.71159,0.04703,1,stable
-11.28375,0.25167,1,stable
-8.70739,0.88047,1,stable
-10.66965,0.28387,1,stable
-19.00566,0.46907,1,stable
-19.97356,0.57939,1,stable
-17.19392,0.53219,1,stable
-12.8124,0.41761,1,stable
-17.88092,0.44089,1,stable
-19.95682,0.53739,1,stable
-20.45044,0.56785,1,stable
-13.47966,0.45707,1,stable
-13.16258,0.37391,1,stable
-15.82734,0.47627,1,stable
-11.31726,0.15105,1,stable
-14.2159,0.30727,1,stable
-12.10626,0.55411,1,stable
-11.07462,0.50809,1,stable
-9.3172,0.32947,1,stable
-9.16394,0.53125,1,stable
-12.32742,0.81087,1,stable
-10.21296,0.63545,1,stable
-18.67006,0.27152,1,stable
-18.52532,0.43316,1,stable
-17.09836,0.46856,1,stable
-16.1117,0.52514,1,stable
-15.15856,0.49328,1,stable
-16.37732,0.09484,1,stable
-16.97318,0.49588,1,stable
-19.08846,0.43382,1,stable
-14.3509,4e-05,1,stable
-17.61058,0.27034,1,stable
-20.37274,0.34512,1,stable
-13.04016,0.37228,1,stable
-14.26646,0.15588,1,stable
-16.41654,0.21164,1,stable
-12.83776,0.33818,1,stable
-21.92428,0.48234,1,stable
-13.85958,0.35632,1,stable
-15.6801,0.47486,1,stable
-7.19436,0.487,1,stable
-11.56446,0.051,1,stable
-9.7888,0.0644,1,stable
-16.8347,0.1825,1,stable
-16.33598,0.16366,1,stable
-15.92712,0.03204,1,stable
-13.5779,0.01492,1,stable
-17.55908,0.20246,1,stable
-12.08956,-0.0625,1,stable
-18.24098,0.1701,1,stable
-13.3541,-0.0122,1,stable
-18.13026,0.12578,1,stable
-14.48362,-0.04886,1,stable
-12.66912,0.16934,1,stable
-21.72744,0.19684,1,stable
-11.5975,0.15374,1,stable
-11.1616,0.04916,1,stable
-8.73744,0.20186,1,stable
-9.09036,0.06152,1,stable
-12.09094,0.04044,1,stable
-19.27583,0.03273,1,stable
-19.04181,0.12207,1,stable
-13.86813,-0.11119,1,stable
-16.29095,0.04503,1,stable
-19.19141,0.15519,1,stable
-13.60691,-0.02901,1,stable
-15.69965,0.13289,1,stable
-17.27103,-0.14643,1,stable
-19.80409,-0.01383,1,stable
-15.09383,0.02977,1,stable
-11.99619,0.01677,1,stable
-10.47267,0.06603,1,stable
-9.72385,-0.02851,1,stable
-9.63535,0.00215,1,stable
-9.27091,0.03179,1,stable
-10.56897,-0.03217,1,stable
-9.36305,0.03399,1,stable
-19.19373,0.0999,1,stable
-17.14031,0.02706,1,stable
-15.81859,0.14862,1,stable
-14.41339,-0.094,1,stable
-13.25859,-0.08802,1,stable
-16.39651,-0.09016,1,stable
-15.50419,-0.0281,1,stable
-16.76931,0.13358,1,stable
-17.38539,0.11834,1,stable
-19.86879,0.37858,1,stable
-17.74939,0.40784,1,stable
-13.92587,-0.33926,1,stable
-14.76125,0.33258,1,stable
-20.33227,0.46236,1,stable
-11.10359,0.03614,1,stable
-10.29409,0.17858,1,stable
-9.93155,0.0546,1,stable
-7.79885,0.13584,1,stable
-8.07935,0.31738,1,stable
-9.37647,0.0261,1,stable
-20.34275,0.12508,1,stable
-15.17949,-0.09716,1,stable
-16.92035,0.09976,1,stable
-17.09563,0.16714,1,stable
-13.36333,-0.10474,1,stable
-16.36045,0.19944,1,stable
-18.01423,0.23594,1,stable
-17.87109,0.18604,1,stable
-19.28187,0.29328,1,stable
-15.50897,-0.06108,1,stable
-14.76971,0.00782,1,stable
-16.57541,0.03802,1,stable
-16.00839,-0.05012,1,stable
-12.68215,0.01084,1,stable
-21.12427,0.15462,1,stable
-13.14479,0.14942,1,stable
-10.67581,-0.02878,1,stable
-11.31501,0.0103,1,stable
-11.00493,0.04558,1,stable
-7.00989,0.20004,1,stable
-9.31791,0.04416,1,stable
-11.35131,0.05932,1,stable
-7.58513,0.32668,1,stable
-16.23112,0.08369,1,stable
-15.42096,0.05577,1,stable
-14.99736,0.01181,1,stable
-18.67912,0.09363,1,stable
-17.10148,0.09793,1,stable
-18.72872,0.01551,1,stable
-16.98156,0.04701,1,stable
-13.48392,-0.13401,1,stable
-11.47976,-0.02467,1,stable
-10.70028,-0.02447,1,stable
-10.69744,-0.00239,1,stable
-11.63824,0.02137,1,stable
-10.28176,0.01099,1,stable
-9.40412,0.02945,1,stable
-8.32704,0.04601,1,stable
-6.51908,0.12397,1,stable
-9.48812,0.05471,1,stable
-18.66216,0.08376,1,stable
-13.95156,-0.4136,1,stable
-13.89828,-0.0804,1,stable
-19.38624,0.016,1,stable
-13.85064,-0.042,1,stable
-19.1102,0.05304,1,stable
-13.978,-0.07996,1,stable
-17.70716,-0.00848,1,stable
-14.92912,-0.005,1,stable
-13.44692,-0.06256,1,stable
-10.72288,-0.0226,1,stable
-9.35488,0.04924,1,stable
-8.28188,0.04516,1,stable
-11.70272,0.09388,1,stable
-20.24224,-0.01904,1,stable
-15.1918,-0.03324,1,stable
-14.82576,-0.02408,1,stable
-18.636,0.00344,1,stable
-18.71864,0.03196,1,stable
-15.33956,-0.03708,1,stable
-16.83376,-0.00472,1,stable
-17.34288,0.004,1,stable
-19.76492,0.01384,1,stable
-13.94216,-0.00804,1,stable
-12.335,-0.1456,1,stable
-13.69308,-0.02392,1,stable
-12.84684,0.01664,1,stable
-11.00172,0.03776,1,stable
-9.68656,0.01032,1,stable
-7.23768,0.14652,1,stable
-12.146,0.175,1,stable
-18.91088,0.015,1,stable
-18.64228,-0.00884,1,stable
-18.60336,0.03528,1,stable
-17.16616,0.023,1,stable
-15.40392,-0.02132,1,stable
-18.172,0.04444,1,stable
-19.08232,0.00604,1,stable
-18.81412,-0.02652,1,stable
-14.62316,-0.04548,1,stable
-15.02316,-0.01088,1,stable
-17.51784,0.19868,1,stable
-15.36016,0.02744,1,stable
-17.2086,0.35028,1,stable
-12.82812,0.12392,1,stable
-8.01236,0.21296,1,stable
-10.18668,0.41616,1,stable
-11.53236,0.54168,1,stable
-9.5998,0.55244,1,stable
-15.1408,0.0774,1,stable
-14.60136,0.01368,1,stable
-18.37008,0.23328,1,stable
-17.29236,0.11732,1,stable
-16.9262,0.25228,1,stable
-16.69512,0.12624,1,stable
-16.17752,0.11252,1,stable
-19.69628,0.0376,1,stable
-14.08892,0.17904,1,stable
-17.52412,0.03664,1,stable
-19.52804,0.04336,1,stable
-4.95004,0.46324,1,stable
-10.81408,0.57432,1,stable
-19.60812,0.181,1,stable
-16.3902,0.13532,1,stable
-12.1952,0.3944,1,stable
-16.83388,0.278,1,stable
-17.04928,0.24308,1,stable
-14.96236,0.03968,1,stable
-14.32112,-0.1594,1,stable
-17.13688,0.09948,1,stable
-15.24456,0.09864,1,stable
-15.15468,0.26952,1,stable
-17.49128,0.28864,1,stable
-16.68664,0.21904,1,stable
-14.33672,0.14768,1,stable
-18.2806,0.15116,1,stable
-13.45,0.0928,1,stable
-17.15484,0.02792,1,stable
-12.87384,0.00336,1,stable
-9.30944,-0.05032,1,stable
-6.5816,0.15148,1,stable
-8.96488,0.00036,1,stable
-9.00816,0.09928,1,stable
-7.6248,0.25084,1,stable
-7.7296,0.18408,1,stable
-7.76936,0.27392,1,stable
-8.34608,0.59796,1,stable
-15.98948,-0.04692,1,stable
-19.64576,-0.03764,1,stable
-16.18856,-0.04032,1,stable
-16.50076,-0.11056,1,stable
-17.16308,-0.0576,1,stable
-12.82984,0.205,1,stable
-16.30828,-0.09188,1,stable
-15.63392,-0.13904,1,stable
-13.6328,-0.05476,1,stable
-11.69708,-0.00428,1,stable
-19.4244,-0.00272,1,stable
-12.28512,-0.00096,1,stable
-11.38804,-0.05476,1,stable
-10.39028,0.00152,1,stable
-10.41732,0.02064,1,stable
-9.215,-0.02952,1,stable
-8.24064,0.05992,1,stable
-9.37092,-0.01288,1,stable
-9.82796,-0.0582,1,stable
-10.09772,0.37884,1,stable
-7.49032,0.40292,1,stable
-16.09184,-0.4658,1,stable
-16.73476,-0.47164,1,stable
-16.62084,-0.48408,1,stable
-17.24908,-0.58456,1,stable
-16.57964,-0.64264,1,stable
-18.73568,-0.41908,1,stable
-18.6136,-0.32976,1,stable
-12.79496,-0.41296,1,stable
-16.11836,-0.6552,1,stable
-16.61192,-0.44948,1,stable
-17.51484,-0.35572,1,stable
-15.51008,-0.57236,1,stable
-15.17248,-0.39868,1,stable
-13.25592,-0.5942,1,stable
-12.179,-0.45596,1,stable
-8.75784,-0.5172,1,stable
-8.11168,-0.5676,1,stable
-0.86753,17.43483,2,transition
-0.6961875,13.0724925,2,transition
-0.682295,12.372225,2,transition
-0.86847,15.75237,2,transition
-1.0317,15.76522,2,transition
-0.9899725,14.1825075,2,transition
-0.888915,15.336405,2,transition
-0.85152,12.04852,2,transition
-1.3562325,12.6606875,2,transition
-0.72341,7.77963,2,transition
-1.46658,8.44614,2,transition
-1.21501,7.44659,2,transition
-1.4427675,5.9347925,2,transition
-1.39186,6.79894,2,transition
-2.75714,-1.809175,1,stable
-2.49503,-1.549075,1,stable
-2.648695,-1.7644825,1,stable
-2.76005,-1.8020875,1,stable
-2.72831,-1.7075,1,stable
-2.60209,-1.62504,1,stable
-2.506505,-1.5614075,1,stable
-3.00331,-1.92039,1,stable
-2.963425,-1.9567775,1,stable
-2.99963,-1.941905,1,stable
-3.148315,-2.0576375,1,stable
-2.93577,-1.8587125,1,stable
-2.92832,-1.8397475,1,stable
-3.174425,-2.113235,1,stable
-3.040215,-1.9923475,1,stable
-2.84497,-1.843525,1,stable
-2.585775,-1.6840325,1,stable
-2.95721,-1.82994,1,stable
-2.55028,-1.6891075,1,stable
-2.693815,-1.9401225,1,stable
-2.23,-1.5124925,1,stable
-2.5181,-1.807275,1,stable
-5.13403,-2.54414,1,stable
-5.33744,-2.64775,1,stable
-5.93277,-2.95459,1,stable
-5.16639,-2.472245,1,stable
-5.62233,-2.658905,1,stable
-5.68507,-2.68544,1,stable
-5.72621,-2.68536,1,stable
-5.38289,-2.590915,1,stable
-6.24035,-2.953445,1,stable
-5.40088,-2.699795,1,stable
-4.69516,-2.03978,1,stable
-6.21404,-2.78105,1,stable
-6.01299,-2.772985,1,stable
-5.60013,-2.66601,1,stable
-5.26653,-2.66235,1,stable
-4.90704,-2.53244,1,stable
-4.99261,-2.552565,1,stable
-4.75835,-2.729345,1,stable
-6.09198,-2.56222,1,stable
-4.80613,-2.56536,1,stable
-5.08724,-2.95727,1,stable
-5.22403,-2.92904,1,stable
-7.31243,-2.48673,1,stable
-7.13374,-2.11794,1,stable
-7.20716,-2.21786,1,stable
-7.88603,-2.81113,1,stable
-7.07095,-2.31316,1,stable
-7.72314,-2.3482,1,stable
-8.26067,-2.70376,1,stable
-7.4103,-2.19119,1,stable
-8.57608,-2.90432,1,stable
-7.99499,-2.40787,1,stable
-8.2655,-2.51672,1,stable
-7.88635,-2.524,1,stable
-8.41564,-3.0856,1,stable
-8.23208,-2.56789,1,stable
-5.74392,-1.73314,1,stable
-8.48835,-2.67777,1,stable
-7.75278,-2.60874,1,stable
-7.90341,-2.80705,1,stable
-7.52443,-2.75268,1,stable
-9.06265,-3.003,1,stable
-7.08283,-2.83685,1,stable
-9.03821,-2.13837,1,stable
-9.90251,-1.92298,1,stable
-9.84531,-1.91253,1,stable
-9.30091,-1.81678,1,stable
-8.31479,-1.51277,1,stable
-10.04027,-2.0971,1,stable
-6.99113,-1.58843,1,stable
-10.35039,-2.10435,1,stable
-10.83455,-2.44278,1,stable
-10.40459,-2.3856,1,stable
-11.12345,-2.7888,1,stable
-12.37411,-2.86468,1,stable
-10.87295,-2.6265,1,stable
-10.65619,-2.63877,1,stable
-13.01719,-3.54494,1,stable
-12.80833,-3.03695,1,stable
-12.04061,-2.82917,1,stable
-11.00007,-2.69902,1,stable
-11.19011,-2.90114,1,stable
-11.47195,-3.002,1,stable
-11.73403,-2.87093,1,stable
-9.91073,-0.77314,1,stable
-9.80123,-0.84756,1,stable
-9.69933,-1.27958,1,stable
-9.80537,-0.92952,1,stable
-11.42085,-1.40954,1,stable
-11.64189,-1.43404,1,stable
-13.71835,-1.93626,1,stable
-12.77231,-2.2081,1,stable
-13.33665,-2.08906,1,stable
-13.29009,-2.11136,1,stable
-13.94639,-2.41094,1,stable
-14.02799,-2.49642,1,stable
-14.15435,-2.47728,1,stable
-13.88561,-2.27718,1,stable
-10.71231,-1.15264,1,stable
-11.00479,-0.98686,1,stable
-9.37117,-1.04118,1,stable
-10.43603,-0.80618,1,stable
-9.72271,-0.69304,1,stable
-12.12129,-1.1994,1,stable
-15.08771,-1.98022,1,stable
-14.47497,-1.91354,1,stable
-13.53283,-1.74304,1,stable
-13.93865,-1.52876,1,stable
-12.59817,-1.37194,1,stable
-15.59219,-1.23336,1,stable
-15.10375,-1.45398,1,stable
-15.19111,-1.13342,1,stable
-13.46853,-1.31746,1,stable
-11.38757,-0.94948,1,stable
-12.30349,-0.95606,1,stable
-11.64777,-1.09078,1,stable
-13.64889,-0.89196,1,stable
-14.60995,-1.2722,1,stable
-14.37781,-1.17408,1,stable
-16.96703,-1.38326,1,stable
-16.03239,-1.07892,1,stable
-16.64369,-1.04284,1,stable
-14.24109,-1.14164,1,stable
-16.01391,-1.11942,1,stable
-13.16237,-1.04108,1,stable
-17.34757,-1.69492,1,stable
-16.95089,-1.78988,1,stable
-15.79223,-0.88394,1,stable
-16.80053,-2.17608,1,stable
-16.86143,-1.62574,1,stable
-14.55991,-0.62126,1,stable
-13.59843,-0.85466,1,stable
-16.37355,-0.78136,1,stable
-16.43395,-0.77454,1,stable
-12.87696,0.51861,1,stable
-12.5218,0.01829,1,stable
-12.30908,-0.73971,1,stable
-12.94618,-0.40687,1,stable
-12.9741,-0.41161,1,stable
-16.78872,-1.47477,1,stable
-13.32084,-0.82213,1,stable
-16.19396,-1.21887,1,stable
-17.15484,-1.35983,1,stable
-16.81692,-0.98187,1,stable
-16.18078,-0.89171,1,stable
-18.56212,-0.52483,1,stable
-17.04938,-0.38083,1,stable
-18.48688,-0.65149,1,stable
-17.89922,-0.66173,1,stable
-17.73058,-0.93005,1,stable
-17.63418,-0.93895,1,stable
-15.21744,-0.61725,1,stable
-17.35382,-1.27637,1,stable
-18.49384,-2.16641,1,stable
-16.40344,-2.00215,1,stable
-16.93192,-1.03563,1,stable
-19.29516,-2.33767,1,stable
-12.49619,0.38077,1,stable
-12.91605,0.31267,1,stable
-13.53989,0.20107,1,stable
-13.40139,0.51589,1,stable
-11.47395,0.42737,1,stable
-12.18397,0.21887,1,stable
-14.24957,-0.38599,1,stable
-16.89179,-0.58257,1,stable
-16.55819,-0.52053,1,stable
-17.56615,-1.01119,1,stable
-17.64089,-1.05641,1,stable
-13.60239,-0.40855,1,stable
-17.78595,-0.59431,1,stable
-17.57093,-0.32433,1,stable
-16.90721,-0.28413,1,stable
-18.18527,-0.28605,1,stable
-17.08787,-0.50589,1,stable
-17.57085,-0.40017,1,stable
-16.34907,-0.78579,1,stable
-14.66989,-0.15127,1,stable
-18.56755,-0.90529,1,stable
-17.65861,-0.44539,1,stable
-16.20795,-0.04269,1,stable
-17.59299,-0.30075,1,stable
-18.69435,-0.56149,1,stable
-17.49181,-0.68595,1,stable
-12.65511,0.2548,1,stable
-11.60829,0.30898,1,stable
-12.66991,0.40578,1,stable
-11.61797,0.47716,1,stable
-12.93347,0.40788,1,stable
-17.82145,0.30632,1,stable
-14.65405,0.12048,1,stable
-18.25099,0.06996,1,stable
-16.97387,-0.0028,1,stable
-14.77895,0.17612,1,stable
-17.71019,-0.02366,1,stable
-18.64883,0.1601,1,stable
-16.38367,-0.00346,1,stable
-15.64765,-0.12978,1,stable
-17.38581,0.48284,1,stable
-17.94245,0.57594,1,stable
-9.79448,0.04181,1,stable
-12.14304,0.42759,1,stable
-12.40428,0.33305,1,stable
-11.31256,0.15505,1,stable
-12.6974,-0.32407,1,stable
-12.61592,0.31755,1,stable
-15.29012,0.42917,1,stable
-17.35576,0.27755,1,stable
-14.51876,0.17899,1,stable
-17.99268,0.25831,1,stable
-18.523,0.28871,1,stable
-17.67612,0.12185,1,stable
-13.9882,-0.28575,1,stable
-17.57896,0.22953,1,stable
-13.60652,-0.16979,1,stable
-16.96064,0.19461,1,stable
-15.13368,-0.03955,1,stable
-17.60868,0.15841,1,stable
-16.98984,0.08435,1,stable
-16.81472,0.13345,1,stable
-17.30592,0.15409,1,stable
-17.21036,0.21345,1,stable
-19.37772,0.35953,1,stable
-17.6832,0.41319,1,stable
-12.16942,0.23486,1,stable
-13.38746,0.22462,1,stable
-16.43778,0.25326,1,stable
-12.78834,-0.52466,1,stable
-13.67574,0.18614,1,stable
-17.20322,0.15254,1,stable
-17.63374,0.04238,1,stable
-14.46446,0.19614,1,stable
-16.92766,0.03298,1,stable
-18.1477,0.31002,1,stable
-16.0797,0.12434,1,stable
-15.74414,0.01398,1,stable
-16.32706,0.16534,1,stable
-17.95474,0.19374,1,stable
-17.85854,0.18326,1,stable
-16.82926,0.21454,1,stable
-17.9351,0.19586,1,stable
-10.39803,0.18315,1,stable
-11.68835,0.34239,1,stable
-11.22803,0.04659,1,stable
-11.63083,0.15535,1,stable
-13.39839,-0.35601,1,stable
-13.77959,0.00583,1,stable
-12.88783,-0.00965,1,stable
-17.51295,-0.01685,1,stable
-16.81923,0.10843,1,stable
-18.78403,0.11507,1,stable
-15.36739,0.15779,1,stable
-22.46583,0.12755,1,stable
-21.62331,0.14127,1,stable
-16.27383,0.05323,1,stable
-18.21907,0.14647,1,stable
-16.45023,0.10375,1,stable
-15.76547,0.29583,1,stable
-16.25499,0.02331,1,stable
-17.82991,0.32595,1,stable
-16.63491,0.15831,1,stable
-11.57218,0.12185,1,stable
-10.21666,-0.17103,1,stable
-10.89766,0.10233,1,stable
-10.72342,0.02437,1,stable
-12.51938,-0.04259,1,stable
-15.14414,-0.08635,1,stable
-17.02594,-0.03255,1,stable
-14.93834,-0.32831,1,stable
-17.30274,-0.00655,1,stable
-19.45878,0.00109,1,stable
-18.68346,0.00197,1,stable
-16.9651,-0.01427,1,stable
-17.84282,0.02597,1,stable
-18.94762,0.03133,1,stable
-15.09486,0.01653,1,stable
-13.84474,0.01437,1,stable
-13.52558,0.00933,1,stable
-15.88242,0.01421,1,stable
-9.65632,0.06758,1,stable
-9.97976,0.06094,1,stable
-11.58148,0.03378,1,stable
-13.18664,-0.09282,1,stable
-13.81708,-0.01334,1,stable
-17.06372,0.0527,1,stable
-14.60844,-0.08286,1,stable
-14.6498,-0.06022,1,stable
-17.04448,-0.01854,1,stable
-16.97312,0.0141,1,stable
-18.053,-0.03286,1,stable
-18.61496,0.0685,1,stable
-17.22872,0.01254,1,stable
-9.85087,0.18325,1,stable
-9.91771,0.06205,1,stable
-10.45163,0.12269,1,stable
-12.40263,0.06501,1,stable
-13.18595,0.09357,1,stable
-10.90675,0.28049,1,stable
-12.71807,0.06829,1,stable
-14.16939,-0.03815,1,stable
-14.70903,-0.05923,1,stable
-17.80371,-0.03243,1,stable
-14.47983,-0.09791,1,stable
-16.27959,-0.04763,1,stable
-17.48151,-0.16147,1,stable
-17.82127,0.01629,1,stable
-14.98239,-0.00539,1,stable
-16.29523,-0.04395,1,stable
-16.05691,0.00789,1,stable
-15.86415,0.01889,1,stable
-10.49172,0.20807,1,stable
-12.2752,0.01875,1,stable
-13.32748,-0.04953,1,stable
-13.818,-0.26289,1,stable
-11.96924,-0.14161,1,stable
-14.1224,0.04699,1,stable
-14.99408,0.02423,1,stable
-13.11676,-0.05437,1,stable
-17.77424,-0.00053,1,stable
-14.41536,0.01079,1,stable
-17.29252,-0.00133,1,stable
-18.09492,0.01735,1,stable
-13.91348,-0.11017,1,stable
-17.77336,0.06307,1,stable
-10.22988,0.01148,1,stable
-11.05108,0.00396,1,stable
-11.77636,-0.02052,1,stable
-14.79728,-0.03364,1,stable
-16.02972,-0.01476,1,stable
-16.37964,0.11192,1,stable
-16.7786,0.20784,1,stable
-17.32956,0.1024,1,stable
-15.01764,-0.00544,1,stable
-15.42392,-0.01252,1,stable
-16.6106,-0.04944,1,stable
-16.62948,0.24788,1,stable
-16.98976,0.27544,1,stable
-16.062,0.30828,1,stable
-17.48092,0.02616,1,stable
-17.42732,0.0298,1,stable
-10.98752,0.13292,1,stable
-11.02152,0.15856,1,stable
-9.52156,0.16996,1,stable
-8.2406,0.20624,1,stable
-9.73748,0.1308,1,stable
-10.51088,0.12428,1,stable
-11.053,-0.06388,1,stable
-11.82612,0.10756,1,stable
-15.88532,0.171,1,stable
-17.47444,0.17904,1,stable
-15.01212,-0.03428,1,stable
-18.95312,0.44044,1,stable
-18.22584,0.17612,1,stable
-21.12416,0.50868,1,stable
-15.21088,0.42496,1,stable
-15.27868,0.49976,1,stable
-16.57892,0.80052,1,stable
-9.96744,0.16684,1,stable
-10.43504,0.07396,1,stable
-10.9756,0.04456,1,stable
-11.04752,0.10416,1,stable
-14.86468,-0.07532,1,stable
-18.45768,0.09308,1,stable
-16.2002,0.00184,1,stable
-16.80672,0.20876,1,stable
-16.74044,-0.08728,1,stable
-18.19044,0.23536,1,stable
-21.846,0.2624,1,stable
-17.61036,-0.02092,1,stable
-16.62284,0.13328,1,stable
-13.26936,0.1684,1,stable
-14.41408,0.2146,1,stable
-15.81732,0.62736,1,stable
-16.36384,0.56496,1,stable
-15.31444,0.0396,1,stable
-10.10648,0.00632,1,stable
-9.386,0.0958,1,stable
-12.68184,0.0854,1,stable
-11.3298,0.02484,1,stable
-12.5652,-0.16324,1,stable
-15.07148,0.03168,1,stable
-14.51944,0.0674,1,stable
-15.58284,0.09308,1,stable
-18.16844,-0.01256,1,stable
-16.59448,0.13824,1,stable
-16.31536,0.08488,1,stable
-15.69708,0.06948,1,stable
-15.07188,0.03524,1,stable
-15.32692,0.18732,1,stable
-10.25516,-0.14868,1,stable
-9.22644,-0.02784,1,stable
-10.77092,-0.04204,1,stable
-10.51332,-0.12012,1,stable
-14.44792,-0.20936,1,stable
-13.73468,-0.0454,1,stable
-17.4654,-0.1118,1,stable
-16.30648,-0.08884,1,stable
-16.71436,-0.11988,1,stable
-16.92828,-0.12608,1,stable
-17.00664,-0.04952,1,stable
-20.85784,-0.11248,1,stable
-16.1078,0.03224,1,stable
-16.90432,0.12804,1,stable
-15.72776,-0.009,1,stable
-15.10908,-0.10812,1,stable
-14.5624,0.0116,1,stable
-15.68524,-0.00344,1,stable
-11.45156,-0.30108,1,stable
-10.9728,-0.45948,1,stable
-13.39888,-0.6064,1,stable
-12.99388,-0.32844,1,stable
-16.88704,-0.51756,1,stable
-16.1306,-0.39652,1,stable
-15.48204,-0.35944,1,stable
-16.85232,-0.54584,1,stable
-17.18084,-0.33296,1,stable
-17.50756,-0.57928,1,stable
-16.99608,-0.40812,1,stable
-16.81084,-0.48368,1,stable
-16.07224,-0.31884,1,stable
-16.69448,-0.3014,1,stable
-14.63568,-0.41092,1,stable
-0.592775,10.858785,2,transition
-0.825095,9.510225,2,transition
-0.37367,9.22593,2,transition
-0.76257,10.21419,2,transition
-1.10663,11.84437,2,transition
-0.511015,11.094105,2,transition
-0.983815,10.868785,2,transition
-0.91446,10.99278,2,transition
-1.081765,14.640315,2,transition
-0.4101,14.11482,2,transition
-1.17792,15.59136,2,transition
-1.178195,17.752045,2,transition
-1.25121,17.98727,2,transition
0.090995,15.387315,2,transition
-0.46031,16.80645,2,transition
-1.11985,18.05371,2,transition
-0.434775,16.879825,2,transition
-1.154825,15.094735,2,transition
-0.07985,18.22003,2,transition
-0.9151,14.44834,2,transition
-0.687835,15.326445,2,transition
-0.827505,14.272975,2,transition
-0.44019,15.40733,2,transition
-2.762885,-1.622225,1,stable
-1.298395,-0.633305,2,transition
-1.277195,-0.581415,2,transition
-0.28011,0.099565,2,transition
-0.371235,0.066195,2,transition
-0.506905,-0.02982,2,transition
-2.0114,-1.09694,1,stable
-0.314585,0.10617,2,transition
-0.456185,-0.00313,2,transition
-1.568835,-0.71626,2,transition
-1.258815,-0.516565,2,transition
-1.25118,-0.489145,2,transition
-0.69243,-0.201735,2,transition
-2.69673,-1.48682,1,stable
-0.362855,-0.1385,2,transition
-4.165635,-2.49824,1,stable
-3.19658,-1.976235,1,stable
-3.15111,-2.005535,1,stable
-2.38603,-0.31007,1,stable
-2.92327,-0.72158,1,stable
-4.48813,-1.60257,1,stable
-1.81258,-0.66508,1,stable
-1.34029,-1.16649,2,transition
-1.33925,-1.15994,2,transition
-2.82423,-0.70618,1,stable
-1.07251,-0.82599,2,transition
-3.96607,-1.286425,1,stable
-5.38863,-2.16216,1,stable
-5.47719,-2.145165,1,stable
-3.06457,-0.71893,1,stable
-1.90934,-1.706455,1,stable
-5.58613,-2.269755,1,stable
-1.96204,-0.433295,1,stable
-5.95211,-2.221145,1,stable
-3.96094,-2.21742,1,stable
-3.49978,-2.15714,1,stable
-3.86318,-2.3858,1,stable
-4.11368,-1.35639,1,stable
-6.33149,-1.84336,1,stable
-4.00045,-2.37264,1,stable
-4.54253,-1.9204,1,stable
-3.3588,-2.03407,1,stable
-5.12699,-1.71561,1,stable
-4.27326,-2.28829,1,stable
-5.53854,-2.02798,1,stable
-3.83078,-2.67258,1,stable
-8.48965,-3.01246,1,stable
-3.42942,-1.75649,1,stable
-4.47353,-2.37045,1,stable
-6.65703,-2.48626,1,stable
-6.92196,-2.56588,1,stable
-5.47312,-2.52597,1,stable
-8.71207,-2.75996,1,stable
-5.54451,-2.53299,1,stable
-8.65226,-2.43138,1,stable
-8.69832,-2.44278,1,stable
-5.9838,-2.3885,1,stable
-6.79132,-2.74337,1,stable
-8.28396,-2.99652,1,stable
-6.57348,-2.8271,1,stable
-6.89614,-2.8546,1,stable
-8.69726,-2.81645,1,stable
-7.56572,-3.01324,1,stable
-9.77976,-3.13448,1,stable
-7.5967,-3.1303,1,stable
-10.48788,-3.30294,1,stable
-10.55378,-3.17859,1,stable
-11.06916,-3.60009,1,stable
-11.79886,-3.61712,1,stable
-12.18602,-3.42915,1,stable
-11.44702,-3.69787,1,stable
-8.68748,-2.03612,1,stable
-10.18256,-2.33616,1,stable
-8.65708,-1.88732,1,stable
-8.44146,-2.1283,1,stable
-9.20116,-2.45866,1,stable
-9.97326,-2.57728,1,stable
-9.1378,-2.16124,1,stable
-9.14452,-2.46402,1,stable
-12.63868,-2.82008,1,stable
-10.32248,-2.95224,1,stable
-12.52472,-2.83482,1,stable
-12.68816,-3.23146,1,stable
-15.38652,-3.42792,1,stable
-11.78678,-2.97256,1,stable
-12.74644,-3.23264,1,stable
-15.40954,-3.31954,1,stable
-9.01051,-0.91351,1,stable
-9.48967,-1.07701,1,stable
-9.20759,-1.14769,1,stable
-11.34599,-1.19367,1,stable
-10.94119,-1.43505,1,stable
-11.77207,-1.52933,1,stable
-12.68685,-1.71327,1,stable
-15.15431,-1.75835,1,stable
-17.23957,-1.85843,1,stable
-10.13537,-0.7686,1,stable
-8.26191,-0.1713,1,stable
-11.69515,-0.74596,1,stable
-9.00347,-0.42026,1,stable
-9.06391,-0.48988,1,stable
-10.35303,-1.16622,1,stable
-10.31631,-0.23068,1,stable
-13.61383,-0.9982,1,stable
-11.08069,-0.4926,1,stable
-16.77325,-1.06784,1,stable
-12.85963,-0.9673,1,stable
-17.49741,-1.09988,1,stable
-12.84827,-0.90788,1,stable
-14.46729,-1.14314,1,stable
-13.37671,-1.08402,1,stable
-13.17899,-1.09766,1,stable
-12.50911,-1.08792,1,stable
-13.57597,-1.07378,1,stable
-13.22985,-1.02706,1,stable
-13.95887,0.02214,1,stable
-12.02449,-0.41756,1,stable
-13.36789,-0.37572,1,stable
-12.59537,-0.45984,1,stable
-14.76685,-0.29956,1,stable
-14.74905,-0.24718,1,stable
-14.40725,-0.2236,1,stable
-14.73885,0.10634,1,stable
-17.24453,0.09208,1,stable
-13.18591,0.01772,1,stable
-12.97139,0.10844,1,stable
-14.47031,0.10716,1,stable
-19.13829,0.02352,1,stable
-19.07963,-0.04114,1,stable
-9.5828,0.30537,1,stable
-13.062,0.29433,1,stable
-11.71258,0.19553,1,stable
-8.35452,0.19037,1,stable
-13.15704,0.21085,1,stable
-11.10422,0.20587,1,stable
-12.24894,0.24253,1,stable
-12.23292,0.12577,1,stable
-13.23752,0.22773,1,stable
-14.6314,0.28769,1,stable
-15.54106,0.37725,1,stable
-15.3981,0.41003,1,stable
-12.6102,0.23877,1,stable
-15.14686,0.49691,1,stable
-15.8964,0.50061,1,stable
-18.6253,0.47923,1,stable
-18.17338,0.64073,1,stable
-11.24134,0.50302,1,stable
-14.03462,0.38596,1,stable
-8.32124,0.48944,1,stable
-10.94464,0.4101,1,stable
-10.08746,0.48806,1,stable
-16.13546,0.3262,1,stable
-10.38034,0.40976,1,stable
-15.2983,0.4823,1,stable
-14.3322,0.52684,1,stable
-13.22382,0.50746,1,stable
-14.11024,0.50272,1,stable
-12.42466,0.46924,1,stable
-12.30964,0.546,1,stable
-13.0358,0.52774,1,stable
-15.26134,0.63506,1,stable
-13.0034,0.54578,1,stable
-16.2904,0.61382,1,stable
-12.17918,0.62988,1,stable
-6.3628,0.55014,1,stable
-8.1137,0.36564,1,stable
-11.59708,0.30076,1,stable
-8.39862,0.3671,1,stable
-13.96486,0.3807,1,stable
-15.46142,0.48178,1,stable
-11.85872,0.52302,1,stable
-12.14854,0.5023,1,stable
-13.5377,0.57254,1,stable
-12.45374,0.54336,1,stable
-13.46396,0.54416,1,stable
-13.44088,0.59004,1,stable
-14.28666,0.62764,1,stable
-11.95108,0.56808,1,stable
-13.12718,0.5604,1,stable
-16.39166,0.6475,1,stable
-15.87024,0.66664,1,stable
-15.28464,0.64222,1,stable
-6.79314,0.48652,1,stable
-10.42642,0.3656,1,stable
-13.09344,0.43058,1,stable
-12.70862,0.84172,1,stable
-7.83112,0.46668,1,stable
-11.01816,-0.06346,1,stable
-13.05266,-0.2539,1,stable
-7.51564,0.48992,1,stable
-13.5516,0.41994,1,stable
-13.06748,0.42244,1,stable
-12.60766,0.42342,1,stable
-9.7284,0.43544,1,stable
-10.58816,0.43268,1,stable
-13.33458,0.48066,1,stable
-11.68506,0.5323,1,stable
-13.67134,0.45754,1,stable
-12.821,0.5579,1,stable
-16.5527,0.56834,1,stable
-16.88212,0.53246,1,stable
-17.09242,0.67438,1,stable
-16.00662,0.59518,1,stable
-6.76426,0.4363,1,stable
-8.33734,0.43756,1,stable
-9.8419,0.42218,1,stable
-8.6431,0.42302,1,stable
-7.09286,0.42278,1,stable
-9.39258,0.3527,1,stable
-9.60334,0.0094,1,stable
-9.8825,0.47856,1,stable
-12.97974,0.4086,1,stable
-12.85302,0.44032,1,stable
-13.38366,0.41852,1,stable
-10.9223,0.44988,1,stable
-10.70902,0.50604,1,stable
-12.35806,0.58354,1,stable
-15.61062,0.52082,1,stable
-7.01258,0.37896,1,stable
-11.85786,0.13876,1,stable
-12.10602,-0.15652,1,stable
-13.6331,-0.30872,1,stable
-12.84842,0.31268,1,stable
-7.43978,0.34168,1,stable
-11.8399,0.35596,1,stable
-8.67782,0.37608,1,stable
-15.04702,0.19752,1,stable
-9.43954,0.44296,1,stable
-9.13874,0.34792,1,stable
-12.14262,0.2546,1,stable
-9.58118,0.3466,1,stable
-13.08094,0.33616,1,stable
-12.62286,0.54672,1,stable
-11.24434,0.43144,1,stable
-10.05818,0.551,1,stable
-10.45486,0.49156,1,stable
-12.64642,0.399,1,stable
-13.0769,0.37264,1,stable
-13.17534,0.3868,1,stable
-15.7983,0.62488,1,stable
-7.39256,0.38746,1,stable
-4.42168,0.42238,1,stable
-11.28188,0.13174,1,stable
-8.04144,0.14834,1,stable
-11.87416,0.27882,1,stable
-11.89452,0.2481,1,stable
-11.87708,0.32502,1,stable
-12.3476,0.32042,1,stable
-10.08496,0.33186,1,stable
-12.46628,0.3411,1,stable
-10.69408,0.41926,1,stable
-11.21988,0.46242,1,stable
-13.38088,0.33094,1,stable
-13.0504,0.42258,1,stable
-7.01225,0.36559,1,stable
-8.27433,0.27367,1,stable
-10.73037,0.30699,1,stable
-12.26365,0.41155,1,stable
-6.36445,0.35531,1,stable
-7.73737,0.30643,1,stable
-12.33765,0.21243,1,stable
-11.72625,0.19751,1,stable
-11.16561,0.39727,1,stable
-10.91433,0.39155,1,stable
-9.77229,0.41323,1,stable
-9.16981,0.40795,1,stable
-10.86753,0.37335,1,stable
-12.39241,0.37235,1,stable
-14.68801,0.43683,1,stable
-15.26417,0.37171,1,stable
-9.02393,0.41623,1,stable
-5.57664,0.30077,1,stable
-7.34672,0.85229,1,stable
-7.1994,0.27733,1,stable
-7.30072,0.28169,1,stable
-10.51624,0.40593,1,stable
-8.05036,0.27089,1,stable
-11.6318,0.06101,1,stable
-6.65172,0.23109,1,stable
-9.42156,0.19333,1,stable
-11.32908,0.26101,1,stable
-10.9152,0.25049,1,stable
-7.42608,0.29161,1,stable
-11.56888,0.12097,1,stable
-11.6932,0.26021,1,stable
-11.51836,0.35853,1,stable
-9.30892,0.44429,1,stable
-4.5626,0.30536,1,stable
-7.59536,0.39372,1,stable
-5.19636,0.3132,1,stable
-6.87464,0.42608,1,stable
-11.01292,0.62136,1,stable
-6.37752,0.2742,1,stable
-6.9432,0.30184,1,stable
-6.18856,0.3104,1,stable
-11.9652,0.63964,1,stable
-7.11028,0.3158,1,stable
-10.783,0.44544,1,stable
-11.00076,0.33056,1,stable
-9.83344,0.33904,1,stable
-12.58388,0.53444,1,stable
-14.3814,0.50856,1,stable
-8.8674,0.44152,1,stable
-13.25908,0.67908,1,stable
-12.80064,0.57828,1,stable
-13.48168,0.563,1,stable
-4.90508,0.30616,1,stable
-4.63376,0.30608,1,stable
-6.5432,0.27768,1,stable
-12.93484,-0.106,1,stable
-7.56064,0.107,1,stable
-10.36696,0.33724,1,stable
-10.67924,0.26596,1,stable
-8.71984,0.32084,1,stable
-13.55248,0.10892,1,stable
-8.81224,0.1684,1,stable
-10.1602,0.34264,1,stable
-11.62688,0.24768,1,stable
-10.66884,0.34056,1,stable
-8.57176,0.32584,1,stable
-9.42064,0.3164,1,stable
-10.80368,0.2012,1,stable
-10.46064,0.34248,1,stable
-11.25928,0.3286,1,stable
-8.93908,0.33604,1,stable
-9.8188,0.41648,1,stable
-5.68292,0.35948,1,stable
-7.80872,0.3362,1,stable
-2.69992,0.34584,1,stable
-4.30336,0.34912,1,stable
-7.0636,0.42012,1,stable
-6.1462,0.15484,1,stable
-7.4392,0.35628,1,stable
-7.62508,0.33068,1,stable
-5.884,0.2628,1,stable
-6.19232,0.33984,1,stable
-7.15748,0.26256,1,stable
-6.94624,0.32364,1,stable
-7.52708,0.31188,1,stable
-8.32264,0.30656,1,stable
-7.6856,0.33428,1,stable
-8.60808,0.331,1,stable
-11.71448,0.42376,1,stable
-12.86724,0.4122,1,stable
-11.92452,0.3264,1,stable
-8.11852,0.37764,1,stable
-8.51612,0.3756,1,stable
-11.9308,0.41268,1,stable
-3.95364,0.32504,1,stable
-5.85848,0.34416,1,stable
-10.88524,0.07444,1,stable
-8.47332,0.5594,1,stable
-3.55748,0.34232,1,stable
-4.8018,0.3168,1,stable
-5.92032,0.20852,1,stable
-6.10316,0.18668,1,stable
-6.18512,0.21932,1,stable
-5.33768,0.30504,1,stable
-9.1086,0.48828,1,stable
-12.138,0.44416,1,stable
-9.74932,0.4368,1,stable
-7.49144,0.29076,1,stable
-8.7444,0.27768,1,stable
-8.67872,0.31016,1,stable
-9.80568,0.33088,1,stable
-9.18028,0.295,1,stable
-9.97452,0.3756,1,stable
-9.82976,0.35516,1,stable
-13.51092,0.2704,1,stable
-9.29996,0.30284,1,stable
-8.28212,0.32596,1,stable
-11.59448,0.33004,1,stable
-12.29576,0.32488,1,stable
-12.58996,0.31196,1,stable
-8.25688,0.21644,1,stable
-6.41148,0.21048,1,stable
-12.08764,-0.12888,1,stable
-13.24532,-0.1774,1,stable
-9.72112,0.22,1,stable
-10.13312,0.24304,1,stable
-6.5434,0.06052,1,stable
-8.40536,0.27692,1,stable
-7.56156,-0.04504,1,stable
-7.46332,0.02812,1,stable
-7.31816,0.09268,1,stable
-9.42004,0.1764,1,stable
-8.1486,-0.04984,1,stable
-8.71708,0.02732,1,stable
-10.00608,0.02432,1,stable
-9.77368,0.07964,1,stable
-10.87368,0.21024,1,stable
-5.12176,-0.27236,1,stable
-6.80124,-0.25764,1,stable
-6.07528,-0.33996,1,stable
-6.3332,-0.28956,1,stable
-6.38252,-0.4632,1,stable
-5.96248,-0.5178,1,stable
-6.60512,-0.56064,1,stable
-8.24864,-0.29644,1,stable
-9.09452,-0.2492,1,stable
-8.02964,-0.46808,1,stable
-8.14228,-0.43716,1,stable
-12.38676,-0.32936,1,stable
-9.90656,-0.2558,1,stable
-11.58884,-0.41948,1,stable
-7.44044,-0.25832,1,stable
-9.64168,-0.2496,1,stable
-10.00104,-0.22976,1,stable
-10.10172,-0.23084,1,stable
-7.52624,-0.24128,1,stable
-12.26464,-0.48324,1,stable
-1.47009,3.15879,2,transition
-0.038425,3.027855,2,transition
-1.47417,3.14675,2,transition
-1.168225,4.783055,2,transition
-0.941865,5.391335,2,transition
-0.77613,5.16275,2,transition
-0.648145,5.459615,2,transition
-0.46706,9.87746,2,transition
-1.3883,2.50634,2,transition
-1.200325,5.061035,2,transition
-0.9555,6.00098,2,transition
-0.612435,7.221085,2,transition
-0.832435,5.608885,2,transition
-1.313915,3.403045,2,transition
-1.4149,4.9675,2,transition
-1.354515,6.218165,2,transition
-0.808755,8.285765,2,transition
-1.06913,10.89187,2,transition
-1.102675,7.655005,2,transition
-1.027595,9.110565,2,transition
-1.020755,9.043685,2,transition
-1.135165,11.305915,2,transition
-4.01179,-2.415735,1,stable
-3.53,-2.172335,1,stable
-2.31061,-1.615575,1,stable
-1.20416,-0.902065,2,transition
-3.61505,-2.183905,1,stable
-2.59681,-1.586405,1,stable
-2.35615,-1.547395,1,stable
-1.80253,-1.21612,1,stable
-3.44266,-2.143755,1,stable
-2.89725,-1.8209,1,stable
-3.42948,-2.21867,1,stable
-3.20377,-2.081695,1,stable
-3.26734,-2.168895,1,stable
-3.46127,-2.328335,1,stable
-5.29964,-2.09637,1,stable
-4.60901,-1.7701,1,stable
-3.18995,-1.38573,1,stable
-2.8536,-1.05107,1,stable
-2.2915,-0.80855,1,stable
-3.48458,-1.32313,1,stable
-5.40862,-2.107,1,stable
-6.27803,-2.5559,1,stable
-5.32448,-2.07311,1,stable
-4.42545,-1.80227,1,stable
-4.58957,-1.78335,1,stable
-6.86519,-2.99239,1,stable
-9.52636,-2.75935,1,stable
-4.21436,-1.43569,1,stable
-7.26277,-2.42955,1,stable
-6.48916,-1.98036,1,stable
-4.03541,-1.36017,1,stable
-8.09483,-2.2705,1,stable
-7.38632,-2.05518,1,stable
-6.85878,-2.09328,1,stable
-4.86676,-1.43543,1,stable
-7.06885,-1.95596,1,stable
-4.78714,-1.60342,1,stable
-4.128,-1.63781,1,stable
-7.02213,-1.93174,1,stable
-7.18332,-2.13621,1,stable
-9.31158,-3.03355,1,stable
-7.90421,-2.50793,1,stable
-9.28705,-3.28205,1,stable
-8.34393,-2.383,1,stable
-9.62148,-2.32267,1,stable
-4.74072,-1.35389,1,stable
-10.62022,-2.31991,1,stable
-7.32014,-1.72983,1,stable
-7.11592,-1.9016,1,stable
-9.37354,-1.84846,1,stable
-10.16356,-2.06873,1,stable
-7.7576,-1.60313,1,stable
-9.03802,-1.83764,1,stable
-10.42968,-2.40925,1,stable
-8.90562,-1.80573,1,stable
-7.24262,-1.89329,1,stable
-11.12794,-3.07431,1,stable
-10.09596,-2.71565,1,stable
-10.21082,-2.34533,1,stable
-14.21137,-2.41609,1,stable
-9.88215,-2.12637,1,stable
-9.10603,-1.99011,1,stable
-11.35829,-2.46793,1,stable
-10.79821,-1.76019,1,stable
-9.47425,-1.84549,1,stable
-8.66349,-1.78591,1,stable
-8.40355,-1.81343,1,stable
-12.81319,-2.13829,1,stable
-8.55331,-1.69389,1,stable
-9.32969,-1.67823,1,stable
-14.41405,-2.35015,1,stable
-13.04873,-2.30399,1,stable
-10.09347,-1.83607,1,stable
-14.35091,-2.36803,1,stable
-12.40645,-2.31049,1,stable
-13.74219,-1.88507,1,stable
-14.04731,-1.8143,1,stable
-13.92407,-1.84502,1,stable
-13.63491,-2.09448,1,stable
-13.58031,-1.4614,1,stable
-13.21235,-1.80208,1,stable
-9.99895,-1.33546,1,stable
-11.82841,-1.17298,1,stable
-10.97015,-1.44984,1,stable
-14.27163,-1.75982,1,stable
-15.23415,-2.00502,1,stable
-13.45353,-1.80766,1,stable
-10.23411,-1.02678,1,stable
-15.50595,-1.67762,1,stable
-15.91739,-1.56648,1,stable
-12.07957,-1.26224,1,stable
-10.76097,-0.5627,1,stable
-14.89137,-1.14918,1,stable
-15.04099,-1.4138,1,stable
-14.56069,-0.63662,1,stable
-8.92917,-0.24234,1,stable
-14.98667,-0.41512,1,stable
-8.14219,-0.25316,1,stable
-12.04829,-0.51062,1,stable
-14.16209,-0.66086,1,stable
-14.65125,-0.48888,1,stable
-15.88047,-0.64632,1,stable
-14.31239,-0.7229,1,stable
-11.80629,-0.18432,1,stable
-17.90699,-0.61612,1,stable
-16.32931,-0.41192,1,stable
-11.06999,0.16764,1,stable
-10.49908,-0.61855,1,stable
-14.31344,0.18169,1,stable
-13.86712,-0.53689,1,stable
-11.0437,0.16063,1,stable
-14.6503,-0.34617,1,stable
-12.7052,-0.81177,1,stable
-14.43138,-0.30619,1,stable
-11.17508,-0.49311,1,stable
-15.78696,0.09351,1,stable
-10.64634,-0.20729,1,stable
-14.7605,0.26457,1,stable
-9.7809,0.07995,1,stable
-13.2984,0.38367,1,stable
-11.52868,0.27761,1,stable
-10.81962,-0.05219,1,stable
-18.5748,0.21625,1,stable
-17.26624,0.26635,1,stable
-15.92792,0.40093,1,stable
-11.59742,0.39935,1,stable
-10.0471,0.11409,1,stable
-15.6042,0.35525,1,stable
-16.26286,0.33233,1,stable
-17.25794,0.43921,1,stable
-16.77808,0.51915,1,stable
-12.9699,0.43567,1,stable
-16.96404,0.38513,1,stable
-14.63402,0.50949,1,stable
-14.8638,0.45883,1,stable
-14.77827,0.12533,1,stable
-13.52211,0.57419,1,stable
-10.43229,0.39219,1,stable
-8.57631,0.19561,1,stable
-13.28419,0.67021,1,stable
-10.20971,0.27913,1,stable
-13.52111,0.38525,1,stable
-11.84723,0.67597,1,stable
-9.43893,0.31609,1,stable
-10.49135,0.40751,1,stable
-15.12049,0.79699,1,stable
-13.11893,0.76097,1,stable
-14.57126,0.72837,1,stable
-15.97646,0.69487,1,stable
-15.5047,0.77205,1,stable
-15.59998,0.73219,1,stable
-8.09788,0.62127,1,stable
-9.778,0.59489,1,stable
-12.572,0.73627,1,stable
-12.91204,0.91985,1,stable
-12.13062,0.59949,1,stable
-12.69446,0.71235,1,stable
-12.55222,0.66987,1,stable
-11.58226,0.49515,1,stable
-10.07626,0.42775,1,stable
-12.90108,0.58001,1,stable
-12.59434,0.68985,1,stable
-15.32634,0.60443,1,stable
-9.10026,0.60371,1,stable
-8.04828,0.51783,1,stable
-13.65196,0.55555,1,stable
-16.45056,0.58367,1,stable
-13.89604,0.70373,1,stable
-14.88622,0.59563,1,stable
-10.30416,0.87071,1,stable
-9.18124,0.91125,1,stable
-15.09744,0.65742,1,stable
-15.59544,0.63864,1,stable
-12.86898,0.90192,1,stable
-11.99176,0.74238,1,stable
-9.89182,0.4258,1,stable
-8.34942,0.36738,1,stable
-11.84644,0.68138,1,stable
-12.51446,0.67414,1,stable
-11.9416,0.61062,1,stable
-9.50486,0.5714,1,stable
-11.7904,0.5823,1,stable
-10.12428,0.7256,1,stable
-12.1559,0.71594,1,stable
-13.04252,0.60944,1,stable
-12.89996,0.6975,1,stable
-15.91744,0.59728,1,stable
-8.5193,0.754,1,stable
-16.32886,0.77184,1,stable
-8.54404,1.04686,1,stable
-7.69538,0.77868,1,stable
-14.81332,0.75914,1,stable
-10.17848,0.9342,1,stable
-13.1614,0.8919,1,stable
-14.26292,0.8483,1,stable
-14.94952,0.64592,1,stable
-6.40944,1.13474,1,stable
-9.12672,0.6267,1,stable
-12.51564,0.70594,1,stable
-8.03468,0.72726,1,stable
-12.36136,0.68116,1,stable
-9.9762,0.65754,1,stable
-13.41824,0.77864,1,stable
-7.4648,0.91668,1,stable
-14.74044,0.81454,1,stable
-14.22896,0.81476,1,stable
-9.96712,0.87134,1,stable
-8.34888,1.00456,1,stable
-7.25004,0.99892,1,stable
-12.31572,0.84568,1,stable
-13.55212,0.97528,1,stable
-9.02436,0.94924,1,stable
-14.91345,0.63335,1,stable
-10.46405,0.77331,1,stable
-11.59341,0.68287,1,stable
-9.60653,0.55335,1,stable
-8.76385,0.62559,1,stable
-10.86161,0.70247,1,stable
-10.58061,0.58191,1,stable
-11.28209,0.72055,1,stable
-10.45329,0.68603,1,stable
-6.91705,0.73351,1,stable
-9.46269,0.82455,1,stable
-14.75081,0.78435,1,stable
-11.15145,0.89919,1,stable
-11.52197,0.76019,1,stable
-8.01913,0.89811,1,stable
-11.88127,0.72014,1,stable
-9.06211,0.54442,1,stable
-8.75083,0.53822,1,stable
-8.74579,0.47978,1,stable
-10.86987,0.75762,1,stable
-6.40019,0.6259,1,stable
-10.02879,0.64162,1,stable
-6.30991,0.7593,1,stable
-9.86423,0.76586,1,stable
-8.96527,0.75438,1,stable
-5.34799,0.78346,1,stable
-10.93423,0.75054,1,stable
-11.70255,0.79782,1,stable
-10.96159,0.79538,1,stable
-9.81795,0.7903,1,stable
-6.94667,0.5857,1,stable
-9.66671,0.75522,1,stable
-5.91287,0.87406,1,stable
-7.19763,0.8215,1,stable
-9.91359,1.01886,1,stable
-11.02531,1.06298,1,stable
-8.62627,0.91286,1,stable
-10.09539,0.60316,1,stable
-6.19239,0.77024,1,stable
-6.48919,0.50892,1,stable
-9.42599,0.79816,1,stable
-6.60079,0.83952,1,stable
-9.18675,0.73936,1,stable
-11.43843,0.8574,1,stable
-6.22103,0.89216,1,stable
-6.64291,0.89504,1,stable
-4.31771,0.781,1,stable
-10.10075,0.69656,1,stable
-8.37299,0.83436,1,stable
-7.38955,0.8086,1,stable
-6.48875,0.79184,1,stable
-9.75747,0.65068,1,stable
-7.96528,0.58683,1,stable
-11.11744,0.59331,1,stable
-8.2116,0.55131,1,stable
-4.2258,0.48059,1,stable
-8.48088,0.66815,1,stable
-7.32888,0.62731,1,stable
-6.5144,0.50203,1,stable
-6.09504,0.05835,1,stable
-9.38764,0.80323,1,stable
-4.3054,0.90247,1,stable
-3.62348,0.87451,1,stable
-9.23268,0.86359,1,stable
-3.39932,0.87779,1,stable
-7.84208,0.66283,1,stable
-5.65704,0.75807,1,stable
-10.54172,0.57572,1,stable
-3.78684,0.43896,1,stable
-7.38124,0.6266,1,stable
-9.2178,0.57688,1,stable
-10.58392,0.67064,1,stable
-1.49072,0.9038,2,transition
-6.73472,0.59416,1,stable
-6.03832,0.47608,1,stable
-7.25028,0.68552,1,stable
-5.54212,0.16012,1,stable
-8.18024,0.65188,1,stable
-5.63516,0.69696,1,stable
-6.93744,0.69812,1,stable
-6.40496,0.77968,1,stable
-5.65276,0.77048,1,stable
-7.2046,0.75148,1,stable
-6.92452,0.52592,1,stable
-5.92576,0.52308,1,stable
-6.87564,0.59976,1,stable
-7.31936,0.74392,1,stable
-9.66896,0.74052,1,stable
-5.6724,0.77516,1,stable
-3.29172,0.77956,1,stable
-8.84156,0.74592,1,stable
-10.96784,0.612,1,stable
-9.4368,0.84896,1,stable
-7.88808,0.9016,1,stable
-8.40776,0.41856,1,stable
-9.17484,0.73036,1,stable
-9.40868,0.6264,1,stable
-9.95728,0.58444,1,stable
-10.69868,0.59052,1,stable
-7.69904,0.62136,1,stable
-5.74956,0.466,1,stable
-7.33848,0.656,1,stable
-3.98376,0.74096,1,stable
-4.872,0.40044,1,stable
-5.70724,0.69772,1,stable
-4.0464,0.62208,1,stable
-3.52612,0.64232,1,stable
-3.30112,0.4732,1,stable
-6.45304,0.47148,1,stable
-1.48192,0.52292,2,transition
-8.77236,0.61584,1,stable
-4.39468,0.6106,1,stable
-7.43128,0.22848,1,stable
-5.09736,0.4874,1,stable
-6.63724,0.62808,1,stable
-5.4224,0.73244,1,stable
-3.66656,0.50584,1,stable
-3.26288,0.51848,1,stable
-4.98416,0.47148,1,stable
-8.12452,0.64332,1,stable
-6.05544,0.57728,1,stable
-11.6932,0.29196,1,stable
-1.90828,0.44312,1,stable
-8.23172,0.64448,1,stable
-3.95596,0.43872,1,stable
-5.08772,0.46664,1,stable
-6.72212,0.50588,1,stable
-8.61132,0.68972,1,stable
-8.881,0.69324,1,stable
-5.61768,0.4834,1,stable
-5.90464,0.41324,1,stable
-4.58752,0.50984,1,stable
-3.12916,0.5696,1,stable
-4.52236,0.62052,1,stable
-5.1218,0.70844,1,stable
-3.03472,0.55104,1,stable
-4.19452,0.48492,1,stable
-8.37976,0.6168,1,stable
-4.61624,0.54324,1,stable
-2.91144,0.48112,1,stable
-7.03004,0.58036,1,stable
-3.5824,0.37356,1,stable
-7.06824,0.54908,1,stable
-6.5222,0.63696,1,stable
-7.02128,0.19708,1,stable
-4.53712,0.72096,1,stable
-2.86176,0.68812,1,stable
-1.58052,0.5088,2,transition
-3.85404,0.54048,1,stable
-2.40064,0.424,1,stable
-5.04004,0.48224,1,stable
-1.42248,0.38072,2,transition
-8.72652,0.5258,1,stable
-5.91276,0.43656,1,stable
-6.59968,0.57816,1,stable
-4.1006,0.20776,1,stable
-6.98188,-0.04176,1,stable
-3.74884,0.32,1,stable
-5.16872,0.24876,1,stable
-3.3462,0.283,1,stable
-5.49168,0.25408,1,stable
-5.44364,0.24532,1,stable
-5.48392,0.2136,1,stable
-1.47156,0.07648,2,transition
-0.71432,0.09604,2,transition
-4.17916,0.2728,1,stable
-0.08856,0.12876,2,transition
-0.24824,0.1046,2,transition
-0.25564,0.11572,2,transition
-1.3384,0.08408,2,transition
-4.0188,0.0534,1,stable
-2.92564,0.17008,1,stable
-1.11848,0.06592,2,transition
-6.11424,0.24896,1,stable
-6.21112,0.24644,1,stable
-5.65428,-0.41268,1,stable
-5.30212,-0.41884,1,stable
-5.0438,-0.44592,1,stable
-2.92952,-0.37556,1,stable
-4.06388,-0.4072,1,stable
-3.87888,-0.50672,1,stable
-6.748,-0.42304,1,stable
-1.65424,-0.40856,2,transition
-6.78572,-0.40324,1,stable
-7.698,-0.39784,1,stable
-4.45552,-0.47308,1,stable
-1.154145,7.876975,2,transition
-1.07937,7.45131,2,transition
-1.0143975,4.1480025,2,transition
-1.101425,6.452095,2,transition
-0.94084,5.13808,2,transition
-1.02421,5.09911,2,transition
-0.9355275,1.9939925,2,transition
-1.026625,2.478655,2,transition
-1.075965,4.312595,2,transition
-1.00915,3.97897,2,transition
-1.0096175,2.1423825,2,transition
-1.02446,6.56198,2,transition
-0.9903025,2.9443775,2,transition
-1.482655,5.824785,2,transition
-2.53684,-1.5224425,1,stable
-2.106735,-1.356285,1,stable
-2.44259,-1.4704175,1,stable
-2.572335,-1.5901675,1,stable
-2.885125,-1.8171925,1,stable
-2.694695,-1.61873,1,stable
-2.51145,-1.5155775,1,stable
-2.73703,-1.6420175,1,stable
-3.16165,-2.066535,1,stable
-2.196925,-1.3567925,1,stable
-2.7064,-1.655595,1,stable
-2.913125,-1.726145,1,stable
-5.44751,-2.27518,1,stable
-6.06159,-2.519205,1,stable
-4.75067,-1.972605,1,stable
-4.64123,-1.991105,1,stable
-4.41211,-1.936955,1,stable
-4.50387,-1.95109,1,stable
-4.75346,-1.920825,1,stable
-5.4553,-2.345115,1,stable
-4.52574,-1.831045,1,stable
-5.0241,-2.161015,1,stable
-4.42294,-1.70625,1,stable
-4.58396,-1.88553,1,stable
-4.31157,-1.766,1,stable
-4.4691,-1.848335,1,stable
-4.68553,-2.024155,1,stable
-4.46889,-1.897855,1,stable
-4.33177,-1.81871,1,stable
-4.90503,-2.05547,1,stable
-5.69607,-2.360925,1,stable
-6.3824,-2.66338,1,stable
-6.45042,-1.82264,1,stable
-7.0803,-2.07671,1,stable
-5.27982,-1.62173,1,stable
-4.47806,-1.5532,1,stable
-6.82435,-2.07153,1,stable
-6.47292,-1.82861,1,stable
-6.54729,-1.84261,1,stable
-6.38037,-1.85653,1,stable
-6.33549,-1.75153,1,stable
-10.2447,-3.38484,1,stable
-6.78132,-1.78775,1,stable
-6.33691,-1.85294,1,stable
-5.37763,-1.4197,1,stable
-6.91046,-1.83709,1,stable
-8.77853,-1.37628,1,stable
-8.21803,-1.52948,1,stable
-6.79657,-0.96383,1,stable
-8.06439,-1.49594,1,stable
-7.56945,-1.26632,1,stable
-7.83801,-1.47963,1,stable
-8.34833,-1.57168,1,stable
-7.71161,-1.36873,1,stable
-8.94591,-1.75874,1,stable
-8.93409,-1.75008,1,stable
-8.16137,-1.48895,1,stable
-12.88077,-2.90096,1,stable
-10.46073,-2.15795,1,stable
-7.18715,-0.7582,1,stable
-6.63771,-0.85556,1,stable
-9.14813,-0.92484,1,stable
-9.54929,-1.04624,1,stable
-8.86247,-0.91014,1,stable
-6.47479,-0.6436,1,stable
-7.43791,-0.78432,1,stable
-10.46037,-1.1813,1,stable
-7.56363,-0.8124,1,stable
-9.31197,-0.74358,1,stable
-7.44397,-0.5077,1,stable
-7.16311,-0.6967,1,stable
-8.75283,-0.5594,1,stable
-8.06407,-0.26994,1,stable
-12.64898,-0.45235,1,stable
-7.73514,-0.29423,1,stable
-10.2305,-0.46499,1,stable
-9.41004,-0.34717,1,stable
-9.1921,-0.39073,1,stable
-5.96578,-0.27719,1,stable
-8.9336,-0.46307,1,stable
-8.84494,-0.43087,1,stable
-10.0714,-0.52899,1,stable
-9.3177,-0.56487,1,stable
-10.24384,-0.72747,1,stable
-10.93216,-0.68025,1,stable
-10.3933,-0.71689,1,stable
-9.24954,0.09274,1,stable
-9.60878,0.05384,1,stable
-9.03474,0.0783,1,stable
-7.18176,0.0892,1,stable
-6.7741,0.0261,1,stable
-8.30818,0.20592,1,stable
-11.0807,-0.03372,1,stable
-10.54086,-0.03464,1,stable
-8.73632,-0.0213,1,stable
-7.24048,-0.04726,1,stable
-8.09594,-0.08596,1,stable
-10.10324,-0.06178,1,stable
-8.46954,-0.01828,1,stable
-5.7963,0.57272,1,stable
-8.50372,0.52566,1,stable
-6.66732,0.73772,1,stable
-8.0088,0.22512,1,stable
-6.65224,0.59102,1,stable
-7.44142,0.10074,1,stable
-10.15742,0.23588,1,stable
-7.22252,0.62458,1,stable
-7.93774,0.72436,1,stable
-9.47242,0.23878,1,stable
-7.78058,0.31122,1,stable
-7.3191,0.22798,1,stable
-8.78316,0.15958,1,stable
-8.95362,0.14562,1,stable
-9.24822,0.14138,1,stable
-10.67144,0.32266,1,stable
-9.3967,0.43604,1,stable
-7.73824,0.00596,1,stable
-13.13348,0.44502,1,stable
-17.39276,0.06958,1,stable
-7.77148,0.73224,1,stable
-8.7507,0.29302,1,stable
-8.38368,0.4398,1,stable
-10.11954,0.64078,1,stable
-7.27154,0.5952,1,stable
-8.14345,0.37671,1,stable
-8.90079,0.53555,1,stable
-8.79501,0.56585,1,stable
-7.90465,0.49659,1,stable
-8.01683,0.93509,1,stable
-8.05397,0.75925,1,stable
-12.60833,0.52515,1,stable
-11.46915,0.58261,1,stable
-6.98451,0.97619,1,stable
-6.51933,1.04157,1,stable
-7.92565,0.763,1,stable
-5.91663,0.41258,1,stable
-7.31067,0.60452,1,stable
-8.53125,0.87204,1,stable
-8.89803,0.72432,1,stable
-7.37091,0.64592,1,stable
-7.64283,0.41114,1,stable
-8.62569,0.3993,1,stable
-8.00583,0.335,1,stable
-7.19863,0.37456,1,stable
-7.35399,0.51262,1,stable
-8.69771,0.60102,1,stable
-6.35009,0.57016,1,stable
-5.66943,0.86386,1,stable
-6.30771,0.55546,1,stable
-6.30061,0.46086,1,stable
-4.94945,1.07904,1,stable
-8.70697,0.59004,1,stable
-7.30961,0.55318,1,stable
-5.77111,0.33176,1,stable
-9.09387,0.54544,1,stable
-6.80095,0.5845,1,stable
-7.56525,0.2169,1,stable
-7.79735,0.257,1,stable
-15.87619,0.64658,1,stable
-5.86819,0.74688,1,stable
-6.52799,0.67932,1,stable
-5.86187,0.69616,1,stable
-5.77417,0.57592,1,stable
-6.20389,0.6755,1,stable
-8.87309,0.32026,1,stable
-7.06025,0.3535,1,stable
-8.42757,0.4491,1,stable
-7.69165,0.3983,1,stable
-5.15713,0.24336,1,stable
-6.68989,0.37042,1,stable
-6.53181,0.4991,1,stable
-8.56609,0.52778,1,stable
-6.27253,0.41154,1,stable
-6.50281,0.51348,1,stable
-6.49753,0.57292,1,stable
-7.46321,0.40726,1,stable
-5.90017,0.6364,1,stable
-6.34509,0.89328,1,stable
-5.61133,0.93304,1,stable
-3.11481,0.69826,1,stable
-2.26733,0.68256,1,stable
-7.04289,0.43738,1,stable
-6.17673,0.03912,1,stable
-5.44341,0.14628,1,stable
-5.58381,0.16452,1,stable
-7.17817,0.14696,1,stable
-8.14189,0.43176,1,stable
-5.60293,0.15812,1,stable
-6.79441,0.3628,1,stable
-4.90777,0.18436,1,stable
-5.34089,0.38616,1,stable
-6.45157,0.45632,1,stable
-4.75177,0.85956,1,stable
-4.31205,0.42524,1,stable
-4.81133,0.60772,1,stable
-5.22393,0.51892,1,stable
-2.60225,0.51256,1,stable
-5.88021,0.52968,1,stable
-7.72625,0.23616,1,stable
-7.10891,0.20322,1,stable
-5.34431,0.0991,1,stable
-6.52039,0.1759,1,stable
-7.37415,0.10198,1,stable
-7.85671,0.29782,1,stable
-5.80039,0.19738,1,stable
-5.94207,0.17266,1,stable
-5.11951,0.0495,1,stable
-6.46675,0.47446,1,stable
-4.86503,0.10038,1,stable
-4.78467,0.27706,1,stable
-4.41711,0.23842,1,stable
-2.50411,0.5185,1,stable
-3.85551,0.70502,1,stable
-5.80331,0.3049,1,stable
-0.43771,0.71618,2,transition
-8.27887,0.3763,1,stable
-4.02555,0.10758,1,stable
-7.59743,0.12882,1,stable
-7.5632,0.29967,1,stable
-6.10672,0.11195,1,stable
-5.86312,0.13359,1,stable
-6.94164,0.14311,1,stable
-4.09464,0.72339,1,stable
-7.10984,0.16087,1,stable
-6.04,0.12703,1,stable
-6.92232,0.21423,1,stable
-6.94688,0.21423,1,stable
-6.21604,0.13739,1,stable
-7.3844,0.28255,1,stable
-7.5554,0.30131,1,stable
-5.60128,0.60815,1,stable
-5.84792,0.64219,1,stable
-5.09988,0.07603,1,stable
-6.47184,0.07327,1,stable
-4.58068,0.21447,1,stable
-7.17552,0.19311,1,stable
-7.87668,0.51491,1,stable
-3.31056,0.74583,1,stable
-2.00496,0.84839,1,stable
-6.06571,0.04101,1,stable
-5.68419,0.05101,1,stable
-6.45779,0.09321,1,stable
-5.86427,0.09417,1,stable
-5.88671,0.25689,1,stable
-5.22519,0.09893,1,stable
-5.10607,0.08105,1,stable
-7.19835,0.33937,1,stable
-5.58059,0.43109,1,stable
-6.49359,0.40721,1,stable
-4.99527,0.05125,1,stable
-5.05951,0.12657,1,stable
-4.10331,0.57629,1,stable
-3.34603,0.35629,1,stable
0.28097,0.75393,2,transition
-3.81999,0.12233,1,stable
-9.75815,0.49313,1,stable
-6.06876,0.03723,1,stable
-6.22912,0.05099,1,stable
-6.44368,0.16919,1,stable
-7.01848,0.22579,1,stable
-6.55388,0.17103,1,stable
-6.19312,0.00191,1,stable
-5.21624,0.46015,1,stable
-5.34392,0.11079,1,stable
-6.14988,0.29395,1,stable
-6.39564,0.22899,1,stable
-6.66196,0.38103,1,stable
-6.29068,0.10083,1,stable
-6.56844,0.10875,1,stable
-6.0218,0.44987,1,stable
-5.26392,0.22331,1,stable
-4.856,0.51035,1,stable
-4.85168,0.20783,1,stable
-4.3004,0.18635,1,stable
-3.97032,0.35195,1,stable
-3.74356,0.51659,1,stable
-4.32564,0.28335,1,stable
-4.60608,0.52895,1,stable
-3.23908,0.14383,1,stable
-6.70352,0.47539,1,stable
-8.47968,0.69343,1,stable
-5.81032,0.72867,1,stable
-6.8544,0.08048,1,stable
-6.24452,0.41824,1,stable
-6.45972,0.0926,1,stable
-4.78944,0.18892,1,stable
-6.49412,-0.09924,1,stable
-5.57064,0.2114,1,stable
-5.55708,0.46472,1,stable
-4.18536,0.51,1,stable
-4.75424,0.15544,1,stable
-4.6874,-0.07088,1,stable
-4.38136,0.13324,1,stable
-2.43804,0.47932,1,stable
-6.0304,0.03984,1,stable
-5.90036,0.0368,1,stable
-1.5772,0.50708,2,transition
-6.30872,0.0542,1,stable
-3.77112,0.3242,1,stable
-3.68208,0.44136,1,stable
-6.18408,0.51944,1,stable
-6.02984,0.21868,1,stable
-5.9404,0.28896,1,stable
-5.8442,0.2392,1,stable
-3.21712,0.2622,1,stable
-5.46304,0.15156,1,stable
-4.9248,0.5242,1,stable
-5.0284,0.34772,1,stable
-5.84188,0.40264,1,stable
-6.0594,0.25424,1,stable
-5.08948,0.23016,1,stable
-4.6848,0.3986,1,stable
-4.9212,0.46088,1,stable
-4.10908,0.48284,1,stable
-4.99864,0.21164,1,stable
-4.47852,0.38944,1,stable
-4.40156,0.38428,1,stable
-4.20416,0.48256,1,stable
-5.14588,0.4112,1,stable
-3.14484,0.39732,1,stable
-3.35476,0.41636,1,stable
-3.08744,0.43908,1,stable
-4.40428,0.40732,1,stable
-2.8066,0.26672,1,stable
-5.08176,0.0294,1,stable
-5.3994,0.06364,1,stable
-5.06964,0.03812,1,stable
-4.90092,0.3854,1,stable
-4.83344,0.345,1,stable
-4.1172,0.39108,1,stable
-6.29292,0.49152,1,stable
-3.44988,0.46032,1,stable
-4.01964,0.33144,1,stable
-3.74928,0.30332,1,stable
-4.1556,0.22956,1,stable
-2.295,0.4462,1,stable
-1.71264,0.36328,1,stable
-0.1596,0.21328,2,transition
-3.1206,0.33032,1,stable
2.23584,0.26428,0,convective
-2.03628,0.18528,1,stable
-6.14748,0.46676,1,stable
-6.34592,-0.03956,1,stable
-5.60688,0.2224,1,stable
-4.99048,0.22252,1,stable
-5.31104,0.18616,1,stable
-5.414,0.3138,1,stable
-4.301,0.0166,1,stable
-3.79188,0.1346,1,stable
-4.12928,0.3766,1,stable
-3.59472,0.38764,1,stable
-3.75112,0.36608,1,stable
-3.39568,0.27404,1,stable
-3.3324,0.29288,1,stable
-3.62368,0.32284,1,stable
-3.42168,0.44972,1,stable
-4.84264,0.33132,1,stable
-3.75028,0.36924,1,stable
-2.9554,0.33716,1,stable
-4.55996,0.34432,1,stable
-0.5174,0.35456,2,transition
1.75828,0.21228,0,convective
1.12804,0.24756,2,transition
2.74484,0.2184,0,convective
-5.94264,-0.00988,1,stable
-6.932,-0.00648,1,stable
-3.7986,0.08172,1,stable
-5.56168,-0.01248,1,stable
-6.37744,-0.161,1,stable
-5.06476,-0.00696,1,stable
-5.59276,0.01412,1,stable
-5.04476,-0.01196,1,stable
-6.68008,-0.18824,1,stable
-5.18088,-0.16612,1,stable
-5.75032,-0.22188,1,stable
-5.40352,-0.00552,1,stable
-4.08232,0.04696,1,stable
-3.44868,0.05344,1,stable
-4.46832,-0.0344,1,stable
-3.8054,0.0216,1,stable
-4.31268,0.04476,1,stable
-3.21484,0.08444,1,stable
-3.6076,0.01608,1,stable
-4.3998,-0.10888,1,stable
-1.90476,0.00764,1,stable
-3.07676,0.0114,1,stable
-3.63588,0.0562,1,stable
-4.39248,0.09536,1,stable
-6.739,0.10224,1,stable
-7.37816,-0.51616,1,stable
-5.89416,-0.10032,1,stable
-6.52028,-0.21232,1,stable
-5.16696,-0.34256,1,stable
-5.22024,-0.48312,1,stable
-5.9072,-0.56512,1,stable
-4.54204,-0.44536,1,stable
-4.2844,-0.46372,1,stable
-4.91112,-0.3878,1,stable
-4.79388,-0.4812,1,stable
-5.31668,-0.32848,1,stable
-3.60988,-0.39504,1,stable
-3.07656,-0.43152,1,stable
-4.41524,-0.55792,1,stable
-2.30024,-0.46264,1,stable
-2.55048,-0.40032,1,stable
-1.94348,-0.31504,1,stable
-2.15872,-0.28488,1,stable
-2.4708,-0.30244,1,stable
-1.240035,5.067165,2,transition
-1.0615875,5.0453725,2,transition
-1.096715,4.399205,2,transition
-0.8308225,3.4279375,2,transition
-1.05675,3.84417,2,transition
-1.01359,2.65601,2,transition
-1.180105,1.460935,2,transition
-1.06967,2.21489,2,transition
-0.9571725,2.2572275,2,transition
-1.0041725,1.5463075,2,transition
-1.1092675,-1.7849075,2,transition
-1.26254,4.83294,2,transition
-2.79155,-1.7401,1,stable
-2.883845,-1.721715,1,stable
-2.532005,-1.5609725,1,stable
-1.89363,-1.1043225,1,stable
-2.952145,-1.7553475,1,stable
-2.749225,-1.6234075,1,stable
-3.27391,-1.878995,1,stable
-2.3308,-1.441555,1,stable
-2.03684,-1.269015,1,stable
-2.55696,-1.594155,1,stable
-2.852125,-1.6528525,1,stable
-2.66801,-1.541915,1,stable
-4.0672,-2.3949325,1,stable
-2.686705,-1.6237825,1,stable
-2.703915,-1.6550075,1,stable
-3.083515,-1.8413025,1,stable
-2.52106,-1.5656275,1,stable
-5.67608,-2.42223,1,stable
-5.23444,-2.232355,1,stable
-4.40188,-1.87518,1,stable
-5.06146,-2.16231,1,stable
-5.03411,-2.013795,1,stable
-4.71093,-2.026425,1,stable
-4.89176,-2.08538,1,stable
-4.57939,-1.94034,1,stable
-5.07554,-2.00795,1,stable
-4.62351,-1.96399,1,stable
-5.01796,-1.94899,1,stable
-4.45857,-1.903545,1,stable
-4.50102,-1.81041,1,stable
-4.02801,-1.69721,1,stable
-4.42727,-1.831315,1,stable
-4.6535,-1.8589,1,stable
-4.29879,-1.6514,1,stable
-4.5558,-1.741275,1,stable
-6.94215,-2.83447,1,stable
-4.37188,-1.801835,1,stable
-4.38534,-1.66331,1,stable
-4.42305,-1.65999,1,stable
-4.79401,-2.063695,1,stable
-8.00077,-2.73204,1,stable
-6.84993,-2.35173,1,stable
-7.39899,-2.50723,1,stable
-7.00969,-2.38618,1,stable
-6.99125,-2.34885,1,stable
-6.05889,-1.7601,1,stable
-7.11862,-2.12214,1,stable
-11.77646,-3.33351,1,stable
-9.53795,-2.27118,1,stable
-9.77376,-2.76407,1,stable
-8.51489,-1.97405,1,stable
-9.44204,-2.26603,1,stable
-6.89224,-1.77902,1,stable
-8.12899,-1.80951,1,stable
-9.60578,-2.12524,1,stable
-9.29932,-2.92236,1,stable
-7.75341,-1.49351,1,stable
-6.74836,-0.96955,1,stable
-11.15921,-3.29446,1,stable
-6.83974,-0.88267,1,stable
-7.75852,-1.49512,1,stable
-8.43964,-1.24926,1,stable
-6.53806,-0.59039,1,stable
-8.12366,-1.19855,1,stable
-13.799,-2.87099,1,stable
-14.14708,-3.2411,1,stable
-12.3666,-2.47113,1,stable
-9.00076,-1.57119,1,stable
-11.41098,-1.64227,1,stable
-9.0614,-1.14169,1,stable
-11.33694,-1.79208,1,stable
-9.81898,-1.82769,1,stable
-11.40352,-1.79774,1,stable
-16.09974,-3.45733,1,stable
-7.38194,-0.58826,1,stable
-13.22928,-2.46239,1,stable
-17.64073,-2.90219,1,stable
-18.02635,-2.35119,1,stable
-13.43377,-0.58921,1,stable
-16.11227,-3.74567,1,stable
-11.74955,-1.70371,1,stable
-12.54639,-1.58545,1,stable
-9.27461,-0.09695,1,stable
-9.52177,-0.38029,1,stable
-12.70561,-0.22579,1,stable
-15.99135,-0.69743,1,stable
-8.54691,-0.28913,1,stable
-7.03307,0.58027,1,stable
-13.05391,-2.20283,1,stable
-8.57377,-0.22451,1,stable
-12.85291,-2.10557,1,stable
-7.47221,0.29513,1,stable
-13.92005,-2.41009,1,stable
-17.67633,-1.95842,1,stable
-18.74131,-2.19682,1,stable
-15.78813,-1.26458,1,stable
-14.47637,-1.31912,1,stable
-14.48513,-1.59788,1,stable
-15.21615,-1.80682,1,stable
-11.80349,0.14978,1,stable
-13.60781,-1.50162,1,stable
-14.72713,-1.53708,1,stable
-11.29209,-0.08566,1,stable
-9.34783,-0.64802,1,stable
-21.93693,-2.59566,1,stable
-17.43427,-2.61188,1,stable
-15.54703,-2.49312,1,stable
-13.65121,-2.08474,1,stable
-17.98027,-2.78842,1,stable
-17.73612,-0.31765,1,stable
-19.28082,-0.40919,1,stable
-16.29108,-0.54449,1,stable
-16.54234,-0.57061,1,stable
-13.58796,-0.14109,1,stable
-19.50344,-0.35799,1,stable
-17.2043,-0.24267,1,stable
-20.1926,-0.43523,1,stable
-14.78196,-0.50877,1,stable
-10.85412,-0.38845,1,stable
-9.00846,-0.27891,1,stable
-16.63952,-0.53981,1,stable
-11.7499,-0.39005,1,stable
-12.31236,0.10795,1,stable
-13.51878,-0.36245,1,stable
-12.92608,-0.54225,1,stable
-9.26882,-0.08373,1,stable
-7.18838,-0.09209,1,stable
-22.3015,-0.84909,1,stable
-18.67546,-0.60987,1,stable
-12.60468,-0.27767,1,stable
-18.59962,-0.36751,1,stable
-17.42338,-0.71999,1,stable
-16.41325,0.25099,1,stable
-17.13627,0.21315,1,stable
-18.43931,0.16689,1,stable
-19.56169,0.21967,1,stable
-16.88885,0.29251,1,stable
-12.61049,0.27253,1,stable
-14.73613,0.17601,1,stable
-16.78009,0.19151,1,stable
-15.02323,0.16565,1,stable
-11.48653,0.33189,1,stable
-9.03621,0.42007,1,stable
-15.99269,0.33019,1,stable
-17.07935,0.37281,1,stable
-18.91422,0.26807,1,stable
-17.22834,0.38247,1,stable
-13.46844,0.38269,1,stable
-16.58358,0.17085,1,stable
-15.08528,0.54541,1,stable
-10.7265,0.64637,1,stable
-15.86252,0.50827,1,stable
-13.60256,-0.13167,1,stable
-11.93658,0.55777,1,stable
-9.74888,0.50319,1,stable
-9.85204,0.55863,1,stable
-4.17342,0.70333,1,stable
-6.4155,0.77673,1,stable
-17.25608,0.49279,1,stable
-18.40182,0.61401,1,stable
-12.61445,0.22231,1,stable
-15.09111,0.37957,1,stable
-13.11479,0.35365,1,stable
-18.76897,0.37335,1,stable
-8.32507,0.02001,1,stable
-7.95175,0.09169,1,stable
-17.29499,0.17557,1,stable
-16.99029,0.18721,1,stable
-17.12775,0.09235,1,stable
-13.58869,-0.02575,1,stable
-13.92481,0.38235,1,stable
-8.50475,0.42047,1,stable
-9.80197,0.50131,1,stable
-7.99325,0.43673,1,stable
-12.45405,0.55753,1,stable
-10.08153,0.45067,1,stable
-7.64511,0.59979,1,stable
-6.35665,0.78253,1,stable
-19.72304,0.00385,1,stable
-15.3962,0.16451,1,stable
-16.62622,0.21813,1,stable
-13.69734,0.21147,1,stable
-16.06076,0.20357,1,stable
-9.72516,0.12469,1,stable
-15.93068,0.14135,1,stable
-16.89186,-0.01385,1,stable
-13.50408,0.08461,1,stable
-10.01082,0.43097,1,stable
-10.15194,0.13855,1,stable
-8.06412,0.44063,1,stable
-13.71812,0.40131,1,stable
-9.1493,0.30009,1,stable
-4.80586,0.47529,1,stable
-5.8644,0.55095,1,stable
-18.29536,0.44527,1,stable
-3.76216,0.57571,1,stable
-18.43102,0.48317,1,stable
-17.48324,0.44575,1,stable
-5.22414,0.57121,1,stable
-17.15904,0.51197,1,stable
-15.11826,0.54621,1,stable
-3.7889,0.80885,1,stable
-14.99832,0.11844,1,stable
-17.80482,0.194,1,stable
-18.85834,0.01074,1,stable
-12.01682,0.21974,1,stable
-9.47574,0.31184,1,stable
-13.11974,0.2554,1,stable
-9.27088,0.2763,1,stable
-13.21096,0.19106,1,stable
-4.73248,0.3346,1,stable
-12.0152,0.46822,1,stable
-16.22712,0.3784,1,stable
-5.20676,0.39638,1,stable
-5.3804,0.33246,1,stable
-15.26977,0.05029,1,stable
-16.45211,0.16147,1,stable
-12.29369,0.11525,1,stable
-15.61363,0.17215,1,stable
-12.06459,0.25143,1,stable
-14.12629,0.18367,1,stable
-9.64885,0.28993,1,stable
-6.72791,0.23145,1,stable
-13.15101,0.02817,1,stable
-6.21231,0.27059,1,stable
-6.44677,0.11105,1,stable
-2.26791,0.72807,1,stable
-18.39745,0.1865,1,stable
-15.41193,0.23992,1,stable
-15.15441,0.08964,1,stable
-11.34021,0.69564,1,stable
-16.31103,0.2866,1,stable
-9.89953,0.54944,1,stable
-16.98157,0.2168,1,stable
-8.83323,0.0211,1,stable
-15.70339,-0.03308,1,stable
-12.33739,0.23056,1,stable
-7.75863,0.07338,1,stable
-14.34217,-0.12758,1,stable
-6.34849,0.34286,1,stable
-14.74969,0.08786,1,stable
-16.1229,0.18813,1,stable
-18.32538,0.29863,1,stable
-16.8468,0.11601,1,stable
-8.64396,-0.21895,1,stable
-8.82716,0.00607,1,stable
-8.7429,0.10235,1,stable
-7.86806,0.15041,1,stable
-9.63012,0.47527,1,stable
-7.8565,0.39403,1,stable
-16.46382,-0.11491,1,stable
-17.86528,0.11305,1,stable
-6.26142,0.20803,1,stable
-3.4663,0.13765,1,stable
-16.3658,0.20297,1,stable
-15.53492,0.19711,1,stable
-4.17844,0.22869,1,stable
-1.29048,0.51541,2,transition
-0.91694,0.64893,2,transition
-14.95352,0.21206,1,stable
-15.07556,0.05142,1,stable
-13.4116,-0.19132,1,stable
-16.29396,0.06128,1,stable
-12.85264,-0.02766,1,stable
-15.52696,0.07684,1,stable
-8.81904,0.00812,1,stable
-8.38992,0.39966,1,stable
-9.06112,0.14806,1,stable
-7.51472,0.52418,1,stable
-7.30984,0.0836,1,stable
-7.35056,0.0393,1,stable
-9.49272,0.29636,1,stable
-11.17488,0.14838,1,stable
-17.1582,0.17028,1,stable
-5.93092,0.35852,1,stable
-16.42924,0.12416,1,stable
-16.05828,0.04384,1,stable
-14.55776,-0.0074,1,stable
-11.68932,0.0344,1,stable
-13.91244,0.09536,1,stable
-7.76772,0.12996,1,stable
-6.82152,0.0458,1,stable
-13.35752,-0.06284,1,stable
-5.54904,0.06844,1,stable
-18.18808,0.10652,1,stable
-15.81396,-0.13208,1,stable
-17.07208,0.02452,1,stable
-15.18192,-0.22376,1,stable
-16.10848,0.00956,1,stable
-12.41104,0.07404,1,stable
-8.12252,0.10156,1,stable
-9.95516,0.08348,1,stable
-7.57796,0.1996,1,stable
-14.03148,-0.01624,1,stable
-6.92812,0.2684,1,stable
-10.96556,0.06916,1,stable
0.55348,0.37732,2,transition
-3.55376,0.13428,1,stable
-15.07732,0.0384,1,stable
-16.06476,-0.04928,1,stable
-16.84728,0.01772,1,stable
-15.37744,-0.0864,1,stable
-9.59264,-0.3008,1,stable
-16.31808,-0.18352,1,stable
-14.11508,0.091,1,stable
-7.59268,-0.01472,1,stable
-6.39436,0.28544,1,stable
-6.32812,0.31484,1,stable
-7.52172,0.00892,1,stable
-7.40804,-0.11436,1,stable
-13.60492,-0.13348,1,stable
-16.3642,0.01228,1,stable
-4.65936,-0.00024,1,stable
0.8534,0.29992,2,transition
-5.60256,0.04888,1,stable
-0.5348,0.1762,2,transition
-17.82784,0.063,1,stable
-16.06264,0.04568,1,stable
-16.82844,-0.01244,1,stable
-16.37492,-0.05224,1,stable
-14.6638,0.00208,1,stable
-16.5036,-0.10064,1,stable
-14.14612,-0.30292,1,stable
-7.45452,0.1776,1,stable
-7.99416,-0.01792,1,stable
-8.54964,0.06052,1,stable
-4.95988,0.06352,1,stable
-5.95148,0.03172,1,stable
-17.33824,-0.0756,1,stable
-11.06988,-0.00504,1,stable
-7.2612,0.0532,1,stable
-4.46476,-0.03424,1,stable
-16.02312,-0.06344,1,stable
0.37612,0.08736,2,transition
-17.8048,0.02304,1,stable
-9.1982,-0.04804,1,stable
-18.30424,-0.01688,1,stable
-10.36408,0.0432,1,stable
-11.29108,0.01104,1,stable
-16.18888,-0.11708,1,stable
-14.33432,0.14836,1,stable
-15.4936,-0.06236,1,stable
-13.9902,0.01476,1,stable
-11.28216,0.1304,1,stable
-7.3288,0.12572,1,stable
-16.62468,-0.16576,1,stable
-8.74048,-0.07692,1,stable
-16.0844,-0.10252,1,stable
-3.96516,-0.01056,1,stable
-0.40744,-0.02644,2,transition
-4.79728,-0.01352,1,stable
-16.44728,-0.1204,1,stable
-15.382,-0.20776,1,stable
-16.15612,-0.11564,1,stable
-15.88388,-0.20596,1,stable
-15.74656,-0.25296,1,stable
-12.81156,-0.28624,1,stable
-12.90012,-0.20452,1,stable
-8.85516,-0.195,1,stable
-8.378,-0.15288,1,stable
-6.62508,-0.2038,1,stable
-6.77404,-0.24108,1,stable
-18.0894,-0.55824,1,stable
-10.78072,-0.09208,1,stable
-16.40144,-0.4714,1,stable
-15.09044,-0.34156,1,stable
-0.27636,-0.23976,2,transition
-13.75296,-0.26684,1,stable
-4.01864,-0.4894,1,stable
-0.29416,-0.63956,2,transition
-0.38506,15.02702,2,transition
-0.29184,16.54856,2,transition
-0.447375,12.886625,2,transition
-0.614455,14.013665,2,transition
-0.30678,15.10662,2,transition
-0.35621,15.41931,2,transition
-0.424525,14.647515,2,transition
-0.420985,16.530015,2,transition
-0.24993,9.23431,2,transition
-0.510495,6.042985,2,transition
-0.25827,9.41301,2,transition
-0.285015,7.151665,2,transition
-0.348965,6.978195,2,transition
-0.342575,13.462105,2,transition
-0.262285,8.970115,2,transition
-0.727065,-2.293825,2,transition
-0.396595,13.108805,2,transition
-0.687855,-0.38423,2,transition
-0.6204,-0.208465,2,transition
-0.776135,-0.484485,2,transition
-0.905085,-0.48069,2,transition
-0.69438,-0.311055,2,transition
-1.044855,-0.59117,2,transition
-0.97167,-0.6045,2,transition
-0.687945,-0.27832,2,transition
-0.803645,-0.42876,2,transition
-1.023055,-0.626095,2,transition
-0.56786,-0.33033,2,transition
-1.61656,-1.02585,2,transition
-1.895025,-1.29032,1,stable
-1.12918,-0.819805,2,transition
-2.379775,-1.695325,1,stable
-1.11079,-0.32278,2,transition
-0.85212,-0.2778,2,transition
-1.57774,-0.517465,2,transition
-1.22226,-0.47357,2,transition
-1.29896,-0.480505,2,transition
-2.45928,-1.4317,1,stable
-1.84629,-0.7557,1,stable
-1.16971,-0.38593,2,transition
-1.32014,-0.44517,2,transition
-2.19715,-0.918225,1,stable
-1.27226,-0.71057,2,transition
-1.12388,-0.47069,2,transition
-1.77694,-0.761875,1,stable
-1.45029,-0.640075,2,transition
-2.06296,-1.08469,1,stable
-1.32281,-0.497795,2,transition
-2.73149,-0.72868,1,stable
-1.70359,-0.877405,1,stable
-1.7246,-0.89424,1,stable
-1.8316,-0.933335,1,stable
-1.86191,-0.952805,1,stable
-4.75869,-2.1589,1,stable
-1.60914,-0.95937,2,transition
-1.88142,-0.74358,1,stable
-3.3994,-0.69443,1,stable
-2.05944,-0.5506,1,stable
-2.56025,-0.96538,1,stable
-2.26533,-1.10261,1,stable
-2.57796,-1.14471,1,stable
-2.15073,-1.08912,1,stable
-3.20522,-1.52354,1,stable
-3.01811,-1.35336,1,stable
-3.62734,-2.07536,1,stable
-3.68158,-1.93803,1,stable
-4.89342,-2.6688,1,stable
-3.3456,-1.34464,1,stable
-3.29328,-1.28571,1,stable
-3.63057,-1.04468,1,stable
-3.24209,-0.48652,1,stable
-2.99509,-1.10587,1,stable
-3.34432,-0.71301,1,stable
-3.66363,-1.57744,1,stable
-3.67789,-1.7415,1,stable
-3.27307,-0.71282,1,stable
-4.01118,-1.7717,1,stable
-4.78027,-1.49392,1,stable
-4.77681,-1.96706,1,stable
-7.14548,-2.0406,1,stable
-8.96908,-2.96084,1,stable
-11.59816,-3.48526,1,stable
-2.91868,-0.12953,1,stable
-3.30208,-0.23183,1,stable
-4.90166,-0.89048,1,stable
-4.84564,-0.74734,1,stable
-5.42946,-0.95958,1,stable
-7.70638,-1.11718,1,stable
-5.90062,-1.07649,1,stable
-7.61612,-1.56474,1,stable
-6.54558,-1.49416,1,stable
-10.86488,-1.8958,1,stable
-11.68956,-1.99678,1,stable
-7.20671,-1.23281,1,stable
-6.87089,-1.23471,1,stable
-3.50249,-0.27551,1,stable
-2.82537,-0.21245,1,stable
-4.91433,-1.09311,1,stable
-3.33095,-0.21721,1,stable
-5.17551,-0.34727,1,stable
-4.87983,-0.65949,1,stable
-4.43473,-0.24767,1,stable
-5.86825,-0.68991,1,stable
-4.30841,0.50917,1,stable
-5.86821,0.13123,1,stable
-6.78477,-0.56921,1,stable
-6.47001,0.04413,1,stable
-11.22735,-0.36247,1,stable
-12.30659,-0.68409,1,stable
-7.20275,-0.68713,1,stable
-15.90939,-2.03071,1,stable
-17.20399,-2.63347,1,stable
-4.23203,-0.11076,1,stable
-4.57557,0.02136,1,stable
-3.74955,-0.00912,1,stable
-4.12867,0.06626,1,stable
-3.67643,-0.05542,1,stable
-3.49705,-0.0327,1,stable
-3.05185,0.0367,1,stable
-3.66705,-0.02742,1,stable
-4.25469,0.02678,1,stable
-4.88469,0.1347,1,stable
-4.43673,0.29036,1,stable
-4.90437,0.28628,1,stable
-5.55955,-0.27092,1,stable
-4.31883,-0.05338,1,stable
-4.59307,-0.07906,1,stable
-5.58491,0.34174,1,stable
-7.95895,-0.69858,1,stable
-5.42863,-0.01214,1,stable
-6.07623,0.19644,1,stable
-6.89937,0.18404,1,stable
-3.54945,-0.01326,1,stable
-3.03593,-0.0431,1,stable
-4.73941,-0.25498,1,stable
-4.89217,0.05556,1,stable
-4.43675,0.15632,1,stable
-8.11333,0.0361,1,stable
-6.41809,0.07208,1,stable
-10.30325,-0.18738,1,stable
-11.97565,0.20442,1,stable
-2.31455,0.24384,1,stable
-2.69249,0.2089,1,stable
-4.42409,0.0669,1,stable
-3.26885,0.12636,1,stable
-3.35597,0.10046,1,stable
-3.14829,0.0717,1,stable
-2.93501,0.26094,1,stable
-4.77467,0.18712,1,stable
-4.41613,0.08852,1,stable
-4.26549,-0.00604,1,stable
-4.21323,0.1718,1,stable
-3.63817,0.15614,1,stable
-10.44379,0.14736,1,stable
-11.79399,0.12114,1,stable
-10.04075,0.10296,1,stable
-5.72633,0.1836,1,stable
-2.65159,0.20154,1,stable
-4.61781,-0.19596,1,stable
-4.08491,0.1596,1,stable
-5.63301,-0.20698,1,stable
-3.81895,-0.00976,1,stable
-3.81461,0.00928,1,stable
-4.62569,0.1432,1,stable
-4.88107,0.2522,1,stable
-4.33233,0.18072,1,stable
-3.67993,0.34514,1,stable
-3.80405,0.19116,1,stable
-4.84071,0.3112,1,stable
-6.98407,0.17296,1,stable
-5.42989,0.3559,1,stable
-6.17113,0.13264,1,stable
-7.46197,0.1877,1,stable
-6.61041,0.03702,1,stable
-7.61075,-0.02278,1,stable
-7.89469,-0.04606,1,stable
-13.00131,0.15852,1,stable
-2.00016,0.10027,1,stable
-4.2744,0.00575,1,stable
-4.58154,-0.05837,1,stable
-4.74198,-0.05391,1,stable
-4.48964,-0.09993,1,stable
-2.88892,-0.01683,1,stable
-3.39734,-0.04565,1,stable
-3.995,0.01373,1,stable
-4.64698,-0.03255,1,stable
-4.56346,0.00845,1,stable
-5.82608,-0.14309,1,stable
-5.97396,-0.09133,1,stable
-5.36616,-0.00043,1,stable
-6.3086,0.00743,1,stable
-7.61506,0.08843,1,stable
-7.5298,0.09921,1,stable
-7.90436,0.23735,1,stable
-2.1181,0.00516,1,stable
-2.96382,-0.0071,1,stable
-4.38274,0.10824,1,stable
-3.20048,0.01382,1,stable
-4.67708,0.05238,1,stable
-2.95866,0.01196,1,stable
-5.47496,-0.02574,1,stable
-5.29178,0.0164,1,stable
-7.46676,0.0747,1,stable
-6.93022,0.13904,1,stable
-8.76916,0.16772,1,stable
-15.62584,0.09296,1,stable
-17.26404,0.0671,1,stable
-1.76285,0.00905,1,stable
-2.05159,-0.02369,1,stable
-2.97747,-0.09799,1,stable
-3.32657,-0.01479,1,stable
-5.39907,-0.34397,1,stable
-3.91521,-0.06531,1,stable
-6.34933,-0.37349,1,stable
-3.91879,0.06495,1,stable
-3.95601,0.07627,1,stable
-4.94151,0.00087,1,stable
-3.27905,0.11945,1,stable
-6.79739,0.03703,1,stable
-8.82481,0.06421,1,stable
-6.92723,0.21137,1,stable
-5.03449,0.18053,1,stable
-7.31319,0.00837,1,stable
-6.19713,0.16465,1,stable
-6.98493,0.01371,1,stable
-7.44031,0.17409,1,stable
-15.25715,-0.00295,1,stable
-3.03925,-0.06178,1,stable
-4.09057,-0.14294,1,stable
-2.39595,0.06902,1,stable
-3.05411,-0.04292,1,stable
-3.92531,-0.01832,1,stable
-6.31149,-0.33308,1,stable
-4.51549,0.10334,1,stable
-3.63529,0.08748,1,stable
-3.96857,0.01342,1,stable
-3.98233,0.06452,1,stable
-3.82473,0.14102,1,stable
-6.83339,0.14218,1,stable
-12.76893,0.01008,1,stable
-10.20869,0.01194,1,stable
-3.36111,-0.01416,1,stable
-2.82535,-0.0544,1,stable
-2.94603,0.00404,1,stable
-3.19345,-0.01064,1,stable
-4.05855,-0.04208,1,stable
-5.52809,-0.08198,1,stable
-6.06201,-0.13322,1,stable
-3.93161,0.00384,1,stable
-4.56677,0.00434,1,stable
-8.79159,0.00838,1,stable
-6.69131,0.07288,1,stable
-6.02557,0.06702,1,stable
-9.35025,-0.00196,1,stable
-11.54535,0.01124,1,stable
-7.05749,0.06306,1,stable
-3.64418,0.00613,1,stable
-4.05524,0.03359,1,stable
-2.91504,-0.08969,1,stable
-3.68474,-0.04549,1,stable
-4.5278,-0.02389,1,stable
-4.74076,-0.19447,1,stable
-7.68484,-0.44579,1,stable
-5.0713,-0.13309,1,stable
-4.88864,-0.04145,1,stable
-5.11662,-0.05253,1,stable
-3.20838,-0.01493,1,stable
-3.84544,-0.01415,1,stable
-4.40222,-0.02675,1,stable
-3.92964,0.00197,1,stable
-4.78922,0.04589,1,stable
-7.11146,0.03253,1,stable
-6.66144,0.02565,1,stable
-17.25176,-0.00259,1,stable
-4.22792,0.04196,1,stable
-5.28762,-0.12022,1,stable
-4.85338,-0.1817,1,stable
-2.71954,-0.02462,1,stable
-4.39102,-0.0071,1,stable
-3.65816,-0.05916,1,stable
-4.74842,-0.05922,1,stable
-4.78484,0.00438,1,stable
-5.33434,-0.0024,1,stable
-6.3319,-0.0295,1,stable
-7.5074,-0.0336,1,stable
-5.93078,0.01692,1,stable
-6.64426,0.01718,1,stable
-7.0065,0.03388,1,stable
-18.21592,-0.0079,1,stable
-2.02762,0.03476,1,stable
-2.69554,0.02886,1,stable
-2.1585,0.0153,1,stable
-4.05146,-0.0033,1,stable
-3.69738,-0.07334,1,stable
-4.09002,0.01044,1,stable
-4.49994,0.03408,1,stable
-5.15912,-0.00418,1,stable
-6.4493,-0.11788,1,stable
-6.4979,-0.16924,1,stable
-4.9026,-0.01536,1,stable
-5.94432,-0.02488,1,stable
-9.37754,-0.01048,1,stable
-15.55838,0.00452,1,stable
-4.06166,0.11306,1,stable
-5.34572,-0.0827,1,stable
-4.22086,0.04378,1,stable
-5.0166,-0.12044,1,stable
-3.5841,0.033,1,stable
-2.68002,0.00778,1,stable
-2.34158,0.14518,1,stable
-4.8331,-0.02348,1,stable
-4.50696,-0.00702,1,stable
-3.43492,0.1094,1,stable
-4.11036,0.03992,1,stable
-3.7419,0.0313,1,stable
-7.32244,-0.00846,1,stable
-5.3593,0.02606,1,stable
-6.38138,0.0767,1,stable
-5.91732,0.03402,1,stable
-15.487,0.07138,1,stable
-4.10254,-0.0014,1,stable
-4.28154,-0.06068,1,stable
-3.49572,0.01356,1,stable
-5.69984,-0.19476,1,stable
-3.63948,-0.05538,1,stable
-9.36386,-0.35314,1,stable
-3.8532,-0.10848,1,stable
-2.62426,0.01154,1,stable
-1.96722,0.00994,1,stable
-4.6265,0.04278,1,stable
-4.68052,0.00938,1,stable
-6.79566,-0.17436,1,stable
-5.91928,-0.13438,1,stable
-3.24406,0.00088,1,stable
-6.70748,0.02614,1,stable
-7.33106,-0.00862,1,stable
-5.4817,-0.01722,1,stable
-8.08898,-0.00468,1,stable
-10.0363,0.06196,1,stable
-5.9246,-0.00728,1,stable
-5.74912,-0.01212,1,stable
-9.3021,0.03482,1,stable
-6.96424,-0.00984,1,stable
-1.71376,0.03012,1,stable
-1.4006,0.0333,2,transition
-2.59232,-0.02282,1,stable
-4.62024,-0.12624,1,stable
-7.42304,-0.24688,1,stable
-2.36484,-0.01184,1,stable
-3.87976,-0.02922,1,stable
-3.69672,-0.05724,1,stable
-3.21412,-0.06186,1,stable
-5.96612,-0.2192,1,stable
-2.78212,-0.06196,1,stable
-4.34008,-0.0841,1,stable
-6.94408,-0.16464,1,stable
-6.80812,-0.03822,1,stable
-4.75308,-0.01984,1,stable
-6.34408,-0.00412,1,stable
-7.82676,-0.05006,1,stable
-6.60716,-0.00248,1,stable
-3.51644,-0.03232,1,stable
-1.44056,-0.03996,2,transition
-7.6414,-0.21836,1,stable
-4.3414,-0.07352,1,stable
-3.61484,-0.02752,1,stable
-3.20984,0.01284,1,stable
-4.15272,-0.02764,1,stable
-4.18332,-0.16452,1,stable
-2.76372,-0.11172,1,stable
-6.19236,-0.22624,1,stable
-4.61268,-0.0924,1,stable
-3.1698,-0.04736,1,stable
-4.63756,-0.09456,1,stable
-6.73616,-0.1678,1,stable
-6.94448,-0.13636,1,stable
-6.47856,-0.11644,1,stable
-5.47212,-0.08476,1,stable
-6.47712,-0.078,1,stable
-7.03696,-0.07844,1,stable
-8.40132,-0.03068,1,stable
-4.64884,-0.20408,1,stable
-3.2662,-0.07308,1,stable
-4.5304,-0.24484,1,stable
-4.94992,-0.3454,1,stable
-5.70416,-0.37708,1,stable
-5.3054,-0.29824,1,stable
-6.4396,-0.34736,1,stable
-7.47876,-0.26828,1,stable
-8.56704,-0.33,1,stable
-10.16344,-0.5904,1,stable
-0.01617,5.54855,2,transition
-0.003415,4.743745,2,transition
-0.007655,2.295425,2,transition
-0.03816,3.37896,2,transition
-0.305205,5.060035,2,transition
-0.267145,4.085535,2,transition
-0.29063,3.59309,2,transition
-0.143525,3.917355,2,transition
-0.191515,3.991525,2,transition
-0.437995,6.186365,2,transition
-0.477575,7.374865,2,transition
-0.517255,8.967825,2,transition
-0.36298,6.07662,2,transition
-0.326125,7.610515,2,transition
-0.11794,-0.138405,2,transition
-0.24131,-0.12429,2,transition
-0.38894,-0.350835,2,transition
-0.24869,-0.245515,2,transition
-0.50668,-0.365625,2,transition
-0.92237,-0.449,2,transition
-0.48484,-0.35727,2,transition
-0.75395,-0.505085,2,transition
-0.64144,-0.32859,2,transition
-0.7137,-0.405155,2,transition
-0.92629,-0.50848,2,transition
-1.0962,-0.63384,2,transition
-0.52084,-0.271745,2,transition
-0.54571,-0.28216,2,transition
-0.54728,-0.273915,2,transition
-1.09939,-0.59726,2,transition
-0.53313,-0.257515,2,transition
-1.47899,-0.798155,2,transition
-1.58287,-1.10509,2,transition
-0.79778,-0.55863,2,transition
-0.88277,-0.24392,2,transition
-1.51994,-1.11383,2,transition
-1.5889,-0.98677,2,transition
-1.23275,-0.48813,2,transition
-1.30082,-0.40793,2,transition
-1.41463,-0.53306,2,transition
-1.11356,-0.32569,2,transition
-1.53248,-0.98831,2,transition
-1.16167,-0.3881,2,transition
-1.07093,-0.10937,2,transition
-0.92002,-0.01257,2,transition
-1.23793,-0.7048,2,transition
-1.91676,-0.43921,1,stable
-2.2238,-0.64093,1,stable
-1.9161,-0.8999,1,stable
-1.17474,-0.57447,2,transition
-1.9227,-0.80503,1,stable
-2.96524,-1.30205,1,stable
-2.60494,-1.14607,1,stable
-2.25336,-1.11534,1,stable
-2.64342,-0.97267,1,stable
-1.49348,-0.71858,2,transition
-2.60876,-1.25516,1,stable
-2.55152,-1.2714,1,stable
-2.71826,-1.20199,1,stable
-2.7198,-1.23679,1,stable
-2.44988,-1.04034,1,stable
-2.38016,-1.17796,1,stable
-2.1537,-0.84835,1,stable
-2.46406,-0.99608,1,stable
-2.3521,-1.20627,1,stable
-2.0843,-0.8913,1,stable
-2.04328,-0.51126,1,stable
-1.79464,-0.55464,1,stable
-2.5378,-0.46453,1,stable
-1.93953,-0.72983,1,stable
-3.23411,-1.41309,1,stable
-3.86127,-1.61503,1,stable
-2.91927,-1.52103,1,stable
-3.87313,-1.18655,1,stable
-4.36093,-1.76433,1,stable
-3.46655,-1.47811,1,stable
-3.46979,-1.27745,1,stable
-3.62739,-1.44881,1,stable
-3.88711,-1.53501,1,stable
-2.83097,-0.82161,1,stable
-2.93636,-0.24217,1,stable
-4.6949,-1.46079,1,stable
-3.95918,-0.38163,1,stable
-6.1107,-1.92393,1,stable
-4.85578,-1.11235,1,stable
-4.8534,-0.76311,1,stable
-5.65132,-2.38079,1,stable
-7.05704,-2.42919,1,stable
-5.78852,-2.69197,1,stable
-6.2726,-2.38549,1,stable
-5.5246,-2.47791,1,stable
-6.81562,-2.47171,1,stable
-5.93112,-2.52175,1,stable
-5.56423,-0.56867,1,stable
-4.32247,-1.26349,1,stable
-3.95731,-0.51485,1,stable
-4.25463,-0.45217,1,stable
-5.62995,-0.86053,1,stable
-4.64935,-0.52785,1,stable
-5.65485,-0.69151,1,stable
-6.26363,-0.75367,1,stable
-4.71439,-0.30001,1,stable
-7.47797,-0.82695,1,stable
-6.19677,-0.74489,1,stable
-7.47333,-0.67639,1,stable
-6.61077,-0.71973,1,stable
-6.09537,-0.73015,1,stable
-6.54401,-0.99795,1,stable
-7.50439,-0.51449,1,stable
-6.13273,-0.86415,1,stable
-6.60391,-1.14001,1,stable
-6.32747,-0.96117,1,stable
-7.32183,-0.39183,1,stable
-6.44627,-1.40765,1,stable
-5.33792,-1.19143,1,stable
-5.34614,-1.06779,1,stable
-5.56792,-0.72187,1,stable
-4.04682,-0.65495,1,stable
-5.94596,-0.58559,1,stable
-5.63132,-1.02685,1,stable
-4.95262,-0.30327,1,stable
-6.83662,-0.27335,1,stable
-4.39768,0.24007,1,stable
-6.3574,0.09077,1,stable
-7.45952,-0.01295,1,stable
-6.6033,0.12651,1,stable
-7.51498,-0.04165,1,stable
-8.36894,-0.48617,1,stable
-7.80046,-0.36119,1,stable
-5.85432,0.01421,1,stable
-7.10468,-0.40261,1,stable
-8.24892,-0.30123,1,stable
-7.74422,-0.23325,1,stable
-8.20004,-0.15667,1,stable
-7.57912,-0.33009,1,stable
-4.23368,0.2148,1,stable
-7.09468,-0.81246,1,stable
-3.85716,0.457,1,stable
-4.8728,0.4099,1,stable
-6.59362,-0.69552,1,stable
-5.02802,0.34966,1,stable
-5.44586,0.09796,1,stable
-5.58522,0.09958,1,stable
-6.41134,-0.14744,1,stable
-7.03742,-0.2008,1,stable
-6.53296,-0.59754,1,stable
-4.34358,0.27522,1,stable
-6.39348,-0.00058,1,stable
-6.88788,-0.41016,1,stable
-7.52186,0.13106,1,stable
-5.89514,0.41678,1,stable
-6.12288,0.32434,1,stable
-5.6555,0.5286,1,stable
-8.0634,0.3661,1,stable
-6.56608,0.02754,1,stable
-5.18222,0.17806,1,stable
-4.19118,0.5577,1,stable
-6.17602,-0.36688,1,stable
-3.7746,0.2455,1,stable
-4.90902,0.34992,1,stable
-4.42332,0.20338,1,stable
-6.01014,0.07534,1,stable
-5.64048,0.1456,1,stable
-4.82502,0.17882,1,stable
-6.41016,0.11156,1,stable
-7.4005,0.18666,1,stable
-8.44776,0.0543,1,stable
-7.36466,0.157,1,stable
-7.57384,0.1784,1,stable
-7.00842,0.17864,1,stable
-7.04172,0.17322,1,stable
-7.3126,0.20926,1,stable
-7.76664,0.18762,1,stable
-5.12946,0.26794,1,stable
-5.53116,0.26094,1,stable
-6.21436,0.25216,1,stable
-7.33126,0.42332,1,stable
-3.99957,0.35719,1,stable
-3.73879,0.22371,1,stable
-5.32943,0.07633,1,stable
-6.36493,-0.18891,1,stable
-4.84223,0.26637,1,stable
-5.88091,0.39511,1,stable
-4.65135,0.14063,1,stable
-6.10889,0.26067,1,stable
-7.53463,0.60567,1,stable
-6.03955,0.44215,1,stable
-3.16343,0.17764,1,stable
-3.74759,0.14582,1,stable
-5.93793,-0.23622,1,stable
-5.85967,-0.19606,1,stable
-4.27517,0.12174,1,stable
-5.46531,0.40722,1,stable
-5.46071,0.25502,1,stable
-6.24103,0.34392,1,stable
-5.77195,0.04766,1,stable
-1.54999,0.27996,2,transition
-4.14891,0.09356,1,stable
-4.50325,0.07406,1,stable
-6.12087,0.26864,1,stable
-3.59901,0.1282,1,stable
-6.51863,-0.3458,1,stable
-3.44871,0.13634,1,stable
-4.34529,0.165,1,stable
-5.29759,0.17758,1,stable
-7.93291,0.02878,1,stable
-4.20559,0.17258,1,stable
-4.63477,0.19502,1,stable
-7.34559,0.1613,1,stable
-7.15755,0.18116,1,stable
-4.54473,0.47752,1,stable
-4.62925,0.35484,1,stable
-5.54175,0.35672,1,stable
-5.94967,0.29136,1,stable
-3.33517,0.24378,1,stable
-3.62931,0.14206,1,stable
-3.73015,0.11018,1,stable
-5.12395,0.04238,1,stable
-5.68187,-0.03556,1,stable
-4.38199,0.04798,1,stable
-6.87871,-0.33694,1,stable
-4.82261,0.06478,1,stable
-5.60849,-0.00268,1,stable
-5.26465,0.03308,1,stable
-5.03001,0.07256,1,stable
-5.14035,0.13842,1,stable
-6.74513,0.15966,1,stable
-6.99973,0.15782,1,stable
-5.52507,0.12816,1,stable
-5.20817,0.2717,1,stable
-5.75273,0.23044,1,stable
-3.75695,0.34636,1,stable
-4.09981,0.4518,1,stable
-4.61977,0.39348,1,stable
-6.82092,-0.19283,1,stable
-3.49088,0.20897,1,stable
-4.6891,0.15623,1,stable
-5.37584,0.18989,1,stable
-5.09462,0.11737,1,stable
-2.56828,0.26929,1,stable
-3.79726,0.15519,1,stable
-5.47958,0.08243,1,stable
-3.93876,0.19965,1,stable
-4.73558,0.10459,1,stable
-3.12202,0.23313,1,stable
-5.3685,-0.00451,1,stable
-6.12416,0.16635,1,stable
-6.6196,0.10709,1,stable
-4.5921,0.04935,1,stable
-4.5627,0.07861,1,stable
-4.73244,0.09157,1,stable
-4.92802,0.20055,1,stable
-7.84208,0.06589,1,stable
-6.71448,0.15429,1,stable
-6.20118,0.06777,1,stable
-4.88964,0.10759,1,stable
-5.576,0.09903,1,stable
-6.72956,0.24149,1,stable
-4.54606,0.17323,1,stable
-3.6357,0.35961,1,stable
-1.69822,0.32434,1,stable
-2.8067,0.29586,1,stable
-4.69118,0.10986,1,stable
-4.7223,0.03928,1,stable
-4.9685,0.1814,1,stable
-3.32614,0.24266,1,stable
-5.44058,0.13026,1,stable
-5.8261,-0.06762,1,stable
-5.17774,0.07396,1,stable
-6.14346,0.0737,1,stable
-5.94898,0.26032,1,stable
-4.25886,0.17332,1,stable
-5.40654,0.19692,1,stable
-6.36852,0.0249,1,stable
-3.52956,0.35466,1,stable
-1.8746,0.32362,1,stable
-4.05232,0.30158,1,stable
-7.09016,-0.19482,1,stable
-3.05368,0.27246,1,stable
-5.1002,0.20442,1,stable
-3.56392,0.21678,1,stable
-5.91308,0.19286,1,stable
-6.60212,0.24254,1,stable
-3.80384,0.14442,1,stable
-4.7986,0.1163,1,stable
-3.54592,0.1345,1,stable
-3.86688,0.08806,1,stable
-3.81468,0.15126,1,stable
-3.84376,0.13178,1,stable
-4.58832,0.19586,1,stable
-5.25768,0.17394,1,stable
-5.56068,0.17578,1,stable
-5.90272,0.0852,1,stable
-0.85836,0.3952,2,transition
-1.982,0.39148,1,stable
-3.29908,0.18004,1,stable
-3.75544,0.29448,1,stable
-8.24468,-0.34128,1,stable
-3.21572,0.228,1,stable
-5.13348,0.15628,1,stable
-6.35832,0.2438,1,stable
-6.2534,0.17328,1,stable
-4.60656,0.15776,1,stable
-5.81088,-0.10744,1,stable
-5.0248,0.15784,1,stable
-4.25056,0.20884,1,stable
-4.12256,0.16504,1,stable
-3.652,0.16268,1,stable
-5.16116,0.14872,1,stable
-2.02772,0.32456,1,stable
-6.84892,-0.21196,1,stable
-3.80604,0.27556,1,stable
-4.5158,0.2972,1,stable
-4.182,0.28868,1,stable
-4.17952,0.15148,1,stable
-2.10328,0.2494,1,stable
-3.32692,0.27332,1,stable
-5.05048,0.26464,1,stable
-5.86468,-0.0538,1,stable
-4.32104,0.16372,1,stable
-5.67164,0.13664,1,stable
-2.67404,0.18956,1,stable
0.78768,0.21328,2,transition
-0.53324,0.21752,2,transition
-1.40624,0.25132,2,transition
-7.08112,-0.2322,1,stable
-7.15028,-0.14984,1,stable
-3.61948,0.13996,1,stable
-3.41368,0.15096,1,stable
-5.35616,0.14832,1,stable
-4.156,0.06652,1,stable
-5.03992,0.05108,1,stable
-5.81456,0.0784,1,stable
-4.82796,-0.00704,1,stable
-4.31996,0.00108,1,stable
-4.08692,0.01296,1,stable
-5.02072,-0.00416,1,stable
-1.93612,0.179,1,stable
1.01092,0.28436,2,transition
-4.17008,0.07304,1,stable
-1.66152,0.28152,2,transition
0.26192,0.27588,2,transition
-8.01484,-0.27256,1,stable
-4.15684,0.09892,1,stable
-5.21928,0.13688,1,stable
-7.6326,-0.0194,1,stable
-4.35396,0.02004,1,stable
-6.13348,0.03992,1,stable
-5.34448,0.057,1,stable
-4.50568,-0.01224,1,stable
-5.59976,0.05612,1,stable
-3.24688,-0.00992,1,stable
-5.5188,0.0276,1,stable
-5.21648,0.02344,1,stable
-2.96392,-0.00132,1,stable
-3.43612,0.01204,1,stable
-3.01596,0.09552,1,stable
-0.00844,0.2964,2,transition
-7.63952,-0.29212,1,stable
-5.17892,0.0392,1,stable
-1.40148,0.26004,2,transition
-1.59624,0.20672,2,transition
-3.29988,0.16436,1,stable
-3.79664,0.17204,1,stable
-5.23744,0.1128,1,stable
-5.2358,0.08472,1,stable
-2.955,0.03988,1,stable
-3.71288,0.0934,1,stable
-6.77404,-0.04452,1,stable
-4.52156,0.02584,1,stable
-5.25868,0.03628,1,stable
-3.86764,0.01368,1,stable
-0.54992,0.01276,2,transition
-2.40536,-0.06248,1,stable
-1.8232,-0.04424,1,stable
-8.04972,-0.4102,1,stable
-8.76332,-0.42076,1,stable
-8.01616,-0.39576,1,stable
-3.64396,0.044,1,stable
-4.53468,0.03084,1,stable
-3.82008,0.00676,1,stable
-3.21168,0.03228,1,stable
-6.38,-0.0218,1,stable
-9.89904,-0.0358,1,stable
-4.41792,-0.00088,1,stable
-5.58028,-0.00408,1,stable
-3.61452,-0.01592,1,stable
-3.37908,-0.0034,1,stable
-3.38816,0.01048,1,stable
-4.12104,-0.00764,1,stable
-4.3564,-0.03056,1,stable
-4.83512,-0.00476,1,stable
-2.09036,0.07564,1,stable
-4.37488,0.03236,1,stable
