Wind_Speed_m_s,Pitch_Angle_deg,Regime_ID,Regime_Name
8.34000015258789,1.0,1,mppt
6.679999828338623,0.009999999776482582,1,mppt
5.449999809265137,0.013333332724869251,1,mppt
5.099999904632568,-1.9900001287460327,1,mppt
4.579999923706055,0.019999999552965164,1,mppt
4.980000019073486,0.036666665226221085,1,mppt
4.880000114440918,0.03999999910593033,1,mppt
5.420000076293945,0.009999999776482582,1,mppt
4.699999809265137,0.03999999910593033,1,mppt
5.340000152587891,0.009999999776482582,1,mppt
4.130000114440918,0.019999997690320015,1,mppt
4.579999923706055,0.009999999776482582,1,mppt
6.070000171661377,-1.5099998712539673,1,mppt
5.550000190734863,0.009999999776482582,1,mppt
4.849999904632568,0.046666666865348816,1,mppt
6.139999866485596,1.0099999904632568,1,mppt
6.21999979019165,0.009999999776482582,1,mppt
4.730000019073486,0.036666665226221085,1,mppt
5.380000114440918,3.0899999141693115,3,transition
4.659999847412109,0.9200000166893005,1,mppt
6.159999847412109,3.950000047683716,3,transition
6.260000228881836,4.929999828338623,3,transition
6.090000152587891,3.640000104904175,3,transition
6.550000190734863,4.260000228881836,3,transition
6.929999828338623,5.8000006675720215,3,transition
5.360000133514404,0.3799999952316284,1,mppt
6.389999866485596,0.009999999776482582,1,mppt
4.800000190734863,0.009999999776482582,1,mppt
4.579999923706055,0.009999999776482582,1,mppt
5.599999904632568,0.009999999776482582,1,mppt
5.170000076293945,0.029999999329447746,1,mppt
6.929999828338623,0.009999999776482582,1,mppt
7.639999866485596,-0.4699999988079071,1,mppt
5.03000020980835,0.009999999776482582,1,mppt
7.150000095367432,0.01666666567325592,1,mppt
5.510000228881836,0.38999998569488525,1,mppt
5.389999866485596,0.4399999678134918,1,mppt
5.230000019073486,-1.7599998712539673,1,mppt
4.789999961853027,0.07000000029802322,1,mppt
6.190000057220459,4.559999942779541,3,transition
7.150000095367432,5.28000020980835,3,transition
6.0,2.9200000762939453,3,transition
8.119999885559082,4.659999847412109,3,transition
5.920000076293945,0.009999999776482582,1,mppt
7.289999961853027,0.6299999952316284,1,mppt
6.730000019073486,1.0399999618530273,1,mppt
7.139999866485596,1.190000057220459,1,mppt
7.679999828338623,0.36000001430511475,1,mppt
5.010000228881836,0.8799999356269836,1,mppt
5.800000190734863,0.9900000095367432,1,mppt
9.09000015258789,-0.9833333492279053,1,mppt
6.03000020980835,0.8700000643730164,1,mppt
7.989999771118164,1.0,1,mppt
6.960000038146973,0.009999999776482582,1,mppt
4.53000020980835,0.009999999776482582,1,mppt
3.869999885559082,0.009999999776482582,1,mppt
6.579999923706055,-0.49000000953674316,1,mppt
5.139999866485596,0.009999999776482582,1,mppt
5.800000190734863,0.009999999776482582,1,mppt
5.550000190734863,0.009999999776482582,1,mppt
5.099999904632568,0.009999999776482582,1,mppt
4.800000190734863,0.009999999776482582,1,mppt
6.699999809265137,0.009999999776482582,1,mppt
4.820000171661377,0.009999999776482582,1,mppt
4.869999885559082,0.009999999776482582,1,mppt
4.889999866485596,0.009999999776482582,1,mppt
4.880000114440918,0.009999999776482582,1,mppt
3.5899999141693115,0.009999999776482582,1,mppt
5.96999979019165,-1.809999942779541,1,mppt
5.21999979019165,0.009999999776482582,1,mppt
4.900000095367432,0.5,1,mppt
7.940000057220459,4.320000171661377,3,transition
7.360000133514404,2.7300002574920654,3,transition
8.670000076293945,5.28000020980835,3,transition
8.170000076293945,4.179999828338623,3,transition
6.71999979019165,4.0,3,transition
9.140000343322754,0.03999999910593033,1,mppt
6.760000228881836,0.3700000047683716,1,mppt
4.760000228881836,0.7900000214576721,1,mppt
6.320000171661377,0.5899999737739563,1,mppt
9.010000228881836,0.05000000074505806,1,mppt
6.980000019073486,0.5099999904632568,1,mppt
7.130000114440918,0.06666666269302368,1,mppt
8.020000457763672,0.009999999776482582,1,mppt
5.239999771118164,0.009999999776482582,1,mppt
7.78000020980835,0.009999999776482582,1,mppt
8.079999923706055,0.009999999776482582,1,mppt
7.610000133514404,0.009999999776482582,1,mppt
7.53000020980835,0.009999999776482582,1,mppt
7.670000076293945,0.009999999776482582,1,mppt
5.730000019073486,0.009999999776482582,1,mppt
5.869999885559082,0.009999999776482582,1,mppt
6.860000133514404,0.009999999776482582,1,mppt
3.190000057220459,0.009999999776482582,1,mppt
3.700000047683716,0.009999999776482582,1,mppt
4.170000076293945,0.009999999776482582,1,mppt
4.349999904632568,0.009999999776482582,1,mppt
4.510000228881836,0.009999999776482582,1,mppt
3.880000114440918,0.009999999776482582,1,mppt
2.930000066757202,0.009999999776482582,0,idle
5.0,0.009999999776482582,1,mppt
5.260000228881836,0.04333333298563957,1,mppt
4.949999809265137,0.009999999776482582,1,mppt
3.549999952316284,0.009999999776482582,1,mppt
3.7200000286102295,0.009999999776482582,1,mppt
2.8299999237060547,0.009999999776482582,0,idle
3.2100000381469727,0.009999999776482582,1,mppt
2.7100000381469727,0.009999999776482582,0,idle
3.2100000381469727,-1.9900001287460327,1,mppt
4.039999961853027,0.009999999776482582,1,mppt
4.650000095367432,0.01666666567325592,1,mppt
4.829999923706055,0.009999999776482582,1,mppt
2.690000057220459,0.009999999776482582,0,idle
4.670000076293945,0.009999999776482582,1,mppt
3.200000047683716,0.009999999776482582,1,mppt
3.180000066757202,0.009999999776482582,1,mppt
3.8499999046325684,0.009999999776482582,1,mppt
3.8399999141693115,0.009999999776482582,1,mppt
4.239999771118164,0.009999999776482582,1,mppt
3.4800000190734863,0.009999999776482582,1,mppt
4.210000038146973,0.009999999776482582,1,mppt
4.340000152587891,0.03999999910593033,1,mppt
4.349999904632568,0.009999999776482582,1,mppt
4.309999942779541,0.009999999776482582,1,mppt
3.609999895095825,0.009999999776482582,1,mppt
3.309999942779541,0.009999999776482582,1,mppt
3.390000104904175,0.009999999776482582,1,mppt
4.519999980926514,0.009999999776482582,1,mppt
2.9700000286102295,0.009999999776482582,0,idle
4.130000114440918,0.009999999776482582,1,mppt
2.799999952316284,-1.5,0,idle
0.0,0.0,0,idle
3.950000047683716,0.009999999776482582,1,mppt
3.5199999809265137,0.009999999776482582,1,mppt
5.539999961853027,0.8833333849906921,1,mppt
7.230000019073486,86.42000579833984,3,transition
7.550000190734863,9.670000076293945,3,transition
4.630000114440918,3.8299999237060547,3,transition
4.519999980926514,83.73999786376953,3,transition
6.989999771118164,10.300000190734863,3,transition
6.329999923706055,48.5,3,transition
7.820000171661377,90.5333251953125,3,transition
7.300000190734863,90.36333465576172,3,transition
5.940000057220459,90.37667083740234,3,transition
7.090000152587891,90.37667083740234,3,transition
7.420000076293945,90.07999420166016,3,transition
5.110000133514404,6.650000095367432,3,transition
6.619999885559082,12.65999984741211,3,transition
6.769999980926514,90.3800048828125,3,transition
7.880000114440918,14.050000190734863,3,transition
7.150000095367432,10.100000381469727,3,transition
7.300000190734863,12.529999732971191,3,transition
6.519999980926514,90.37667083740234,3,transition
7.940000057220459,89.76333618164062,3,transition
7.360000133514404,12.229999542236328,3,transition
6.630000114440918,11.390000343322754,3,transition
5.96999979019165,90.3800048828125,3,transition
6.289999961853027,11.126667022705078,3,transition
6.599999904632568,90.08333587646484,3,transition
5.659999847412109,90.07999420166016,3,transition
5.670000076293945,90.3800048828125,3,transition
6.380000114440918,9.65999984741211,3,transition
5.699999809265137,90.3800048828125,3,transition
5.489999771118164,90.336669921875,3,transition
5.079999923706055,90.08333587646484,3,transition
5.809999942779541,8.130000114440918,3,transition
5.730000019073486,7.940000057220459,3,transition
5.409999847412109,90.0,3,transition
5.519999980926514,90.32666778564453,3,transition
5.050000190734863,83.98333740234375,3,transition
5.090000152587891,87.9766616821289,3,transition
4.989999771118164,90.37667083740234,3,transition
5.380000114440918,0.1899999976158142,1,mppt
4.590000152587891,61.130001068115234,3,transition
5.619999885559082,65.7300033569336,3,transition
4.71999979019165,0.27000001072883606,1,mppt
4.610000133514404,36.68333435058594,3,transition
5.449999809265137,0.019999999552965164,1,mppt
4.989999771118164,0.009999999776482582,1,mppt
4.75,0.03333333507180214,1,mppt
4.989999771118164,0.009999999776482582,1,mppt
4.690000057220459,0.10000000149011612,1,mppt
5.239999771118164,0.10000000149011612,1,mppt
4.300000190734863,1.940000057220459,1,mppt
5.239999771118164,0.550000011920929,1,mppt
5.460000038146973,0.009999999776482582,1,mppt
4.800000190734863,0.026666665449738503,1,mppt
4.239999771118164,0.009999999776482582,1,mppt
5.630000114440918,0.009999999776482582,1,mppt
4.610000133514404,0.009999999776482582,1,mppt
4.730000019073486,0.009999999776482582,1,mppt
4.550000190734863,0.009999999776482582,1,mppt
4.429999828338623,-1.976666808128357,1,mppt
5.570000171661377,0.009999999776482582,1,mppt
4.829999923706055,0.009999999776482582,1,mppt
5.269999980926514,0.009999999776482582,1,mppt
5.230000019073486,0.009999999776482582,1,mppt
6.110000133514404,0.009999999776482582,1,mppt
5.610000133514404,0.009999999776482582,1,mppt
5.380000114440918,0.009999999776482582,1,mppt
5.659999847412109,0.009999999776482582,1,mppt
5.210000038146973,0.009999999776482582,1,mppt
4.96999979019165,0.01666666567325592,1,mppt
4.900000095367432,0.5099999904632568,1,mppt
5.659999847412109,0.009999999776482582,1,mppt
5.349999904632568,0.009999999776482582,1,mppt
6.699999809265137,-0.49000000953674316,1,mppt
4.46999979019165,0.009999999776482582,1,mppt
4.5,0.009999999776482582,1,mppt
4.179999828338623,0.009999999776482582,1,mppt
4.809999942779541,0.02333333157002926,1,mppt
4.550000190734863,-1.5099998712539673,1,mppt
3.640000104904175,0.009999999776482582,1,mppt
5.460000038146973,-0.49000000953674316,1,mppt
5.28000020980835,0.009999999776482582,1,mppt
5.849999904632568,0.009999999776482582,1,mppt
5.920000076293945,0.009999999776482582,1,mppt
4.409999847412109,0.009999999776482582,1,mppt
4.190000057220459,0.009999999776482582,1,mppt
5.289999961853027,0.02333333157002926,1,mppt
3.9800000190734863,0.046666666865348816,1,mppt
6.599999904632568,0.009999999776482582,1,mppt
4.940000057220459,0.009999999776482582,1,mppt
4.769999980926514,0.013333332724869251,1,mppt
4.539999961853027,0.009999999776482582,1,mppt
6.320000171661377,0.009999999776482582,1,mppt
4.369999885559082,0.02333333157002926,1,mppt
6.659999847412109,0.009999999776482582,1,mppt
6.320000171661377,0.009999999776482582,1,mppt
4.909999847412109,0.009999999776482582,1,mppt
5.210000038146973,1.0299999713897705,1,mppt
6.329999923706055,0.009999999776482582,1,mppt
4.860000133514404,0.009999999776482582,1,mppt
6.269999980926514,0.02333333157002926,1,mppt
4.619999885559082,0.009999999776482582,1,mppt
6.079999923706055,0.009999999776482582,1,mppt
4.989999771118164,0.009999999776482582,1,mppt
5.019999980926514,0.009999999776482582,1,mppt
3.869999885559082,0.009999999776482582,1,mppt
5.539999961853027,0.009999999776482582,1,mppt
4.230000019073486,0.5099999904632568,1,mppt
4.599999904632568,0.029999999329447746,1,mppt
4.369999885559082,0.009999999776482582,1,mppt
5.679999828338623,0.9900000095367432,1,mppt
4.550000190734863,0.019999997690320015,1,mppt
5.360000133514404,0.029999999329447746,1,mppt
4.739999771118164,0.009999999776482582,1,mppt
4.769999980926514,0.009999999776482582,1,mppt
3.4800000190734863,0.009999999776482582,1,mppt
3.440000057220459,0.009999999776482582,1,mppt
4.519999980926514,0.009999999776482582,1,mppt
3.2100000381469727,0.009999999776482582,1,mppt
4.210000038146973,0.009999999776482582,1,mppt
2.5999999046325684,0.009999999776482582,0,idle
4.380000114440918,0.009999999776482582,1,mppt
4.079999923706055,0.009999999776482582,1,mppt
4.389999866485596,0.009999999776482582,1,mppt
3.1600000858306885,0.009999999776482582,1,mppt
4.199999809265137,0.009999999776482582,1,mppt
1.0099999904632568,44.75,0,idle
3.4200000762939453,0.009999999776482582,1,mppt
2.430000066757202,0.009999999776482582,0,idle
3.75,-1.9900001287460327,1,mppt
5.639999866485596,0.009999999776482582,1,mppt
1.440000057220459,90.1866683959961,0,idle
1.4199999570846558,89.98333740234375,0,idle
1.6100000143051147,90.37667083740234,0,idle
0.6100000143051147,87.9766616821289,0,idle
0.7799999713897705,90.37332916259766,0,idle
2.880000114440918,0.009999999776482582,0,idle
1.2799999713897705,90.37332916259766,0,idle
1.409999966621399,90.33000946044922,0,idle
1.6100000143051147,90.37999725341797,0,idle
3.890000104904175,0.009999999776482582,1,mppt
1.3200000524520874,21.030000686645508,0,idle
3.490000009536743,0.009999999776482582,1,mppt
1.6299999952316284,88.17333221435547,0,idle
2.5399999618530273,0.009999999776482582,0,idle
2.369999885559082,0.009999999776482582,0,idle
1.7699999809265137,87.9800033569336,0,idle
3.5299999713897705,0.49000000953674316,1,mppt
2.890000104904175,0.009999999776482582,0,idle
1.9500000476837158,90.37999725341797,0,idle
1.7899999618530273,90.37332916259766,0,idle
1.5499999523162842,90.37667083740234,0,idle
1.8600000143051147,85.82666778564453,0,idle
1.409999966621399,90.37667083740234,0,idle
2.309999942779541,90.66666412353516,0,idle
1.850000023841858,89.9766616821289,0,idle
2.549999952316284,0.009999999776482582,0,idle
1.8300000429153442,90.37332916259766,0,idle
3.319999933242798,42.89999771118164,3,transition
1.9700000286102295,90.0533218383789,0,idle
1.7799999713897705,89.80999755859375,0,idle
3.0299999713897705,89.92000579833984,3,transition
4.019999980926514,0.046666666865348816,1,mppt
5.369999885559082,1.059999942779541,1,mppt
6.639999866485596,10.529999732971191,3,transition
4.210000038146973,22.440000534057617,3,transition
4.389999866485596,29.836668014526367,3,transition
6.320000171661377,32.016666412353516,3,transition
5.199999809265137,0.9700000286102295,1,mppt
6.050000190734863,43.86000061035156,3,transition
6.5,0.07000000029802322,1,mppt
6.159999847412109,0.03999999910593033,1,mppt
5.579999923706055,0.029999999329447746,1,mppt
6.25,-1.8200000524520874,1,mppt
5.519999980926514,0.4099999964237213,1,mppt
5.820000171661377,0.38999998569488525,1,mppt
4.900000095367432,0.05999999865889549,1,mppt
6.369999885559082,2.2200000286102295,3,transition
5.710000038146973,0.3700000047683716,1,mppt
5.159999847412109,1.0,1,mppt
4.670000076293945,-0.7599999904632568,1,mppt
5.03000020980835,4.199999809265137,3,transition
6.840000152587891,1.6100000143051147,1,mppt
5.610000133514404,1.0,1,mppt
5.809999942779541,1.909999966621399,1,mppt
5.389999866485596,0.6600000262260437,1,mppt
6.239999771118164,0.6499999761581421,1,mppt
5.369999885559082,0.5,1,mppt
6.760000228881836,0.019999999552965164,1,mppt
6.920000076293945,0.019999999552965164,1,mppt
3.700000047683716,0.019999999552965164,1,mppt
5.03000020980835,0.4000000059604645,1,mppt
6.590000152587891,1.1799999475479126,1,mppt
8.569999694824219,6.460000514984131,3,transition
8.010000228881836,7.059999942779541,3,transition
6.760000228881836,4.130000114440918,3,transition
6.5,5.28000020980835,3,transition
6.820000171661377,8.979999542236328,3,transition
9.020000457763672,9.579999923706055,3,transition
7.369999885559082,12.470000267028809,3,transition
7.0,6.170000076293945,3,transition
6.670000076293945,9.899999618530273,3,transition
9.350000381469727,7.25,3,transition
7.46999979019165,4.619999885559082,3,transition
8.59000015258789,90.42000579833984,3,transition
7.449999809265137,5.579999923706055,3,transition
7.059999942779541,5.480000019073486,3,transition
8.210000038146973,3.5799999237060547,3,transition
7.599999904632568,5.730000019073486,3,transition
7.139999866485596,4.539999961853027,3,transition
8.3100004196167,5.159999847412109,3,transition
8.739999771118164,0.4399999678134918,1,mppt
8.449999809265137,1.2999999523162842,1,mppt
7.809999942779541,1.5499998331069946,1,mppt
9.6899995803833,1.6799999475479126,1,mppt
8.869999885559082,1.659999966621399,1,mppt
9.699999809265137,1.9299999475479126,1,mppt
10.34000015258789,0.5799999833106995,1,mppt
8.069999694824219,0.03999999910593033,1,mppt
7.349999904632568,0.11666666716337204,1,mppt
8.9399995803833,0.009999999776482582,1,mppt
7.699999809265137,0.023333333432674408,1,mppt
6.599999904632568,0.013333332724869251,1,mppt
5.639999866485596,-1.9800000190734863,1,mppt
7.190000057220459,0.009999999776482582,1,mppt
7.090000152587891,-1.9866666793823242,1,mppt
5.829999923706055,0.019999999552965164,1,mppt
3.950000047683716,0.029999999329447746,1,mppt
5.03000020980835,0.019999999552965164,1,mppt
4.489999771118164,0.03999999910593033,1,mppt
6.239999771118164,0.009999999776482582,1,mppt
9.989999771118164,1.0,1,mppt
6.900000095367432,0.03999999910593033,1,mppt
6.949999809265137,0.029999999329447746,1,mppt
4.28000020980835,0.026666665449738503,1,mppt
4.909999847412109,0.026666665449738503,1,mppt
3.2899999618530273,0.019999999552965164,1,mppt
3.7200000286102295,0.019999999552965164,1,mppt
4.829999923706055,0.029999999329447746,1,mppt
7.03000020980835,0.03333333507180214,1,mppt
3.4700000286102295,0.019999999552965164,1,mppt
4.900000095367432,0.026666665449738503,1,mppt
4.75,0.02333333157002926,1,mppt
5.289999961853027,0.019999999552965164,1,mppt
3.5299999713897705,0.019999999552965164,1,mppt
4.21999979019165,0.019999999552965164,1,mppt
3.9800000190734863,0.026666665449738503,1,mppt
4.46999979019165,0.02333333157002926,1,mppt
3.440000057220459,0.026666665449738503,1,mppt
2.990000009536743,0.019999999552965164,0,idle
4.0,0.029999999329447746,1,mppt
7.179999828338623,2.8366668224334717,3,transition
7.349999904632568,2.6733334064483643,3,transition
5.170000076293945,3.0999996662139893,3,transition
6.400000095367432,3.990000009536743,3,transition
5.300000190734863,6.070000171661377,3,transition
5.289999961853027,5.9499993324279785,3,transition
7.119999885559082,13.0,3,transition
6.260000228881836,1.159999966621399,1,mppt
5.329999923706055,0.30000001192092896,1,mppt
5.820000171661377,0.6700000166893005,1,mppt
6.460000038146973,0.6499999761581421,1,mppt
5.789999961853027,0.03999999910593033,1,mppt
5.840000152587891,0.026666665449738503,1,mppt
4.230000019073486,0.01666666567325592,1,mppt
5.559999942779541,0.026666665449738503,1,mppt
4.119999885559082,0.009999999776482582,1,mppt
4.949999809265137,0.019999999552965164,1,mppt
4.409999847412109,0.029999999329447746,1,mppt
5.679999828338623,0.03999999910593033,1,mppt
6.010000228881836,0.07000000029802322,1,mppt
8.529999732971191,7.8000006675720215,3,transition
7.449999809265137,4.909999847412109,3,transition
6.050000190734863,1.3200000524520874,1,mppt
8.850000381469727,4.269999980926514,3,transition
7.75,5.599999904632568,3,transition
9.710000038146973,4.989999771118164,3,transition
8.880000114440918,6.349999904632568,3,transition
11.3100004196167,10.5600004196167,2,pitch_control
7.949999809265137,4.960000038146973,3,transition
9.239999771118164,5.28000020980835,3,transition
6.889999866485596,2.569999933242798,3,transition
5.699999809265137,1.0299999713897705,1,mppt
8.239999771118164,1.8700000047683716,1,mppt
5.840000152587891,0.89000004529953,1,mppt
8.300000190734863,1.3799999952316284,1,mppt
8.40999984741211,2.140000104904175,3,transition
7.579999923706055,0.009999999776482582,1,mppt
6.46999979019165,0.9100000262260437,1,mppt
6.610000133514404,2.1500000953674316,3,transition
8.569999694824219,5.110000133514404,3,transition
6.400000095367432,3.5,3,transition
7.909999847412109,3.2799999713897705,3,transition
9.319999694824219,5.389999866485596,3,transition
9.109999656677246,12.15999984741211,3,transition
8.130000114440918,2.7799999713897705,3,transition
8.149999618530273,6.659999847412109,3,transition
8.739999771118164,5.989999771118164,3,transition
7.989999771118164,4.199999809265137,3,transition
10.600000381469727,8.90999984741211,2,pitch_control
8.220000267028809,5.739999771118164,3,transition
10.470000267028809,12.196666717529297,3,transition
9.520000457763672,9.489999771118164,3,transition
10.680000305175781,10.99000072479248,2,pitch_control
9.279999732971191,11.369999885559082,3,transition
9.5600004196167,10.630000114440918,3,transition
11.210000038146973,10.630000114440918,2,pitch_control
10.460000038146973,10.850001335144043,3,transition
9.489999771118164,8.069999694824219,3,transition
9.989999771118164,10.550000190734863,3,transition
9.619999885559082,8.539999961853027,3,transition
10.279999732971191,9.779999732971191,3,transition
12.09000015258789,11.329998970031738,2,pitch_control
10.640000343322754,10.359999656677246,2,pitch_control
10.140000343322754,9.390000343322754,3,transition
10.0600004196167,6.150000095367432,3,transition
9.229999542236328,8.119999885559082,3,transition
9.710000038146973,7.989999771118164,3,transition
9.119999885559082,8.229999542236328,3,transition
8.739999771118164,7.909999847412109,3,transition
10.989999771118164,13.880000114440918,2,pitch_control
10.020000457763672,10.489999771118164,3,transition
10.140000343322754,9.729999542236328,3,transition
9.140000343322754,5.159999847412109,3,transition
9.380000114440918,9.079999923706055,3,transition
9.859999656677246,5.62000036239624,3,transition
10.170000076293945,10.149999618530273,3,transition
10.3100004196167,70.7633285522461,3,transition
9.329999923706055,8.789999961853027,3,transition
8.920000076293945,8.869999885559082,3,transition
8.050000190734863,10.210000038146973,3,transition
9.40999984741211,10.800000190734863,3,transition
8.859999656677246,8.970000267028809,3,transition
10.1899995803833,11.609999656677246,3,transition
10.579999923706055,11.49000072479248,2,pitch_control
10.65999984741211,12.100001335144043,2,pitch_control
11.100000381469727,13.069999694824219,2,pitch_control
10.010000228881836,11.079998970031738,3,transition
9.40999984741211,11.15999984741211,3,transition
10.460000038146973,11.630000114440918,3,transition
9.1899995803833,11.350001335144043,3,transition
10.399999618530273,11.0,3,transition
9.569999694824219,10.34000015258789,3,transition
9.609999656677246,10.640000343322754,3,transition
10.1899995803833,9.800000190734863,3,transition
10.770000457763672,9.229999542236328,2,pitch_control
11.510000228881836,10.399999618530273,2,pitch_control
11.609999656677246,11.680000305175781,2,pitch_control
10.899999618530273,5.87000036239624,2,pitch_control
11.489999771118164,11.449999809265137,2,pitch_control
9.229999542236328,8.180000305175781,3,transition
10.359999656677246,9.899999618530273,3,transition
10.260000228881836,90.4333267211914,3,transition
11.260000228881836,3.450000047683716,2,pitch_control
10.970000267028809,4.409999847412109,2,pitch_control
11.779999732971191,0.009999999776482582,3,transition
9.819999694824219,1.899999976158142,1,mppt
11.489999771118164,1.0099999904632568,3,transition
10.90999984741211,1.756666660308838,3,transition
10.40999984741211,3.180000066757202,3,transition
11.789999961853027,6.320000171661377,2,pitch_control
11.229999542236328,4.170000076293945,2,pitch_control
9.989999771118164,2.359999895095825,3,transition
9.8100004196167,0.009999999776482582,1,mppt
9.180000305175781,2.81000018119812,3,transition
11.399999618530273,3.7200000286102295,2,pitch_control
10.609999656677246,0.4566666781902313,3,transition
10.430000305175781,0.09000000357627869,1,mppt
11.220000267028809,5.039999961853027,2,pitch_control
11.449999809265137,4.480000019073486,2,pitch_control
10.460000038146973,-0.4000000059604645,1,mppt
10.350000381469727,1.9666666984558105,1,mppt
12.710000038146973,4.980000019073486,2,pitch_control
10.140000343322754,2.069999933242798,3,transition
12.1899995803833,5.37999963760376,2,pitch_control
11.25,4.800000190734863,2,pitch_control
11.829999923706055,4.380000114440918,2,pitch_control
10.260000228881836,1.350000023841858,1,mppt
12.119999885559082,7.25,2,pitch_control
10.59000015258789,2.069999933242798,2,pitch_control
10.319999694824219,3.569999933242798,3,transition
10.449999809265137,1.9800000190734863,1,mppt
11.930000305175781,6.659999847412109,2,pitch_control
11.350000381469727,3.549999952316284,2,pitch_control
10.1899995803833,1.8600000143051147,1,mppt
10.739999771118164,5.420000076293945,2,pitch_control
12.220000267028809,0.9599999785423279,3,transition
13.569999694824219,8.079999923706055,2,pitch_control
9.579999923706055,2.2100000381469727,3,transition
10.1899995803833,0.75,1,mppt
10.65999984741211,3.619999885559082,2,pitch_control
11.850000381469727,5.739999771118164,2,pitch_control
10.890000343322754,6.710000514984131,2,pitch_control
11.399999618530273,3.8399999141693115,2,pitch_control
12.050000190734863,8.449999809265137,2,pitch_control
10.770000457763672,2.2300000190734863,2,pitch_control
7.730000019073486,0.01666666567325592,1,mppt
11.40999984741211,2.8399999141693115,2,pitch_control
12.079999923706055,4.53000020980835,2,pitch_control
9.569999694824219,3.630000114440918,3,transition
13.430000305175781,3.5399999618530273,2,pitch_control
12.84000015258789,12.470000267028809,2,pitch_control
10.829999923706055,2.430000066757202,2,pitch_control
12.989999771118164,7.360000133514404,2,pitch_control
10.479999542236328,4.183332920074463,3,transition
10.829999923706055,2.5399999618530273,2,pitch_control
11.0,4.389999866485596,2,pitch_control
10.760000228881836,5.519999980926514,2,pitch_control
12.6899995803833,5.4499993324279785,2,pitch_control
11.359999656677246,6.010000228881836,2,pitch_control
11.470000267028809,3.509999990463257,2,pitch_control
10.640000343322754,7.110000133514404,2,pitch_control
10.579999923706055,1.9500001668930054,3,transition
12.6899995803833,8.460000038146973,2,pitch_control
12.289999961853027,11.993332862854004,2,pitch_control
12.039999961853027,9.600000381469727,2,pitch_control
11.779999732971191,0.5866666436195374,3,transition
14.970000267028809,11.6899995803833,2,pitch_control
10.75,6.12999963760376,2,pitch_control
12.5,8.529999732971191,2,pitch_control
14.520000457763672,7.110000133514404,2,pitch_control
10.729999542236328,3.4000003337860107,2,pitch_control
12.550000190734863,0.9800000190734863,3,transition
14.119999885559082,9.770000457763672,2,pitch_control
13.260000228881836,10.4399995803833,2,pitch_control
11.3100004196167,3.700000047683716,2,pitch_control
14.8100004196167,16.18000030517578,2,pitch_control
13.699999809265137,10.239999771118164,2,pitch_control
13.649999618530273,11.25999927520752,2,pitch_control
13.970000267028809,8.8100004196167,2,pitch_control
13.279999732971191,10.020000457763672,2,pitch_control
16.790000915527344,12.1899995803833,2,pitch_control
13.0,1.9500001668930054,3,transition
13.1899995803833,10.4399995803833,2,pitch_control
13.5600004196167,9.390000343322754,2,pitch_control
12.4399995803833,11.116665840148926,2,pitch_control
13.0,9.039999961853027,2,pitch_control
14.050000190734863,11.029999732971191,2,pitch_control
14.3100004196167,9.619999885559082,2,pitch_control
15.0,85.20000457763672,2,pitch_control
12.579999923706055,6.900000095367432,2,pitch_control
9.640000343322754,5.37000036239624,3,transition
12.960000038146973,5.239999771118164,2,pitch_control
12.960000038146973,1.5,3,transition
13.390000343322754,10.15999984741211,2,pitch_control
14.960000038146973,12.600001335144043,2,pitch_control
12.760000228881836,11.65999984741211,2,pitch_control
14.720000267028809,12.300000190734863,2,pitch_control
15.079999923706055,13.59000015258789,2,pitch_control
16.31999969482422,13.180000305175781,2,pitch_control
14.029999732971191,11.390000343322754,2,pitch_control
13.390000343322754,10.699999809265137,2,pitch_control
14.420000076293945,12.130000114440918,2,pitch_control
13.140000343322754,11.00999927520752,2,pitch_control
15.569999694824219,12.789999961853027,2,pitch_control
14.949999809265137,10.6899995803833,2,pitch_control
14.15999984741211,12.170001029968262,2,pitch_control
13.470000267028809,11.020000457763672,2,pitch_control
16.010000228881836,15.119999885559082,2,pitch_control
15.470000267028809,7.3000006675720215,2,pitch_control
12.489999771118164,10.699999809265137,2,pitch_control
15.239999771118164,15.65999984741211,2,pitch_control
15.869999885559082,19.860000610351562,2,pitch_control
15.8100004196167,14.859999656677246,2,pitch_control
17.190000534057617,15.020000457763672,2,pitch_control
18.200000762939453,17.8799991607666,2,pitch_control
18.25,15.8100004196167,2,pitch_control
15.619999885559082,13.520000457763672,2,pitch_control
14.420000076293945,0.01666666567325592,3,transition
17.299999237060547,17.469999313354492,2,pitch_control
17.360000610351562,17.600000381469727,2,pitch_control
16.760000228881836,16.940000534057617,2,pitch_control
18.389999389648438,16.860000610351562,2,pitch_control
15.210000038146973,12.40999984741211,2,pitch_control
14.34000015258789,12.640000343322754,2,pitch_control
17.06999969482422,15.289999961853027,2,pitch_control
16.170000076293945,14.890000343322754,2,pitch_control
16.43000030517578,15.90999984741211,2,pitch_control
14.789999961853027,13.279999732971191,2,pitch_control
15.140000343322754,12.40999984741211,2,pitch_control
19.43000030517578,13.770000457763672,2,pitch_control
17.540000915527344,16.799999237060547,2,pitch_control
14.609999656677246,12.050000190734863,2,pitch_control
16.90999984741211,16.010000228881836,2,pitch_control
17.18000030517578,16.399999618530273,2,pitch_control
15.850000381469727,15.1899995803833,2,pitch_control
17.770000457763672,15.050000190734863,2,pitch_control
17.43000030517578,11.640000343322754,2,pitch_control
20.3700008392334,17.799999237060547,2,pitch_control
15.199999809265137,14.84000015258789,2,pitch_control
14.09000015258789,13.279999732971191,2,pitch_control
15.680000305175781,15.390000343322754,2,pitch_control
16.34000015258789,14.99000072479248,2,pitch_control
13.5600004196167,11.869999885559082,2,pitch_control
18.25,18.00666618347168,2,pitch_control
17.489999771118164,17.889999389648438,2,pitch_control
15.710000038146973,12.25999927520752,2,pitch_control
16.350000381469727,16.299999237060547,2,pitch_control
13.989999771118164,13.670001029968262,2,pitch_control
13.09000015258789,11.09000015258789,2,pitch_control
16.690000534057617,14.569999694824219,2,pitch_control
17.59000015258789,17.510000228881836,2,pitch_control
19.030000686645508,18.469999313354492,2,pitch_control
18.040000915527344,15.09000015258789,2,pitch_control
17.760000228881836,16.84000015258789,2,pitch_control
15.8100004196167,13.119999885559082,2,pitch_control
13.170000076293945,11.25999927520752,2,pitch_control
16.100000381469727,15.14666748046875,2,pitch_control
15.260000228881836,18.59000015258789,2,pitch_control
16.440000534057617,15.329998970031738,2,pitch_control
17.889999389648438,14.579998970031738,2,pitch_control
15.010000228881836,13.109999656677246,2,pitch_control
16.360000610351562,14.899998664855957,2,pitch_control
15.829999923706055,15.770000457763672,2,pitch_control
13.430000305175781,10.59000015258789,2,pitch_control
14.119999885559082,12.770000457763672,2,pitch_control
14.380000114440918,10.970000267028809,2,pitch_control
16.799999237060547,85.25332641601562,2,pitch_control
15.720000267028809,14.449999809265137,2,pitch_control
14.789999961853027,12.420001029968262,2,pitch_control
14.539999961853027,14.470000267028809,2,pitch_control
14.420000076293945,12.199999809265137,2,pitch_control
16.3799991607666,12.770000457763672,2,pitch_control
14.930000305175781,12.75,2,pitch_control
14.989999771118164,13.1899995803833,2,pitch_control
13.989999771118164,11.25,2,pitch_control
16.799999237060547,14.109999656677246,2,pitch_control
15.390000343322754,13.720000267028809,2,pitch_control
14.630000114440918,12.1899995803833,2,pitch_control
17.239999771118164,14.0,2,pitch_control
14.239999771118164,11.899998664855957,2,pitch_control
15.6899995803833,12.390000343322754,2,pitch_control
11.109999656677246,7.769999980926514,2,pitch_control
12.020000457763672,7.340000152587891,2,pitch_control
12.079999923706055,8.569999694824219,2,pitch_control
12.239999771118164,8.680000305175781,2,pitch_control
12.890000343322754,8.5600004196167,2,pitch_control
10.739999771118164,0.9300000071525574,3,transition
11.1899995803833,3.1700000762939453,2,pitch_control
11.289999961853027,7.539999485015869,2,pitch_control
11.170000076293945,4.650000095367432,2,pitch_control
12.25,9.539999961853027,2,pitch_control
13.569999694824219,8.970000267028809,2,pitch_control
12.90999984741211,9.8100004196167,2,pitch_control
13.779999732971191,65.57666778564453,2,pitch_control
10.479999542236328,89.66666412353516,3,transition
12.609999656677246,11.09000015258789,2,pitch_control
12.079999923706055,7.420000076293945,2,pitch_control
11.020000457763672,6.230000019073486,2,pitch_control
10.140000343322754,2.200000047683716,3,transition
9.920000076293945,0.3799999952316284,1,mppt
10.369999885559082,1.5800000429153442,1,mppt
9.960000038146973,0.2266666740179062,1,mppt
9.350000381469727,1.4233332872390747,1,mppt
10.199999809265137,2.0999999046325684,3,transition
12.380000114440918,12.630000114440918,2,pitch_control
11.199999809265137,5.75,2,pitch_control
8.470000267028809,0.4466666281223297,1,mppt
9.109999656677246,-0.3199999928474426,1,mppt
9.949999809265137,2.2200000286102295,3,transition
8.760000228881836,0.4000000059604645,1,mppt
11.260000228881836,4.329999923706055,2,pitch_control
10.0600004196167,1.2400000095367432,1,mppt
7.429999828338623,0.3033333420753479,1,mppt
10.420000076293945,15.289999961853027,3,transition
9.25,0.46000000834465027,1,mppt
10.220000267028809,0.3799999952316284,1,mppt
9.539999961853027,0.009999999776482582,1,mppt
10.550000190734863,2.0266666412353516,2,pitch_control
7.550000190734863,0.25999999046325684,1,mppt
11.899999618530273,5.260000228881836,2,pitch_control
9.84000015258789,1.8899999856948853,1,mppt
9.069999694824219,0.01666666567325592,1,mppt
9.65999984741211,1.7999998331069946,1,mppt
9.760000228881836,3.75,3,transition
8.5600004196167,0.3100000023841858,1,mppt
9.350000381469727,1.1366666555404663,1,mppt
9.470000267028809,1.0199999809265137,1,mppt
8.210000038146973,0.029999999329447746,1,mppt
9.09000015258789,0.8999999165534973,1,mppt
7.730000019073486,0.053333330899477005,1,mppt
10.5600004196167,8.260000228881836,2,pitch_control
9.25,4.380000114440918,3,transition
12.460000038146973,6.409999847412109,2,pitch_control
12.0,-0.029999999329447746,3,transition
13.050000190734863,11.319999694824219,2,pitch_control
14.34000015258789,9.300000190734863,2,pitch_control
12.050000190734863,6.9499993324279785,2,pitch_control
13.130000114440918,11.390000343322754,2,pitch_control
13.460000038146973,16.56999969482422,2,pitch_control
13.390000343322754,12.670001029968262,2,pitch_control
16.979999542236328,13.800000190734863,2,pitch_control
15.899999618530273,12.970000267028809,2,pitch_control
14.4399995803833,13.430000305175781,2,pitch_control
14.789999961853027,56.19000244140625,2,pitch_control
16.510000228881836,22.299997329711914,2,pitch_control
15.720000267028809,13.079998970031738,2,pitch_control
16.200000762939453,13.880000114440918,2,pitch_control
15.239999771118164,13.210000038146973,2,pitch_control
16.200000762939453,14.050000190734863,2,pitch_control
14.579999923706055,15.24000072479248,2,pitch_control
16.920000076293945,20.260000228881836,2,pitch_control
16.969999313354492,19.489999771118164,2,pitch_control
15.149999618530273,90.26000213623047,2,pitch_control
16.280000686645508,25.75,2,pitch_control
15.579999923706055,19.290000915527344,2,pitch_control
15.930000305175781,18.489999771118164,2,pitch_control
18.31999969482422,23.31999969482422,2,pitch_control
15.829999923706055,13.859999656677246,2,pitch_control
16.360000610351562,15.119999885559082,2,pitch_control
16.239999771118164,19.34000015258789,2,pitch_control
18.190000534057617,19.600000381469727,2,pitch_control
15.069999694824219,17.700000762939453,2,pitch_control
19.540000915527344,20.969999313354492,2,pitch_control
19.729999542236328,20.920000076293945,2,pitch_control
18.079999923706055,18.6200008392334,2,pitch_control
16.860000610351562,18.739999771118164,2,pitch_control
18.059999465942383,90.3800048828125,2,pitch_control
18.170000076293945,19.270000457763672,2,pitch_control
19.600000381469727,14.543334007263184,2,pitch_control
16.799999237060547,18.489999771118164,2,pitch_control
16.18000030517578,90.15999603271484,2,pitch_control
16.979999542236328,16.479999542236328,2,pitch_control
17.579999923706055,89.98999786376953,2,pitch_control
17.100000381469727,21.200000762939453,2,pitch_control
17.81999969482422,20.219999313354492,2,pitch_control
20.059999465942383,23.959999084472656,2,pitch_control
17.84000015258789,21.450002670288086,2,pitch_control
16.270000457763672,90.37999725341797,2,pitch_control
19.059999465942383,89.9800033569336,2,pitch_control
18.889999389648438,23.97333335876465,2,pitch_control
19.139999389648438,25.3799991607666,2,pitch_control
16.09000015258789,23.309999465942383,2,pitch_control
18.719999313354492,24.760000228881836,2,pitch_control
16.399999618530273,90.37999725341797,2,pitch_control
17.860000610351562,25.139999389648438,2,pitch_control
18.65999984741211,89.7699966430664,2,pitch_control
17.3700008392334,22.190000534057617,2,pitch_control
16.920000076293945,24.1299991607666,2,pitch_control
18.969999313354492,18.770000457763672,2,pitch_control
16.829999923706055,25.506668090820312,2,pitch_control
16.239999771118164,20.389999389648438,2,pitch_control
18.479999542236328,21.649999618530273,2,pitch_control
17.530000686645508,18.719999313354492,2,pitch_control
17.209999084472656,18.329999923706055,2,pitch_control
12.680000305175781,89.67000579833984,2,pitch_control
14.539999961853027,89.97333526611328,2,pitch_control
13.680000305175781,90.37332916259766,2,pitch_control
16.079999923706055,18.0,2,pitch_control
15.40999984741211,16.510000228881836,2,pitch_control
15.729999542236328,17.219999313354492,2,pitch_control
17.280000686645508,17.100000381469727,2,pitch_control
16.450000762939453,14.5,2,pitch_control
15.289999961853027,90.15999603271484,2,pitch_control
16.15999984741211,18.84000015258789,2,pitch_control
14.6899995803833,18.93000030517578,2,pitch_control
15.489999771118164,20.790000915527344,2,pitch_control
14.579999923706055,19.65999984741211,2,pitch_control
10.229999542236328,89.1866683959961,3,transition
6.079999923706055,19.93000030517578,3,transition
11.579999923706055,11.789999961853027,2,pitch_control
6.139999866485596,32.516666412353516,3,transition
6.25,0.8733332753181458,1,mppt
4.5,11.08666706085205,3,transition
5.900000095367432,0.9900000095367432,1,mppt
4.659999847412109,23.5766658782959,3,transition
5.940000057220459,0.2933333218097687,1,mppt
5.119999885559082,0.05000000074505806,1,mppt
5.510000228881836,0.15000000596046448,1,mppt
4.829999923706055,90.0633316040039,3,transition
4.800000190734863,0.25999999046325684,1,mppt
5.159999847412109,0.06333333253860474,1,mppt
4.630000114440918,0.009999999776482582,1,mppt
5.300000190734863,0.009999999776482582,1,mppt
3.7200000286102295,0.036666665226221085,1,mppt
2.7699999809265137,-0.9833333492279053,0,idle
2.630000114440918,0.49000000953674316,0,idle
1.6200000047683716,11.473334312438965,0,idle
3.25,-0.9833333492279053,1,mppt
2.2899999618530273,90.07000732421875,0,idle
2.759999990463257,0.009999999776482582,0,idle
1.899999976158142,0.009999999776482582,0,idle
2.559999942779541,0.036666665226221085,0,idle
5.440000057220459,2.190000057220459,3,transition
6.059999942779541,2.299999952316284,3,transition
8.220000267028809,2.6500000953674316,3,transition
7.099999904632568,3.640000104904175,3,transition
6.550000190734863,10.119999885559082,3,transition
6.78000020980835,0.029999999329447746,1,mppt
5.909999847412109,0.009999999776482582,1,mppt
6.369999885559082,0.009999999776482582,1,mppt
6.489999771118164,0.009999999776482582,1,mppt
6.699999809265137,0.009999999776482582,1,mppt
7.0,0.009999999776482582,1,mppt
5.300000190734863,0.009999999776482582,1,mppt
5.380000114440918,82.2933349609375,3,transition
5.480000019073486,0.009999999776482582,1,mppt
5.340000152587891,0.029999999329447746,1,mppt
6.119999885559082,-1.8300000429153442,1,mppt
5.190000057220459,0.009999999776482582,1,mppt
5.019999980926514,0.009999999776482582,1,mppt
5.519999980926514,0.009999999776482582,1,mppt
4.849999904632568,0.009999999776482582,1,mppt
6.789999961853027,0.009999999776482582,1,mppt
5.110000133514404,0.009999999776482582,1,mppt
7.170000076293945,1.0,1,mppt
6.079999923706055,3.200000047683716,3,transition
6.760000228881836,8.550000190734863,3,transition
10.489999771118164,17.34000015258789,3,transition
10.430000305175781,18.239999771118164,3,transition
9.880000114440918,17.549999237060547,3,transition
9.5600004196167,17.969999313354492,3,transition
8.84000015258789,22.260000228881836,3,transition
8.569999694824219,90.37667083740234,3,transition
9.229999542236328,90.3800048828125,3,transition
8.520000457763672,18.360000610351562,3,transition
9.289999961853027,90.38333129882812,3,transition
8.399999618530273,90.12667083740234,3,transition
8.8100004196167,83.01667022705078,3,transition
7.820000171661377,9.329999923706055,3,transition
7.920000076293945,0.009999999776482582,1,mppt
7.179999828338623,0.03999999910593033,1,mppt
5.929999828338623,0.029999999329447746,1,mppt
6.650000095367432,0.009999999776482582,1,mppt
6.769999980926514,0.019999999552965164,1,mppt
5.989999771118164,0.019999999552965164,1,mppt
8.140000343322754,0.009999999776482582,1,mppt
6.079999923706055,0.019999999552965164,1,mppt
6.880000114440918,0.009999999776482582,1,mppt
8.449999809265137,0.07666666060686111,1,mppt
5.340000152587891,0.009999999776482582,1,mppt
5.53000020980835,0.009999999776482582,1,mppt
4.800000190734863,0.03333333134651184,1,mppt
4.570000171661377,0.009999999776482582,1,mppt
5.940000057220459,0.009999999776482582,1,mppt
6.389999866485596,0.006666666362434626,1,mppt
4.880000114440918,0.009999999776482582,1,mppt
4.300000190734863,0.009999999776482582,1,mppt
4.590000152587891,0.009999999776482582,1,mppt
5.800000190734863,0.009999999776482582,1,mppt
6.039999961853027,0.009999999776482582,1,mppt
5.210000038146973,0.009999999776482582,1,mppt
5.800000190734863,0.009999999776482582,1,mppt
4.21999979019165,0.009999999776482582,1,mppt
4.130000114440918,0.03999999910593033,1,mppt
3.7699999809265137,0.009999999776482582,1,mppt
4.510000228881836,0.009999999776482582,1,mppt
3.9600000381469727,0.009999999776482582,1,mppt
4.099999904632568,0.009999999776482582,1,mppt
4.199999809265137,0.009999999776482582,1,mppt
3.2200000286102295,0.009999999776482582,1,mppt
3.7799999713897705,0.009999999776482582,1,mppt
5.230000019073486,-0.49000000953674316,1,mppt
3.490000009536743,0.019999997690320015,1,mppt
3.880000114440918,0.49000000953674316,1,mppt
4.230000019073486,0.009999999776482582,1,mppt
2.3399999141693115,0.009999999776482582,0,idle
3.5199999809265137,0.03333333507180214,1,mppt
4.050000190734863,0.006666666362434626,1,mppt
3.319999933242798,0.009999999776482582,1,mppt
3.5899999141693115,1.0399999618530273,1,mppt
3.190000057220459,0.03333333507180214,1,mppt
4.559999942779541,0.009999999776482582,1,mppt
6.800000190734863,10.84000015258789,3,transition
6.460000038146973,89.41000366210938,3,transition
7.159999847412109,12.920001029968262,3,transition
6.880000114440918,12.180000305175781,3,transition
6.150000095367432,90.37999725341797,3,transition
6.739999771118164,8.529999732971191,3,transition
4.099999904632568,0.019999999552965164,1,mppt
5.539999961853027,0.009999999776482582,1,mppt
4.119999885559082,0.07999999821186066,1,mppt
4.130000114440918,0.07999999821186066,1,mppt
4.400000095367432,0.1599999964237213,1,mppt
4.170000076293945,34.20333480834961,3,transition
4.170000076293945,1.3300000429153442,1,mppt
4.699999809265137,1.3799999952316284,1,mppt
4.079999923706055,0.6833333373069763,1,mppt
2.75,0.33000001311302185,0,idle
2.9100000858306885,0.02333333157002926,0,idle
3.0199999809265137,0.009999999776482582,1,mppt
2.5299999713897705,-0.9900000095367432,0,idle
1.8899999856948853,0.009999999776482582,0,idle
5.210000038146973,4.440000057220459,3,transition
3.9700000286102295,0.013333332724869251,1,mppt
3.5299999713897705,0.029999999329447746,1,mppt
3.680000066757202,0.05000000074505806,1,mppt
3.450000047683716,0.07000000029802322,1,mppt
2.130000114440918,0.029999999329447746,0,idle
2.5199999809265137,-0.9900000095367432,0,idle
1.8899999856948853,0.023333333432674408,0,idle
2.490000009536743,0.009999999776482582,0,idle
2.430000066757202,0.009999999776482582,0,idle
4.599999904632568,0.2800000011920929,1,mppt
2.619999885559082,-1.96999990940094,0,idle
2.2300000190734863,0.9900000095367432,0,idle
2.2200000286102295,0.023333333432674408,0,idle
2.1500000953674316,0.03333333134651184,0,idle
2.130000114440918,0.023333333432674408,0,idle
3.130000114440918,0.01666666567325592,1,mppt
2.0299999713897705,0.019999997690320015,0,idle
2.9000000953674316,0.02333333157002926,0,idle
3.6700000762939453,0.029999999329447746,1,mppt
1.590000033378601,0.026666665449738503,0,idle
1.3799999952316284,13.119999885559082,0,idle
2.2300000190734863,0.029999999329447746,0,idle
2.690000057220459,67.8566665649414,0,idle
3.640000104904175,-0.9733333587646484,1,mppt
3.5799999237060547,0.023333333432674408,1,mppt
1.9600000381469727,0.026666665449738503,0,idle
3.4700000286102295,0.026666665449738503,1,mppt
2.009999990463257,90.27666473388672,0,idle
2.4700000286102295,85.48333740234375,0,idle
2.569999933242798,0.019999999552965164,0,idle
4.369999885559082,0.029999999329447746,1,mppt
2.880000114440918,0.026666665449738503,0,idle
3.2100000381469727,-1.9566665887832642,1,mppt
4.320000171661377,0.1366666555404663,1,mppt
2.109999895095825,0.019999997690320015,0,idle
1.9600000381469727,0.023333333432674408,0,idle
3.059999942779541,45.66999816894531,3,transition
2.2100000381469727,0.01666666567325592,0,idle
3.240000009536743,90.19666290283203,3,transition
3.440000057220459,0.03333333134651184,1,mppt
3.369999885559082,0.026666665449738503,1,mppt
3.369999885559082,0.023333333432674408,1,mppt
2.880000114440918,0.03333333134651184,0,idle
2.1500000953674316,85.37667083740234,0,idle
4.170000076293945,0.4099999964237213,1,mppt
3.5399999618530273,0.026666665449738503,1,mppt
3.8399999141693115,0.46000000834465027,1,mppt
3.200000047683716,0.026666665449738503,1,mppt
2.630000114440918,0.026666665449738503,0,idle
2.7200000286102295,0.026666665449738503,0,idle
3.0999999046325684,0.029999999329447746,1,mppt
3.049999952316284,0.026666665449738503,1,mppt
3.700000047683716,0.023333333432674408,1,mppt
3.9600000381469727,0.3700000047683716,1,mppt
4.289999961853027,0.05999999865889549,1,mppt
4.329999923706055,0.1133333370089531,1,mppt
4.690000057220459,0.08666666597127914,1,mppt
4.519999980926514,0.6700000166893005,1,mppt
3.0799999237060547,0.03999999910593033,1,mppt
2.8399999141693115,0.029999999329447746,0,idle
3.0399999618530273,0.029999999329447746,1,mppt
3.0199999809265137,0.019999999552965164,1,mppt
3.880000114440918,0.026666665449738503,1,mppt
3.200000047683716,0.20000000298023224,1,mppt
3.1500000953674316,0.019999999552965164,1,mppt
4.269999980926514,0.2666666805744171,1,mppt
4.550000190734863,0.029999999329447746,1,mppt
3.450000047683716,0.02333333157002926,1,mppt
3.6700000762939453,0.04333333298563957,1,mppt
3.059999942779541,-1.9900001287460327,1,mppt
4.440000057220459,0.026666665449738503,1,mppt
4.630000114440918,-1.4900001287460327,1,mppt
3.75,0.009999999776482582,1,mppt
2.0799999237060547,0.026666665449738503,0,idle
2.690000057220459,0.023333333432674408,0,idle
2.7100000381469727,0.03333333507180214,0,idle
2.569999933242798,-1.976666808128357,0,idle
2.190000057220459,-1.9900001287460327,0,idle
1.2799999713897705,0.009999999776482582,0,idle
1.8700000047683716,0.023333333432674408,0,idle
2.140000104904175,0.036666665226221085,0,idle
1.940000057220459,0.046666666865348816,0,idle
2.380000114440918,0.4699999988079071,0,idle
2.5299999713897705,0.019999999552965164,0,idle
2.2100000381469727,0.04333333298563957,0,idle
1.8899999856948853,0.036666665226221085,0,idle
1.9900000095367432,90.17000579833984,0,idle
1.649999976158142,0.030000001192092896,0,idle
2.3299999237060547,90.36333465576172,0,idle
1.7699999809265137,0.019999999552965164,0,idle
2.9600000381469727,0.026666665449738503,0,idle
2.9000000953674316,0.009999999776482582,0,idle
1.5700000524520874,90.3699951171875,0,idle
1.4299999475479126,90.37667083740234,0,idle
1.1200000047683716,0.1899999976158142,0,idle
1.850000023841858,0.026666665449738503,0,idle
1.840000033378601,83.9800033569336,0,idle
1.4800000190734863,85.4800033569336,0,idle
1.4500000476837158,0.009999999776482582,0,idle
1.4900000095367432,90.36333465576172,0,idle
1.4800000190734863,0.026666665449738503,0,idle
1.7000000476837158,83.4766616821289,0,idle
2.2200000286102295,90.37332916259766,0,idle
2.3299999237060547,90.37332916259766,0,idle
1.7400000095367432,90.37332916259766,0,idle
1.5700000524520874,0.026666665449738503,0,idle
1.7999999523162842,90.3566665649414,0,idle
1.8300000429153442,90.37332916259766,0,idle
2.190000057220459,90.07000732421875,0,idle
1.7100000381469727,90.37332916259766,0,idle
1.399999976158142,0.01666666567325592,0,idle
1.440000057220459,90.07333374023438,0,idle
1.7400000095367432,83.9800033569336,0,idle
0.9200000166893005,90.37667083740234,0,idle
0.5799999833106995,89.71666717529297,0,idle
0.7799999713897705,89.87332916259766,0,idle
0.6100000143051147,90.37667083740234,0,idle
0.33000001311302185,89.71666717529297,0,idle
0.4099999964237213,89.57666778564453,0,idle
0.28999999165534973,90.37332916259766,0,idle
1.0099999904632568,90.37667083740234,0,idle
0.7200000286102295,89.67000579833984,0,idle
0.8299999833106995,90.36666870117188,0,idle
0.7200000286102295,90.37667083740234,0,idle
0.9200000166893005,83.9800033569336,0,idle
0.3100000023841858,90.37667083740234,0,idle
0.30000001192092896,90.33333587646484,0,idle
0.5099999904632568,90.37332916259766,0,idle
0.6200000047683716,90.17000579833984,0,idle
0.20999999344348907,90.36666870117188,0,idle
0.27000001072883606,90.36666870117188,0,idle
0.33000001311302185,85.8899917602539,0,idle
0.25,90.37667083740234,0,idle
0.46000000834465027,85.87332916259766,0,idle
0.5400000214576721,90.37332916259766,0,idle
0.3100000023841858,89.7699966430664,0,idle
0.36000001430511475,90.57999420166016,0,idle
0.4699999988079071,90.07999420166016,0,idle
0.6499999761581421,90.37999725341797,0,idle
0.5299999713897705,90.07000732421875,0,idle
0.2800000011920929,86.2300033569336,0,idle
0.3400000035762787,90.37667083740234,0,idle
0.3499999940395355,83.9800033569336,0,idle
0.41999998688697815,89.97000122070312,0,idle
0.8999999761581421,90.3466567993164,0,idle
0.6700000166893005,89.93334197998047,0,idle
0.47999998927116394,89.7733383178711,0,idle
0.6600000262260437,85.4800033569336,0,idle
0.6800000071525574,89.6300048828125,0,idle
0.9900000095367432,90.37667083740234,0,idle
0.8299999833106995,90.37667083740234,0,idle
1.1799999475479126,90.37667083740234,0,idle
1.190000057220459,90.3466567993164,0,idle
1.409999966621399,90.31999969482422,0,idle
1.0499999523162842,90.37999725341797,0,idle
1.1699999570846558,88.17000579833984,0,idle
1.190000057220459,85.95000457763672,0,idle
0.8799999952316284,89.85999298095703,0,idle
0.9100000262260437,90.3800048828125,0,idle
0.8199999928474426,90.37667083740234,0,idle
1.0199999809265137,89.9366683959961,0,idle
1.1399999856948853,90.31999969482422,0,idle
1.4800000190734863,90.3800048828125,0,idle
1.5099999904632568,89.67000579833984,0,idle
1.25,85.87667083740234,0,idle
1.0499999523162842,90.3466567993164,0,idle
1.2200000286102295,90.37332916259766,0,idle
0.9399999976158142,90.17000579833984,0,idle
1.4199999570846558,90.37332916259766,0,idle
1.2799999713897705,90.37667083740234,2,pitch_control
0.8600000143051147,90.37332916259766,0,idle
1.0800000429153442,90.36333465576172,0,idle
0.8399999737739563,89.9366683959961,0,idle
0.8100000023841858,89.8699951171875,0,idle
0.6399999856948853,89.6300048828125,0,idle
0.6800000071525574,89.97333526611328,0,idle
1.3300000429153442,90.3800048828125,0,idle
0.8500000238418579,90.32333374023438,0,idle
0.8799999952316284,90.3699951171875,0,idle
0.4099999964237213,89.7699966430664,0,idle
0.36000001430511475,90.37332916259766,0,idle
0.7699999809265137,90.37667083740234,0,idle
0.8100000023841858,90.17000579833984,0,idle
1.309999942779541,90.37332916259766,0,idle
0.6800000071525574,90.05999755859375,0,idle
1.2400000095367432,90.37332916259766,0,idle
0.949999988079071,90.36333465576172,0,idle
0.9200000166893005,87.9766616821289,0,idle
0.8399999737739563,85.15666961669922,0,idle
1.6399999856948853,89.55999755859375,0,idle
1.2899999618530273,90.37667083740234,0,idle
0.0,0.0,0,idle
0.8399999737739563,90.07333374023438,0,idle
1.4299999475479126,90.37667083740234,0,idle
1.4800000190734863,90.17000579833984,0,idle
1.1799999475479126,90.3566665649414,0,idle
0.8999999761581421,90.13666534423828,0,idle
1.2899999618530273,78.79666137695312,0,idle
1.690000057220459,85.8899917602539,0,idle
1.1299999952316284,90.3800048828125,0,idle
2.4700000286102295,90.6500015258789,0,idle
1.840000033378601,89.6833267211914,0,idle
2.4700000286102295,90.36666870117188,0,idle
2.2799999713897705,90.37667083740234,0,idle
1.6799999475479126,7.639999866485596,0,idle
2.5,89.71666717529297,0,idle
2.8399999141693115,90.336669921875,0,idle
3.549999952316284,0.009999999776482582,1,mppt
3.440000057220459,-0.49000000953674316,1,mppt
3.630000114440918,0.25,1,mppt
4.659999847412109,3.556666612625122,3,transition
4.300000190734863,2.2699999809265137,3,transition
5.179999828338623,4.710000038146973,3,transition
4.199999809265137,0.6100000143051147,1,mppt
4.840000152587891,0.019999997690320015,1,mppt
4.739999771118164,0.03999999910593033,1,mppt
5.230000019073486,0.03333333507180214,1,mppt
6.190000057220459,-1.4366666078567505,1,mppt
4.380000114440918,0.04333333298563957,1,mppt
4.730000019073486,0.7599999904632568,1,mppt
6.429999828338623,0.03999999910593033,1,mppt
5.78000020980835,0.9900000095367432,1,mppt
5.800000190734863,0.009999999776482582,1,mppt
5.960000038146973,-1.9900001287460327,1,mppt
5.550000190734863,0.9900000095367432,1,mppt
5.440000057220459,0.009999999776482582,1,mppt
6.170000076293945,-0.23000000417232513,1,mppt
3.809999942779541,0.009999999776482582,1,mppt
8.4399995803833,0.009999999776482582,1,mppt
6.96999979019165,0.029999999329447746,1,mppt
3.690000057220459,0.009999999776482582,1,mppt
4.400000095367432,0.013333332724869251,1,mppt
8.239999771118164,0.009999999776482582,1,mppt
4.389999866485596,0.03333333507180214,1,mppt
6.949999809265137,0.026666665449738503,1,mppt
4.71999979019165,0.009999999776482582,1,mppt
4.71999979019165,90.38333129882812,3,transition
4.510000228881836,0.009999999776482582,1,mppt
6.320000171661377,0.009999999776482582,1,mppt
4.320000171661377,0.009999999776482582,1,mppt
5.369999885559082,0.009999999776482582,1,mppt
4.239999771118164,0.009999999776482582,1,mppt
4.650000095367432,0.009999999776482582,1,mppt
5.960000038146973,0.019999999552965164,1,mppt
5.570000171661377,0.009999999776482582,1,mppt
8.390000343322754,0.009999999776482582,1,mppt
5.239999771118164,0.009999999776482582,1,mppt
7.690000057220459,-0.9900000095367432,1,mppt
5.46999979019165,0.009999999776482582,1,mppt
5.25,-0.9900000095367432,1,mppt
6.96999979019165,0.019999999552965164,1,mppt
6.860000133514404,0.009999999776482582,1,mppt
5.179999828338623,0.009999999776482582,1,mppt
6.480000019073486,0.009999999776482582,1,mppt
4.940000057220459,0.013333332724869251,1,mppt
4.980000019073486,0.009999999776482582,1,mppt
7.559999942779541,0.009999999776482582,1,mppt
5.96999979019165,0.013333332724869251,1,mppt
5.489999771118164,0.026666665449738503,1,mppt
6.849999904632568,0.009999999776482582,1,mppt
5.389999866485596,0.009999999776482582,1,mppt
5.369999885559082,0.036666665226221085,1,mppt
6.550000190734863,0.009999999776482582,1,mppt
4.730000019073486,0.009999999776482582,1,mppt
5.420000076293945,0.009999999776482582,1,mppt
4.699999809265137,0.009999999776482582,1,mppt
4.949999809265137,0.013333332724869251,1,mppt
5.869999885559082,0.009999999776482582,1,mppt
4.559999942779541,0.009999999776482582,1,mppt
5.5,0.009999999776482582,1,mppt
5.300000190734863,-1.9900001287460327,1,mppt
6.150000095367432,0.009999999776482582,1,mppt
6.269999980926514,1.0,1,mppt
5.340000152587891,0.009999999776482582,1,mppt
7.510000228881836,-1.9800000190734863,1,mppt
5.039999961853027,0.013333332724869251,1,mppt
5.230000019073486,0.009999999776482582,1,mppt
4.739999771118164,0.009999999776482582,1,mppt
5.170000076293945,0.009999999776482582,1,mppt
4.46999979019165,0.009999999776482582,1,mppt
3.5999999046325684,-1.9900001287460327,1,mppt
3.9200000762939453,0.013333332724869251,1,mppt
4.090000152587891,0.009999999776482582,1,mppt
5.039999961853027,0.009999999776482582,1,mppt
4.769999980926514,0.009999999776482582,1,mppt
4.28000020980835,0.009999999776482582,1,mppt
3.3399999141693115,0.009999999776482582,1,mppt
3.3299999237060547,0.036666665226221085,1,mppt
4.25,0.009999999776482582,1,mppt
3.4600000381469727,0.009999999776482582,1,mppt
3.8399999141693115,90.32333374023438,3,transition
4.650000095367432,0.009999999776482582,1,mppt
5.840000152587891,-1.9600000381469727,1,mppt
3.309999942779541,0.009999999776482582,1,mppt
3.559999942779541,0.009999999776482582,1,mppt
3.200000047683716,0.009999999776482582,1,mppt
1.590000033378601,0.03999999910593033,0,idle
3.049999952316284,0.01666666567325592,1,mppt
2.9600000381469727,0.009999999776482582,0,idle
3.5399999618530273,0.009999999776482582,1,mppt
2.450000047683716,0.009999999776482582,0,idle
2.140000104904175,0.013333332724869251,0,idle
3.509999990463257,0.009999999776482582,1,mppt
2.25,0.009999999776482582,0,idle
2.890000104904175,0.009999999776482582,0,idle
2.7799999713897705,0.009999999776482582,0,idle
2.240000009536743,0.03999999910593033,0,idle
3.569999933242798,0.009999999776482582,1,mppt
2.7300000190734863,0.009999999776482582,0,idle
3.059999942779541,0.019999999552965164,1,mppt
4.090000152587891,0.009999999776482582,1,mppt
3.490000009536743,0.013333332724869251,1,mppt
3.2300000190734863,0.03333333507180214,1,mppt
4.420000076293945,0.019999999552965164,1,mppt
2.4000000953674316,0.03333333507180214,0,idle
5.059999942779541,-0.49000000953674316,1,mppt
3.7200000286102295,0.49000000953674316,1,mppt
2.9000000953674316,0.03999999910593033,0,idle
4.150000095367432,0.009999999776482582,1,mppt
2.8299999237060547,0.009999999776482582,0,idle
3.6600000858306885,0.04333333298563957,1,mppt
4.199999809265137,0.019999999552965164,1,mppt
3.509999990463257,0.009999999776482582,1,mppt
2.859999895095825,0.013333332724869251,0,idle
3.9100000858306885,0.009999999776482582,1,mppt
3.9800000190734863,0.009999999776482582,1,mppt
4.010000228881836,0.009999999776482582,1,mppt
4.059999942779541,0.01666666567325592,1,mppt
3.7200000286102295,0.019999999552965164,1,mppt
4.239999771118164,-1.5099998712539673,1,mppt
3.109999895095825,0.03333333507180214,1,mppt
3.0999999046325684,0.036666665226221085,1,mppt
4.25,0.013333332724869251,1,mppt
4.889999866485596,-0.009999999776482582,1,mppt
3.059999942779541,0.013333332724869251,1,mppt
3.2200000286102295,0.019999999552965164,1,mppt
3.7300000190734863,0.009999999776482582,1,mppt
4.440000057220459,-0.009999999776482582,1,mppt
3.740000009536743,0.009999999776482582,1,mppt
3.0,-1.9900001287460327,1,mppt
2.890000104904175,0.009999999776482582,0,idle
2.740000009536743,0.013333332724869251,0,idle
3.180000066757202,0.006666666362434626,1,mppt
2.9700000286102295,0.03999999910593033,0,idle
2.700000047683716,0.026666665449738503,0,idle
3.0299999713897705,0.009999999776482582,1,mppt
2.609999895095825,0.036666665226221085,0,idle
3.930000066757202,0.009999999776482582,1,mppt
2.8299999237060547,0.029999999329447746,0,idle
3.5,0.01666666567325592,1,mppt
3.5399999618530273,0.01666666567325592,1,mppt
3.1700000762939453,0.019999999552965164,1,mppt
2.5899999141693115,0.029999999329447746,0,idle
3.049999952316284,0.023333333432674408,1,mppt
1.9500000476837158,0.019999999552965164,0,idle
3.7799999713897705,0.036666665226221085,1,mppt
2.309999942779541,0.02333333157002926,0,idle
2.4000000953674316,0.03333333134651184,0,idle
1.8200000524520874,0.029999999329447746,0,idle
3.319999933242798,1.0199999809265137,1,mppt
1.600000023841858,0.019999999552965164,0,idle
2.740000009536743,0.009999999776482582,0,idle
2.5199999809265137,0.03333333507180214,0,idle
4.949999809265137,0.013333332724869251,1,mppt
4.659999847412109,0.029999999329447746,1,mppt
3.430000066757202,0.019999999552965164,1,mppt
3.2799999713897705,0.029999999329447746,1,mppt
2.0299999713897705,9.539999961853027,0,idle
1.6699999570846558,0.029999999329447746,0,idle
3.299999952316284,0.029999999329447746,1,mppt
3.119999885559082,0.046666666865348816,1,mppt
2.1500000953674316,0.019999999552965164,0,idle
2.569999933242798,0.019999999552965164,0,idle
2.569999933242798,0.029999999329447746,0,idle
2.180000066757202,0.019999999552965164,0,idle
2.190000057220459,0.036666665226221085,0,idle
1.440000057220459,0.8033333420753479,0,idle
1.690000057220459,0.019999999552965164,0,idle
1.590000033378601,0.019999999552965164,0,idle
2.240000009536743,0.029999999329447746,0,idle
1.6399999856948853,0.029999999329447746,0,idle
2.049999952316284,0.029999999329447746,0,idle
4.510000228881836,0.029999999329447746,1,mppt
2.180000066757202,0.019999999552965164,0,idle
1.850000023841858,0.019999999552965164,0,idle
2.509999990463257,0.013333332724869251,0,idle
3.4100000858306885,0.019999999552965164,1,mppt
2.9800000190734863,0.03999999910593033,0,idle
2.1600000858306885,0.019999999552965164,0,idle
2.880000114440918,0.036666665226221085,0,idle
3.5,0.019999999552965164,1,mppt
3.0799999237060547,0.03999999910593033,1,mppt
3.75,0.029999999329447746,1,mppt
2.2300000190734863,0.036666665226221085,0,idle
5.03000020980835,0.04333333298563957,1,mppt
4.670000076293945,0.029999999329447746,1,mppt
2.0,12.470000267028809,0,idle
2.9700000286102295,0.019999999552965164,0,idle
3.25,0.036666665226221085,1,mppt
4.010000228881836,0.01666666567325592,1,mppt
2.2699999809265137,0.029999999329447746,0,idle
2.5199999809265137,90.22333526611328,0,idle
2.5199999809265137,0.023333333432674408,0,idle
2.7100000381469727,0.019999999552965164,0,idle
3.5299999713897705,-0.46000000834465027,1,mppt
1.9900000095367432,0.019999999552965164,0,idle
2.259999990463257,0.019999999552965164,0,idle
2.359999895095825,0.023333333432674408,0,idle
1.9700000286102295,0.019999999552965164,0,idle
3.0199999809265137,0.026666665449738503,1,mppt
2.490000009536743,0.029999999329447746,0,idle
3.690000057220459,0.019999999552965164,1,mppt
4.070000171661377,32.77333450317383,3,transition
2.369999885559082,0.029999999329447746,0,idle
1.8700000047683716,0.026666665449738503,0,idle
2.8399999141693115,52.473331451416016,0,idle
2.1700000762939453,90.07666778564453,0,idle
2.2200000286102295,0.019999999552965164,0,idle
2.7699999809265137,68.52332305908203,0,idle
2.0799999237060547,0.03333333507180214,0,idle
1.6100000143051147,0.029999999329447746,0,idle
0.0,0.0,0,idle
0.0,0.0,0,idle
0.0,0.0,0,idle
0.0,0.0,0,idle
2.0899999141693115,0.029999999329447746,0,idle
0.0,0.0,2,pitch_control
0.5799999833106995,31.5766658782959,2,pitch_control
3.569999933242798,2.2300000190734863,3,transition
3.950000047683716,0.009999999776482582,1,mppt
0.0,0.0,2,pitch_control
4.460000038146973,0.046666666865348816,1,mppt
0.0,0.0,2,pitch_control
5.059999942779541,0.019999999552965164,1,mppt
1.6699999570846558,89.76333618164062,2,pitch_control
0.0,0.0,2,pitch_control
3.4700000286102295,0.013333332724869251,1,mppt
4.309999942779541,0.026666665449738503,1,mppt
1.7400000095367432,90.04666900634766,2,pitch_control
0.0,0.0,2,pitch_control
3.490000009536743,0.5199999809265137,1,mppt
4.769999980926514,0.009999999776482582,1,mppt
0.0,0.0,2,pitch_control
3.7300000190734863,0.04333333298563957,1,mppt
3.930000066757202,0.019999999552965164,1,mppt
3.5799999237060547,90.37332916259766,2,pitch_control
4.880000114440918,0.046666666865348816,1,mppt
5.320000171661377,0.019999999552965164,1,mppt
5.650000095367432,0.019999999552965164,1,mppt
1.6699999570846558,89.76333618164062,2,pitch_control
0.0,0.0,2,pitch_control
2.9000000953674316,1.899999976158142,2,pitch_control
3.319999933242798,0.04333333298563957,1,mppt
0.0,0.0,2,pitch_control
0.5799999833106995,31.5766658782959,2,pitch_control
3.8399999141693115,0.009999999776482582,1,mppt
0.0,0.0,2,pitch_control
4.349999904632568,0.009999999776482582,1,mppt
3.5999999046325684,1.5700000524520874,1,mppt
3.9000000953674316,0.009999999776482582,1,mppt
0.0,0.0,2,pitch_control
3.4700000286102295,0.01666666567325592,1,mppt
0.0,0.0,2,pitch_control
3.3399999141693115,0.04333333298563957,1,mppt
4.349999904632568,0.009999999776482582,1,mppt
5.460000038146973,-0.9599999785423279,1,mppt
4.670000076293945,0.029999999329447746,1,mppt
0.0,0.0,2,pitch_control
4.760000228881836,0.5199999809265137,1,mppt
4.239999771118164,0.019999999552965164,1,mppt
3.0899999141693115,0.009999999776482582,1,mppt
3.7899999618530273,0.01666666567325592,1,mppt
3.9000000953674316,0.009999999776482582,1,mppt
3.869999885559082,0.019999999552965164,1,mppt
3.4600000381469727,0.003333333181217313,1,mppt
0.0,0.0,2,pitch_control
0.0,0.0,2,pitch_control
0.0,0.0,0,idle
4.039999961853027,0.029999999329447746,1,mppt
4.590000152587891,0.026666665449738503,1,mppt
0.0,0.0,2,pitch_control
0.0,0.0,2,pitch_control
4.260000228881836,0.009999999776482582,1,mppt
3.190000057220459,90.336669921875,2,pitch_control
4.300000190734863,0.009999999776482582,2,pitch_control
0.0,0.0,2,pitch_control
0.0,0.0,2,pitch_control
4.210000038146973,0.009999999776482582,1,mppt
4.170000076293945,0.5199999809265137,1,mppt
2.190000057220459,90.35999298095703,2,pitch_control
0.0,0.0,2,pitch_control
4.579999923706055,0.009999999776482582,1,mppt
3.809999942779541,0.009999999776482582,1,mppt
5.0,0.009999999776482582,1,mppt
4.25,0.009999999776482582,1,mppt
0.0,0.0,2,pitch_control
0.0,0.0,2,pitch_control
4.010000228881836,0.036666665226221085,1,mppt
4.409999847412109,85.95999908447266,3,transition
0.0,0.0,0,idle
4.510000228881836,0.009999999776482582,1,mppt
3.819999933242798,0.009999999776482582,1,mppt
4.119999885559082,0.009999999776482582,1,mppt
4.53000020980835,0.046666666865348816,1,mppt
5.079999923706055,-0.49000000953674316,1,mppt
4.360000133514404,90.28333282470703,3,transition
4.039999961853027,0.009999999776482582,1,mppt
3.7100000381469727,0.009999999776482582,1,mppt
4.769999980926514,0.009999999776482582,1,mppt
4.059999942779541,0.019999999552965164,1,mppt
4.039999961853027,0.01666666567325592,1,mppt
4.480000019073486,90.20333862304688,3,transition
4.820000171661377,0.029999999329447746,1,mppt
4.260000228881836,0.009999999776482582,1,mppt
4.360000133514404,0.036666665226221085,1,mppt
3.5199999809265137,0.03333333507180214,1,mppt
5.110000133514404,-1.5099998712539673,1,mppt
4.800000190734863,0.009999999776482582,1,mppt
3.869999885559082,0.009999999776482582,1,mppt
4.090000152587891,60.00333023071289,3,transition
3.869999885559082,0.009999999776482582,1,mppt
3.5799999237060547,90.17000579833984,3,transition
3.5199999809265137,0.009999999776482582,1,mppt
3.740000009536743,0.03333333507180214,1,mppt
3.130000114440918,0.009999999776482582,1,mppt
3.990000009536743,1.0099999904632568,1,mppt
3.5899999141693115,90.37667083740234,3,transition
2.3499999046325684,0.009999999776482582,0,idle
3.7100000381469727,1.0099999904632568,1,mppt
3.5,90.36333465576172,3,transition
2.799999952316284,0.009999999776482582,0,idle
3.119999885559082,0.009999999776482582,1,mppt
2.3399999141693115,0.009999999776482582,0,idle
2.740000009536743,0.009999999776482582,0,idle
2.7799999713897705,0.009999999776482582,0,idle
1.8300000429153442,90.38333129882812,0,idle
2.490000009536743,0.009999999776482582,0,idle
2.369999885559082,0.009999999776482582,0,idle
2.75,0.036666665226221085,0,idle
1.8899999856948853,0.009999999776482582,0,idle
2.049999952316284,0.009999999776482582,0,idle
1.850000023841858,3.566666603088379,0,idle
2.809999942779541,0.009999999776482582,0,idle
2.7100000381469727,-1.9900001287460327,0,idle
1.7999999523162842,0.009999999776482582,0,idle
2.200000047683716,89.66666412353516,0,idle
1.4500000476837158,0.019999999552965164,0,idle
1.6299999952316284,0.009999999776482582,0,idle
1.6200000047683716,0.029999999329447746,0,idle
1.5800000429153442,90.37667083740234,0,idle
0.0,0.0,0,idle
1.9500000476837158,90.26666259765625,0,idle
1.9299999475479126,87.98333740234375,0,idle
2.180000066757202,89.98666381835938,0,idle
1.8799999952316284,90.38333129882812,0,idle
1.899999976158142,90.14666748046875,0,idle
2.4000000953674316,1.899999976158142,0,idle
2.1500000953674316,89.98333740234375,0,idle
1.5700000524520874,89.67333221435547,0,idle
1.5299999713897705,90.37999725341797,0,idle
1.340000033378601,85.4800033569336,0,idle
1.4500000476837158,89.8933334350586,0,idle
2.0199999809265137,90.34000396728516,0,idle
1.4199999570846558,90.3800048828125,0,idle
1.7000000476837158,90.38665771484375,0,idle
1.2400000095367432,89.9800033569336,0,idle
1.350000023841858,90.36666870117188,0,idle
1.1200000047683716,89.67333221435547,0,idle
1.559999942779541,89.98666381835938,0,idle
1.440000057220459,90.34334564208984,0,idle
1.0,90.36334228515625,0,idle
1.8700000047683716,90.35333251953125,0,idle
1.8899999856948853,90.3699951171875,0,idle
1.3899999856948853,90.37332916259766,0,idle
1.4199999570846558,90.27667236328125,0,idle
1.7799999713897705,90.37332916259766,0,idle
1.7000000476837158,90.37999725341797,0,idle
1.440000057220459,89.57000732421875,0,idle
1.2899999618530273,90.17000579833984,0,idle
1.0299999713897705,90.07000732421875,0,idle
1.6699999570846558,90.37667083740234,0,idle
0.38999998569488525,90.3699951171875,0,idle
1.399999976158142,90.3800048828125,0,idle
1.3700000047683716,90.3499984741211,0,idle
0.3100000023841858,90.87667083740234,0,idle
0.6299999952316284,60.04999923706055,0,idle
1.090000033378601,89.9800033569336,0,idle
1.0399999618530273,83.8499984741211,0,idle
1.690000057220459,90.37667083740234,0,idle
1.0499999523162842,85.15666961669922,0,idle
0.9300000071525574,90.37332916259766,0,idle
1.0099999904632568,83.8499984741211,0,idle
0.5,90.34000396728516,0,idle
1.1699999570846558,90.37332916259766,0,idle
0.7599999904632568,85.87332916259766,0,idle
0.6299999952316284,89.98666381835938,0,idle
0.44999998807907104,90.30333709716797,0,idle
0.9399999976158142,90.1866683959961,0,idle
1.6699999570846558,90.37667083740234,0,idle
1.2699999809265137,86.07999420166016,0,idle
1.809999942779541,90.37332916259766,0,idle
1.7000000476837158,90.07666015625,0,idle
1.75,90.37667083740234,0,idle
1.4700000286102295,90.37000274658203,0,idle
1.25,90.14666748046875,0,idle
1.5800000429153442,90.38333892822266,0,idle
2.3399999141693115,86.07999420166016,0,idle
1.5700000524520874,83.836669921875,0,idle
1.7799999713897705,90.19000244140625,0,idle
2.049999952316284,86.58999633789062,0,idle
2.049999952316284,90.37667083740234,0,idle
2.940000057220459,85.39000701904297,0,idle
2.069999933242798,90.37667083740234,0,idle
1.7999999523162842,90.37332916259766,0,idle
2.2300000190734863,88.24333953857422,0,idle
1.8899999856948853,87.9566650390625,0,idle
1.7300000190734863,0.009999999776482582,0,idle
1.809999942779541,85.35333251953125,0,idle
1.8600000143051147,83.9766616821289,0,idle
2.4200000762939453,90.37999725341797,0,idle
2.559999942779541,90.07999420166016,0,idle
1.850000023841858,85.35333251953125,0,idle
2.380000114440918,90.36666870117188,0,idle
2.3299999237060547,90.32999420166016,0,idle
2.109999895095825,90.33999633789062,0,idle
1.899999976158142,90.1533432006836,0,idle
1.7799999713897705,90.37999725341797,0,idle
1.3600000143051147,0.009999999776482582,0,idle
2.880000114440918,59.41999816894531,0,idle
1.8600000143051147,85.4800033569336,0,idle
1.909999966621399,89.9800033569336,0,idle
1.809999942779541,85.8699951171875,0,idle
1.7000000476837158,90.3800048828125,0,idle
1.7699999809265137,89.87332916259766,0,idle
1.8200000524520874,13.300000190734863,0,idle
2.3499999046325684,90.38333129882812,0,idle
1.7999999523162842,90.37332916259766,0,idle
1.850000023841858,90.37667083740234,0,idle
2.2799999713897705,90.37999725341797,0,idle
2.6500000953674316,90.42333221435547,0,idle
2.240000009536743,90.37332916259766,0,idle
2.5799999237060547,86.31999969482422,0,idle
2.75,86.0133285522461,0,idle
3.9100000858306885,1.6399999856948853,1,mppt
4.010000228881836,12.143333435058594,3,transition
2.6700000762939453,0.009999999776482582,0,idle
2.5799999237060547,0.009999999776482582,0,idle
3.069999933242798,0.009999999776482582,1,mppt
2.940000057220459,8.140000343322754,0,idle
5.170000076293945,60.2599983215332,3,transition
4.590000152587891,90.38665771484375,3,transition
3.640000104904175,0.009999999776482582,1,mppt
2.2100000381469727,0.009999999776482582,0,idle
2.759999990463257,34.040000915527344,0,idle
3.549999952316284,0.009999999776482582,1,mppt
3.6700000762939453,0.013333332724869251,1,mppt
2.3499999046325684,89.57999420166016,0,idle
3.1700000762939453,0.009999999776482582,1,mppt
3.4700000286102295,83.9800033569336,3,transition
4.75,0.013333332724869251,1,mppt
4.260000228881836,0.029999999329447746,1,mppt
3.200000047683716,0.009999999776482582,1,mppt
4.190000057220459,0.009999999776482582,1,mppt
3.309999942779541,0.009999999776482582,1,mppt
3.9700000286102295,0.019999999552965164,1,mppt
3.309999942779541,0.009999999776482582,1,mppt
3.5799999237060547,0.009999999776482582,1,mppt
2.700000047683716,0.009999999776482582,0,idle
3.369999885559082,0.009999999776482582,1,mppt
3.4700000286102295,0.009999999776482582,1,mppt
4.119999885559082,0.009999999776482582,1,mppt
3.549999952316284,0.030000001192092896,1,mppt
3.0299999713897705,0.009999999776482582,1,mppt
8.8100004196167,60.2599983215332,3,transition
7.650000095367432,0.009999999776482582,1,mppt
3.309999942779541,0.009999999776482582,1,mppt
3.5999999046325684,0.026666665449738503,1,mppt
6.25,89.98333740234375,3,transition
7.929999828338623,5.53000020980835,3,transition
5.480000019073486,2.930000066757202,3,transition
6.400000095367432,5.75,3,transition
7.230000019073486,5.849999904632568,3,transition
6.929999828338623,5.849999904632568,3,transition
6.510000228881836,0.9900000095367432,1,mppt
5.380000114440918,90.37332916259766,3,transition
6.300000190734863,0.2800000011920929,1,mppt
3.549999952316284,0.1599999964237213,1,mppt
4.0,0.036666665226221085,1,mppt
6.090000152587891,0.009999999776482582,1,mppt
5.389999866485596,0.009999999776482582,1,mppt
6.130000114440918,0.009999999776482582,1,mppt
5.829999923706055,0.009999999776482582,1,mppt
5.329999923706055,0.009999999776482582,1,mppt
5.760000228881836,0.009999999776482582,1,mppt
4.909999847412109,0.019999999552965164,1,mppt
5.829999923706055,0.009999999776482582,1,mppt
5.78000020980835,0.009999999776482582,1,mppt
6.25,0.029999999329447746,1,mppt
5.610000133514404,0.009999999776482582,1,mppt
7.849999904632568,0.009999999776482582,1,mppt
7.170000076293945,0.009999999776482582,1,mppt
8.899999618530273,0.01666666567325592,1,mppt
8.0600004196167,-0.49000000953674316,1,mppt
6.320000171661377,0.009999999776482582,1,mppt
8.359999656677246,1.0,1,mppt
7.21999979019165,0.009999999776482582,1,mppt
6.460000038146973,0.036666665226221085,1,mppt
6.909999847412109,2.4700000286102295,3,transition
7.679999828338623,90.17333221435547,3,transition
7.670000076293945,1.9500001668930054,1,mppt
6.71999979019165,90.35999298095703,3,transition
9.170000076293945,7.360000133514404,3,transition
6.860000133514404,2.9800002574920654,3,transition
7.659999847412109,0.009999999776482582,1,mppt
9.359999656677246,4.179999828338623,3,transition
7.309999942779541,24.840002059936523,3,transition
7.579999923706055,2.190000057220459,3,transition
8.130000114440918,0.9300000071525574,1,mppt
8.359999656677246,1.75,1,mppt
8.369999885559082,2.119999885559082,3,transition
8.1899995803833,1.78000009059906,1,mppt
9.270000457763672,1.2899999618530273,1,mppt
8.109999656677246,90.38665771484375,3,transition
8.420000076293945,0.009999999776482582,1,mppt
8.890000343322754,-0.4633333384990692,1,mppt
7.010000228881836,0.009999999776482582,1,mppt
7.21999979019165,0.009999999776482582,1,mppt
8.640000343322754,0.019999999552965164,1,mppt
7.960000038146973,0.009999999776482582,1,mppt
7.929999828338623,59.89666748046875,3,transition
6.409999847412109,0.009999999776482582,1,mppt
5.869999885559082,0.036666665226221085,1,mppt
7.090000152587891,0.009999999776482582,1,mppt
7.78000020980835,0.04333333298563957,1,mppt
5.840000152587891,0.009999999776482582,1,mppt
5.789999961853027,0.009999999776482582,1,mppt
5.679999828338623,0.013333332724869251,1,mppt
5.880000114440918,0.026666665449738503,1,mppt
5.619999885559082,0.009999999776482582,1,mppt
6.579999923706055,0.009999999776482582,1,mppt
6.590000152587891,2.069999933242798,3,transition
8.180000305175781,6.909999847412109,3,transition
7.170000076293945,5.87000036239624,3,transition
6.079999923706055,5.159999847412109,3,transition
0.0,0.0,0,idle
7.579999923706055,7.710000514984131,3,transition
9.539999961853027,7.87000036239624,3,transition
9.489999771118164,6.150000095367432,3,transition
9.300000190734863,7.170000076293945,3,transition
9.350000381469727,7.400000095367432,3,transition
8.100000381469727,5.110000133514404,3,transition
9.180000305175781,7.239999771118164,3,transition
9.420000076293945,6.480000019073486,3,transition
8.529999732971191,5.893333435058594,3,transition
8.819999694824219,5.679999828338623,3,transition
8.550000190734863,6.159999847412109,3,transition
9.970000267028809,5.130000114440918,3,transition
8.489999771118164,4.349999904632568,3,transition
9.520000457763672,1.399999976158142,1,mppt
9.529999732971191,0.5899999737739563,1,mppt
9.460000038146973,0.25999999046325684,1,mppt
8.210000038146973,0.3400000035762787,1,mppt
8.630000114440918,0.09000000357627869,1,mppt
7.579999923706055,0.9333333373069763,1,mppt
9.930000305175781,-0.3499999940395355,1,mppt
8.979999542236328,0.07999999821186066,1,mppt
7.039999961853027,0.07000000029802322,1,mppt
8.890000343322754,1.2400000095367432,1,mppt
8.710000038146973,1.1433333158493042,1,mppt
8.130000114440918,2.3499999046325684,3,transition
8.170000076293945,3.1600000858306885,3,transition
7.840000152587891,2.680000066757202,3,transition
8.6899995803833,2.4600000381469727,3,transition
7.440000057220459,1.8600000143051147,1,mppt
7.420000076293945,2.130000114440918,3,transition
8.930000305175781,1.3600000143051147,1,mppt
8.380000114440918,1.590000033378601,1,mppt
8.170000076293945,1.8200000524520874,1,mppt
9.539999961853027,5.840000152587891,3,transition
8.989999771118164,1.340000033378601,1,mppt
5.78000020980835,1.46999990940094,1,mppt
7.889999866485596,0.46666666865348816,1,mppt
7.480000019073486,0.4000000059604645,1,mppt
7.460000038146973,0.46000000834465027,1,mppt
6.960000038146973,0.5299999713897705,1,mppt
7.420000076293945,0.20999999344348907,1,mppt
7.0,1.2400000095367432,1,mppt
7.630000114440918,0.3100000023841858,1,mppt
7.409999847412109,0.18000000715255737,1,mppt
6.980000019073486,0.4000000059604645,1,mppt
7.840000152587891,0.1899999976158142,1,mppt
6.690000057220459,0.5799999833106995,1,mppt
7.139999866485596,0.09666667133569717,1,mppt
8.109999656677246,0.6899999976158142,1,mppt
7.079999923706055,1.4900001287460327,1,mppt
6.360000133514404,1.2300000190734863,1,mppt
6.619999885559082,3.18999981880188,3,transition
7.050000190734863,0.41999998688697815,1,mppt
6.360000133514404,0.05999999865889549,1,mppt
6.639999866485596,0.05999999865889549,1,mppt
6.440000057220459,0.5899999737739563,1,mppt
6.050000190734863,0.6200000047683716,1,mppt
7.139999866485596,-0.07999999821186066,1,mppt
6.170000076293945,0.5666666626930237,1,mppt
6.940000057220459,0.12999999523162842,1,mppt
6.650000095367432,0.2199999839067459,1,mppt
6.670000076293945,0.009999999776482582,1,mppt
7.150000095367432,0.1899999976158142,1,mppt
7.519999980926514,0.026666665449738503,1,mppt
7.53000020980835,0.019999999552965164,1,mppt
7.420000076293945,0.03999999910593033,1,mppt
7.659999847412109,0.03999999910593033,1,mppt
6.260000228881836,0.019999999552965164,1,mppt
6.190000057220459,0.01666666567325592,1,mppt
7.090000152587891,0.019999999552965164,1,mppt
7.269999980926514,0.009999999776482582,1,mppt
6.789999961853027,0.019999999552965164,1,mppt
7.329999923706055,0.036666665226221085,1,mppt
6.28000020980835,0.019999999552965164,1,mppt
7.210000038146973,0.013333332724869251,1,mppt
7.010000228881836,0.009999999776482582,1,mppt
6.360000133514404,0.019999999552965164,1,mppt
6.059999942779541,0.019999999552965164,1,mppt
0.0,0.0,0,idle
7.079999923706055,0.02333333157002926,1,mppt
5.460000038146973,0.026666665449738503,1,mppt
5.949999809265137,0.019999999552965164,1,mppt
5.639999866485596,0.029999999329447746,1,mppt
5.360000133514404,0.019999999552965164,1,mppt
6.820000171661377,69.54999542236328,3,transition
5.090000152587891,0.019999999552965164,1,mppt
6.320000171661377,0.019999999552965164,1,mppt
5.820000171661377,0.019999999552965164,1,mppt
5.360000133514404,0.019999999552965164,1,mppt
5.190000057220459,0.029999999329447746,1,mppt
5.96999979019165,0.019999999552965164,1,mppt
4.179999828338623,0.019999999552965164,1,mppt
6.860000133514404,-0.029999999329447746,1,mppt
4.739999771118164,0.019999999552965164,1,mppt
9.109999656677246,0.019999999552965164,1,mppt
7.599999904632568,0.01666666567325592,1,mppt
5.269999980926514,0.03999999910593033,1,mppt
5.960000038146973,0.036666665226221085,1,mppt
6.309999942779541,-1.9600000381469727,1,mppt
7.28000020980835,0.05000000074505806,1,mppt
8.079999923706055,5.440000057220459,3,transition
6.78000020980835,4.889999866485596,3,transition
7.480000019073486,4.809999942779541,3,transition
8.710000038146973,7.4499993324279785,3,transition
7.820000171661377,7.190000057220459,3,transition
7.960000038146973,7.87000036239624,3,transition
7.340000152587891,6.289999485015869,3,transition
9.8100004196167,7.070000171661377,3,transition
9.1899995803833,6.6999993324279785,3,transition
7.460000038146973,5.329999923706055,3,transition
7.210000038146973,5.75,3,transition
7.869999885559082,4.960000038146973,3,transition
8.130000114440918,1.9500001668930054,1,mppt
10.729999542236328,7.829999923706055,2,pitch_control
9.890000343322754,7.87999963760376,3,transition
7.650000095367432,4.170000076293945,3,transition
9.949999809265137,6.269999980926514,3,transition
8.430000305175781,0.009999999776482582,1,mppt
7.71999979019165,0.01666666567325592,1,mppt
7.679999828338623,0.009999999776482582,1,mppt
7.650000095367432,0.01666666567325592,1,mppt
9.270000457763672,90.17666625976562,3,transition
9.3100004196167,3.3299999237060547,3,transition
7.769999980926514,1.159999966621399,1,mppt
9.59000015258789,5.62999963760376,3,transition
8.180000305175781,3.9200000762939453,3,transition
8.510000228881836,9.270000457763672,3,transition
10.260000228881836,7.679999828338623,3,transition
8.4399995803833,6.940000057220459,3,transition
8.550000190734863,4.389999866485596,3,transition
10.34000015258789,9.75,3,transition
8.350000381469727,3.880000114440918,3,transition
11.1899995803833,9.390000343322754,2,pitch_control
9.890000343322754,6.9499993324279785,3,transition
8.380000114440918,5.199999809265137,3,transition
9.979999542236328,2.619999885559082,3,transition
9.130000114440918,0.7599999904632568,1,mppt
10.010000228881836,2.0999999046325684,3,transition
8.680000305175781,2.930000066757202,3,transition
8.930000305175781,3.4800002574920654,3,transition
10.130000114440918,8.449999809265137,3,transition
8.470000267028809,3.549999952316284,3,transition
9.010000228881836,2.2200000286102295,3,transition
10.479999542236328,6.829999923706055,3,transition
9.949999809265137,5.03000020980835,3,transition
8.600000381469727,3.380000114440918,3,transition
10.779999732971191,7.03000020980835,2,pitch_control
11.9399995803833,7.340000152587891,2,pitch_control
11.229999542236328,8.010000228881836,2,pitch_control
8.09000015258789,2.3499999046325684,3,transition
9.399999618530273,7.989999771118164,3,transition
9.210000038146973,4.429999828338623,3,transition
8.199999809265137,3.799999952316284,3,transition
11.630000114440918,7.28000020980835,2,pitch_control
6.840000152587891,1.8300000429153442,1,mppt
9.430000305175781,6.679999828338623,3,transition
8.529999732971191,6.429999828338623,3,transition
9.789999961853027,6.010000228881836,3,transition
8.979999542236328,4.090000152587891,3,transition
11.5600004196167,17.889999389648438,2,pitch_control
10.670000076293945,12.979999542236328,2,pitch_control
11.699999809265137,16.649999618530273,2,pitch_control
11.380000114440918,15.069999694824219,2,pitch_control
10.109999656677246,13.420001029968262,3,transition
10.699999809265137,15.180000305175781,2,pitch_control
11.039999961853027,15.630000114440918,2,pitch_control
12.140000343322754,11.050000190734863,2,pitch_control
12.789999961853027,11.15999984741211,2,pitch_control
7.860000133514404,6.460000514984131,3,transition
12.1899995803833,10.390000343322754,2,pitch_control
9.760000228881836,8.180000305175781,3,transition
9.960000038146973,6.8000006675720215,3,transition
10.069999694824219,5.760000228881836,3,transition
12.170000076293945,8.220000267028809,2,pitch_control
8.520000457763672,5.989999771118164,3,transition
11.430000305175781,85.8699951171875,2,pitch_control
10.239999771118164,6.590000152587891,3,transition
9.789999961853027,5.37000036239624,3,transition
10.479999542236328,5.519999980926514,3,transition
10.850000381469727,7.610000133514404,2,pitch_control
12.289999961853027,8.850000381469727,2,pitch_control
11.779999732971191,10.029999732971191,2,pitch_control
10.640000343322754,8.3100004196167,2,pitch_control
13.4399995803833,9.229999542236328,2,pitch_control
12.279999732971191,8.75,2,pitch_control
12.050000190734863,5.650000095367432,2,pitch_control
11.5,9.869999885559082,2,pitch_control
11.260000228881836,9.770000457763672,2,pitch_control
11.039999961853027,6.420000076293945,2,pitch_control
11.300000190734863,6.360000133514404,2,pitch_control
9.8100004196167,4.159999847412109,3,transition
12.789999961853027,6.62000036239624,2,pitch_control
10.100000381469727,3.2200000286102295,3,transition
11.829999923706055,7.929999828338623,2,pitch_control
10.229999542236328,11.640000343322754,3,transition
11.640000343322754,7.480000019073486,2,pitch_control
11.359999656677246,6.8000006675720215,2,pitch_control
8.609999656677246,4.539999961853027,3,transition
10.430000305175781,20.376667022705078,3,transition
11.100000381469727,6.110000133514404,2,pitch_control
11.529999732971191,9.149999618530273,2,pitch_control
9.3100004196167,5.670000076293945,3,transition
9.5,4.769999980926514,3,transition
10.520000457763672,7.010000228881836,2,pitch_control
11.109999656677246,7.190000057220459,2,pitch_control
9.109999656677246,5.53000020980835,3,transition
10.479999542236328,6.46999979019165,3,transition
10.779999732971191,90.17666625976562,2,pitch_control
10.789999961853027,7.650000095367432,2,pitch_control
10.260000228881836,4.369999885559082,3,transition
10.460000038146973,2.369999885559082,3,transition
12.4399995803833,6.389999866485596,2,pitch_control
10.180000305175781,8.699999809265137,3,transition
8.4399995803833,3.8499996662139893,3,transition
10.380000114440918,9.40999984741211,3,transition
9.1899995803833,3.3499996662139893,3,transition
10.479999542236328,8.210000038146973,3,transition
10.319999694824219,7.340000152587891,3,transition
10.760000228881836,7.210000514984131,2,pitch_control
10.270000457763672,7.090000152587891,3,transition
11.329999923706055,6.37000036239624,2,pitch_control
9.6899995803833,7.929999828338623,3,transition
11.239999771118164,8.210000038146973,2,pitch_control
9.510000228881836,5.730000019073486,3,transition
9.380000114440918,5.6999993324279785,3,transition
11.460000038146973,9.100000381469727,2,pitch_control
9.619999885559082,6.360000133514404,3,transition
9.720000267028809,7.349999904632568,3,transition
10.8100004196167,5.820000171661377,2,pitch_control
9.890000343322754,4.679999828338623,3,transition
9.489999771118164,5.400000095367432,3,transition
10.5,85.8699951171875,3,transition
9.539999961853027,4.53000020980835,3,transition
9.109999656677246,24.616668701171875,3,transition
9.670000076293945,4.949999809265137,3,transition
9.199999809265137,8.539999961853027,3,transition
10.569999694824219,5.860000133514404,2,pitch_control
9.729999542236328,6.37000036239624,3,transition
11.289999961853027,10.569999694824219,2,pitch_control
11.520000457763672,5.639999866485596,2,pitch_control
10.930000305175781,9.880000114440918,2,pitch_control
11.880000114440918,8.100000381469727,2,pitch_control
12.1899995803833,8.460000038146973,2,pitch_control
11.289999961853027,8.566666603088379,2,pitch_control
10.789999961853027,8.59000015258789,2,pitch_control
10.380000114440918,10.74000072479248,3,transition
10.449999809265137,6.37999963760376,3,transition
10.460000038146973,7.320000171661377,3,transition
9.380000114440918,9.710000038146973,3,transition
10.140000343322754,8.039999961853027,3,transition
10.510000228881836,8.4399995803833,2,pitch_control
11.6899995803833,10.0600004196167,2,pitch_control
10.15999984741211,9.199999809265137,3,transition
11.729999542236328,10.420000076293945,2,pitch_control
11.989999771118164,6.909999847412109,2,pitch_control
10.789999961853027,87.25666046142578,2,pitch_control
11.569999694824219,8.529999732971191,2,pitch_control
11.920000076293945,10.869999885559082,2,pitch_control
12.270000457763672,9.899999618530273,2,pitch_control
12.260000228881836,13.0600004196167,2,pitch_control
12.09000015258789,8.279999732971191,2,pitch_control
12.34000015258789,16.110000610351562,2,pitch_control
13.4399995803833,11.75999927520752,2,pitch_control
13.0,12.319999694824219,2,pitch_control
14.40999984741211,12.199999809265137,2,pitch_control
12.449999809265137,11.4399995803833,2,pitch_control
12.449999809265137,11.039999961853027,2,pitch_control
13.09000015258789,11.550000190734863,2,pitch_control
11.479999542236328,10.359999656677246,2,pitch_control
12.050000190734863,8.380000114440918,2,pitch_control
13.449999809265137,6.360000133514404,2,pitch_control
12.59000015258789,9.329999923706055,2,pitch_control
13.75,13.050000190734863,2,pitch_control
12.470000267028809,13.069999694824219,2,pitch_control
14.399999618530273,11.0,2,pitch_control
16.270000457763672,13.420001029968262,2,pitch_control
14.0,12.930000305175781,2,pitch_control
12.170000076293945,11.039999961853027,2,pitch_control
13.979999542236328,11.289999961853027,2,pitch_control
13.050000190734863,12.130000114440918,2,pitch_control
13.710000038146973,87.25666046142578,2,pitch_control
11.779999732971191,10.25,2,pitch_control
10.800000190734863,12.119999885559082,2,pitch_control
13.279999732971191,13.25999927520752,2,pitch_control
12.600000381469727,10.779999732971191,2,pitch_control
12.989999771118164,6.9499993324279785,2,pitch_control
9.770000457763672,8.979999542236328,3,transition
12.359999656677246,11.65999984741211,2,pitch_control
13.229999542236328,11.130000114440918,2,pitch_control
12.520000457763672,10.710000038146973,2,pitch_control
12.380000114440918,9.220000267028809,2,pitch_control
13.3100004196167,9.569999694824219,2,pitch_control
11.3100004196167,13.819999694824219,2,pitch_control
10.729999542236328,9.25,2,pitch_control
11.460000038146973,6.909999847412109,2,pitch_control
11.970000267028809,7.8000006675720215,2,pitch_control
11.079999923706055,3.0799999237060547,2,pitch_control
12.039999961853027,8.84000015258789,2,pitch_control
7.949999809265137,0.25999999046325684,1,mppt
9.25,1.9600000381469727,1,mppt
8.390000343322754,0.36000001430511475,1,mppt
12.880000114440918,8.729999542236328,2,pitch_control
12.390000343322754,6.389999866485596,2,pitch_control
10.380000114440918,4.21999979019165,3,transition
9.119999885559082,1.809999942779541,1,mppt
10.359999656677246,1.5399999618530273,1,mppt
10.920000076293945,3.0899999141693115,2,pitch_control
10.1899995803833,4.539999961853027,3,transition
11.949999809265137,4.570000171661377,2,pitch_control
9.850000381469727,6.4499993324279785,3,transition
9.729999542236328,1.1699999570846558,1,mppt
10.649999618530273,4.989999771118164,2,pitch_control
11.079999923706055,6.389999866485596,2,pitch_control
9.569999694824219,3.2899999618530273,3,transition
11.649999618530273,8.5600004196167,2,pitch_control
13.0,9.470000267028809,2,pitch_control
11.380000114440918,10.930000305175781,2,pitch_control
13.90999984741211,9.100000381469727,2,pitch_control
9.640000343322754,3.369999885559082,3,transition
12.869999885559082,11.390000343322754,2,pitch_control
12.829999923706055,10.220000267028809,2,pitch_control
10.489999771118164,6.070000171661377,3,transition
11.220000267028809,7.37999963760376,2,pitch_control
13.59000015258789,87.2066650390625,2,pitch_control
11.109999656677246,7.110000133514404,2,pitch_control
12.539999961853027,8.529999732971191,2,pitch_control
11.140000343322754,7.860000133514404,2,pitch_control
13.369999885559082,15.039999961853027,2,pitch_control
12.09000015258789,8.289999961853027,2,pitch_control
13.010000228881836,9.920000076293945,2,pitch_control
12.34000015258789,8.710000038146973,2,pitch_control
11.3100004196167,5.409999847412109,2,pitch_control
11.420000076293945,9.8100004196167,2,pitch_control
12.569999694824219,9.699999809265137,2,pitch_control
11.770000457763672,9.039999961853027,2,pitch_control
12.1899995803833,7.570000171661377,2,pitch_control
11.680000305175781,8.859999656677246,2,pitch_control
12.449999809265137,7.9499993324279785,2,pitch_control
11.359999656677246,7.389999866485596,2,pitch_control
12.100000381469727,7.730000019073486,2,pitch_control
11.899999618530273,7.579999923706055,2,pitch_control
10.899999618530273,2.9600000381469727,2,pitch_control
11.0600004196167,6.900000095367432,2,pitch_control
12.670000076293945,6.400000095367432,2,pitch_control
12.25,8.609999656677246,2,pitch_control
11.600000381469727,6.059999942779541,2,pitch_control
12.199999809265137,4.71999979019165,2,pitch_control
12.5,5.25,2,pitch_control
11.699999809265137,6.12000036239624,2,pitch_control
10.779999732971191,3.5799999237060547,2,pitch_control
9.539999961853027,1.71999990940094,1,mppt
10.279999732971191,4.25,3,transition
8.069999694824219,3.2200000286102295,3,transition
10.739999771118164,9.65999984741211,2,pitch_control
10.149999618530273,9.569999694824219,3,transition
9.319999694824219,6.989999771118164,3,transition
9.8100004196167,33.93333435058594,3,transition
9.729999542236328,6.210000514984131,3,transition
10.170000076293945,7.150000095367432,3,transition
9.890000343322754,7.440000057220459,3,transition
9.569999694824219,6.860000133514404,3,transition
8.819999694824219,3.859999895095825,3,transition
9.529999732971191,7.420000076293945,3,transition
10.180000305175781,3.5899999141693115,3,transition
10.369999885559082,3.316666603088379,3,transition
10.170000076293945,3.5799999237060547,3,transition
8.920000076293945,1.0700000524520874,1,mppt
9.319999694824219,0.17000000178813934,1,mppt
10.279999732971191,0.02333333157002926,1,mppt
8.9399995803833,0.18000000715255737,1,mppt
7.980000019073486,0.019999999552965164,1,mppt
8.710000038146973,0.07666666805744171,1,mppt
8.9399995803833,0.20999999344348907,1,mppt
9.329999923706055,0.18000000715255737,1,mppt
9.100000381469727,0.23999999463558197,1,mppt
8.40999984741211,0.019999999552965164,1,mppt
7.329999923706055,0.019999999552965164,1,mppt
8.649999618530273,0.019999999552965164,1,mppt
8.260000228881836,0.009999999776482582,1,mppt
8.279999732971191,0.03333333134651184,1,mppt
7.579999923706055,0.009999999776482582,1,mppt
8.609999656677246,0.019999999552965164,1,mppt
7.949999809265137,0.019999999552965164,1,mppt
8.6899995803833,4.610000133514404,3,transition
8.079999923706055,0.009999999776482582,1,mppt
8.729999542236328,0.029999999329447746,1,mppt
8.25,0.5166666507720947,1,mppt
8.90999984741211,0.019999999552965164,1,mppt
8.199999809265137,0.03999999910593033,1,mppt
9.520000457763672,0.09000000357627869,1,mppt
9.59000015258789,0.009999999776482582,1,mppt
8.649999618530273,0.01666666567325592,1,mppt
9.680000305175781,0.7900000214576721,1,mppt
8.850000381469727,0.029999999329447746,1,mppt
9.390000343322754,0.8799999356269836,1,mppt
9.699999809265137,2.609999895095825,3,transition
8.210000038146973,2.2300000190734863,3,transition
8.630000114440918,2.5899999141693115,3,transition
9.890000343322754,0.9800000190734863,1,mppt
9.350000381469727,1.3200000524520874,1,mppt
9.180000305175781,0.9700000286102295,1,mppt
9.210000038146973,0.9700000286102295,1,mppt
9.359999656677246,0.429999977350235,1,mppt
8.819999694824219,1.840000033378601,1,mppt
8.729999542236328,0.6000000238418579,1,mppt
8.960000038146973,0.699999988079071,1,mppt
9.149999618530273,1.0700000524520874,1,mppt
9.460000038146973,1.3200000524520874,1,mppt
8.600000381469727,0.7400000095367432,1,mppt
8.850000381469727,0.46000000834465027,1,mppt
9.220000267028809,0.3700000047683716,1,mppt
8.289999961853027,0.5533333420753479,1,mppt
8.449999809265137,0.1899999976158142,1,mppt
12.0,1.340000033378601,3,transition
10.239999771118164,0.4699999988079071,1,mppt
11.479999542236328,4.289999961853027,2,pitch_control
8.010000228881836,1.7400001287460327,1,mppt
10.8100004196167,3.6600000858306885,2,pitch_control
9.430000305175781,-0.33000001311302185,1,mppt
8.180000305175781,0.38999998569488525,1,mppt
9.390000343322754,0.21666665375232697,1,mppt
11.050000190734863,0.49000000953674316,3,transition
7.559999942779541,0.1899999976158142,1,mppt
8.25,0.2800000011920929,1,mppt
9.140000343322754,-1.2400000095367432,1,mppt
9.199999809265137,7.933332920074463,3,transition
9.149999618530273,0.9800000190734863,1,mppt
8.1899995803833,0.36000001430511475,1,mppt
10.449999809265137,1.2599999904632568,1,mppt
6.75,0.800000011920929,1,mppt
9.630000114440918,0.3199999928474426,1,mppt
9.399999618530273,0.1899999976158142,1,mppt
9.600000381469727,0.12999999523162842,1,mppt
8.4399995803833,0.029999999329447746,1,mppt
9.390000343322754,1.2200000286102295,1,mppt
8.029999732971191,0.3400000035762787,1,mppt
7.320000171661377,0.5199999809265137,1,mppt
11.300000190734863,3.119999885559082,2,pitch_control
10.300000190734863,10.579999923706055,3,transition
9.100000381469727,0.49000000953674316,1,mppt
7.510000228881836,0.20000000298023224,1,mppt
7.46999979019165,0.23000000417232513,1,mppt
9.899999618530273,2.309999942779541,3,transition
10.8100004196167,4.329999923706055,2,pitch_control
12.529999732971191,8.430000305175781,2,pitch_control
13.1899995803833,7.829999923706055,2,pitch_control
12.779999732971191,8.84000015258789,2,pitch_control
11.239999771118164,4.730000019073486,2,pitch_control
9.210000038146973,8.300000190734863,3,transition
12.859999656677246,10.539999961853027,2,pitch_control
13.109999656677246,8.039999961853027,2,pitch_control
10.890000343322754,5.570000171661377,2,pitch_control
10.359999656677246,7.409999847412109,3,transition
11.4399995803833,11.399998664855957,2,pitch_control
8.170000076293945,0.33000001311302185,1,mppt
10.989999771118164,3.56000018119812,2,pitch_control
9.350000381469727,0.5799999833106995,1,mppt
8.789999961853027,6.789999485015869,2,pitch_control
7.21999979019165,0.053333330899477005,1,mppt
8.920000076293945,0.800000011920929,1,mppt
8.210000038146973,0.15000000596046448,1,mppt
9.329999923706055,0.949999988079071,1,mppt
10.15999984741211,2.2833333015441895,3,transition
6.400000095367432,0.06666666269302368,1,mppt
7.199999809265137,14.756667137145996,3,transition
6.199999809265137,0.03333333507180214,1,mppt
6.769999980926514,0.03999999910593033,1,mppt
6.929999828338623,0.036666665226221085,1,mppt
7.110000133514404,0.5099999904632568,1,mppt
6.739999771118164,0.029999999329447746,1,mppt
8.270000457763672,0.019999999552965164,1,mppt
8.0600004196167,0.029999999329447746,1,mppt
7.019999980926514,0.05000000074505806,1,mppt
5.190000057220459,0.029999999329447746,1,mppt
8.869999885559082,2.4200000762939453,3,transition
6.070000171661377,0.7599999904632568,1,mppt
9.6899995803833,2.7200000286102295,3,transition
8.65999984741211,1.2999999523162842,1,mppt
8.210000038146973,0.10999999195337296,1,mppt
7.070000171661377,0.9599999785423279,1,mppt
7.380000114440918,0.949999988079071,1,mppt
8.859999656677246,4.579999923706055,3,transition
5.21999979019165,2.68999981880188,3,transition
8.239999771118164,4.010000228881836,3,transition
8.710000038146973,3.0199997425079346,3,transition
10.010000228881836,8.460000038146973,3,transition
7.71999979019165,6.440000057220459,3,transition
9.899999618530273,6.590000152587891,3,transition
10.09000015258789,10.710000038146973,3,transition
10.420000076293945,3.119999885559082,3,transition
7.539999961853027,2.2200000286102295,3,transition
8.569999694824219,4.769999980926514,3,transition
8.380000114440918,3.1700000762939453,3,transition
9.050000190734863,6.429999828338623,3,transition
9.180000305175781,5.6999993324279785,3,transition
9.539999961853027,5.510000228881836,3,transition
9.890000343322754,6.420000076293945,3,transition
10.020000457763672,5.840000152587891,3,transition
8.270000457763672,2.8399999141693115,3,transition
7.369999885559082,7.539999485015869,3,transition
8.899999618530273,71.6066665649414,3,transition
9.90999984741211,1.5199999809265137,1,mppt
7.699999809265137,-0.25999999046325684,1,mppt
7.650000095367432,3.299999952316284,3,transition
7.03000020980835,0.3499999940395355,1,mppt
10.510000228881836,1.9600000381469727,3,transition
8.289999961853027,0.5299999713897705,1,mppt
8.760000228881836,0.6700000166893005,1,mppt
7.190000057220459,90.3800048828125,3,transition
5.519999980926514,0.429999977350235,1,mppt
6.659999847412109,0.6600000262260437,1,mppt
7.699999809265137,1.0399999618530273,1,mppt
3.940000057220459,0.18000000715255737,1,mppt
5.889999866485596,0.9599999785423279,1,mppt
6.880000114440918,0.5799999833106995,1,mppt
3.680000066757202,0.03999999910593033,1,mppt
6.71999979019165,1.0,1,mppt
4.329999923706055,0.20999999344348907,1,mppt
4.960000038146973,0.2800000011920929,1,mppt
5.360000133514404,0.7400000095367432,1,mppt
6.630000114440918,0.17000000178813934,1,mppt
5.920000076293945,0.7200000286102295,1,mppt
4.570000171661377,0.05999999865889549,1,mppt
4.639999866485596,0.02333333157002926,1,mppt
4.929999828338623,0.550000011920929,1,mppt
4.389999866485596,1.2833333015441895,1,mppt
5.349999904632568,0.5933333039283752,1,mppt
2.9700000286102295,0.009999999776482582,0,idle
2.5799999237060547,0.026666665449738503,0,idle
3.5899999141693115,-1.9800000190734863,1,mppt
2.5399999618530273,0.019999999552965164,0,idle
2.0399999618530273,0.01666666567325592,0,idle
2.309999942779541,0.026666665449738503,0,idle
5.539999961853027,0.5199999809265137,1,mppt
2.5399999618530273,0.019999999552965164,0,idle
3.069999933242798,0.019999999552965164,1,mppt
3.0399999618530273,-1.9800000190734863,1,mppt
3.4800000190734863,0.5199999809265137,1,mppt
3.059999942779541,0.029999999329447746,1,mppt
1.3899999856948853,0.009999999776482582,0,idle
1.5099999904632568,0.009999999776482582,0,idle
1.9500000476837158,0.009999999776482582,0,idle
1.8300000429153442,-0.9866666793823242,0,idle
2.990000009536743,0.026666665449738503,0,idle
4.050000190734863,0.18666666746139526,1,mppt
5.050000190734863,7.510000228881836,3,transition
2.359999895095825,89.79666900634766,0,idle
4.989999771118164,2.490000009536743,3,transition
2.8499999046325684,0.009999999776482582,0,idle
8.239999771118164,1.7133334875106812,1,mppt
6.829999923706055,1.6699999570846558,1,mppt
4.349999904632568,0.5299999713897705,1,mppt
4.679999828338623,0.6399999856948853,1,mppt
4.690000057220459,0.06666667014360428,1,mppt
4.570000171661377,-1.9466667175292969,1,mppt
4.949999809265137,0.38999998569488525,1,mppt
5.050000190734863,0.10000000149011612,1,mppt
4.800000190734863,0.11999999731779099,1,mppt
4.050000190734863,0.25,1,mppt
4.579999923706055,0.36666667461395264,1,mppt
5.650000095367432,0.85999995470047,1,mppt
5.710000038146973,0.89000004529953,1,mppt
3.859999895095825,0.03999999910593033,1,mppt
4.139999866485596,-1.3700000047683716,1,mppt
5.769999980926514,1.0299999713897705,1,mppt
5.21999979019165,0.25,1,mppt
5.079999923706055,0.4399999678134918,1,mppt
4.329999923706055,0.6600000262260437,1,mppt
4.5,0.23999999463558197,1,mppt
5.300000190734863,0.05999999865889549,1,mppt
5.699999809265137,-1.9366666078567505,1,mppt
4.570000171661377,0.029999999329447746,1,mppt
4.070000171661377,0.019999999552965164,1,mppt
5.409999847412109,0.03999999910593033,1,mppt
5.429999828338623,0.03999999910593033,1,mppt
4.920000076293945,0.03999999910593033,1,mppt
3.75,0.029999999329447746,1,mppt
4.019999980926514,-1.9800000190734863,1,mppt
4.519999980926514,0.05000000074505806,1,mppt
4.159999847412109,0.09000000357627869,1,mppt
6.199999809265137,0.6700000166893005,1,mppt
4.579999923706055,0.03333333507180214,1,mppt
5.210000038146973,0.05999999865889549,1,mppt
5.179999828338623,0.20000000298023224,1,mppt
4.78000020980835,0.20999999344348907,1,mppt
4.599999904632568,0.03999999910593033,1,mppt
5.920000076293945,0.25,1,mppt
4.230000019073486,0.05000000074505806,1,mppt
4.670000076293945,0.029999999329447746,1,mppt
4.21999979019165,0.029999999329447746,1,mppt
6.539999961853027,0.8799999356269836,1,mppt
5.389999866485596,1.090000033378601,1,mppt
5.079999923706055,0.6600000262260437,1,mppt
4.510000228881836,0.10666666179895401,1,mppt
5.289999961853027,0.7599999904632568,1,mppt
7.579999923706055,0.5299999713897705,1,mppt
5.619999885559082,0.5299999713897705,1,mppt
5.5,0.7599999904632568,1,mppt
3.7799999713897705,0.03999999910593033,1,mppt
5.670000076293945,0.7400000095367432,1,mppt
7.690000057220459,0.05666666850447655,1,mppt
6.71999979019165,0.1599999964237213,1,mppt
4.71999979019165,0.03999999910593033,1,mppt
3.8399999141693115,0.019999999552965164,1,mppt
5.869999885559082,0.47999998927116394,1,mppt
4.010000228881836,0.029999999329447746,1,mppt
5.559999942779541,0.3400000035762787,1,mppt
6.110000133514404,0.8700000643730164,1,mppt
3.799999952316284,-0.95333331823349,1,mppt
5.900000095367432,0.8799999356269836,1,mppt
7.03000020980835,0.699999988079071,1,mppt
4.190000057220459,0.05999999865889549,1,mppt
5.110000133514404,0.019999999552965164,1,mppt
5.070000171661377,0.029999999329447746,1,mppt
4.420000076293945,0.029999999329447746,1,mppt
4.579999923706055,0.019999999552965164,1,mppt
4.5,0.019999999552965164,1,mppt
5.5,0.03999999910593033,1,mppt
6.139999866485596,0.019999999552965164,1,mppt
4.940000057220459,0.019999999552965164,1,mppt
4.980000019073486,0.029999999329447746,1,mppt
6.130000114440918,0.019999999552965164,1,mppt
5.730000019073486,0.029999999329447746,1,mppt
5.739999771118164,0.029999999329447746,1,mppt
4.409999847412109,0.029999999329447746,1,mppt
5.170000076293945,-0.47999998927116394,1,mppt
5.230000019073486,0.029999999329447746,1,mppt
5.460000038146973,0.019999999552965164,1,mppt
5.679999828338623,0.029999999329447746,1,mppt
4.949999809265137,0.019999999552965164,1,mppt
5.019999980926514,0.026666665449738503,1,mppt
4.25,90.37667083740234,3,transition
4.380000114440918,0.029999999329447746,1,mppt
5.320000171661377,1.0199999809265137,1,mppt
5.300000190734863,0.029999999329447746,1,mppt
6.46999979019165,0.07999999821186066,1,mppt
4.420000076293945,0.026666665449738503,1,mppt
5.769999980926514,-0.4699999988079071,1,mppt
5.829999923706055,0.04333333298563957,1,mppt
5.730000019073486,0.029999999329447746,1,mppt
5.820000171661377,0.029999999329447746,1,mppt
5.190000057220459,0.019999999552965164,1,mppt
4.860000133514404,0.05000000074505806,1,mppt
4.769999980926514,0.019999999552965164,1,mppt
6.139999866485596,0.029999999329447746,1,mppt
6.050000190734863,0.029999999329447746,1,mppt
6.5,-1.909999966621399,1,mppt
5.199999809265137,0.029999999329447746,1,mppt
5.440000057220459,0.029999999329447746,1,mppt
5.5,0.05999999865889549,1,mppt
3.5,-0.9599999785423279,1,mppt
6.090000152587891,0.029999999329447746,1,mppt
6.329999923706055,0.029999999329447746,1,mppt
4.309999942779541,0.009999999776482582,1,mppt
6.349999904632568,0.009999999776482582,1,mppt
5.860000133514404,-1.75,1,mppt
5.46999979019165,0.009999999776482582,1,mppt
5.340000152587891,0.026666665449738503,1,mppt
6.28000020980835,0.026666665449738503,1,mppt
5.150000095367432,0.009999999776482582,1,mppt
5.309999942779541,0.009999999776482582,1,mppt
5.349999904632568,0.009999999776482582,1,mppt
5.78000020980835,0.009999999776482582,1,mppt
7.730000019073486,0.013333332724869251,1,mppt
5.760000228881836,0.009999999776482582,1,mppt
5.679999828338623,-1.6299999952316284,1,mppt
5.179999828338623,0.009999999776482582,1,mppt
6.289999961853027,0.009999999776482582,1,mppt
5.239999771118164,0.029999999329447746,1,mppt
5.130000114440918,0.009999999776482582,1,mppt
4.449999809265137,0.029999999329447746,1,mppt
6.840000152587891,0.009999999776482582,1,mppt
6.900000095367432,-0.9900000095367432,1,mppt
6.139999866485596,0.009999999776482582,1,mppt
4.380000114440918,0.009999999776482582,1,mppt
5.730000019073486,0.009999999776482582,1,mppt
5.699999809265137,0.009999999776482582,1,mppt
5.239999771118164,0.009999999776482582,1,mppt
5.880000114440918,0.009999999776482582,1,mppt
5.429999828338623,0.009999999776482582,1,mppt
5.480000019073486,0.026666665449738503,1,mppt
5.369999885559082,0.009999999776482582,1,mppt
5.409999847412109,0.009999999776482582,1,mppt
5.46999979019165,0.009999999776482582,1,mppt
6.130000114440918,0.009999999776482582,1,mppt
5.78000020980835,-0.28999999165534973,1,mppt
4.309999942779541,0.009999999776482582,1,mppt
4.820000171661377,0.009999999776482582,1,mppt
4.800000190734863,-0.949999988079071,1,mppt
5.130000114440918,0.009999999776482582,1,mppt
5.190000057220459,0.029999999329447746,1,mppt
5.440000057220459,0.009999999776482582,1,mppt
4.690000057220459,0.009999999776482582,1,mppt
4.099999904632568,0.009999999776482582,1,mppt
4.699999809265137,-1.9900001287460327,1,mppt
4.539999961853027,0.009999999776482582,1,mppt
3.759999990463257,0.009999999776482582,1,mppt
6.420000076293945,-0.49000000953674316,1,mppt
4.090000152587891,0.009999999776482582,1,mppt
5.360000133514404,0.009999999776482582,1,mppt
4.730000019073486,0.009999999776482582,1,mppt
3.6700000762939453,0.009999999776482582,1,mppt
4.639999866485596,0.009999999776482582,1,mppt
4.760000228881836,0.009999999776482582,1,mppt
4.409999847412109,0.009999999776482582,1,mppt
3.640000104904175,0.029999999329447746,1,mppt
4.110000133514404,0.009999999776482582,1,mppt
3.990000009536743,0.009999999776482582,1,mppt
3.6600000858306885,0.009999999776482582,1,mppt
3.059999942779541,0.009999999776482582,1,mppt
3.2300000190734863,0.029999999329447746,1,mppt
2.700000047683716,0.019999999552965164,0,idle
2.180000066757202,0.019999999552965164,0,idle
2.509999990463257,0.009999999776482582,0,idle
1.5099999904632568,-0.9033333659172058,0,idle
1.809999942779541,40.4033317565918,0,idle
1.8700000047683716,0.009999999776482582,0,idle
1.850000023841858,0.009999999776482582,0,idle
2.9000000953674316,0.009999999776482582,0,idle
2.0899999141693115,0.029999999329447746,0,idle
2.569999933242798,0.009999999776482582,0,idle
1.5099999904632568,0.036666665226221085,0,idle
2.1700000762939453,0.009999999776482582,0,idle
1.5800000429153442,0.009999999776482582,0,idle
1.909999966621399,0.009999999776482582,0,idle
1.559999942779541,0.009999999776482582,0,idle
5.349999904632568,3.180000066757202,3,transition
1.850000023841858,89.57999420166016,0,idle
4.110000133514404,6.166666507720947,3,transition
3.0399999618530273,0.009999999776482582,1,mppt
2.4600000381469727,31.11333465576172,0,idle
4.53000020980835,23.909997940063477,3,transition
2.930000066757202,0.009999999776482582,0,idle
2.5899999141693115,89.94998931884766,0,idle
1.0099999904632568,65.0199966430664,0,idle
1.7300000190734863,66.18333435058594,0,idle
1.350000023841858,89.64999389648438,0,idle
1.3799999952316284,90.1066665649414,0,idle
1.7300000190734863,85.95333099365234,0,idle
2.4200000762939453,90.21666717529297,0,idle
0.800000011920929,83.08333587646484,0,idle
0.7200000286102295,90.36333465576172,0,idle
1.1799999475479126,90.3566665649414,0,idle
1.2899999618530273,90.35999298095703,0,idle
1.5,90.21666717529297,0,idle
0.6700000166893005,85.85999298095703,0,idle
1.4700000286102295,90.24666595458984,0,idle
1.4800000190734863,90.00333404541016,0,idle
1.3600000143051147,90.10333251953125,0,idle
1.1799999475479126,85.47333526611328,0,idle
3.3399999141693115,89.67000579833984,3,transition
2.440000057220459,90.00333404541016,0,idle
1.7899999618530273,89.6833267211914,0,idle
2.630000114440918,-0.49000000953674316,0,idle
1.940000057220459,87.9766616821289,0,idle
2.140000104904175,0.009999999776482582,0,idle
2.309999942779541,37.93333053588867,0,idle
2.1500000953674316,90.2699966430664,0,idle
2.3299999237060547,85.8699951171875,0,idle
2.4200000762939453,83.48333740234375,0,idle
2.369999885559082,43.65666580200195,0,idle
2.1700000762939453,86.07999420166016,0,idle
2.8499999046325684,35.456668853759766,0,idle
3.4000000953674316,0.009999999776482582,1,mppt
2.759999990463257,37.3466682434082,0,idle
3.309999942779541,7.260000228881836,3,transition
3.359999895095825,0.009999999776482582,1,mppt
3.190000057220459,0.009999999776482582,1,mppt
3.7300000190734863,0.009999999776482582,1,mppt
4.599999904632568,0.009999999776482582,1,mppt
3.059999942779541,0.009999999776482582,1,mppt
3.640000104904175,0.009999999776482582,1,mppt
3.4200000762939453,0.009999999776482582,1,mppt
3.859999895095825,-0.9900000095367432,1,mppt
4.199999809265137,89.98333740234375,3,transition
3.299999952316284,0.009999999776482582,1,mppt
2.809999942779541,0.009999999776482582,0,idle
1.9299999475479126,0.009999999776482582,0,idle
3.0999999046325684,0.009999999776482582,1,mppt
2.940000057220459,0.009999999776482582,0,idle
2.700000047683716,0.009999999776482582,0,idle
2.4700000286102295,0.009999999776482582,0,idle
3.119999885559082,1.0099999904632568,1,mppt
2.0799999237060547,0.009999999776482582,0,idle
3.2699999809265137,0.009999999776482582,1,mppt
1.9700000286102295,0.009999999776482582,0,idle
3.190000057220459,0.009999999776482582,1,mppt
2.490000009536743,85.4800033569336,0,idle
1.5,0.009999999776482582,0,idle
4.769999980926514,0.009999999776482582,1,mppt
1.5700000524520874,0.009999999776482582,0,idle
5.21999979019165,0.5099999904632568,1,mppt
1.9199999570846558,16.899999618530273,0,idle
2.5999999046325684,0.009999999776482582,0,idle
1.8600000143051147,0.009999999776482582,0,idle
2.190000057220459,89.71666717529297,0,idle
3.680000066757202,0.009999999776482582,1,mppt
2.299999952316284,0.009999999776482582,0,idle
2.4100000858306885,0.009999999776482582,0,idle
1.909999966621399,0.009999999776482582,0,idle
3.640000104904175,0.009999999776482582,1,mppt
3.8399999141693115,0.009999999776482582,1,mppt
2.630000114440918,0.009999999776482582,0,idle
2.509999990463257,0.009999999776482582,0,idle
2.9100000858306885,0.009999999776482582,0,idle
2.930000066757202,0.009999999776482582,0,idle
2.869999885559082,0.009999999776482582,0,idle
3.4000000953674316,0.009999999776482582,1,mppt
3.4800000190734863,0.009999999776482582,1,mppt
4.690000057220459,-0.49000000953674316,1,mppt
3.7200000286102295,0.009999999776482582,1,mppt
2.450000047683716,0.009999999776482582,0,idle
2.009999990463257,87.9766616821289,0,idle
2.9700000286102295,0.009999999776482582,0,idle
4.110000133514404,0.009999999776482582,1,mppt
4.639999866485596,0.009999999776482582,1,mppt
5.179999828338623,89.98333740234375,3,transition
4.619999885559082,0.009999999776482582,1,mppt
3.2799999713897705,0.009999999776482582,1,mppt
4.409999847412109,0.009999999776482582,1,mppt
4.019999980926514,0.009999999776482582,1,mppt
3.0399999618530273,0.009999999776482582,1,mppt
4.429999828338623,0.009999999776482582,1,mppt
3.509999990463257,0.009999999776482582,1,mppt
3.9000000953674316,0.009999999776482582,2,pitch_control
4.090000152587891,0.009999999776482582,1,mppt
3.2100000381469727,0.009999999776482582,1,mppt
4.769999980926514,0.009999999776482582,1,mppt
2.5299999713897705,-1.9900001287460327,0,idle
3.059999942779541,0.009999999776482582,1,mppt
2.180000066757202,0.009999999776482582,0,idle
4.630000114440918,0.009999999776482582,1,mppt
3.7100000381469727,0.009999999776482582,1,mppt
1.850000023841858,0.009999999776482582,0,idle
2.200000047683716,0.009999999776482582,0,idle
4.179999828338623,0.009999999776482582,1,mppt
3.5399999618530273,0.009999999776482582,1,mppt
2.75,0.009999999776482582,0,idle
2.2100000381469727,0.009999999776482582,0,idle
1.9600000381469727,0.009999999776482582,0,idle
2.0199999809265137,0.009999999776482582,0,idle
3.0299999713897705,0.009999999776482582,1,mppt
1.559999942779541,85.8800048828125,0,idle
2.240000009536743,0.009999999776482582,0,idle
1.190000057220459,58.00666809082031,0,idle
1.4600000381469727,90.3699951171875,0,idle
1.75,0.6299999952316284,0,idle
1.190000057220459,85.37667083740234,0,idle
1.5099999904632568,90.33999633789062,0,idle
2.0999999046325684,90.36666107177734,0,idle
3.950000047683716,0.25,1,mppt
1.2400000095367432,90.37332916259766,0,idle
1.3600000143051147,90.37667083740234,0,idle
1.4800000190734863,89.98333740234375,0,idle
2.0999999046325684,89.66999053955078,0,idle
3.4700000286102295,0.009999999776482582,1,mppt
3.7799999713897705,0.009999999776482582,1,mppt
3.859999895095825,0.009999999776482582,1,mppt
5.079999923706055,8.99666690826416,3,transition
3.440000057220459,0.009999999776482582,1,mppt
4.929999828338623,-0.9900000095367432,1,mppt
5.510000228881836,0.009999999776482582,1,mppt
4.739999771118164,1.899999976158142,1,mppt
3.3499999046325684,0.05999999865889549,1,mppt
3.609999895095825,19.126665115356445,3,transition
3.0999999046325684,27.446664810180664,3,transition
3.190000057220459,0.009999999776482582,1,mppt
5.460000038146973,8.930000305175781,3,transition
5.46999979019165,8.630000114440918,3,transition
5.400000095367432,90.22000122070312,3,transition
3.2300000190734863,0.009999999776482582,1,mppt
6.21999979019165,89.67000579833984,3,transition
6.409999847412109,9.130000114440918,3,transition
2.5,90.37332916259766,0,idle
5.300000190734863,85.37332916259766,3,transition
6.710000038146973,7.659999847412109,3,transition
6.360000133514404,90.37999725341797,3,transition
7.630000114440918,9.630000114440918,3,transition
6.360000133514404,90.32666778564453,3,transition
5.550000190734863,6.070000171661377,3,transition
7.78000020980835,9.890000343322754,3,transition
3.7899999618530273,2.109999895095825,3,transition
7.5,90.37667083740234,3,transition
5.71999979019165,90.3066635131836,3,transition
4.920000076293945,90.37667083740234,3,transition
7.510000228881836,90.37999725341797,3,transition
5.679999828338623,6.409999847412109,3,transition
8.140000343322754,9.729999542236328,3,transition
8.039999961853027,10.850001335144043,3,transition
5.710000038146973,90.37667083740234,3,transition
6.210000038146973,7.340000152587891,3,transition
7.539999961853027,9.319999694824219,3,transition
8.079999923706055,90.33999633789062,3,transition
6.539999961853027,8.279999732971191,3,transition
7.199999809265137,90.3066635131836,3,transition
9.069999694824219,12.9399995803833,3,transition
7.269999980926514,9.880000114440918,3,transition
7.340000152587891,90.37667083740234,3,transition
6.079999923706055,7.150000095367432,3,transition
6.710000038146973,89.9766616821289,3,transition
7.639999866485596,9.886666297912598,3,transition
8.529999732971191,90.38333129882812,3,transition
6.579999923706055,8.739999771118164,3,transition
6.380000114440918,7.289999485015869,3,transition
8.510000228881836,11.90999984741211,3,transition
6.679999828338623,89.75,3,transition
3.7300000190734863,0.6600000262260437,1,mppt
5.010000228881836,89.69666290283203,3,transition
5.53000020980835,3.2100000381469727,3,transition
3.119999885559082,0.05999999865889549,1,mppt
4.710000038146973,9.869999885559082,3,transition
5.119999885559082,4.619999885559082,3,transition
5.179999828338623,3.819999933242798,3,transition
8.550000190734863,8.520000457763672,3,transition
9.8100004196167,12.609999656677246,3,transition
9.369999885559082,12.920001029968262,3,transition
4.199999809265137,1.3600000143051147,1,mppt
9.890000343322754,13.619999885559082,3,transition
5.980000019073486,0.009999999776482582,1,mppt
4.510000228881836,5.62000036239624,3,transition
8.6899995803833,5.980000019073486,3,transition
10.180000305175781,10.510000228881836,3,transition
5.730000019073486,1.7100000381469727,1,mppt
8.65999984741211,9.109999656677246,3,transition
4.590000152587891,1.0499999523162842,1,mppt
6.550000190734863,6.289999485015869,3,transition
8.479999542236328,6.099999904632568,3,transition
6.190000057220459,0.23999999463558197,1,mppt
4.590000152587891,-0.7699999809265137,1,mppt
8.020000457763672,0.009999999776482582,1,mppt
6.420000076293945,-1.4900001287460327,1,mppt
6.369999885559082,0.009999999776482582,1,mppt
6.329999923706055,85.8800048828125,3,transition
6.099999904632568,0.009999999776482582,1,mppt
5.900000095367432,0.009999999776482582,1,mppt
6.539999961853027,0.009999999776482582,1,mppt
4.630000114440918,0.009999999776482582,1,mppt
4.619999885559082,0.009999999776482582,1,mppt
4.789999961853027,0.023333333432674408,1,mppt
4.28000020980835,0.009999999776482582,1,mppt
3.4700000286102295,0.009999999776482582,1,mppt
3.880000114440918,0.01666666567325592,1,mppt
4.119999885559082,0.009999999776482582,1,mppt
4.929999828338623,0.009999999776482582,1,mppt
3.700000047683716,0.009999999776482582,1,mppt
5.019999980926514,-0.9900000095367432,1,mppt
7.139999866485596,0.009999999776482582,1,mppt
3.4700000286102295,26.58333396911621,3,transition
8.890000343322754,11.75,3,transition
5.889999866485596,89.98333740234375,3,transition
5.489999771118164,0.009999999776482582,1,mppt
6.230000019073486,87.586669921875,3,transition
5.400000095367432,0.009999999776482582,1,mppt
5.039999961853027,0.009999999776482582,1,mppt
4.940000057220459,0.009999999776482582,1,mppt
3.950000047683716,0.009999999776482582,1,mppt
7.619999885559082,0.03999999910593033,1,mppt
5.309999942779541,0.036666665226221085,1,mppt
4.610000133514404,0.009999999776482582,1,mppt
5.639999866485596,0.023333333432674408,1,mppt
4.150000095367432,0.009999999776482582,1,mppt
3.859999895095825,0.01666666567325592,1,mppt
4.800000190734863,-0.49000000953674316,1,mppt
4.610000133514404,0.009999999776482582,1,mppt
4.800000190734863,0.023333333432674408,1,mppt
7.5,0.009999999776482582,1,mppt
5.46999979019165,0.009999999776482582,1,mppt
3.6500000953674316,0.009999999776482582,1,mppt
4.150000095367432,0.009999999776482582,1,mppt
6.300000190734863,0.009999999776482582,1,mppt
5.090000152587891,0.009999999776482582,1,mppt
4.550000190734863,0.009999999776482582,1,mppt
5.170000076293945,0.023333333432674408,1,mppt
5.480000019073486,0.009999999776482582,1,mppt
5.820000171661377,0.009999999776482582,1,mppt
6.019999980926514,0.009999999776482582,1,mppt
5.369999885559082,0.009999999776482582,1,mppt
5.96999979019165,0.20999999344348907,1,mppt
5.510000228881836,0.009999999776482582,1,mppt
4.78000020980835,0.009999999776482582,1,mppt
4.929999828338623,0.009999999776482582,1,mppt
4.679999828338623,0.009999999776482582,1,mppt
4.980000019073486,0.026666665449738503,1,mppt
5.71999979019165,0.009999999776482582,1,mppt
4.579999923706055,0.009999999776482582,1,mppt
5.21999979019165,89.98333740234375,3,transition
4.559999942779541,0.009999999776482582,1,mppt
3.7799999713897705,0.009999999776482582,1,mppt
5.090000152587891,0.009999999776482582,1,mppt
4.239999771118164,0.009999999776482582,1,mppt
4.940000057220459,0.009999999776482582,1,mppt
3.6500000953674316,0.009999999776482582,1,mppt
5.980000019073486,0.009999999776482582,1,mppt
5.71999979019165,0.009999999776482582,1,mppt
4.28000020980835,0.009999999776482582,1,mppt
5.579999923706055,89.98333740234375,3,transition
5.150000095367432,0.009999999776482582,1,mppt
4.340000152587891,0.009999999776482582,1,mppt
5.539999961853027,-0.49000000953674316,1,mppt
5.150000095367432,0.009999999776482582,1,mppt
5.210000038146973,0.009999999776482582,1,mppt
4.820000171661377,0.009999999776482582,1,mppt
3.869999885559082,0.009999999776482582,1,mppt
4.539999961853027,0.009999999776482582,1,mppt
5.590000152587891,0.023333333432674408,1,mppt
5.03000020980835,0.009999999776482582,1,mppt
4.210000038146973,0.009999999776482582,1,mppt
4.789999961853027,0.009999999776482582,1,mppt
3.859999895095825,0.009999999776482582,1,mppt
4.070000171661377,0.009999999776482582,1,mppt
5.110000133514404,0.009999999776482582,1,mppt
4.619999885559082,0.009999999776482582,1,mppt
4.050000190734863,0.009999999776482582,1,mppt
4.539999961853027,0.05000000074505806,1,mppt
4.429999828338623,0.026666665449738503,1,mppt
3.680000066757202,0.009999999776482582,1,mppt
4.210000038146973,0.009999999776482582,1,mppt
4.78000020980835,0.030000001192092896,1,mppt
3.9200000762939453,0.009999999776482582,1,mppt
4.559999942779541,0.009999999776482582,1,mppt
4.53000020980835,0.009999999776482582,1,mppt
5.25,0.009999999776482582,1,mppt
4.46999979019165,0.009999999776482582,1,mppt
3.9600000381469727,0.009999999776482582,1,mppt
4.630000114440918,-0.49000000953674316,1,mppt
4.940000057220459,0.009999999776482582,1,mppt
3.5199999809265137,0.009999999776482582,1,mppt
4.940000057220459,3.509999990463257,3,transition
6.0,6.099999904632568,3,transition
4.619999885559082,2.0299999713897705,3,transition
5.099999904632568,3.130000114440918,3,transition
4.300000190734863,6.400000095367432,3,transition
6.010000228881836,7.079999923706055,3,transition
4.96999979019165,0.85999995470047,1,mppt
5.340000152587891,1.7899999618530273,1,mppt
5.599999904632568,0.9700000286102295,1,mppt
5.869999885559082,0.03999999910593033,1,mppt
6.199999809265137,0.036666665226221085,1,mppt
5.989999771118164,0.03999999910593033,1,mppt
7.670000076293945,0.036666665226221085,1,mppt
6.139999866485596,0.09000000357627869,1,mppt
5.21999979019165,0.029999999329447746,1,mppt
4.920000076293945,0.019999999552965164,1,mppt
6.190000057220459,-0.10000000149011612,1,mppt
5.010000228881836,0.019999999552965164,1,mppt
5.800000190734863,0.029999999329447746,1,mppt
4.340000152587891,0.019999999552965164,1,mppt
6.940000057220459,0.11999999731779099,1,mppt
7.429999828338623,0.013333332724869251,1,mppt
3.890000104904175,0.029999999329447746,1,mppt
6.019999980926514,0.036666665226221085,1,mppt
5.820000171661377,0.019999999552965164,1,mppt
6.920000076293945,0.029999999329447746,1,mppt
4.78000020980835,0.029999999329447746,1,mppt
4.849999904632568,0.03999999910593033,1,mppt
4.380000114440918,0.03999999910593033,1,mppt
6.539999961853027,1.2899999618530273,1,mppt
6.440000057220459,0.6200000047683716,1,mppt
5.039999961853027,0.3700000047683716,1,mppt
6.190000057220459,0.9599999785423279,1,mppt
4.010000228881836,0.3199999928474426,1,mppt
4.420000076293945,0.1599999964237213,1,mppt
5.989999771118164,0.09000000357627869,1,mppt
5.050000190734863,0.07000000029802322,1,mppt
5.179999828338623,0.05999999865889549,1,mppt
5.510000228881836,0.019999999552965164,1,mppt
6.170000076293945,0.009999999776482582,1,mppt
4.75,0.019999999552965164,1,mppt
6.230000019073486,0.02333333157002926,1,mppt
6.480000019073486,0.029999999329447746,1,mppt
5.650000095367432,0.009999999776482582,1,mppt
5.320000171661377,0.009999999776482582,1,mppt
6.03000020980835,-1.9600000381469727,1,mppt
5.260000228881836,0.009999999776482582,1,mppt
6.289999961853027,-1.9800000190734863,1,mppt
8.880000114440918,0.03333333507180214,1,mppt
7.059999942779541,0.036666665226221085,1,mppt
6.53000020980835,0.013333332724869251,1,mppt
4.739999771118164,0.029999999329447746,1,mppt
8.039999961853027,8.59000015258789,3,transition
6.75,0.3400000035762787,1,mppt
7.079999923706055,2.25,3,transition
5.289999961853027,1.0,1,mppt
9.0,9.550000190734863,3,transition
6.880000114440918,5.110000133514404,3,transition
9.770000457763672,9.680000305175781,3,transition
8.430000305175781,10.079999923706055,3,transition
7.650000095367432,3.93999981880188,3,transition
8.270000457763672,85.80667114257812,3,transition
8.380000114440918,6.0500006675720215,3,transition
7.619999885559082,-0.36000001430511475,1,mppt
5.860000133514404,0.7300000190734863,1,mppt
7.769999980926514,0.07000000029802322,1,mppt
5.559999942779541,0.6499999761581421,1,mppt
8.010000228881836,0.009999999776482582,1,mppt
7.559999942779541,0.009999999776482582,1,mppt
5.599999904632568,0.009999999776482582,1,mppt
5.5,0.009999999776482582,1,mppt
7.559999942779541,0.009999999776482582,1,mppt
8.34000015258789,0.009999999776482582,1,mppt
5.980000019073486,0.009999999776482582,1,mppt
6.039999961853027,0.009999999776482582,1,mppt
8.380000114440918,-0.49000000953674316,1,mppt
8.130000114440918,0.009999999776482582,1,mppt
5.710000038146973,0.009999999776482582,1,mppt
5.590000152587891,0.009999999776482582,1,mppt
6.679999828338623,0.009999999776482582,1,mppt
8.390000343322754,1.75,1,mppt
6.78000020980835,0.009999999776482582,1,mppt
6.130000114440918,0.6100000143051147,1,mppt
7.420000076293945,0.3100000023841858,1,mppt
8.079999923706055,1.409999966621399,1,mppt
6.320000171661377,1.6200000047683716,1,mppt
7.880000114440918,1.2899999618530273,1,mppt
7.03000020980835,1.0499999523162842,1,mppt
7.260000228881836,1.4199999570846558,1,mppt
8.09000015258789,1.559999942779541,1,mppt
10.220000267028809,2.3399999141693115,3,transition
8.960000038146973,1.9800000190734863,1,mppt
5.489999771118164,0.9800000190734863,1,mppt
8.529999732971191,0.06666666269302368,1,mppt
5.78000020980835,0.009999999776482582,1,mppt
9.3100004196167,0.009999999776482582,1,mppt
8.0,0.03333333507180214,1,mppt
9.170000076293945,0.04333333298563957,1,mppt
8.520000457763672,0.019999999552965164,1,mppt
8.119999885559082,0.009999999776482582,1,mppt
9.550000190734863,0.009999999776482582,1,mppt
7.900000095367432,0.009999999776482582,1,mppt
7.389999866485596,0.009999999776482582,1,mppt
7.840000152587891,8.800000190734863,3,transition
7.139999866485596,-1.976666808128357,1,mppt
7.940000057220459,0.009999999776482582,1,mppt
10.449999809265137,4.659999847412109,3,transition
7.309999942779541,0.009999999776482582,1,mppt
8.880000114440918,0.1599999964237213,1,mppt
8.8100004196167,12.710000038146973,3,transition
8.260000228881836,0.023333333432674408,1,mppt
8.850000381469727,0.03999999910593033,1,mppt
9.09000015258789,-1.4633334875106812,1,mppt
10.5600004196167,5.6999993324279785,2,pitch_control
8.369999885559082,0.009999999776482582,1,mppt
8.5600004196167,0.009999999776482582,1,mppt
9.109999656677246,0.550000011920929,1,mppt
10.489999771118164,5.900000095367432,3,transition
8.449999809265137,0.006666666362434626,1,mppt
10.520000457763672,0.036666665226221085,3,transition
7.5,0.009999999776482582,1,mppt
8.390000343322754,0.019999999552965164,1,mppt
8.220000267028809,0.07999999821186066,1,mppt
9.229999542236328,0.20999999344348907,1,mppt
9.380000114440918,0.46000000834465027,1,mppt
8.890000343322754,0.05999999865889549,1,mppt
7.269999980926514,0.019999999552965164,1,mppt
9.130000114440918,0.009999999776482582,1,mppt
8.539999961853027,0.009999999776482582,1,mppt
8.260000228881836,0.02333333157002926,1,mppt
8.8100004196167,0.019999999552965164,1,mppt
8.09000015258789,0.019999999552965164,1,mppt
9.8100004196167,4.039999961853027,3,transition
9.1899995803833,0.01666666567325592,1,mppt
10.170000076293945,3.7100000381469727,3,transition
8.180000305175781,0.029999999329447746,1,mppt
9.220000267028809,0.05999999865889549,1,mppt
9.329999923706055,0.029999999329447746,1,mppt
7.789999961853027,0.02333333157002926,1,mppt
8.899999618530273,0.02333333157002926,1,mppt
10.119999885559082,2.509999990463257,3,transition
10.789999961853027,5.5500006675720215,2,pitch_control
10.5600004196167,6.570000171661377,2,pitch_control
9.729999542236328,4.300000190734863,3,transition
10.010000228881836,15.25,3,transition
8.760000228881836,2.630000114440918,3,transition
8.359999656677246,6.610000133514404,3,transition
8.65999984741211,4.050000190734863,3,transition
10.1899995803833,5.420000076293945,3,transition
10.699999809265137,5.420000076293945,2,pitch_control
11.0,8.890000343322754,2,pitch_control
10.1899995803833,5.260000228881836,3,transition
8.649999618530273,3.390000104904175,3,transition
8.350000381469727,2.8299999237060547,3,transition
9.970000267028809,1.100000023841858,1,mppt
8.680000305175781,4.150000095367432,3,transition
7.639999866485596,0.9700000286102295,1,mppt
7.659999847412109,0.6800000071525574,1,mppt
10.84000015258789,4.489999771118164,2,pitch_control
8.199999809265137,1.1466666460037231,1,mppt
9.069999694824219,0.4399999678134918,1,mppt
9.34000015258789,0.14000000059604645,1,mppt
9.579999923706055,4.429999828338623,3,transition
8.850000381469727,8.140000343322754,3,transition
10.699999809265137,3.5299999713897705,2,pitch_control
9.670000076293945,1.8899999856948853,1,mppt
6.820000171661377,0.8399999737739563,1,mppt
7.840000152587891,0.6899999976158142,1,mppt
10.029999732971191,4.820000171661377,3,transition
9.329999923706055,0.3100000023841858,1,mppt
7.090000152587891,0.46000000834465027,1,mppt
10.609999656677246,15.600001335144043,2,pitch_control
8.960000038146973,1.0299999713897705,1,mppt
7.230000019073486,0.5400000214576721,1,mppt
7.269999980926514,2.0399999618530273,3,transition
10.140000343322754,5.46999979019165,3,transition
8.649999618530273,0.429999977350235,1,mppt
6.960000038146973,0.46000000834465027,1,mppt
10.510000228881836,3.2200000286102295,2,pitch_control
7.929999828338623,1.1299999952316284,1,mppt
7.079999923706055,0.6600000262260437,1,mppt
9.930000305175781,2.009999990463257,3,transition
7.559999942779541,0.6000000238418579,1,mppt
8.489999771118164,8.359999656677246,3,transition
9.170000076293945,0.10999999195337296,1,mppt
8.739999771118164,1.4666666984558105,1,mppt
8.25,0.9200000166893005,1,mppt
9.260000228881836,-1.1399999856948853,1,mppt
11.25,4.699999809265137,2,pitch_control
9.260000228881836,1.5,1,mppt
9.5,0.44999995827674866,1,mppt
9.010000228881836,1.2599999904632568,1,mppt
10.789999961853027,5.87999963760376,2,pitch_control
6.679999828338623,0.4000000059604645,1,mppt
12.079999923706055,5.010000228881836,2,pitch_control
9.399999618530273,1.2899999618530273,1,mppt
10.020000457763672,1.5700000524520874,1,mppt
7.840000152587891,0.20000000298023224,1,mppt
9.34000015258789,1.4199999570846558,1,mppt
6.519999980926514,4.659999847412109,3,transition
8.59000015258789,1.940000057220459,1,mppt
7.170000076293945,1.440000057220459,1,mppt
7.630000114440918,1.3799999952316284,1,mppt
7.570000171661377,2.200000047683716,3,transition
10.430000305175781,10.229999542236328,3,transition
9.510000228881836,5.429999828338623,3,transition
9.350000381469727,3.259999990463257,3,transition
8.770000457763672,3.1066665649414062,3,transition
8.779999732971191,4.019999980926514,3,transition
8.029999732971191,4.449999809265137,3,transition
6.679999828338623,2.4100000858306885,3,transition
9.670000076293945,6.21999979019165,3,transition
9.579999923706055,4.400000095367432,3,transition
7.039999961853027,1.8200000524520874,1,mppt
9.390000343322754,3.0899999141693115,3,transition
10.420000076293945,2.5799999237060547,3,transition
9.100000381469727,1.850000023841858,1,mppt
9.510000228881836,2.549999952316284,3,transition
8.84000015258789,3.799999952316284,3,transition
9.020000457763672,13.949999809265137,3,transition
8.899999618530273,19.183334350585938,3,transition
10.850000381469727,3.0999996662139893,2,pitch_control
9.8100004196167,4.25,3,transition
8.600000381469727,0.30000001192092896,1,mppt
7.03000020980835,0.1433333307504654,1,mppt
8.949999809265137,0.3400000035762787,1,mppt
10.069999694824219,4.829999923706055,3,transition
8.520000457763672,0.9300000071525574,1,mppt
9.079999923706055,1.4900001287460327,1,mppt
10.829999923706055,6.0,2,pitch_control
8.970000267028809,6.46999979019165,3,transition
10.850000381469727,4.739999771118164,2,pitch_control
10.770000457763672,4.21999979019165,2,pitch_control
8.270000457763672,1.0299999713897705,1,mppt
9.720000267028809,1.2599999904632568,1,mppt
11.5,5.21999979019165,2,pitch_control
9.899999618530273,3.9700000286102295,3,transition
10.720000267028809,13.90999984741211,2,pitch_control
11.09000015258789,3.9200000762939453,2,pitch_control
7.920000076293945,2.5299999713897705,3,transition
10.220000267028809,5.610000133514404,3,transition
9.529999732971191,5.9499993324279785,3,transition
9.869999885559082,7.5500006675720215,3,transition
10.40999984741211,7.53000020980835,3,transition
9.6899995803833,7.489999771118164,3,transition
9.40999984741211,6.929999828338623,3,transition
9.270000457763672,8.6899995803833,3,transition
9.569999694824219,7.019999980926514,3,transition
9.170000076293945,8.170000076293945,3,transition
9.75,6.679999828338623,3,transition
9.6899995803833,6.230000019073486,3,transition
10.09000015258789,4.78000020980835,3,transition
10.289999961853027,4.28000020980835,3,transition
11.4399995803833,7.670000076293945,2,pitch_control
10.770000457763672,4.829999923706055,2,pitch_control
10.850000381469727,6.010000228881836,2,pitch_control
11.670000076293945,8.699999809265137,2,pitch_control
11.569999694824219,7.1999993324279785,2,pitch_control
11.3100004196167,6.239999771118164,2,pitch_control
12.449999809265137,9.380000114440918,2,pitch_control
8.699999809265137,3.75,3,transition
10.170000076293945,3.18999981880188,3,transition
9.130000114440918,3.0899999141693115,3,transition
10.239999771118164,5.610000133514404,3,transition
11.479999542236328,7.900000095367432,2,pitch_control
10.899999618530273,6.079999923706055,2,pitch_control
11.920000076293945,7.510000228881836,2,pitch_control
9.510000228881836,3.1500003337860107,3,transition
9.989999771118164,1.9199999570846558,1,mppt
8.880000114440918,7.889999866485596,3,transition
9.970000267028809,5.989999771118164,3,transition
8.760000228881836,14.676666259765625,3,transition
12.350000381469727,85.6066665649414,2,pitch_control
9.600000381469727,-0.699999988079071,1,mppt
8.630000114440918,1.2300000190734863,1,mppt
9.09000015258789,0.5400000214576721,1,mppt
9.100000381469727,1.8200000524520874,1,mppt
8.630000114440918,0.30666667222976685,1,mppt
7.610000133514404,0.18000000715255737,1,mppt
9.579999923706055,0.5799999833106995,1,mppt
10.359999656677246,2.240000009536743,3,transition
10.029999732971191,4.380000114440918,3,transition
9.619999885559082,3.9800002574920654,3,transition
7.610000133514404,3.1566667556762695,3,transition
7.53000020980835,2.450000047683716,3,transition
10.550000190734863,6.860000133514404,2,pitch_control
9.739999771118164,3.200000047683716,3,transition
9.34000015258789,3.0799999237060547,3,transition
10.699999809265137,2.8299999237060547,2,pitch_control
12.170000076293945,8.789999961853027,2,pitch_control
7.570000171661377,2.9600000381469727,3,transition
8.899999618530273,3.299999952316284,3,transition
11.670000076293945,6.110000133514404,2,pitch_control
7.650000095367432,3.049999952316284,3,transition
8.260000228881836,0.8500000834465027,1,mppt
9.109999656677246,1.9800000190734863,1,mppt
9.460000038146973,1.7699999809265137,1,mppt
10.8100004196167,3.930000066757202,2,pitch_control
10.029999732971191,0.699999988079071,1,mppt
8.4399995803833,0.019999999552965164,1,mppt
10.680000305175781,5.010000228881836,2,pitch_control
9.569999694824219,1.46999990940094,1,mppt
11.579999923706055,4.75,2,pitch_control
10.359999656677246,3.4000003337860107,3,transition
8.779999732971191,0.6700000166893005,1,mppt
8.270000457763672,1.8600000143051147,1,mppt
10.510000228881836,3.430000066757202,2,pitch_control
10.069999694824219,18.989999771118164,3,transition
8.520000457763672,0.14000000059604645,1,mppt
9.59000015258789,2.640000104904175,3,transition
9.729999542236328,3.200000047683716,3,transition
8.529999732971191,0.029999999329447746,1,mppt
9.729999542236328,3.0799999237060547,3,transition
8.1899995803833,0.009999999776482582,1,mppt
9.180000305175781,1.0466666221618652,1,mppt
9.140000343322754,0.550000011920929,1,mppt
9.140000343322754,0.6299999952316284,1,mppt
7.909999847412109,0.026666665449738503,1,mppt
8.920000076293945,0.24666666984558105,1,mppt
9.0600004196167,11.859999656677246,3,transition
5.710000038146973,0.009999999776482582,1,mppt
6.510000228881836,0.009999999776482582,1,mppt
8.6899995803833,0.013333332724869251,1,mppt
8.449999809265137,0.27000001072883606,1,mppt
8.970000267028809,0.1599999964237213,1,mppt
7.590000152587891,0.009999999776482582,1,mppt
5.929999828338623,0.009999999776482582,1,mppt
7.920000076293945,0.019999999552965164,1,mppt
6.880000114440918,0.009999999776482582,1,mppt
8.0,0.019999999552965164,1,mppt
7.559999942779541,0.01666666567325592,1,mppt
7.570000171661377,0.009999999776482582,1,mppt
7.869999885559082,0.019999999552965164,1,mppt
9.59000015258789,0.013333332724869251,1,mppt
6.789999961853027,0.009999999776482582,1,mppt
7.519999980926514,0.009999999776482582,1,mppt
7.119999885559082,0.009999999776482582,1,mppt
8.600000381469727,0.009999999776482582,1,mppt
8.15999984741211,0.019999997690320015,1,mppt
8.380000114440918,0.01666666567325592,1,mppt
8.399999618530273,-0.49000000953674316,1,mppt
6.940000057220459,0.009999999776482582,1,mppt
7.920000076293945,0.01666666567325592,1,mppt
6.579999923706055,0.009999999776482582,1,mppt
9.34000015258789,0.6299999952316284,1,mppt
6.75,0.01666666567325592,1,mppt
6.920000076293945,0.026666665449738503,1,mppt
8.479999542236328,0.006666666362434626,1,mppt
7.510000228881836,0.03333333507180214,1,mppt
8.84000015258789,0.009999999776482582,1,mppt
9.09000015258789,0.009999999776482582,1,mppt
7.590000152587891,0.03999999910593033,1,mppt
8.640000343322754,0.006666666362434626,1,mppt
8.140000343322754,0.04333333298563957,1,mppt
7.110000133514404,0.013333332724869251,1,mppt
9.199999809265137,0.019999999552965164,1,mppt
8.09000015258789,0.013333332724869251,1,mppt
9.489999771118164,0.07999999821186066,1,mppt
9.949999809265137,0.10999999195337296,1,mppt
8.170000076293945,0.15000000596046448,1,mppt
8.329999923706055,1.909999966621399,1,mppt
10.510000228881836,2.75,2,pitch_control
11.449999809265137,5.25,2,pitch_control
10.210000038146973,6.079999923706055,3,transition
11.649999618530273,6.8000006675720215,2,pitch_control
11.270000457763672,6.340000152587891,2,pitch_control
11.369999885559082,3.700000047683716,2,pitch_control
9.729999542236328,2.1500000953674316,3,transition
11.600000381469727,3.9600000381469727,2,pitch_control
9.1899995803833,0.009999999776482582,1,mppt
8.329999923706055,0.3700000047683716,1,mppt
10.40999984741211,3.7200000286102295,3,transition
11.180000305175781,6.429999828338623,2,pitch_control
10.930000305175781,4.230000019073486,2,pitch_control
11.40999984741211,5.050000190734863,2,pitch_control
12.09000015258789,7.440000057220459,2,pitch_control
7.869999885559082,0.01666666567325592,1,mppt
8.75,0.05000000074505806,1,mppt
11.880000114440918,6.409999847412109,2,pitch_control
8.6899995803833,0.25,1,mppt
9.1899995803833,0.019999999552965164,1,mppt
11.619999885559082,6.019999980926514,2,pitch_control
8.489999771118164,0.17000000178813934,1,mppt
9.649999618530273,-0.46666666865348816,1,mppt
9.079999923706055,0.38999998569488525,1,mppt
8.399999618530273,0.013333332724869251,1,mppt
11.670000076293945,6.6999993324279785,2,pitch_control
11.380000114440918,7.980000019073486,2,pitch_control
10.010000228881836,1.7599998712539673,1,mppt
10.359999656677246,2.440000057220459,3,transition
12.789999961853027,7.960000514984131,2,pitch_control
10.300000190734863,6.320000171661377,3,transition
10.079999923706055,7.239999771118164,3,transition
12.329999923706055,12.399998664855957,2,pitch_control
12.640000343322754,14.199999809265137,2,pitch_control
13.899999618530273,6.210000514984131,2,pitch_control
12.420000076293945,14.75999927520752,2,pitch_control
12.430000305175781,3.140000104904175,2,pitch_control
10.609999656677246,11.180000305175781,2,pitch_control
11.539999961853027,13.699999809265137,2,pitch_control
13.399999618530273,10.300000190734863,2,pitch_control
12.170000076293945,8.710000038146973,2,pitch_control
12.100000381469727,10.390000343322754,2,pitch_control
13.890000343322754,9.680000305175781,2,pitch_control
12.0,48.81666564941406,2,pitch_control
11.260000228881836,11.289999961853027,2,pitch_control
12.609999656677246,9.260000228881836,2,pitch_control
10.829999923706055,11.149998664855957,2,pitch_control
12.5600004196167,9.890000343322754,2,pitch_control
12.079999923706055,10.489999771118164,2,pitch_control
11.59000015258789,6.28000020980835,2,pitch_control
8.75,2.5899999141693115,3,transition
15.300000190734863,10.75,2,pitch_control
10.59000015258789,8.489999771118164,2,pitch_control
10.020000457763672,6.650000095367432,3,transition
10.520000457763672,5.119999885559082,2,pitch_control
13.289999961853027,10.890000343322754,2,pitch_control
11.84000015258789,7.730000019073486,2,pitch_control
11.430000305175781,11.819999694824219,2,pitch_control
10.949999809265137,8.15999984741211,2,pitch_control
10.75,5.670000076293945,2,pitch_control
11.6899995803833,8.6899995803833,2,pitch_control
12.979999542236328,12.00999927520752,2,pitch_control
12.329999923706055,11.140000343322754,2,pitch_control
12.989999771118164,13.729999542236328,2,pitch_control
11.960000038146973,12.3100004196167,2,pitch_control
13.640000343322754,15.59000015258789,2,pitch_control
11.25,9.710000038146973,2,pitch_control
10.829999923706055,12.25999927520752,2,pitch_control
10.800000190734863,9.380000114440918,2,pitch_control
13.84000015258789,9.699999809265137,2,pitch_control
12.119999885559082,16.809999465942383,2,pitch_control
13.819999694824219,12.369999885559082,2,pitch_control
14.029999732971191,10.44333267211914,2,pitch_control
12.1899995803833,9.729999542236328,2,pitch_control
13.800000190734863,15.479999542236328,2,pitch_control
13.100000381469727,15.789999961853027,2,pitch_control
13.220000267028809,6.099999904632568,2,pitch_control
11.59000015258789,10.786666870117188,2,pitch_control
13.5600004196167,13.460000038146973,2,pitch_control
13.869999885559082,9.949999809265137,2,pitch_control
11.539999961853027,7.159999847412109,2,pitch_control
14.319999694824219,13.520000457763672,2,pitch_control
13.800000190734863,16.510000228881836,2,pitch_control
12.210000038146973,15.329998970031738,2,pitch_control
12.270000457763672,10.449999809265137,2,pitch_control
12.680000305175781,17.729999542236328,2,pitch_control
11.949999809265137,13.09000015258789,2,pitch_control
11.279999732971191,12.460000038146973,2,pitch_control
14.149999618530273,10.550000190734863,2,pitch_control
13.350000381469727,10.600000381469727,2,pitch_control
14.59000015258789,11.210000038146973,2,pitch_control
11.369999885559082,17.43000030517578,2,pitch_control
12.239999771118164,12.270000457763672,2,pitch_control
11.460000038146973,11.819999694824219,2,pitch_control
13.279999732971191,26.170000076293945,2,pitch_control
13.890000343322754,9.75,2,pitch_control
11.050000190734863,8.5600004196167,2,pitch_control
11.430000305175781,11.399998664855957,2,pitch_control
11.15999984741211,11.819999694824219,2,pitch_control
11.649999618530273,9.300000190734863,2,pitch_control
13.4399995803833,12.819999694824219,2,pitch_control
12.640000343322754,11.3100004196167,2,pitch_control
10.619999885559082,11.399998664855957,2,pitch_control
15.270000457763672,10.649999618530273,2,pitch_control
11.609999656677246,85.9333267211914,2,pitch_control
12.609999656677246,8.869999885559082,2,pitch_control
12.930000305175781,11.630000114440918,2,pitch_control
14.199999809265137,11.329998970031738,2,pitch_control
12.90999984741211,12.359999656677246,2,pitch_control
12.380000114440918,12.49000072479248,2,pitch_control
12.850000381469727,10.350000381469727,2,pitch_control
10.510000228881836,15.180000305175781,2,pitch_control
11.119999885559082,10.300000190734863,2,pitch_control
12.1899995803833,6.840000152587891,2,pitch_control
13.729999542236328,10.119999885559082,2,pitch_control
12.649999618530273,7.579999923706055,2,pitch_control
11.15999984741211,9.199999809265137,2,pitch_control
11.550000190734863,7.070000171661377,2,pitch_control
10.970000267028809,7.019999980926514,2,pitch_control
13.119999885559082,11.050000190734863,2,pitch_control
12.369999885559082,9.260000228881836,2,pitch_control
12.600000381469727,7.3000006675720215,2,pitch_control
12.0,14.220000267028809,2,pitch_control
10.390000343322754,11.670001029968262,3,transition
13.119999885559082,10.859999656677246,2,pitch_control
11.819999694824219,8.9399995803833,2,pitch_control
13.010000228881836,10.890000343322754,2,pitch_control
11.399999618530273,10.420000076293945,2,pitch_control
13.079999923706055,6.610000133514404,2,pitch_control
13.489999771118164,12.34000015258789,2,pitch_control
15.829999923706055,11.039999961853027,2,pitch_control
10.75,8.920000076293945,2,pitch_control
11.729999542236328,11.630000114440918,2,pitch_control
12.520000457763672,8.119999885559082,2,pitch_control
12.520000457763672,8.710000038146973,2,pitch_control
13.3100004196167,13.039999961853027,2,pitch_control
14.529999732971191,11.470000267028809,2,pitch_control
11.229999542236328,16.0,2,pitch_control
11.15999984741211,9.600000381469727,2,pitch_control
12.319999694824219,18.559999465942383,2,pitch_control
9.720000267028809,7.860000133514404,3,transition
11.229999542236328,10.770000457763672,2,pitch_control
10.760000228881836,7.96999979019165,2,pitch_control
10.90999984741211,5.46999979019165,2,pitch_control
14.75,16.729999542236328,2,pitch_control
14.960000038146973,12.640000343322754,2,pitch_control
13.100000381469727,11.130000114440918,2,pitch_control
14.270000457763672,10.8100004196167,2,pitch_control
10.420000076293945,15.609999656677246,3,transition
13.970000267028809,12.770000457763672,2,pitch_control
13.65999984741211,13.869999885559082,2,pitch_control
15.84000015258789,19.700000762939453,2,pitch_control
14.479999542236328,11.949999809265137,2,pitch_control
14.539999961853027,12.529999732971191,2,pitch_control
12.579999923706055,10.75,2,pitch_control
10.90999984741211,12.149998664855957,2,pitch_control
12.920000076293945,10.239999771118164,2,pitch_control
12.609999656677246,11.109999656677246,2,pitch_control
10.9399995803833,6.010000228881836,2,pitch_control
9.279999732971191,10.520000457763672,3,transition
10.609999656677246,5.809999942779541,2,pitch_control
11.859999656677246,8.930000305175781,2,pitch_control
10.710000038146973,8.970000267028809,2,pitch_control
11.59000015258789,8.489999771118164,2,pitch_control
9.210000038146973,5.87000036239624,3,transition
12.229999542236328,12.0,2,pitch_control
12.430000305175781,7.650000095367432,2,pitch_control
10.859999656677246,11.979999542236328,2,pitch_control
9.600000381469727,6.610000133514404,3,transition
11.5600004196167,13.029999732971191,2,pitch_control
12.859999656677246,13.619999885559082,2,pitch_control
8.880000114440918,5.690000057220459,3,transition
12.600000381469727,11.649998664855957,2,pitch_control
12.539999961853027,12.069999694824219,2,pitch_control
14.949999809265137,15.369999885559082,2,pitch_control
10.329999923706055,10.949999809265137,3,transition
15.680000305175781,14.140000343322754,2,pitch_control
14.180000305175781,13.529999732971191,2,pitch_control
12.239999771118164,11.390000343322754,2,pitch_control
14.270000457763672,11.329998970031738,2,pitch_control
14.100000381469727,21.239999771118164,2,pitch_control
12.039999961853027,11.399998664855957,2,pitch_control
13.260000228881836,9.359999656677246,2,pitch_control
12.079999923706055,13.49000072479248,2,pitch_control
14.739999771118164,13.99000072479248,2,pitch_control
11.789999961853027,10.5,2,pitch_control
13.630000114440918,15.300000190734863,2,pitch_control
14.420000076293945,17.3799991607666,2,pitch_control
12.569999694824219,11.40999984741211,2,pitch_control
12.390000343322754,11.550000190734863,2,pitch_control
12.850000381469727,10.460000038146973,2,pitch_control
11.960000038146973,10.640000343322754,2,pitch_control
13.90999984741211,11.710000038146973,2,pitch_control
12.59000015258789,10.069999694824219,2,pitch_control
11.760000228881836,7.599999904632568,2,pitch_control
12.130000114440918,8.59000015258789,2,pitch_control
12.15999984741211,16.15999984741211,2,pitch_control
12.100000381469727,8.020000457763672,2,pitch_control
10.119999885559082,4.559999942779541,3,transition
11.380000114440918,6.210000514984131,2,pitch_control
10.220000267028809,6.230000019073486,3,transition
12.0,11.050000190734863,2,pitch_control
11.9399995803833,2.81000018119812,2,pitch_control
11.010000228881836,4.170000076293945,2,pitch_control
11.020000457763672,4.489999771118164,2,pitch_control
10.100000381469727,1.2966666221618652,1,mppt
10.15999984741211,3.5,3,transition
10.960000038146973,5.849999904632568,2,pitch_control
8.380000114440918,0.09000000357627869,1,mppt
9.15999984741211,0.3400000035762787,1,mppt
8.859999656677246,0.009999999776482582,1,mppt
9.710000038146973,1.1866666078567505,1,mppt
8.100000381469727,0.036666665226221085,1,mppt
9.65999984741211,1.75,1,mppt
9.449999809265137,1.940000057220459,1,mppt
10.25,2.630000114440918,3,transition
8.59000015258789,4.289999961853027,3,transition
7.440000057220459,0.053333330899477005,1,mppt
7.059999942779541,0.009999999776482582,1,mppt
9.010000228881836,0.5899999737739563,1,mppt
8.109999656677246,0.25999999046325684,1,mppt
6.400000095367432,0.09000000357627869,1,mppt
7.840000152587891,0.02333333157002926,1,mppt
7.369999885559082,0.009999999776482582,1,mppt
7.75,-1.9733333587646484,1,mppt
8.170000076293945,-1.4733333587646484,1,mppt
7.130000114440918,0.009999999776482582,1,mppt
8.149999618530273,81.62999725341797,3,transition
6.389999866485596,0.009999999776482582,1,mppt
7.449999809265137,0.009999999776482582,1,mppt
7.199999809265137,0.009999999776482582,1,mppt
7.25,0.009999999776482582,1,mppt
6.679999828338623,0.009999999776482582,1,mppt
6.489999771118164,0.030000001192092896,1,mppt
7.389999866485596,0.019999999552965164,1,mppt
6.309999942779541,0.009999999776482582,1,mppt
6.369999885559082,0.02333333157002926,1,mppt
5.110000133514404,0.009999999776482582,1,mppt
4.380000114440918,0.01666666567325592,1,mppt
5.960000038146973,0.013333332724869251,1,mppt
6.170000076293945,0.009999999776482582,1,mppt
5.75,0.009999999776482582,1,mppt
6.349999904632568,0.009999999776482582,1,mppt
6.869999885559082,0.02333333157002926,1,mppt
5.519999980926514,0.009999999776482582,1,mppt
3.809999942779541,0.01666666567325592,1,mppt
5.179999828338623,0.013333332724869251,1,mppt
3.299999952316284,0.006666666362434626,1,mppt
4.809999942779541,0.009999999776482582,1,mppt
4.739999771118164,0.006666666362434626,1,mppt
3.680000066757202,0.013333332724869251,1,mppt
3.7100000381469727,0.013333332724869251,1,mppt
3.75,0.013333332724869251,1,mppt
4.539999961853027,-1.9866666793823242,1,mppt
0.0,0.0,0,idle
4.329999923706055,0.013333332724869251,1,mppt
4.940000057220459,0.009999999776482582,1,mppt
6.769999980926514,0.023333333432674408,1,mppt
3.869999885559082,0.04333333298563957,1,mppt
6.199999809265137,1.0,1,mppt
3.109999895095825,0.009999999776482582,1,mppt
4.050000190734863,0.009999999776482582,1,mppt
2.9600000381469727,-1.9866666793823242,0,idle
2.640000104904175,0.01666666567325592,0,idle
4.019999980926514,0.009999999776482582,1,mppt
4.75,0.006666666362434626,1,mppt
2.869999885559082,0.009999999776482582,0,idle
2.880000114440918,0.009999999776482582,0,idle
4.519999980926514,0.009999999776482582,1,mppt
4.75,0.036666665226221085,1,mppt
5.090000152587891,0.009999999776482582,1,mppt
3.4200000762939453,0.009999999776482582,1,mppt
3.130000114440918,0.009999999776482582,1,mppt
6.460000038146973,-0.9900000095367432,1,mppt
5.849999904632568,0.009999999776482582,1,mppt
3.0999999046325684,0.04333333298563957,1,mppt
3.7100000381469727,0.009999999776482582,1,mppt
3.859999895095825,0.009999999776482582,1,mppt
6.389999866485596,3.4600000381469727,3,transition
5.78000020980835,0.009999999776482582,1,mppt
7.480000019073486,0.013333332724869251,1,mppt
7.610000133514404,0.03999999910593033,1,mppt
6.559999942779541,0.03999999910593033,1,mppt
5.599999904632568,0.009999999776482582,1,mppt
5.929999828338623,0.009999999776482582,1,mppt
5.0,0.009999999776482582,1,mppt
3.5299999713897705,0.009999999776482582,1,mppt
7.139999866485596,1.0099999904632568,1,mppt
5.900000095367432,0.009999999776482582,1,mppt
8.399999618530273,0.029999999329447746,1,mppt
8.170000076293945,-1.5099998712539673,1,mppt
5.860000133514404,0.009999999776482582,1,mppt
5.75,0.009999999776482582,1,mppt
4.889999866485596,0.013333332724869251,1,mppt
5.010000228881836,0.013333332724869251,1,mppt
7.039999961853027,0.5366666913032532,1,mppt
7.880000114440918,0.009999999776482582,1,mppt
5.119999885559082,0.009999999776482582,1,mppt
6.610000133514404,0.013333332724869251,1,mppt
5.190000057220459,0.009999999776482582,1,mppt
5.0,-0.9900000095367432,1,mppt
4.599999904632568,0.009999999776482582,1,mppt
5.059999942779541,0.013333332724869251,1,mppt
5.699999809265137,0.009999999776482582,1,mppt
6.0,0.009999999776482582,1,mppt
4.590000152587891,0.009999999776482582,1,mppt
8.229999542236328,0.023333333432674408,1,mppt
4.070000171661377,0.009999999776482582,1,mppt
4.579999923706055,0.009999999776482582,1,mppt
4.519999980926514,0.009999999776482582,1,mppt
3.6600000858306885,0.009999999776482582,1,mppt
3.940000057220459,0.009999999776482582,1,mppt
6.880000114440918,-0.9900000095367432,1,mppt
5.349999904632568,0.006666666362434626,1,mppt
4.650000095367432,0.009999999776482582,1,mppt
5.619999885559082,0.009999999776482582,1,mppt
4.360000133514404,0.013333332724869251,1,mppt
6.769999980926514,-0.009999999776482582,1,mppt
5.210000038146973,0.009999999776482582,1,mppt
4.300000190734863,0.009999999776482582,1,mppt
3.799999952316284,0.01666666567325592,1,mppt
3.8499999046325684,0.03333333507180214,1,mppt
4.550000190734863,0.009999999776482582,1,mppt
3.759999990463257,0.013333332724869251,1,mppt
3.940000057220459,-0.9900000095367432,1,mppt
5.25,0.009999999776482582,1,mppt
4.070000171661377,0.009999999776482582,1,mppt
3.109999895095825,0.009999999776482582,1,mppt
6.71999979019165,0.023333333432674408,1,mppt
4.659999847412109,0.01666666567325592,1,mppt
5.139999866485596,-0.49000000953674316,1,mppt
4.570000171661377,0.013333332724869251,1,mppt
3.819999933242798,0.009999999776482582,1,mppt
4.110000133514404,0.009999999776482582,1,mppt
3.4600000381469727,0.046666666865348816,1,mppt
3.450000047683716,0.03333333134651184,1,mppt
2.559999942779541,0.03999999910593033,0,idle
2.390000104904175,-1.9866666793823242,0,idle
3.450000047683716,0.009999999776482582,1,mppt
3.2200000286102295,0.009999999776482582,1,mppt
1.5700000524520874,0.009999999776482582,0,idle
3.0299999713897705,0.009999999776482582,1,mppt
2.8399999141693115,0.009999999776482582,0,idle
1.6299999952316284,0.11999999731779099,0,idle
1.690000057220459,4.480000019073486,0,idle
0.8600000143051147,83.4433364868164,0,idle
0.8299999833106995,85.05333709716797,0,idle
1.1100000143051147,90.31665802001953,0,idle
1.0199999809265137,90.07666778564453,0,idle
0.5400000214576721,90.1933364868164,0,idle
0.699999988079071,90.36333465576172,0,idle
0.36000001430511475,90.31999969482422,0,idle
0.5099999904632568,83.91333770751953,0,idle
0.6100000143051147,90.3133316040039,0,idle
0.4399999976158142,90.21332550048828,0,idle
0.47999998927116394,90.31999969482422,0,idle
0.4699999988079071,90.36666870117188,0,idle
0.46000000834465027,90.26333618164062,0,idle
0.5400000214576721,90.6199951171875,0,idle
0.6899999976158142,90.37667083740234,0,idle
1.75,90.31999969482422,0,idle
1.100000023841858,90.0566635131836,0,idle
1.1799999475479126,85.15999603271484,0,idle
1.5800000429153442,89.913330078125,0,idle
1.0399999618530273,90.23333740234375,0,idle
1.600000023841858,90.37667083740234,0,idle
1.4800000190734863,90.3899917602539,0,idle
1.25,90.9366683959961,0,idle
1.3300000429153442,89.98333740234375,0,idle
1.940000057220459,89.9000015258789,0,idle
1.6100000143051147,87.96666717529297,0,idle
1.7599999904632568,90.03665924072266,0,idle
1.809999942779541,90.25,0,idle
2.4800000190734863,90.9366683959961,0,idle
2.5,48.060001373291016,0,idle
2.5999999046325684,89.74332427978516,0,idle
2.0199999809265137,90.3699951171875,0,idle
2.75,84.76000213623047,0,idle
2.630000114440918,88.35333251953125,0,idle
2.8499999046325684,84.79999542236328,0,idle
2.859999895095825,90.21334075927734,0,idle
2.740000009536743,85.9033432006836,0,idle
1.909999966621399,61.33000183105469,0,idle
3.890000104904175,0.009999999776482582,1,mppt
4.150000095367432,0.009999999776482582,1,mppt
4.119999885559082,0.009999999776482582,1,mppt
3.240000009536743,0.009999999776482582,1,mppt
5.039999961853027,-1.4900001287460327,1,mppt
4.309999942779541,0.009999999776482582,1,mppt
2.180000066757202,0.009999999776482582,0,idle
4.300000190734863,-1.6100000143051147,1,mppt
3.799999952316284,0.009999999776482582,1,mppt
3.75,0.009999999776482582,1,mppt
2.380000114440918,0.009999999776482582,0,idle
3.5899999141693115,0.009999999776482582,1,mppt
1.600000023841858,83.96666717529297,0,idle
1.3700000047683716,2.009999990463257,0,idle
1.409999966621399,90.37667083740234,0,idle
1.590000033378601,89.55333709716797,0,idle
1.4900000095367432,90.26333618164062,0,idle
1.5399999618530273,85.97000122070312,0,idle
1.5,90.37667083740234,0,idle
1.559999942779541,90.3066635131836,0,idle
1.409999966621399,90.37332916259766,0,idle
1.2300000190734863,90.37332916259766,0,idle
1.5499999523162842,85.4800033569336,0,idle
1.5499999523162842,83.98333740234375,0,idle
2.6500000953674316,-1.4900001287460327,0,idle
2.240000009536743,89.9566650390625,0,idle
1.1799999475479126,90.37667083740234,0,idle
1.2799999713897705,90.37332916259766,0,idle
1.2899999618530273,90.37332916259766,0,idle
1.2400000095367432,90.37667083740234,0,idle
1.25,55.986663818359375,0,idle
1.6699999570846558,90.3166732788086,0,idle
1.4700000286102295,90.33333587646484,0,idle
1.7000000476837158,90.1199951171875,0,idle
1.3899999856948853,89.95000457763672,0,idle
0.0,0.0,0,idle
1.4900000095367432,90.37000274658203,0,idle
1.5199999809265137,90.37332916259766,0,idle
1.4600000381469727,85.97000122070312,0,idle
1.7599999904632568,90.2699966430664,0,idle
1.4199999570846558,89.78333282470703,0,idle
1.5499999523162842,90.3066635131836,0,idle
2.700000047683716,77.13666534423828,0,idle
1.909999966621399,89.67000579833984,0,idle
2.1700000762939453,90.32999420166016,0,idle
1.9500000476837158,85.37000274658203,0,idle
2.259999990463257,89.6833267211914,0,idle
2.569999933242798,87.94000244140625,0,idle
1.7899999618530273,90.2933349609375,0,idle
2.0999999046325684,89.95000457763672,0,idle
1.690000057220459,90.26333618164062,0,idle
2.119999885559082,83.96334075927734,0,idle
1.7200000286102295,90.2933349609375,0,idle
1.7799999713897705,90.37332916259766,0,idle
1.9600000381469727,90.30333709716797,0,idle
2.0999999046325684,90.31999969482422,0,idle
1.899999976158142,90.2699966430664,0,idle
2.2300000190734863,90.37667083740234,0,idle
2.5199999809265137,89.62332916259766,0,idle
2.5199999809265137,89.69000244140625,0,idle
2.4600000381469727,89.71334075927734,0,idle
2.25,90.36333465576172,0,idle
2.2300000190734863,0.009999999776482582,0,idle
1.9800000190734863,90.37332916259766,0,idle
2.5,86.21334075927734,0,idle
1.7899999618530273,90.34333038330078,0,idle
1.899999976158142,90.30667114257812,0,idle
2.0799999237060547,90.37332916259766,0,idle
2.880000114440918,0.009999999776482582,0,idle
1.4600000381469727,90.32999420166016,0,idle
2.509999990463257,0.009999999776482582,0,idle
2.0199999809265137,85.87332916259766,0,idle
1.7899999618530273,0.8100000023841858,0,idle
1.690000057220459,83.4800033569336,0,idle
1.8799999952316284,90.37667083740234,0,idle
1.3799999952316284,79.50333404541016,0,idle
1.7200000286102295,89.67333221435547,0,idle
1.9199999570846558,90.57999420166016,0,idle
2.549999952316284,90.26000213623047,0,idle
1.9299999475479126,85.29000091552734,0,idle
2.2699999809265137,90.3066635131836,0,idle
2.509999990463257,90.37000274658203,0,idle
2.6600000858306885,18.549999237060547,0,idle
3.309999942779541,0.009999999776482582,1,mppt
4.230000019073486,1.0700000524520874,1,mppt
3.5199999809265137,0.07333333045244217,1,mppt
3.700000047683716,29.61333465576172,3,transition
4.400000095367432,27.606666564941406,3,transition
4.730000019073486,33.733333587646484,3,transition
4.050000190734863,0.8433333039283752,1,mppt
4.699999809265137,26.466665267944336,3,transition
4.309999942779541,26.15333366394043,3,transition
4.769999980926514,89.7266616821289,3,transition
4.670000076293945,90.33333587646484,3,transition
4.480000019073486,89.71334075927734,3,transition
3.0,90.2699966430664,3,transition
5.099999904632568,89.98666381835938,3,transition
5.130000114440918,90.17333984375,3,transition
5.420000076293945,7.329999923706055,3,transition
6.0,90.30001068115234,3,transition
6.429999828338623,85.22000122070312,3,transition
6.769999980926514,5.670000076293945,3,transition
5.579999923706055,90.3800048828125,3,transition
5.769999980926514,86.2699966430664,3,transition
5.78000020980835,87.94000244140625,3,transition
6.070000171661377,90.31999969482422,3,transition
7.050000190734863,89.71334075927734,3,transition
6.170000076293945,1.4299999475479126,1,mppt
5.909999847412109,6.639999866485596,3,transition
6.829999923706055,89.95999908447266,3,transition
6.760000228881836,90.33000946044922,3,transition
6.179999828338623,90.54999542236328,3,transition
5.619999885559082,72.12667083740234,3,transition
5.21999979019165,90.37332916259766,3,transition
5.070000171661377,90.11666107177734,3,transition
4.940000057220459,37.540000915527344,3,transition
5.059999942779541,85.37332916259766,3,transition
6.809999942779541,29.203332901000977,3,transition
6.639999866485596,70.10333251953125,3,transition
6.340000152587891,0.7900000214576721,1,mppt
0.0,0.0,0,idle
6.199999809265137,87.9800033569336,3,transition
6.260000228881836,7.480000019073486,3,transition
6.670000076293945,2.759999990463257,3,transition
6.519999980926514,0.70333331823349,1,mppt
7.110000133514404,89.9433364868164,3,transition
5.789999961853027,0.5633333325386047,1,mppt
7.46999979019165,0.4699999988079071,1,mppt
6.269999980926514,-0.3400000035762787,1,mppt
5.090000152587891,0.12999999523162842,1,mppt
6.320000171661377,0.009999999776482582,1,mppt
6.519999980926514,0.009999999776482582,1,mppt
7.159999847412109,0.009999999776482582,1,mppt
5.800000190734863,0.013333332724869251,1,mppt
7.489999771118164,4.489999771118164,3,transition
6.329999923706055,12.763333320617676,3,transition
6.78000020980835,8.4399995803833,3,transition
6.25,22.84666633605957,3,transition
6.989999771118164,37.439998626708984,3,transition
7.070000171661377,85.7300033569336,3,transition
7.559999942779541,15.960000038146973,3,transition
7.239999771118164,83.96334075927734,3,transition
6.690000057220459,5.650000095367432,3,transition
6.679999828338623,5.53000020980835,3,transition
7.349999904632568,0.10000000149011612,1,mppt
7.659999847412109,1.0800000429153442,1,mppt
6.460000038146973,0.09333333373069763,1,mppt
6.239999771118164,0.05000000074505806,1,mppt
7.510000228881836,-1.340000033378601,1,mppt
6.909999847412109,0.06666666269302368,1,mppt
5.679999828338623,1.2400000095367432,1,mppt
6.949999809265137,1.3300000429153442,1,mppt
7.659999847412109,1.2799999713897705,1,mppt
6.639999866485596,1.4800000190734863,1,mppt
6.489999771118164,1.149999976158142,1,mppt
5.949999809265137,1.2699999809265137,1,mppt
6.079999923706055,1.3799999952316284,1,mppt
6.190000057220459,0.550000011920929,1,mppt
5.929999828338623,0.3100000023841858,1,mppt
6.989999771118164,0.029999999329447746,1,mppt
5.900000095367432,0.029999999329447746,1,mppt
4.949999809265137,0.019999999552965164,1,mppt
5.889999866485596,0.019999999552965164,1,mppt
6.880000114440918,0.009999999776482582,1,mppt
5.019999980926514,0.019999999552965164,1,mppt
4.880000114440918,0.029999999329447746,1,mppt
3.890000104904175,0.026666665449738503,1,mppt
3.4000000953674316,0.029999999329447746,1,mppt
3.9000000953674316,0.029999999329447746,1,mppt
3.119999885559082,0.029999999329447746,1,mppt
2.990000009536743,0.03999999910593033,0,idle
3.9700000286102295,0.029999999329447746,1,mppt
3.5799999237060547,0.03999999910593033,1,mppt
4.449999809265137,0.019999999552965164,1,mppt
3.9100000858306885,0.07000000029802322,1,mppt
4.909999847412109,0.27000001072883606,1,mppt
5.019999980926514,0.07000000029802322,1,mppt
3.740000009536743,0.05000000074505806,1,mppt
2.25,0.03999999910593033,0,idle
3.700000047683716,-0.4166666567325592,1,mppt
3.7899999618530273,-0.7599999904632568,1,mppt
3.630000114440918,2.5199999809265137,3,transition
2.2100000381469727,0.009999999776482582,0,idle
2.5399999618530273,0.009999999776482582,0,idle
1.75,0.009999999776482582,0,idle
2.5799999237060547,-0.47333332896232605,0,idle
1.809999942779541,0.009999999776482582,0,idle
4.28000020980835,0.5133333206176758,1,mppt
2.549999952316284,0.009999999776482582,0,idle
2.4100000858306885,0.019999999552965164,0,idle
1.690000057220459,0.009999999776482582,0,idle
3.190000057220459,-0.49000000953674316,1,mppt
1.8600000143051147,0.009999999776482582,0,idle
1.840000033378601,47.61000061035156,0,idle
1.4199999570846558,86.07999420166016,0,idle
1.440000057220459,52.29666519165039,0,idle
2.309999942779541,90.57999420166016,0,idle
2.299999952316284,90.37667083740234,0,idle
1.8899999856948853,0.009999999776482582,0,idle
1.649999976158142,0.029999999329447746,0,idle
1.5700000524520874,90.30999755859375,0,idle
1.590000033378601,0.009999999776482582,0,idle
1.850000023841858,0.009999999776482582,0,idle
2.4600000381469727,90.31999969482422,0,idle
1.4600000381469727,89.64666748046875,0,idle
1.9700000286102295,90.34000396728516,0,idle
1.4900000095367432,90.30999755859375,0,idle
1.2799999713897705,27.309999465942383,0,idle
1.7200000286102295,90.30999755859375,0,idle
1.0399999618530273,9.40999984741211,0,idle
1.9500000476837158,90.22333526611328,0,idle
1.7599999904632568,90.37332916259766,0,idle
1.6200000047683716,90.37332916259766,0,idle
1.8700000047683716,90.07999420166016,0,idle
2.690000057220459,0.009999999776482582,0,idle
2.690000057220459,86.62332916259766,0,idle
2.0999999046325684,90.37332916259766,0,idle
2.0799999237060547,90.33999633789062,0,idle
1.899999976158142,0.019999999552965164,0,idle
1.8300000429153442,90.37999725341797,0,idle
2.2200000286102295,90.16000366210938,0,idle
1.6100000143051147,90.31999969482422,0,idle
2.380000114440918,90.30999755859375,0,idle
1.8300000429153442,89.69666290283203,0,idle
1.9199999570846558,16.719999313354492,0,idle
1.9900000095367432,88.15665435791016,0,idle
2.4200000762939453,85.87999725341797,0,idle
1.7100000381469727,90.30999755859375,0,idle
1.5299999713897705,90.34000396728516,0,idle
2.25,35.0099983215332,0,idle
1.690000057220459,90.17999267578125,0,idle
1.5499999523162842,90.30999755859375,0,idle
1.4900000095367432,0.009999999776482582,0,idle
1.3899999856948853,83.95999908447266,0,idle
1.4500000476837158,90.836669921875,0,idle
1.5199999809265137,83.85999298095703,0,idle
1.440000057220459,90.37332916259766,0,idle
1.2899999618530273,90.11333465576172,0,idle
1.1699999570846558,90.33333587646484,0,idle
1.8899999856948853,90.37667083740234,0,idle
1.3600000143051147,89.9366683959961,0,idle
0.7400000095367432,90.09333038330078,0,idle
0.800000011920929,89.67000579833984,0,idle
0.7300000190734863,88.15665435791016,0,idle
0.8199999928474426,88.36666107177734,0,idle
1.2100000381469727,89.7733383178711,0,idle
1.3300000429153442,89.98333740234375,0,idle
0.8999999761581421,90.17999267578125,0,idle
0.7900000214576721,86.07999420166016,0,idle
0.8700000047683716,90.336669921875,0,idle
1.649999976158142,89.78333282470703,0,idle
1.1100000143051147,86.28333282470703,0,idle
1.399999976158142,90.37667083740234,0,idle
1.4900000095367432,90.35999298095703,0,idle
1.440000057220459,90.57000732421875,0,idle
0.9900000095367432,90.35333251953125,0,idle
0.9100000262260437,83.95999908447266,0,idle
1.2100000381469727,89.65999603271484,0,idle
1.2100000381469727,89.5666732788086,0,idle
1.5700000524520874,90.36666107177734,0,idle
2.109999895095825,90.37999725341797,0,idle
1.100000023841858,90.336669921875,0,idle
1.9199999570846558,90.37999725341797,0,idle
1.309999942779541,85.37667083740234,0,idle
1.8799999952316284,89.7733383178711,0,idle
1.4900000095367432,89.65999603271484,0,idle
1.4299999475479126,88.36666107177734,0,idle
1.4500000476837158,90.3499984741211,0,idle
1.2599999904632568,90.3699951171875,0,idle
1.0199999809265137,90.336669921875,0,idle
1.5700000524520874,89.62332916259766,0,idle
1.0700000524520874,89.92000579833984,0,idle
1.0,90.30333709716797,0,idle
1.090000033378601,90.02999877929688,0,idle
1.1699999570846558,90.34000396728516,0,idle
1.0199999809265137,83.98666381835938,0,idle
1.5299999713897705,89.65999603271484,0,idle
1.0299999713897705,85.87999725341797,0,idle
1.5700000524520874,89.9366683959961,0,idle
1.2699999809265137,90.57000732421875,0,idle
1.100000023841858,90.05999755859375,0,idle
1.3899999856948853,90.37667083740234,0,idle
1.2000000476837158,90.07999420166016,0,idle
1.2400000095367432,90.336669921875,0,idle
1.2200000286102295,90.27666473388672,0,idle
1.350000023841858,83.45000457763672,0,idle
1.1799999475479126,85.88333892822266,0,idle
1.3300000429153442,90.37667083740234,0,idle
1.090000033378601,90.37332916259766,0,idle
1.2400000095367432,90.07666778564453,0,idle
1.2100000381469727,90.3699951171875,0,idle
1.2899999618530273,85.37667083740234,0,idle
1.5199999809265137,90.34000396728516,0,idle
1.2300000190734863,90.35333251953125,0,idle
1.2599999904632568,90.37332916259766,0,idle
1.5700000524520874,89.69666290283203,0,idle
1.2200000286102295,90.37667083740234,0,idle
1.25,90.35333251953125,0,idle
1.0299999713897705,90.2733383178711,0,idle
1.2699999809265137,90.37667083740234,0,idle
1.0099999904632568,86.13333892822266,0,idle
1.1100000143051147,90.07999420166016,0,idle
0.75,90.30667114257812,0,idle
0.8700000047683716,90.28665924072266,0,idle
0.949999988079071,83.9000015258789,0,idle
0.8700000047683716,90.57999420166016,0,idle
0.8899999856948853,90.32666015625,0,idle
0.6800000071525574,90.31999969482422,0,idle
0.8399999737739563,90.836669921875,0,idle
0.9200000166893005,89.7733383178711,0,idle
1.0499999523162842,89.94000244140625,0,idle
0.9300000071525574,89.95333862304688,0,idle
0.8399999737739563,90.27999877929688,0,idle
0.8399999737739563,90.30999755859375,0,idle
1.9700000286102295,90.30999755859375,0,idle
0.7599999904632568,90.30999755859375,0,idle
0.7599999904632568,90.33999633789062,0,idle
1.0199999809265137,85.3066635131836,0,idle
1.1399999856948853,83.98666381835938,0,idle
1.4800000190734863,90.19666290283203,0,idle
2.799999952316284,90.30999755859375,0,idle
2.119999885559082,88.36666107177734,0,idle
2.0999999046325684,90.19666290283203,0,idle
1.8899999856948853,17.649999618530273,0,idle
1.0800000429153442,90.36333465576172,0,idle
1.0800000429153442,90.07999420166016,0,idle
1.4600000381469727,89.65999603271484,0,idle
1.7300000190734863,90.33333587646484,0,idle
2.180000066757202,34.99666976928711,0,idle
2.5299999713897705,90.3499984741211,0,idle
1.690000057220459,0.5099999904632568,0,idle
1.6299999952316284,0.009999999776482582,0,idle
1.5499999523162842,-0.3400000035762787,0,idle
1.5700000524520874,90.3800048828125,0,idle
1.909999966621399,90.3699951171875,0,idle
1.590000033378601,0.009999999776482582,0,idle
2.1600000858306885,90.04666137695312,0,idle
1.7400000095367432,85.4800033569336,0,idle
1.3799999952316284,90.32333374023438,0,idle
1.8700000047683716,90.2699966430664,0,idle
1.7799999713897705,90.37667083740234,0,idle
1.8899999856948853,85.25,0,idle
2.0,90.3800048828125,0,idle
1.7100000381469727,0.009999999776482582,0,idle
1.7699999809265137,85.87332916259766,0,idle
1.690000057220459,90.33999633789062,0,idle
1.8700000047683716,83.96334075927734,0,idle
1.690000057220459,90.2699966430664,0,idle
1.8799999952316284,89.66000366210938,0,idle
1.6799999475479126,89.92333984375,0,idle
1.2899999618530273,0.009999999776482582,0,idle
1.7300000190734863,90.07999420166016,0,idle
1.4500000476837158,90.07999420166016,0,idle
1.5199999809265137,89.9800033569336,0,idle
1.4199999570846558,89.65999603271484,0,idle
1.6299999952316284,90.07999420166016,0,idle
1.2300000190734863,89.65999603271484,0,idle
1.2699999809265137,90.3499984741211,0,idle
1.3799999952316284,90.2699966430664,0,idle
1.5499999523162842,87.9766616821289,0,idle
1.6200000047683716,90.32000732421875,0,idle
1.2300000190734863,90.17000579833984,0,idle
1.340000033378601,90.3133316040039,0,idle
1.1699999570846558,0.009999999776482582,0,idle
1.6399999856948853,90.163330078125,0,idle
1.3700000047683716,83.79999542236328,0,idle
1.4199999570846558,85.97000122070312,0,idle
1.4299999475479126,90.30999755859375,0,idle
1.1200000047683716,90.33000946044922,0,idle
1.3799999952316284,85.92000579833984,0,idle
0.9800000190734863,89.7733383178711,0,idle
0.9399999976158142,89.57999420166016,0,idle
1.059999942779541,90.37332916259766,0,idle
1.1399999856948853,90.87667083740234,0,idle
1.5199999809265137,85.25333404541016,0,idle
1.059999942779541,90.35333251953125,0,idle
1.2200000286102295,89.64666748046875,0,idle
1.1100000143051147,90.35999298095703,0,idle
1.309999942779541,90.35999298095703,0,idle
1.1699999570846558,90.37000274658203,0,idle
1.2100000381469727,89.67333984375,0,idle
1.0800000429153442,89.7300033569336,0,idle
0.7599999904632568,83.79999542236328,0,idle
0.8899999856948853,85.92000579833984,0,idle
0.9100000262260437,90.3800048828125,0,idle
0.800000011920929,90.3600082397461,0,idle
1.0099999904632568,90.37667083740234,0,idle
0.7200000286102295,90.37667083740234,0,idle
0.5299999713897705,90.35999298095703,0,idle
0.5699999928474426,90.3699951171875,0,idle
0.6700000166893005,89.64666748046875,0,idle
0.7599999904632568,90.37332916259766,0,idle
0.8399999737739563,88.17000579833984,0,idle
0.8899999856948853,90.17000579833984,0,idle
0.5299999713897705,90.2599868774414,0,idle
0.7200000286102295,90.30999755859375,0,idle
0.9300000071525574,90.30999755859375,0,idle
0.8399999737739563,90.3499984741211,0,idle
0.7400000095367432,89.67999267578125,0,idle
0.8799999952316284,90.336669921875,0,idle
0.8100000023841858,90.3800048828125,0,idle
0.800000011920929,90.35999298095703,0,idle
0.7900000214576721,90.37000274658203,0,idle
0.7099999785423279,90.163330078125,0,idle
0.7300000190734863,90.35333251953125,0,idle
0.8799999952316284,89.65999603271484,0,idle
1.0,90.57000732421875,0,idle
0.800000011920929,89.57999420166016,0,idle
0.8100000023841858,90.35999298095703,0,idle
0.5099999904632568,90.32666778564453,0,idle
0.5799999833106995,90.37999725341797,0,idle
0.5799999833106995,90.17333984375,0,idle
0.5899999737739563,90.24666595458984,0,idle
1.0700000524520874,90.35999298095703,0,idle
0.7599999904632568,90.32666015625,0,idle
0.5199999809265137,87.9766616821289,0,idle
0.9900000095367432,89.9366683959961,0,idle
0.0,0.0,0,idle
1.0700000524520874,90.07999420166016,0,idle
0.7599999904632568,83.96334075927734,0,idle
0.800000011920929,90.17000579833984,0,idle
0.9900000095367432,90.3699951171875,0,idle
0.5600000023841858,90.00332641601562,0,idle
0.9599999785423279,90.1833267211914,0,idle
1.2000000476837158,90.37332916259766,0,idle
0.8700000047683716,85.37332916259766,0,idle
1.4900000095367432,90.57999420166016,0,idle
0.8399999737739563,90.00332641601562,0,idle
1.090000033378601,89.65999603271484,0,idle
1.75,89.70999908447266,0,idle
1.149999976158142,90.30999755859375,0,idle
1.0299999713897705,89.9766616821289,0,idle
1.2200000286102295,90.36334228515625,0,idle
1.5,90.37000274658203,0,idle
1.2400000095367432,90.33333587646484,0,idle
1.399999976158142,90.36333465576172,0,idle
1.4900000095367432,90.37332916259766,0,idle
1.3300000429153442,90.1833267211914,0,idle
1.090000033378601,89.6866683959961,0,idle
1.440000057220459,90.37667083740234,0,idle
2.0,89.62332916259766,0,idle
1.2300000190734863,90.37667083740234,0,idle
1.7300000190734863,89.62332916259766,0,idle
1.399999976158142,89.79666900634766,0,idle
1.2000000476837158,90.31999969482422,0,idle
1.6100000143051147,90.30999755859375,0,idle
1.2400000095367432,90.33999633789062,0,idle
1.2400000095367432,85.4800033569336,0,idle
2.359999895095825,89.7733383178711,0,idle
1.399999976158142,89.9800033569336,0,idle
1.6399999856948853,89.62332916259766,0,idle
2.390000104904175,90.57666015625,0,idle
2.0899999141693115,90.30999755859375,0,idle
1.3799999952316284,89.80333709716797,0,idle
2.130000114440918,90.57999420166016,0,idle
2.25,90.3699951171875,0,idle
1.4900000095367432,87.9766616821289,0,idle
1.2899999618530273,85.87667083740234,0,idle
1.7699999809265137,90.29000091552734,0,idle
2.3299999237060547,90.12667083740234,0,idle
2.0199999809265137,89.79666900634766,0,idle
1.7999999523162842,83.9800033569336,0,idle
1.3600000143051147,90.30999755859375,0,idle
1.9700000286102295,86.1199951171875,0,idle
2.1700000762939453,90.336669921875,0,idle
1.5199999809265137,89.92333984375,0,idle
1.3600000143051147,74.12332916259766,0,idle
1.8600000143051147,90.07999420166016,0,idle
2.1500000953674316,90.38333892822266,0,idle
1.909999966621399,90.17000579833984,0,idle
1.940000057220459,90.37332916259766,0,idle
2.2799999713897705,83.90332794189453,0,idle
1.649999976158142,90.07999420166016,0,idle
1.4900000095367432,87.97332763671875,0,idle
1.6699999570846558,86.07666015625,0,idle
1.5499999523162842,83.96334075927734,0,idle
1.9600000381469727,89.9766616821289,0,idle
1.600000023841858,89.72000122070312,0,idle
1.7599999904632568,89.67999267578125,0,idle
1.8899999856948853,89.66000366210938,0,idle
1.4600000381469727,89.8899917602539,0,idle
1.9299999475479126,83.80333709716797,0,idle
1.5499999523162842,89.65999603271484,0,idle
2.2100000381469727,89.65999603271484,0,idle
1.75,85.8800048828125,0,idle
2.390000104904175,86.07666015625,0,idle
1.9800000190734863,90.1533432006836,0,idle
2.0899999141693115,89.65999603271484,0,idle
1.649999976158142,77.59000396728516,0,idle
1.8300000429153442,90.07999420166016,0,idle
2.440000057220459,87.9766616821289,0,idle
2.0799999237060547,90.30999755859375,0,idle
1.850000023841858,89.65999603271484,0,idle
1.840000033378601,89.92333984375,0,idle
1.6100000143051147,90.37667083740234,0,idle
2.190000057220459,90.37332916259766,0,idle
1.7799999713897705,83.45000457763672,0,idle
1.809999942779541,90.37667083740234,0,idle
2.5299999713897705,0.6399999856948853,0,idle
1.7599999904632568,90.32666015625,0,idle
1.7999999523162842,89.79666900634766,0,idle
1.7200000286102295,90.37667083740234,0,idle
1.899999976158142,90.2699966430664,0,idle
1.5299999713897705,90.1533432006836,0,idle
1.8799999952316284,90.17333984375,0,idle
1.2400000095367432,90.37667083740234,0,idle
1.659999966621399,90.37332916259766,0,idle
1.2999999523162842,90.37332916259766,0,idle
1.3600000143051147,90.37667083740234,0,idle
1.309999942779541,89.92333984375,0,idle
1.2899999618530273,90.07999420166016,0,idle
1.4299999475479126,89.92333984375,0,idle
1.659999966621399,90.36333465576172,0,idle
2.140000104904175,90.37332916259766,0,idle
1.9299999475479126,90.37667083740234,0,idle
2.180000066757202,90.33999633789062,0,idle
2.2699999809265137,88.17333984375,0,idle
2.680000066757202,83.80999755859375,0,idle
2.2699999809265137,90.07999420166016,0,idle
2.3399999141693115,28.409997940063477,0,idle
2.3299999237060547,82.0,0,idle
2.049999952316284,90.07666778564453,0,idle
1.7699999809265137,90.32666778564453,0,idle
2.9600000381469727,90.32999420166016,0,idle
2.390000104904175,90.336669921875,0,idle
1.75,90.35999298095703,0,idle
2.0299999713897705,83.94000244140625,0,idle
2.309999942779541,87.97332763671875,0,idle
1.7400000095367432,90.07999420166016,0,idle
1.75,89.67999267578125,0,idle
1.590000033378601,90.29000091552734,0,idle
1.899999976158142,90.37667083740234,0,idle
1.350000023841858,90.87332916259766,0,idle
1.6399999856948853,87.97332763671875,0,idle
1.2899999618530273,90.3800048828125,0,idle
1.2300000190734863,86.05999755859375,0,idle
1.0700000524520874,89.6199951171875,0,idle
1.2000000476837158,89.65999603271484,0,idle
1.4900000095367432,90.32999420166016,0,idle
1.4299999475479126,90.3699951171875,0,idle
1.2799999713897705,90.34000396728516,0,idle
1.4900000095367432,90.33333587646484,0,idle
1.2000000476837158,89.77999877929688,0,idle
1.3799999952316284,89.95999908447266,0,idle
1.2000000476837158,89.7733383178711,0,idle
1.340000033378601,89.67333984375,0,idle
1.2799999713897705,90.36666107177734,0,idle
1.2999999523162842,90.34000396728516,0,idle
1.3700000047683716,90.37332916259766,0,idle
1.090000033378601,90.29000091552734,0,idle
1.309999942779541,89.7166748046875,0,idle
1.3799999952316284,89.67333984375,0,idle
1.6200000047683716,85.37332916259766,0,idle
1.4700000286102295,90.37000274658203,0,idle
1.4600000381469727,90.163330078125,0,idle
1.3899999856948853,90.32332611083984,0,idle
1.5800000429153442,90.2699966430664,0,idle
1.6200000047683716,87.9766616821289,0,idle
1.3300000429153442,90.17000579833984,0,idle
1.2699999809265137,90.23666381835938,0,idle
1.4500000476837158,90.3800048828125,0,idle
2.819999933242798,89.97333526611328,0,idle
2.190000057220459,90.3466567993164,0,idle
3.0,90.17333984375,3,transition
1.909999966621399,90.336669921875,0,idle
1.4500000476837158,90.07666778564453,0,idle
3.009999990463257,90.32666778564453,3,transition
3.2300000190734863,75.73999786376953,3,transition
3.240000009536743,90.32666015625,3,transition
2.259999990463257,90.37667083740234,0,idle
2.4200000762939453,87.97332763671875,0,idle
3.4800000190734863,90.32666778564453,3,transition
3.440000057220459,42.09333419799805,3,transition
3.5199999809265137,0.05000000074505806,1,mppt
2.4800000190734863,0.009999999776482582,0,idle
2.4800000190734863,-1.940000057220459,0,idle
1.9800000190734863,2.119999885559082,0,idle
2.190000057220459,0.05000000074505806,0,idle
2.069999933242798,0.05000000074505806,0,idle
2.6600000858306885,12.420001029968262,0,idle
2.940000057220459,-1.9900001287460327,0,idle
2.5899999141693115,0.009999999776482582,0,idle
5.099999904632568,-0.9900000095367432,1,mppt
4.179999828338623,0.029999999329447746,1,mppt
3.2300000190734863,0.026666665449738503,1,mppt
3.490000009536743,0.009999999776482582,1,mppt
2.9200000762939453,0.009999999776482582,0,idle
2.3399999141693115,0.009999999776482582,0,idle
2.5999999046325684,0.009999999776482582,0,idle
4.179999828338623,0.009999999776482582,1,mppt
2.740000009536743,0.029999999329447746,0,idle
4.260000228881836,0.5299999713897705,1,mppt
4.210000038146973,0.029999999329447746,1,mppt
3.509999990463257,0.026666665449738503,1,mppt
2.549999952316284,0.009999999776482582,0,idle
2.819999933242798,0.026666665449738503,0,idle
2.9100000858306885,0.026666665449738503,0,idle
2.569999933242798,0.009999999776482582,0,idle
2.940000057220459,-0.4699999988079071,0,idle
3.7300000190734863,0.38333332538604736,1,mppt
4.420000076293945,0.8100000023841858,1,mppt
3.75,0.10999999195337296,1,mppt
3.009999990463257,3.25,3,transition
7.46999979019165,0.03999999910593033,1,mppt
4.760000228881836,0.9599999785423279,1,mppt
6.130000114440918,0.30000001192092896,1,mppt
5.860000133514404,0.6600000262260437,1,mppt
4.909999847412109,0.029999999329447746,1,mppt
4.320000171661377,0.029999999329447746,1,mppt
5.210000038146973,1.0299999713897705,1,mppt
4.400000095367432,0.019999999552965164,1,mppt
3.950000047683716,0.019999999552965164,1,mppt
6.039999961853027,0.029999999329447746,1,mppt
4.570000171661377,0.009999999776482582,1,mppt
6.840000152587891,0.029999999329447746,1,mppt
5.139999866485596,0.10999999195337296,1,mppt
5.269999980926514,0.07999999821186066,1,mppt
5.260000228881836,0.07999999821186066,1,mppt
4.050000190734863,0.05000000074505806,1,mppt
4.730000019073486,0.44999995827674866,1,mppt
4.190000057220459,1.4800000190734863,1,mppt
6.119999885559082,-0.5899999737739563,1,mppt
5.849999904632568,0.1599999964237213,1,mppt
5.260000228881836,0.3799999952316284,1,mppt
4.96999979019165,0.013333332724869251,1,mppt
5.5,1.0099999904632568,1,mppt
7.789999961853027,0.009999999776482582,1,mppt
5.0,0.009999999776482582,1,mppt
4.949999809265137,0.009999999776482582,1,mppt
4.269999980926514,0.009999999776482582,1,mppt
5.300000190734863,0.009999999776482582,1,mppt
5.730000019073486,0.009999999776482582,1,mppt
4.809999942779541,0.009999999776482582,1,mppt
5.840000152587891,0.009999999776482582,1,mppt
5.909999847412109,0.009999999776482582,1,mppt
5.46999979019165,0.009999999776482582,1,mppt
4.760000228881836,-1.9900001287460327,1,mppt
8.0600004196167,-0.9900000095367432,1,mppt
5.139999866485596,0.009999999776482582,1,mppt
5.920000076293945,0.009999999776482582,1,mppt
5.739999771118164,0.009999999776482582,1,mppt
5.340000152587891,0.009999999776482582,1,mppt
4.730000019073486,0.009999999776482582,1,mppt
6.21999979019165,0.009999999776482582,1,mppt
6.360000133514404,0.009999999776482582,1,mppt
4.489999771118164,0.009999999776482582,1,mppt
5.369999885559082,0.009999999776482582,1,mppt
5.489999771118164,0.009999999776482582,1,mppt
5.519999980926514,0.009999999776482582,1,mppt
6.320000171661377,0.009999999776482582,1,mppt
4.789999961853027,0.009999999776482582,1,mppt
4.570000171661377,0.009999999776482582,1,mppt
5.059999942779541,0.009999999776482582,1,mppt
8.359999656677246,0.009999999776482582,1,mppt
5.869999885559082,0.009999999776482582,1,mppt
6.019999980926514,0.009999999776482582,1,mppt
6.039999961853027,0.009999999776482582,1,mppt
5.300000190734863,0.009999999776482582,1,mppt
4.880000114440918,0.009999999776482582,1,mppt
5.099999904632568,0.009999999776482582,1,mppt
5.28000020980835,0.009999999776482582,1,mppt
3.8499999046325684,0.009999999776482582,1,mppt
6.630000114440918,0.009999999776482582,1,mppt
6.159999847412109,0.013333332724869251,1,mppt
4.71999979019165,0.009999999776482582,1,mppt
7.920000076293945,0.009999999776482582,1,mppt
5.909999847412109,0.009999999776482582,1,mppt
8.699999809265137,0.04333333298563957,1,mppt
7.25,0.009999999776482582,1,mppt
5.690000057220459,0.009999999776482582,1,mppt
6.5,0.009999999776482582,1,mppt
5.789999961853027,0.009999999776482582,1,mppt
6.800000190734863,0.009999999776482582,1,mppt
6.769999980926514,0.009999999776482582,1,mppt
6.849999904632568,0.5099999904632568,1,mppt
5.639999866485596,0.026666665449738503,1,mppt
7.920000076293945,0.009999999776482582,1,mppt
5.989999771118164,0.009999999776482582,1,mppt
5.239999771118164,0.009999999776482582,1,mppt
5.730000019073486,-1.9900001287460327,1,mppt
5.489999771118164,0.009999999776482582,1,mppt
6.579999923706055,0.009999999776482582,1,mppt
6.139999866485596,0.009999999776482582,1,mppt
4.710000038146973,0.009999999776482582,1,mppt
9.720000267028809,0.04333333298563957,1,mppt
9.020000457763672,0.03333333507180214,1,mppt
5.75,0.009999999776482582,1,mppt
6.78000020980835,0.009999999776482582,1,mppt
4.980000019073486,0.009999999776482582,1,mppt
5.5,0.009999999776482582,1,mppt
5.190000057220459,0.009999999776482582,1,mppt
5.460000038146973,0.12999999523162842,1,mppt
7.679999828338623,0.03999999910593033,1,mppt
5.46999979019165,0.20000000298023224,1,mppt
8.329999923706055,0.009999999776482582,1,mppt
5.570000171661377,0.009999999776482582,1,mppt
4.909999847412109,0.009999999776482582,1,mppt
6.920000076293945,0.019999999552965164,1,mppt
5.050000190734863,0.009999999776482582,1,mppt
5.679999828338623,0.009999999776482582,1,mppt
6.070000171661377,0.013333332724869251,1,mppt
8.489999771118164,-0.8700000643730164,1,mppt
8.319999694824219,0.05999999865889549,1,mppt
8.270000457763672,0.25,1,mppt
7.050000190734863,0.009999999776482582,1,mppt
5.96999979019165,0.009999999776482582,1,mppt
9.3100004196167,0.49000000953674316,1,mppt
6.420000076293945,0.009999999776482582,1,mppt
8.8100004196167,90.3699951171875,3,transition
8.0600004196167,0.18000000715255737,1,mppt
7.130000114440918,0.009999999776482582,1,mppt
8.630000114440918,0.009999999776482582,1,mppt
7.090000152587891,0.019999999552965164,1,mppt
8.229999542236328,0.009999999776482582,1,mppt
8.229999542236328,0.013333332724869251,1,mppt
6.190000057220459,0.009999999776482582,1,mppt
8.050000190734863,0.019999999552965164,1,mppt
8.579999923706055,0.019999997690320015,1,mppt
6.170000076293945,0.009999999776482582,1,mppt
7.820000171661377,0.009999999776482582,1,mppt
6.900000095367432,0.009999999776482582,1,mppt
7.440000057220459,0.009999999776482582,1,mppt
7.150000095367432,0.009999999776482582,1,mppt
6.760000228881836,-0.9900000095367432,1,mppt
8.529999732971191,0.019999999552965164,1,mppt
9.010000228881836,0.07999999821186066,1,mppt
8.380000114440918,0.10999999195337296,1,mppt
6.440000057220459,0.009999999776482582,1,mppt
7.949999809265137,0.019999999552965164,1,mppt
8.619999885559082,0.07000000029802322,1,mppt
5.650000095367432,0.01666666567325592,1,mppt
7.340000152587891,0.009999999776482582,1,mppt
6.369999885559082,0.009999999776482582,1,mppt
9.210000038146973,0.029999999329447746,1,mppt
7.710000038146973,0.009999999776482582,1,mppt
8.0600004196167,0.029999999329447746,1,mppt
8.350000381469727,0.009999999776482582,1,mppt
7.110000133514404,0.009999999776482582,1,mppt
6.159999847412109,0.03333333134651184,1,mppt
6.0,0.013333332724869251,1,mppt
6.039999961853027,0.009999999776482582,1,mppt
5.71999979019165,0.009999999776482582,1,mppt
6.800000190734863,0.019999999552965164,1,mppt
5.730000019073486,0.009999999776482582,1,mppt
6.409999847412109,0.009999999776482582,1,mppt
7.400000095367432,0.019999999552965164,1,mppt
6.139999866485596,0.019999999552965164,1,mppt
5.960000038146973,0.01666666567325592,1,mppt
8.0600004196167,-0.49000000953674316,1,mppt
5.53000020980835,0.009999999776482582,1,mppt
6.920000076293945,0.013333332724869251,1,mppt
6.090000152587891,0.009999999776482582,1,mppt
6.170000076293945,0.013333332724869251,1,mppt
6.340000152587891,0.009999999776482582,1,mppt
6.150000095367432,0.009999999776482582,1,mppt
6.400000095367432,0.009999999776482582,1,mppt
6.199999809265137,0.009999999776482582,1,mppt
7.159999847412109,0.009999999776482582,1,mppt
6.360000133514404,0.009999999776482582,1,mppt
6.840000152587891,1.0099999904632568,1,mppt
6.489999771118164,0.009999999776482582,1,mppt
5.610000133514404,0.009999999776482582,1,mppt
6.989999771118164,0.009999999776482582,1,mppt
7.170000076293945,0.009999999776482582,1,mppt
7.880000114440918,-1.9866666793823242,1,mppt
6.300000190734863,0.029999999329447746,1,mppt
7.420000076293945,0.03333333507180214,1,mppt
6.519999980926514,0.019999999552965164,1,mppt
6.610000133514404,0.009999999776482582,1,mppt
7.409999847412109,0.05000000074505806,1,mppt
7.489999771118164,0.009999999776482582,1,mppt
6.159999847412109,0.009999999776482582,1,mppt
6.610000133514404,0.009999999776482582,1,mppt
6.929999828338623,0.6200000047683716,1,mppt
7.25,0.5600000023841858,1,mppt
6.829999923706055,0.5600000023841858,1,mppt
7.019999980926514,0.550000011920929,1,mppt
8.130000114440918,0.029999999329447746,1,mppt
7.039999961853027,0.026666665449738503,1,mppt
8.319999694824219,0.029999999329447746,1,mppt
8.0600004196167,0.013333332724869251,1,mppt
6.630000114440918,0.009999999776482582,1,mppt
6.900000095367432,0.009999999776482582,1,mppt
7.599999904632568,0.009999999776482582,1,mppt
6.670000076293945,0.01666666567325592,1,mppt
7.550000190734863,0.009999999776482582,1,mppt
7.050000190734863,0.01666666567325592,1,mppt
5.989999771118164,0.036666665226221085,1,mppt
8.020000457763672,0.009999999776482582,1,mppt
8.369999885559082,0.01666666567325592,1,mppt
7.300000190734863,0.009999999776482582,1,mppt
6.809999942779541,0.01666666567325592,1,mppt
5.860000133514404,0.009999999776482582,1,mppt
6.369999885559082,-1.9800000190734863,1,mppt
5.210000038146973,0.013333332724869251,1,mppt
5.059999942779541,0.009999999776482582,1,mppt
6.75,0.04000000283122063,1,mppt
6.610000133514404,-1.6100000143051147,1,mppt
6.019999980926514,0.01666666567325592,1,mppt
5.260000228881836,0.019999999552965164,1,mppt
5.199999809265137,0.009999999776482582,1,mppt
8.369999885559082,0.009999999776482582,1,mppt
6.389999866485596,0.009999999776482582,1,mppt
5.880000114440918,0.009999999776482582,1,mppt
7.329999923706055,0.009999999776482582,1,mppt
6.710000038146973,0.009999999776482582,1,mppt
8.010000228881836,0.009999999776482582,1,mppt
7.840000152587891,0.019999999552965164,1,mppt
9.109999656677246,2.3433332443237305,3,transition
7.630000114440918,2.2100000381469727,3,transition
8.760000228881836,6.420000076293945,3,transition
7.78000020980835,3.5399999618530273,3,transition
7.639999866485596,2.569999933242798,3,transition
7.619999885559082,1.7100000381469727,1,mppt
7.860000133514404,1.7100000381469727,1,mppt
7.590000152587891,1.0700000524520874,1,mppt
9.40999984741211,4.010000228881836,3,transition
7.730000019073486,4.909999847412109,3,transition
8.479999542236328,2.890000104904175,3,transition
9.5600004196167,6.400000095367432,3,transition
8.369999885559082,2.8499996662139893,3,transition
9.329999923706055,3.880000114440918,3,transition
9.270000457763672,-0.41999998688697815,1,mppt
9.199999809265137,1.7000001668930054,1,mppt
6.599999904632568,1.5499998331069946,1,mppt
8.9399995803833,1.690000057220459,1,mppt
9.119999885559082,0.18333333730697632,1,mppt
7.070000171661377,0.17000000178813934,1,mppt
7.800000190734863,0.4099999964237213,1,mppt
7.070000171661377,0.009999999776482582,1,mppt
9.529999732971191,0.19333332777023315,1,mppt
7.849999904632568,0.009999999776482582,1,mppt
6.139999866485596,0.009999999776482582,1,mppt
6.25,0.009999999776482582,1,mppt
7.019999980926514,0.009999999776482582,1,mppt
10.180000305175781,4.420000076293945,3,transition
8.890000343322754,0.20000000298023224,1,mppt
8.420000076293945,0.6000000238418579,1,mppt
6.5,0.6700000166893005,1,mppt
11.020000457763672,5.239999771118164,2,pitch_control
7.659999847412109,1.0099999904632568,1,mppt
10.859999656677246,3.4833335876464844,2,pitch_control
9.270000457763672,0.07999999821186066,1,mppt
10.8100004196167,3.259999990463257,2,pitch_control
7.070000171661377,0.4699999988079071,1,mppt
7.03000020980835,0.550000011920929,1,mppt
5.579999923706055,0.46000000834465027,1,mppt
9.609999656677246,0.5699999928474426,1,mppt
8.270000457763672,0.20999999344348907,1,mppt
8.960000038146973,0.5699999928474426,1,mppt
10.84000015258789,-1.409999966621399,3,transition
9.6899995803833,0.47999998927116394,1,mppt
9.109999656677246,0.6000000238418579,1,mppt
7.099999904632568,0.07000000029802322,1,mppt
10.170000076293945,4.349999904632568,3,transition
7.5,0.05999999865889549,1,mppt
10.470000267028809,3.9800002574920654,3,transition
8.229999542236328,0.15000000596046448,1,mppt
8.770000457763672,0.05000000074505806,1,mppt
11.140000343322754,5.050000190734863,2,pitch_control
9.079999923706055,0.12999999523162842,1,mppt
9.489999771118164,0.27000001072883606,1,mppt
8.890000343322754,0.33000001311302185,1,mppt
11.640000343322754,7.090000152587891,2,pitch_control
11.739999771118164,0.4399999678134918,3,transition
9.039999961853027,0.1899999976158142,1,mppt
8.65999984741211,-0.7799999713897705,1,mppt
12.069999694824219,6.829999923706055,2,pitch_control
9.489999771118164,0.30000001192092896,1,mppt
10.140000343322754,3.930000066757202,3,transition
10.949999809265137,9.630000114440918,2,pitch_control
9.0,0.12999999523162842,1,mppt
10.119999885559082,1.3899999856948853,1,mppt
8.039999961853027,0.05999999865889549,1,mppt
9.199999809265137,0.7300000190734863,1,mppt
7.570000171661377,0.3499999940395355,1,mppt
9.260000228881836,0.2800000011920929,1,mppt
8.6899995803833,0.07999999821186066,1,mppt
7.300000190734863,0.30000001192092896,1,mppt
8.920000076293945,0.9800000190734863,1,mppt
8.399999618530273,-0.8100000023841858,1,mppt
11.069999694824219,3.6500003337860107,2,pitch_control
7.710000038146973,-0.8799999356269836,1,mppt
6.860000133514404,1.2899999618530273,1,mppt
9.140000343322754,1.0499999523162842,1,mppt
8.079999923706055,-0.8833333849906921,1,mppt
8.680000305175781,3.890000104904175,3,transition
9.3100004196167,1.090000033378601,1,mppt
6.860000133514404,0.20000000298023224,1,mppt
7.389999866485596,-1.6166666746139526,1,mppt
7.25,0.23000000417232513,1,mppt
8.079999923706055,0.4233333170413971,1,mppt
8.390000343322754,0.9133333563804626,1,mppt
7.349999904632568,0.3799999952316284,1,mppt
10.430000305175781,2.9000003337860107,3,transition
8.449999809265137,0.17000000178813934,1,mppt
7.210000038146973,0.3866666555404663,1,mppt
6.75,0.18000000715255737,1,mppt
6.909999847412109,0.23999999463558197,1,mppt
7.510000228881836,0.3100000023841858,1,mppt
6.610000133514404,0.5600000023841858,1,mppt
8.579999923706055,0.949999988079071,1,mppt
6.690000057220459,0.89000004529953,1,mppt
7.75,0.6800000071525574,1,mppt
7.489999771118164,1.0099999904632568,1,mppt
6.809999942779541,0.029999999329447746,1,mppt
8.619999885559082,0.5699999928474426,1,mppt
10.75,4.610000133514404,2,pitch_control
10.329999923706055,3.1600000858306885,3,transition
6.449999809265137,0.009999999776482582,1,mppt
8.170000076293945,-1.9666666984558105,1,mppt
6.119999885559082,0.009999999776482582,1,mppt
5.440000057220459,0.036666665226221085,1,mppt
6.380000114440918,0.009999999776482582,1,mppt
7.940000057220459,0.01666666567325592,1,mppt
7.71999979019165,0.01666666567325592,1,mppt
6.190000057220459,0.009999999776482582,1,mppt
5.710000038146973,0.009999999776482582,1,mppt
7.539999961853027,0.05000000074505806,1,mppt
5.340000152587891,0.036666665226221085,1,mppt
6.71999979019165,0.01666666567325592,1,mppt
4.610000133514404,0.013333332724869251,1,mppt
5.590000152587891,0.013333332724869251,1,mppt
6.019999980926514,0.009999999776482582,1,mppt
5.940000057220459,0.009999999776482582,1,mppt
6.739999771118164,0.009999999776482582,1,mppt
7.610000133514404,-1.4866666793823242,1,mppt
7.71999979019165,0.013333332724869251,1,mppt
6.849999904632568,0.026666665449738503,1,mppt
6.159999847412109,0.009999999776482582,1,mppt
8.9399995803833,0.019999999552965164,1,mppt
8.40999984741211,0.009999999776482582,1,mppt
8.649999618530273,0.029999999329447746,1,mppt
8.609999656677246,0.01666666567325592,1,mppt
7.590000152587891,0.029999999329447746,1,mppt
6.019999980926514,0.019999999552965164,1,mppt
6.96999979019165,0.013333332724869251,1,mppt
8.199999809265137,0.009999999776482582,1,mppt
6.409999847412109,0.009999999776482582,1,mppt
10.520000457763672,6.559999942779541,2,pitch_control
9.800000190734863,0.6399999856948853,1,mppt
9.229999542236328,1.1799999475479126,1,mppt
9.079999923706055,0.15000000596046448,1,mppt
8.359999656677246,0.029999999329447746,1,mppt
10.630000114440918,5.829999923706055,2,pitch_control
10.920000076293945,4.75,2,pitch_control
9.220000267028809,2.81000018119812,3,transition
8.859999656677246,0.18666666746139526,1,mppt
8.0600004196167,0.27000001072883606,1,mppt
8.5600004196167,0.5,1,mppt
8.399999618530273,0.03999999910593033,1,mppt
9.819999694824219,2.9600000381469727,3,transition
4.659999847412109,0.009999999776482582,1,mppt
6.78000020980835,0.009999999776482582,1,mppt
4.739999771118164,0.009999999776482582,1,mppt
4.170000076293945,-0.009999999776482582,1,mppt
5.110000133514404,0.009999999776482582,1,mppt
5.369999885559082,0.006666666362434626,1,mppt
3.5799999237060547,-1.9900001287460327,1,mppt
4.650000095367432,0.009999999776482582,1,mppt
3.4800000190734863,0.009999999776482582,1,mppt
3.5399999618530273,0.009999999776482582,1,mppt
5.480000019073486,0.013333332724869251,1,mppt
4.940000057220459,0.009999999776482582,1,mppt
4.309999942779541,0.009999999776482582,1,mppt
3.509999990463257,0.009999999776482582,1,mppt
3.049999952316284,0.49000000953674316,1,mppt
3.640000104904175,0.009999999776482582,1,mppt
2.430000066757202,0.013333332724869251,0,idle
2.180000066757202,0.009999999776482582,0,idle
2.190000057220459,0.009999999776482582,0,idle
2.819999933242798,0.019999999552965164,0,idle
2.8299999237060547,0.03999999910593033,0,idle
4.230000019073486,0.026666665449738503,1,mppt
2.049999952316284,0.019999999552965164,0,idle
1.8300000429153442,0.009999999776482582,0,idle
1.7200000286102295,0.019999999552965164,0,idle
2.2200000286102295,0.030000001192092896,0,idle
2.700000047683716,0.019999999552965164,0,idle
2.880000114440918,0.009999999776482582,0,idle
3.4000000953674316,0.026666665449738503,1,mppt
2.690000057220459,0.009999999776482582,0,idle
3.1500000953674316,0.009999999776482582,1,mppt
2.4700000286102295,0.009999999776482582,0,idle
2.9200000762939453,0.009999999776482582,0,idle
4.25,0.5099999904632568,1,mppt
3.3399999141693115,0.03999999910593033,1,mppt
4.590000152587891,0.013333332724869251,1,mppt
3.880000114440918,-1.9600000381469727,1,mppt
3.009999990463257,0.01666666567325592,1,mppt
4.039999961853027,0.029999999329447746,1,mppt
4.059999942779541,0.019999999552965164,1,mppt
3.9800000190734863,0.03333333507180214,1,mppt
4.800000190734863,0.03999999910593033,1,mppt
5.320000171661377,0.02333333157002926,1,mppt
3.640000104904175,0.013333332724869251,1,mppt
5.210000038146973,-0.9900000095367432,1,mppt
5.760000228881836,0.02333333157002926,1,mppt
4.590000152587891,0.013333332724869251,1,mppt
5.539999961853027,0.009999999776482582,1,mppt
4.619999885559082,0.009999999776482582,1,mppt
3.130000114440918,-0.47333332896232605,1,mppt
4.099999904632568,0.03333333134651184,1,mppt
3.390000104904175,0.009999999776482582,1,mppt
4.730000019073486,-0.47999998927116394,1,mppt
3.630000114440918,0.03999999910593033,1,mppt
5.760000228881836,0.01666666567325592,1,mppt
4.210000038146973,0.009999999776482582,1,mppt
3.299999952316284,0.01666666567325592,1,mppt
3.180000066757202,0.013333332724869251,1,mppt
3.380000114440918,-1.909999966621399,1,mppt
3.140000104904175,0.01666666567325592,1,mppt
2.940000057220459,0.029999999329447746,0,idle
3.4600000381469727,0.01666666567325592,1,mppt
2.859999895095825,0.01666666567325592,0,idle
2.9600000381469727,0.046666666865348816,0,idle
2.8399999141693115,0.030000001192092896,0,idle
3.1600000858306885,0.009999999776482582,1,mppt
3.799999952316284,0.009999999776482582,1,mppt
3.4100000858306885,-1.9600000381469727,1,mppt
3.690000057220459,0.026666665449738503,1,mppt
3.4700000286102295,0.03333333134651184,1,mppt
3.2200000286102295,0.013333332724869251,1,mppt
2.809999942779541,0.046666666865348816,0,idle
2.5,0.029999999329447746,0,idle
1.4600000381469727,0.019999999552965164,0,idle
1.559999942779541,31.209999084472656,0,idle
2.5799999237060547,0.026666665449738503,0,idle
1.6299999952316284,0.009999999776482582,0,idle
1.9299999475479126,0.03333333507180214,0,idle
2.0,86.07666778564453,0,idle
2.2200000286102295,88.65666961669922,0,idle
1.8799999952316284,30.56333351135254,0,idle
2.3299999237060547,0.026666665449738503,0,idle
2.630000114440918,-1.9800000190734863,0,idle
2.2300000190734863,0.009999999776482582,0,idle
2.049999952316284,90.37999725341797,0,idle
1.690000057220459,0.029999999329447746,0,idle
1.559999942779541,0.01666666567325592,0,idle
1.2400000095367432,38.086666107177734,0,idle
1.3300000429153442,0.03999999910593033,0,idle
1.2799999713897705,90.36666870117188,0,idle
1.1399999856948853,89.8166732788086,0,idle
1.3300000429153442,90.3600082397461,0,idle
1.1799999475479126,90.13665771484375,0,idle
1.2300000190734863,87.9000015258789,0,idle
1.0299999713897705,85.44000244140625,0,idle
1.1299999952316284,89.663330078125,0,idle
1.309999942779541,90.37999725341797,0,idle
1.0800000429153442,89.663330078125,0,idle
1.2699999809265137,87.9000015258789,0,idle
1.2100000381469727,90.2733383178711,0,idle
1.059999942779541,85.37667083740234,0,idle
1.2599999904632568,90.24333953857422,0,idle
1.5,90.2833251953125,0,idle
1.4500000476837158,90.37667083740234,0,idle
1.690000057220459,85.87332916259766,0,idle
1.8700000047683716,85.87667083740234,0,idle
1.809999942779541,90.336669921875,0,idle
1.7999999523162842,89.57999420166016,0,idle
1.840000033378601,90.55999755859375,0,idle
2.109999895095825,90.20333862304688,0,idle
2.069999933242798,90.37667083740234,0,idle
2.5899999141693115,90.3600082397461,0,idle
1.7999999523162842,85.87332916259766,0,idle
2.759999990463257,90.02667236328125,0,idle
2.2100000381469727,86.07333374023438,0,idle
2.0799999237060547,90.23666381835938,0,idle
2.9800000190734863,88.38666534423828,0,idle
3.0299999713897705,82.07666778564453,3,transition
3.180000066757202,83.93334197998047,3,transition
2.700000047683716,19.44666862487793,0,idle
3.069999933242798,4.863333225250244,3,transition
3.140000104904175,11.720000267028809,3,transition
3.25,7.489999771118164,3,transition
2.9000000953674316,48.560001373291016,0,idle
3.5199999809265137,0.009999999776482582,1,mppt
3.7300000190734863,0.009999999776482582,1,mppt
4.199999809265137,0.009999999776482582,1,mppt
3.950000047683716,0.019999999552965164,1,mppt
3.9100000858306885,0.009999999776482582,1,mppt
4.630000114440918,0.009999999776482582,1,mppt
5.050000190734863,0.029999999329447746,1,mppt
6.039999961853027,0.009999999776482582,1,mppt
5.480000019073486,0.026666665449738503,1,mppt
5.429999828338623,0.01666666567325592,1,mppt
5.590000152587891,0.019999999552965164,1,mppt
4.579999923706055,0.03999999910593033,1,mppt
5.389999866485596,0.5400000214576721,1,mppt
5.400000095367432,0.06666666269302368,1,mppt
5.920000076293945,1.0199999809265137,1,mppt
5.429999828338623,0.009999999776482582,1,mppt
5.739999771118164,0.009999999776482582,1,mppt
5.650000095367432,1.0099999904632568,1,mppt
5.800000190734863,0.009999999776482582,1,mppt
6.010000228881836,0.009999999776482582,1,mppt
5.670000076293945,0.009999999776482582,1,mppt
5.550000190734863,0.009999999776482582,1,mppt
5.289999961853027,0.009999999776482582,1,mppt
6.21999979019165,1.0099999904632568,1,mppt
5.559999942779541,0.013333332724869251,1,mppt
6.380000114440918,0.009999999776482582,1,mppt
5.039999961853027,0.009999999776482582,1,mppt
5.630000114440918,0.009999999776482582,1,mppt
5.590000152587891,0.009999999776482582,1,mppt
5.940000057220459,-0.053333330899477005,1,mppt
4.840000152587891,0.009999999776482582,1,mppt
5.199999809265137,0.009999999776482582,1,mppt
4.800000190734863,0.009999999776482582,1,mppt
5.289999961853027,-1.9900001287460327,1,mppt
4.760000228881836,0.009999999776482582,1,mppt
4.940000057220459,0.023333333432674408,1,mppt
4.559999942779541,0.009999999776482582,1,mppt
5.050000190734863,0.009999999776482582,1,mppt
4.75,0.009999999776482582,1,mppt
5.539999961853027,0.009999999776482582,1,mppt
4.849999904632568,0.009999999776482582,1,mppt
4.570000171661377,0.009999999776482582,1,mppt
5.320000171661377,1.0099999904632568,1,mppt
5.28000020980835,0.009999999776482582,1,mppt
4.070000171661377,0.009999999776482582,1,mppt
4.400000095367432,0.009999999776482582,1,mppt
4.03000020980835,0.009999999776482582,1,mppt
5.010000228881836,0.009999999776482582,1,mppt
3.200000047683716,0.019999999552965164,1,mppt
3.200000047683716,0.009999999776482582,1,mppt
3.299999952316284,0.009999999776482582,1,mppt
3.200000047683716,0.009999999776482582,1,mppt
3.609999895095825,-0.49000000953674316,1,mppt
3.0199999809265137,0.009999999776482582,1,mppt
3.2799999713897705,0.009999999776482582,1,mppt
2.200000047683716,0.019999999552965164,0,idle
2.4000000953674316,0.01666666567325592,0,idle
3.7799999713897705,0.019999999552965164,1,mppt
2.5,0.019999999552965164,0,idle
2.6500000953674316,0.019999999552965164,0,idle
3.430000066757202,0.009999999776482582,1,mppt
2.7100000381469727,0.009999999776482582,0,idle
3.130000114440918,0.03999999910593033,1,mppt
2.940000057220459,0.009999999776482582,0,idle
3.069999933242798,0.03999999910593033,1,mppt
2.0899999141693115,0.026666665449738503,0,idle
2.5899999141693115,0.019999999552965164,0,idle
2.5399999618530273,0.013333332724869251,0,idle
1.840000033378601,0.013333332724869251,0,idle
2.490000009536743,0.026666665449738503,0,idle
2.25,0.029999999329447746,0,idle
2.140000104904175,0.029999999329447746,0,idle
1.809999942779541,42.10333251953125,0,idle
1.1299999952316284,10.489999771118164,0,idle
3.2300000190734863,0.013333332724869251,1,mppt
3.549999952316284,0.029999999329447746,1,mppt
2.2799999713897705,90.0966567993164,0,idle
2.6600000858306885,0.026666665449738503,0,idle
4.679999828338623,0.03999999910593033,1,mppt
2.9800000190734863,1.0099999904632568,0,idle
2.0799999237060547,8.710000038146973,0,idle
3.0399999618530273,0.013333332724869251,1,mppt
1.940000057220459,41.543331146240234,0,idle
3.619999885559082,0.009999999776482582,1,mppt
4.010000228881836,0.009999999776482582,1,mppt
1.6699999570846558,86.0333251953125,0,idle
2.940000057220459,0.013333332724869251,0,idle
3.0399999618530273,90.30333709716797,3,transition
2.1600000858306885,85.87332916259766,0,idle
1.190000057220459,0.03999999910593033,0,idle
3.2799999713897705,29.56333351135254,3,transition
2.7100000381469727,82.09667205810547,0,idle
2.319999933242798,85.37332916259766,0,idle
3.299999952316284,0.029999999329447746,1,mppt
3.1600000858306885,0.009999999776482582,1,mppt
3.0199999809265137,3.4100000858306885,3,transition
1.2100000381469727,19.16666603088379,0,idle
2.559999942779541,0.009999999776482582,0,idle
3.950000047683716,0.013333332724869251,1,mppt
2.930000066757202,0.009999999776482582,0,idle
5.21999979019165,0.03333333134651184,1,mppt
1.850000023841858,85.88666534423828,0,idle
4.929999828338623,0.01666666567325592,1,mppt
1.8899999856948853,90.30333709716797,0,idle
3.7899999618530273,0.01666666567325592,1,mppt
2.890000104904175,0.009999999776482582,0,idle
3.049999952316284,0.029999999329447746,1,mppt
5.25,-0.9666666984558105,1,mppt
3.1700000762939453,0.009999999776482582,1,mppt
2.140000104904175,90.3166732788086,0,idle
5.510000228881836,0.009999999776482582,1,mppt
3.5399999618530273,0.009999999776482582,1,mppt
3.3499999046325684,0.009999999776482582,1,mppt
2.8299999237060547,0.009999999776482582,0,idle
4.599999904632568,0.009999999776482582,1,mppt
2.640000104904175,61.65333557128906,0,idle
2.2899999618530273,90.37332916259766,0,idle
2.369999885559082,0.03999999910593033,0,idle
3.8299999237060547,0.009999999776482582,1,mppt
3.4600000381469727,0.013333332724869251,1,mppt
3.390000104904175,0.009999999776482582,1,mppt
1.75,0.029999999329447746,0,idle
1.8899999856948853,0.009999999776482582,0,idle
2.2100000381469727,0.009999999776482582,0,idle
4.320000171661377,-0.9666666984558105,1,mppt
1.909999966621399,0.04000000283122063,0,idle
2.5899999141693115,0.03999999910593033,0,idle
1.6100000143051147,0.009999999776482582,0,idle
1.7999999523162842,30.219999313354492,0,idle
3.119999885559082,90.28667449951172,3,transition
1.0199999809265137,89.95000457763672,0,idle
1.2400000095367432,90.01333618164062,0,idle
1.350000023841858,0.009999999776482582,0,idle
1.4299999475479126,90.82666778564453,0,idle
1.4600000381469727,0.009999999776482582,0,idle
2.200000047683716,-1.96999990940094,0,idle
2.5999999046325684,90.35999298095703,0,idle
1.0499999523162842,90.336669921875,0,idle
1.4500000476837158,0.009999999776482582,0,idle
1.0,89.95999908447266,0,idle
1.0800000429153442,90.28667449951172,0,idle
0.9399999976158142,90.30333709716797,0,idle
1.7400000095367432,90.37667083740234,0,idle
0.6299999952316284,90.30999755859375,0,idle
1.1399999856948853,89.72332763671875,0,idle
1.7899999618530273,90.3800048828125,0,idle
1.6799999475479126,90.3066635131836,0,idle
1.5099999904632568,90.3166732788086,0,idle
2.299999952316284,90.34333038330078,0,idle
1.7799999713897705,89.6399917602539,0,idle
2.180000066757202,89.96666717529297,0,idle
2.7899999618530273,89.68000030517578,0,idle
1.590000033378601,89.6399917602539,0,idle
1.8600000143051147,90.336669921875,0,idle
1.7699999809265137,89.68000030517578,0,idle
2.0899999141693115,90.1433334350586,0,idle
1.2599999904632568,90.17333984375,0,idle
1.0299999713897705,89.55999755859375,0,idle
1.5700000524520874,85.9566650390625,0,idle
1.659999966621399,90.36333465576172,0,idle
1.6699999570846558,90.38333892822266,0,idle
1.690000057220459,89.75666046142578,0,idle
1.6299999952316284,90.23666381835938,0,idle
1.399999976158142,90.82666778564453,0,idle
1.590000033378601,89.7266616821289,0,idle
1.7000000476837158,89.95999908447266,0,idle
1.3799999952316284,89.85000610351562,0,idle
1.850000023841858,90.30333709716797,0,idle
1.25,90.26000213623047,0,idle
1.4500000476837158,90.37999725341797,0,idle
1.4800000190734863,90.30999755859375,0,idle
1.2999999523162842,90.36333465576172,0,idle
1.0299999713897705,90.3699951171875,0,idle
1.5199999809265137,89.96666717529297,0,idle
1.4299999475479126,90.33999633789062,0,idle
1.2999999523162842,90.15666961669922,0,idle
1.4500000476837158,86.0966567993164,0,idle
1.3600000143051147,90.26000213623047,0,idle
1.659999966621399,90.26000213623047,0,idle
1.559999942779541,89.72332763671875,0,idle
1.6799999475479126,90.07333374023438,0,idle
1.4500000476837158,90.37999725341797,0,idle
1.2200000286102295,90.36333465576172,0,idle
1.600000023841858,87.91000366210938,0,idle
0.8100000023841858,83.88666534423828,0,idle
0.7400000095367432,90.3166732788086,0,idle
0.8399999737739563,90.3699951171875,0,idle
1.8899999856948853,90.32999420166016,0,idle
1.0299999713897705,90.25333404541016,0,idle
1.0,90.37999725341797,0,idle
0.8600000143051147,89.94998931884766,0,idle
1.0700000524520874,90.55999755859375,0,idle
1.3899999856948853,87.9800033569336,0,idle
1.3300000429153442,90.28667449951172,0,idle
1.149999976158142,90.27667236328125,0,idle
1.309999942779541,87.9800033569336,0,idle
1.190000057220459,85.4800033569336,0,idle
1.5800000429153442,90.3800048828125,0,idle
1.0,90.60333251953125,0,idle
1.059999942779541,89.9433364868164,0,idle
1.0399999618530273,90.37667083740234,0,idle
0.9200000166893005,90.15666961669922,0,idle
0.800000011920929,89.55999755859375,0,idle
1.659999966621399,90.33999633789062,0,idle
1.7000000476837158,-0.49000000953674316,0,idle
0.7300000190734863,90.26000213623047,0,idle
0.9700000286102295,85.4800033569336,0,idle
1.1399999856948853,90.01333618164062,0,idle
1.840000033378601,90.36333465576172,0,idle
0.6299999952316284,90.2166748046875,0,idle
0.25,89.7733383178711,0,idle
1.7200000286102295,89.98333740234375,0,idle
1.5,85.90332794189453,0,idle
1.9600000381469727,83.8066635131836,0,idle
0.8299999833106995,90.3166732788086,0,idle
1.350000023841858,90.34333038330078,0,idle
0.7699999809265137,90.32999420166016,0,idle
1.6399999856948853,85.37332916259766,0,idle
0.3499999940395355,90.35333251953125,0,idle
1.2200000286102295,90.30333709716797,0,idle
0.6200000047683716,89.6399917602539,0,idle
0.9300000071525574,89.8899917602539,0,idle
1.8799999952316284,89.86666870117188,0,idle
2.799999952316284,69.04000091552734,0,idle
1.4800000190734863,90.37667083740234,0,idle
1.9500000476837158,90.33999633789062,0,idle
1.5399999618530273,90.086669921875,0,idle
1.6799999475479126,90.01000213623047,0,idle
1.309999942779541,90.38333129882812,0,idle
1.850000023841858,90.30001068115234,0,idle
2.180000066757202,90.36666107177734,0,idle
1.9700000286102295,83.88666534423828,0,idle
2.1700000762939453,89.6399917602539,0,idle
2.390000104904175,89.46666717529297,0,idle
2.619999885559082,68.30999755859375,0,idle
2.569999933242798,83.88666534423828,0,idle
1.690000057220459,89.72332763671875,0,idle
1.5700000524520874,90.27999877929688,0,idle
1.6200000047683716,0.009999999776482582,0,idle
1.3300000429153442,6.260000228881836,0,idle
0.5400000214576721,90.3566665649414,0,idle
0.14000000059604645,90.07999420166016,0,idle
0.7400000095367432,90.01333618164062,0,idle
0.7300000190734863,90.37332916259766,0,idle
2.0799999237060547,90.06999969482422,0,idle
0.5299999713897705,83.9566650390625,0,idle
1.090000033378601,83.97333526611328,0,idle
0.8899999856948853,90.07999420166016,0,idle
1.059999942779541,85.4800033569336,0,idle
0.9700000286102295,85.87999725341797,0,idle
1.2899999618530273,90.37999725341797,0,idle
0.75,90.3499984741211,0,idle
1.2599999904632568,87.9800033569336,0,idle
2.4100000858306885,90.37667083740234,0,idle
2.0999999046325684,90.32999420166016,0,idle
2.4100000858306885,23.100000381469727,0,idle
1.5499999523162842,90.3133316040039,0,idle
1.809999942779541,90.37999725341797,0,idle
2.619999885559082,0.009999999776482582,0,idle
1.8899999856948853,90.37999725341797,0,idle
3.6700000762939453,0.009999999776482582,1,mppt
1.2799999713897705,90.2699966430664,0,idle
2.5999999046325684,90.336669921875,0,idle
2.9800000190734863,10.539999961853027,0,idle
2.0899999141693115,90.27667236328125,0,idle
1.600000023841858,90.02667236328125,0,idle
1.8899999856948853,90.37999725341797,0,idle
1.7400000095367432,90.37667083740234,0,idle
1.3600000143051147,90.1433334350586,0,idle
1.409999966621399,83.47000122070312,0,idle
2.440000057220459,0.009999999776482582,0,idle
2.390000104904175,0.009999999776482582,0,idle
0.4399999976158142,90.32666015625,0,idle
0.3799999952316284,90.37332916259766,0,idle
2.5199999809265137,89.6866683959961,0,idle
1.0099999904632568,89.67000579833984,0,idle
0.4099999964237213,90.22332763671875,0,idle
0.9900000095367432,90.32666778564453,0,idle
2.4200000762939453,0.009999999776482582,0,idle
1.8700000047683716,90.3166732788086,0,idle
0.4000000059604645,89.663330078125,0,idle
0.2800000011920929,88.1500015258789,0,idle
1.0800000429153442,90.28333282470703,0,idle
0.28999999165534973,90.27667236328125,0,idle
1.0199999809265137,90.3133316040039,0,idle
1.7000000476837158,89.67333984375,0,idle
0.9300000071525574,83.98333740234375,0,idle
0.8899999856948853,85.31000518798828,0,idle
0.949999988079071,90.22332763671875,0,idle
1.5399999618530273,90.32999420166016,0,idle
1.100000023841858,90.3800048828125,0,idle
1.2599999904632568,89.6066665649414,0,idle
1.5299999713897705,90.336669921875,0,idle
1.2400000095367432,89.7266616821289,0,idle
1.2200000286102295,90.3166732788086,0,idle
1.2400000095367432,85.37332916259766,0,idle
1.5099999904632568,90.37332916259766,0,idle
1.0099999904632568,90.07999420166016,0,idle
0.9100000262260437,90.37667083740234,0,idle
0.8100000023841858,90.32000732421875,0,idle
1.2100000381469727,90.37332916259766,0,idle
1.0399999618530273,90.37332916259766,0,idle
0.9900000095367432,90.3699951171875,0,idle
0.5299999713897705,90.2933349609375,0,idle
1.100000023841858,90.32333374023438,0,idle
0.6700000166893005,90.37332916259766,0,idle
0.9800000190734863,90.57666015625,0,idle
1.0399999618530273,90.36333465576172,0,idle
1.0499999523162842,89.74333953857422,0,idle
0.9399999976158142,85.93000030517578,0,idle
1.3600000143051147,90.1433334350586,0,idle
1.3600000143051147,90.336669921875,0,idle
1.309999942779541,88.1500015258789,0,idle
1.75,90.33333587646484,0,idle
1.4600000381469727,90.32999420166016,0,idle
1.1699999570846558,83.98333740234375,0,idle
1.3700000047683716,90.37332916259766,0,idle
1.1100000143051147,90.32000732421875,0,idle
1.3200000524520874,90.3699951171875,0,idle
0.800000011920929,89.62667083740234,0,idle
0.8600000143051147,90.37667083740234,0,idle
0.8899999856948853,85.31000518798828,0,idle
1.0099999904632568,90.35333251953125,0,idle
1.0,90.33333587646484,0,idle
0.7900000214576721,90.22333526611328,0,idle
0.9800000190734863,90.57666015625,0,idle
1.0199999809265137,83.97333526611328,0,idle
1.2000000476837158,88.3800048828125,0,idle
1.0099999904632568,90.3566665649414,0,idle
1.2200000286102295,90.37667083740234,0,idle
1.159999966621399,89.92000579833984,0,idle
1.1799999475479126,90.30999755859375,0,idle
1.2899999618530273,90.32666778564453,0,idle
1.3600000143051147,90.00667572021484,0,idle
1.2300000190734863,89.9766616821289,0,idle
1.2999999523162842,86.29666137695312,0,idle
1.6399999856948853,86.13333892822266,0,idle
1.2599999904632568,85.4800033569336,0,idle
1.6200000047683716,90.37999725341797,0,idle
1.590000033378601,90.3699951171875,0,idle
1.7200000286102295,90.37667083740234,0,idle
1.8799999952316284,90.57666015625,0,idle
1.3200000524520874,83.97333526611328,0,idle
1.6799999475479126,90.3133316040039,0,idle
1.7699999809265137,89.98666381835938,0,idle
1.75,90.11666107177734,0,idle
1.8200000524520874,90.37332916259766,0,idle
1.6100000143051147,89.7266616821289,0,idle
1.350000023841858,85.37332916259766,0,idle
1.0299999713897705,89.86666870117188,0,idle
1.4900000095367432,90.37667083740234,0,idle
0.8999999761581421,89.86666870117188,0,idle
1.2599999904632568,89.67333984375,0,idle
1.649999976158142,90.0333251953125,0,idle
0.7300000190734863,90.07999420166016,0,idle
1.190000057220459,90.37999725341797,0,idle
0.9200000166893005,90.07999420166016,0,idle
1.0199999809265137,90.30333709716797,0,idle
0.7599999904632568,90.27667236328125,0,idle
1.0,90.1433334350586,0,idle
0.9900000095367432,90.36666870117188,0,idle
0.8700000047683716,85.93000030517578,0,idle
1.309999942779541,89.62667083740234,0,idle
1.4600000381469727,90.57999420166016,0,idle
0.9300000071525574,90.02667236328125,0,idle
0.9300000071525574,89.663330078125,0,idle
1.1699999570846558,89.7300033569336,0,idle
1.3899999856948853,90.37332916259766,0,idle
1.0,83.98333740234375,0,idle
1.6399999856948853,90.37332916259766,0,idle
1.4600000381469727,90.336669921875,0,idle
1.4199999570846558,90.20999908447266,0,idle
1.350000023841858,90.22332763671875,0,idle
1.559999942779541,90.36333465576172,0,idle
1.6699999570846558,90.37332916259766,0,idle
1.6100000143051147,90.02667236328125,0,idle
1.75,90.37332916259766,0,idle
1.7400000095367432,90.07999420166016,0,idle
2.440000057220459,89.89999389648438,0,idle
1.8899999856948853,90.37332916259766,0,idle
2.2100000381469727,90.30999755859375,0,idle
2.5199999809265137,90.37332916259766,0,idle
3.4000000953674316,22.7933349609375,3,transition
3.9000000953674316,0.009999999776482582,1,mppt
4.730000019073486,0.009999999776482582,1,mppt
2.2799999713897705,0.009999999776482582,0,idle
3.2100000381469727,0.009999999776482582,1,mppt
4.53000020980835,0.009999999776482582,1,mppt
2.799999952316284,0.009999999776482582,0,idle
3.240000009536743,0.019999999552965164,1,mppt
3.450000047683716,0.009999999776482582,1,mppt
3.9200000762939453,0.009999999776482582,1,mppt
4.539999961853027,0.009999999776482582,1,mppt
4.900000095367432,0.009999999776482582,1,mppt
5.300000190734863,0.009999999776482582,1,mppt
6.449999809265137,0.009999999776482582,1,mppt
6.659999847412109,0.009999999776482582,1,mppt
5.210000038146973,0.009999999776482582,1,mppt
6.659999847412109,0.009999999776482582,1,mppt
5.739999771118164,0.009999999776482582,1,mppt
8.8100004196167,0.009999999776482582,1,mppt
4.909999847412109,0.009999999776482582,1,mppt
5.28000020980835,0.009999999776482582,1,mppt
5.559999942779541,0.009999999776482582,1,mppt
6.710000038146973,0.009999999776482582,1,mppt
5.840000152587891,0.009999999776482582,1,mppt
5.739999771118164,0.009999999776482582,1,mppt
5.119999885559082,0.009999999776482582,1,mppt
6.070000171661377,0.009999999776482582,1,mppt
6.989999771118164,0.009999999776482582,1,mppt
6.840000152587891,0.009999999776482582,1,mppt
6.699999809265137,0.009999999776482582,1,mppt
5.150000095367432,0.009999999776482582,1,mppt
7.099999904632568,0.019999999552965164,1,mppt
7.269999980926514,0.009999999776482582,1,mppt
8.020000457763672,0.009999999776482582,1,mppt
6.96999979019165,0.009999999776482582,1,mppt
7.460000038146973,0.009999999776482582,1,mppt
5.809999942779541,0.009999999776482582,1,mppt
6.679999828338623,0.009999999776482582,1,mppt
6.25,0.009999999776482582,1,mppt
7.519999980926514,0.009999999776482582,1,mppt
5.059999942779541,0.009999999776482582,1,mppt
6.119999885559082,0.009999999776482582,1,mppt
6.039999961853027,0.009999999776482582,1,mppt
6.920000076293945,-1.9900001287460327,1,mppt
6.630000114440918,0.009999999776482582,1,mppt
8.319999694824219,1.559999942779541,1,mppt
6.820000171661377,1.850000023841858,1,mppt
6.269999980926514,2.2200000286102295,3,transition
6.360000133514404,1.7599998712539673,1,mppt
7.760000228881836,4.690000057220459,3,transition
8.970000267028809,4.690000057220459,3,transition
6.380000114440918,1.9800000190734863,1,mppt
7.869999885559082,2.7799999713897705,3,transition
7.869999885559082,1.6699999570846558,1,mppt
7.650000095367432,5.25,3,transition
7.369999885559082,4.559999942779541,3,transition
8.100000381469727,0.6200000047683716,1,mppt
9.609999656677246,0.009999999776482582,1,mppt
6.690000057220459,0.009999999776482582,1,mppt
9.5,0.05000000074505806,1,mppt
7.360000133514404,0.009999999776482582,1,mppt
9.6899995803833,0.009999999776482582,1,mppt
8.369999885559082,0.029999999329447746,1,mppt
9.8100004196167,3.4000003337860107,3,transition
6.429999828338623,0.009999999776482582,1,mppt
6.579999923706055,0.009999999776482582,1,mppt
7.070000171661377,0.009999999776482582,1,mppt
10.529999732971191,0.15000000596046448,3,transition
7.579999923706055,0.01666666567325592,1,mppt
8.149999618530273,0.019999999552965164,1,mppt
7.150000095367432,0.009999999776482582,1,mppt
5.110000133514404,0.009999999776482582,1,mppt
6.380000114440918,0.01666666567325592,1,mppt
9.239999771118164,0.9100000262260437,1,mppt
5.909999847412109,0.009999999776482582,1,mppt
7.670000076293945,1.0099999904632568,1,mppt
9.289999961853027,0.8100000023841858,1,mppt
7.78000020980835,0.9800000190734863,1,mppt
6.570000171661377,1.0800000429153442,1,mppt
6.829999923706055,-0.8999999165534973,1,mppt
8.829999923706055,0.8100000023841858,1,mppt
7.949999809265137,0.43333330750465393,1,mppt
7.420000076293945,0.11999999731779099,1,mppt
6.610000133514404,0.3566666841506958,1,mppt
9.289999961853027,0.5799999833106995,1,mppt
8.569999694824219,0.7300000190734863,1,mppt
10.25,4.71999979019165,3,transition
8.779999732971191,0.75,1,mppt
9.359999656677246,2.059999942779541,3,transition
8.029999732971191,0.03999999910593033,1,mppt
6.929999828338623,0.7599999904632568,1,mppt
9.1899995803833,0.05000000074505806,1,mppt
6.340000152587891,0.23000000417232513,1,mppt
9.699999809265137,3.2699997425079346,3,transition
6.920000076293945,1.2699999809265137,1,mppt
7.909999847412109,0.029999999329447746,1,mppt
7.25,1.5700000524520874,1,mppt
7.099999904632568,0.3400000035762787,1,mppt
7.039999961853027,0.20999999344348907,1,mppt
6.820000171661377,0.54666668176651,1,mppt
7.170000076293945,0.6000000238418579,1,mppt
6.670000076293945,0.47999998927116394,1,mppt
8.380000114440918,0.019999999552965164,1,mppt
7.800000190734863,0.3700000047683716,1,mppt
5.320000171661377,0.7400000095367432,1,mppt
6.159999847412109,0.8100000023841858,1,mppt
5.75,0.8799999356269836,1,mppt
9.460000038146973,1.1399999856948853,1,mppt
5.079999923706055,1.0299999713897705,1,mppt
5.989999771118164,16.823333740234375,3,transition
9.539999961853027,1.8200000524520874,1,mppt
6.590000152587891,0.9800000190734863,1,mppt
7.78000020980835,0.7300000190734863,1,mppt
6.980000019073486,1.7000001668930054,1,mppt
10.239999771118164,5.320000171661377,3,transition
8.729999542236328,2.740000009536743,3,transition
7.900000095367432,3.640000104904175,3,transition
9.300000190734863,6.059999942779541,3,transition
9.5600004196167,0.6000000238418579,1,mppt
9.510000228881836,0.8500000834465027,1,mppt
6.119999885559082,0.1599999964237213,1,mppt
5.960000038146973,0.3700000047683716,1,mppt
5.929999828338623,0.009999999776482582,1,mppt
6.25,0.019999999552965164,1,mppt
6.690000057220459,0.019999999552965164,1,mppt
6.960000038146973,0.013333332724869251,1,mppt
5.760000228881836,0.009999999776482582,1,mppt
7.380000114440918,0.013333332724869251,1,mppt
6.119999885559082,0.019999999552965164,1,mppt
6.429999828338623,0.01666666567325592,1,mppt
5.0,0.019999999552965164,1,mppt
8.609999656677246,0.029999999329447746,1,mppt
4.519999980926514,0.019999999552965164,1,mppt
4.670000076293945,0.026666665449738503,1,mppt
4.880000114440918,0.019999999552965164,1,mppt
6.210000038146973,-0.1666666716337204,1,mppt
7.239999771118164,0.009999999776482582,1,mppt
8.1899995803833,0.026666665449738503,1,mppt
7.369999885559082,0.019999999552965164,1,mppt
7.289999961853027,0.01666666567325592,1,mppt
7.389999866485596,0.019999999552965164,1,mppt
8.199999809265137,0.009999999776482582,1,mppt
6.739999771118164,0.019999999552965164,1,mppt
7.380000114440918,-1.4900001287460327,1,mppt
5.809999942779541,0.019999999552965164,1,mppt
7.070000171661377,0.009999999776482582,1,mppt
6.5,0.019999999552965164,1,mppt
7.679999828338623,0.009999999776482582,1,mppt
6.880000114440918,0.01666666567325592,1,mppt
6.610000133514404,0.009999999776482582,1,mppt
6.079999923706055,0.019999999552965164,1,mppt
4.079999923706055,0.019999999552965164,1,mppt
7.0,0.029999999329447746,1,mppt
6.309999942779541,0.029999999329447746,1,mppt
6.179999828338623,0.019999999552965164,1,mppt
5.309999942779541,0.03999999910593033,1,mppt
3.9100000858306885,0.029999999329447746,1,mppt
3.950000047683716,0.03999999910593033,1,mppt
5.340000152587891,0.03333333134651184,1,mppt
2.9100000858306885,0.03999999910593033,0,idle
1.899999976158142,3.3499996662139893,0,idle
1.309999942779541,37.61666488647461,0,idle
1.5399999618530273,0.23000000417232513,0,idle
1.3700000047683716,90.36333465576172,0,idle
1.190000057220459,90.07333374023438,0,idle
2.700000047683716,-0.47999998927116394,0,idle
2.6700000762939453,0.029999999329447746,0,idle
1.399999976158142,0.03999999910593033,0,idle
1.4299999475479126,0.05000000074505806,0,idle
1.5099999904632568,90.0633316040039,0,idle
1.1200000047683716,90.34667205810547,0,idle
0.7799999713897705,83.88333129882812,0,idle
0.6700000166893005,83.84333038330078,0,idle
0.6700000166893005,83.44666290283203,0,idle
0.3700000047683716,90.26333618164062,0,idle
0.25999999046325684,89.7733383178711,0,idle
0.6600000262260437,90.34000396728516,0,idle
1.149999976158142,90.36333465576172,0,idle
0.8600000143051147,90.3133316040039,0,idle
1.2000000476837158,90.24332427978516,0,idle
1.7799999713897705,90.36333465576172,0,idle
1.899999976158142,86.23333740234375,0,idle
2.619999885559082,90.26333618164062,0,idle
2.4700000286102295,90.37332916259766,0,idle
3.5399999618530273,89.97333526611328,3,transition
4.550000190734863,89.90332794189453,3,transition
3.2899999618530273,90.27667236328125,3,transition
4.71999979019165,68.16333770751953,3,transition
1.8899999856948853,0.026666665449738503,0,idle
1.8700000047683716,0.02333333157002926,0,idle
3.0,0.019999999552965164,1,mppt
5.099999904632568,-0.89000004529953,1,mppt
4.570000171661377,0.029999999329447746,1,mppt
4.510000228881836,5.6999993324279785,3,transition
3.9800000190734863,3.93999981880188,3,transition
5.090000152587891,19.246665954589844,3,transition
5.760000228881836,12.140000343322754,3,transition
3.8499999046325684,1.0166666507720947,1,mppt
2.059999942779541,0.009999999776482582,0,idle
1.9700000286102295,0.009999999776482582,0,idle
2.630000114440918,0.026666665449738503,0,idle
1.690000057220459,0.013333332724869251,0,idle
1.399999976158142,0.009999999776482582,0,idle
1.2400000095367432,36.2166633605957,0,idle
1.690000057220459,-0.3700000047683716,0,idle
1.4299999475479126,0.46000000834465027,0,idle
1.0399999618530273,89.67666625976562,0,idle
1.2200000286102295,60.529998779296875,0,idle
1.0299999713897705,89.72333526611328,0,idle
0.7400000095367432,90.2300033569336,0,idle
0.7200000286102295,90.163330078125,0,idle
1.5499999523162842,90.34667205810547,0,idle
1.3799999952316284,90.37332916259766,0,idle
1.0199999809265137,90.36666107177734,0,idle
1.0800000429153442,89.63333129882812,0,idle
1.5299999713897705,90.3699951171875,0,idle
1.2699999809265137,83.80999755859375,0,idle
2.0999999046325684,90.36666107177734,0,idle
1.2300000190734863,89.97332763671875,0,idle
0.5099999904632568,89.67000579833984,0,idle
0.8500000238418579,90.37667083740234,0,idle
0.6600000262260437,90.37332916259766,0,idle
0.7900000214576721,90.36333465576172,0,idle
0.8999999761581421,89.9866714477539,0,idle
0.8399999737739563,90.28665924072266,0,idle
0.6800000071525574,90.38333129882812,0,idle
1.100000023841858,83.43334197998047,0,idle
0.9800000190734863,90.36666107177734,0,idle
1.340000033378601,90.29000091552734,0,idle
1.2400000095367432,90.1933364868164,0,idle
1.5099999904632568,90.62332916259766,0,idle
1.409999966621399,90.30999755859375,0,idle
1.559999942779541,90.0300064086914,0,idle
1.6200000047683716,89.94000244140625,0,idle
1.7699999809265137,89.9866714477539,0,idle
1.840000033378601,90.36666870117188,0,idle
1.840000033378601,89.5999984741211,0,idle
1.590000033378601,90.34667205810547,0,idle
1.440000057220459,85.88333129882812,0,idle
2.0799999237060547,83.77333068847656,0,idle
1.559999942779541,90.3499984741211,0,idle
1.840000033378601,90.3133316040039,0,idle
1.909999966621399,89.63333129882812,0,idle
1.9299999475479126,85.88333129882812,0,idle
1.8899999856948853,90.30333709716797,0,idle
1.5099999904632568,90.32666015625,0,idle
1.909999966621399,89.98332977294922,0,idle
2.069999933242798,89.67666625976562,0,idle
2.119999885559082,90.37000274658203,0,idle
2.690000057220459,85.60999298095703,0,idle
2.200000047683716,85.83333587646484,0,idle
2.490000009536743,90.31999969482422,0,idle
3.259999990463257,10.013333320617676,3,transition
3.2100000381469727,0.8199999928474426,1,mppt
2.75,12.00999927520752,0,idle
3.1700000762939453,22.590002059936523,3,transition
3.950000047683716,0.009999999776482582,1,mppt
3.0299999713897705,-0.49000000953674316,1,mppt
2.569999933242798,0.009999999776482582,0,idle
2.7300000190734863,0.009999999776482582,0,idle
2.680000066757202,0.009999999776482582,0,idle
2.8399999141693115,0.009999999776482582,0,idle
2.0,64.99666595458984,0,idle
2.619999885559082,0.009999999776482582,0,idle
2.759999990463257,0.009999999776482582,0,idle
2.4200000762939453,0.009999999776482582,0,idle
2.690000057220459,0.009999999776482582,0,idle
2.440000057220459,0.009999999776482582,0,idle
2.700000047683716,0.009999999776482582,0,idle
2.680000066757202,-0.49000000953674316,0,idle
1.8200000524520874,86.07333374023438,0,idle
2.9800000190734863,-0.49000000953674316,0,idle
2.069999933242798,90.3066635131836,0,idle
2.2699999809265137,0.009999999776482582,0,idle
2.0399999618530273,90.05999755859375,0,idle
3.0,0.009999999776482582,1,mppt
2.3299999237060547,0.009999999776482582,0,idle
2.6700000762939453,0.009999999776482582,0,idle
3.0799999237060547,0.009999999776482582,1,mppt
3.059999942779541,0.1666666716337204,1,mppt
3.259999990463257,0.5199999809265137,1,mppt
3.240000009536743,41.46000289916992,3,transition
3.200000047683716,0.20999999344348907,1,mppt
3.4100000858306885,90.30999755859375,3,transition
3.630000114440918,0.009999999776482582,1,mppt
3.75,0.01666666567325592,1,mppt
3.359999895095825,0.009999999776482582,1,mppt
3.1600000858306885,0.6899999976158142,1,mppt
3.3499999046325684,0.009999999776482582,1,mppt
2.799999952316284,0.029999999329447746,0,idle
3.109999895095825,0.029999999329447746,1,mppt
3.390000104904175,0.026666665449738503,1,mppt
2.569999933242798,0.009999999776482582,0,idle
3.7699999809265137,0.036666665226221085,1,mppt
3.4600000381469727,-1.9833332300186157,1,mppt
2.0399999618530273,0.046666666865348816,0,idle
2.309999942779541,0.009999999776482582,0,idle
2.7200000286102295,0.5333333015441895,0,idle
2.690000057220459,0.026666665449738503,0,idle
3.109999895095825,0.009999999776482582,1,mppt
3.2300000190734863,0.03333333134651184,1,mppt
2.680000066757202,0.013333332724869251,0,idle
2.930000066757202,0.05000000074505806,0,idle
2.5199999809265137,0.02333333157002926,0,idle
2.0899999141693115,0.029999999329447746,0,idle
1.7999999523162842,0.019999999552965164,0,idle
1.8200000524520874,0.019999999552965164,0,idle
2.059999942779541,0.013333332724869251,0,idle
1.5800000429153442,0.02333333157002926,0,idle
2.2300000190734863,0.019999999552965164,0,idle
1.840000033378601,0.019999999552965164,0,idle
1.7100000381469727,0.03333333134651184,0,idle
1.3899999856948853,0.07333333045244217,0,idle
1.2300000190734863,27.02666664123535,0,idle
1.7699999809265137,0.05000000074505806,0,idle
1.6699999570846558,89.62000274658203,0,idle
1.2599999904632568,90.2933349609375,0,idle
1.5399999618530273,0.023333333432674408,0,idle
1.649999976158142,0.013333332724869251,0,idle
1.7200000286102295,85.8800048828125,0,idle
1.1799999475479126,68.00666046142578,0,idle
1.2100000381469727,0.03999999910593033,0,idle
1.5199999809265137,90.24666595458984,0,idle
1.4299999475479126,0.699999988079071,0,idle
1.2300000190734863,89.94000244140625,0,idle
1.090000033378601,90.32999420166016,0,idle
1.0199999809265137,89.94000244140625,0,idle
0.8700000047683716,89.94000244140625,0,idle
0.8700000047683716,89.8800048828125,0,idle
0.7699999809265137,90.2733383178711,0,idle
0.8299999833106995,89.65332794189453,0,idle
0.5299999713897705,90.28333282470703,0,idle
0.5199999809265137,90.336669921875,0,idle
0.5699999928474426,90.22332763671875,0,idle
0.41999998688697815,90.28665924072266,0,idle
0.6499999761581421,89.71332550048828,0,idle
0.9800000190734863,90.00667572021484,0,idle
0.6000000238418579,88.37332916259766,0,idle
0.7599999904632568,83.8166732788086,0,idle
0.7099999785423279,90.25332641601562,0,idle
0.8700000047683716,83.9366683959961,0,idle
0.9700000286102295,90.163330078125,0,idle
0.8899999856948853,90.3699951171875,0,idle
1.149999976158142,90.37999725341797,0,idle
1.3700000047683716,90.32666015625,0,idle
1.25,89.67000579833984,0,idle
2.9600000381469727,90.36666870117188,0,idle
2.6700000762939453,90.17999267578125,0,idle
6.179999828338623,90.3699951171875,3,transition
2.630000114440918,90.00667572021484,0,idle
2.240000009536743,0.009999999776482582,0,idle
1.409999966621399,65.0233383178711,0,idle
3.2100000381469727,24.88666534423828,3,transition
1.7999999523162842,0.009999999776482582,0,idle
3.6700000762939453,0.009999999776482582,1,mppt
3.380000114440918,0.009999999776482582,1,mppt
0.20000000298023224,90.3466567993164,0,idle
0.4399999976158142,90.33000946044922,0,idle
0.9800000190734863,90.05333709716797,0,idle
0.9300000071525574,90.30333709716797,0,idle
0.6100000143051147,90.13333129882812,0,idle
1.1799999475479126,90.37332916259766,0,idle
1.7999999523162842,90.336669921875,0,idle
1.2200000286102295,90.37667083740234,0,idle
1.2400000095367432,83.76333618164062,0,idle
0.9200000166893005,90.33333587646484,0,idle
0.75,90.11666107177734,0,idle
1.059999942779541,90.83999633789062,0,idle
1.2899999618530273,89.64666748046875,0,idle
0.949999988079071,90.07999420166016,0,idle
0.8999999761581421,85.86666107177734,0,idle
0.949999988079071,90.3600082397461,0,idle
1.7799999713897705,90.32666778564453,0,idle
1.7000000476837158,87.97000122070312,0,idle
0.8500000238418579,90.3600082397461,0,idle
0.5699999928474426,89.67333984375,0,idle
0.9399999976158142,90.57999420166016,0,idle
0.33000001311302185,90.2733383178711,0,idle
0.47999998927116394,85.86666107177734,0,idle
0.550000011920929,90.35333251953125,0,idle
1.0499999523162842,90.29000091552734,0,idle
1.4199999570846558,84.9800033569336,0,idle
1.4800000190734863,90.33333587646484,0,idle
1.7100000381469727,86.24333953857422,0,idle
1.5199999809265137,89.77999877929688,0,idle
1.899999976158142,89.67999267578125,0,idle
2.440000057220459,90.36666870117188,0,idle
1.7100000381469727,89.94998931884766,0,idle
1.8600000143051147,89.67999267578125,0,idle
1.5199999809265137,90.3600082397461,0,idle
1.7300000190734863,90.34667205810547,0,idle
1.6399999856948853,90.07999420166016,0,idle
1.2699999809265137,90.33000946044922,0,idle
1.5499999523162842,88.17333221435547,0,idle
1.2699999809265137,89.67666625976562,0,idle
1.7000000476837158,90.27666473388672,0,idle
1.4800000190734863,90.37667083740234,0,idle
1.4900000095367432,90.34000396728516,0,idle
1.2100000381469727,90.3566665649414,0,idle
3.0,69.8899917602539,3,transition
2.8299999237060547,90.30999755859375,0,idle
2.4800000190734863,44.35333251953125,0,idle
2.890000104904175,12.296666145324707,0,idle
2.9200000762939453,2.1600000858306885,0,idle
3.430000066757202,15.973334312438965,3,transition
2.440000057220459,52.39666748046875,0,idle
3.0,0.009999999776482582,1,mppt
3.3499999046325684,17.91666603088379,3,transition
2.509999990463257,0.009999999776482582,0,idle
2.609999895095825,0.009999999776482582,0,idle
2.0399999618530273,0.009999999776482582,0,idle
1.7699999809265137,0.009999999776482582,0,idle
2.130000114440918,0.009999999776482582,0,idle
1.8200000524520874,0.009999999776482582,0,idle
1.7100000381469727,0.009999999776482582,0,idle
3.3299999237060547,0.009999999776482582,1,mppt
2.6600000858306885,0.009999999776482582,0,idle
1.9500000476837158,0.009999999776482582,0,idle
1.559999942779541,0.009999999776482582,0,idle
2.049999952316284,0.009999999776482582,0,idle
2.2300000190734863,0.009999999776482582,0,idle
2.240000009536743,0.009999999776482582,0,idle
2.069999933242798,15.83666706085205,0,idle
2.180000066757202,0.009999999776482582,0,idle
2.440000057220459,22.22333335876465,0,idle
3.119999885559082,34.74666976928711,3,transition
1.9600000381469727,0.009999999776482582,0,idle
3.380000114440918,0.009999999776482582,1,mppt
3.75,0.009999999776482582,1,mppt
4.590000152587891,0.009999999776482582,1,mppt
2.569999933242798,0.009999999776482582,0,idle
3.2300000190734863,0.009999999776482582,1,mppt
6.269999980926514,0.009999999776482582,1,mppt
5.03000020980835,0.009999999776482582,1,mppt
2.799999952316284,0.009999999776482582,0,idle
3.3499999046325684,0.013333332724869251,1,mppt
4.78000020980835,-1.5099998712539673,1,mppt
2.569999933242798,0.03333333134651184,0,idle
4.150000095367432,0.009999999776482582,1,mppt
2.640000104904175,0.009999999776482582,0,idle
2.4700000286102295,0.009999999776482582,0,idle
4.480000019073486,0.009999999776482582,1,mppt
3.5299999713897705,0.009999999776482582,1,mppt
2.2899999618530273,0.009999999776482582,0,idle
3.609999895095825,0.009999999776482582,1,mppt
2.7799999713897705,0.009999999776482582,0,idle
1.8799999952316284,0.01666666567325592,0,idle
1.909999966621399,0.009999999776482582,0,idle
2.9200000762939453,0.009999999776482582,0,idle
3.809999942779541,0.009999999776482582,1,mppt
2.640000104904175,0.009999999776482582,0,idle
2.890000104904175,0.029999999329447746,0,idle
3.2899999618530273,0.009999999776482582,1,mppt
3.2200000286102295,0.009999999776482582,1,mppt
2.5899999141693115,0.029999999329447746,0,idle
3.049999952316284,0.026666665449738503,1,mppt
3.75,0.009999999776482582,1,mppt
3.9000000953674316,0.009999999776482582,1,mppt
2.8299999237060547,0.019999999552965164,0,idle
5.110000133514404,-1.9900001287460327,1,mppt
3.680000066757202,0.019999999552965164,1,mppt
3.319999933242798,0.01666666567325592,1,mppt
4.579999923706055,0.029999999329447746,1,mppt
4.289999961853027,0.009999999776482582,1,mppt
5.150000095367432,0.009999999776482582,1,mppt
4.050000190734863,0.023333333432674408,1,mppt
4.139999866485596,0.009999999776482582,1,mppt
4.130000114440918,0.03333333507180214,1,mppt
8.520000457763672,-0.009999999776482582,1,mppt
6.400000095367432,0.03333333507180214,1,mppt
5.570000171661377,0.009999999776482582,1,mppt
8.5,-0.009999999776482582,1,mppt
5.300000190734863,0.026666665449738503,1,mppt
3.9000000953674316,0.019999999552965164,1,mppt
3.9600000381469727,0.009999999776482582,1,mppt
5.590000152587891,0.009999999776482582,1,mppt
3.990000009536743,0.036666665226221085,1,mppt
2.9600000381469727,0.029999999329447746,0,idle
3.5899999141693115,0.009999999776482582,1,mppt
3.069999933242798,0.029999999329447746,1,mppt
3.140000104904175,0.009999999776482582,1,mppt
4.010000228881836,0.009999999776482582,1,mppt
4.849999904632568,0.009999999776482582,1,mppt
3.680000066757202,0.009999999776482582,1,mppt
4.139999866485596,0.009999999776482582,1,mppt
4.690000057220459,0.009999999776482582,1,mppt
4.309999942779541,0.009999999776482582,1,mppt
5.21999979019165,0.5099999904632568,1,mppt
3.7100000381469727,0.009999999776482582,1,mppt
4.369999885559082,0.009999999776482582,1,mppt
5.28000020980835,0.03333333507180214,1,mppt
4.889999866485596,0.019999999552965164,1,mppt
5.079999923706055,0.009999999776482582,1,mppt
3.7899999618530273,0.009999999776482582,1,mppt
5.190000057220459,0.03999999910593033,1,mppt
4.139999866485596,0.009999999776482582,1,mppt
7.170000076293945,-0.9900000095367432,1,mppt
5.400000095367432,0.009999999776482582,1,mppt
3.950000047683716,0.009999999776482582,1,mppt
4.860000133514404,0.009999999776482582,1,mppt
4.519999980926514,0.013333332724869251,1,mppt
4.46999979019165,0.026666665449738503,1,mppt
4.920000076293945,0.02333333157002926,1,mppt
4.510000228881836,0.009999999776482582,1,mppt
4.599999904632568,0.01666666567325592,1,mppt
4.309999942779541,0.009999999776482582,1,mppt
6.789999961853027,-0.009999999776482582,1,mppt
4.800000190734863,0.019999997690320015,1,mppt
4.699999809265137,0.009999999776482582,1,mppt
2.390000104904175,0.03333333507180214,0,idle
4.309999942779541,0.009999999776482582,1,mppt
3.4000000953674316,0.009999999776482582,1,mppt
2.75,0.009999999776482582,0,idle
3.549999952316284,0.01666666567325592,1,mppt
2.4100000858306885,0.009999999776482582,0,idle
3.799999952316284,0.03333333134651184,1,mppt
2.759999990463257,0.029999999329447746,0,idle
5.139999866485596,-0.9399999976158142,1,mppt
2.9600000381469727,0.009999999776482582,0,idle
3.700000047683716,0.009999999776482582,1,mppt
3.509999990463257,0.009999999776482582,1,mppt
3.140000104904175,0.009999999776482582,1,mppt
3.2899999618530273,0.01666666567325592,1,mppt
3.1700000762939453,0.03333333134651184,1,mppt
4.150000095367432,0.013333332724869251,1,mppt
3.630000114440918,0.009999999776482582,1,mppt
5.670000076293945,0.5099999904632568,1,mppt
4.070000171661377,0.009999999776482582,1,mppt
5.400000095367432,0.009999999776482582,1,mppt
6.78000020980835,0.019999999552965164,1,mppt
5.400000095367432,0.009999999776482582,1,mppt
5.980000019073486,0.009999999776482582,1,mppt
5.550000190734863,0.009999999776482582,1,mppt
4.449999809265137,0.009999999776482582,1,mppt
5.980000019073486,-1.7599998712539673,1,mppt
5.25,0.009999999776482582,1,mppt
4.269999980926514,0.03999999910593033,1,mppt
4.590000152587891,0.009999999776482582,1,mppt
5.360000133514404,0.019999999552965164,1,mppt
4.940000057220459,0.026666665449738503,1,mppt
5.400000095367432,0.036666665226221085,1,mppt
4.679999828338623,0.009999999776482582,1,mppt
5.329999923706055,0.009999999776482582,1,mppt
4.650000095367432,0.013333332724869251,1,mppt
4.690000057220459,0.03999999910593033,1,mppt
4.630000114440918,0.036666665226221085,1,mppt
4.849999904632568,0.009999999776482582,1,mppt
5.360000133514404,0.009999999776482582,1,mppt
4.949999809265137,0.5099999904632568,1,mppt
4.130000114440918,0.029999999329447746,1,mppt
4.690000057220459,0.03333333507180214,1,mppt
3.9200000762939453,0.05000000074505806,1,mppt
4.349999904632568,-0.49000000953674316,1,mppt
4.269999980926514,0.009999999776482582,1,mppt
4.489999771118164,0.009999999776482582,1,mppt
3.880000114440918,0.009999999776482582,1,mppt
4.550000190734863,0.009999999776482582,1,mppt
5.239999771118164,0.02333333157002926,1,mppt
4.099999904632568,0.036666665226221085,1,mppt
4.639999866485596,0.01666666567325592,1,mppt
4.590000152587891,0.019999999552965164,1,mppt
5.059999942779541,-0.009999999776482582,1,mppt
4.519999980926514,-1.5099998712539673,1,mppt
3.390000104904175,0.009999999776482582,1,mppt
4.0,0.013333332724869251,1,mppt
4.909999847412109,-0.9833333492279053,1,mppt
3.390000104904175,0.029999999329447746,1,mppt
3.4200000762939453,0.019999999552965164,1,mppt
3.0799999237060547,0.03999999910593033,1,mppt
2.180000066757202,0.029999999329447746,0,idle
3.7100000381469727,0.009999999776482582,1,mppt
4.0,0.019999999552965164,1,mppt
3.6600000858306885,0.019999999552965164,1,mppt
4.409999847412109,0.009999999776482582,1,mppt
3.9800000190734863,0.026666665449738503,1,mppt
4.199999809265137,0.026666665449738503,1,mppt
3.240000009536743,0.019999999552965164,1,mppt
3.359999895095825,0.019999999552965164,1,mppt
3.880000114440918,0.019999999552965164,1,mppt
3.799999952316284,0.019999999552965164,1,mppt
2.930000066757202,0.026666665449738503,0,idle
4.300000190734863,0.04000000283122063,1,mppt
3.190000057220459,0.019999999552965164,1,mppt
3.2100000381469727,0.013333332724869251,1,mppt
3.7100000381469727,0.019999999552965164,1,mppt
4.0,0.019999999552965164,1,mppt
3.3499999046325684,-0.4833333492279053,1,mppt
3.509999990463257,0.019999999552965164,1,mppt
4.28000020980835,0.019999999552965164,1,mppt
3.559999942779541,0.019999999552965164,1,mppt
3.5899999141693115,0.029999999329447746,1,mppt
4.690000057220459,-1.6100000143051147,1,mppt
3.309999942779541,0.009999999776482582,1,mppt
3.369999885559082,0.019999999552965164,1,mppt
3.930000066757202,0.04333333298563957,1,mppt
5.0,0.019999999552965164,1,mppt
3.7699999809265137,0.029999999329447746,1,mppt
3.509999990463257,0.029999999329447746,1,mppt
5.130000114440918,0.009999999776482582,1,mppt
4.139999866485596,-0.9766666889190674,1,mppt
3.690000057220459,0.019999999552965164,1,mppt
3.5,0.05000000074505806,1,mppt
3.0199999809265137,0.023333333432674408,1,mppt
4.170000076293945,-0.4766666889190674,1,mppt
3.319999933242798,0.013333332724869251,1,mppt
3.9000000953674316,-1.976666808128357,1,mppt
3.0,0.029999999329447746,1,mppt
3.059999942779541,0.036666665226221085,1,mppt
3.7200000286102295,0.026666665449738503,1,mppt
3.700000047683716,0.029999999329447746,1,mppt
3.4700000286102295,0.03333333507180214,1,mppt
2.819999933242798,0.013333332724869251,0,idle
4.21999979019165,-0.4766666889190674,1,mppt
3.680000066757202,0.02333333157002926,1,mppt
5.579999923706055,0.013333332724869251,1,mppt
4.309999942779541,0.009999999776482582,1,mppt
3.6500000953674316,0.029999999329447746,1,mppt
4.380000114440918,0.019999999552965164,1,mppt
6.809999942779541,0.019999999552965164,1,mppt
5.170000076293945,0.026666665449738503,1,mppt
3.8399999141693115,0.019999999552965164,1,mppt
4.380000114440918,0.01666666567325592,1,mppt
4.869999885559082,0.026666665449738503,1,mppt
4.159999847412109,0.04333333298563957,1,mppt
4.75,0.019999999552965164,1,mppt
5.590000152587891,0.019999999552965164,1,mppt
4.96999979019165,0.019999999552965164,1,mppt
4.25,0.01666666567325592,1,mppt
4.320000171661377,0.019999997690320015,1,mppt
5.670000076293945,0.019999999552965164,1,mppt
3.380000114440918,0.013333332724869251,1,mppt
4.570000171661377,0.019999999552965164,1,mppt
4.599999904632568,0.046666666865348816,1,mppt
3.75,0.03999999910593033,1,mppt
6.71999979019165,0.02333333157002926,1,mppt
5.0,0.02333333157002926,1,mppt
4.940000057220459,0.019999999552965164,1,mppt
5.090000152587891,0.03999999910593033,1,mppt
5.019999980926514,0.01666666567325592,1,mppt
5.0,1.0099999904632568,1,mppt
4.559999942779541,0.026666665449738503,1,mppt
4.400000095367432,0.03999999910593033,1,mppt
6.079999923706055,0.009999999776482582,1,mppt
5.159999847412109,0.02333333157002926,1,mppt
5.510000228881836,0.019999999552965164,1,mppt
4.260000228881836,0.036666665226221085,1,mppt
5.389999866485596,0.01666666567325592,1,mppt
4.269999980926514,0.036666665226221085,1,mppt
5.710000038146973,0.029999999329447746,1,mppt
4.829999923706055,0.03333333134651184,1,mppt
5.230000019073486,0.023333333432674408,1,mppt
5.690000057220459,0.01666666567325592,1,mppt
4.059999942779541,0.03999999910593033,1,mppt
6.449999809265137,-0.4766666889190674,1,mppt
5.059999942779541,0.029999999329447746,1,mppt
4.21999979019165,0.01666666567325592,1,mppt
3.7699999809265137,-0.9766666889190674,1,mppt
6.46999979019165,-0.9900000095367432,1,mppt
5.289999961853027,0.01666666567325592,1,mppt
4.860000133514404,0.5099999904632568,1,mppt
3.950000047683716,0.019999999552965164,1,mppt
3.940000057220459,0.013333332724869251,1,mppt
3.7699999809265137,0.03333333134651184,1,mppt
4.199999809265137,0.009999999776482582,1,mppt
6.21999979019165,0.013333332724869251,1,mppt
3.640000104904175,0.01666666567325592,1,mppt
4.449999809265137,0.019999999552965164,1,mppt
4.309999942779541,0.02333333157002926,1,mppt
4.869999885559082,0.029999999329447746,1,mppt
2.9100000858306885,0.029999999329447746,0,idle
4.289999961853027,0.019999999552965164,1,mppt
5.269999980926514,0.03333333507180214,1,mppt
4.989999771118164,0.023333333432674408,1,mppt
4.590000152587891,0.036666665226221085,1,mppt
3.859999895095825,0.009999999776482582,1,mppt
5.630000114440918,0.04000000283122063,1,mppt
4.920000076293945,0.03999999910593033,1,mppt
4.570000171661377,0.023333333432674408,1,mppt
5.619999885559082,0.009999999776482582,1,mppt
5.230000019073486,0.029999999329447746,1,mppt
3.569999933242798,0.03999999910593033,1,mppt
4.559999942779541,0.019999999552965164,1,mppt
4.110000133514404,0.009999999776482582,1,mppt
6.0,0.019999999552965164,1,mppt
4.489999771118164,0.023333333432674408,1,mppt
3.5899999141693115,0.036666665226221085,1,mppt
4.460000038146973,0.029999999329447746,2,pitch_control
3.7200000286102295,0.013333332724869251,2,pitch_control
2.7200000286102295,0.029999999329447746,2,pitch_control
6.329999923706055,0.009999999776482582,1,mppt
6.340000152587891,0.009999999776482582,1,mppt
4.050000190734863,0.019999999552965164,1,mppt
7.75,-0.009999999776482582,1,mppt
4.869999885559082,-1.9833332300186157,1,mppt
5.869999885559082,0.013333332724869251,1,mppt
5.090000152587891,0.013333332724869251,1,mppt
6.360000133514404,0.009999999776482582,1,mppt
6.929999828338623,0.009999999776482582,1,mppt
4.940000057220459,0.013333332724869251,1,mppt
4.539999961853027,0.01666666567325592,1,mppt
4.590000152587891,0.009999999776482582,1,mppt
6.639999866485596,0.009999999776482582,1,mppt
6.699999809265137,0.009999999776482582,1,mppt
6.349999904632568,0.01666666567325592,1,mppt
5.420000076293945,0.009999999776482582,1,mppt
5.25,0.009999999776482582,1,mppt
5.099999904632568,0.009999999776482582,1,mppt
5.489999771118164,0.009999999776482582,1,mppt
5.289999961853027,0.009999999776482582,1,mppt
6.679999828338623,0.009999999776482582,1,mppt
6.039999961853027,0.009999999776482582,1,mppt
8.180000305175781,0.03999999910593033,1,mppt
8.010000228881836,0.009999999776482582,1,mppt
6.110000133514404,0.009999999776482582,1,mppt
5.429999828338623,0.009999999776482582,1,mppt
5.519999980926514,0.009999999776482582,1,mppt
5.860000133514404,0.009999999776482582,1,mppt
4.880000114440918,0.009999999776482582,1,mppt
6.78000020980835,-0.9900000095367432,1,mppt
6.539999961853027,0.009999999776482582,1,mppt
7.369999885559082,0.009999999776482582,1,mppt
7.869999885559082,0.006666666362434626,1,mppt
5.25,0.03333333507180214,1,mppt
5.630000114440918,0.01666666567325592,1,mppt
8.619999885559082,0.009999999776482582,1,mppt
6.349999904632568,0.009999999776482582,1,mppt
5.019999980926514,0.013333332724869251,1,mppt
6.900000095367432,0.026666665449738503,1,mppt
5.679999828338623,0.009999999776482582,1,mppt
5.550000190734863,0.013333332724869251,1,mppt
6.239999771118164,0.009999999776482582,1,mppt
4.809999942779541,0.009999999776482582,1,mppt
6.039999961853027,0.009999999776482582,1,mppt
5.349999904632568,0.009999999776482582,1,mppt
5.28000020980835,0.009999999776482582,1,mppt
5.760000228881836,0.009999999776482582,1,mppt
4.929999828338623,0.009999999776482582,1,mppt
5.239999771118164,0.013333332724869251,1,mppt
6.639999866485596,0.013333332724869251,1,mppt
5.230000019073486,0.009999999776482582,1,mppt
4.840000152587891,0.009999999776482582,1,mppt
5.860000133514404,0.019999999552965164,1,mppt
4.679999828338623,0.009999999776482582,1,mppt
4.460000038146973,0.009999999776482582,1,mppt
3.5199999809265137,0.009999999776482582,1,mppt
4.46999979019165,-0.9900000095367432,1,mppt
6.78000020980835,0.013333332724869251,1,mppt
4.849999904632568,0.009999999776482582,1,mppt
5.110000133514404,0.009999999776482582,1,mppt
5.46999979019165,0.036666665226221085,1,mppt
7.570000171661377,0.009999999776482582,1,mppt
7.760000228881836,0.009999999776482582,1,mppt
6.329999923706055,0.009999999776482582,1,mppt
7.199999809265137,0.013333332724869251,1,mppt
4.170000076293945,0.013333332724869251,1,mppt
4.960000038146973,0.019999999552965164,1,mppt
5.5,-1.9833332300186157,1,mppt
4.489999771118164,0.009999999776482582,1,mppt
7.480000019073486,0.009999999776482582,1,mppt
4.800000190734863,0.009999999776482582,1,mppt
4.730000019073486,0.013333332724869251,1,mppt
4.139999866485596,0.019999999552965164,1,mppt
7.03000020980835,0.009999999776482582,1,mppt
4.920000076293945,0.013333332724869251,1,mppt
6.260000228881836,0.009999999776482582,1,mppt
7.199999809265137,-1.5099998712539673,1,mppt
5.590000152587891,0.009999999776482582,1,mppt
5.090000152587891,0.009999999776482582,1,mppt
5.039999961853027,0.013333332724869251,1,mppt
6.519999980926514,0.01666666567325592,1,mppt
4.570000171661377,0.009999999776482582,1,mppt
4.489999771118164,0.009999999776482582,1,mppt
4.889999866485596,0.009999999776482582,1,mppt
5.760000228881836,0.019999999552965164,1,mppt
4.679999828338623,-1.4900001287460327,1,mppt
4.809999942779541,0.009999999776482582,1,mppt
4.940000057220459,0.036666665226221085,1,mppt
4.400000095367432,0.009999999776482582,1,mppt
3.940000057220459,0.009999999776482582,1,mppt
5.440000057220459,-1.9900001287460327,1,mppt
4.860000133514404,0.009999999776482582,1,mppt
4.650000095367432,0.009999999776482582,1,mppt
5.210000038146973,0.019999999552965164,1,mppt
5.230000019073486,0.009999999776482582,1,mppt
5.929999828338623,-1.4900001287460327,1,mppt
4.590000152587891,0.009999999776482582,1,mppt
4.650000095367432,0.009999999776482582,1,mppt
6.599999904632568,0.009999999776482582,1,mppt
6.360000133514404,0.029999999329447746,1,mppt
5.769999980926514,0.009999999776482582,1,mppt
5.03000020980835,0.009999999776482582,1,mppt
4.789999961853027,0.009999999776482582,1,mppt
4.889999866485596,0.009999999776482582,1,mppt
4.980000019073486,0.013333332724869251,1,mppt
6.559999942779541,0.013333332724869251,1,mppt
4.820000171661377,0.013333332724869251,1,mppt
6.579999923706055,0.009999999776482582,1,mppt
5.5,0.009999999776482582,1,mppt
5.440000057220459,0.013333332724869251,1,mppt
6.809999942779541,0.009999999776482582,1,mppt
5.559999942779541,0.009999999776482582,1,mppt
5.480000019073486,0.009999999776482582,1,mppt
4.900000095367432,0.009999999776482582,1,mppt
5.289999961853027,0.02333333157002926,1,mppt
5.360000133514404,0.01666666567325592,1,mppt
5.650000095367432,0.013333332724869251,1,mppt
4.809999942779541,0.026666665449738503,1,mppt
5.920000076293945,0.009999999776482582,1,mppt
5.269999980926514,0.009999999776482582,1,mppt
5.210000038146973,0.009999999776482582,1,mppt
5.289999961853027,0.009999999776482582,1,mppt
4.409999847412109,0.013333332724869251,1,mppt
5.449999809265137,0.009999999776482582,1,mppt
5.119999885559082,0.019999999552965164,1,mppt
5.409999847412109,0.009999999776482582,1,mppt
5.050000190734863,0.02333333157002926,1,mppt
5.119999885559082,0.009999999776482582,1,mppt
5.110000133514404,0.02333333157002926,1,mppt
4.630000114440918,0.009999999776482582,1,mppt
5.230000019073486,0.009999999776482582,1,mppt
5.829999923706055,0.009999999776482582,1,mppt
6.159999847412109,0.009999999776482582,1,mppt
5.139999866485596,0.009999999776482582,1,mppt
5.800000190734863,0.009999999776482582,1,mppt
6.210000038146973,1.0099999904632568,1,mppt
6.369999885559082,0.013333332724869251,1,mppt
5.050000190734863,0.009999999776482582,1,mppt
6.829999923706055,0.013333332724869251,1,mppt
6.130000114440918,0.009999999776482582,1,mppt
5.880000114440918,0.019999999552965164,1,mppt
5.989999771118164,-0.23000000417232513,1,mppt
5.820000171661377,0.019999999552965164,1,mppt
6.630000114440918,0.009999999776482582,1,mppt
5.619999885559082,0.009999999776482582,1,mppt
6.150000095367432,0.009999999776482582,1,mppt
6.179999828338623,0.009999999776482582,1,mppt
5.03000020980835,0.019999999552965164,1,mppt
5.519999980926514,0.02333333157002926,1,mppt
5.880000114440918,0.009999999776482582,1,mppt
5.25,0.019999999552965164,1,mppt
6.639999866485596,0.013333332724869251,1,mppt
5.199999809265137,0.009999999776482582,1,mppt
6.710000038146973,0.013333332724869251,1,mppt
6.329999923706055,0.009999999776482582,1,mppt
6.429999828338623,0.03999999910593033,1,mppt
5.639999866485596,0.009999999776482582,1,mppt
5.820000171661377,0.009999999776482582,1,mppt
5.71999979019165,0.009999999776482582,1,mppt
6.099999904632568,0.009999999776482582,1,mppt
5.059999942779541,0.009999999776482582,1,mppt
5.320000171661377,0.019999999552965164,1,mppt
6.019999980926514,-0.1966666579246521,1,mppt
5.989999771118164,-1.78000009059906,1,mppt
5.239999771118164,0.009999999776482582,1,mppt
5.380000114440918,0.009999999776482582,1,mppt
5.21999979019165,0.009999999776482582,1,mppt
5.0,0.009999999776482582,1,mppt
4.869999885559082,0.49000000953674316,1,mppt
4.489999771118164,-0.9866666793823242,1,mppt
5.159999847412109,0.019999999552965164,1,mppt
3.1600000858306885,0.013333332724869251,1,mppt
3.700000047683716,0.009999999776482582,1,mppt
4.119999885559082,0.49000000953674316,1,mppt
3.2300000190734863,0.013333332724869251,1,mppt
3.8299999237060547,0.006666666362434626,1,mppt
3.7799999713897705,0.036666665226221085,1,mppt
3.930000066757202,0.009999999776482582,1,mppt
4.559999942779541,-0.49000000953674316,1,mppt
3.950000047683716,0.019999999552965164,1,mppt
3.7799999713897705,0.009999999776482582,1,mppt
3.559999942779541,0.009999999776482582,1,mppt
3.6700000762939453,0.009999999776482582,1,mppt
3.430000066757202,0.019999999552965164,1,mppt
3.0799999237060547,0.01666666567325592,1,mppt
3.5799999237060547,0.01666666567325592,1,mppt
3.8399999141693115,0.013333332724869251,1,mppt
3.9200000762939453,0.009999999776482582,1,mppt
3.4000000953674316,0.009999999776482582,1,mppt
4.039999961853027,-1.7400001287460327,1,mppt
3.549999952316284,0.009999999776482582,1,mppt
3.4600000381469727,0.026666665449738503,1,mppt
3.490000009536743,0.009999999776482582,1,mppt
3.4200000762939453,0.019999999552965164,1,mppt
3.9100000858306885,0.01666666567325592,1,mppt
4.019999980926514,0.009999999776482582,1,mppt
4.079999923706055,-0.46000000834465027,1,mppt
4.010000228881836,0.009999999776482582,1,mppt
4.300000190734863,0.5099999904632568,1,mppt
3.6500000953674316,1.0099999904632568,1,mppt
4.449999809265137,0.009999999776482582,1,mppt
3.869999885559082,0.019999999552965164,1,mppt
4.230000019073486,0.026666665449738503,1,mppt
4.78000020980835,0.019999999552965164,1,mppt
4.400000095367432,0.009999999776482582,1,mppt
3.700000047683716,0.009999999776482582,1,mppt
4.300000190734863,0.009999999776482582,1,mppt
4.010000228881836,0.009999999776482582,1,mppt
3.430000066757202,0.01666666567325592,1,mppt
3.319999933242798,0.009999999776482582,1,mppt
4.739999771118164,0.49000000953674316,1,mppt
5.019999980926514,0.009999999776482582,1,mppt
4.800000190734863,0.009999999776482582,1,mppt
5.199999809265137,0.009999999776482582,1,mppt
4.829999923706055,0.009999999776482582,1,mppt
4.630000114440918,0.009999999776482582,1,mppt
4.840000152587891,-1.5099998712539673,1,mppt
5.289999961853027,0.009999999776482582,1,mppt
5.880000114440918,0.009999999776482582,1,mppt
4.900000095367432,0.5099999904632568,1,mppt
4.690000057220459,0.009999999776482582,1,mppt
4.519999980926514,0.009999999776482582,1,mppt
4.0,1.0099999904632568,1,mppt
3.9600000381469727,-1.9900001287460327,1,mppt
4.349999904632568,0.009999999776482582,1,mppt
3.619999885559082,0.009999999776482582,1,mppt
3.809999942779541,0.009999999776482582,1,mppt
2.680000066757202,-0.9866666793823242,0,idle
4.699999809265137,0.009999999776482582,1,mppt
4.079999923706055,0.009999999776482582,1,mppt
3.869999885559082,0.013333332724869251,1,mppt
3.619999885559082,0.019999999552965164,1,mppt
3.0999999046325684,0.009999999776482582,1,mppt
3.930000066757202,0.009999999776482582,1,mppt
2.819999933242798,0.02333333157002926,0,idle
5.539999961853027,0.009999999776482582,1,mppt
3.0899999141693115,0.01666666567325592,1,mppt
4.130000114440918,-0.46000000834465027,1,mppt
2.8299999237060547,0.009999999776482582,0,idle
2.869999885559082,0.009999999776482582,0,idle
4.059999942779541,0.013333332724869251,1,mppt
3.6500000953674316,0.009999999776482582,1,mppt
3.049999952316284,0.009999999776482582,1,mppt
3.180000066757202,0.009999999776482582,1,mppt
4.159999847412109,0.009999999776482582,1,mppt
4.340000152587891,0.009999999776482582,1,mppt
3.700000047683716,0.019999999552965164,1,mppt
3.140000104904175,0.013333332724869251,1,mppt
2.930000066757202,0.009999999776482582,0,idle
4.71999979019165,0.009999999776482582,1,mppt
3.069999933242798,0.019999999552965164,1,mppt
3.4600000381469727,0.019999999552965164,1,mppt
4.320000171661377,0.02333333157002926,1,mppt
3.6700000762939453,0.009999999776482582,1,mppt
3.630000114440918,0.009999999776482582,1,mppt
4.329999923706055,0.009999999776482582,1,mppt
4.239999771118164,-1.7000001668930054,1,mppt
3.859999895095825,0.009999999776482582,1,mppt
3.130000114440918,0.003333333181217313,1,mppt
2.2100000381469727,0.013333332724869251,0,idle
5.079999923706055,0.006666666362434626,1,mppt
4.130000114440918,0.009999999776482582,1,mppt
3.4800000190734863,0.02333333157002926,1,mppt
5.039999961853027,0.009999999776482582,1,mppt
2.940000057220459,0.019999999552965164,0,idle
4.670000076293945,0.013333332724869251,1,mppt
3.390000104904175,0.009999999776482582,1,mppt
3.4700000286102295,0.009999999776482582,1,mppt
5.440000057220459,0.009999999776482582,1,mppt
5.260000228881836,0.01666666567325592,1,mppt
4.170000076293945,0.009999999776482582,1,mppt
3.950000047683716,0.009999999776482582,1,mppt
3.5799999237060547,0.009999999776482582,1,mppt
2.740000009536743,0.019999999552965164,0,idle
4.800000190734863,0.009999999776482582,1,mppt
4.369999885559082,0.009999999776482582,1,mppt
4.619999885559082,0.023333333432674408,1,mppt
5.269999980926514,0.49000000953674316,1,mppt
3.869999885559082,0.009999999776482582,1,mppt
4.429999828338623,0.009999999776482582,1,mppt
4.119999885559082,1.0099999904632568,1,mppt
2.9700000286102295,0.009999999776482582,0,idle
3.5899999141693115,0.013333332724869251,1,mppt
3.569999933242798,0.009999999776482582,1,mppt
4.039999961853027,0.009999999776482582,1,mppt
4.769999980926514,0.009999999776482582,1,mppt
2.890000104904175,0.013333332724869251,0,idle
3.630000114440918,0.013333332724869251,1,mppt
3.880000114440918,0.009999999776482582,1,mppt
4.659999847412109,0.009999999776482582,1,mppt
4.78000020980835,0.009999999776482582,1,mppt
4.559999942779541,0.013333332724869251,1,mppt
4.269999980926514,0.009999999776482582,1,mppt
4.039999961853027,-1.5099998712539673,1,mppt
6.230000019073486,0.009999999776482582,1,mppt
5.380000114440918,0.009999999776482582,1,mppt
4.409999847412109,0.013333332724869251,1,mppt
3.490000009536743,0.009999999776482582,1,mppt
4.369999885559082,0.009999999776482582,1,mppt
4.110000133514404,0.009999999776482582,1,mppt
4.840000152587891,0.009999999776482582,1,mppt
4.670000076293945,0.009999999776482582,1,mppt
5.539999961853027,0.5099999904632568,1,mppt
4.929999828338623,0.009999999776482582,1,mppt
4.739999771118164,0.009999999776482582,1,mppt
5.090000152587891,0.009999999776482582,1,mppt
4.800000190734863,0.019999999552965164,1,mppt
5.670000076293945,0.009999999776482582,1,mppt
5.090000152587891,0.003333333181217313,1,mppt
4.869999885559082,0.009999999776482582,1,mppt
4.619999885559082,0.013333332724869251,1,mppt
4.849999904632568,0.009999999776482582,1,mppt
4.340000152587891,-0.9866666793823242,1,mppt
5.260000228881836,0.009999999776482582,1,mppt
4.78000020980835,0.003333333181217313,1,mppt
6.829999923706055,0.009999999776482582,1,mppt
5.050000190734863,0.02333333157002926,1,mppt
5.909999847412109,0.01666666567325592,1,mppt
3.4100000858306885,0.01666666567325592,1,mppt
5.010000228881836,0.009999999776482582,1,mppt
5.550000190734863,0.009999999776482582,1,mppt
5.579999923706055,0.013333332724869251,1,mppt
5.170000076293945,0.013333332724869251,1,mppt
4.619999885559082,0.03333333507180214,1,mppt
4.980000019073486,0.019999999552965164,1,mppt
5.769999980926514,1.0099999904632568,1,mppt
5.730000019073486,0.009999999776482582,1,mppt
5.889999866485596,0.009999999776482582,1,mppt
6.309999942779541,0.009999999776482582,1,mppt
5.079999923706055,0.009999999776482582,1,mppt
5.760000228881836,0.009999999776482582,1,mppt
5.320000171661377,0.009999999776482582,1,mppt
5.119999885559082,0.019999999552965164,1,mppt
4.710000038146973,0.009999999776482582,1,mppt
5.0,0.036666665226221085,1,mppt
5.039999961853027,0.009999999776482582,1,mppt
4.380000114440918,0.009999999776482582,1,mppt
7.409999847412109,0.013333332724869251,1,mppt
6.460000038146973,0.036666665226221085,1,mppt
6.170000076293945,0.009999999776482582,1,mppt
7.110000133514404,0.009999999776482582,1,mppt
4.769999980926514,0.009999999776482582,1,mppt
5.519999980926514,0.013333332724869251,1,mppt
3.9000000953674316,0.01666666567325592,1,mppt
5.340000152587891,0.009999999776482582,1,mppt
4.429999828338623,0.009999999776482582,1,mppt
7.619999885559082,-0.9900000095367432,1,mppt
6.820000171661377,0.013333332724869251,1,mppt
0.0,90.1399917602539,0,idle
5.539999961853027,0.006666666362434626,1,mppt
5.769999980926514,8.420000076293945,3,transition
1.6699999570846558,0.009999999776482582,0,idle
7.239999771118164,0.009999999776482582,1,mppt
6.75,0.009999999776482582,1,mppt
7.900000095367432,0.01666666567325592,1,mppt
0.0,90.1399917602539,0,idle
8.199999809265137,0.009999999776482582,1,mppt
4.659999847412109,0.009999999776482582,1,mppt
7.449999809265137,0.009999999776482582,1,mppt
5.400000095367432,0.009999999776482582,1,mppt
6.289999961853027,0.009999999776482582,1,mppt
6.090000152587891,0.009999999776482582,1,mppt
4.880000114440918,0.019999999552965164,1,mppt
4.050000190734863,0.009999999776482582,1,mppt
3.75,0.013333332724869251,1,mppt
4.739999771118164,0.009999999776482582,1,mppt
4.349999904632568,0.009999999776482582,1,mppt
4.099999904632568,0.03333333507180214,1,mppt
5.769999980926514,0.006666666362434626,1,mppt
5.130000114440918,0.009999999776482582,1,mppt
6.360000133514404,1.0099999904632568,1,mppt
4.5,0.6100000143051147,1,mppt
4.710000038146973,0.009999999776482582,1,mppt
3.7200000286102295,0.01666666567325592,1,mppt
7.679999828338623,0.009999999776482582,1,mppt
7.210000038146973,90.0966567993164,3,transition
4.710000038146973,0.009999999776482582,1,mppt
4.739999771118164,0.009999999776482582,1,mppt
5.800000190734863,-0.46000000834465027,1,mppt
7.420000076293945,0.02333333157002926,1,mppt
5.320000171661377,0.009999999776482582,1,mppt
5.010000228881836,0.009999999776482582,1,mppt
6.110000133514404,0.013333332724869251,1,mppt
6.960000038146973,0.009999999776482582,1,mppt
4.809999942779541,0.03333333507180214,1,mppt
4.460000038146973,0.026666665449738503,1,mppt
5.639999866485596,0.009999999776482582,1,mppt
4.570000171661377,0.03333333507180214,1,mppt
4.860000133514404,0.009999999776482582,1,mppt
7.320000171661377,1.0099999904632568,1,mppt
5.96999979019165,0.009999999776482582,1,mppt
5.170000076293945,0.009999999776482582,1,mppt
5.5,0.009999999776482582,1,mppt
5.539999961853027,0.009999999776482582,1,mppt
7.050000190734863,-1.9833332300186157,1,mppt
6.070000171661377,0.019999999552965164,1,mppt
6.050000190734863,0.009999999776482582,1,mppt
7.159999847412109,0.009999999776482582,1,mppt
6.730000019073486,0.009999999776482582,1,mppt
6.360000133514404,0.009999999776482582,1,mppt
7.960000038146973,0.013333332724869251,1,mppt
6.119999885559082,0.03999999910593033,1,mppt
6.079999923706055,0.25999999046325684,1,mppt
7.650000095367432,0.009999999776482582,1,mppt
7.059999942779541,0.009999999776482582,1,mppt
7.639999866485596,0.009999999776482582,1,mppt
8.319999694824219,0.009999999776482582,1,mppt
7.949999809265137,0.04333333298563957,1,mppt
7.320000171661377,0.009999999776482582,1,mppt
6.949999809265137,0.03333333134651184,1,mppt
7.730000019073486,0.013333332724869251,1,mppt
6.869999885559082,0.009999999776482582,1,mppt
6.96999979019165,-1.9800000190734863,1,mppt
6.21999979019165,0.026666665449738503,1,mppt
7.090000152587891,0.013333332724869251,1,mppt
8.180000305175781,-1.9800000190734863,1,mppt
6.659999847412109,0.02333333157002926,1,mppt
7.389999866485596,0.009999999776482582,1,mppt
7.420000076293945,0.009999999776482582,1,mppt
6.190000057220459,0.019999999552965164,1,mppt
7.510000228881836,0.009999999776482582,1,mppt
5.650000095367432,0.009999999776482582,1,mppt
5.199999809265137,0.019999999552965164,1,mppt
5.46999979019165,-1.9800000190734863,1,mppt
5.300000190734863,0.009999999776482582,1,mppt
4.550000190734863,60.06333541870117,3,transition
4.96999979019165,0.009999999776482582,1,mppt
3.7899999618530273,0.013333332724869251,1,mppt
5.380000114440918,0.009999999776482582,1,mppt
6.440000057220459,0.01666666567325592,1,mppt
5.079999923706055,0.029999999329447746,1,mppt
5.559999942779541,0.046666666865348816,1,mppt
4.190000057220459,0.013333332724869251,1,mppt
7.050000190734863,-0.9900000095367432,1,mppt
4.53000020980835,0.013333332724869251,1,mppt
4.360000133514404,0.029999999329447746,1,mppt
5.670000076293945,1.0099999904632568,1,mppt
4.489999771118164,0.03333333507180214,1,mppt
5.739999771118164,0.03999999910593033,1,mppt
7.170000076293945,0.009999999776482582,1,mppt
6.050000190734863,0.009999999776482582,1,mppt
6.860000133514404,0.009999999776482582,1,mppt
7.510000228881836,0.013333332724869251,1,mppt
7.239999771118164,0.019999999552965164,1,mppt
6.090000152587891,0.009999999776482582,1,mppt
5.099999904632568,0.019999999552965164,1,mppt
7.639999866485596,0.013333332724869251,1,mppt
5.880000114440918,-1.9800000190734863,1,mppt
5.510000228881836,0.003333333181217313,1,mppt
7.300000190734863,1.0099999904632568,1,mppt
5.269999980926514,0.013333332724869251,1,mppt
4.820000171661377,0.009999999776482582,1,mppt
5.619999885559082,0.009999999776482582,1,mppt
5.960000038146973,0.009999999776482582,1,mppt
4.510000228881836,0.009999999776482582,1,mppt
6.300000190734863,0.009999999776482582,1,mppt
5.349999904632568,0.04333333298563957,1,mppt
4.289999961853027,0.013333332724869251,1,mppt
4.690000057220459,0.019999999552965164,1,mppt
6.190000057220459,0.01666666567325592,1,mppt
6.03000020980835,0.013333332724869251,1,mppt
5.570000171661377,0.0,1,mppt
4.489999771118164,0.009999999776482582,1,mppt
6.170000076293945,0.009999999776482582,1,mppt
4.840000152587891,0.009999999776482582,1,mppt
5.590000152587891,0.013333332724869251,1,mppt
4.769999980926514,0.009999999776482582,1,mppt
3.450000047683716,0.009999999776482582,1,mppt
3.9200000762939453,0.009999999776482582,1,mppt
5.300000190734863,0.009999999776482582,1,mppt
4.989999771118164,0.009999999776482582,1,mppt
5.260000228881836,0.01666666567325592,1,mppt
4.119999885559082,0.013333332724869251,1,mppt
4.039999961853027,0.009999999776482582,1,mppt
4.960000038146973,0.013333332724869251,1,mppt
4.159999847412109,0.009999999776482582,1,mppt
2.5,0.009999999776482582,0,idle
4.28000020980835,0.009999999776482582,1,mppt
3.5399999618530273,0.009999999776482582,1,mppt
3.3299999237060547,0.03999999910593033,1,mppt
3.680000066757202,0.009999999776482582,1,mppt
5.179999828338623,0.009999999776482582,1,mppt
3.240000009536743,-1.9800000190734863,1,mppt
4.909999847412109,0.013333332724869251,1,mppt
2.9800000190734863,0.01666666567325592,0,idle
4.46999979019165,0.009999999776482582,1,mppt
3.930000066757202,0.009999999776482582,1,mppt
3.9200000762939453,0.009999999776482582,1,mppt
2.9700000286102295,0.009999999776482582,0,idle
3.259999990463257,0.013333332724869251,1,mppt
4.210000038146973,0.019999999552965164,1,mppt
3.7899999618530273,0.003333333181217313,1,mppt
3.430000066757202,0.49000000953674316,1,mppt
3.950000047683716,0.009999999776482582,1,mppt
4.309999942779541,0.019999999552965164,1,mppt
4.579999923706055,0.013333332724869251,1,mppt
3.430000066757202,0.006666666362434626,1,mppt
4.150000095367432,0.013333332724869251,1,mppt
3.930000066757202,0.03999999910593033,1,mppt
4.119999885559082,0.01666666567325592,1,mppt
3.440000057220459,0.009999999776482582,1,mppt
3.6500000953674316,0.009999999776482582,1,mppt
4.21999979019165,0.03999999910593033,1,mppt
3.859999895095825,0.009999999776482582,1,mppt
3.2200000286102295,0.009999999776482582,1,mppt
3.0799999237060547,0.009999999776482582,1,mppt
3.6500000953674316,0.019999999552965164,1,mppt
4.050000190734863,0.01666666567325592,1,mppt
3.109999895095825,0.013333332724869251,1,mppt
3.700000047683716,0.009999999776482582,1,mppt
5.21999979019165,-1.9900001287460327,1,mppt
4.21999979019165,0.013333332724869251,1,mppt
4.230000019073486,0.009999999776482582,1,mppt
4.5,0.03999999910593033,1,mppt
5.269999980926514,0.009999999776482582,1,mppt
4.699999809265137,0.013333332724869251,1,mppt
4.989999771118164,0.009999999776482582,1,mppt
6.329999923706055,0.03999999910593033,1,mppt
4.679999828338623,0.006666666362434626,1,mppt
4.889999866485596,0.013333332724869251,1,mppt
5.420000076293945,0.009999999776482582,1,mppt
3.380000114440918,0.009999999776482582,1,mppt
3.75,0.019999999552965164,1,mppt
4.369999885559082,0.009999999776482582,1,mppt
4.460000038146973,0.009999999776482582,1,mppt
3.6500000953674316,0.03999999910593033,1,mppt
3.819999933242798,0.009999999776482582,1,mppt
3.700000047683716,0.009999999776482582,1,mppt
5.619999885559082,0.009999999776482582,1,mppt
4.650000095367432,0.009999999776482582,1,mppt
4.739999771118164,0.019999999552965164,1,mppt
3.8399999141693115,0.03999999910593033,1,mppt
4.559999942779541,0.009999999776482582,1,mppt
3.700000047683716,0.009999999776482582,1,mppt
4.869999885559082,0.009999999776482582,1,mppt
4.599999904632568,0.009999999776482582,1,mppt
4.800000190734863,0.009999999776482582,1,mppt
5.380000114440918,-1.5099998712539673,1,mppt
5.889999866485596,0.01666666567325592,1,mppt
4.659999847412109,0.009999999776482582,1,mppt
5.599999904632568,0.009999999776482582,1,mppt
5.900000095367432,0.013333332724869251,1,mppt
4.960000038146973,0.009999999776482582,1,mppt
4.659999847412109,0.009999999776482582,1,mppt
5.170000076293945,0.009999999776482582,1,mppt
5.369999885559082,0.013333332724869251,1,mppt
6.960000038146973,0.009999999776482582,1,mppt
4.699999809265137,0.009999999776482582,1,mppt
5.260000228881836,0.009999999776482582,1,mppt
4.909999847412109,0.009999999776482582,1,mppt
5.260000228881836,0.009999999776482582,1,mppt
5.829999923706055,0.009999999776482582,1,mppt
5.179999828338623,0.01666666567325592,1,mppt
5.880000114440918,0.013333332724869251,1,mppt
6.559999942779541,0.009999999776482582,1,mppt
4.119999885559082,0.009999999776482582,1,mppt
7.949999809265137,0.009999999776482582,1,mppt
6.679999828338623,0.009999999776482582,1,mppt
6.420000076293945,0.009999999776482582,1,mppt
7.239999771118164,-0.49000000953674316,1,mppt
6.059999942779541,0.009999999776482582,1,mppt
4.880000114440918,0.009999999776482582,1,mppt
6.639999866485596,0.006666666362434626,1,mppt
6.010000228881836,0.009999999776482582,1,mppt
5.199999809265137,0.009999999776482582,1,mppt
7.539999961853027,0.03999999910593033,1,mppt
5.090000152587891,0.07999999821186066,1,mppt
4.570000171661377,0.11999999731779099,1,mppt
6.869999885559082,0.30000001192092896,1,mppt
6.840000152587891,0.07000000029802322,1,mppt
6.159999847412109,0.1899999976158142,1,mppt
7.630000114440918,0.03999999910593033,1,mppt
7.449999809265137,0.009999999776482582,1,mppt
5.369999885559082,0.019999999552965164,1,mppt
6.739999771118164,0.019999999552965164,1,mppt
6.820000171661377,0.019999999552965164,1,mppt
5.590000152587891,-0.4099999964237213,1,mppt
8.579999923706055,0.029999999329447746,1,mppt
5.21999979019165,0.029999999329447746,1,mppt
6.210000038146973,-0.15000000596046448,1,mppt
5.25,0.029999999329447746,1,mppt
8.210000038146973,0.046666666865348816,1,mppt
4.829999923706055,0.019999999552965164,1,mppt
4.980000019073486,0.02333333157002926,1,mppt
4.570000171661377,0.026666665449738503,1,mppt
5.050000190734863,-1.940000057220459,1,mppt
6.440000057220459,0.5699999928474426,1,mppt
5.510000228881836,0.03999999910593033,1,mppt
4.559999942779541,0.05999999865889549,1,mppt
5.340000152587891,0.10000000149011612,1,mppt
6.269999980926514,0.46000000834465027,1,mppt
4.989999771118164,0.3100000023841858,1,mppt
6.010000228881836,23.93666648864746,3,transition
5.650000095367432,0.9800000190734863,1,mppt
5.079999923706055,0.14000000059604645,1,mppt
5.610000133514404,0.8399999737739563,1,mppt
6.449999809265137,0.25,1,mppt
5.619999885559082,0.4000000059604645,1,mppt
5.739999771118164,0.6700000166893005,1,mppt
5.389999866485596,0.29666668176651,1,mppt
5.71999979019165,0.3499999940395355,1,mppt
5.75,0.10000000149011612,1,mppt
4.570000171661377,0.46000000834465027,1,mppt
7.099999904632568,0.07000000029802322,1,mppt
9.359999656677246,0.7400000095367432,1,mppt
5.010000228881836,0.2800000011920929,1,mppt
5.389999866485596,0.23999999463558197,1,mppt
5.559999942779541,0.10000000149011612,1,mppt
5.340000152587891,0.9200000166893005,1,mppt
5.659999847412109,0.5799999833106995,1,mppt
9.489999771118164,0.8299999833106995,1,mppt
5.070000171661377,0.23999999463558197,1,mppt
7.610000133514404,0.2199999839067459,1,mppt
5.03000020980835,0.36000001430511475,1,mppt
6.130000114440918,0.6700000166893005,1,mppt
4.699999809265137,0.28999999165534973,1,mppt
8.430000305175781,0.09000000357627869,1,mppt
5.380000114440918,0.6100000143051147,1,mppt
5.840000152587891,0.11999999731779099,1,mppt
4.880000114440918,0.019999999552965164,1,mppt
5.349999904632568,0.029999999329447746,1,mppt
4.989999771118164,0.01666666567325592,1,mppt
4.820000171661377,0.029999999329447746,1,mppt
5.03000020980835,0.009999999776482582,1,mppt
5.619999885559082,0.009999999776482582,1,mppt
5.349999904632568,0.009999999776482582,1,mppt
5.46999979019165,0.029999999329447746,1,mppt
5.320000171661377,-0.47999998927116394,1,mppt
5.46999979019165,0.019999999552965164,1,mppt
5.849999904632568,0.019999999552965164,1,mppt
5.860000133514404,0.029999999329447746,1,mppt
5.119999885559082,0.03999999910593033,1,mppt
6.010000228881836,0.11999999731779099,1,mppt
5.909999847412109,0.10000000149011612,1,mppt
5.099999904632568,0.029999999329447746,1,mppt
6.539999961853027,0.6700000166893005,1,mppt
5.090000152587891,0.6299999952316284,1,mppt
5.230000019073486,0.6299999952316284,1,mppt
5.920000076293945,0.019999999552965164,1,mppt
8.3100004196167,0.05000000074505806,1,mppt
6.039999961853027,0.07666666060686111,1,mppt
5.429999828338623,0.05000000074505806,1,mppt
6.300000190734863,0.02333333157002926,1,mppt
4.639999866485596,0.029999999329447746,1,mppt
5.440000057220459,0.029999999329447746,1,mppt
5.800000190734863,0.019999999552965164,1,mppt
6.630000114440918,0.013333332724869251,1,mppt
8.65999984741211,0.019999999552965164,1,mppt
6.199999809265137,0.019999999552965164,1,mppt
7.53000020980835,-1.9633334875106812,1,mppt
6.28000020980835,0.03999999910593033,1,mppt
6.380000114440918,0.019999999552965164,1,mppt
8.0600004196167,0.029999999329447746,1,mppt
6.300000190734863,0.029999999329447746,1,mppt
6.059999942779541,0.019999999552965164,1,mppt
5.96999979019165,0.029999999329447746,1,mppt
7.130000114440918,0.019999999552965164,1,mppt
6.53000020980835,0.07999999821186066,1,mppt
6.909999847412109,0.07999999821186066,1,mppt
6.039999961853027,0.019999999552965164,1,mppt
8.039999961853027,0.27666667103767395,1,mppt
7.650000095367432,-0.47999998927116394,1,mppt
6.550000190734863,0.019999999552965164,1,mppt
5.940000057220459,0.03999999910593033,1,mppt
6.369999885559082,0.026666665449738503,1,mppt
8.800000190734863,0.026666665449738503,1,mppt
5.260000228881836,0.029999999329447746,1,mppt
6.510000228881836,0.029999999329447746,1,mppt
7.309999942779541,0.05999999865889549,1,mppt
6.230000019073486,0.029999999329447746,1,mppt
5.570000171661377,0.029999999329447746,1,mppt
7.659999847412109,0.036666665226221085,1,mppt
7.639999866485596,0.28999999165534973,1,mppt
5.820000171661377,0.12333333492279053,1,mppt
5.429999828338623,-1.940000057220459,1,mppt
5.739999771118164,0.30000001192092896,1,mppt
5.150000095367432,0.2800000011920929,1,mppt
8.34000015258789,0.85999995470047,1,mppt
8.850000381469727,0.6100000143051147,1,mppt
7.579999923706055,0.3499999940395355,1,mppt
7.199999809265137,4.78000020980835,3,transition
7.900000095367432,0.3733333349227905,1,mppt
9.149999618530273,0.1899999976158142,1,mppt
5.840000152587891,0.01666666567325592,1,mppt
5.099999904632568,0.8199999928474426,1,mppt
10.069999694824219,0.46000000834465027,1,mppt
6.320000171661377,0.019999999552965164,1,mppt
5.349999904632568,0.009999999776482582,1,mppt
5.809999942779541,0.046666666865348816,1,mppt
5.260000228881836,0.046666666865348816,1,mppt
5.239999771118164,0.009999999776482582,1,mppt
4.940000057220459,0.019999999552965164,1,mppt
5.329999923706055,0.009999999776482582,1,mppt
5.800000190734863,0.019999999552965164,1,mppt
6.929999828338623,0.01666666567325592,1,mppt
7.349999904632568,0.009999999776482582,1,mppt
5.320000171661377,0.019999999552965164,1,mppt
5.96999979019165,0.019999999552965164,1,mppt
6.150000095367432,0.019999999552965164,1,mppt
7.179999828338623,0.01666666567325592,1,mppt
5.699999809265137,0.029999999329447746,1,mppt
5.929999828338623,0.029999999329447746,1,mppt
6.21999979019165,0.013333332724869251,1,mppt
6.119999885559082,0.03333333134651184,1,mppt
6.360000133514404,0.019999999552965164,1,mppt
6.28000020980835,0.029999999329447746,1,mppt
7.429999828338623,-1.9800000190734863,1,mppt
5.630000114440918,0.019999999552965164,1,mppt
6.289999961853027,0.009999999776482582,1,mppt
7.329999923706055,1.0199999809265137,1,mppt
7.539999961853027,0.07999999821186066,1,mppt
6.199999809265137,0.019999999552965164,1,mppt
7.010000228881836,0.019999999552965164,1,mppt
5.630000114440918,0.029999999329447746,1,mppt
7.710000038146973,1.0399999618530273,1,mppt
6.880000114440918,1.899999976158142,1,mppt
6.320000171661377,2.7300002574920654,3,transition
8.140000343322754,1.0099999904632568,1,mppt
6.5,1.9800000190734863,1,mppt
5.860000133514404,3.109999895095825,3,transition
7.139999866485596,1.0800000429153442,1,mppt
6.659999847412109,0.49000000953674316,1,mppt
7.800000190734863,0.17000000178813934,1,mppt
7.360000133514404,-0.1599999964237213,1,mppt
6.590000152587891,1.090000033378601,1,mppt
8.699999809265137,-0.3199999928474426,1,mppt
6.119999885559082,0.5199999809265137,1,mppt
8.300000190734863,-1.2200000286102295,1,mppt
7.360000133514404,0.3799999952316284,1,mppt
7.349999904632568,-1.4866666793823242,1,mppt
7.079999923706055,0.019999999552965164,1,mppt
6.360000133514404,0.01666666567325592,1,mppt
9.130000114440918,0.5899999737739563,1,mppt
6.010000228881836,0.03333333507180214,1,mppt
7.199999809265137,0.019999999552965164,1,mppt
6.269999980926514,0.019999999552965164,1,mppt
6.840000152587891,0.10999999195337296,1,mppt
7.789999961853027,0.036666665226221085,1,mppt
6.730000019073486,0.02333333157002926,1,mppt
8.0600004196167,0.05000000074505806,1,mppt
7.539999961853027,-1.9800000190734863,1,mppt
5.360000133514404,0.029999999329447746,1,mppt
7.590000152587891,0.03999999910593033,1,mppt
6.889999866485596,0.019999999552965164,1,mppt
7.570000171661377,0.03999999910593033,1,mppt
7.199999809265137,0.019999999552965164,1,mppt
6.679999828338623,0.019999999552965164,1,mppt
8.149999618530273,0.013333332724869251,1,mppt
7.800000190734863,0.029999999329447746,1,mppt
7.46999979019165,-0.04333333298563957,1,mppt
6.179999828338623,0.019999999552965164,1,mppt
7.690000057220459,0.05000000074505806,1,mppt
6.199999809265137,0.026666665449738503,1,mppt
5.920000076293945,0.02333333157002926,1,mppt
6.28000020980835,0.029999999329447746,1,mppt
6.260000228881836,0.07000000029802322,1,mppt
7.28000020980835,0.019999999552965164,1,mppt
6.130000114440918,0.019999999552965164,1,mppt
8.220000267028809,-0.9800000190734863,1,mppt
7.329999923706055,0.029999999329447746,1,mppt
5.949999809265137,0.019999999552965164,1,mppt
6.980000019073486,0.009999999776482582,1,mppt
8.130000114440918,0.05000000074505806,1,mppt
7.659999847412109,0.019999999552965164,1,mppt
9.600000381469727,0.03999999910593033,1,mppt
7.679999828338623,0.019999999552965164,1,mppt
7.599999904632568,0.03333333507180214,1,mppt
5.78000020980835,0.019999999552965164,1,mppt
6.519999980926514,0.02333333157002926,1,mppt
7.179999828338623,0.01666666567325592,1,mppt
6.590000152587891,0.009999999776482582,1,mppt
7.639999866485596,0.009999999776482582,1,mppt
6.320000171661377,0.009999999776482582,1,mppt
7.699999809265137,0.009999999776482582,1,mppt
7.650000095367432,0.009999999776482582,1,mppt
6.809999942779541,0.013333332724869251,1,mppt
5.849999904632568,0.009999999776482582,1,mppt
8.59000015258789,0.07000000029802322,1,mppt
7.510000228881836,-0.49000000953674316,1,mppt
6.050000190734863,0.009999999776482582,1,mppt
6.139999866485596,0.026666665449738503,1,mppt
6.980000019073486,0.009999999776482582,1,mppt
7.429999828338623,0.009999999776482582,1,mppt
7.940000057220459,0.03999999910593033,1,mppt
5.900000095367432,0.009999999776482582,1,mppt
8.039999961853027,0.5099999904632568,1,mppt
6.099999904632568,0.009999999776482582,1,mppt
6.239999771118164,0.03999999910593033,1,mppt
6.75,0.023333333432674408,1,mppt
5.849999904632568,0.009999999776482582,1,mppt
0.0,0.0,0,idle
6.199999809265137,0.009999999776482582,1,mppt
6.429999828338623,0.013333332724869251,1,mppt
6.449999809265137,0.009999999776482582,1,mppt
5.559999942779541,0.009999999776482582,1,mppt
5.809999942779541,0.013333332724869251,1,mppt
5.329999923706055,0.009999999776482582,1,mppt
4.659999847412109,0.009999999776482582,1,mppt
4.809999942779541,-0.9900000095367432,1,mppt
5.849999904632568,0.03333333507180214,1,mppt
6.119999885559082,0.009999999776482582,1,mppt
3.930000066757202,0.009999999776482582,1,mppt
4.840000152587891,0.013333332724869251,1,mppt
5.599999904632568,0.009999999776482582,1,mppt
6.75,0.009999999776482582,1,mppt
6.420000076293945,0.03999999910593033,1,mppt
6.739999771118164,0.009999999776482582,1,mppt
5.71999979019165,-0.44999995827674866,1,mppt
3.7699999809265137,0.009999999776482582,1,mppt
8.130000114440918,-0.49000000953674316,1,mppt
6.28000020980835,0.009999999776482582,1,mppt
5.170000076293945,0.013333332724869251,1,mppt
5.920000076293945,0.009999999776482582,1,mppt
5.269999980926514,0.01666666567325592,1,mppt
6.269999980926514,0.009999999776482582,1,mppt
5.0,0.009999999776482582,1,mppt
4.5,0.009999999776482582,1,mppt
6.300000190734863,0.009999999776482582,1,mppt
5.289999961853027,0.009999999776482582,1,mppt
8.119999885559082,0.009999999776482582,1,mppt
5.079999923706055,0.009999999776482582,1,mppt
6.260000228881836,0.009999999776482582,1,mppt
5.670000076293945,-0.47999998927116394,1,mppt
5.940000057220459,0.009999999776482582,1,mppt
6.510000228881836,0.009999999776482582,1,mppt
4.75,0.009999999776482582,1,mppt
4.619999885559082,0.009999999776482582,1,mppt
4.920000076293945,0.009999999776482582,1,mppt
5.340000152587891,0.009999999776482582,1,mppt
6.519999980926514,0.009999999776482582,1,mppt
8.210000038146973,-1.4900001287460327,1,mppt
7.480000019073486,0.009999999776482582,1,mppt
4.019999980926514,0.009999999776482582,1,mppt
6.03000020980835,0.009999999776482582,1,mppt
8.380000114440918,-0.9900000095367432,1,mppt
6.300000190734863,0.009999999776482582,1,mppt
5.139999866485596,0.009999999776482582,1,mppt
6.5,0.009999999776482582,1,mppt
6.909999847412109,0.009999999776482582,1,mppt
5.940000057220459,0.009999999776482582,1,mppt
8.239999771118164,0.009999999776482582,1,mppt
6.71999979019165,0.013333332724869251,1,mppt
5.949999809265137,0.009999999776482582,1,mppt
7.78000020980835,0.009999999776482582,1,mppt
5.869999885559082,0.009999999776482582,1,mppt
5.21999979019165,0.009999999776482582,1,mppt
4.849999904632568,0.009999999776482582,1,mppt
7.420000076293945,0.013333332724869251,1,mppt
6.71999979019165,0.013333332724869251,1,mppt
7.119999885559082,0.009999999776482582,1,mppt
7.369999885559082,0.006666666362434626,1,mppt
6.440000057220459,0.009999999776482582,1,mppt
5.639999866485596,0.009999999776482582,1,mppt
7.860000133514404,0.009999999776482582,1,mppt
6.489999771118164,0.009999999776482582,1,mppt
7.75,0.009999999776482582,1,mppt
7.019999980926514,-0.9900000095367432,1,mppt
5.78000020980835,0.009999999776482582,1,mppt
7.610000133514404,0.009999999776482582,1,mppt
7.070000171661377,0.009999999776482582,1,mppt
6.070000171661377,0.009999999776482582,1,mppt
5.75,0.009999999776482582,1,mppt
5.050000190734863,0.009999999776482582,1,mppt
8.0600004196167,0.009999999776482582,1,mppt
7.050000190734863,0.009999999776482582,1,mppt
8.6899995803833,0.009999999776482582,1,mppt
5.539999961853027,0.009999999776482582,1,mppt
6.389999866485596,0.019999999552965164,1,mppt
7.739999771118164,-0.9900000095367432,1,mppt
8.229999542236328,0.03999999910593033,1,mppt
6.809999942779541,0.026666665449738503,1,mppt
8.170000076293945,0.009999999776482582,1,mppt
6.139999866485596,0.009999999776482582,1,mppt
7.25,0.029999999329447746,1,mppt
7.210000038146973,0.026666665449738503,1,mppt
6.940000057220459,0.009999999776482582,1,mppt
6.619999885559082,0.009999999776482582,1,mppt
6.0,0.009999999776482582,1,mppt
6.440000057220459,0.009999999776482582,1,mppt
7.849999904632568,0.009999999776482582,1,mppt
6.400000095367432,-1.6399999856948853,1,mppt
6.0,0.009999999776482582,1,mppt
6.889999866485596,0.009999999776482582,1,mppt
6.690000057220459,0.009999999776482582,1,mppt
7.409999847412109,0.009999999776482582,1,mppt
5.869999885559082,0.013333332724869251,1,mppt
6.289999961853027,0.009999999776482582,1,mppt
6.429999828338623,0.009999999776482582,1,mppt
5.739999771118164,0.009999999776482582,1,mppt
5.860000133514404,-0.27000001072883606,1,mppt
4.869999885559082,0.009999999776482582,1,mppt
6.090000152587891,0.013333332724869251,1,mppt
7.190000057220459,0.009999999776482582,1,mppt
5.610000133514404,0.009999999776482582,1,mppt
5.329999923706055,0.009999999776482582,1,mppt
5.670000076293945,0.009999999776482582,1,mppt
5.699999809265137,0.009999999776482582,1,mppt
4.28000020980835,0.013333332724869251,1,mppt
7.360000133514404,0.009999999776482582,1,mppt
8.0,0.03999999910593033,1,mppt
6.079999923706055,0.036666665226221085,1,mppt
5.179999828338623,0.013333332724869251,1,mppt
5.710000038146973,0.009999999776482582,1,mppt
5.510000228881836,0.009999999776482582,1,mppt
4.5,0.009999999776482582,1,mppt
8.369999885559082,0.013333332724869251,1,mppt
5.510000228881836,0.009999999776482582,1,mppt
4.730000019073486,0.009999999776482582,1,mppt
4.510000228881836,0.009999999776482582,1,mppt
5.159999847412109,0.009999999776482582,1,mppt
8.470000267028809,0.013333332724869251,1,mppt
4.389999866485596,0.009999999776482582,1,mppt
4.670000076293945,0.009999999776482582,1,mppt
5.21999979019165,0.01666666567325592,1,mppt
6.190000057220459,0.013333332724869251,1,mppt
6.78000020980835,0.013333332724869251,1,mppt
5.400000095367432,0.009999999776482582,1,mppt
5.710000038146973,-1.8600000143051147,1,mppt
4.460000038146973,0.009999999776482582,1,mppt
6.449999809265137,0.013333332724869251,1,mppt
5.260000228881836,0.009999999776482582,1,mppt
5.150000095367432,0.036666665226221085,1,mppt
6.519999980926514,0.009999999776482582,1,mppt
5.449999809265137,0.009999999776482582,1,mppt
6.480000019073486,0.009999999776482582,1,mppt
6.820000171661377,0.009999999776482582,1,mppt
5.320000171661377,0.009999999776482582,1,mppt
5.210000038146973,0.009999999776482582,1,mppt
5.929999828338623,0.009999999776482582,1,mppt
5.269999980926514,0.009999999776482582,1,mppt
5.03000020980835,0.019999999552965164,1,mppt
6.170000076293945,0.036666665226221085,1,mppt
5.380000114440918,0.013333332724869251,1,mppt
5.429999828338623,0.009999999776482582,1,mppt
4.480000019073486,0.009999999776482582,1,mppt
5.619999885559082,0.009999999776482582,1,mppt
5.210000038146973,0.036666665226221085,1,mppt
5.800000190734863,0.036666665226221085,1,mppt
5.019999980926514,0.009999999776482582,1,mppt
4.849999904632568,-1.9900001287460327,1,mppt
5.800000190734863,0.036666665226221085,1,mppt
4.760000228881836,-0.49000000953674316,1,mppt
4.679999828338623,0.009999999776482582,1,mppt
6.360000133514404,0.009999999776482582,1,mppt
3.990000009536743,0.009999999776482582,1,mppt
4.880000114440918,0.009999999776482582,1,mppt
3.6500000953674316,0.009999999776482582,1,mppt
4.190000057220459,0.009999999776482582,1,mppt
5.260000228881836,0.009999999776482582,1,mppt
4.909999847412109,0.013333332724869251,1,mppt
5.46999979019165,0.009999999776482582,1,mppt
6.53000020980835,0.009999999776482582,1,mppt
6.019999980926514,-0.49000000953674316,1,mppt
5.909999847412109,0.013333332724869251,1,mppt
6.239999771118164,0.036666665226221085,1,mppt
5.039999961853027,0.009999999776482582,1,mppt
5.650000095367432,0.009999999776482582,1,mppt
4.889999866485596,0.009999999776482582,1,mppt
6.25,0.009999999776482582,1,mppt
5.28000020980835,0.009999999776482582,1,mppt
7.139999866485596,0.036666665226221085,1,mppt
4.150000095367432,0.009999999776482582,1,mppt
4.320000171661377,0.009999999776482582,1,mppt
5.230000019073486,0.01666666567325592,1,mppt
5.21999979019165,0.009999999776482582,1,mppt
6.139999866485596,0.036666665226221085,1,mppt
4.630000114440918,0.009999999776482582,1,mppt
4.829999923706055,0.05000000074505806,1,mppt
5.110000133514404,0.009999999776482582,1,mppt
5.849999904632568,0.4699999988079071,1,mppt
4.679999828338623,0.009999999776482582,1,mppt
3.9800000190734863,0.009999999776482582,1,mppt
4.010000228881836,0.009999999776482582,1,mppt
4.5,0.009999999776482582,1,mppt
4.269999980926514,0.009999999776482582,1,mppt
4.570000171661377,0.009999999776482582,1,mppt
5.320000171661377,0.019999999552965164,1,mppt
4.880000114440918,0.009999999776482582,1,mppt
4.820000171661377,-1.9900001287460327,1,mppt
3.9200000762939453,0.009999999776482582,1,mppt
4.559999942779541,0.009999999776482582,1,mppt
3.7300000190734863,0.009999999776482582,1,mppt
3.3299999237060547,0.036666665226221085,1,mppt
3.319999933242798,0.009999999776482582,1,mppt
4.46999979019165,-0.9900000095367432,1,mppt
5.170000076293945,0.03333333507180214,1,mppt
4.739999771118164,0.019999999552965164,1,mppt
4.25,0.01666666567325592,1,mppt
5.610000133514404,0.49000000953674316,1,mppt
4.139999866485596,0.009999999776482582,1,mppt
3.740000009536743,0.009999999776482582,1,mppt
4.230000019073486,-0.9900000095367432,1,mppt
4.519999980926514,0.01666666567325592,1,mppt
4.820000171661377,0.009999999776482582,1,mppt
3.8499999046325684,0.036666665226221085,1,mppt
3.6600000858306885,0.009999999776482582,1,mppt
2.7300000190734863,0.009999999776482582,0,idle
5.639999866485596,0.009999999776482582,1,mppt
5.159999847412109,0.009999999776482582,1,mppt
2.7300000190734863,0.009999999776482582,0,idle
2.5299999713897705,0.009999999776482582,0,idle
5.46999979019165,0.03333333507180214,1,mppt
5.800000190734863,0.009999999776482582,1,mppt
4.039999961853027,0.009999999776482582,1,mppt
4.929999828338623,0.009999999776482582,1,mppt
4.619999885559082,0.036666665226221085,1,mppt
4.590000152587891,0.013333332724869251,1,mppt
3.640000104904175,0.009999999776482582,1,mppt
2.890000104904175,0.009999999776482582,0,idle
3.890000104904175,0.013333332724869251,1,mppt
4.46999979019165,0.009999999776482582,1,mppt
3.299999952316284,0.019999999552965164,1,mppt
3.1500000953674316,0.009999999776482582,1,mppt
3.9600000381469727,0.036666665226221085,1,mppt
6.650000095367432,-0.009999999776482582,1,mppt
4.960000038146973,0.009999999776482582,1,mppt
4.599999904632568,0.009999999776482582,1,mppt
4.610000133514404,0.009999999776482582,1,mppt
3.4200000762939453,0.009999999776482582,1,mppt
3.6500000953674316,0.019999999552965164,1,mppt
4.78000020980835,0.009999999776482582,1,mppt
3.9100000858306885,-0.49000000953674316,1,mppt
3.7200000286102295,0.029999999329447746,1,mppt
4.389999866485596,0.013333332724869251,1,mppt
4.159999847412109,0.009999999776482582,1,mppt
3.059999942779541,0.009999999776482582,1,mppt
3.200000047683716,0.009999999776482582,1,mppt
4.480000019073486,-1.9900001287460327,1,mppt
3.1500000953674316,0.013333332724869251,1,mppt
3.180000066757202,0.6899999976158142,1,mppt
3.5799999237060547,0.009999999776482582,1,mppt
2.9100000858306885,0.009999999776482582,0,idle
4.400000095367432,0.036666665226221085,1,mppt
3.7699999809265137,0.009999999776482582,1,mppt
3.569999933242798,0.009999999776482582,1,mppt
5.190000057220459,0.029999999329447746,1,mppt
4.21999979019165,0.009999999776482582,1,mppt
4.429999828338623,0.023333333432674408,1,mppt
4.090000152587891,0.009999999776482582,1,mppt
3.2899999618530273,0.009999999776482582,1,mppt
3.9100000858306885,0.009999999776482582,1,mppt
4.019999980926514,0.009999999776482582,1,mppt
3.2699999809265137,0.009999999776482582,1,mppt
4.039999961853027,0.009999999776482582,1,mppt
4.190000057220459,0.009999999776482582,1,mppt
4.690000057220459,0.009999999776482582,1,mppt
3.200000047683716,0.009999999776482582,1,mppt
4.099999904632568,0.009999999776482582,1,mppt
3.2699999809265137,0.009999999776482582,1,mppt
3.700000047683716,0.01666666567325592,1,mppt
3.5299999713897705,0.009999999776482582,1,mppt
4.059999942779541,0.009999999776482582,1,mppt
3.799999952316284,0.019999999552965164,1,mppt
3.7300000190734863,0.009999999776482582,1,mppt
3.5,0.009999999776482582,1,mppt
3.059999942779541,0.009999999776482582,1,mppt
4.829999923706055,0.03999999910593033,1,mppt
4.059999942779541,0.013333332724869251,1,mppt
5.679999828338623,0.013333332724869251,1,mppt
3.619999885559082,0.009999999776482582,1,mppt
4.429999828338623,0.009999999776482582,1,mppt
3.880000114440918,0.009999999776482582,1,mppt
5.010000228881836,0.013333332724869251,1,mppt
4.28000020980835,0.009999999776482582,1,mppt
3.630000114440918,0.009999999776482582,1,mppt
4.369999885559082,0.009999999776482582,1,mppt
4.159999847412109,0.009999999776482582,1,mppt
2.7699999809265137,0.009999999776482582,0,idle
2.940000057220459,0.009999999776482582,0,idle
2.7300000190734863,0.009999999776482582,0,idle
3.2899999618530273,0.009999999776482582,1,mppt
4.099999904632568,0.009999999776482582,1,mppt
3.6700000762939453,0.009999999776482582,1,mppt
3.9200000762939453,0.01666666567325592,1,mppt
3.490000009536743,0.009999999776482582,1,mppt
3.950000047683716,0.009999999776482582,1,mppt
4.460000038146973,0.009999999776482582,1,mppt
3.799999952316284,0.009999999776482582,1,mppt
2.5899999141693115,0.009999999776482582,0,idle
3.950000047683716,0.009999999776482582,1,mppt
3.0199999809265137,0.009999999776482582,1,mppt
3.180000066757202,0.036666665226221085,1,mppt
3.809999942779541,-0.49000000953674316,1,mppt
3.3399999141693115,0.009999999776482582,1,mppt
3.8499999046325684,0.013333332724869251,1,mppt
3.059999942779541,0.036666665226221085,1,mppt
3.2799999713897705,0.03999999910593033,1,mppt
3.069999933242798,0.04000000283122063,1,mppt
2.7799999713897705,0.009999999776482582,0,idle
2.1700000762939453,0.013333332724869251,0,idle
2.7899999618530273,0.009999999776482582,0,idle
2.4700000286102295,0.009999999776482582,0,idle
2.1500000953674316,0.009999999776482582,0,idle
1.809999942779541,0.009999999776482582,0,idle
3.1500000953674316,0.03999999910593033,1,mppt
2.0399999618530273,0.036666665226221085,0,idle
1.4500000476837158,0.009999999776482582,0,idle
2.240000009536743,0.009999999776482582,0,idle
2.4200000762939453,0.009999999776482582,0,idle
2.4800000190734863,0.009999999776482582,0,idle
2.7100000381469727,-0.49000000953674316,0,idle
1.5399999618530273,49.85667037963867,0,idle
1.6699999570846558,85.85000610351562,0,idle
1.8600000143051147,0.009999999776482582,0,idle
1.5199999809265137,0.009999999776482582,0,idle
1.5399999618530273,90.20000457763672,0,idle
1.7699999809265137,0.009999999776482582,0,idle
2.2799999713897705,0.009999999776482582,0,idle
1.350000023841858,0.800000011920929,0,idle
1.659999966621399,0.009999999776482582,0,idle
1.2799999713897705,89.8699951171875,0,idle
1.9299999475479126,85.76000213623047,0,idle
1.5199999809265137,0.009999999776482582,0,idle
1.8300000429153442,90.27667236328125,0,idle
1.6699999570846558,90.19000244140625,0,idle
1.409999966621399,90.28667449951172,0,idle
1.6100000143051147,90.23666381835938,0,idle
1.5800000429153442,11.980000495910645,0,idle
1.309999942779541,89.46334075927734,0,idle
1.409999966621399,89.46334075927734,0,idle
1.559999942779541,88.34667205810547,0,idle
1.440000057220459,90.19666290283203,0,idle
1.7100000381469727,85.7699966430664,0,idle
1.5399999618530273,83.85000610351562,0,idle
1.4900000095367432,89.6433334350586,0,idle
1.399999976158142,83.85333251953125,0,idle
1.6100000143051147,90.19666290283203,0,idle
1.6399999856948853,90.30333709716797,0,idle
1.5,90.05999755859375,0,idle
1.409999966621399,89.4766616821289,0,idle
1.5499999523162842,83.82333374023438,0,idle
1.7300000190734863,89.78665924072266,0,idle
1.4600000381469727,90.2366714477539,0,idle
1.559999942779541,89.50333404541016,0,idle
1.6100000143051147,0.009999999776482582,0,idle
1.440000057220459,89.9766616821289,0,idle
1.2899999618530273,90.31999969482422,0,idle
1.2899999618530273,0.009999999776482582,0,idle
1.2100000381469727,90.28665924072266,0,idle
1.5199999809265137,90.31999969482422,0,idle
2.690000057220459,90.30333709716797,0,idle
1.8200000524520874,90.25,0,idle
2.2100000381469727,0.009999999776482582,0,idle
2.740000009536743,71.17333221435547,0,idle
2.009999990463257,89.49333953857422,0,idle
1.8700000047683716,89.6433334350586,0,idle
1.9299999475479126,90.24666595458984,0,idle
2.2200000286102295,90.21332550048828,0,idle
2.4600000381469727,90.28667449951172,0,idle
2.369999885559082,0.009999999776482582,0,idle
2.9600000381469727,0.009999999776482582,0,idle
3.2799999713897705,0.009999999776482582,1,mppt
2.6500000953674316,89.58333587646484,0,idle
1.9500000476837158,90.336669921875,0,idle
2.2300000190734863,86.1833267211914,0,idle
3.4700000286102295,0.009999999776482582,1,mppt
2.1700000762939453,90.28667449951172,0,idle
3.2100000381469727,0.009999999776482582,1,mppt
2.3399999141693115,0.009999999776482582,0,idle
3.119999885559082,0.009999999776482582,1,mppt
3.630000114440918,0.009999999776482582,1,mppt
2.9000000953674316,0.009999999776482582,0,idle
3.319999933242798,0.009999999776482582,1,mppt
4.880000114440918,0.5099999904632568,1,mppt
4.059999942779541,0.03333333134651184,1,mppt
2.2200000286102295,90.32666778564453,0,idle
2.809999942779541,0.009999999776482582,0,idle
3.859999895095825,0.009999999776482582,1,mppt
3.990000009536743,0.009999999776482582,1,mppt
2.700000047683716,0.009999999776482582,0,idle
2.759999990463257,0.009999999776482582,0,idle
2.4800000190734863,0.009999999776482582,0,idle
2.5,83.40666961669922,0,idle
1.4500000476837158,0.009999999776482582,0,idle
1.7100000381469727,0.009999999776482582,0,idle
2.059999942779541,85.42333984375,0,idle
3.809999942779541,0.009999999776482582,1,mppt
2.609999895095825,0.009999999776482582,0,idle
2.450000047683716,82.07333374023438,0,idle
2.890000104904175,-1.4900001287460327,0,idle
2.309999942779541,-0.49000000953674316,0,idle
2.2699999809265137,0.009999999776482582,0,idle
2.4200000762939453,0.009999999776482582,0,idle
2.7699999809265137,0.009999999776482582,0,idle
1.9500000476837158,0.009999999776482582,0,idle
2.5,0.009999999776482582,0,idle
1.940000057220459,0.009999999776482582,0,idle
2.009999990463257,46.78666687011719,0,idle
2.200000047683716,0.009999999776482582,0,idle
2.4100000858306885,0.009999999776482582,0,idle
4.070000171661377,0.009999999776482582,1,mppt
2.9600000381469727,0.009999999776482582,0,idle
2.2799999713897705,0.009999999776482582,0,idle
3.299999952316284,0.009999999776482582,1,mppt
2.2100000381469727,90.37667083740234,0,idle
2.2899999618530273,0.009999999776482582,0,idle
2.7300000190734863,0.009999999776482582,0,idle
3.2100000381469727,0.009999999776482582,1,mppt
2.5999999046325684,83.43000030517578,0,idle
1.7300000190734863,-0.9900000095367432,0,idle
3.8299999237060547,0.009999999776482582,1,mppt
2.299999952316284,0.009999999776482582,0,idle
2.5299999713897705,0.009999999776482582,0,idle
2.740000009536743,0.009999999776482582,0,idle
1.9800000190734863,0.009999999776482582,0,idle
2.5,-0.49000000953674316,0,idle
2.5199999809265137,0.009999999776482582,0,idle
1.75,0.009999999776482582,0,idle
1.9700000286102295,0.009999999776482582,0,idle
1.4600000381469727,0.009999999776482582,0,idle
1.0499999523162842,0.009999999776482582,0,idle
2.2699999809265137,0.009999999776482582,0,idle
1.559999942779541,0.009999999776482582,0,idle
2.559999942779541,0.009999999776482582,0,idle
1.8799999952316284,0.009999999776482582,0,idle
1.559999942779541,0.009999999776482582,0,idle
2.309999942779541,0.009999999776482582,0,idle
1.6699999570846558,90.23999786376953,0,idle
4.210000038146973,-0.7699999809265137,1,mppt
1.4500000476837158,0.009999999776482582,0,idle
1.9700000286102295,0.009999999776482582,0,idle
2.8499999046325684,0.009999999776482582,0,idle
1.7699999809265137,0.009999999776482582,0,idle
1.9600000381469727,0.009999999776482582,0,idle
2.140000104904175,0.009999999776482582,0,idle
1.809999942779541,0.009999999776482582,0,idle
4.440000057220459,0.009999999776482582,1,mppt
1.7999999523162842,0.009999999776482582,0,idle
2.75,0.009999999776482582,0,idle
1.7000000476837158,85.9000015258789,0,idle
3.5899999141693115,0.009999999776482582,1,mppt
1.2799999713897705,0.009999999776482582,0,idle
2.059999942779541,0.009999999776482582,0,idle
3.119999885559082,0.009999999776482582,1,mppt
1.5700000524520874,0.009999999776482582,0,idle
1.309999942779541,0.009999999776482582,0,idle
1.2400000095367432,9.473332405090332,0,idle
1.25,-0.9900000095367432,0,idle
1.690000057220459,0.009999999776482582,0,idle
2.799999952316284,0.036666665226221085,0,idle
2.5199999809265137,0.009999999776482582,0,idle
1.7799999713897705,90.24333953857422,0,idle
1.4700000286102295,90.35999298095703,0,idle
1.7799999713897705,90.37332916259766,0,idle
2.9700000286102295,0.009999999776482582,0,idle
3.0199999809265137,0.009999999776482582,1,mppt
3.490000009536743,0.009999999776482582,1,mppt
1.600000023841858,0.009999999776482582,0,idle
3.319999933242798,0.009999999776482582,1,mppt
3.5299999713897705,0.009999999776482582,1,mppt
2.4600000381469727,0.009999999776482582,0,idle
3.690000057220459,0.009999999776482582,1,mppt
3.2799999713897705,0.009999999776482582,1,mppt
3.490000009536743,0.009999999776482582,1,mppt
3.390000104904175,0.009999999776482582,1,mppt
1.3300000429153442,0.009999999776482582,0,idle
1.2699999809265137,0.009999999776482582,0,idle
3.0799999237060547,0.009999999776482582,1,mppt
1.2000000476837158,90.32666015625,0,idle
1.909999966621399,0.009999999776482582,0,idle
1.7300000190734863,-0.49000000953674316,0,idle
1.2100000381469727,90.32666015625,0,idle
1.600000023841858,90.1933364868164,0,idle
1.5099999904632568,0.009999999776482582,0,idle
2.5899999141693115,45.65666580200195,0,idle
2.130000114440918,9.760000228881836,0,idle
1.600000023841858,90.23999786376953,0,idle
2.950000047683716,0.009999999776482582,0,idle
1.7799999713897705,0.009999999776482582,0,idle
2.700000047683716,0.009999999776482582,0,idle
2.690000057220459,0.03333333134651184,0,idle
1.9900000095367432,0.009999999776482582,0,idle
2.9700000286102295,0.019999999552965164,0,idle
2.0799999237060547,0.009999999776482582,0,idle
1.840000033378601,90.23999786376953,0,idle
1.8700000047683716,89.57000732421875,0,idle
2.3499999046325684,0.009999999776482582,0,idle
2.1500000953674316,0.009999999776482582,0,idle
2.819999933242798,0.009999999776482582,0,idle
1.4600000381469727,0.009999999776482582,0,idle
2.559999942779541,-0.5099999904632568,0,idle
2.180000066757202,0.009999999776482582,0,idle
1.690000057220459,0.009999999776482582,0,idle
1.5,0.009999999776482582,0,idle
1.8700000047683716,89.65332794189453,0,idle
2.2200000286102295,0.009999999776482582,0,idle
1.6799999475479126,0.009999999776482582,0,idle
1.7899999618530273,0.009999999776482582,0,idle
2.009999990463257,0.03333333134651184,0,idle
1.4700000286102295,0.009999999776482582,0,idle
1.7999999523162842,90.32000732421875,0,idle
1.7200000286102295,0.009999999776482582,0,idle
2.0999999046325684,90.28667449951172,0,idle
2.0299999713897705,90.31999969482422,0,idle
1.4700000286102295,0.009999999776482582,0,idle
1.309999942779541,0.03333333134651184,0,idle
1.4700000286102295,90.2633285522461,0,idle
1.1699999570846558,90.26333618164062,0,idle
1.2699999809265137,90.33333587646484,0,idle
1.340000033378601,90.24666595458984,0,idle
1.6200000047683716,88.33333587646484,0,idle
1.5399999618530273,0.5099999904632568,0,idle
1.3300000429153442,89.63665771484375,0,idle
1.1799999475479126,6.360000133514404,0,idle
1.6399999856948853,88.05999755859375,0,idle
0.0,0.0,0,idle
0.9900000095367432,90.28667449951172,0,idle
1.8300000429153442,85.76666259765625,0,idle
1.2699999809265137,90.3133316040039,0,idle
1.8200000524520874,89.8566665649414,0,idle
2.2200000286102295,90.20000457763672,0,idle
1.3700000047683716,90.08333587646484,0,idle
1.5199999809265137,90.3133316040039,0,idle
0.5,90.37332916259766,0,idle
1.899999976158142,90.07666015625,0,idle
0.9200000166893005,90.33999633789062,0,idle
2.009999990463257,86.07666015625,0,idle
2.7699999809265137,0.009999999776482582,0,idle
0.9599999785423279,90.32000732421875,0,idle
0.9300000071525574,90.25,0,idle
0.75,90.28333282470703,0,idle
1.7200000286102295,0.009999999776482582,0,idle
1.7799999713897705,0.009999999776482582,0,idle
1.8899999856948853,83.42666625976562,0,idle
1.6200000047683716,89.64000701904297,0,idle
0.5699999928474426,90.29999542236328,0,idle
1.7699999809265137,89.663330078125,0,idle
1.8600000143051147,7.806666851043701,0,idle
0.8999999761581421,90.05667114257812,0,idle
0.699999988079071,90.3933334350586,0,idle
1.690000057220459,89.76000213623047,0,idle
1.6299999952316284,90.0966567993164,0,idle
1.1299999952316284,90.35333251953125,0,idle
1.350000023841858,90.35999298095703,0,idle
1.0499999523162842,89.76666259765625,0,idle
1.1200000047683716,90.21334075927734,0,idle
0.75,90.2933349609375,0,idle
1.1799999475479126,89.82999420166016,0,idle
2.0299999713897705,90.2733383178711,0,idle
1.309999942779541,0.3266666829586029,0,idle
1.75,83.7699966430664,0,idle
1.159999966621399,90.32000732421875,0,idle
1.25,90.2733383178711,0,idle
1.7100000381469727,90.25666046142578,0,idle
1.1799999475479126,48.689998626708984,0,idle
1.0,89.64000701904297,0,idle
0.7099999785423279,90.3133316040039,0,idle
0.8199999928474426,90.02667236328125,0,idle
0.949999988079071,85.92000579833984,0,idle
0.36000001430511475,89.67999267578125,0,idle
0.4399999976158142,85.4366683959961,0,idle
0.3799999952316284,90.29999542236328,0,idle
0.4699999988079071,90.24666595458984,0,idle
0.49000000953674316,87.95000457763672,0,idle
1.4500000476837158,90.2066650390625,0,idle
0.8500000238418579,90.57999420166016,0,idle
0.9700000286102295,90.33333587646484,0,idle
1.2100000381469727,90.35999298095703,0,idle
1.309999942779541,89.98666381835938,0,idle
0.9800000190734863,90.336669921875,0,idle
0.6899999976158142,89.69332885742188,0,idle
0.5899999737739563,90.1833267211914,0,idle
0.47999998927116394,90.1833267211914,0,idle
0.5299999713897705,89.57000732421875,0,idle
0.36000001430511475,89.64000701904297,0,idle
0.36000001430511475,90.57999420166016,0,idle
0.3199999928474426,90.33333587646484,0,idle
0.7400000095367432,90.0133285522461,0,idle
0.7599999904632568,86.17000579833984,0,idle
0.44999998807907104,90.1433334350586,0,idle
0.5899999737739563,90.2066650390625,0,idle
0.3499999940395355,89.9000015258789,0,idle
0.49000000953674316,90.1500015258789,0,idle
0.6000000238418579,90.35999298095703,0,idle
0.3799999952316284,89.98333740234375,0,idle
0.5099999904632568,89.64666748046875,0,idle
0.3100000023841858,90.32666015625,0,idle
0.5899999737739563,90.1433334350586,0,idle
0.49000000953674316,90.2066650390625,0,idle
1.6399999856948853,90.2733383178711,0,idle
0.4099999964237213,89.9000015258789,0,idle
0.17000000178813934,89.64666748046875,0,idle
0.3499999940395355,90.24666595458984,0,idle
1.3200000524520874,90.3133316040039,0,idle
1.5800000429153442,90.3499984741211,0,idle
1.0199999809265137,90.25333404541016,0,idle
1.7999999523162842,89.5,0,idle
1.659999966621399,90.08333587646484,0,idle
1.9500000476837158,90.21334075927734,0,idle
1.9600000381469727,89.45999908447266,0,idle
1.7899999618530273,90.20999908447266,0,idle
1.649999976158142,85.86333465576172,0,idle
2.1600000858306885,90.21334075927734,0,idle
2.0999999046325684,88.3600082397461,0,idle
2.5799999237060547,89.48666381835938,0,idle
3.119999885559082,90.29999542236328,3,transition
4.269999980926514,0.009999999776482582,1,mppt
3.740000009536743,0.009999999776482582,1,mppt
2.9700000286102295,89.88333129882812,0,idle
3.3299999237060547,0.009999999776482582,1,mppt
3.7200000286102295,4.480000019073486,3,transition
3.7699999809265137,68.86333465576172,3,transition
4.71999979019165,81.25,3,transition
3.9800000190734863,1.6399999856948853,1,mppt
3.890000104904175,-1.649999976158142,1,mppt
4.059999942779541,0.36000001430511475,1,mppt
5.070000171661377,12.863333702087402,3,transition
4.409999847412109,0.15000000596046448,1,mppt
4.239999771118164,0.029999999329447746,1,mppt
4.570000171661377,0.019999999552965164,1,mppt
5.309999942779541,0.019999999552965164,1,mppt
4.989999771118164,0.009999999776482582,1,mppt
3.890000104904175,0.009999999776482582,1,mppt
3.5299999713897705,0.05000000074505806,1,mppt
4.409999847412109,0.019999999552965164,1,mppt
4.380000114440918,0.029999999329447746,1,mppt
3.9600000381469727,0.029999999329447746,1,mppt
4.190000057220459,0.019999999552965164,1,mppt
4.239999771118164,0.026666665449738503,1,mppt
4.110000133514404,0.036666665226221085,1,mppt
4.460000038146973,0.5199999809265137,1,mppt
4.46999979019165,0.013333332724869251,1,mppt
4.570000171661377,-0.9866666793823242,1,mppt
4.139999866485596,-0.49000000953674316,1,mppt
3.740000009536743,0.009999999776482582,1,mppt
3.359999895095825,0.03999999910593033,1,mppt
4.800000190734863,0.019999999552965164,1,mppt
4.0,0.026666665449738503,1,mppt
1.3899999856948853,0.0,0,idle
4.170000076293945,0.009999999776482582,1,mppt
3.7899999618530273,0.02333333157002926,1,mppt
4.199999809265137,0.01666666567325592,1,mppt
3.569999933242798,0.026666665449738503,1,mppt
3.819999933242798,0.029999999329447746,1,mppt
4.369999885559082,-1.7000001668930054,1,mppt
3.4200000762939453,0.026666665449738503,1,mppt
3.9700000286102295,0.03999999910593033,1,mppt
3.890000104904175,0.03999999910593033,1,mppt
4.090000152587891,0.036666665226221085,1,mppt
3.390000104904175,0.029999999329447746,1,mppt
4.690000057220459,-0.49000000953674316,1,mppt
4.349999904632568,0.029999999329447746,1,mppt
3.890000104904175,0.03999999910593033,1,mppt
4.690000057220459,-0.4699999988079071,1,mppt
3.1600000858306885,0.026666665449738503,1,mppt
3.7100000381469727,0.009999999776482582,1,mppt
3.5899999141693115,0.036666665226221085,1,mppt
3.25,0.009999999776482582,1,mppt
3.0299999713897705,0.009999999776482582,1,mppt
2.1500000953674316,0.029999999329447746,0,idle
2.9600000381469727,0.009999999776482582,0,idle
3.799999952316284,0.009999999776482582,1,mppt
2.5799999237060547,0.009999999776482582,0,idle
4.170000076293945,0.019999999552965164,1,mppt
2.930000066757202,0.009999999776482582,0,idle
3.0,0.009999999776482582,1,mppt
3.640000104904175,0.009999999776482582,1,mppt
4.329999923706055,0.009999999776482582,1,mppt
3.2799999713897705,0.009999999776482582,1,mppt
4.0,0.009999999776482582,1,mppt
3.6700000762939453,0.5199999809265137,1,mppt
3.630000114440918,0.009999999776482582,1,mppt
3.9600000381469727,-0.9666666984558105,1,mppt
3.859999895095825,0.026666665449738503,1,mppt
4.300000190734863,0.009999999776482582,1,mppt
3.25,0.009999999776482582,1,mppt
4.239999771118164,0.009999999776482582,1,mppt
4.320000171661377,-0.9666666984558105,1,mppt
4.699999809265137,0.009999999776482582,1,mppt
4.929999828338623,2.6500000953674316,3,transition
0.0,0.0,0,idle
4.170000076293945,0.25999999046325684,1,mppt
4.110000133514404,0.38999998569488525,1,mppt
3.109999895095825,0.5099999904632568,1,mppt
3.940000057220459,1.2100000381469727,1,mppt
4.590000152587891,0.429999977350235,1,mppt
4.130000114440918,0.5400000214576721,1,mppt
4.539999961853027,1.46999990940094,1,mppt
4.190000057220459,0.89000004529953,1,mppt
3.5899999141693115,-0.8966667056083679,1,mppt
3.9100000858306885,0.07000000029802322,1,mppt
3.8299999237060547,0.05000000074505806,1,mppt
3.9000000953674316,0.05999999865889549,1,mppt
4.510000228881836,0.41333332657814026,1,mppt
4.090000152587891,0.009999999776482582,1,mppt
3.890000104904175,0.009999999776482582,1,mppt
4.03000020980835,0.023333333432674408,1,mppt
3.200000047683716,0.019999999552965164,1,mppt
2.5399999618530273,0.03999999910593033,0,idle
1.899999976158142,0.013333332724869251,0,idle
5.170000076293945,0.009999999776482582,1,mppt
3.8399999141693115,-0.6566666960716248,1,mppt
1.6100000143051147,0.009999999776482582,0,idle
1.9299999475479126,0.009999999776482582,0,idle
2.319999933242798,0.009999999776482582,0,idle
4.070000171661377,0.009999999776482582,1,mppt
3.4800000190734863,0.03999999910593033,1,mppt
4.639999866485596,0.009999999776482582,1,mppt
1.5099999904632568,0.029999999329447746,0,idle
1.6399999856948853,0.03333333134651184,0,idle
1.600000023841858,0.2799999713897705,0,idle
1.590000033378601,90.2300033569336,0,idle
2.2300000190734863,0.009999999776482582,0,idle
1.7599999904632568,0.009999999776482582,0,idle
1.7599999904632568,83.41000366210938,0,idle
2.2200000286102295,0.009999999776482582,0,idle
1.7200000286102295,90.25333404541016,0,idle
1.909999966621399,0.019999999552965164,0,idle
2.2899999618530273,29.64666748046875,0,idle
1.7999999523162842,89.99666595458984,0,idle
1.5299999713897705,90.35333251953125,0,idle
1.5299999713897705,90.07333374023438,0,idle
3.299999952316284,-1.9800000190734863,1,mppt
1.6200000047683716,90.12667083740234,0,idle
2.299999952316284,0.009999999776482582,0,idle
1.809999942779541,43.53666687011719,0,idle
1.7599999904632568,0.009999999776482582,0,idle
2.369999885559082,0.009999999776482582,0,idle
2.1500000953674316,90.35333251953125,0,idle
2.009999990463257,90.17000579833984,0,idle
1.5700000524520874,90.28665924072266,0,idle
1.690000057220459,90.336669921875,0,idle
1.4299999475479126,89.67000579833984,0,idle
1.600000023841858,90.28665924072266,0,idle
4.119999885559082,0.019999999552965164,1,mppt
1.5499999523162842,89.67333984375,0,idle
2.630000114440918,0.009999999776482582,0,idle
1.4800000190734863,83.95000457763672,0,idle
2.009999990463257,89.98333740234375,0,idle
1.6299999952316284,56.429996490478516,0,idle
1.75,87.9766616821289,0,idle
1.840000033378601,83.44000244140625,0,idle
2.450000047683716,90.3699951171875,0,idle
2.240000009536743,0.009999999776482582,0,idle
1.5700000524520874,90.15665435791016,0,idle
1.4600000381469727,89.90666961669922,0,idle
3.2699999809265137,-0.9900000095367432,1,mppt
3.380000114440918,0.009999999776482582,1,mppt
1.600000023841858,90.31999969482422,0,idle
1.5099999904632568,90.15665435791016,0,idle
1.7400000095367432,-0.5099999904632568,0,idle
1.590000033378601,0.5133333206176758,0,idle
3.319999933242798,0.029999999329447746,1,mppt
1.5199999809265137,85.41000366210938,0,idle
1.2599999904632568,0.009999999776482582,2,pitch_control
1.7300000190734863,90.2699966430664,2,pitch_control
2.2699999809265137,0.009999999776482582,2,pitch_control
2.0799999237060547,0.009999999776482582,2,pitch_control
1.7100000381469727,83.95000457763672,2,pitch_control
1.7699999809265137,90.2933349609375,0,idle
1.840000033378601,88.13333129882812,0,idle
1.7000000476837158,88.33999633789062,0,idle
1.7400000095367432,83.44000244140625,0,idle
1.7999999523162842,85.41000366210938,0,idle
1.8200000524520874,83.95000457763672,0,idle
1.909999966621399,83.93334197998047,0,idle
1.6200000047683716,90.07666015625,0,idle
1.590000033378601,87.9766616821289,0,idle
2.880000114440918,0.009999999776482582,0,idle
1.6799999475479126,83.81999969482422,0,idle
1.649999976158142,84.90666961669922,0,idle
2.5799999237060547,85.92000579833984,0,idle
1.8899999856948853,89.95999908447266,0,idle
0.4099999964237213,90.30001068115234,0,idle
1.9800000190734863,0.009999999776482582,0,idle
1.6699999570846558,90.37000274658203,0,idle
1.659999966621399,18.349998474121094,0,idle
1.0099999904632568,90.15665435791016,0,idle
0.8600000143051147,90.2633285522461,0,idle
1.0,89.67000579833984,0,idle
0.8299999833106995,88.33999633789062,0,idle
1.559999942779541,89.68000030517578,0,idle
0.7799999713897705,90.37332916259766,0,idle
1.1399999856948853,90.37332916259766,0,idle
0.6800000071525574,89.9566650390625,0,idle
1.6299999952316284,90.33999633789062,0,idle
0.6800000071525574,85.8499984741211,0,idle
1.6699999570846558,0.009999999776482582,0,idle
0.6600000262260437,90.3800048828125,0,idle
0.6899999976158142,90.37667083740234,0,idle
0.46000000834465027,84.90666961669922,0,idle
1.2100000381469727,90.29000091552734,0,idle
1.2300000190734863,90.336669921875,0,idle
1.3600000143051147,90.29999542236328,0,idle
1.4500000476837158,90.08333587646484,0,idle
1.159999966621399,89.80999755859375,0,idle
1.1699999570846558,89.67000579833984,0,idle
1.4700000286102295,89.88666534423828,0,idle
1.1799999475479126,90.57666778564453,0,idle
1.0700000524520874,90.54000091552734,0,idle
0.6600000262260437,90.33000946044922,0,idle
1.5399999618530273,90.0300064086914,0,idle
1.2599999904632568,89.6066665649414,0,idle
0.9100000262260437,90.37332916259766,0,idle
1.6100000143051147,90.32999420166016,0,idle
1.25,90.336669921875,0,idle
1.309999942779541,83.86333465576172,0,idle
1.0099999904632568,89.89666748046875,0,idle
1.2000000476837158,90.35333251953125,0,idle
1.1200000047683716,89.6433334350586,0,idle
1.6799999475479126,89.9866714477539,0,idle
1.809999942779541,88.33999633789062,0,idle
1.8300000429153442,83.81999969482422,0,idle
1.6399999856948853,90.36334228515625,0,idle
2.2699999809265137,89.67000579833984,0,idle
1.690000057220459,89.77666473388672,0,idle
1.809999942779541,83.95000457763672,0,idle
1.649999976158142,89.67666625976562,0,idle
1.7000000476837158,90.37667083740234,0,idle
1.7000000476837158,90.32999420166016,0,idle
1.0299999713897705,89.6433334350586,0,idle
0.8100000023841858,89.6433334350586,0,idle
0.9800000190734863,90.25,0,idle
1.7000000476837158,90.77999877929688,0,idle
1.8799999952316284,90.25333404541016,0,idle
2.2899999618530273,89.6199951171875,0,idle
1.1299999952316284,90.33000946044922,0,idle
1.7200000286102295,89.92333221435547,0,idle
2.359999895095825,90.08999633789062,0,idle
1.2100000381469727,90.29000091552734,0,idle
1.75,90.31999969482422,0,idle
2.0,89.9766616821289,0,idle
0.949999988079071,90.57666778564453,0,idle
1.1399999856948853,90.36334228515625,0,idle
1.2799999713897705,90.15999603271484,0,idle
1.4600000381469727,89.84333038330078,0,idle
1.1399999856948853,89.75,0,idle
1.5499999523162842,86.08333587646484,0,idle
1.440000057220459,90.29666900634766,0,idle
1.7100000381469727,88.13333129882812,0,idle
1.340000033378601,89.68000030517578,0,idle
1.399999976158142,85.92000579833984,0,idle
1.7999999523162842,90.28333282470703,0,idle
1.3899999856948853,90.3800048828125,0,idle
1.8200000524520874,90.3566665649414,0,idle
1.8700000047683716,90.33999633789062,0,idle
2.0,90.33333587646484,0,idle
2.4100000858306885,89.57000732421875,0,idle
1.9600000381469727,89.92333221435547,0,idle
2.4700000286102295,90.36334228515625,0,idle
1.7599999904632568,90.29000091552734,0,idle
1.75,90.37332916259766,0,idle
2.069999933242798,89.97000122070312,0,idle
1.9800000190734863,90.32999420166016,0,idle
1.2400000095367432,90.37999725341797,0,idle
2.680000066757202,82.80333709716797,0,idle
2.0199999809265137,90.3133316040039,0,idle
1.8600000143051147,41.34000015258789,0,idle
2.4700000286102295,89.57000732421875,0,idle
2.0899999141693115,27.253334045410156,0,idle
1.7899999618530273,90.28665924072266,0,idle
1.6299999952316284,90.37332916259766,0,idle
1.9700000286102295,90.2300033569336,0,idle
2.2699999809265137,90.2699966430664,0,idle
1.7999999523162842,90.2699966430664,0,idle
2.059999942779541,90.54000091552734,0,idle
2.009999990463257,90.31999969482422,0,idle
2.5399999618530273,88.13333129882812,0,idle
2.490000009536743,90.35333251953125,0,idle
2.869999885559082,85.34667205810547,0,idle
2.2100000381469727,90.37000274658203,0,idle
0.949999988079071,90.37667083740234,0,idle
2.0199999809265137,88.0199966430664,0,idle
1.5800000429153442,90.01000213623047,0,idle
2.2699999809265137,-0.5099999904632568,0,idle
1.8300000429153442,0.009999999776482582,0,idle
2.8499999046325684,0.009999999776482582,0,idle
2.140000104904175,90.1300048828125,0,idle
1.840000033378601,90.37332916259766,0,idle
2.559999942779541,90.37667083740234,0,idle
3.2799999713897705,16.866668701171875,3,transition
2.380000114440918,90.25,0,idle
2.3299999237060547,85.22333526611328,0,idle
4.739999771118164,0.009999999776482582,1,mppt
4.179999828338623,0.009999999776482582,1,mppt
1.840000033378601,0.009999999776482582,0,idle
3.9000000953674316,-0.5099999904632568,1,mppt
3.7300000190734863,0.009999999776482582,1,mppt
3.359999895095825,0.009999999776482582,1,mppt
1.940000057220459,85.92000579833984,0,idle
2.0799999237060547,0.009999999776482582,0,idle
2.740000009536743,51.75666809082031,0,idle
3.7699999809265137,0.009999999776482582,1,mppt
3.1700000762939453,0.009999999776482582,1,mppt
4.380000114440918,0.009999999776482582,1,mppt
2.549999952316284,0.009999999776482582,0,idle
2.140000104904175,0.009999999776482582,0,idle
2.1600000858306885,34.50666427612305,0,idle
3.6500000953674316,0.5099999904632568,1,mppt
2.740000009536743,0.5099999904632568,0,idle
3.259999990463257,0.009999999776482582,1,mppt
2.9800000190734863,0.009999999776482582,0,idle
2.0199999809265137,0.009999999776482582,0,idle
2.759999990463257,0.009999999776482582,0,idle
2.6500000953674316,0.009999999776482582,0,idle
2.7899999618530273,0.009999999776482582,0,idle
2.240000009536743,0.009999999776482582,0,idle
2.7100000381469727,-0.49000000953674316,0,idle
2.5199999809265137,85.26333618164062,0,idle
3.200000047683716,0.009999999776482582,1,mppt
2.0,90.05999755859375,0,idle
2.440000057220459,35.24333572387695,0,idle
2.009999990463257,87.93334197998047,0,idle
1.9700000286102295,0.009999999776482582,0,idle
1.7999999523162842,0.009999999776482582,0,idle
1.1399999856948853,90.3066635131836,0,idle
1.850000023841858,90.28665924072266,0,idle
2.1700000762939453,-0.5099999904632568,0,idle
2.1700000762939453,0.009999999776482582,0,idle
1.559999942779541,1.53000009059906,0,idle
2.119999885559082,0.009999999776482582,0,idle
1.6100000143051147,5.570000171661377,0,idle
1.8899999856948853,0.009999999776482582,0,idle
1.7599999904632568,0.009999999776482582,0,idle
2.0399999618530273,0.009999999776482582,0,idle
2.119999885559082,90.29000091552734,0,idle
1.4500000476837158,85.85999298095703,0,idle
2.5,0.009999999776482582,0,idle
1.7899999618530273,0.5099999904632568,0,idle
1.940000057220459,87.96334075927734,0,idle
1.6299999952316284,89.95333099365234,0,idle
1.5499999523162842,17.24333381652832,0,idle
1.4800000190734863,75.82333374023438,0,idle
1.2300000190734863,90.31999969482422,0,idle
1.7400000095367432,90.31999969482422,0,idle
1.6699999570846558,90.29999542236328,0,idle
1.2699999809265137,90.336669921875,0,idle
1.5800000429153442,90.02667236328125,0,idle
1.090000033378601,90.3166732788086,0,idle
1.2300000190734863,90.28665924072266,0,idle
1.159999966621399,90.37332916259766,0,idle
0.5199999809265137,89.9566650390625,0,idle
1.2699999809265137,89.85333251953125,0,idle
1.3700000047683716,90.37332916259766,0,idle
0.8600000143051147,90.0566635131836,0,idle
1.3899999856948853,90.25333404541016,0,idle
1.0399999618530273,88.11333465576172,0,idle
1.0700000524520874,90.33333587646484,0,idle
1.1200000047683716,90.29666137695312,0,idle
0.8999999761581421,90.0999984741211,0,idle
1.0499999523162842,90.33333587646484,0,idle
0.5699999928474426,90.2633285522461,0,idle
1.0399999618530273,90.30333709716797,0,idle
0.8899999856948853,90.30999755859375,0,idle
0.5699999928474426,90.37332916259766,0,idle
0.7400000095367432,90.30333709716797,0,idle
0.7200000286102295,89.6500015258789,0,idle
0.8999999761581421,86.07666015625,0,idle
0.27000001072883606,89.8933334350586,0,idle
1.0399999618530273,90.163330078125,0,idle
0.8100000023841858,90.29666137695312,0,idle
0.699999988079071,90.28665924072266,0,idle
0.7900000214576721,89.6500015258789,0,idle
1.0199999809265137,89.51666259765625,0,idle
1.0399999618530273,90.3566665649414,0,idle
0.5699999928474426,90.2699966430664,0,idle
0.7799999713897705,90.2733383178711,0,idle
1.1100000143051147,90.25667572021484,0,idle
1.4299999475479126,90.3066635131836,0,idle
0.9100000262260437,89.88666534423828,0,idle
0.8600000143051147,90.3566665649414,0,idle
0.9599999785423279,90.37667083740234,0,idle
1.1299999952316284,90.07332611083984,0,idle
1.1399999856948853,90.0566635131836,0,idle
1.0,85.42000579833984,0,idle
1.149999976158142,90.37332916259766,0,idle
1.4600000381469727,89.8933334350586,0,idle
1.7899999618530273,90.3499984741211,0,idle
1.9800000190734863,85.22333526611328,0,idle
2.9700000286102295,20.893333435058594,0,idle
2.319999933242798,90.8466567993164,0,idle
3.190000057220459,0.009999999776482582,1,mppt
2.369999885559082,0.009999999776482582,0,idle
4.590000152587891,0.009999999776482582,1,mppt
3.5999999046325684,0.009999999776482582,1,mppt
2.7200000286102295,0.009999999776482582,0,idle
5.650000095367432,0.009999999776482582,1,mppt
0.0,0.0,2,pitch_control
3.3499999046325684,0.009999999776482582,1,mppt
4.519999980926514,0.009999999776482582,1,mppt
6.0,0.009999999776482582,1,mppt
5.28000020980835,0.009999999776482582,1,mppt
3.049999952316284,0.009999999776482582,1,mppt
4.570000171661377,0.009999999776482582,1,mppt
3.809999942779541,0.009999999776482582,1,mppt
7.260000228881836,0.009999999776482582,1,mppt
2.869999885559082,0.009999999776482582,0,idle
5.150000095367432,0.009999999776482582,1,mppt
3.6600000858306885,0.009999999776482582,1,mppt
4.460000038146973,0.009999999776482582,1,mppt
5.449999809265137,0.009999999776482582,1,mppt
3.390000104904175,0.009999999776482582,1,mppt
4.550000190734863,0.009999999776482582,1,mppt
4.019999980926514,0.009999999776482582,1,mppt
3.75,0.009999999776482582,1,mppt
3.75,0.009999999776482582,1,mppt
3.369999885559082,0.009999999776482582,1,mppt
2.9100000858306885,0.009999999776482582,0,idle
3.9600000381469727,0.009999999776482582,1,mppt
4.449999809265137,0.009999999776482582,1,mppt
4.090000152587891,0.009999999776482582,1,mppt
4.840000152587891,0.009999999776482582,1,mppt
4.260000228881836,-1.9900001287460327,1,mppt
5.710000038146973,0.009999999776482582,1,mppt
3.859999895095825,0.009999999776482582,1,mppt
5.860000133514404,0.009999999776482582,1,mppt
4.829999923706055,0.009999999776482582,1,mppt
3.930000066757202,0.009999999776482582,1,mppt
3.8299999237060547,0.009999999776482582,1,mppt
3.740000009536743,0.009999999776482582,1,mppt
4.300000190734863,0.009999999776482582,1,mppt
4.610000133514404,0.009999999776482582,1,mppt
5.460000038146973,0.5099999904632568,1,mppt
5.920000076293945,0.009999999776482582,1,mppt
5.389999866485596,0.009999999776482582,1,mppt
4.78000020980835,0.009999999776482582,1,mppt
3.8299999237060547,0.009999999776482582,1,mppt
3.5,0.009999999776482582,1,mppt
3.0799999237060547,0.009999999776482582,1,mppt
3.5,0.009999999776482582,1,mppt
2.369999885559082,0.009999999776482582,0,idle
6.090000152587891,-0.49000000953674316,1,mppt
3.799999952316284,0.009999999776482582,1,mppt
4.5,0.009999999776482582,1,mppt
4.989999771118164,0.009999999776482582,1,mppt
3.450000047683716,0.009999999776482582,1,mppt
3.6700000762939453,0.009999999776482582,1,mppt
6.849999904632568,0.009999999776482582,1,mppt
6.429999828338623,0.009999999776482582,1,mppt
5.309999942779541,0.009999999776482582,1,mppt
3.809999942779541,0.009999999776482582,1,mppt
4.46999979019165,0.009999999776482582,1,mppt
4.46999979019165,0.009999999776482582,1,mppt
3.509999990463257,0.009999999776482582,1,mppt
3.930000066757202,0.009999999776482582,1,mppt
4.329999923706055,0.009999999776482582,1,mppt
6.710000038146973,0.009999999776482582,1,mppt
4.119999885559082,0.009999999776482582,1,mppt
6.889999866485596,0.009999999776482582,1,mppt
5.380000114440918,0.009999999776482582,1,mppt
5.630000114440918,1.649999976158142,1,mppt
4.110000133514404,0.429999977350235,1,mppt
4.409999847412109,0.28999999165534973,1,mppt
4.650000095367432,0.8999999165534973,1,mppt
6.380000114440918,4.400000095367432,3,transition
4.480000019073486,1.909999966621399,1,mppt
5.309999942779541,5.46999979019165,3,transition
5.190000057220459,0.1599999964237213,1,mppt
8.0,0.009999999776482582,1,mppt
6.03000020980835,0.20000000298023224,1,mppt
4.480000019073486,0.013333332724869251,1,mppt
5.570000171661377,0.013333332724869251,1,mppt
4.940000057220459,0.023333333432674408,1,mppt
5.059999942779541,0.01666666567325592,1,mppt
5.119999885559082,0.009999999776482582,1,mppt
5.550000190734863,0.009999999776482582,1,mppt
4.5,0.026666665449738503,1,mppt
4.550000190734863,0.009999999776482582,1,mppt
3.8399999141693115,0.009999999776482582,1,mppt
5.059999942779541,0.009999999776482582,1,mppt
6.619999885559082,0.009999999776482582,1,mppt
5.070000171661377,0.019999999552965164,1,mppt
4.900000095367432,0.009999999776482582,1,mppt
5.079999923706055,0.03333333507180214,1,mppt
5.650000095367432,1.0099999904632568,1,mppt
4.449999809265137,0.013333332724869251,1,mppt
5.579999923706055,0.009999999776482582,1,mppt
5.21999979019165,0.009999999776482582,1,mppt
7.989999771118164,8.619999885559082,3,transition
5.269999980926514,1.9600000381469727,1,mppt
5.699999809265137,4.710000038146973,3,transition
8.579999923706055,7.37000036239624,3,transition
7.440000057220459,1.6399999856948853,1,mppt
6.320000171661377,0.2199999839067459,1,mppt
6.829999923706055,0.009999999776482582,1,mppt
7.130000114440918,-1.46999990940094,1,mppt
7.420000076293945,0.009999999776482582,1,mppt
7.019999980926514,0.029999999329447746,1,mppt
6.079999923706055,0.019999999552965164,1,mppt
8.3100004196167,0.009999999776482582,1,mppt
8.229999542236328,0.009999999776482582,1,mppt
6.659999847412109,0.03999999910593033,1,mppt
8.09000015258789,0.009999999776482582,1,mppt
6.889999866485596,0.029999999329447746,1,mppt
6.900000095367432,0.019999999552965164,1,mppt
6.539999961853027,0.03999999910593033,1,mppt
6.269999980926514,0.029999999329447746,1,mppt
5.300000190734863,0.019999999552965164,1,mppt
4.349999904632568,0.019999999552965164,1,mppt
5.739999771118164,-1.9233332872390747,1,mppt
5.690000057220459,0.026666665449738503,1,mppt
4.730000019073486,0.009999999776482582,1,mppt
5.059999942779541,0.019999999552965164,1,mppt
7.519999980926514,0.009999999776482582,1,mppt
7.360000133514404,0.009999999776482582,1,mppt
5.820000171661377,0.019999999552965164,1,mppt
5.550000190734863,0.019999999552965164,1,mppt
5.980000019073486,0.019999999552965164,1,mppt
5.480000019073486,0.01666666567325592,1,mppt
4.099999904632568,0.026666665449738503,1,mppt
4.989999771118164,0.019999999552965164,1,mppt
6.079999923706055,0.019999999552965164,1,mppt
8.699999809265137,0.009999999776482582,1,mppt
5.300000190734863,0.019999999552965164,1,mppt
6.059999942779541,0.019999999552965164,1,mppt
6.090000152587891,0.013333332724869251,1,mppt
5.769999980926514,0.019999999552965164,1,mppt
5.769999980926514,0.019999999552965164,1,mppt
5.400000095367432,0.019999999552965164,1,mppt
6.210000038146973,0.009999999776482582,1,mppt
5.449999809265137,0.019999999552965164,1,mppt
5.849999904632568,0.013333332724869251,1,mppt
4.829999923706055,0.019999999552965164,1,mppt
8.0,0.029999999329447746,1,mppt
4.78000020980835,0.019999999552965164,1,mppt
5.800000190734863,0.019999999552965164,1,mppt
0.0,0.0,0,idle
5.46999979019165,0.0,1,mppt
4.010000228881836,0.026666665449738503,1,mppt
4.340000152587891,0.019999999552965164,1,mppt
5.559999942779541,0.019999999552965164,1,mppt
5.590000152587891,0.019999999552965164,1,mppt
4.590000152587891,0.019999999552965164,1,mppt
6.690000057220459,0.019999999552965164,1,mppt
6.880000114440918,0.03333333134651184,1,mppt
7.420000076293945,0.006666666362434626,1,mppt
0.0,0.0,2,pitch_control
7.0,0.03999999910593033,1,mppt
7.980000019073486,0.019999999552965164,1,mppt
6.659999847412109,0.04333333298563957,1,mppt
5.769999980926514,0.019999999552965164,1,mppt
6.929999828338623,0.019999999552965164,1,mppt
5.349999904632568,0.019999999552965164,1,mppt
7.21999979019165,0.5199999809265137,1,mppt
5.239999771118164,0.019999999552965164,1,mppt
5.809999942779541,0.019999999552965164,1,mppt
6.329999923706055,0.019999999552965164,1,mppt
5.75,0.019999999552965164,1,mppt
6.860000133514404,0.019999999552965164,1,mppt
4.599999904632568,0.019999999552965164,1,mppt
5.710000038146973,-1.96999990940094,1,mppt
7.289999961853027,0.019999999552965164,1,mppt
6.519999980926514,0.019999999552965164,1,mppt
4.550000190734863,0.019999999552965164,1,mppt
7.039999961853027,0.019999999552965164,1,mppt
4.360000133514404,0.019999999552965164,1,mppt
4.389999866485596,0.029999999329447746,1,mppt
5.170000076293945,0.029999999329447746,1,mppt
4.230000019073486,0.01666666567325592,1,mppt
6.059999942779541,-1.46999990940094,1,mppt
5.010000228881836,0.013333332724869251,1,mppt
4.71999979019165,0.019999999552965164,1,mppt
5.849999904632568,0.019999999552965164,1,mppt
5.21999979019165,0.026666665449738503,1,mppt
5.78000020980835,0.019999999552965164,1,mppt
5.25,-0.9800000190734863,1,mppt
5.940000057220459,0.019999999552965164,1,mppt
5.429999828338623,0.019999999552965164,1,mppt
6.480000019073486,0.019999999552965164,1,mppt
5.329999923706055,0.019999999552965164,1,mppt
5.619999885559082,0.02333333157002926,1,mppt
4.880000114440918,0.02333333157002926,1,mppt
4.369999885559082,0.029999999329447746,1,mppt
2.7799999713897705,71.29999542236328,0,idle
4.980000019073486,0.029999999329447746,1,mppt
3.619999885559082,0.019999999552965164,1,mppt
5.170000076293945,0.019999999552965164,1,mppt
5.769999980926514,0.019999999552965164,1,mppt
6.360000133514404,0.019999999552965164,1,mppt
6.300000190734863,-0.47999998927116394,1,mppt
4.21999979019165,0.02333333157002926,1,mppt
3.240000009536743,0.019999999552965164,1,mppt
5.210000038146973,0.019999999552965164,1,mppt
4.260000228881836,0.019999999552965164,1,mppt
4.679999828338623,0.019999999552965164,1,mppt
3.299999952316284,0.026666665449738503,1,mppt
4.489999771118164,0.029999999329447746,1,mppt
3.9800000190734863,0.019999999552965164,1,mppt
5.650000095367432,-0.47999998927116394,1,mppt
3.9200000762939453,0.029999999329447746,1,mppt
5.099999904632568,0.02333333157002926,1,mppt
4.050000190734863,0.026666665449738503,1,mppt
3.799999952316284,0.029999999329447746,1,mppt
4.75,0.019999999552965164,1,mppt
4.5,0.019999999552965164,1,mppt
5.099999904632568,0.019999999552965164,1,mppt
5.480000019073486,0.019999999552965164,1,mppt
4.739999771118164,0.019999999552965164,1,mppt
4.519999980926514,0.029999999329447746,1,mppt
5.760000228881836,0.019999999552965164,1,mppt
4.849999904632568,0.019999999552965164,1,mppt
3.700000047683716,0.026666665449738503,1,mppt
5.309999942779541,0.019999999552965164,1,mppt
4.949999809265137,0.026666665449738503,1,mppt
4.570000171661377,0.019999999552965164,1,mppt
4.659999847412109,0.019999999552965164,1,mppt
3.5,0.029999999329447746,1,mppt
4.960000038146973,0.03333333507180214,1,mppt
4.010000228881836,0.009999999776482582,1,mppt
4.670000076293945,0.019999999552965164,1,mppt
4.380000114440918,0.019999999552965164,1,mppt
4.679999828338623,0.02333333157002926,1,mppt
4.869999885559082,0.029999999329447746,1,mppt
4.71999979019165,0.02333333157002926,1,mppt
4.03000020980835,0.019999999552965164,1,mppt
3.0299999713897705,0.026666665449738503,1,mppt
4.630000114440918,0.026666665449738503,1,mppt
3.930000066757202,0.019999999552965164,1,mppt
4.46999979019165,0.019999999552965164,1,mppt
4.110000133514404,0.019999999552965164,1,mppt
4.619999885559082,0.029999999329447746,1,mppt
4.869999885559082,-1.4900001287460327,1,mppt
3.5999999046325684,0.026666665449738503,1,mppt
3.319999933242798,0.019999999552965164,1,mppt
4.389999866485596,0.019999999552965164,1,mppt
4.079999923706055,-1.9800000190734863,1,mppt
5.630000114440918,0.019999999552965164,1,mppt
4.519999980926514,0.019999999552965164,1,mppt
4.75,0.023333333432674408,1,mppt
3.6600000858306885,0.029999999329447746,1,mppt
4.360000133514404,0.019999999552965164,1,mppt
4.599999904632568,0.02333333157002926,1,mppt
4.75,0.029999999329447746,1,mppt
4.679999828338623,0.029999999329447746,1,mppt
4.400000095367432,0.02333333157002926,1,mppt
3.8299999237060547,0.019999999552965164,1,mppt
4.550000190734863,0.019999999552965164,1,mppt
3.690000057220459,0.026666665449738503,1,mppt
4.210000038146973,0.026666665449738503,1,mppt
3.9800000190734863,0.013333332724869251,1,mppt
4.019999980926514,0.019999999552965164,1,mppt
3.2899999618530273,0.013333332724869251,1,mppt
3.8299999237060547,0.019999999552965164,1,mppt
3.799999952316284,0.009999999776482582,1,mppt
3.9100000858306885,0.03999999910593033,1,mppt
3.430000066757202,0.009999999776482582,1,mppt
3.4000000953674316,0.009999999776482582,1,mppt
2.4700000286102295,0.023333333432674408,0,idle
4.369999885559082,0.026666665449738503,1,mppt
4.110000133514404,0.029999999329447746,1,mppt
4.0,0.029999999329447746,1,mppt
3.6600000858306885,0.023333333432674408,1,mppt
3.4000000953674316,0.03999999910593033,1,mppt
3.359999895095825,0.029999999329447746,1,mppt
3.9200000762939453,0.029999999329447746,1,mppt
3.75,0.01666666567325592,1,mppt
3.5399999618530273,0.02333333157002926,1,mppt
2.8299999237060547,0.02333333157002926,0,idle
3.569999933242798,0.013333332724869251,1,mppt
5.179999828338623,0.03999999910593033,1,mppt
4.199999809265137,0.013333332724869251,1,mppt
4.519999980926514,0.019999999552965164,1,mppt
3.799999952316284,0.019999999552965164,1,mppt
4.53000020980835,0.036666665226221085,1,mppt
5.25,0.026666665449738503,1,mppt
3.680000066757202,0.019999999552965164,1,mppt
4.289999961853027,0.019999999552965164,1,mppt
4.21999979019165,0.036666665226221085,1,mppt
4.099999904632568,0.03999999910593033,1,mppt
4.0,0.03999999910593033,1,mppt
4.670000076293945,0.026666665449738503,1,mppt
5.059999942779541,0.029999999329447746,1,mppt
4.400000095367432,0.019999999552965164,1,mppt
5.179999828338623,0.03999999910593033,1,mppt
4.550000190734863,0.013333332724869251,1,mppt
6.579999923706055,0.019999999552965164,1,mppt
5.440000057220459,0.02333333157002926,1,mppt
5.139999866485596,0.009999999776482582,1,mppt
6.71999979019165,0.01666666567325592,1,mppt
4.039999961853027,0.019999999552965164,1,mppt
3.390000104904175,0.01666666567325592,1,mppt
5.929999828338623,0.03333333507180214,1,mppt
3.8499999046325684,0.013333332724869251,1,mppt
3.5199999809265137,0.01666666567325592,1,mppt
4.579999923706055,0.03999999910593033,1,mppt
7.570000171661377,0.013333332724869251,1,mppt
4.710000038146973,0.019999999552965164,1,mppt
5.650000095367432,0.03333333507180214,1,mppt
7.550000190734863,0.03999999910593033,1,mppt
5.369999885559082,0.009999999776482582,1,mppt
6.75,-1.9866666793823242,1,mppt
6.090000152587891,0.03333333507180214,1,mppt
5.400000095367432,-0.9833333492279053,1,mppt
6.170000076293945,0.019999999552965164,1,mppt
5.420000076293945,0.019999999552965164,1,mppt
5.909999847412109,0.009999999776482582,1,mppt
6.489999771118164,0.02333333157002926,1,mppt
6.980000019073486,-0.009999999776482582,1,mppt
8.350000381469727,2.7799999713897705,3,transition
5.539999961853027,2.3499999046325684,3,transition
10.239999771118164,6.289999485015869,3,transition
10.9399995803833,90.29666900634766,2,pitch_control
8.880000114440918,8.279999732971191,3,transition
7.25,5.889999866485596,3,transition
8.239999771118164,2.25,3,transition
7.420000076293945,2.069999933242798,3,transition
8.149999618530273,5.710000514984131,3,transition
8.0600004196167,0.49000000953674316,1,mppt
7.869999885559082,-1.090000033378601,1,mppt
10.329999923706055,5.829999923706055,3,transition
9.720000267028809,2.430000066757202,3,transition
6.190000057220459,0.009999999776482582,1,mppt
11.15999984741211,3.6500003337860107,2,pitch_control
6.960000038146973,0.05999999865889549,1,mppt
9.09000015258789,1.3933333158493042,1,mppt
10.170000076293945,3.069999933242798,3,transition
8.430000305175781,0.3199999928474426,1,mppt
11.3100004196167,6.239999771118164,2,pitch_control
11.770000457763672,7.739999771118164,2,pitch_control
11.239999771118164,5.070000171661377,2,pitch_control
11.329999923706055,4.553333759307861,2,pitch_control
12.0,11.329998970031738,2,pitch_control
10.90999984741211,4.139999866485596,2,pitch_control
11.600000381469727,7.170000076293945,2,pitch_control
7.989999771118164,0.05999999865889549,1,mppt
8.550000190734863,1.0700000524520874,1,mppt
8.210000038146973,0.5,1,mppt
12.010000228881836,8.430000305175781,2,pitch_control
10.180000305175781,4.039999961853027,3,transition
14.180000305175781,7.190000057220459,2,pitch_control
8.670000076293945,0.03999999910593033,1,mppt
11.359999656677246,0.5899999737739563,3,transition
10.239999771118164,5.300000190734863,3,transition
9.369999885559082,4.840000152587891,3,transition
7.809999942779541,0.019999999552965164,1,mppt
7.75,0.03999999910593033,1,mppt
9.699999809265137,1.3200000524520874,1,mppt
7.619999885559082,0.03333333507180214,1,mppt
10.869999885559082,5.71999979019165,2,pitch_control
8.930000305175781,0.01666666567325592,1,mppt
10.0,1.0399999618530273,1,mppt
9.729999542236328,0.27000001072883606,1,mppt
0.0,0.0,0,idle
8.460000038146973,0.009999999776482582,1,mppt
8.710000038146973,0.019999997690320015,1,mppt
7.360000133514404,0.019999999552965164,1,mppt
6.170000076293945,0.009999999776482582,1,mppt
8.15999984741211,0.009999999776482582,1,mppt
10.989999771118164,5.340000152587891,2,pitch_control
6.860000133514404,0.03333333507180214,1,mppt
7.940000057220459,0.009999999776482582,1,mppt
8.609999656677246,0.009999999776482582,1,mppt
9.25,0.12999999523162842,1,mppt
8.619999885559082,0.3700000047683716,1,mppt
9.09000015258789,0.7799999713897705,1,mppt
10.390000343322754,0.6000000238418579,1,mppt
9.170000076293945,0.1366666555404663,1,mppt
8.729999542236328,0.009999999776482582,1,mppt
7.0,0.013333332724869251,1,mppt
8.100000381469727,0.019999997690320015,1,mppt
7.829999923706055,0.029999999329447746,1,mppt
6.0,0.009999999776482582,1,mppt
6.5,0.009999999776482582,1,mppt
10.979999542236328,4.159999847412109,2,pitch_control
10.010000228881836,2.930000066757202,3,transition
9.180000305175781,0.009999999776482582,1,mppt
6.010000228881836,0.04333333298563957,1,mppt
6.96999979019165,0.009999999776482582,1,mppt
9.960000038146973,1.0333333015441895,1,mppt
7.949999809265137,0.029999999329447746,1,mppt
8.630000114440918,0.10333333164453506,1,mppt
8.390000343322754,0.11666666716337204,1,mppt
7.78000020980835,0.009999999776482582,1,mppt
5.650000095367432,0.019999999552965164,1,mppt
8.199999809265137,0.009999999776482582,1,mppt
6.300000190734863,0.009999999776482582,1,mppt
6.739999771118164,0.009999999776482582,1,mppt
7.889999866485596,0.013333332724869251,1,mppt
5.579999923706055,0.009999999776482582,1,mppt
7.110000133514404,0.009999999776482582,1,mppt
6.340000152587891,0.009999999776482582,1,mppt
7.03000020980835,-0.029999999329447746,1,mppt
6.150000095367432,0.009999999776482582,1,mppt
4.809999942779541,0.009999999776482582,1,mppt
6.5,0.009999999776482582,1,mppt
6.070000171661377,0.03333333134651184,1,mppt
4.929999828338623,0.03333333507180214,1,mppt
4.929999828338623,0.023333333432674408,1,mppt
5.25,0.036666665226221085,1,mppt
7.320000171661377,0.013333332724869251,1,mppt
6.849999904632568,0.009999999776482582,1,mppt
5.059999942779541,1.006666660308838,1,mppt
4.710000038146973,0.009999999776482582,1,mppt
4.190000057220459,-1.9900001287460327,1,mppt
3.4700000286102295,0.009999999776482582,1,mppt
4.5,0.046666666865348816,1,mppt
3.740000009536743,0.009999999776482582,1,mppt
3.7699999809265137,0.03333333507180214,1,mppt
3.450000047683716,0.009999999776482582,1,mppt
4.75,0.006666666362434626,1,mppt
2.9700000286102295,0.009999999776482582,0,idle
5.269999980926514,0.009999999776482582,1,mppt
3.809999942779541,0.009999999776482582,1,mppt
5.119999885559082,1.006666660308838,1,mppt
4.980000019073486,0.009999999776482582,1,mppt
4.5,0.009999999776482582,1,mppt
5.989999771118164,0.019999999552965164,1,mppt
5.260000228881836,-0.49000000953674316,1,mppt
5.489999771118164,0.009999999776482582,1,mppt
2.299999952316284,0.01666666567325592,0,idle
3.190000057220459,0.04333333298563957,1,mppt
1.7000000476837158,24.420000076293945,0,idle
2.380000114440918,0.029999999329447746,0,idle
1.5199999809265137,0.009999999776482582,0,idle
1.090000033378601,90.26000213623047,0,idle
1.6200000047683716,90.20333862304688,0,idle
1.6699999570846558,90.54666900634766,0,idle
1.5099999904632568,90.28665924072266,0,idle
2.190000057220459,0.009999999776482582,0,idle
3.1500000953674316,0.009999999776482582,1,mppt
1.9800000190734863,90.2066650390625,0,idle
2.0199999809265137,89.70333099365234,0,idle
2.549999952316284,85.8499984741211,0,idle
2.490000009536743,90.10333251953125,0,idle
1.6299999952316284,0.009999999776482582,0,idle
2.390000104904175,0.009999999776482582,0,idle
0.8199999928474426,88.13333129882812,0,idle
1.8200000524520874,83.92000579833984,0,idle
0.7699999809265137,89.9433364868164,0,idle
1.7699999809265137,89.6933364868164,0,idle
1.409999966621399,83.92666625976562,0,idle
1.6299999952316284,87.93334197998047,0,idle
1.590000033378601,90.3499984741211,0,idle
1.2000000476837158,90.086669921875,0,idle
1.5099999904632568,90.36333465576172,0,idle
2.0299999713897705,90.29000091552734,0,idle
1.5199999809265137,89.54999542236328,0,idle
2.5,90.22000122070312,0,idle
2.640000104904175,88.37667083740234,0,idle
2.990000009536743,64.78333282470703,0,idle
2.930000066757202,90.28333282470703,0,idle
2.3399999141693115,90.31999969482422,0,idle
2.2899999618530273,0.38999998569488525,0,idle
1.3200000524520874,42.529998779296875,0,idle
1.6100000143051147,90.31999969482422,0,idle
1.3899999856948853,90.2300033569336,0,idle
1.440000057220459,90.260009765625,0,idle
1.5700000524520874,90.27999877929688,0,idle
1.6100000143051147,90.82999420166016,0,idle
2.319999933242798,90.0999984741211,0,idle
2.2200000286102295,89.8933334350586,0,idle
1.4199999570846558,90.37667083740234,0,idle
1.2100000381469727,90.31999969482422,0,idle
1.4900000095367432,90.82999420166016,0,idle
1.649999976158142,90.36666107177734,0,idle
1.8300000429153442,90.35999298095703,0,idle
2.180000066757202,90.38333129882812,0,idle
2.4200000762939453,90.35333251953125,0,idle
2.8299999237060547,85.59333038330078,0,idle
2.9100000858306885,78.0633316040039,0,idle
4.03000020980835,20.139999389648438,3,transition
3.5299999713897705,88.93000030517578,3,transition
3.319999933242798,42.9566650390625,3,transition
4.139999866485596,90.36666107177734,3,transition
3.430000066757202,20.260000228881836,3,transition
3.0,0.009999999776482582,1,mppt
4.119999885559082,0.009999999776482582,1,mppt
3.6700000762939453,0.009999999776482582,1,mppt
2.7699999809265137,0.009999999776482582,0,idle
4.940000057220459,0.009999999776482582,1,mppt
3.450000047683716,0.009999999776482582,1,mppt
2.6500000953674316,0.009999999776482582,0,idle
4.309999942779541,0.009999999776482582,1,mppt
3.7200000286102295,0.009999999776482582,1,mppt
4.400000095367432,0.009999999776482582,1,mppt
5.380000114440918,0.009999999776482582,1,mppt
4.860000133514404,0.009999999776482582,1,mppt
4.909999847412109,0.009999999776482582,1,mppt
4.789999961853027,0.009999999776482582,1,mppt
6.059999942779541,-0.20999999344348907,1,mppt
6.400000095367432,0.009999999776482582,1,mppt
4.739999771118164,0.009999999776482582,1,mppt
4.739999771118164,0.009999999776482582,1,mppt
4.639999866485596,0.009999999776482582,1,mppt
4.28000020980835,0.009999999776482582,1,mppt
5.039999961853027,0.009999999776482582,1,mppt
4.46999979019165,0.009999999776482582,1,mppt
4.099999904632568,0.009999999776482582,1,mppt
2.950000047683716,0.49000000953674316,0,idle
3.940000057220459,-1.9900001287460327,1,mppt
3.9800000190734863,0.009999999776482582,1,mppt
4.050000190734863,0.009999999776482582,1,mppt
1.8799999952316284,0.009999999776482582,0,idle
1.9500000476837158,0.009999999776482582,0,idle
2.990000009536743,0.009999999776482582,0,idle
2.25,0.009999999776482582,0,idle
3.259999990463257,0.009999999776482582,1,mppt
2.8499999046325684,0.009999999776482582,0,idle
3.819999933242798,0.009999999776482582,1,mppt
2.9100000858306885,0.009999999776482582,0,idle
2.3499999046325684,0.009999999776482582,0,idle
3.4700000286102295,0.009999999776482582,1,mppt
2.630000114440918,0.009999999776482582,0,idle
2.7899999618530273,0.009999999776482582,0,idle
2.490000009536743,0.009999999776482582,0,idle
2.930000066757202,0.009999999776482582,0,idle
2.890000104904175,0.009999999776482582,0,idle
2.140000104904175,0.009999999776482582,0,idle
2.5199999809265137,0.009999999776482582,0,idle
2.180000066757202,0.009999999776482582,0,idle
2.450000047683716,0.009999999776482582,0,idle
2.4700000286102295,0.009999999776482582,0,idle
2.75,0.009999999776482582,0,idle
2.8299999237060547,0.009999999776482582,0,idle
2.7200000286102295,0.009999999776482582,0,idle
2.5199999809265137,0.009999999776482582,0,idle
3.25,0.009999999776482582,1,mppt
3.3399999141693115,1.7400001287460327,1,mppt
4.860000133514404,1.8300000429153442,1,mppt
3.819999933242798,0.9800000190734863,1,mppt
4.460000038146973,0.1599999964237213,1,mppt
4.820000171661377,0.33000001311302185,1,mppt
5.460000038146973,0.9599999785423279,1,mppt
4.75,0.029999999329447746,1,mppt
6.190000057220459,0.019999999552965164,1,mppt
5.570000171661377,0.019999999552965164,1,mppt
4.869999885559082,0.02333333157002926,1,mppt
4.730000019073486,0.02333333157002926,1,mppt
5.849999904632568,0.019999999552965164,1,mppt
5.21999979019165,0.019999999552965164,1,mppt
5.309999942779541,-1.9800000190734863,1,mppt
4.480000019073486,0.02333333157002926,1,mppt
5.300000190734863,0.019999999552965164,1,mppt
6.179999828338623,0.019999999552965164,1,mppt
4.949999809265137,0.019999999552965164,1,mppt
4.75,0.026666665449738503,1,mppt
4.409999847412109,-0.9733333587646484,1,mppt
4.380000114440918,0.029999999329447746,1,mppt
4.46999979019165,0.026666665449738503,1,mppt
4.929999828338623,0.02333333157002926,1,mppt
6.860000133514404,0.013333332724869251,1,mppt
6.380000114440918,0.01666666567325592,1,mppt
4.949999809265137,0.019999999552965164,1,mppt
6.340000152587891,0.5199999809265137,1,mppt
5.659999847412109,0.019999999552965164,1,mppt
5.619999885559082,-0.23000000417232513,1,mppt
4.760000228881836,0.023333333432674408,1,mppt
4.840000152587891,0.023333333432674408,1,mppt
4.710000038146973,0.019999999552965164,1,mppt
4.389999866485596,0.019999999552965164,1,mppt
4.5,0.029999999329447746,1,mppt
5.239999771118164,0.029999999329447746,1,mppt
5.090000152587891,0.019999999552965164,1,mppt
4.360000133514404,0.026666665449738503,1,mppt
4.0,0.019999999552965164,1,mppt
4.820000171661377,0.019999999552965164,1,mppt
6.349999904632568,0.5199999809265137,1,mppt
5.670000076293945,0.029999999329447746,1,mppt
5.289999961853027,0.019999999552965164,1,mppt
4.550000190734863,0.019999999552965164,1,mppt
3.8399999141693115,0.02333333157002926,1,mppt
5.420000076293945,0.019999999552965164,1,mppt
3.7699999809265137,0.026666665449738503,1,mppt
4.699999809265137,-1.9733333587646484,1,mppt
4.46999979019165,0.026666665449738503,1,mppt
5.340000152587891,0.019999999552965164,1,mppt
4.329999923706055,0.02333333157002926,1,mppt
5.039999961853027,0.029999999329447746,1,mppt
3.950000047683716,0.029999999329447746,1,mppt
4.139999866485596,0.026666665449738503,1,mppt
4.590000152587891,0.029999999329447746,1,mppt
5.21999979019165,0.019999999552965164,1,mppt
5.010000228881836,0.019999999552965164,1,mppt
5.050000190734863,0.019999999552965164,1,mppt
6.039999961853027,0.019999999552965164,1,mppt
4.920000076293945,0.019999999552965164,1,mppt
4.909999847412109,0.4399999678134918,1,mppt
3.930000066757202,0.10000000149011612,1,mppt
4.690000057220459,0.07999999821186066,1,mppt
4.739999771118164,0.3400000035762787,1,mppt
4.940000057220459,0.019999999552965164,1,mppt
4.730000019073486,0.023333333432674408,1,mppt
4.050000190734863,0.029999999329447746,1,mppt
4.050000190734863,0.019999999552965164,1,mppt
4.650000095367432,0.019999999552965164,1,mppt
4.409999847412109,0.019999999552965164,1,mppt
4.96999979019165,0.019999999552965164,1,mppt
5.730000019073486,-0.47999998927116394,1,mppt
4.320000171661377,0.029999999329447746,1,mppt
4.449999809265137,0.029999999329447746,1,mppt
0.0,0.0,0,idle
4.75,0.019999999552965164,1,mppt
5.260000228881836,0.019999999552965164,1,mppt
5.409999847412109,0.019999999552965164,1,mppt
6.420000076293945,0.019999999552965164,1,mppt
5.409999847412109,0.019999999552965164,1,mppt
5.630000114440918,0.019999999552965164,1,mppt
5.190000057220459,0.019999999552965164,1,mppt
6.849999904632568,0.10000000149011612,1,mppt
5.889999866485596,-1.4800000190734863,1,mppt
5.440000057220459,0.019999999552965164,1,mppt
5.900000095367432,0.029999999329447746,1,mppt
6.710000038146973,0.019999999552965164,1,mppt
7.510000228881836,-0.47999998927116394,1,mppt
5.559999942779541,0.019999999552965164,1,mppt
5.329999923706055,0.009999999776482582,1,mppt
5.96999979019165,0.019999999552965164,1,mppt
7.440000057220459,0.05000000074505806,1,mppt
5.860000133514404,0.019999999552965164,1,mppt
6.670000076293945,0.019999999552965164,1,mppt
5.909999847412109,0.019999999552965164,1,mppt
6.21999979019165,0.10999999195337296,1,mppt
5.869999885559082,0.019999999552965164,1,mppt
6.010000228881836,0.019999999552965164,1,mppt
6.46999979019165,0.029999999329447746,1,mppt
5.929999828338623,0.023333333432674408,1,mppt
5.710000038146973,0.029999999329447746,1,mppt
6.079999923706055,0.02333333157002926,1,mppt
7.659999847412109,0.053333330899477005,1,mppt
7.78000020980835,0.029999999329447746,1,mppt
5.460000038146973,0.009999999776482582,1,mppt
5.559999942779541,0.019999999552965164,1,mppt
6.309999942779541,0.009999999776482582,1,mppt
6.150000095367432,0.023333333432674408,1,mppt
5.429999828338623,0.009999999776482582,1,mppt
6.170000076293945,-0.49000000953674316,1,mppt
6.619999885559082,90.4433364868164,3,transition
5.079999923706055,0.036666665226221085,1,mppt
5.989999771118164,0.019999999552965164,1,mppt
5.349999904632568,0.019999999552965164,1,mppt
4.510000228881836,0.019999999552965164,1,mppt
6.260000228881836,0.02333333157002926,1,mppt
5.130000114440918,0.02333333157002926,1,mppt
3.799999952316284,-1.96999990940094,1,mppt
4.429999828338623,0.019999999552965164,1,mppt
4.079999923706055,0.02333333157002926,1,mppt
4.179999828338623,0.029999999329447746,1,mppt
5.460000038146973,0.5199999809265137,1,mppt
5.800000190734863,-0.3199999928474426,1,mppt
4.880000114440918,0.019999999552965164,1,mppt
4.880000114440918,0.02333333157002926,1,mppt
5.809999942779541,0.029999999329447746,1,mppt
4.130000114440918,0.019999999552965164,1,mppt
4.210000038146973,0.02333333157002926,1,mppt
3.700000047683716,0.5199999809265137,1,mppt
5.380000114440918,0.019999999552965164,1,mppt
4.539999961853027,-0.47999998927116394,1,mppt
4.369999885559082,0.036666665226221085,1,mppt
4.829999923706055,0.03333333507180214,1,mppt
4.480000019073486,0.029999999329447746,1,mppt
3.799999952316284,0.019999999552965164,1,mppt
5.449999809265137,0.019999999552965164,1,mppt
5.010000228881836,0.019999999552965164,1,mppt
4.659999847412109,0.019999999552965164,1,mppt
5.639999866485596,0.019999999552965164,1,mppt
4.679999828338623,0.019999999552965164,1,mppt
5.010000228881836,0.019999999552965164,1,mppt
8.170000076293945,1.0199999809265137,1,mppt
6.230000019073486,0.019999999552965164,1,mppt
6.179999828338623,-0.47999998927116394,1,mppt
5.380000114440918,0.019999999552965164,1,mppt
4.449999809265137,0.019999999552965164,1,mppt
5.619999885559082,0.019999999552965164,1,mppt
4.869999885559082,0.019999999552965164,1,mppt
6.320000171661377,0.019999999552965164,1,mppt
4.869999885559082,0.026666665449738503,1,mppt
4.460000038146973,0.029999999329447746,1,mppt
6.429999828338623,0.03999999910593033,1,mppt
5.650000095367432,0.009999999776482582,1,mppt
5.949999809265137,0.019999999552965164,1,mppt
5.139999866485596,0.01666666567325592,1,mppt
4.960000038146973,0.019999999552965164,1,mppt
7.75,0.009999999776482582,1,mppt
6.340000152587891,0.01666666567325592,1,mppt
5.480000019073486,0.019999999552965164,1,mppt
6.909999847412109,0.009999999776482582,1,mppt
5.639999866485596,0.013333332724869251,1,mppt
4.909999847412109,-0.9866666793823242,1,mppt
4.210000038146973,0.009999999776482582,1,mppt
4.869999885559082,0.019999999552965164,1,mppt
5.380000114440918,0.009999999776482582,1,mppt
4.699999809265137,0.03333333507180214,1,mppt
4.300000190734863,0.009999999776482582,1,mppt
4.389999866485596,0.01666666567325592,1,mppt
4.880000114440918,0.009999999776482582,1,mppt
4.690000057220459,0.009999999776482582,1,mppt
4.159999847412109,0.05000000074505806,1,mppt
3.9200000762939453,0.009999999776482582,1,mppt
4.340000152587891,0.013333332724869251,1,mppt
3.3499999046325684,0.009999999776482582,1,mppt
3.6600000858306885,0.009999999776482582,1,mppt
3.809999942779541,0.029999999329447746,1,mppt
3.4000000953674316,0.019999999552965164,1,mppt
3.049999952316284,0.01666666567325592,1,mppt
4.21999979019165,0.009999999776482582,1,mppt
5.019999980926514,0.009999999776482582,1,mppt
1.7799999713897705,0.009999999776482582,0,idle
2.799999952316284,0.019999999552965164,0,idle
2.0199999809265137,0.009999999776482582,0,idle
3.0999999046325684,1.4800000190734863,1,mppt
2.5899999141693115,2.319999933242798,0,idle
2.640000104904175,0.019999999552965164,0,idle
3.950000047683716,0.07000000029802322,1,mppt
1.7999999523162842,39.76000213623047,0,idle
2.5299999713897705,0.03333333507180214,0,idle
2.5199999809265137,0.019999999552965164,0,idle
4.860000133514404,5.789999485015869,3,transition
2.0,0.03333333134651184,0,idle
2.2200000286102295,90.21666717529297,0,idle
3.299999952316284,0.029999999329447746,1,mppt
3.5299999713897705,0.026666665449738503,1,mppt
2.609999895095825,0.009999999776482582,0,idle
3.0299999713897705,0.036666665226221085,1,mppt
2.450000047683716,83.92333984375,0,idle
2.5899999141693115,0.029999999329447746,0,idle
2.549999952316284,36.413333892822266,0,idle
1.9600000381469727,16.469999313354492,0,idle
3.9000000953674316,0.019999999552965164,1,mppt
3.809999942779541,0.019999999552965164,1,mppt
3.740000009536743,0.026666665449738503,1,mppt
2.509999990463257,85.70999908447266,0,idle
4.079999923706055,0.03999999910593033,1,mppt
4.260000228881836,0.04333333298563957,1,mppt
5.849999904632568,2.75,3,transition
4.099999904632568,0.029999999329447746,1,mppt
4.079999923706055,3.069999933242798,3,transition
2.7899999618530273,90.05667114257812,0,idle
2.690000057220459,-0.9766666889190674,0,idle
4.539999961853027,-0.07000000029802322,1,mppt
3.5999999046325684,0.029999999329447746,1,mppt
4.409999847412109,2.759999990463257,3,transition
2.200000047683716,90.29666900634766,0,idle
2.950000047683716,0.03333333507180214,0,idle
3.3499999046325684,0.026666665449738503,1,mppt
3.700000047683716,0.019999999552965164,1,mppt
3.299999952316284,0.01666666567325592,1,mppt
3.690000057220459,1.0099999904632568,1,mppt
3.7100000381469727,0.029999999329447746,1,mppt
3.069999933242798,0.019999999552965164,1,mppt
4.260000228881836,0.029999999329447746,1,mppt
6.380000114440918,5.46999979019165,3,transition
4.559999942779541,0.5699999928474426,1,mppt
4.159999847412109,0.07999999821186066,1,mppt
2.890000104904175,90.39666748046875,0,idle
3.8299999237060547,0.029999999329447746,1,mppt
5.550000190734863,7.1999993324279785,3,transition
3.8299999237060547,0.029999999329447746,1,mppt
3.049999952316284,0.01666666567325592,1,mppt
3.940000057220459,-1.96999990940094,1,mppt
2.9200000762939453,0.026666665449738503,0,idle
2.8499999046325684,0.030000001192092896,0,idle
1.7899999618530273,0.026666665449738503,0,idle
3.6700000762939453,1.9600000381469727,1,mppt
3.3299999237060547,0.029999999329447746,1,mppt
1.6100000143051147,0.026666665449738503,0,idle
2.140000104904175,0.036666665226221085,0,idle
2.299999952316284,0.02333333157002926,0,idle
2.0,0.026666665449738503,0,idle
1.4299999475479126,0.026666665449738503,0,idle
3.069999933242798,0.029999999329447746,1,mppt
1.350000023841858,56.75333023071289,0,idle
1.8200000524520874,0.023333333432674408,0,idle
2.609999895095825,0.02333333157002926,0,idle
1.2999999523162842,31.76666831970215,0,idle
1.4500000476837158,89.95000457763672,0,idle
2.380000114440918,0.023333333432674408,0,idle
5.929999828338623,5.900000095367432,3,transition
0.9300000071525574,90.34000396728516,0,idle
3.380000114440918,2.680000066757202,3,transition
0.3199999928474426,90.18000030517578,0,idle
3.8499999046325684,0.02333333157002926,1,mppt
1.2400000095367432,85.87667083740234,0,idle
2.0999999046325684,0.04333333298563957,0,idle
4.539999961853027,2.4100000858306885,3,transition
5.690000057220459,5.090000152587891,3,transition
4.380000114440918,2.7300002574920654,3,transition
1.590000033378601,90.05667114257812,0,idle
2.7699999809265137,0.036666665226221085,0,idle
1.559999942779541,89.78665924072266,0,idle
3.440000057220459,0.4699999988079071,1,mppt
4.010000228881836,2.2899999618530273,3,transition
1.7899999618530273,0.026666665449738503,0,idle
1.690000057220459,83.75333404541016,0,idle
1.9299999475479126,0.023333333432674408,0,idle
2.740000009536743,0.023333333432674408,0,idle
1.7300000190734863,0.030000001192092896,0,idle
2.0799999237060547,90.3033218383789,0,idle
3.890000104904175,0.550000011920929,1,mppt
2.890000104904175,72.84333038330078,0,idle
1.2400000095367432,90.32666015625,0,idle
0.9900000095367432,90.25666046142578,0,idle
1.7899999618530273,0.019999999552965164,0,idle
1.9700000286102295,0.009999999776482582,0,idle
1.149999976158142,90.24332427978516,0,idle
5.369999885559082,0.10000000149011612,1,mppt
4.179999828338623,0.07000000029802322,1,mppt
3.880000114440918,0.3799999952316284,1,mppt
1.600000023841858,85.32999420166016,0,idle
1.8300000429153442,0.5099999904632568,0,idle
4.400000095367432,0.12999999523162842,1,mppt
2.940000057220459,0.029999999329447746,0,idle
1.340000033378601,89.6833267211914,0,idle
1.659999966621399,90.50333404541016,0,idle
0.8399999737739563,85.46334075927734,0,idle
2.700000047683716,0.029999999329447746,0,idle
2.0199999809265137,90.50333404541016,0,idle
2.8499999046325684,64.18000030517578,0,idle
3.630000114440918,0.019999999552965164,1,mppt
2.5999999046325684,90.3600082397461,0,idle
1.940000057220459,89.67999267578125,0,idle
2.809999942779541,0.02333333157002926,0,idle
2.119999885559082,85.7699966430664,0,idle
2.299999952316284,0.009999999776482582,0,idle
1.4700000286102295,90.2699966430664,0,idle
1.5099999904632568,90.36333465576172,0,idle
1.840000033378601,90.29666137695312,0,idle
1.440000057220459,89.6399917602539,0,idle
2.069999933242798,0.009999999776482582,0,idle
2.4800000190734863,4.380000114440918,0,idle
2.490000009536743,90.20999908447266,0,idle
1.840000033378601,90.37667083740234,0,idle
3.7300000190734863,0.029999999329447746,1,mppt
1.7400000095367432,89.6399917602539,0,idle
1.8899999856948853,0.019999999552965164,0,idle
1.7200000286102295,90.26000213623047,0,idle
1.6100000143051147,0.019999999552965164,0,idle
1.0,90.05667114257812,0,idle
1.5499999523162842,89.54666900634766,0,idle
1.3700000047683716,90.3133316040039,0,idle
1.440000057220459,90.25,0,idle
1.5499999523162842,90.29999542236328,0,idle
1.1699999570846558,90.30333709716797,0,idle
1.2100000381469727,83.74333190917969,0,idle
1.4600000381469727,90.33333587646484,0,idle
1.2899999618530273,85.89666748046875,0,idle
1.7000000476837158,90.27667236328125,0,idle
1.6100000143051147,85.77999877929688,0,idle
3.5999999046325684,10.0,3,transition
1.350000023841858,85.46334075927734,0,idle
1.159999966621399,90.27667236328125,0,idle
1.7699999809265137,90.32333374023438,0,idle
2.2200000286102295,89.93000030517578,0,idle
1.350000023841858,90.40666961669922,0,idle
2.190000057220459,90.35333251953125,0,idle
1.4600000381469727,89.85000610351562,0,idle
2.0399999618530273,0.019999999552965164,0,idle
1.9299999475479126,90.37667083740234,0,idle
1.9800000190734863,90.25,0,idle
1.7699999809265137,90.00333404541016,0,idle
1.440000057220459,90.33999633789062,0,idle
2.0899999141693115,89.9766616821289,0,idle
1.7400000095367432,90.32666778564453,0,idle
1.6299999952316284,90.00667572021484,0,idle
1.840000033378601,90.26000213623047,0,idle
2.180000066757202,0.036666665226221085,0,idle
1.7599999904632568,90.27999877929688,0,idle
2.200000047683716,0.009999999776482582,0,idle
1.8200000524520874,85.24666595458984,0,idle
2.299999952316284,0.009999999776482582,0,idle
2.609999895095825,89.9800033569336,0,idle
2.380000114440918,90.27667236328125,0,idle
2.0,90.32666778564453,0,idle
1.9500000476837158,90.07666778564453,0,idle
1.9600000381469727,85.32999420166016,0,idle
2.109999895095825,89.9800033569336,0,idle
2.2699999809265137,0.009999999776482582,0,idle
1.8600000143051147,90.19666290283203,0,idle
1.9199999570846558,90.33333587646484,0,idle
1.6799999475479126,87.9333267211914,0,idle
1.8899999856948853,0.10999999195337296,0,idle
1.7100000381469727,89.73332977294922,0,idle
1.2799999713897705,90.34000396728516,0,idle
1.25,85.46334075927734,0,idle
1.7599999904632568,90.08333587646484,0,idle
1.5299999713897705,90.37332916259766,0,idle
1.4600000381469727,0.03333333507180214,0,idle
1.6799999475479126,90.32666778564453,0,idle
1.2899999618530273,90.10333251953125,0,idle
1.3300000429153442,0.009999999776482582,0,idle
1.3600000143051147,90.1399917602539,0,idle
1.409999966621399,90.21334075927734,0,idle
1.600000023841858,90.19666290283203,0,idle
1.840000033378601,90.25333404541016,0,idle
1.9299999475479126,89.90332794189453,0,idle
2.1700000762939453,90.30999755859375,0,idle
2.0399999618530273,90.3166732788086,0,idle
1.8300000429153442,0.03333333507180214,0,idle
2.4200000762939453,90.2633285522461,0,idle
2.390000104904175,89.70333099365234,0,idle
1.8899999856948853,90.2699966430664,0,idle
1.5399999618530273,90.81999969482422,0,idle
2.0999999046325684,85.80999755859375,0,idle
1.899999976158142,83.9433364868164,0,idle
2.190000057220459,90.30999755859375,0,idle
2.309999942779541,90.09333038330078,0,idle
2.619999885559082,17.030000686645508,0,idle
2.4000000953674316,90.2699966430664,0,idle
1.940000057220459,90.25,0,idle
1.8899999856948853,85.32999420166016,0,idle
2.4200000762939453,10.09000015258789,0,idle
2.450000047683716,89.70333099365234,0,idle
2.299999952316284,60.7933349609375,0,idle
2.4100000858306885,0.009999999776482582,0,idle
2.4600000381469727,90.09333038330078,0,idle
2.940000057220459,26.670000076293945,0,idle
2.5,89.70333099365234,0,idle
2.180000066757202,90.22000122070312,0,idle
2.2100000381469727,89.67999267578125,0,idle
2.0199999809265137,90.3600082397461,0,idle
1.7899999618530273,90.04000091552734,0,idle
2.0199999809265137,61.9466667175293,0,idle
2.0399999618530273,90.03665924072266,0,idle
1.7599999904632568,90.29000091552734,0,idle
1.809999942779541,88.37332916259766,0,idle
2.0199999809265137,0.009999999776482582,0,idle
1.8899999856948853,90.33333587646484,0,idle
2.430000066757202,89.98333740234375,0,idle
2.009999990463257,90.19666290283203,0,idle
2.0,90.03665924072266,0,idle
2.049999952316284,85.8566665649414,0,idle
1.840000033378601,90.58333587646484,0,idle
1.9700000286102295,90.37667083740234,0,idle
2.869999885559082,0.009999999776482582,0,idle
2.450000047683716,90.40666961669922,0,idle
1.7200000286102295,90.3600082397461,0,idle
1.6200000047683716,90.25333404541016,0,idle
2.380000114440918,89.8600082397461,0,idle
2.549999952316284,20.753334045410156,0,idle
3.1700000762939453,2.0999999046325684,3,transition
3.7200000286102295,90.25667572021484,3,transition
2.630000114440918,39.39666748046875,0,idle
2.380000114440918,0.009999999776482582,0,idle
2.9200000762939453,0.009999999776482582,0,idle
2.5199999809265137,58.00666427612305,0,idle
2.450000047683716,0.009999999776482582,0,idle
3.240000009536743,0.009999999776482582,1,mppt
2.9200000762939453,0.009999999776482582,0,idle
1.7100000381469727,90.34333038330078,0,idle
2.559999942779541,27.933334350585938,0,idle
2.0199999809265137,90.55333709716797,0,idle
2.240000009536743,0.009999999776482582,0,idle
1.850000023841858,0.009999999776482582,0,idle
2.180000066757202,0.009999999776482582,0,idle
1.5,35.03333282470703,0,idle
2.3399999141693115,0.009999999776482582,0,idle
2.7300000190734863,-1.9900001287460327,0,idle
2.390000104904175,0.009999999776482582,0,idle
2.859999895095825,-0.49000000953674316,0,idle
1.7100000381469727,0.009999999776482582,0,idle
1.559999942779541,83.9366683959961,0,idle
2.8399999141693115,0.009999999776482582,0,idle
2.6500000953674316,89.57666015625,0,idle
1.6799999475479126,90.3066635131836,0,idle
1.590000033378601,90.25,0,idle
1.8899999856948853,89.94000244140625,0,idle
1.7899999618530273,90.37667083740234,0,idle
2.2899999618530273,0.009999999776482582,0,idle
1.7699999809265137,0.009999999776482582,0,idle
1.7899999618530273,90.57999420166016,0,idle
1.8300000429153442,90.29999542236328,0,idle
1.649999976158142,90.32666778564453,0,idle
1.7799999713897705,89.94000244140625,0,idle
1.8700000047683716,85.4800033569336,0,idle
2.1700000762939453,90.3066635131836,0,idle
1.5299999713897705,0.009999999776482582,0,idle
1.8700000047683716,0.009999999776482582,0,idle
1.7300000190734863,90.30333709716797,0,idle
1.4299999475479126,70.77999877929688,0,idle
1.7799999713897705,90.15999603271484,0,idle
2.5399999618530273,90.37667083740234,0,idle
1.8700000047683716,0.009999999776482582,0,idle
1.9900000095367432,0.009999999776482582,0,idle
1.6699999570846558,0.009999999776482582,0,idle
2.0799999237060547,90.24666595458984,0,idle
2.059999942779541,87.35333251953125,0,idle
2.319999933242798,85.82999420166016,0,idle
1.7000000476837158,0.009999999776482582,0,idle
2.119999885559082,90.3133316040039,0,idle
1.6299999952316284,0.009999999776482582,0,idle
2.450000047683716,0.009999999776482582,0,idle
1.7200000286102295,85.82999420166016,0,idle
1.75,0.009999999776482582,0,idle
1.9700000286102295,0.009999999776482582,0,idle
2.5,89.586669921875,0,idle
2.2100000381469727,0.009999999776482582,0,idle
1.7000000476837158,0.009999999776482582,0,idle
2.1700000762939453,-1.9900001287460327,0,idle
2.299999952316284,90.37667083740234,0,idle
3.2300000190734863,0.009999999776482582,1,mppt
2.0899999141693115,90.0233383178711,0,idle
1.809999942779541,0.009999999776482582,0,idle
2.4800000190734863,83.93333435058594,0,idle
2.130000114440918,0.009999999776482582,0,idle
1.590000033378601,85.82999420166016,0,idle
1.159999966621399,52.2166633605957,0,idle
1.5700000524520874,90.29666900634766,0,idle
1.8600000143051147,90.32333374023438,0,idle
1.649999976158142,88.3800048828125,0,idle
1.6100000143051147,0.009999999776482582,0,idle
1.840000033378601,90.32333374023438,0,idle
1.25,29.56999969482422,0,idle
1.9500000476837158,0.009999999776482582,0,idle
1.7100000381469727,90.32333374023438,0,idle
1.7799999713897705,90.25332641601562,0,idle
2.1700000762939453,90.07666015625,0,idle
1.7000000476837158,90.2833251953125,0,idle
4.349999904632568,0.009999999776482582,1,mppt
2.450000047683716,90.163330078125,0,idle
3.369999885559082,0.009999999776482582,1,mppt
1.809999942779541,90.28667449951172,0,idle
2.2100000381469727,0.009999999776482582,0,idle
2.2200000286102295,90.2699966430664,0,idle
2.509999990463257,13.833333015441895,0,idle
3.240000009536743,0.009999999776482582,1,mppt
4.260000228881836,0.009999999776482582,1,mppt
2.1700000762939453,10.539999961853027,0,idle
2.7100000381469727,0.009999999776482582,0,idle
2.609999895095825,0.009999999776482582,0,idle
1.7599999904632568,36.70000076293945,0,idle
1.4700000286102295,86.07666778564453,0,idle
1.600000023841858,85.79666900634766,0,idle
4.079999923706055,0.009999999776482582,1,mppt
1.5199999809265137,85.82999420166016,0,idle
2.069999933242798,90.00667572021484,0,idle
1.6799999475479126,0.009999999776482582,0,idle
1.4299999475479126,0.009999999776482582,0,idle
4.400000095367432,0.009999999776482582,1,mppt
1.7899999618530273,90.2833251953125,0,idle
1.7400000095367432,89.92000579833984,0,idle
1.8799999952316284,90.0666732788086,0,idle
1.7300000190734863,0.009999999776482582,0,idle
4.449999809265137,0.009999999776482582,1,mppt
1.25,0.25,0,idle
1.5199999809265137,0.009999999776482582,0,idle
3.6500000953674316,0.009999999776482582,1,mppt
2.119999885559082,0.009999999776482582,0,idle
1.9600000381469727,90.3466567993164,0,idle
2.0299999713897705,90.17999267578125,0,idle
1.809999942779541,90.29666900634766,0,idle
1.5700000524520874,0.009999999776482582,0,idle
1.440000057220459,83.4366683959961,0,idle
1.4600000381469727,90.24666595458984,0,idle
3.069999933242798,0.006666666362434626,1,mppt
2.9000000953674316,0.006666666362434626,0,idle
2.640000104904175,0.009999999776482582,0,idle
2.059999942779541,88.15332794189453,0,idle
1.559999942779541,90.24666595458984,0,idle
1.559999942779541,90.37332916259766,0,idle
1.7000000476837158,85.88333892822266,0,idle
1.7200000286102295,83.80333709716797,0,idle
2.4200000762939453,90.79666137695312,0,idle
1.8300000429153442,83.9566650390625,0,idle
1.9700000286102295,89.8600082397461,0,idle
2.5,22.23000144958496,0,idle
2.190000057220459,90.07000732421875,0,idle
2.25,90.79666137695312,0,idle
2.680000066757202,51.84666442871094,0,idle
2.140000104904175,90.0233383178711,0,idle
1.5800000429153442,90.25333404541016,0,idle
2.490000009536743,47.86000061035156,0,idle
2.0299999713897705,90.37332916259766,0,idle
2.559999942779541,29.056665420532227,0,idle
2.4200000762939453,0.009999999776482582,0,idle
2.4700000286102295,0.009999999776482582,0,idle
1.8300000429153442,-0.9900000095367432,0,idle
1.9299999475479126,89.90332794189453,0,idle
1.5,90.25333404541016,0,idle
1.7599999904632568,85.88333892822266,0,idle
2.869999885559082,0.009999999776482582,0,idle
1.8799999952316284,0.009999999776482582,0,idle
1.8700000047683716,85.3699951171875,0,idle
1.5399999618530273,86.2266616821289,0,idle
2.140000104904175,0.009999999776482582,0,idle
1.9800000190734863,0.009999999776482582,0,idle
1.7000000476837158,0.009999999776482582,0,idle
1.559999942779541,86.2266616821289,0,idle
2.319999933242798,0.009999999776482582,0,idle
1.9500000476837158,0.009999999776482582,0,idle
2.0199999809265137,0.009999999776482582,0,idle
1.7400000095367432,0.009999999776482582,0,idle
2.0199999809265137,89.9866714477539,0,idle
1.840000033378601,83.9433364868164,0,idle
2.190000057220459,90.29999542236328,0,idle
2.7200000286102295,0.009999999776482582,0,idle
2.0,0.009999999776482582,0,idle
2.180000066757202,0.009999999776482582,0,idle
2.200000047683716,90.55333709716797,0,idle
1.899999976158142,89.98666381835938,0,idle
2.0899999141693115,90.3133316040039,0,idle
1.9199999570846558,0.009999999776482582,0,idle
1.899999976158142,0.009999999776482582,0,idle
2.0899999141693115,89.67999267578125,0,idle
2.049999952316284,90.23333740234375,0,idle
1.7300000190734863,90.29666137695312,0,idle
1.8899999856948853,88.12332916259766,0,idle
2.1600000858306885,90.32333374023438,0,idle
1.7899999618530273,0.009999999776482582,0,idle
1.7899999618530273,0.009999999776482582,0,idle
1.8200000524520874,0.009999999776482582,0,idle
1.5,0.009999999776482582,0,idle
1.6699999570846558,89.90332794189453,0,idle
1.5800000429153442,0.009999999776482582,0,idle
1.4800000190734863,90.05333709716797,0,idle
1.5199999809265137,90.336669921875,0,idle
1.2999999523162842,37.14332962036133,0,idle
2.190000057220459,0.009999999776482582,0,idle
1.2799999713897705,90.34667205810547,0,idle
1.7400000095367432,87.93000030517578,0,idle
1.309999942779541,0.009999999776482582,0,idle
1.809999942779541,0.009999999776482582,0,idle
1.149999976158142,89.9766616821289,0,idle
1.2200000286102295,90.32999420166016,0,idle
1.5199999809265137,90.31999969482422,0,idle
1.7599999904632568,90.23333740234375,0,idle
1.159999966621399,89.98333740234375,0,idle
1.5700000524520874,90.32999420166016,0,idle
1.6699999570846558,90.29000091552734,0,idle
1.6399999856948853,89.90332794189453,0,idle
1.25,83.9800033569336,0,idle
1.350000023841858,90.31999969482422,0,idle
1.600000023841858,89.9766616821289,0,idle
1.5800000429153442,90.2733383178711,0,idle
1.9500000476837158,89.49667358398438,0,idle
1.5299999713897705,85.47000122070312,0,idle
1.0499999523162842,90.8166732788086,0,idle
1.4900000095367432,87.9800033569336,0,idle
1.5499999523162842,90.34667205810547,0,idle
1.590000033378601,83.45333099365234,0,idle
1.4600000381469727,83.9433364868164,0,idle
1.3899999856948853,90.29000091552734,0,idle
1.600000023841858,90.05333709716797,0,idle
1.2899999618530273,90.34000396728516,0,idle
1.309999942779541,90.23333740234375,0,idle
1.4900000095367432,89.9766616821289,0,idle
1.2400000095367432,89.90332794189453,0,idle
0.949999988079071,89.67000579833984,0,idle
0.44999998807907104,90.34667205810547,0,idle
0.6000000238418579,90.30333709716797,0,idle
1.190000057220459,83.9433364868164,0,idle
1.3799999952316284,90.55333709716797,0,idle
1.0199999809265137,90.25666046142578,0,idle
0.9599999785423279,83.9433364868164,0,idle
1.0399999618530273,90.3566665649414,0,idle
1.2000000476837158,90.3699951171875,0,idle
1.2699999809265137,89.7300033569336,0,idle
0.7699999809265137,87.9800033569336,0,idle
0.9300000071525574,90.05333709716797,0,idle
1.0,90.0199966430664,0,idle
1.6200000047683716,90.3166732788086,0,idle
0.9800000190734863,85.8566665649414,0,idle
1.6200000047683716,90.32333374023438,0,idle
1.2100000381469727,90.2933349609375,0,idle
1.559999942779541,89.49667358398438,0,idle
1.6399999856948853,90.22332763671875,0,idle
1.3700000047683716,90.30333709716797,0,idle
1.6399999856948853,89.67000579833984,0,idle
1.6100000143051147,89.90332794189453,0,idle
1.840000033378601,89.57666015625,0,idle
1.649999976158142,90.21334075927734,0,idle
1.4800000190734863,90.25666046142578,0,idle
1.1699999570846558,88.37667083740234,0,idle
1.350000023841858,90.336669921875,0,idle
1.2999999523162842,90.2933349609375,0,idle
2.0199999809265137,90.34000396728516,0,idle
1.7899999618530273,90.0199966430664,0,idle
1.840000033378601,90.31999969482422,0,idle
1.7000000476837158,90.59333038330078,0,idle
1.409999966621399,85.83666229248047,0,idle
1.600000023841858,90.260009765625,0,idle
1.4199999570846558,89.67999267578125,0,idle
1.25,90.2933349609375,0,idle
1.3700000047683716,90.22332763671875,0,idle
0.8600000143051147,87.93000030517578,0,idle
1.2699999809265137,89.61666870117188,0,idle
1.2300000190734863,90.28333282470703,0,idle
1.159999966621399,90.33999633789062,0,idle
1.75,90.23333740234375,0,idle
1.2200000286102295,89.70333099365234,0,idle
1.4700000286102295,90.30999755859375,0,idle
1.5099999904632568,90.2366714477539,0,idle
0.800000011920929,87.93000030517578,0,idle
1.399999976158142,90.36334228515625,0,idle
1.409999966621399,85.83666229248047,0,idle
1.059999942779541,89.67333221435547,0,idle
1.690000057220459,90.37667083740234,0,idle
1.899999976158142,90.22333526611328,0,idle
1.5199999809265137,89.90666961669922,0,idle
1.7699999809265137,90.25666046142578,0,idle
1.7000000476837158,90.07000732421875,0,idle
1.6299999952316284,90.3699951171875,0,idle
2.6500000953674316,90.3699951171875,0,idle
1.9600000381469727,90.2933349609375,0,idle
2.25,90.33999633789062,0,idle
2.509999990463257,89.90666961669922,0,idle
1.9700000286102295,90.25666046142578,0,idle
1.7699999809265137,85.88333892822266,0,idle
2.5799999237060547,11.029999732971191,0,idle
2.1600000858306885,90.2933349609375,0,idle
3.3299999237060547,0.20999999344348907,1,mppt
2.9600000381469727,0.009999999776482582,0,idle
3.8399999141693115,0.009999999776482582,1,mppt
3.009999990463257,16.770000457763672,3,transition
3.200000047683716,2.5,3,transition
2.940000057220459,0.19333332777023315,0,idle
3.9200000762939453,-0.1899999976158142,1,mppt
3.180000066757202,65.8499984741211,3,transition
4.409999847412109,1.46999990940094,1,mppt
3.890000104904175,0.8999999165534973,1,mppt
3.5999999046325684,0.7300000190734863,1,mppt
3.5399999618530273,1.1799999475479126,1,mppt
3.4800000190734863,0.6700000166893005,1,mppt
3.5999999046325684,0.9933333396911621,1,mppt
4.349999904632568,0.9666666984558105,1,mppt
4.210000038146973,1.5199999809265137,1,mppt
4.190000057220459,1.6200000047683716,1,mppt
2.869999885559082,0.5199999809265137,0,idle
4.46999979019165,0.25,1,mppt
3.200000047683716,0.03999999910593033,1,mppt
3.869999885559082,0.3499999940395355,1,mppt
3.8499999046325684,0.36666667461395264,1,mppt
4.659999847412109,0.49000000953674316,1,mppt
4.199999809265137,0.4099999964237213,1,mppt
4.730000019073486,0.2266666740179062,1,mppt
3.380000114440918,0.03999999910593033,1,mppt
4.510000228881836,0.07999999821186066,1,mppt
3.809999942779541,0.05999999865889549,1,mppt
3.319999933242798,0.029999999329447746,1,mppt
4.289999961853027,0.029999999329447746,1,mppt
3.5399999618530273,0.029999999329447746,1,mppt
3.4100000858306885,0.029999999329447746,1,mppt
3.9700000286102295,0.019999999552965164,1,mppt
3.1700000762939453,0.019999999552965164,1,mppt
3.1600000858306885,0.029999999329447746,1,mppt
2.6500000953674316,0.019999999552965164,0,idle
2.190000057220459,0.009999999776482582,0,idle
3.190000057220459,0.019999999552965164,1,mppt
3.069999933242798,0.03999999910593033,1,mppt
2.7300000190734863,0.03333333134651184,0,idle
4.110000133514404,0.15000000596046448,1,mppt
3.6600000858306885,0.029999999329447746,1,mppt
3.5199999809265137,0.029999999329447746,1,mppt
2.8499999046325684,0.01666666567325592,0,idle
3.4700000286102295,0.02333333157002926,1,mppt
3.130000114440918,0.026666665449738503,1,mppt
3.619999885559082,0.02333333157002926,1,mppt
3.819999933242798,0.029999999329447746,1,mppt
2.8299999237060547,0.019999999552965164,0,idle
2.690000057220459,0.019999999552965164,0,idle
1.850000023841858,0.009999999776482582,0,idle
2.5999999046325684,0.019999999552965164,0,idle
1.8300000429153442,0.01666666567325592,0,idle
3.7100000381469727,0.019999999552965164,1,mppt
3.2899999618530273,0.5299999713897705,1,mppt
4.230000019073486,0.009999999776482582,1,mppt
3.799999952316284,0.009999999776482582,1,mppt
3.4200000762939453,0.03333333507180214,1,mppt
3.6700000762939453,0.026666665449738503,1,mppt
3.569999933242798,0.05000000074505806,1,mppt
3.450000047683716,0.009999999776482582,1,mppt
3.509999990463257,0.009999999776482582,1,mppt
1.7899999618530273,0.009999999776482582,0,idle
1.590000033378601,84.7933349609375,0,idle
2.9200000762939453,0.036666665226221085,0,idle
2.0,0.009999999776482582,0,idle
1.840000033378601,85.87667083740234,0,idle
1.7200000286102295,-0.47999998927116394,0,idle
1.8600000143051147,0.019999997690320015,0,idle
2.069999933242798,85.87667083740234,0,idle
1.649999976158142,0.009999999776482582,0,idle
2.440000057220459,90.30333709716797,0,idle
2.75,81.27666473388672,0,idle
2.9000000953674316,73.1433334350586,0,idle
1.909999966621399,0.009999999776482582,0,idle
1.7899999618530273,85.82999420166016,0,idle
2.5799999237060547,60.46333312988281,0,idle
4.5,0.009999999776482582,1,mppt
2.1700000762939453,0.030000001192092896,0,idle
1.6799999475479126,0.009999999776482582,0,idle
3.069999933242798,0.019999999552965164,1,mppt
2.2799999713897705,27.476667404174805,0,idle
2.059999942779541,0.05000000074505806,0,idle
2.430000066757202,37.029998779296875,0,idle
2.740000009536743,12.399998664855957,0,idle
3.859999895095825,-0.5799999833106995,1,mppt
2.450000047683716,89.87667083740234,0,idle
2.890000104904175,0.026666665449738503,0,idle
3.6600000858306885,0.026666665449738503,1,mppt
3.2799999713897705,0.009999999776482582,1,mppt
2.9700000286102295,0.009999999776482582,0,idle
2.490000009536743,30.459999084472656,0,idle
3.1500000953674316,0.009999999776482582,1,mppt
3.130000114440918,0.009999999776482582,1,mppt
4.389999866485596,0.009999999776482582,1,mppt
3.3299999237060547,0.009999999776482582,1,mppt
2.130000114440918,53.25333023071289,0,idle
4.760000228881836,0.009999999776482582,1,mppt
1.940000057220459,85.84667205810547,0,idle
5.119999885559082,0.009999999776482582,1,mppt
2.319999933242798,0.009999999776482582,0,idle
1.190000057220459,90.0300064086914,0,idle
1.8300000429153442,0.009999999776482582,0,idle
3.950000047683716,0.009999999776482582,1,mppt
1.7300000190734863,12.356666564941406,0,idle
2.0899999141693115,90.28333282470703,0,idle
2.9100000858306885,0.009999999776482582,0,idle
2.9700000286102295,0.009999999776482582,0,idle
1.899999976158142,90.29999542236328,2,pitch_control
1.8899999856948853,0.009999999776482582,2,pitch_control
2.109999895095825,89.97333526611328,0,idle
3.6700000762939453,0.009999999776482582,1,mppt
2.1700000762939453,0.029999999329447746,0,idle
1.559999942779541,90.010009765625,0,idle
1.440000057220459,90.37667083740234,0,idle
4.079999923706055,0.009999999776482582,1,mppt
1.9600000381469727,90.28333282470703,0,idle
1.559999942779541,90.2266616821289,0,idle
1.8600000143051147,90.09000396728516,0,idle
1.4800000190734863,85.44000244140625,0,idle
2.799999952316284,0.009999999776482582,0,idle
1.7599999904632568,89.67000579833984,0,idle
1.3899999856948853,0.009999999776482582,0,idle
1.9900000095367432,90.22332763671875,0,idle
1.2599999904632568,5.443333148956299,0,idle
1.600000023841858,90.01000213623047,0,idle
2.630000114440918,-0.9866666793823242,0,idle
2.2899999618530273,90.26333618164062,0,idle
1.7599999904632568,89.61666107177734,0,idle
3.299999952316284,0.009999999776482582,1,mppt
2.4000000953674316,88.1100082397461,0,idle
1.9600000381469727,90.36333465576172,0,idle
2.630000114440918,34.71999740600586,0,idle
1.5499999523162842,0.009999999776482582,0,idle
2.609999895095825,90.32999420166016,0,idle
1.659999966621399,0.013333332724869251,0,idle
2.0999999046325684,10.039999961853027,0,idle
1.7899999618530273,0.009999999776482582,0,idle
2.430000066757202,89.70333099365234,0,idle
2.6500000953674316,90.13666534423828,0,idle
2.5399999618530273,90.3600082397461,0,idle
1.9500000476837158,90.37667083740234,0,idle
1.940000057220459,90.35000610351562,0,idle
2.2100000381469727,90.15999603271484,0,idle
1.9900000095367432,89.6500015258789,0,idle
1.1299999952316284,44.35333251953125,0,idle
1.690000057220459,90.32999420166016,0,idle
1.690000057220459,90.3166732788086,0,idle
1.8899999856948853,90.2733383178711,0,idle
1.6699999570846558,90.00666046142578,0,idle
1.5399999618530273,0.009999999776482582,0,idle
1.3899999856948853,85.8066635131836,0,idle
1.4299999475479126,90.36666870117188,0,idle
1.5499999523162842,90.33333587646484,0,idle
1.5499999523162842,90.09000396728516,0,idle
1.4299999475479126,0.009999999776482582,0,idle
1.5299999713897705,89.6199951171875,0,idle
1.9900000095367432,89.6433334350586,0,idle
1.690000057220459,89.88333129882812,0,idle
2.5299999713897705,90.07999420166016,0,idle
1.75,90.2066650390625,0,idle
1.7100000381469727,90.36333465576172,0,idle
2.3399999141693115,90.36333465576172,0,idle
2.319999933242798,85.83333587646484,0,idle
1.7899999618530273,90.0300064086914,0,idle
1.7400000095367432,90.3066635131836,0,idle
1.8799999952316284,90.33999633789062,0,idle
2.2699999809265137,90.26666259765625,0,idle
2.0799999237060547,90.36333465576172,0,idle
2.190000057220459,83.91333770751953,0,idle
2.490000009536743,85.35333251953125,0,idle
3.0199999809265137,86.0666732788086,3,transition
3.359999895095825,0.7300000190734863,1,mppt
3.440000057220459,0.009999999776482582,1,mppt
3.359999895095825,90.33999633789062,3,transition
3.549999952316284,0.009999999776482582,1,mppt
3.0199999809265137,0.009999999776482582,1,mppt
2.880000114440918,90.33999633789062,0,idle
3.7200000286102295,0.009999999776482582,1,mppt
2.680000066757202,0.009999999776482582,0,idle
1.7400000095367432,86.0966567993164,0,idle
2.2899999618530273,0.5099999904632568,0,idle
3.049999952316284,0.009999999776482582,1,mppt
1.340000033378601,90.34333038330078,0,idle
1.309999942779541,0.009999999776482582,0,idle
0.8299999833106995,90.03665924072266,0,idle
1.190000057220459,89.67333221435547,0,idle
1.2999999523162842,88.1199951171875,0,idle
2.1500000953674316,90.55999755859375,0,idle
2.6600000858306885,0.009999999776482582,0,idle
1.399999976158142,0.009999999776482582,0,idle
1.1200000047683716,90.34333038330078,0,idle
1.0099999904632568,90.28333282470703,0,idle
1.059999942779541,86.0966567993164,0,idle
1.3899999856948853,89.74332427978516,0,idle
1.840000033378601,90.2800064086914,0,idle
1.8600000143051147,90.37667083740234,0,idle
3.4100000858306885,0.009999999776482582,1,mppt
3.700000047683716,0.009999999776482582,1,mppt
2.0199999809265137,90.23333740234375,0,idle
4.960000038146973,0.009999999776482582,1,mppt
2.140000104904175,90.30999755859375,0,idle
2.2300000190734863,90.03665924072266,0,idle
2.8399999141693115,0.009999999776482582,0,idle
3.690000057220459,0.009999999776482582,1,mppt
4.400000095367432,0.009999999776482582,1,mppt
2.4200000762939453,19.963333129882812,0,idle
2.190000057220459,89.67666625976562,0,idle
2.259999990463257,90.2933349609375,0,idle
2.450000047683716,21.559999465942383,0,idle
2.799999952316284,27.976667404174805,0,idle
2.6500000953674316,89.97333526611328,0,idle
2.2899999618530273,90.07666015625,0,idle
3.440000057220459,0.009999999776482582,1,mppt
2.1500000953674316,0.009999999776482582,0,idle
3.3499999046325684,0.009999999776482582,1,mppt
2.130000114440918,90.35333251953125,0,idle
1.909999966621399,0.009999999776482582,0,idle
2.799999952316284,72.3166732788086,0,idle
2.7799999713897705,3.3499996662139893,0,idle
4.78000020980835,-0.9900000095367432,1,mppt
4.159999847412109,-1.9900001287460327,1,mppt
2.0799999237060547,21.523332595825195,0,idle
2.0199999809265137,22.590002059936523,0,idle
3.7200000286102295,0.009999999776482582,1,mppt
2.5399999618530273,89.8899917602539,0,idle
2.630000114440918,87.74666595458984,0,idle
2.640000104904175,52.89666748046875,0,idle
2.0,57.38999938964844,0,idle
2.4000000953674316,83.37000274658203,0,idle
1.9199999570846558,83.88999938964844,0,idle
2.119999885559082,0.25,0,idle
1.840000033378601,85.86666870117188,0,idle
3.0299999713897705,0.009999999776482582,1,mppt
2.700000047683716,84.92666625976562,0,idle
1.9600000381469727,90.83999633789062,0,idle
2.559999942779541,0.009999999776482582,0,idle
2.5999999046325684,90.0300064086914,0,idle
3.0399999618530273,0.009999999776482582,1,mppt
3.359999895095825,1.8300000429153442,1,mppt
2.490000009536743,86.33333587646484,0,idle
2.25,85.80333709716797,0,idle
2.4600000381469727,0.009999999776482582,0,idle
4.840000152587891,0.029999999329447746,1,mppt
2.3499999046325684,0.009999999776482582,0,idle
1.5499999523162842,0.009999999776482582,0,idle
1.7799999713897705,0.009999999776482582,0,idle
2.4800000190734863,0.009999999776482582,0,idle
1.659999966621399,5.166666507720947,0,idle
1.809999942779541,0.026666665449738503,0,idle
2.4200000762939453,0.009999999776482582,0,idle
1.190000057220459,90.28665924072266,0,idle
1.2799999713897705,90.32999420166016,0,idle
1.6200000047683716,83.9433364868164,0,idle
1.0499999523162842,85.8800048828125,0,idle
1.0399999618530273,90.32333374023438,0,idle
1.2599999904632568,90.36666870117188,0,idle
1.3300000429153442,85.8566665649414,0,idle
2.2300000190734863,0.009999999776482582,0,idle
1.2999999523162842,90.30333709716797,0,idle
1.5,90.3066635131836,0,idle
1.0199999809265137,90.36333465576172,0,idle
1.1399999856948853,90.20333099365234,0,idle
1.2699999809265137,90.2933349609375,0,idle
1.7999999523162842,90.1100082397461,0,idle
2.0299999713897705,0.009999999776482582,0,idle
1.4800000190734863,85.8566665649414,0,idle
2.049999952316284,78.8066635131836,0,idle
0.8999999761581421,90.20333099365234,0,idle
1.1699999570846558,90.00333404541016,0,idle
1.2200000286102295,85.80999755859375,0,idle
1.5800000429153442,90.3566665649414,0,idle
1.440000057220459,90.3066635131836,0,idle
3.5299999713897705,0.009999999776482582,1,mppt
1.7699999809265137,90.1399917602539,0,idle
3.6700000762939453,0.009999999776482582,1,mppt
1.2200000286102295,85.8800048828125,0,idle
1.559999942779541,88.33333587646484,0,idle
2.9100000858306885,0.019999999552965164,0,idle
3.390000104904175,0.009999999776482582,1,mppt
2.0399999618530273,39.5533332824707,0,idle
2.5799999237060547,0.009999999776482582,0,idle
2.490000009536743,90.34667205810547,0,idle
3.240000009536743,0.009999999776482582,1,mppt
2.869999885559082,0.009999999776482582,0,idle
2.930000066757202,0.01666666567325592,0,idle
3.2200000286102295,0.009999999776482582,1,mppt
2.5799999237060547,0.009999999776482582,0,idle
2.549999952316284,0.009999999776482582,0,idle
2.630000114440918,90.34667205810547,0,idle
3.0899999141693115,61.45333480834961,3,transition
2.5199999809265137,0.029999999329447746,0,idle
3.7899999618530273,0.009999999776482582,1,mppt
2.859999895095825,0.009999999776482582,0,idle
4.199999809265137,0.009999999776482582,1,mppt
5.079999923706055,0.009999999776482582,1,mppt
4.340000152587891,0.009999999776482582,1,mppt
4.03000020980835,0.009999999776482582,1,mppt
4.25,0.009999999776482582,1,mppt
4.650000095367432,0.009999999776482582,1,mppt
4.190000057220459,0.009999999776482582,1,mppt
3.8399999141693115,-0.7699999809265137,1,mppt
4.239999771118164,0.23999999463558197,1,mppt
3.990000009536743,0.5,1,mppt
4.639999866485596,0.8999999165534973,1,mppt
3.9100000858306885,0.2199999839067459,1,mppt
4.630000114440918,-0.20999999344348907,1,mppt
4.119999885559082,0.4399999678134918,1,mppt
4.840000152587891,0.009999999776482582,1,mppt
4.900000095367432,0.009999999776482582,1,mppt
5.820000171661377,0.009999999776482582,1,mppt
4.440000057220459,0.009999999776482582,1,mppt
4.599999904632568,0.009999999776482582,1,mppt
4.820000171661377,0.009999999776482582,1,mppt
4.880000114440918,0.009999999776482582,1,mppt
5.829999923706055,0.009999999776482582,1,mppt
4.630000114440918,0.009999999776482582,1,mppt
4.010000228881836,0.009999999776482582,1,mppt
5.21999979019165,0.023333333432674408,1,mppt
4.579999923706055,0.009999999776482582,1,mppt
4.820000171661377,0.009999999776482582,1,mppt
4.690000057220459,-1.600000023841858,1,mppt
5.079999923706055,0.009999999776482582,1,mppt
5.300000190734863,0.029999999329447746,1,mppt
5.389999866485596,-1.9900001287460327,1,mppt
4.190000057220459,0.009999999776482582,1,mppt
5.449999809265137,0.009999999776482582,1,mppt
4.389999866485596,0.009999999776482582,1,mppt
5.300000190734863,0.009999999776482582,1,mppt
4.539999961853027,0.019999999552965164,1,mppt
3.9100000858306885,0.029999999329447746,1,mppt
3.5899999141693115,0.5099999904632568,1,mppt
0.0,0.0,0,idle
4.210000038146973,0.009999999776482582,1,mppt
3.259999990463257,0.009999999776482582,1,mppt
4.570000171661377,0.009999999776482582,1,mppt
5.210000038146973,0.009999999776482582,1,mppt
3.7799999713897705,0.009999999776482582,1,mppt
5.099999904632568,0.009999999776482582,1,mppt
3.9100000858306885,0.009999999776482582,1,mppt
4.53000020980835,-1.5099998712539673,1,mppt
5.769999980926514,-0.009999999776482582,1,mppt
3.4800000190734863,0.009999999776482582,1,mppt
4.429999828338623,0.009999999776482582,1,mppt
3.2200000286102295,0.009999999776482582,1,mppt
3.930000066757202,0.019999999552965164,1,mppt
2.799999952316284,0.009999999776482582,0,idle
3.890000104904175,0.009999999776482582,1,mppt
4.769999980926514,-1.9900001287460327,1,mppt
3.75,0.009999999776482582,1,mppt
3.690000057220459,0.009999999776482582,1,mppt
2.619999885559082,0.009999999776482582,0,idle
2.930000066757202,0.009999999776482582,0,idle
2.7799999713897705,0.019999999552965164,0,idle
3.5399999618530273,0.009999999776482582,1,mppt
3.25,0.009999999776482582,1,mppt
1.9800000190734863,0.019999999552965164,0,idle
3.940000057220459,-0.9800000190734863,1,mppt
4.21999979019165,0.009999999776482582,1,mppt
3.2699999809265137,0.009999999776482582,1,mppt
3.5,0.009999999776482582,1,mppt
3.1600000858306885,0.009999999776482582,1,mppt
4.170000076293945,0.03999999910593033,1,mppt
3.609999895095825,0.019999999552965164,1,mppt
2.9000000953674316,0.009999999776482582,0,idle
3.299999952316284,-0.49000000953674316,1,mppt
1.7400000095367432,0.009999999776482582,0,idle
2.5,0.009999999776482582,0,idle
3.5199999809265137,0.009999999776482582,1,mppt
3.319999933242798,0.009999999776482582,1,mppt
3.4200000762939453,0.04333333298563957,1,mppt
3.9600000381469727,0.009999999776482582,1,mppt
3.559999942779541,0.009999999776482582,1,mppt
4.429999828338623,0.009999999776482582,1,mppt
4.789999961853027,0.009999999776482582,1,mppt
4.559999942779541,0.009999999776482582,1,mppt
5.159999847412109,0.009999999776482582,1,mppt
2.640000104904175,0.019999999552965164,0,idle
2.359999895095825,0.009999999776482582,0,idle
4.340000152587891,0.009999999776482582,1,mppt
5.550000190734863,0.009999999776482582,1,mppt
6.039999961853027,0.009999999776482582,1,mppt
4.050000190734863,0.009999999776482582,1,mppt
4.369999885559082,0.009999999776482582,1,mppt
5.0,0.009999999776482582,1,mppt
5.809999942779541,0.009999999776482582,1,mppt
4.150000095367432,0.009999999776482582,1,mppt
2.200000047683716,0.009999999776482582,0,idle
4.96999979019165,40.18000030517578,3,transition
3.9000000953674316,0.009999999776482582,1,mppt
3.2699999809265137,-0.5099999904632568,1,mppt
5.420000076293945,0.009999999776482582,1,mppt
9.5600004196167,-0.9800000190734863,1,mppt
3.1700000762939453,0.009999999776482582,1,mppt
6.480000019073486,0.009999999776482582,1,mppt
3.7799999713897705,0.009999999776482582,1,mppt
4.690000057220459,0.009999999776482582,1,mppt
5.329999923706055,-1.9900001287460327,1,mppt
7.079999923706055,0.009999999776482582,1,mppt
5.230000019073486,0.009999999776482582,1,mppt
4.269999980926514,0.009999999776482582,1,mppt
7.110000133514404,0.009999999776482582,1,mppt
2.549999952316284,0.009999999776482582,0,idle
3.3299999237060547,0.009999999776482582,1,mppt
3.3399999141693115,0.009999999776482582,1,mppt
3.690000057220459,0.009999999776482582,1,mppt
3.140000104904175,0.009999999776482582,1,mppt
3.200000047683716,0.019999999552965164,1,mppt
6.480000019073486,0.009999999776482582,1,mppt
1.6200000047683716,0.009999999776482582,0,idle
7.929999828338623,0.009999999776482582,1,mppt
5.840000152587891,0.009999999776482582,1,mppt
3.490000009536743,0.009999999776482582,1,mppt
6.409999847412109,0.03999999910593033,1,mppt
6.070000171661377,0.009999999776482582,1,mppt
1.8799999952316284,0.01666666567325592,0,idle
2.859999895095825,0.009999999776482582,0,idle
6.440000057220459,0.009999999776482582,1,mppt
2.619999885559082,0.009999999776482582,0,idle
3.930000066757202,0.009999999776482582,1,mppt
2.200000047683716,0.009999999776482582,0,idle
4.960000038146973,0.009999999776482582,1,mppt
2.109999895095825,0.009999999776482582,0,idle
4.170000076293945,0.009999999776482582,1,mppt
2.0899999141693115,0.009999999776482582,0,idle
4.190000057220459,0.009999999776482582,1,mppt
2.490000009536743,0.009999999776482582,0,idle
2.049999952316284,0.009999999776482582,0,idle
4.03000020980835,0.009999999776482582,1,mppt
3.4600000381469727,0.009999999776482582,1,mppt
2.7699999809265137,0.009999999776482582,0,idle
2.4200000762939453,0.009999999776482582,0,idle
3.200000047683716,0.009999999776482582,1,mppt
5.760000228881836,1.75,1,mppt
3.380000114440918,-1.9299999475479126,1,mppt
3.5,1.6200000047683716,1,mppt
3.3399999141693115,0.019999999552965164,1,mppt
2.630000114440918,3.0199997425079346,0,idle
4.150000095367432,1.0099999904632568,1,mppt
4.400000095367432,0.13333332538604736,1,mppt
2.9800000190734863,0.023333333432674408,0,idle
3.430000066757202,0.009999999776482582,1,mppt
5.28000020980835,0.009999999776482582,1,mppt
3.0799999237060547,0.009999999776482582,1,mppt
4.340000152587891,0.009999999776482582,1,mppt
4.03000020980835,0.009999999776482582,1,mppt
5.21999979019165,0.009999999776482582,1,mppt
5.929999828338623,0.009999999776482582,1,mppt
3.5,0.009999999776482582,1,mppt
4.320000171661377,0.009999999776482582,1,mppt
4.269999980926514,0.009999999776482582,1,mppt
4.179999828338623,0.019999999552965164,1,mppt
4.380000114440918,0.009999999776482582,1,mppt
4.639999866485596,-0.4866666793823242,1,mppt
4.110000133514404,0.009999999776482582,1,mppt
3.759999990463257,0.009999999776482582,1,mppt
4.519999980926514,0.009999999776482582,1,mppt
6.239999771118164,0.009999999776482582,1,mppt
4.260000228881836,0.009999999776482582,1,mppt
3.819999933242798,0.009999999776482582,1,mppt
1.8600000143051147,90.32666778564453,0,idle
3.5399999618530273,0.009999999776482582,1,mppt
3.380000114440918,0.009999999776482582,1,mppt
4.349999904632568,0.009999999776482582,1,mppt
3.700000047683716,0.009999999776482582,1,mppt
4.25,0.01666666567325592,1,mppt
3.9800000190734863,0.009999999776482582,1,mppt
6.050000190734863,0.009999999776482582,1,mppt
5.489999771118164,0.013333332724869251,1,mppt
6.5,0.013333332724869251,1,mppt
4.71999979019165,0.009999999776482582,1,mppt
8.359999656677246,0.009999999776482582,1,mppt
5.0,0.013333332724869251,1,mppt
4.349999904632568,0.009999999776482582,1,mppt
5.75,0.009999999776482582,1,mppt
4.46999979019165,0.49000000953674316,1,mppt
4.260000228881836,0.009999999776482582,1,mppt
4.010000228881836,0.019999999552965164,1,mppt
3.509999990463257,0.01666666567325592,1,mppt
4.170000076293945,-1.5099998712539673,1,mppt
3.380000114440918,0.009999999776482582,1,mppt
3.4200000762939453,0.009999999776482582,1,mppt
3.5199999809265137,0.013333332724869251,1,mppt
2.9700000286102295,0.009999999776482582,0,idle
3.0,0.009999999776482582,1,mppt
3.380000114440918,0.009999999776482582,1,mppt
4.539999961853027,-0.49000000953674316,1,mppt
3.930000066757202,0.009999999776482582,1,mppt
2.9000000953674316,0.01666666567325592,0,idle
3.75,0.009999999776482582,1,mppt
2.609999895095825,0.013333332724869251,0,idle
2.0999999046325684,0.009999999776482582,0,idle
2.2300000190734863,0.009999999776482582,0,idle
2.4000000953674316,0.009999999776482582,0,idle
3.309999942779541,0.009999999776482582,1,mppt
2.7300000190734863,0.009999999776482582,0,idle
2.4700000286102295,0.019999999552965164,0,idle
3.119999885559082,0.009999999776482582,1,mppt
2.609999895095825,0.009999999776482582,0,idle
4.510000228881836,0.029999999329447746,1,mppt
2.6600000858306885,-0.009999999776482582,0,idle
2.5899999141693115,0.009999999776482582,0,idle
2.1600000858306885,0.009999999776482582,0,idle
2.619999885559082,0.009999999776482582,0,idle
2.4200000762939453,0.009999999776482582,0,idle
3.119999885559082,-0.46666666865348816,1,mppt
2.859999895095825,0.009999999776482582,0,idle
2.549999952316284,0.009999999776482582,0,idle
3.009999990463257,0.009999999776482582,1,mppt
2.5399999618530273,0.009999999776482582,0,idle
3.7899999618530273,0.009999999776482582,1,mppt
6.329999923706055,0.009999999776482582,1,mppt
3.0899999141693115,0.009999999776482582,1,mppt
3.5399999618530273,0.009999999776482582,1,mppt
3.6600000858306885,0.009999999776482582,1,mppt
3.2200000286102295,0.013333332724869251,1,mppt
2.75,0.009999999776482582,0,idle
2.930000066757202,0.013333332724869251,0,idle
3.8399999141693115,0.009999999776482582,1,mppt
4.360000133514404,0.009999999776482582,1,mppt
3.549999952316284,0.009999999776482582,1,mppt
4.369999885559082,0.009999999776482582,1,mppt
3.299999952316284,0.009999999776482582,1,mppt
2.880000114440918,-1.9900001287460327,0,idle
3.559999942779541,0.013333332724869251,1,mppt
3.559999942779541,0.013333332724869251,1,mppt
4.519999980926514,0.01666666567325592,1,mppt
4.260000228881836,0.009999999776482582,1,mppt
4.480000019073486,0.009999999776482582,1,mppt
5.650000095367432,0.009999999776482582,1,mppt
4.760000228881836,0.009999999776482582,1,mppt
4.630000114440918,0.030000001192092896,1,mppt
3.509999990463257,0.009999999776482582,1,mppt
4.840000152587891,0.009999999776482582,1,mppt
3.890000104904175,0.009999999776482582,1,mppt
4.579999923706055,0.009999999776482582,1,mppt
3.690000057220459,0.013333332724869251,1,mppt
2.609999895095825,0.009999999776482582,0,idle
2.609999895095825,30.413331985473633,0,idle
3.0399999618530273,0.009999999776482582,1,mppt
2.9700000286102295,0.009999999776482582,0,idle
3.509999990463257,-1.5099998712539673,1,mppt
2.7200000286102295,90.30333709716797,0,idle
4.510000228881836,0.009999999776482582,1,mppt
2.5299999713897705,8.893333435058594,0,idle
3.5899999141693115,30.106666564941406,3,transition
5.010000228881836,0.009999999776482582,1,mppt
3.7300000190734863,0.009999999776482582,1,mppt
3.759999990463257,-1.8799999952316284,1,mppt
5.869999885559082,0.03333333507180214,1,mppt
6.329999923706055,0.009999999776482582,1,mppt
4.980000019073486,0.009999999776482582,1,mppt
4.960000038146973,0.009999999776482582,1,mppt
4.840000152587891,0.009999999776482582,1,mppt
5.0,0.009999999776482582,1,mppt
5.96999979019165,0.009999999776482582,1,mppt
6.610000133514404,0.009999999776482582,1,mppt
7.690000057220459,0.009999999776482582,1,mppt
4.53000020980835,0.009999999776482582,1,mppt
4.559999942779541,0.009999999776482582,1,mppt
8.15999984741211,0.05000000074505806,1,mppt
7.880000114440918,0.009999999776482582,1,mppt
7.46999979019165,0.01666666567325592,1,mppt
4.46999979019165,0.009999999776482582,1,mppt
8.039999961853027,0.009999999776482582,1,mppt
6.269999980926514,0.03999999910593033,1,mppt
6.940000057220459,0.5299999713897705,1,mppt
5.639999866485596,0.3400000035762787,1,mppt
8.329999923706055,4.920000076293945,3,transition
6.889999866485596,1.8600000143051147,1,mppt
6.139999866485596,2.7200000286102295,3,transition
6.449999809265137,3.0199997425079346,3,transition
6.360000133514404,2.559999942779541,3,transition
7.909999847412109,0.09000000357627869,1,mppt
6.480000019073486,0.3100000023841858,1,mppt
6.96999979019165,1.309999942779541,1,mppt
5.829999923706055,0.009999999776482582,1,mppt
7.239999771118164,0.009999999776482582,1,mppt
5.690000057220459,0.009999999776482582,1,mppt
7.079999923706055,0.009999999776482582,1,mppt
6.0,0.009999999776482582,1,mppt
6.900000095367432,0.019999999552965164,1,mppt
0.800000011920929,90.3166732788086,0,idle
5.849999904632568,0.009999999776482582,1,mppt
6.400000095367432,0.029999999329447746,1,mppt
6.480000019073486,0.019999999552965164,1,mppt
7.75,0.009999999776482582,1,mppt
5.889999866485596,0.009999999776482582,1,mppt
7.829999923706055,0.01666666567325592,1,mppt
6.920000076293945,0.01666666567325592,1,mppt
6.150000095367432,0.009999999776482582,1,mppt
7.059999942779541,0.009999999776482582,1,mppt
6.300000190734863,0.013333332724869251,1,mppt
7.25,0.03999999910593033,1,mppt
6.730000019073486,0.07999999821186066,1,mppt
6.480000019073486,0.009999999776482582,1,mppt
7.320000171661377,0.026666665449738503,1,mppt
6.659999847412109,0.01666666567325592,1,mppt
7.610000133514404,0.01666666567325592,1,mppt
6.480000019073486,0.013333332724869251,1,mppt
6.980000019073486,0.05000000074505806,1,mppt
7.690000057220459,0.009999999776482582,1,mppt
6.900000095367432,0.013333332724869251,1,mppt
6.949999809265137,1.25,1,mppt
6.389999866485596,0.009999999776482582,1,mppt
8.15999984741211,0.429999977350235,1,mppt
7.159999847412109,0.4000000059604645,1,mppt
8.079999923706055,0.5199999809265137,1,mppt
6.760000228881836,0.23999999463558197,1,mppt
8.050000190734863,0.05000000074505806,1,mppt
8.239999771118164,0.009999999776482582,1,mppt
7.860000133514404,0.12999999523162842,1,mppt
7.380000114440918,0.009999999776482582,1,mppt
8.100000381469727,0.009999999776482582,1,mppt
8.149999618530273,0.019999999552965164,1,mppt
7.570000171661377,0.029999999329447746,1,mppt
7.110000133514404,0.009999999776482582,1,mppt
6.539999961853027,0.019999999552965164,1,mppt
6.949999809265137,0.009999999776482582,1,mppt
8.210000038146973,-1.4800000190734863,1,mppt
7.0,0.02333333157002926,1,mppt
6.460000038146973,0.009999999776482582,1,mppt
9.1899995803833,0.28999999165534973,1,mppt
8.020000457763672,0.09333333373069763,1,mppt
7.070000171661377,0.009999999776482582,1,mppt
7.809999942779541,0.023333333432674408,1,mppt
9.119999885559082,0.15000000596046448,1,mppt
7.929999828338623,0.009999999776482582,1,mppt
8.329999923706055,0.046666666865348816,1,mppt
7.960000038146973,0.053333330899477005,1,mppt
7.619999885559082,0.009999999776482582,1,mppt
8.430000305175781,3.200000047683716,3,transition
8.829999923706055,0.029999999329447746,1,mppt
8.25,0.03999999910593033,1,mppt
7.820000171661377,0.029999999329447746,1,mppt
9.470000267028809,0.41999998688697815,1,mppt
8.5600004196167,0.009999999776482582,1,mppt
9.319999694824219,-0.9900000095367432,1,mppt
7.519999980926514,0.023333333432674408,1,mppt
8.069999694824219,0.009999999776482582,1,mppt
8.140000343322754,0.01666666567325592,1,mppt
9.050000190734863,1.0299999713897705,1,mppt
9.100000381469727,0.5600000023841858,1,mppt
7.920000076293945,0.013333332724869251,1,mppt
8.369999885559082,0.023333333432674408,1,mppt
10.619999885559082,2.069999933242798,2,pitch_control
10.289999961853027,0.9900000095367432,1,mppt
9.5600004196167,0.5400000214576721,1,mppt
9.949999809265137,2.240000009536743,3,transition
9.569999694824219,0.18000000715255737,1,mppt
9.149999618530273,0.05000000074505806,1,mppt
7.670000076293945,0.04333333298563957,1,mppt
6.659999847412109,0.046666666865348816,1,mppt
7.300000190734863,0.019999999552965164,1,mppt
9.140000343322754,0.4866666793823242,1,mppt
7.409999847412109,0.7699999809265137,1,mppt
9.260000228881836,0.8100000023841858,1,mppt
9.329999923706055,0.5,1,mppt
5.760000228881836,0.046666666865348816,1,mppt
7.380000114440918,3.93666672706604,3,transition
7.630000114440918,0.013333332724869251,1,mppt
6.869999885559082,0.009999999776482582,1,mppt
9.59000015258789,0.1599999964237213,1,mppt
6.289999961853027,0.019999999552965164,1,mppt
8.420000076293945,0.029999999329447746,1,mppt
9.989999771118164,90.2800064086914,3,transition
8.770000457763672,0.49000000953674316,1,mppt
10.789999961853027,4.610000133514404,2,pitch_control
10.140000343322754,9.75,3,transition
8.270000457763672,8.319999694824219,3,transition
9.640000343322754,7.6999993324279785,3,transition
10.350000381469727,4.260000228881836,3,transition
11.319999694824219,6.37000036239624,2,pitch_control
10.210000038146973,2.7699997425079346,3,transition
10.149999618530273,3.2100000381469727,3,transition
10.869999885559082,5.059999942779541,2,pitch_control
12.579999923706055,8.529999732971191,2,pitch_control
10.34000015258789,4.5,3,transition
11.279999732971191,6.489999771118164,2,pitch_control
10.170000076293945,4.03000020980835,3,transition
12.430000305175781,7.389999866485596,2,pitch_control
11.789999961853027,8.649999618530273,2,pitch_control
13.979999542236328,9.510000228881836,2,pitch_control
9.84000015258789,7.139999866485596,3,transition
12.819999694824219,7.480000019073486,2,pitch_control
10.199999809265137,4.760000228881836,3,transition
10.199999809265137,7.460000514984131,3,transition
8.609999656677246,0.9200000166893005,1,mppt
9.510000228881836,3.2200000286102295,3,transition
9.109999656677246,1.090000033378601,1,mppt
7.050000190734863,2.509999990463257,3,transition
8.149999618530273,5.480000019073486,3,transition
8.0600004196167,2.299999952316284,3,transition
9.699999809265137,3.9100000858306885,3,transition
11.300000190734863,7.980000019073486,2,pitch_control
8.529999732971191,3.5,3,transition
11.970000267028809,9.329999923706055,2,pitch_control
11.630000114440918,11.15999984741211,2,pitch_control
10.739999771118164,5.260000228881836,2,pitch_control
12.319999694824219,8.579999923706055,2,pitch_control
9.380000114440918,6.989999771118164,3,transition
12.239999771118164,9.300000190734863,2,pitch_control
11.029999732971191,6.400000095367432,2,pitch_control
9.739999771118164,7.599999904632568,3,transition
10.380000114440918,9.779999732971191,3,transition
11.109999656677246,10.170000076293945,2,pitch_control
11.010000228881836,3.18999981880188,2,pitch_control
9.25,7.62000036239624,3,transition
11.079999923706055,7.37000036239624,2,pitch_control
11.75,8.979999542236328,2,pitch_control
13.199999809265137,7.4499993324279785,2,pitch_control
12.460000038146973,8.949999809265137,2,pitch_control
11.789999961853027,10.699999809265137,2,pitch_control
12.380000114440918,9.510000228881836,2,pitch_control
0.0,0.0,0,idle
10.359999656677246,10.779999732971191,3,transition
12.050000190734863,16.969999313354492,2,pitch_control
12.229999542236328,8.680000305175781,2,pitch_control
11.220000267028809,6.989999771118164,2,pitch_control
11.670000076293945,8.5600004196167,2,pitch_control
13.510000228881836,7.693333148956299,2,pitch_control
0.0,0.0,0,idle
11.369999885559082,8.029999732971191,2,pitch_control
10.029999732971191,10.880000114440918,3,transition
10.130000114440918,8.680000305175781,3,transition
11.760000228881836,8.84000015258789,2,pitch_control
11.59000015258789,8.630000114440918,2,pitch_control
9.890000343322754,7.480000019073486,3,transition
11.260000228881836,7.3000006675720215,2,pitch_control
11.59000015258789,8.319999694824219,2,pitch_control
9.850000381469727,9.90999984741211,3,transition
10.59000015258789,7.960000514984131,2,pitch_control
11.899999618530273,8.399999618530273,2,pitch_control
9.489999771118164,4.960000038146973,3,transition
11.489999771118164,7.110000133514404,2,pitch_control
10.199999809265137,4.309999942779541,3,transition
11.109999656677246,7.1999993324279785,2,pitch_control
11.25,7.389999866485596,2,pitch_control
11.3100004196167,6.070000171661377,2,pitch_control
11.970000267028809,9.680000305175781,2,pitch_control
10.229999542236328,6.070000171661377,3,transition
11.930000305175781,7.519999980926514,2,pitch_control
11.430000305175781,9.010000228881836,2,pitch_control
12.109999656677246,6.96999979019165,2,pitch_control
10.920000076293945,3.240000009536743,2,pitch_control
0.0,0.0,0,idle
10.819999694824219,6.860000133514404,2,pitch_control
11.399999618530273,7.3000006675720215,2,pitch_control
12.15999984741211,7.420000076293945,2,pitch_control
12.460000038146973,8.40999984741211,2,pitch_control
11.369999885559082,8.039999961853027,2,pitch_control
12.050000190734863,10.039999961853027,2,pitch_control
9.930000305175781,7.519999980926514,3,transition
10.579999923706055,5.28000020980835,2,pitch_control
12.140000343322754,9.079999923706055,2,pitch_control
9.770000457763672,3.68999981880188,3,transition
10.260000228881836,8.989999771118164,3,transition
10.75,8.020000457763672,2,pitch_control
11.210000038146973,6.389999866485596,2,pitch_control
10.430000305175781,5.889999866485596,3,transition
11.25,8.59000015258789,2,pitch_control
10.430000305175781,9.010000228881836,3,transition
10.649999618530273,7.679999828338623,2,pitch_control
8.90999984741211,6.590000152587891,3,transition
9.369999885559082,3.8399999141693115,3,transition
10.079999923706055,6.0500006675720215,3,transition
0.0,0.0,0,idle
10.390000343322754,6.3000006675720215,3,transition
9.90999984741211,5.639999866485596,3,transition
10.149999618530273,6.75,3,transition
11.779999732971191,6.96999979019165,2,pitch_control
9.600000381469727,5.87000036239624,3,transition
12.609999656677246,8.819999694824219,2,pitch_control
10.90999984741211,14.800000190734863,2,pitch_control
10.9399995803833,8.399999618530273,2,pitch_control
10.8100004196167,8.9399995803833,2,pitch_control
10.149999618530273,7.769999980926514,3,transition
10.770000457763672,7.62000036239624,2,pitch_control
8.890000343322754,3.5899999141693115,3,transition
11.100000381469727,5.909999847412109,2,pitch_control
10.40999984741211,3.0899999141693115,3,transition
9.720000267028809,2.559999942779541,3,transition
10.09000015258789,9.449999809265137,3,transition
11.819999694824219,3.9200000762939453,2,pitch_control
10.229999542236328,9.079999923706055,3,transition
10.550000190734863,2.6500000953674316,2,pitch_control
11.539999961853027,7.480000019073486,2,pitch_control
11.770000457763672,7.03000020980835,2,pitch_control
0.0,0.0,0,idle
9.899999618530273,5.730000019073486,3,transition
10.1899995803833,5.389999866485596,3,transition
0.0,0.0,0,idle
8.430000305175781,10.390000343322754,3,transition
10.149999618530273,4.840000152587891,3,transition
8.350000381469727,0.10999999195337296,1,mppt
9.140000343322754,0.6299999952316284,1,mppt
10.40999984741211,1.0,1,mppt
7.909999847412109,0.009999999776482582,1,mppt
10.329999923706055,8.930000305175781,3,transition
7.889999866485596,0.036666665226221085,1,mppt
8.789999961853027,0.009999999776482582,1,mppt
8.210000038146973,0.009999999776482582,1,mppt
7.800000190734863,0.013333332724869251,1,mppt
9.329999923706055,0.029999999329447746,1,mppt
7.320000171661377,0.013333332724869251,1,mppt
9.15999984741211,0.026666665449738503,1,mppt
7.059999942779541,0.026666665449738503,1,mppt
8.390000343322754,0.023333333432674408,1,mppt
8.130000114440918,0.013333332724869251,1,mppt
7.960000038146973,0.023333333432674408,1,mppt
8.4399995803833,0.07000000029802322,1,mppt
8.630000114440918,0.019999999552965164,1,mppt
6.809999942779541,0.009999999776482582,1,mppt
6.53000020980835,0.009999999776482582,1,mppt
5.190000057220459,0.009999999776482582,1,mppt
7.460000038146973,9.210000038146973,3,transition
5.75,0.009999999776482582,1,mppt
5.769999980926514,0.009999999776482582,1,mppt
6.940000057220459,0.38999998569488525,1,mppt
6.539999961853027,0.01666666567325592,1,mppt
5.940000057220459,0.009999999776482582,1,mppt
7.360000133514404,0.009999999776482582,1,mppt
6.929999828338623,0.01666666567325592,1,mppt
9.069999694824219,0.029999999329447746,1,mppt
7.539999961853027,0.013333332724869251,1,mppt
7.519999980926514,0.029999999329447746,1,mppt
5.739999771118164,0.009999999776482582,1,mppt
7.46999979019165,0.009999999776482582,1,mppt
6.880000114440918,0.019999999552965164,1,mppt
6.610000133514404,0.019999999552965164,1,mppt
8.460000038146973,0.019999999552965164,1,mppt
7.820000171661377,0.009999999776482582,1,mppt
4.989999771118164,0.04000000283122063,1,mppt
7.110000133514404,0.019999999552965164,1,mppt
7.440000057220459,85.79999542236328,3,transition
7.170000076293945,0.019999999552965164,1,mppt
7.309999942779541,0.03999999910593033,1,mppt
5.409999847412109,0.009999999776482582,1,mppt
7.360000133514404,0.009999999776482582,1,mppt
7.670000076293945,0.009999999776482582,1,mppt
6.349999904632568,0.009999999776482582,1,mppt
5.409999847412109,0.04000000283122063,1,mppt
7.980000019073486,0.5133333206176758,1,mppt
7.110000133514404,4.139999866485596,3,transition
6.610000133514404,0.019999999552965164,1,mppt
7.139999866485596,0.04000000283122063,1,mppt
8.199999809265137,6.766666412353516,3,transition
6.360000133514404,0.5400000214576721,1,mppt
6.329999923706055,0.01666666567325592,1,mppt
6.320000171661377,0.01666666567325592,1,mppt
5.010000228881836,0.04000000283122063,1,mppt
8.039999961853027,0.036666665226221085,1,mppt
7.329999923706055,0.013333332724869251,1,mppt
9.100000381469727,0.23999999463558197,1,mppt
6.96999979019165,0.029999999329447746,1,mppt
5.380000114440918,0.009999999776482582,1,mppt
7.659999847412109,0.029999999329447746,1,mppt
7.440000057220459,0.036666665226221085,1,mppt
7.119999885559082,0.03999999910593033,1,mppt
6.289999961853027,0.009999999776482582,1,mppt
8.619999885559082,0.009999999776482582,1,mppt
5.510000228881836,0.01666666567325592,1,mppt
5.079999923706055,0.009999999776482582,1,mppt
6.489999771118164,0.013333332724869251,1,mppt
7.010000228881836,0.009999999776482582,1,mppt
4.730000019073486,0.009999999776482582,1,mppt
5.260000228881836,0.013333332724869251,1,mppt
4.940000057220459,0.04000000283122063,1,mppt
5.840000152587891,0.023333333432674408,1,mppt
5.5,0.009999999776482582,1,mppt
6.309999942779541,0.013333332724869251,1,mppt
7.440000057220459,0.013333332724869251,1,mppt
6.349999904632568,0.036666665226221085,1,mppt
8.430000305175781,0.026666665449738503,1,mppt
6.019999980926514,0.036666665226221085,1,mppt
5.550000190734863,0.009999999776482582,1,mppt
4.309999942779541,0.019999997690320015,1,mppt
5.050000190734863,0.009999999776482582,1,mppt
8.220000267028809,0.019999999552965164,1,mppt
6.769999980926514,0.009999999776482582,1,mppt
7.289999961853027,3.306666612625122,3,transition
7.78000020980835,-1.96999990940094,1,mppt
7.019999980926514,0.03999999910593033,1,mppt
6.050000190734863,0.01666666567325592,1,mppt
6.659999847412109,-0.8100000023841858,1,mppt
6.659999847412109,0.013333332724869251,1,mppt
7.239999771118164,0.009999999776482582,1,mppt
6.940000057220459,0.009999999776482582,1,mppt
5.900000095367432,0.009999999776482582,1,mppt
5.400000095367432,0.009999999776482582,1,mppt
5.139999866485596,0.01666666567325592,1,mppt
6.230000019073486,0.009999999776482582,1,mppt
5.96999979019165,0.01666666567325592,1,mppt
5.840000152587891,0.009999999776482582,1,mppt
4.039999961853027,0.019999999552965164,1,mppt
5.940000057220459,0.009999999776482582,1,mppt
5.78000020980835,0.01666666567325592,1,mppt
4.889999866485596,0.009999999776482582,1,mppt
5.440000057220459,0.01666666567325592,1,mppt
5.940000057220459,0.009999999776482582,1,mppt
6.329999923706055,0.009999999776482582,1,mppt
5.420000076293945,0.009999999776482582,1,mppt
5.480000019073486,0.01666666567325592,1,mppt
5.230000019073486,0.009999999776482582,1,mppt
4.320000171661377,0.01666666567325592,1,mppt
5.760000228881836,-0.3199999928474426,1,mppt
3.450000047683716,0.009999999776482582,1,mppt
4.960000038146973,0.013333332724869251,1,mppt
4.079999923706055,0.009999999776482582,1,mppt
5.400000095367432,0.009999999776482582,1,mppt
4.199999809265137,0.013333332724869251,1,mppt
5.340000152587891,-0.029999999329447746,1,mppt
5.03000020980835,0.05000000074505806,1,mppt
3.4100000858306885,0.009999999776482582,1,mppt
4.630000114440918,0.009999999776482582,1,mppt
4.690000057220459,0.013333332724869251,1,mppt
4.239999771118164,0.009999999776482582,1,mppt
4.789999961853027,0.009999999776482582,1,mppt
4.769999980926514,0.009999999776482582,1,mppt
4.260000228881836,0.05000000074505806,1,mppt
4.190000057220459,0.01666666567325592,1,mppt
4.590000152587891,0.009999999776482582,1,mppt
4.789999961853027,0.01666666567325592,1,mppt
4.989999771118164,0.013333332724869251,1,mppt
4.159999847412109,0.023333333432674408,1,mppt
4.139999866485596,0.013333332724869251,1,mppt
4.639999866485596,0.009999999776482582,1,mppt
4.710000038146973,0.036666665226221085,1,mppt
4.809999942779541,-1.5099998712539673,1,mppt
4.550000190734863,0.013333332724869251,1,mppt
4.900000095367432,0.013333332724869251,1,mppt
4.059999942779541,0.009999999776482582,1,mppt
3.7899999618530273,0.019999999552965164,1,mppt
4.239999771118164,90.2166748046875,3,transition
4.550000190734863,0.009999999776482582,1,mppt
3.430000066757202,0.009999999776482582,1,mppt
3.490000009536743,0.009999999776482582,1,mppt
3.6500000953674316,0.009999999776482582,1,mppt
4.110000133514404,0.009999999776482582,1,mppt
3.700000047683716,0.029999999329447746,1,mppt
3.5199999809265137,0.019999999552965164,1,mppt
3.700000047683716,0.01666666567325592,1,mppt
3.869999885559082,0.009999999776482582,1,mppt
3.7100000381469727,0.04333333298563957,1,mppt
3.5899999141693115,24.72333335876465,3,transition
3.3299999237060547,0.01666666567325592,1,mppt
3.859999895095825,0.009999999776482582,1,mppt
3.0,0.05000000074505806,1,mppt
3.259999990463257,0.009999999776482582,1,mppt
3.740000009536743,0.009999999776482582,1,mppt
3.740000009536743,0.009999999776482582,1,mppt
3.4100000858306885,0.009999999776482582,1,mppt
3.880000114440918,0.009999999776482582,1,mppt
2.9000000953674316,-1.9900001287460327,0,idle
3.369999885559082,0.01666666567325592,1,mppt
3.6700000762939453,0.04000000283122063,1,mppt
2.740000009536743,0.009999999776482582,0,idle
2.9000000953674316,0.009999999776482582,0,idle
3.5199999809265137,0.013333332724869251,1,mppt
3.7300000190734863,0.01666666567325592,1,mppt
3.8299999237060547,0.036666665226221085,1,mppt
3.1600000858306885,0.013333332724869251,1,mppt
3.0199999809265137,0.009999999776482582,1,mppt
4.559999942779541,0.009999999776482582,1,mppt
4.210000038146973,0.046666666865348816,1,mppt
2.390000104904175,0.026666665449738503,0,idle
2.630000114440918,0.026666665449738503,0,idle
2.740000009536743,0.019999999552965164,0,idle
3.609999895095825,0.019999999552965164,1,mppt
2.940000057220459,0.026666665449738503,0,idle
2.559999942779541,0.03999999910593033,0,idle
4.619999885559082,-1.4600000381469727,1,mppt
5.400000095367432,0.3199999928474426,1,mppt
5.409999847412109,0.029999999329447746,1,mppt
3.799999952316284,0.029999999329447746,1,mppt
4.510000228881836,0.029999999329447746,1,mppt
3.930000066757202,0.026666665449738503,1,mppt
4.880000114440918,0.009999999776482582,1,mppt
5.460000038146973,0.009999999776482582,1,mppt
4.130000114440918,0.01666666567325592,1,mppt
3.2699999809265137,0.04000000283122063,1,mppt
5.429999828338623,0.03333333507180214,1,mppt
3.7100000381469727,0.01666666567325592,1,mppt
4.510000228881836,0.009999999776482582,1,mppt
4.420000076293945,0.036666665226221085,1,mppt
5.230000019073486,0.01666666567325592,1,mppt
4.829999923706055,0.03333333507180214,1,mppt
4.139999866485596,0.026666665449738503,1,mppt
5.320000171661377,0.01666666567325592,1,mppt
3.5999999046325684,0.03333333134651184,1,mppt
3.7100000381469727,0.03333333134651184,1,mppt
3.5399999618530273,0.019999999552965164,1,mppt
4.869999885559082,0.029999999329447746,1,mppt
5.050000190734863,0.036666665226221085,1,mppt
4.690000057220459,0.009999999776482582,1,mppt
4.070000171661377,0.03999999910593033,1,mppt
3.6500000953674316,0.02333333157002926,1,mppt
4.300000190734863,0.03999999910593033,1,mppt
3.859999895095825,0.009999999776482582,1,mppt
5.659999847412109,0.01666666567325592,1,mppt
3.9200000762939453,0.026666665449738503,1,mppt
4.320000171661377,0.05000000074505806,1,mppt
6.320000171661377,0.019999999552965164,1,mppt
4.139999866485596,0.009999999776482582,1,mppt
4.210000038146973,0.013333332724869251,1,mppt
4.150000095367432,0.019999999552965164,1,mppt
3.630000114440918,0.029999999329447746,1,mppt
5.570000171661377,0.009999999776482582,1,mppt
4.789999961853027,0.029999999329447746,1,mppt
5.75,0.009999999776482582,1,mppt
4.940000057220459,0.026666665449738503,1,mppt
3.9100000858306885,0.029999999329447746,1,mppt
4.349999904632568,0.04333333298563957,1,mppt
4.710000038146973,0.04000000283122063,1,mppt
4.909999847412109,-0.49000000953674316,1,mppt
8.279999732971191,0.046666666865348816,1,mppt
5.460000038146973,9.41333293914795,3,transition
4.360000133514404,0.019999999552965164,1,mppt
4.010000228881836,0.029999999329447746,1,mppt
5.130000114440918,0.009999999776482582,1,mppt
3.5,0.013333332724869251,1,mppt
5.010000228881836,0.009999999776482582,1,mppt
4.320000171661377,-0.9800000190734863,1,mppt
3.7799999713897705,0.02333333157002926,1,mppt
4.670000076293945,0.01666666567325592,1,mppt
4.53000020980835,0.013333332724869251,1,mppt
3.2699999809265137,0.04333333298563957,1,mppt
5.230000019073486,0.009999999776482582,1,mppt
3.9100000858306885,0.03333333507180214,1,mppt
3.799999952316284,0.009999999776482582,1,mppt
2.640000104904175,0.013333332724869251,0,idle
3.700000047683716,0.026666665449738503,1,mppt
4.170000076293945,0.009999999776482582,1,mppt
5.519999980926514,0.009999999776482582,1,mppt
0.0,0.0,0,idle
5.559999942779541,0.04000000283122063,1,mppt
4.239999771118164,0.009999999776482582,1,mppt
3.7799999713897705,0.013333332724869251,1,mppt
4.429999828338623,0.01666666567325592,1,mppt
4.460000038146973,0.009999999776482582,1,mppt
4.130000114440918,0.013333332724869251,1,mppt
4.849999904632568,0.01666666567325592,1,mppt
3.75,0.029999999329447746,1,mppt
5.239999771118164,0.046666666865348816,1,mppt
6.159999847412109,-0.009999999776482582,1,mppt
1.7000000476837158,0.046666666865348816,0,idle
3.390000104904175,0.03999999910593033,1,mppt
1.6200000047683716,0.009999999776482582,0,idle
2.1500000953674316,0.05000000074505806,0,idle
4.570000171661377,0.029999999329447746,1,mppt
2.9800000190734863,0.009999999776482582,0,idle
3.8499999046325684,0.013333332724869251,1,mppt
1.7100000381469727,0.03333333507180214,0,idle
1.5399999618530273,0.04333333298563957,0,idle
2.5299999713897705,-0.9766666889190674,0,idle
1.809999942779541,0.019999999552965164,0,idle
3.319999933242798,0.009999999776482582,1,mppt
0.0,0.0,0,idle
2.2699999809265137,0.03333333134651184,0,idle
2.640000104904175,0.03999999910593033,0,idle
3.0,0.03333333507180214,1,mppt
3.890000104904175,0.01666666567325592,1,mppt
3.6700000762939453,0.013333332724869251,1,mppt
3.9800000190734863,0.029999999329447746,1,mppt
2.0,0.03333333507180214,0,idle
3.319999933242798,0.036666665226221085,1,mppt
4.909999847412109,0.013333332724869251,1,mppt
2.809999942779541,0.019999999552965164,0,idle
4.400000095367432,0.009999999776482582,1,mppt
4.429999828338623,0.009999999776482582,1,mppt
4.690000057220459,0.8100000023841858,1,mppt
4.610000133514404,-1.9900001287460327,1,mppt
2.509999990463257,0.029999999329447746,0,idle
5.199999809265137,0.03999999910593033,1,mppt
3.4000000953674316,0.029999999329447746,1,mppt
2.9600000381469727,0.019999999552965164,0,idle
2.4800000190734863,0.02333333157002926,0,idle
3.0299999713897705,0.04000000283122063,1,mppt
5.070000171661377,-0.46000000834465027,1,mppt
4.139999866485596,0.013333332724869251,1,mppt
3.940000057220459,0.036666665226221085,1,mppt
3.6600000858306885,0.03333333134651184,1,mppt
3.690000057220459,0.026666665449738503,1,mppt
3.9800000190734863,0.01666666567325592,1,mppt
3.890000104904175,0.009999999776482582,1,mppt
2.869999885559082,0.019999999552965164,0,idle
1.8799999952316284,0.03999999910593033,0,idle
2.319999933242798,83.75333404541016,0,idle
2.5,0.029999999329447746,0,idle
2.2899999618530273,0.019999999552965164,0,idle
1.4600000381469727,0.03333333507180214,0,idle
3.6600000858306885,-1.493333339691162,1,mppt
2.7799999713897705,0.029999999329447746,0,idle
2.5299999713897705,0.019999999552965164,0,idle
1.6299999952316284,0.03333333134651184,0,idle
1.899999976158142,29.336668014526367,0,idle
2.950000047683716,0.009999999776482582,0,idle
1.940000057220459,0.019999999552965164,0,idle
1.6200000047683716,0.026666665449738503,0,idle
2.9000000953674316,0.01666666567325592,0,idle
2.0399999618530273,0.023333333432674408,0,idle
1.840000033378601,0.03999999910593033,0,idle
2.5299999713897705,0.03333333507180214,0,idle
1.2999999523162842,0.029999999329447746,0,idle
2.2699999809265137,0.03999999910593033,0,idle
1.7799999713897705,0.03999999910593033,0,idle
1.4600000381469727,0.04333333298563957,0,idle
1.3300000429153442,0.026666665449738503,0,idle
1.649999976158142,0.03999999910593033,0,idle
1.5,0.03999999910593033,0,idle
1.3600000143051147,0.036666665226221085,0,idle
0.8799999952316284,17.10333251953125,0,idle
1.190000057220459,0.036666665226221085,0,idle
2.450000047683716,-1.493333339691162,0,idle
0.6899999976158142,16.093334197998047,0,idle
3.7100000381469727,0.03999999910593033,1,mppt
2.9000000953674316,0.009999999776482582,0,idle
1.5299999713897705,47.426666259765625,0,idle
1.3799999952316284,90.25,0,idle
2.5199999809265137,-1.9900001287460327,0,idle
1.340000033378601,90.3166732788086,0,idle
1.9299999475479126,90.1399917602539,0,idle
1.4500000476837158,90.0566635131836,0,idle
1.399999976158142,90.17999267578125,0,idle
2.9000000953674316,64.18333435058594,0,idle
3.109999895095825,0.5099999904632568,1,mppt
4.579999923706055,0.013333332724869251,1,mppt
3.5399999618530273,0.009999999776482582,1,mppt
3.7200000286102295,0.009999999776482582,1,mppt
4.349999904632568,0.009999999776482582,1,mppt
2.2699999809265137,89.92000579833984,0,idle
3.4700000286102295,14.5,3,transition
2.4100000858306885,18.809999465942383,0,idle
2.9600000381469727,0.01666666567325592,0,idle
2.5,0.009999999776482582,0,idle
3.3499999046325684,-1.9900001287460327,1,mppt
3.3299999237060547,0.009999999776482582,1,mppt
1.850000023841858,0.009999999776482582,0,idle
2.859999895095825,0.009999999776482582,0,idle
1.8200000524520874,0.01666666567325592,0,idle
2.7699999809265137,0.009999999776482582,0,idle
1.5099999904632568,0.04333333298563957,0,idle
1.4500000476837158,0.019999999552965164,0,idle
1.5700000524520874,0.01666666567325592,0,idle
1.600000023841858,-0.009999999776482582,0,idle
1.5800000429153442,0.009999999776482582,0,idle
1.5499999523162842,90.3066635131836,0,idle
1.4800000190734863,0.01666666567325592,0,idle
1.5299999713897705,0.009999999776482582,0,idle
1.4299999475479126,0.009999999776482582,0,idle
1.190000057220459,0.009999999776482582,0,idle
1.5700000524520874,83.77333068847656,0,idle
1.5,90.36333465576172,0,idle
1.8700000047683716,0.03999999910593033,0,idle
1.4800000190734863,83.32999420166016,0,idle
1.809999942779541,-1.9900001287460327,0,idle
1.2400000095367432,90.50333404541016,0,idle
1.5700000524520874,90.1933364868164,0,idle
1.0299999713897705,57.01666259765625,0,idle
2.259999990463257,89.51666259765625,0,idle
1.3899999856948853,85.30000305175781,0,idle
1.4299999475479126,90.28665924072266,0,idle
1.6799999475479126,0.009999999776482582,0,idle
2.109999895095825,90.2633285522461,0,idle
1.5800000429153442,90.24666595458984,0,idle
1.409999966621399,0.009999999776482582,0,idle
1.3200000524520874,67.35333251953125,0,idle
1.4299999475479126,90.2933349609375,0,idle
1.3200000524520874,90.0,0,idle
1.4600000381469727,85.82666015625,0,idle
1.4700000286102295,89.6066665649414,0,idle
1.3300000429153442,90.21334075927734,0,idle
1.3200000524520874,89.51666259765625,0,idle
1.5299999713897705,0.009999999776482582,0,idle
1.659999966621399,0.04000000283122063,0,idle
1.440000057220459,90.27666473388672,0,idle
1.3300000429153442,90.49666595458984,0,idle
1.2300000190734863,90.28665924072266,0,idle
1.2799999713897705,89.48333740234375,0,idle
1.7000000476837158,0.01666666567325592,0,idle
1.159999966621399,90.24332427978516,0,idle
1.7000000476837158,90.1066665649414,0,idle
1.5499999523162842,89.72000122070312,0,idle
1.3200000524520874,85.30000305175781,0,idle
1.1299999952316284,89.56999969482422,0,idle
1.0700000524520874,89.8600082397461,0,idle
1.409999966621399,90.17333221435547,0,idle
1.3600000143051147,90.07999420166016,0,idle
1.3200000524520874,90.10999298095703,0,idle
1.1799999475479126,89.9766616821289,0,idle
1.1799999475479126,85.82666015625,0,idle
1.0099999904632568,90.20333099365234,0,idle
1.2999999523162842,90.07999420166016,0,idle
1.0099999904632568,90.49666595458984,0,idle
1.0199999809265137,90.2733383178711,0,idle
0.9700000286102295,89.67000579833984,0,idle
1.0199999809265137,90.21334075927734,0,idle
0.9200000166893005,90.1833267211914,0,idle
1.149999976158142,90.29000091552734,0,idle
1.090000033378601,90.21334075927734,0,idle
0.8999999761581421,90.20333099365234,0,idle
1.149999976158142,89.80999755859375,0,idle
1.2799999713897705,90.0,0,idle
1.149999976158142,86.01000213623047,0,idle
1.0499999523162842,89.87332916259766,0,idle
0.8100000023841858,90.2066650390625,0,idle
1.0199999809265137,89.98333740234375,0,idle
0.5899999737739563,90.17333221435547,0,idle
0.949999988079071,90.07999420166016,0,idle
0.5699999928474426,90.1833267211914,0,idle
0.6399999856948853,90.25333404541016,0,idle
0.8199999928474426,89.5633316040039,0,idle
0.5199999809265137,90.2733383178711,0,idle
0.6899999976158142,90.24332427978516,0,idle
0.6200000047683716,90.163330078125,0,idle
0.9599999785423279,90.32000732421875,0,idle
0.5400000214576721,90.11666870117188,0,idle
0.75,90.02999877929688,0,idle
0.9200000166893005,90.2199935913086,0,idle
0.75,90.24666595458984,0,idle
0.7300000190734863,89.90999603271484,0,idle
1.25,90.1833267211914,0,idle
0.9200000166893005,89.63665771484375,0,idle
1.1799999475479126,83.32999420166016,0,idle
1.0700000524520874,90.12667083740234,0,idle
1.5800000429153442,90.27667236328125,0,idle
1.7000000476837158,90.24332427978516,0,idle
2.2799999713897705,85.76667022705078,0,idle
2.430000066757202,89.9766616821289,0,idle
3.259999990463257,77.41666412353516,3,transition
2.9600000381469727,89.90999603271484,0,idle
2.7200000286102295,55.83000183105469,0,idle
3.5899999141693115,0.009999999776482582,1,mppt
3.2899999618530273,0.009999999776482582,1,mppt
2.5299999713897705,90.0999984741211,0,idle
2.940000057220459,0.009999999776482582,0,idle
2.299999952316284,90.2633285522461,0,idle
3.1500000953674316,0.009999999776482582,1,mppt
2.380000114440918,0.009999999776482582,0,idle
3.640000104904175,0.009999999776482582,1,mppt
2.2799999713897705,0.009999999776482582,0,idle
2.619999885559082,80.29000091552734,0,idle
3.1500000953674316,87.7300033569336,3,transition
2.569999933242798,0.009999999776482582,0,idle
2.819999933242798,87.9800033569336,0,idle
2.049999952316284,90.23333740234375,0,idle
2.180000066757202,90.31999969482422,0,idle
2.180000066757202,0.009999999776482582,0,idle
2.930000066757202,0.009999999776482582,0,idle
2.809999942779541,0.009999999776482582,0,idle
2.569999933242798,0.009999999776482582,0,idle
2.490000009536743,0.009999999776482582,0,idle
2.1600000858306885,28.16666603088379,0,idle
3.640000104904175,-0.49000000953674316,1,mppt
2.9800000190734863,0.009999999776482582,0,idle
2.5899999141693115,0.009999999776482582,0,idle
2.4000000953674316,21.093332290649414,0,idle
2.5999999046325684,0.009999999776482582,0,idle
3.0799999237060547,0.009999999776482582,1,mppt
2.809999942779541,0.009999999776482582,0,idle
2.569999933242798,0.009999999776482582,0,idle
2.5299999713897705,0.009999999776482582,0,idle
3.2300000190734863,0.009999999776482582,1,mppt
2.299999952316284,0.009999999776482582,0,idle
2.4700000286102295,0.009999999776482582,0,idle
2.4600000381469727,61.43000411987305,0,idle
2.450000047683716,0.009999999776482582,0,idle
2.5399999618530273,0.009999999776482582,0,idle
2.930000066757202,-0.49000000953674316,0,idle
1.9600000381469727,0.009999999776482582,0,idle
2.0399999618530273,0.009999999776482582,0,idle
2.640000104904175,0.009999999776482582,0,idle
3.2699999809265137,0.009999999776482582,1,mppt
2.700000047683716,0.009999999776482582,0,idle
1.9299999475479126,0.009999999776482582,0,idle
1.9800000190734863,0.009999999776482582,0,idle
1.8300000429153442,0.009999999776482582,0,idle
2.0999999046325684,0.009999999776482582,0,idle
2.2899999618530273,0.009999999776482582,0,idle
2.299999952316284,0.009999999776482582,0,idle
2.4700000286102295,0.009999999776482582,0,idle
2.7100000381469727,83.4566650390625,0,idle
2.0199999809265137,85.44000244140625,0,idle
2.9700000286102295,0.009999999776482582,0,idle
1.8300000429153442,0.009999999776482582,0,idle
1.6200000047683716,0.009999999776482582,0,idle
1.8799999952316284,0.009999999776482582,0,idle
1.399999976158142,0.009999999776482582,0,idle
1.2000000476837158,85.9033432006836,0,idle
1.2400000095367432,34.6966667175293,0,idle
1.6399999856948853,0.009999999776482582,0,idle
1.909999966621399,0.009999999776482582,0,idle
1.2799999713897705,90.07333374023438,0,idle
1.2000000476837158,90.3066635131836,0,idle
1.75,89.7733383178711,0,idle
1.5399999618530273,90.30333709716797,0,idle
1.5199999809265137,89.97333526611328,0,idle
1.840000033378601,0.009999999776482582,0,idle
1.4900000095367432,90.25333404541016,0,idle
1.5800000429153442,86.22333526611328,0,idle
1.440000057220459,90.27999877929688,0,idle
1.2200000286102295,90.1433334350586,0,idle
1.559999942779541,89.62332916259766,0,idle
1.7100000381469727,90.30999755859375,0,idle
1.5700000524520874,90.19666290283203,0,idle
1.3600000143051147,0.009999999776482582,0,idle
1.850000023841858,85.9000015258789,0,idle
1.6299999952316284,0.009999999776482582,0,idle
1.6100000143051147,87.9800033569336,0,idle
1.649999976158142,90.33999633789062,0,idle
1.3799999952316284,85.25,0,idle
1.5,89.96666717529297,0,idle
1.5800000429153442,90.27999877929688,0,idle
1.5199999809265137,90.36666870117188,0,idle
1.6699999570846558,89.64666748046875,0,idle
1.7400000095367432,85.87000274658203,0,idle
1.899999976158142,90.25332641601562,0,idle
1.9600000381469727,90.17666625976562,0,idle
1.8899999856948853,89.67666625976562,0,idle
3.369999885559082,0.009999999776482582,1,mppt
3.240000009536743,0.009999999776482582,1,mppt
1.9800000190734863,90.07333374023438,0,idle
1.690000057220459,90.2699966430664,0,idle
2.559999942779541,90.30999755859375,0,idle
1.7400000095367432,90.3499984741211,0,idle
2.2100000381469727,0.009999999776482582,0,idle
2.069999933242798,90.07666015625,0,idle
2.190000057220459,89.76666259765625,0,idle
1.850000023841858,90.26666259765625,0,idle
2.0799999237060547,89.76666259765625,0,idle
1.5700000524520874,90.2266616821289,0,idle
2.180000066757202,0.009999999776482582,0,idle
1.8200000524520874,85.85999298095703,0,idle
2.2200000286102295,90.3499984741211,0,idle
2.309999942779541,89.88333892822266,0,idle
1.5700000524520874,89.69000244140625,0,idle
1.899999976158142,89.88333892822266,0,idle
1.4199999570846558,90.55667114257812,0,idle
1.5099999904632568,86.0433349609375,0,idle
1.159999966621399,89.58999633789062,0,idle
1.3899999856948853,90.33000946044922,0,idle
1.1399999856948853,90.2699966430664,0,idle
1.159999966621399,90.07333374023438,0,idle
1.2000000476837158,90.3566665649414,0,idle
1.149999976158142,90.3066635131836,0,idle
1.1799999475479126,90.35333251953125,0,idle
0.800000011920929,85.36334228515625,0,idle
0.8899999856948853,90.26000213623047,0,idle
1.0099999904632568,90.28333282470703,0,idle
1.2300000190734863,85.85999298095703,0,idle
1.5800000429153442,90.35333251953125,0,idle
1.7599999904632568,90.24333953857422,0,idle
1.6200000047683716,90.25333404541016,0,idle
1.7699999809265137,85.87000274658203,0,idle
2.1700000762939453,89.64666748046875,0,idle
1.690000057220459,90.57999420166016,0,idle
2.299999952316284,89.69000244140625,0,idle
1.7699999809265137,90.26333618164062,0,idle
1.8700000047683716,90.27999877929688,0,idle
0.9700000286102295,90.3033218383789,0,idle
1.7000000476837158,90.55667114257812,0,idle
1.6200000047683716,90.24333953857422,0,idle
0.9399999976158142,90.0566635131836,0,idle
0.8899999856948853,90.17666625976562,0,idle
0.9599999785423279,89.98333740234375,0,idle
1.309999942779541,90.2833251953125,0,idle
0.4000000059604645,88.336669921875,0,idle
0.800000011920929,90.26667022705078,0,idle
0.6299999952316284,90.07333374023438,0,idle
0.5600000023841858,89.98333740234375,0,idle
0.5,83.39000701904297,0,idle
0.4699999988079071,90.23333740234375,0,idle
0.25,90.07666015625,0,idle
0.6700000166893005,90.27999877929688,0,idle
1.0,90.0566635131836,0,idle
0.5600000023841858,90.2266616821289,0,idle
1.149999976158142,89.92666625976562,0,idle
1.0199999809265137,90.2699966430664,0,idle
1.090000033378601,89.9866714477539,0,idle
0.75,90.24333953857422,0,idle
0.8299999833106995,90.27667236328125,0,idle
1.0399999618530273,90.30999755859375,0,idle
0.2199999988079071,86.0433349609375,0,idle
0.6700000166893005,90.2800064086914,0,idle
0.41999998688697815,89.82332611083984,0,idle
0.5,90.3600082397461,0,idle
0.44999998807907104,89.87332916259766,0,idle
0.6200000047683716,90.2633285522461,0,idle
0.4300000071525574,90.32999420166016,0,idle
0.5,85.9000015258789,0,idle
0.7900000214576721,90.3066635131836,0,idle
0.6200000047683716,90.17666625976562,0,idle
0.5400000214576721,85.25,0,idle
0.7400000095367432,90.2699966430664,0,idle
1.4700000286102295,90.07333374023438,0,idle
1.350000023841858,90.25667572021484,0,idle
1.4199999570846558,83.91333770751953,0,idle
0.7699999809265137,90.32999420166016,0,idle
1.4299999475479126,90.23333740234375,0,idle
0.7599999904632568,89.5966567993164,0,idle
1.100000023841858,90.3499984741211,0,idle
1.1100000143051147,89.87332916259766,0,idle
1.6100000143051147,87.88666534423828,0,idle
1.0299999713897705,90.34000396728516,0,idle
1.0099999904632568,89.98333740234375,0,idle
1.340000033378601,90.2800064086914,0,idle
1.2400000095367432,89.663330078125,0,idle
1.1100000143051147,90.17666625976562,0,idle
0.9700000286102295,90.3166732788086,0,idle
1.3200000524520874,90.25667572021484,0,idle
1.190000057220459,90.35333251953125,0,idle
0.8799999952316284,90.27332305908203,0,idle
1.0499999523162842,90.07666015625,0,idle
0.38999998569488525,90.32999420166016,0,idle
1.090000033378601,90.3133316040039,0,idle
1.1799999475479126,90.53333282470703,0,idle
0.9700000286102295,90.37667083740234,0,idle
1.1100000143051147,90.25666046142578,0,idle
1.1100000143051147,89.67666625976562,0,idle
1.159999966621399,83.83333587646484,0,idle
1.2200000286102295,83.39000701904297,0,idle
0.4099999964237213,90.2699966430664,0,idle
0.6399999856948853,90.30333709716797,0,idle
0.4399999976158142,90.28333282470703,0,idle
0.4000000059604645,90.26333618164062,0,idle
0.6200000047683716,90.26667022705078,0,idle
1.309999942779541,90.24332427978516,0,idle
0.49000000953674316,89.9333267211914,0,idle
1.0800000429153442,89.9766616821289,0,idle
0.4000000059604645,88.10333251953125,0,idle
0.36000001430511475,90.27667236328125,0,idle
0.7300000190734863,89.69000244140625,0,idle
0.8899999856948853,90.27999877929688,0,idle
0.2199999988079071,90.3166732788086,0,idle
0.5299999713897705,90.07666015625,0,idle
0.8999999761581421,90.53333282470703,0,idle
0.4000000059604645,90.26667022705078,0,idle
0.7699999809265137,90.32999420166016,0,idle
0.6600000262260437,90.25666046142578,0,idle
0.9599999785423279,90.24333953857422,0,idle
0.6499999761581421,90.30999755859375,0,idle
0.7200000286102295,85.86333465576172,0,idle
0.28999999165534973,83.91333770751953,0,idle
0.23999999463558197,90.25667572021484,0,idle
0.6899999976158142,86.0433349609375,0,idle
0.3400000035762787,85.81665802001953,0,idle
0.8899999856948853,89.6399917602539,0,idle
0.7599999904632568,89.99332427978516,0,idle
0.9800000190734863,89.65999603271484,0,idle
1.7799999713897705,90.26333618164062,0,idle
0.9200000166893005,89.57333374023438,0,idle
1.6299999952316284,90.25667572021484,0,idle
1.75,90.2699966430664,0,idle
1.440000057220459,89.67666625976562,0,idle
1.2300000190734863,85.44000244140625,0,idle
1.159999966621399,90.30333709716797,0,idle
1.159999966621399,86.22333526611328,0,idle
1.7400000095367432,89.98333740234375,0,idle
1.909999966621399,90.27332305908203,0,idle
1.9600000381469727,90.17666625976562,0,idle
1.8300000429153442,85.44000244140625,0,idle
1.909999966621399,90.2699966430664,0,idle
1.7999999523162842,90.25666046142578,0,idle
1.6699999570846558,89.99332427978516,0,idle
1.9900000095367432,90.3499984741211,0,idle
2.4100000858306885,89.586669921875,0,idle
1.8700000047683716,88.336669921875,0,idle
1.8899999856948853,90.36666870117188,0,idle
1.7100000381469727,90.32333374023438,0,idle
2.25,90.3499984741211,0,idle
1.7000000476837158,90.2800064086914,0,idle
1.6399999856948853,90.25666046142578,0,idle
1.7400000095367432,90.07333374023438,0,idle
1.5700000524520874,90.32999420166016,0,idle
1.309999942779541,89.98333740234375,0,idle
2.7899999618530273,90.30999755859375,0,idle
1.840000033378601,90.37667083740234,0,idle
2.6700000762939453,63.47999572753906,0,idle
2.509999990463257,90.34000396728516,0,idle
2.1700000762939453,83.83333587646484,0,idle
1.8700000047683716,89.98333740234375,0,idle
0.9700000286102295,68.71666717529297,0,idle
1.8799999952316284,90.24666595458984,0,idle
1.8600000143051147,90.32999420166016,0,idle
1.7300000190734863,90.3166732788086,0,idle
0.9399999976158142,90.336669921875,0,idle
1.6699999570846558,90.26667022705078,0,idle
1.6799999475479126,90.07666015625,0,idle
1.0,89.64666748046875,0,idle
1.2599999904632568,83.92666625976562,0,idle
1.1200000047683716,89.6833267211914,0,idle
1.350000023841858,90.2933349609375,0,idle
1.7699999809265137,85.85999298095703,0,idle
1.5399999618530273,90.24666595458984,0,idle
1.5,90.1433334350586,0,idle
1.25,89.64666748046875,0,idle
1.25,89.98333740234375,0,idle
1.6399999856948853,89.60999298095703,0,idle
1.3799999952316284,90.17666625976562,0,idle
1.5700000524520874,90.336669921875,0,idle
1.6100000143051147,86.0199966430664,0,idle
1.190000057220459,89.6866683959961,0,idle
0.9599999785423279,90.29666900634766,0,idle
1.0499999523162842,88.01333618164062,0,idle
1.4199999570846558,90.07333374023438,0,idle
1.0,89.58999633789062,0,idle
1.1100000143051147,85.85999298095703,0,idle
1.1100000143051147,90.10999298095703,0,idle
0.8399999737739563,85.85999298095703,0,idle
1.0399999618530273,90.19666290283203,0,idle
0.9599999785423279,90.25667572021484,0,idle
0.3499999940395355,90.10999298095703,0,idle
0.550000011920929,90.11666107177734,0,idle
0.4000000059604645,90.28665924072266,0,idle
0.7200000286102295,89.6833267211914,0,idle
0.699999988079071,90.07666015625,0,idle
0.6000000238418579,89.98333740234375,0,idle
0.6800000071525574,90.17666625976562,0,idle
0.7200000286102295,83.83333587646484,0,idle
0.6700000166893005,83.92666625976562,0,idle
0.6899999976158142,90.32666778564453,0,idle
0.6399999856948853,89.98333740234375,0,idle
0.7699999809265137,86.04666900634766,0,idle
0.699999988079071,90.336669921875,0,idle
0.8199999928474426,90.07333374023438,0,idle
0.6399999856948853,90.3499984741211,0,idle
0.7699999809265137,85.84333038330078,0,idle
0.7900000214576721,90.32666778564453,0,idle
0.8399999737739563,89.92666625976562,0,idle
0.75,90.07666015625,0,idle
0.8299999833106995,90.3166732788086,0,idle
0.5099999904632568,90.29000091552734,0,idle
0.9900000095367432,88.34333038330078,0,idle
1.159999966621399,87.94000244140625,0,idle
1.0700000524520874,90.2266616821289,0,idle
1.0700000524520874,90.29999542236328,0,idle
1.4600000381469727,89.5966567993164,0,idle
0.8700000047683716,85.85999298095703,0,idle
1.5499999523162842,90.07999420166016,0,idle
1.4600000381469727,90.00666046142578,0,idle
0.9700000286102295,89.60999298095703,0,idle
1.1399999856948853,83.9000015258789,0,idle
1.1299999952316284,90.3499984741211,0,idle
1.3700000047683716,86.163330078125,0,idle
1.2400000095367432,90.27667236328125,0,idle
1.2300000190734863,85.86333465576172,0,idle
1.4700000286102295,89.6833267211914,0,idle
1.4500000476837158,88.01333618164062,0,idle
1.690000057220459,90.29000091552734,0,idle
1.2799999713897705,90.36666870117188,0,idle
1.5199999809265137,90.29999542236328,0,idle
1.350000023841858,90.3066635131836,0,idle
1.4600000381469727,90.32666778564453,0,idle
1.2000000476837158,90.07999420166016,0,idle
1.7599999904632568,90.34333038330078,0,idle
1.5,85.85999298095703,0,idle
1.9600000381469727,90.32999420166016,0,idle
1.2000000476837158,85.84333038330078,0,idle
1.6100000143051147,85.88666534423828,0,idle
1.1399999856948853,90.32666778564453,0,idle
1.649999976158142,90.01666259765625,0,idle
1.440000057220459,89.663330078125,0,idle
0.949999988079071,90.26667022705078,0,idle
1.4800000190734863,87.6100082397461,0,idle
1.4600000381469727,90.12332916259766,0,idle
1.4600000381469727,89.663330078125,0,idle
1.75,89.92666625976562,0,idle
1.3899999856948853,90.29000091552734,0,idle
1.7999999523162842,90.336669921875,0,idle
1.6299999952316284,90.07666015625,0,idle
1.2400000095367432,90.31665802001953,0,idle
1.5,89.92666625976562,0,idle
1.8200000524520874,89.6833267211914,0,idle
1.3300000429153442,90.3600082397461,0,idle
1.3899999856948853,90.79000091552734,0,idle
1.590000033378601,90.27667236328125,0,idle
1.4199999570846558,90.33000946044922,0,idle
1.4900000095367432,90.26666259765625,0,idle
1.4199999570846558,90.37667083740234,0,idle
1.5499999523162842,90.28665924072266,0,idle
1.6699999570846558,89.6866683959961,0,idle
1.6200000047683716,90.32666778564453,0,idle
1.5700000524520874,90.01666259765625,0,idle
1.4600000381469727,90.29666900634766,0,idle
1.440000057220459,90.28665924072266,0,idle
1.5399999618530273,90.3033218383789,0,idle
1.1799999475479126,89.98333740234375,0,idle
1.2000000476837158,85.36334228515625,0,idle
1.4900000095367432,90.32999420166016,0,idle
1.309999942779541,90.32999420166016,0,idle
1.090000033378601,89.58999633789062,0,idle
1.4600000381469727,90.3033218383789,0,idle
1.3600000143051147,90.07666015625,0,idle
1.25,85.85999298095703,0,idle
1.2699999809265137,90.3066635131836,0,idle
1.100000023841858,90.2699966430664,0,idle
1.2799999713897705,90.29000091552734,0,idle
1.3600000143051147,90.01666259765625,0,idle
1.6799999475479126,90.31665802001953,0,idle
1.2400000095367432,89.69000244140625,0,idle
1.3899999856948853,90.3600082397461,0,idle
1.0499999523162842,90.23333740234375,0,idle
1.2999999523162842,88.01333618164062,0,idle
1.2100000381469727,89.92000579833984,0,idle
1.159999966621399,90.2933349609375,0,idle
1.4500000476837158,90.01666259765625,0,idle
1.190000057220459,90.07333374023438,0,idle
1.4600000381469727,90.25667572021484,0,idle
1.2999999523162842,89.98333740234375,0,idle
1.5700000524520874,90.23333740234375,0,idle
1.4700000286102295,90.07333374023438,0,idle
1.5700000524520874,90.19666290283203,0,idle
1.590000033378601,83.7366714477539,0,idle
1.559999942779541,90.27667236328125,0,idle
0.8399999737739563,89.98333740234375,0,idle
1.4900000095367432,89.5966567993164,0,idle
0.9300000071525574,90.23333740234375,0,idle
1.5399999618530273,90.34333038330078,0,idle
1.7100000381469727,90.07999420166016,0,idle
1.4500000476837158,90.24666595458984,0,idle
1.340000033378601,89.836669921875,0,idle
1.409999966621399,90.07666015625,0,idle
1.3799999952316284,89.836669921875,0,idle
1.399999976158142,90.53333282470703,0,idle
1.5700000524520874,90.28665924072266,0,idle
1.5299999713897705,89.98333740234375,0,idle
1.5199999809265137,90.1433334350586,0,idle
1.2999999523162842,90.30999755859375,0,idle
1.309999942779541,89.5966567993164,0,idle
1.4299999475479126,90.01666259765625,0,idle
1.1100000143051147,90.53333282470703,0,idle
1.9299999475479126,87.94000244140625,0,idle
1.5499999523162842,90.00666046142578,0,idle
1.7999999523162842,29.553335189819336,0,idle
2.690000057220459,39.9466667175293,0,idle
1.5299999713897705,90.55667114257812,2,pitch_control
1.8300000429153442,20.5,2,pitch_control
1.5299999713897705,0.009999999776482582,0,idle
2.7899999618530273,50.7599983215332,0,idle
2.240000009536743,90.33999633789062,0,idle
2.2899999618530273,0.009999999776482582,0,idle
2.5199999809265137,90.29666900634766,0,idle
2.569999933242798,90.29000091552734,0,idle
1.2799999713897705,0.009999999776482582,0,idle
1.4900000095367432,90.29666137695312,0,idle
1.9900000095367432,90.29666900634766,0,idle
1.399999976158142,83.413330078125,0,idle
2.309999942779541,90.28665924072266,0,idle
1.649999976158142,90.29666137695312,0,idle
1.7999999523162842,90.29999542236328,0,idle
2.009999990463257,90.35333251953125,0,idle
1.9700000286102295,90.34333038330078,0,idle
1.5800000429153442,0.009999999776482582,0,idle
1.7200000286102295,90.29999542236328,0,idle
1.809999942779541,83.413330078125,0,idle
1.7200000286102295,90.1300048828125,0,idle
1.5299999713897705,86.3933334350586,0,idle
1.909999966621399,89.7066650390625,0,idle
1.75,90.29000091552734,0,idle
1.3700000047683716,90.35333251953125,0,idle
1.2599999904632568,0.009999999776482582,0,idle
1.7300000190734863,90.1300048828125,0,idle
1.5700000524520874,90.28665924072266,0,idle
2.140000104904175,9.029999732971191,0,idle
1.7699999809265137,90.32666778564453,0,idle
2.5999999046325684,-1.9900001287460327,0,idle
2.619999885559082,53.30666732788086,0,idle
2.2799999713897705,90.33000946044922,0,idle
1.75,83.93999481201172,0,idle
2.8399999141693115,15.470000267028809,0,idle
2.299999952316284,46.95333480834961,0,idle
3.1600000858306885,0.009999999776482582,1,mppt
2.609999895095825,72.95333099365234,0,idle
1.649999976158142,89.9766616821289,0,idle
1.940000057220459,83.93999481201172,0,idle
2.7799999713897705,61.71000289916992,0,idle
1.9800000190734863,85.88666534423828,0,idle
2.1600000858306885,90.31665802001953,0,idle
2.180000066757202,0.009999999776482582,0,idle
1.7899999618530273,-0.49000000953674316,0,idle
1.809999942779541,90.36333465576172,0,idle
1.8200000524520874,89.8899917602539,0,idle
2.3499999046325684,83.90666961669922,0,idle
1.809999942779541,90.29000091552734,0,idle
2.4100000858306885,90.28665924072266,0,idle
2.0299999713897705,90.33333587646484,0,idle
1.850000023841858,90.3133316040039,0,idle
1.8600000143051147,89.66666412353516,0,idle
2.1700000762939453,90.34333038330078,0,idle
2.4700000286102295,83.90666961669922,0,idle
1.7799999713897705,58.0433349609375,0,idle
1.440000057220459,89.62667083740234,0,idle
1.559999942779541,90.2266616821289,0,idle
1.6799999475479126,90.3066635131836,0,idle
1.7200000286102295,0.009999999776482582,0,idle
1.5099999904632568,90.34000396728516,0,idle
1.7200000286102295,0.009999999776482582,0,idle
2.2300000190734863,90.38333129882812,0,idle
1.840000033378601,89.57333374023438,0,idle
1.9299999475479126,90.01666259765625,0,idle
1.5099999904632568,90.34333038330078,0,idle
1.690000057220459,90.3699951171875,0,idle
1.6799999475479126,85.82333374023438,0,idle
1.690000057220459,0.009999999776482582,0,idle
1.690000057220459,86.163330078125,0,idle
1.4700000286102295,88.01333618164062,0,idle
1.840000033378601,90.32666778564453,0,idle
1.2799999713897705,83.92666625976562,0,idle
1.649999976158142,89.67000579833984,0,idle
1.809999942779541,90.1500015258789,0,idle
1.7999999523162842,90.2933349609375,0,idle
1.809999942779541,83.8800048828125,0,idle
1.3200000524520874,89.57999420166016,0,idle
1.6799999475479126,89.7366714477539,0,idle
1.1200000047683716,89.57999420166016,0,idle
1.2799999713897705,90.28665924072266,0,idle
1.6200000047683716,85.336669921875,0,idle
1.2899999618530273,0.009999999776482582,0,idle
1.2999999523162842,0.009999999776482582,0,idle
1.0299999713897705,89.91666412353516,0,idle
1.340000033378601,83.92666625976562,0,idle
1.4600000381469727,90.80999755859375,0,idle
1.1399999856948853,90.2933349609375,0,idle
1.2699999809265137,85.78665924072266,0,idle
1.0399999618530273,89.67000579833984,0,idle
1.5099999904632568,90.17999267578125,0,idle
0.6299999952316284,89.9766616821289,0,idle
0.699999988079071,90.36333465576172,0,idle
0.6200000047683716,90.336669921875,0,idle
1.3600000143051147,90.07999420166016,0,idle
1.25,90.2933349609375,0,idle
0.9100000262260437,89.98333740234375,0,idle
1.2899999618530273,90.2633285522461,0,idle
1.0,90.01666259765625,0,idle
0.8700000047683716,90.23999786376953,0,idle
0.5400000214576721,89.9766616821289,0,idle
1.2599999904632568,90.07999420166016,0,idle
0.9100000262260437,89.5999984741211,0,idle
0.9100000262260437,89.67333221435547,0,idle
0.7900000214576721,90.34000396728516,0,idle
1.0399999618530273,89.57333374023438,0,idle
1.3700000047683716,89.92333984375,0,idle
1.159999966621399,89.90999603271484,0,idle
0.5099999904632568,90.26666259765625,0,idle
0.3799999952316284,89.9766616821289,0,idle
1.3700000047683716,90.25,0,idle
0.800000011920929,89.98333740234375,0,idle
1.059999942779541,90.2066650390625,0,idle
0.0,90.31999969482422,0,idle
0.6399999856948853,90.00332641601562,0,idle
1.0299999713897705,90.2933349609375,0,idle
0.6000000238418579,90.36666870117188,0,idle
0.5699999928474426,90.33999633789062,0,idle
1.0199999809265137,89.6833267211914,0,idle
0.4099999964237213,89.7066650390625,0,idle
1.100000023841858,90.2933349609375,0,idle
0.75,83.90666961669922,0,idle
1.1200000047683716,87.92666625976562,0,idle
0.7099999785423279,90.28667449951172,0,idle
1.190000057220459,90.29999542236328,0,idle
0.30000001192092896,90.30999755859375,0,idle
1.059999942779541,90.2933349609375,0,idle
1.2599999904632568,90.20999908447266,0,idle
1.0299999713897705,90.27667236328125,0,idle
0.4099999964237213,90.32999420166016,0,idle
0.75,90.24332427978516,0,idle
0.5299999713897705,89.663330078125,0,idle
0.30000001192092896,90.1399917602539,0,idle
0.20000000298023224,90.00332641601562,0,idle
0.4000000059604645,85.28666687011719,0,idle
0.4000000059604645,89.74666595458984,0,idle
0.3100000023841858,90.2266616821289,0,idle
0.6600000262260437,90.31999969482422,0,idle
0.41999998688697815,90.2366714477539,0,idle
0.5600000023841858,90.32999420166016,0,idle
0.4300000071525574,89.6433334350586,0,idle
0.7699999809265137,90.30999755859375,0,idle
1.0499999523162842,89.8566665649414,0,idle
0.8899999856948853,90.2733383178711,0,idle
1.1299999952316284,90.28665924072266,0,idle
1.0,90.22332763671875,0,idle
1.1699999570846558,90.33999633789062,0,idle
1.2300000190734863,90.1300048828125,0,idle
1.6200000047683716,90.336669921875,0,idle
2.0199999809265137,90.5433349609375,0,idle
1.440000057220459,90.34000396728516,0,idle
1.5099999904632568,85.87667083740234,0,idle
1.840000033378601,90.2633285522461,0,idle
1.7599999904632568,90.36333465576172,0,idle
2.0799999237060547,90.28665924072266,0,idle
2.0899999141693115,90.34333038330078,0,idle
2.4600000381469727,90.30999755859375,0,idle
3.059999942779541,90.1500015258789,3,transition
2.609999895095825,89.74666595458984,0,idle
2.2100000381469727,90.19000244140625,0,idle
2.1700000762939453,23.31333351135254,0,idle
2.009999990463257,32.826663970947266,0,idle
2.240000009536743,85.8133316040039,0,idle
1.6799999475479126,90.31999969482422,0,idle
2.5799999237060547,89.92000579833984,0,idle
2.9700000286102295,0.5299999713897705,0,idle
3.0,12.640000343322754,3,transition
2.9600000381469727,0.019999999552965164,0,idle
3.430000066757202,-0.49000000953674316,1,mppt
2.9700000286102295,0.009999999776482582,0,idle
3.7200000286102295,0.019999999552965164,1,mppt
3.9100000858306885,18.476667404174805,3,transition
3.3299999237060547,1.6799999475479126,1,mppt
3.1700000762939453,1.6100000143051147,1,mppt
3.940000057220459,39.50666427612305,3,transition
3.8299999237060547,0.04333333298563957,1,mppt
4.03000020980835,0.8500000834465027,1,mppt
3.430000066757202,90.57999420166016,3,transition
4.510000228881836,0.05000000074505806,1,mppt
3.5199999809265137,0.05000000074505806,1,mppt
4.510000228881836,0.05999999865889549,1,mppt
4.28000020980835,0.25,1,mppt
3.7899999618530273,0.029999999329447746,1,mppt
3.940000057220459,0.04333333298563957,1,mppt
3.8499999046325684,0.029999999329447746,1,mppt
4.329999923706055,0.02333333157002926,1,mppt
4.909999847412109,0.019999999552965164,1,mppt
3.5,0.019999999552965164,1,mppt
5.119999885559082,-0.49000000953674316,1,mppt
3.7899999618530273,0.013333332724869251,1,mppt
4.710000038146973,-0.9399999976158142,1,mppt
3.0299999713897705,0.029999999329447746,1,mppt
3.9600000381469727,0.029999999329447746,1,mppt
3.8499999046325684,0.036666665226221085,1,mppt
4.019999980926514,0.03333333507180214,1,mppt
4.369999885559082,0.009999999776482582,1,mppt
4.269999980926514,0.029999999329447746,1,mppt
3.259999990463257,0.019999999552965164,1,mppt
2.9100000858306885,0.019999999552965164,0,idle
2.4000000953674316,0.019999999552965164,0,idle
2.5399999618530273,0.019999999552965164,0,idle
2.7799999713897705,0.026666665449738503,0,idle
2.890000104904175,0.019999999552965164,0,idle
3.3299999237060547,0.026666665449738503,1,mppt
2.6500000953674316,0.019999999552965164,0,idle
2.0899999141693115,0.019999999552965164,0,idle
2.509999990463257,0.019999999552965164,0,idle
3.1600000858306885,0.019999999552965164,1,mppt
4.5,0.026666665449738503,1,mppt
2.9100000858306885,0.019999999552965164,0,idle
2.2799999713897705,0.019999999552965164,0,idle
1.9600000381469727,0.019999999552965164,0,idle
1.809999942779541,0.019999999552965164,0,idle
2.3299999237060547,-0.9766666889190674,0,idle
2.299999952316284,0.019999999552965164,0,idle
2.8399999141693115,0.019999999552965164,0,idle
1.5800000429153442,0.019999999552965164,0,idle
1.7100000381469727,0.029999999329447746,0,idle
3.009999990463257,0.019999999552965164,1,mppt
1.8799999952316284,0.026666665449738503,0,idle
2.569999933242798,0.029999999329447746,0,idle
1.9199999570846558,0.019999999552965164,0,idle
1.7000000476837158,0.019999999552965164,0,idle
1.5,0.019999999552965164,0,idle
2.319999933242798,0.019999999552965164,0,idle
1.7599999904632568,0.019999999552965164,0,idle
1.590000033378601,0.019999999552965164,0,idle
1.340000033378601,83.87667083740234,0,idle
1.8899999856948853,0.5433333516120911,0,idle
1.6799999475479126,0.013333332724869251,0,idle
1.6799999475479126,0.03999999910593033,0,idle
1.600000023841858,0.029999999329447746,0,idle
1.8600000143051147,0.03999999910593033,0,idle
1.7300000190734863,89.65999603271484,0,idle
1.8300000429153442,90.32666778564453,0,idle
1.7899999618530273,0.019999999552965164,0,idle
1.4199999570846558,85.85333251953125,0,idle
1.4900000095367432,85.83000946044922,0,idle
1.409999966621399,85.85333251953125,0,idle
1.590000033378601,89.98999786376953,0,idle
0.9200000166893005,1.40666663646698,0,idle
1.2799999713897705,0.046666666865348816,0,idle
1.4500000476837158,90.086669921875,0,idle
1.9299999475479126,90.25,0,idle
2.1600000858306885,86.17333221435547,0,idle
1.2400000095367432,85.83000946044922,0,idle
1.4299999475479126,90.23999786376953,0,idle
2.7799999713897705,0.009999999776482582,0,idle
2.5799999237060547,0.009999999776482582,0,idle
3.690000057220459,0.009999999776482582,1,mppt
1.0099999904632568,85.85333251953125,0,idle
2.430000066757202,0.009999999776482582,0,idle
2.7799999713897705,0.009999999776482582,0,idle
3.2799999713897705,0.029999999329447746,1,mppt
1.4500000476837158,0.03999999910593033,0,idle
0.800000011920929,90.2300033569336,0,idle
0.7300000190734863,90.2633285522461,0,idle
2.609999895095825,-0.9900000095367432,0,idle
1.1200000047683716,90.2699966430664,0,idle
2.140000104904175,0.009999999776482582,0,idle
1.2000000476837158,90.24332427978516,0,idle
1.4299999475479126,89.77999877929688,0,idle
1.4800000190734863,0.009999999776482582,0,idle
1.6699999570846558,89.7066650390625,0,idle
1.690000057220459,13.726666450500488,0,idle
0.9399999976158142,88.30333709716797,0,idle
1.440000057220459,90.31999969482422,0,idle
1.5299999713897705,90.50667572021484,0,idle
1.2599999904632568,83.87667083740234,0,idle
1.340000033378601,90.2933349609375,0,idle
1.7000000476837158,89.96332550048828,0,idle
1.2799999713897705,90.57999420166016,0,idle
1.100000023841858,90.33333587646484,0,idle
0.9900000095367432,90.1199951171875,0,idle
1.0499999523162842,90.50667572021484,0,idle
0.9200000166893005,87.88333129882812,0,idle
0.800000011920929,83.91666412353516,0,idle
1.5299999713897705,89.67333221435547,0,idle
1.5,89.96332550048828,0,idle
0.9599999785423279,89.6833267211914,0,idle
1.2899999618530273,90.52999877929688,0,idle
1.350000023841858,90.3166732788086,0,idle
1.2599999904632568,89.84000396728516,0,idle
1.2000000476837158,89.51666259765625,0,idle
1.1699999570846558,90.1199951171875,0,idle
0.44999998807907104,85.29000091552734,0,idle
1.0399999618530273,83.91666412353516,0,idle
1.2300000190734863,90.01666259765625,0,idle
0.9599999785423279,90.33333587646484,0,idle
0.9700000286102295,90.50667572021484,0,idle
0.6499999761581421,83.91000366210938,0,idle
0.8500000238418579,90.27667236328125,0,idle
1.0,89.79666900634766,0,idle
1.090000033378601,90.29999542236328,0,idle
0.7799999713897705,90.27667236328125,0,idle
0.5799999833106995,88.30333709716797,0,idle
0.8299999833106995,90.26333618164062,0,idle
0.5899999737739563,90.2933349609375,0,idle
0.699999988079071,90.19332885742188,0,idle
0.7400000095367432,90.086669921875,0,idle
0.6800000071525574,89.70333099365234,0,idle
1.1200000047683716,90.00666046142578,0,idle
0.7200000286102295,83.91000366210938,0,idle
1.559999942779541,89.67333221435547,0,idle
1.2599999904632568,90.24666595458984,0,idle
1.1200000047683716,90.32000732421875,0,idle
1.0399999618530273,87.88333129882812,0,idle
1.2400000095367432,85.7699966430664,0,idle
1.4500000476837158,90.28333282470703,0,idle
1.440000057220459,89.63333892822266,0,idle
1.6699999570846558,90.2933349609375,0,idle
1.600000023841858,90.57999420166016,0,idle
1.6299999952316284,90.24666595458984,0,idle
1.5800000429153442,90.28333282470703,0,idle
1.4900000095367432,90.1833267211914,0,idle
1.5099999904632568,90.26333618164062,0,idle
1.5800000429153442,89.65999603271484,0,idle
1.7400000095367432,90.30999755859375,0,idle
1.940000057220459,83.38333129882812,0,idle
1.75,90.2933349609375,0,idle
1.9299999475479126,89.6433334350586,0,idle
1.7300000190734863,90.24666595458984,0,idle
1.8899999856948853,89.84000396728516,0,idle
1.7899999618530273,90.01666259765625,0,idle
1.5299999713897705,90.78665924072266,0,idle
2.4700000286102295,30.73333168029785,0,idle
1.7000000476837158,90.36333465576172,0,idle
1.7699999809265137,90.30999755859375,0,idle
1.75,90.36333465576172,0,idle
1.7000000476837158,90.26333618164062,0,idle
1.659999966621399,89.8499984741211,0,idle
1.659999966621399,85.85333251953125,0,idle
1.8600000143051147,90.38665771484375,0,idle
1.75,90.27999877929688,0,idle
1.8200000524520874,85.42999267578125,0,idle
1.8200000524520874,90.2733383178711,0,idle
1.8799999952316284,90.33333587646484,0,idle
2.049999952316284,90.33333587646484,0,idle
1.809999942779541,90.25333404541016,0,idle
1.9800000190734863,90.24666595458984,0,idle
2.130000114440918,90.2933349609375,0,idle
2.240000009536743,90.31999969482422,0,idle
2.180000066757202,90.3466567993164,0,idle
1.909999966621399,90.24666595458984,0,idle
1.8600000143051147,88.45999908447266,0,idle
1.8200000524520874,90.26000213623047,0,idle
1.8200000524520874,86.02667236328125,0,idle
2.4100000858306885,36.00666427612305,0,idle
1.840000033378601,85.7699966430664,0,idle
1.7699999809265137,83.91000366210938,0,idle
1.75,90.2633285522461,0,idle
1.7200000286102295,90.26333618164062,0,idle
2.369999885559082,23.91666603088379,0,idle
2.5799999237060547,82.9766616821289,0,idle
2.3299999237060547,27.850000381469727,0,idle
1.4900000095367432,90.32000732421875,0,idle
1.5800000429153442,90.32000732421875,0,idle
1.600000023841858,90.36333465576172,0,idle
2.319999933242798,90.336669921875,0,idle
1.600000023841858,90.02666473388672,0,idle
1.75,90.26666259765625,0,idle
1.559999942779541,83.91666412353516,0,idle
2.2300000190734863,90.29000091552734,0,idle
1.590000033378601,89.6833267211914,0,idle
1.6699999570846558,90.20333099365234,0,idle
1.9900000095367432,89.586669921875,0,idle
1.8200000524520874,90.26666259765625,0,idle
1.690000057220459,89.98999786376953,0,idle
1.659999966621399,90.27999877929688,0,idle
2.0799999237060547,89.586669921875,0,idle
1.8899999856948853,90.28333282470703,0,idle
2.009999990463257,90.29999542236328,0,idle
1.7000000476837158,90.1833267211914,0,idle
1.7100000381469727,83.87667083740234,0,idle
1.6799999475479126,90.32666778564453,0,idle
2.109999895095825,0.009999999776482582,0,idle
1.3600000143051147,89.8499984741211,0,idle
1.8799999952316284,89.6833267211914,0,idle
1.5099999904632568,90.29999542236328,0,idle
1.590000033378601,90.32000732421875,0,idle
1.3600000143051147,89.62667083740234,0,idle
1.4299999475479126,85.7699966430664,0,idle
1.0700000524520874,90.2300033569336,0,idle
1.440000057220459,90.32666778564453,0,idle
1.6200000047683716,90.19000244140625,0,idle
1.159999966621399,90.00333404541016,0,idle
1.4700000286102295,90.2633285522461,0,idle
1.340000033378601,87.88333129882812,0,idle
1.600000023841858,90.31999969482422,0,idle
1.4199999570846558,90.25667572021484,0,idle
1.7300000190734863,90.2733383178711,0,idle
1.8200000524520874,85.8600082397461,0,idle
1.7000000476837158,88.01000213623047,0,idle
1.2899999618530273,90.0333251953125,0,idle
1.6299999952316284,90.38665771484375,0,idle
1.75,90.32666015625,0,idle
1.5199999809265137,90.36334228515625,0,idle
1.559999942779541,90.30999755859375,0,idle
1.25,85.85333251953125,0,idle
1.3700000047683716,90.33999633789062,0,idle
1.6699999570846558,90.19000244140625,0,idle
1.2400000095367432,90.2933349609375,0,idle
1.350000023841858,77.7933349609375,0,idle
1.3600000143051147,89.53665924072266,0,idle
1.350000023841858,90.00666046142578,0,idle
1.1799999475479126,83.91000366210938,0,idle
1.6299999952316284,89.586669921875,0,idle
1.5099999904632568,90.1199951171875,0,idle
1.8600000143051147,89.94000244140625,0,idle
1.7400000095367432,90.33333587646484,0,idle
1.5,85.02667236328125,0,idle
2.130000114440918,90.336669921875,0,idle
2.2100000381469727,90.34333038330078,0,idle
2.690000057220459,72.26000213623047,0,idle
2.0,90.30999755859375,0,idle
2.0199999809265137,90.2933349609375,0,idle
1.4800000190734863,90.00333404541016,0,idle
2.259999990463257,90.38665771484375,0,idle
2.4700000286102295,90.01666259765625,0,idle
2.630000114440918,89.77999877929688,0,idle
2.5399999618530273,88.10333251953125,0,idle
2.380000114440918,42.53333282470703,0,idle
2.059999942779541,85.7699966430664,0,idle
2.390000104904175,89.94000244140625,0,idle
2.259999990463257,26.41666603088379,0,idle
2.299999952316284,23.953332901000977,0,idle
2.049999952316284,8.430000305175781,0,idle
2.0799999237060547,63.00666809082031,0,idle
2.3299999237060547,41.82999801635742,0,idle
2.5799999237060547,28.26666831970215,0,idle
2.7799999713897705,78.98999786376953,0,idle
2.1700000762939453,90.3800048828125,0,idle
2.2300000190734863,0.009999999776482582,0,idle
2.490000009536743,0.009999999776482582,0,idle
2.3299999237060547,0.009999999776482582,0,idle
2.390000104904175,90.31999969482422,0,idle
2.5199999809265137,57.526668548583984,0,idle
2.7799999713897705,0.009999999776482582,0,idle
2.890000104904175,0.009999999776482582,0,idle
3.0,11.460000038146973,3,transition
2.25,40.67000198364258,0,idle
2.880000114440918,0.01666666567325592,0,idle
3.0199999809265137,0.01666666567325592,1,mppt
3.549999952316284,0.009999999776482582,1,mppt
2.75,0.026666665449738503,0,idle
2.700000047683716,0.019999999552965164,0,idle
3.3399999141693115,0.019999999552965164,1,mppt
4.170000076293945,0.019999999552965164,1,mppt
3.109999895095825,0.019999999552965164,1,mppt
3.5399999618530273,0.019999999552965164,1,mppt
3.259999990463257,0.019999999552965164,1,mppt
3.2699999809265137,0.019999999552965164,1,mppt
3.690000057220459,0.019999999552965164,1,mppt
3.609999895095825,0.019999999552965164,1,mppt
3.700000047683716,0.019999999552965164,1,mppt
3.4200000762939453,0.026666665449738503,1,mppt
3.059999942779541,0.029999999329447746,1,mppt
2.9200000762939453,0.026666665449738503,0,idle
4.0,0.023333333432674408,1,mppt
3.450000047683716,0.026666665449738503,1,mppt
3.7200000286102295,0.019999999552965164,1,mppt
4.570000171661377,1.0199999809265137,1,mppt
4.880000114440918,-1.4800000190734863,1,mppt
4.610000133514404,0.019999999552965164,1,mppt
2.759999990463257,0.02333333157002926,0,idle
4.059999942779541,-1.9733333587646484,1,mppt
3.509999990463257,0.009999999776482582,1,mppt
3.880000114440918,0.019999999552965164,1,mppt
4.449999809265137,0.029999999329447746,1,mppt
3.5299999713897705,0.019999999552965164,1,mppt
4.489999771118164,0.019999999552965164,1,mppt
3.450000047683716,0.029999999329447746,1,mppt
3.7799999713897705,0.026666665449738503,1,mppt
3.569999933242798,0.026666665449738503,1,mppt
3.9800000190734863,0.029999999329447746,1,mppt
2.9000000953674316,0.019999999552965164,0,idle
3.4700000286102295,90.3466567993164,3,transition
3.4100000858306885,0.02333333157002926,1,mppt
3.509999990463257,0.02333333157002926,1,mppt
3.509999990463257,0.019999999552965164,1,mppt
3.380000114440918,0.026666665449738503,1,mppt
4.630000114440918,0.019999999552965164,1,mppt
3.4700000286102295,0.029999999329447746,1,mppt
4.019999980926514,0.019999999552965164,1,mppt
4.130000114440918,0.023333333432674408,1,mppt
3.190000057220459,0.019999999552965164,1,mppt
2.9000000953674316,0.009999999776482582,0,idle
3.75,0.019999999552965164,1,mppt
2.940000057220459,0.019999999552965164,0,idle
3.2200000286102295,0.019999999552965164,1,mppt
3.299999952316284,0.019999999552965164,1,mppt
3.700000047683716,0.019999999552965164,1,mppt
3.5799999237060547,0.029999999329447746,1,mppt
3.140000104904175,0.029999999329447746,1,mppt
3.430000066757202,0.019999999552965164,1,mppt
3.130000114440918,0.019999999552965164,1,mppt
3.4600000381469727,0.019999999552965164,1,mppt
3.3399999141693115,0.019999999552965164,1,mppt
2.6600000858306885,0.019999999552965164,0,idle
4.570000171661377,0.03999999910593033,1,mppt
3.049999952316284,0.026666665449738503,1,mppt
3.069999933242798,0.02333333157002926,1,mppt
2.049999952316284,0.019999999552965164,0,idle
1.7400000095367432,0.02333333157002926,0,idle
3.950000047683716,0.03999999910593033,1,mppt
1.6699999570846558,0.029999999329447746,0,idle
1.5399999618530273,0.036666665226221085,0,idle
2.259999990463257,0.029999999329447746,0,idle
1.9299999475479126,-0.46000000834465027,0,idle
2.319999933242798,0.019999999552965164,0,idle
1.559999942779541,85.336669921875,0,idle
1.7000000476837158,0.029999999329447746,0,idle
1.6699999570846558,0.029999999329447746,0,idle
1.659999966621399,85.80001068115234,0,idle
3.799999952316284,0.019999999552965164,1,mppt
2.200000047683716,0.019999999552965164,0,idle
2.2699999809265137,0.019999999552965164,0,idle
1.4500000476837158,0.019999999552965164,0,idle
2.140000104904175,0.019999999552965164,0,idle
3.130000114440918,0.019999999552965164,1,mppt
1.7799999713897705,0.019999999552965164,0,idle
2.6700000762939453,0.019999999552965164,0,idle
1.0299999713897705,38.57999801635742,0,idle
2.200000047683716,0.019999999552965164,0,idle
2.240000009536743,0.026666665449738503,0,idle
2.259999990463257,0.019999999552965164,0,idle
2.4200000762939453,0.029999999329447746,0,idle
1.3799999952316284,90.31665802001953,0,idle
1.399999976158142,88.8499984741211,0,idle
4.710000038146973,0.04333333298563957,1,mppt
2.4200000762939453,0.029999999329447746,0,idle
3.259999990463257,0.03999999910593033,1,mppt
1.6100000143051147,90.32000732421875,0,idle
3.0399999618530273,-1.96999990940094,1,mppt
2.9600000381469727,0.03999999910593033,0,idle
2.7300000190734863,0.029999999329447746,0,idle
2.700000047683716,0.019999999552965164,0,idle
1.2999999523162842,90.336669921875,0,idle
2.4000000953674316,0.029999999329447746,0,idle
0.9100000262260437,89.94666290283203,0,idle
0.8899999856948853,85.86333465576172,0,idle
1.0099999904632568,90.0999984741211,0,idle
0.8999999761581421,89.94666290283203,0,idle
0.9399999976158142,89.67333221435547,0,idle
1.909999966621399,0.009999999776482582,0,idle
0.9100000262260437,89.9866714477539,0,idle
1.9199999570846558,0.019999999552965164,0,idle
1.1699999570846558,90.336669921875,0,idle
0.9100000262260437,85.7800064086914,0,idle
1.6799999475479126,90.23666381835938,0,idle
0.7799999713897705,90.25,0,idle
1.0099999904632568,89.92000579833984,0,idle
1.0099999904632568,90.24667358398438,0,idle
1.0099999904632568,90.37667083740234,0,idle
0.9700000286102295,89.94666290283203,0,idle
1.3700000047683716,32.71000289916992,0,idle
2.4600000381469727,90.31665802001953,0,idle
1.6299999952316284,0.476666659116745,0,idle
3.9800000190734863,0.03333333507180214,1,mppt
1.2000000476837158,90.336669921875,0,idle
1.309999942779541,90.25,0,idle
0.9599999785423279,90.25,0,idle
1.8700000047683716,87.86666107177734,0,idle
1.1100000143051147,90.1500015258789,0,idle
1.440000057220459,90.24667358398438,0,idle
1.2400000095367432,90.25333404541016,0,idle
1.3200000524520874,89.66666412353516,0,idle
1.0399999618530273,89.80999755859375,0,idle
1.3600000143051147,85.7800064086914,0,idle
1.5299999713897705,85.09667205810547,0,idle
1.3799999952316284,90.24667358398438,0,idle
1.9500000476837158,89.65332794189453,0,idle
1.1399999856948853,89.7733383178711,0,idle
0.6700000166893005,89.5233383178711,0,idle
1.0399999618530273,89.94666290283203,0,idle
1.0099999904632568,90.28333282470703,0,idle
0.5699999928474426,90.25667572021484,0,idle
1.159999966621399,90.25,0,idle
0.9700000286102295,90.28665924072266,0,idle
1.159999966621399,90.31665802001953,0,idle
0.5,90.05667114257812,0,idle
0.5,90.51666259765625,0,idle
1.0499999523162842,90.21334075927734,0,idle
0.6299999952316284,90.53665924072266,0,idle
1.2899999618530273,90.2933349609375,0,idle
0.44999998807907104,89.95333862304688,0,idle
1.340000033378601,89.70333862304688,0,idle
0.9200000166893005,90.23666381835938,0,idle
1.8300000429153442,90.28665924072266,0,idle
0.8799999952316284,89.9766616821289,0,idle
1.0700000524520874,89.66666412353516,0,idle
0.8999999761581421,83.91666412353516,0,idle
1.399999976158142,90.11333465576172,0,idle
1.4199999570846558,90.32000732421875,0,idle
0.9800000190734863,90.26000213623047,0,idle
1.5099999904632568,90.336669921875,0,idle
1.8200000524520874,83.72333526611328,0,idle
0.6299999952316284,90.19000244140625,0,idle
1.4900000095367432,89.836669921875,0,idle
1.2200000286102295,90.30001068115234,0,idle
1.8300000429153442,89.80999755859375,0,idle
1.7799999713897705,89.71666717529297,0,idle
1.5299999713897705,90.30001068115234,0,idle
2.319999933242798,90.336669921875,0,idle
2.069999933242798,90.30999755859375,0,idle
2.0999999046325684,89.55999755859375,0,idle
2.4000000953674316,90.26333618164062,0,idle
1.5499999523162842,89.70333862304688,0,idle
1.7699999809265137,90.24666595458984,0,idle
1.5,89.9866714477539,0,idle
1.659999966621399,90.0666732788086,0,idle
1.2000000476837158,90.25333404541016,0,idle
1.1699999570846558,90.23333740234375,0,idle
1.649999976158142,90.25667572021484,0,idle
1.6299999952316284,90.23999786376953,0,idle
1.5299999713897705,89.66666412353516,0,idle
1.4299999475479126,85.10333251953125,0,idle
1.4500000476837158,89.5566635131836,0,idle
1.440000057220459,90.2300033569336,0,idle
1.350000023841858,90.00332641601562,0,idle
1.090000033378601,89.836669921875,0,idle
1.3300000429153442,90.00332641601562,0,idle
1.1200000047683716,90.30333709716797,0,idle
1.0,90.36666107177734,0,idle
1.190000057220459,90.23333740234375,0,idle
1.2999999523162842,90.00332641601562,0,idle
1.0,90.2366714477539,0,idle
1.0199999809265137,90.25333404541016,0,idle
0.800000011920929,90.2733383178711,0,idle
1.0800000429153442,85.8600082397461,0,idle
1.159999966621399,90.11666870117188,0,idle
1.25,90.23999786376953,0,idle
0.949999988079071,90.05667114257812,0,idle
0.8500000238418579,90.17333984375,0,idle
0.9399999976158142,89.95333862304688,0,idle
0.9700000286102295,89.55999755859375,0,idle
1.159999966621399,90.25,0,idle
1.3899999856948853,89.9766616821289,0,idle
1.1299999952316284,90.00332641601562,0,idle
1.2899999618530273,90.30333709716797,0,idle
0.8500000238418579,90.51666259765625,0,idle
0.9800000190734863,90.23666381835938,0,idle
1.4800000190734863,90.2366714477539,0,idle
1.0099999904632568,90.30333709716797,0,idle
1.0499999523162842,83.8933334350586,0,idle
1.590000033378601,90.28333282470703,0,idle
0.6800000071525574,89.5566635131836,0,idle
1.840000033378601,90.0566635131836,0,idle
1.1200000047683716,90.27999877929688,0,idle
1.7400000095367432,90.2699966430664,0,idle
2.2300000190734863,89.66666412353516,0,idle
1.309999942779541,90.24666595458984,0,idle
1.6399999856948853,90.23999786376953,0,idle
2.130000114440918,89.61666107177734,0,idle
1.9199999570846558,85.4333267211914,0,idle
2.7100000381469727,89.7066650390625,0,idle
2.009999990463257,90.1399917602539,0,idle
2.7100000381469727,90.25667572021484,0,idle
1.7200000286102295,90.05999755859375,0,idle
1.909999966621399,89.54999542236328,0,idle
1.8899999856948853,89.71666717529297,0,idle
1.940000057220459,90.30001068115234,0,idle
1.6799999475479126,90.30999755859375,0,idle
1.940000057220459,89.95333862304688,0,idle
2.2899999618530273,90.09333038330078,0,idle
2.180000066757202,87.8933334350586,0,idle
2.1700000762939453,90.11666870117188,0,idle
1.600000023841858,90.32666778564453,0,idle
1.5099999904632568,90.3133316040039,0,idle
1.7999999523162842,89.95333862304688,0,idle
1.7300000190734863,90.25667572021484,0,idle
1.7999999523162842,85.1066665649414,0,idle
1.649999976158142,90.39334106445312,0,idle
1.7599999904632568,89.66666412353516,0,idle
1.3200000524520874,85.7800064086914,0,idle
1.4800000190734863,90.336669921875,0,idle
1.5,89.87667083740234,0,idle
1.5199999809265137,89.67333221435547,0,idle
1.659999966621399,89.9766616821289,0,idle
1.6399999856948853,90.33333587646484,0,idle
1.5199999809265137,90.2800064086914,0,idle
1.2100000381469727,90.19000244140625,0,idle
1.5800000429153442,90.25667572021484,0,idle
1.659999966621399,90.25333404541016,0,idle
1.909999966621399,89.71666717529297,0,idle
1.7300000190734863,90.32666778564453,0,idle
1.2899999618530273,90.39334106445312,0,idle
1.8300000429153442,90.2933349609375,0,idle
2.319999933242798,90.51666259765625,0,idle
1.4800000190734863,90.00667572021484,0,idle
2.009999990463257,90.03665924072266,0,idle
1.6399999856948853,90.0966567993164,0,idle
1.6699999570846558,90.28665924072266,0,idle
1.3700000047683716,90.3566665649414,0,idle
1.7699999809265137,90.29000091552734,0,idle
1.5700000524520874,90.23333740234375,0,idle
1.4600000381469727,87.8933334350586,0,idle
1.850000023841858,89.70333862304688,0,idle
1.7799999713897705,90.27999877929688,0,idle
1.5800000429153442,83.86333465576172,0,idle
1.659999966621399,90.27999877929688,0,idle
1.5099999904632568,90.02667236328125,0,idle
1.409999966621399,89.55999755859375,0,idle
1.2999999523162842,90.02667236328125,0,idle
1.4800000190734863,90.26333618164062,0,idle
1.5499999523162842,85.1066665649414,0,idle
1.5700000524520874,89.87000274658203,0,idle
1.3799999952316284,90.2300033569336,0,idle
1.25,89.67333221435547,0,idle
1.4500000476837158,90.27999877929688,0,idle
1.100000023841858,90.26333618164062,0,idle
1.2300000190734863,90.28667449951172,0,idle
1.2799999713897705,90.25667572021484,0,idle
1.3300000429153442,90.2933349609375,0,idle
1.3600000143051147,85.8600082397461,0,idle
1.5299999713897705,90.23333740234375,0,idle
1.1399999856948853,90.52667236328125,0,idle
1.190000057220459,90.02667236328125,0,idle
1.2599999904632568,90.30333709716797,0,idle
0.949999988079071,90.17333984375,0,idle
1.0700000524520874,83.413330078125,0,idle
0.6399999856948853,89.95333862304688,0,idle
0.6600000262260437,90.2933349609375,0,idle
0.4699999988079071,90.3133316040039,0,idle
0.3799999952316284,90.29000091552734,0,idle
0.6600000262260437,89.67999267578125,0,idle
0.25,90.27999877929688,0,idle
0.36000001430511475,89.48333740234375,0,idle
0.8299999833106995,90.24666595458984,0,idle
0.8700000047683716,90.30333709716797,0,idle
1.0099999904632568,90.39334106445312,0,idle
0.8799999952316284,90.25667572021484,0,idle
1.25,90.2266616821289,0,idle
1.5,89.90999603271484,0,idle
1.1799999475479126,90.21334075927734,0,idle
0.9399999976158142,89.66666412353516,0,idle
1.1399999856948853,89.7266616821289,0,idle
0.8700000047683716,90.26333618164062,0,idle
1.4299999475479126,90.336669921875,0,idle
1.2200000286102295,90.2933349609375,0,idle
1.4700000286102295,89.61666107177734,0,idle
1.1799999475479126,90.23333740234375,0,idle
1.2200000286102295,90.21334075927734,0,idle
0.7900000214576721,85.87332916259766,0,idle
1.5399999618530273,90.2266616821289,0,idle
1.100000023841858,90.52667236328125,0,idle
1.3899999856948853,90.30001068115234,2,pitch_control
1.1299999952316284,86.0333251953125,0,idle
1.3799999952316284,83.91666412353516,0,idle
1.5199999809265137,90.2933349609375,0,idle
1.7300000190734863,90.32666778564453,0,idle
1.840000033378601,89.66000366210938,0,idle
2.559999942779541,90.2699966430664,0,idle
1.850000023841858,89.67333221435547,0,idle
1.7300000190734863,90.26333618164062,0,idle
1.9299999475479126,90.11666870117188,0,idle
1.75,83.413330078125,0,idle
2.4000000953674316,36.80666732788086,0,idle
3.119999885559082,89.82666015625,3,transition
2.200000047683716,89.66666412353516,0,idle
2.0199999809265137,89.90666961669922,0,idle
2.5,90.25666046142578,0,idle
3.430000066757202,0.026666665449738503,1,mppt
2.7699999809265137,7.3000006675720215,0,idle
3.0,7.659999847412109,3,transition
2.75,0.029999999329447746,0,idle
3.869999885559082,0.019999999552965164,1,mppt
3.319999933242798,0.029999999329447746,1,mppt
2.9800000190734863,0.029999999329447746,0,idle
3.180000066757202,0.029999999329447746,1,mppt
3.5399999618530273,-1.9733333587646484,1,mppt
3.640000104904175,-1.8799999952316284,1,mppt
2.4800000190734863,0.029999999329447746,0,idle
3.569999933242798,0.019999999552965164,1,mppt
2.6700000762939453,0.03999999910593033,0,idle
3.049999952316284,0.019999999552965164,1,mppt
2.9200000762939453,0.019999999552965164,0,idle
3.5399999618530273,0.019999999552965164,1,mppt
3.180000066757202,0.029999999329447746,1,mppt
3.0399999618530273,0.03333333134651184,1,mppt
2.9200000762939453,0.019999999552965164,0,idle
3.0299999713897705,0.03333333134651184,1,mppt
3.049999952316284,0.02333333157002926,1,mppt
2.9700000286102295,0.019999999552965164,0,idle
3.0199999809265137,0.009999999776482582,1,mppt
3.7899999618530273,0.036666665226221085,1,mppt
3.0,0.04333333298563957,1,mppt
3.3399999141693115,0.03999999910593033,1,mppt
3.2699999809265137,0.019999999552965164,1,mppt
3.4600000381469727,0.009999999776482582,1,mppt
2.890000104904175,0.026666665449738503,0,idle
3.0799999237060547,0.030000001192092896,1,mppt
3.0999999046325684,0.023333333432674408,1,mppt
2.4700000286102295,0.029999999329447746,0,idle
3.190000057220459,-1.976666808128357,1,mppt
3.069999933242798,0.013333332724869251,1,mppt
2.619999885559082,0.026666665449738503,0,idle
3.359999895095825,0.026666665449738503,1,mppt
3.390000104904175,0.03333333507180214,1,mppt
4.21999979019165,1.0166666507720947,1,mppt
3.6700000762939453,0.029999999329447746,1,mppt
4.230000019073486,-1.649999976158142,1,mppt
3.369999885559082,0.029999999329447746,1,mppt
3.319999933242798,0.03333333134651184,1,mppt
3.609999895095825,-0.47999998927116394,1,mppt
3.059999942779541,0.03999999910593033,1,mppt
3.5399999618530273,0.03999999910593033,1,mppt
2.7300000190734863,0.030000001192092896,0,idle
3.3299999237060547,0.009999999776482582,1,mppt
3.8499999046325684,-0.4633333384990692,1,mppt
2.700000047683716,0.026666665449738503,0,idle
1.7799999713897705,0.023333333432674408,0,idle
1.6200000047683716,4.5333333015441895,0,idle
3.180000066757202,0.019999999552965164,1,mppt
2.7899999618530273,0.013333332724869251,0,idle
2.5999999046325684,0.036666665226221085,0,idle
2.4700000286102295,90.3466567993164,0,idle
1.9800000190734863,50.413330078125,0,idle
1.7599999904632568,0.019999999552965164,0,idle
2.430000066757202,0.02333333157002926,0,idle
2.4000000953674316,0.019999999552965164,0,idle
3.180000066757202,0.03999999910593033,1,mppt
3.1600000858306885,0.009999999776482582,1,mppt
2.5399999618530273,24.086668014526367,0,idle
2.4600000381469727,0.029999999329447746,0,idle
2.5799999237060547,0.026666665449738503,0,idle
2.75,0.019999999552965164,0,idle
2.4600000381469727,0.019999999552965164,0,idle
1.7699999809265137,0.019999999552965164,0,idle
2.690000057220459,0.019999999552965164,0,idle
2.299999952316284,0.03999999910593033,0,idle
2.4100000858306885,0.03333333507180214,0,idle
1.9500000476837158,0.029999999329447746,0,idle
2.299999952316284,0.029999999329447746,0,idle
2.5399999618530273,0.019999999552965164,0,idle
2.4700000286102295,0.013333332724869251,0,idle
2.2799999713897705,0.009999999776482582,0,idle
1.9900000095367432,0.5433333516120911,0,idle
1.940000057220459,0.02333333157002926,0,idle
2.440000057220459,0.03999999910593033,0,idle
2.319999933242798,0.02333333157002926,0,idle
2.200000047683716,0.026666665449738503,0,idle
1.600000023841858,0.013333332724869251,0,idle
1.840000033378601,0.019999999552965164,0,idle
1.5099999904632568,0.026666665449738503,0,idle
1.559999942779541,0.029999999329447746,0,idle
1.5399999618530273,90.3133316040039,0,idle
1.7000000476837158,0.019999997690320015,0,idle
1.690000057220459,0.019999999552965164,0,idle
1.7000000476837158,-0.6233333349227905,0,idle
1.559999942779541,90.3066635131836,0,idle
1.2000000476837158,81.67999267578125,0,idle
1.309999942779541,89.62332916259766,0,idle
1.2599999904632568,89.62667083740234,0,idle
1.309999942779541,90.33333587646484,0,idle
1.1799999475479126,83.90666961669922,0,idle
1.1799999475479126,13.003334045410156,0,idle
1.5700000524520874,89.48999786376953,0,idle
1.2799999713897705,83.73999786376953,0,idle
1.4199999570846558,90.1100082397461,0,idle
1.4500000476837158,89.8699951171875,0,idle
1.4500000476837158,90.23666381835938,0,idle
1.7000000476837158,0.009999999776482582,0,idle
1.2000000476837158,90.23999786376953,0,idle
1.909999966621399,90.33333587646484,0,idle
1.8799999952316284,90.29000091552734,0,idle
3.140000104904175,85.8933334350586,3,transition
1.7300000190734863,89.92000579833984,0,idle
1.2300000190734863,90.23999786376953,0,idle
1.2000000476837158,90.77666473388672,0,idle
1.9199999570846558,90.25333404541016,0,idle
1.8700000047683716,90.1199951171875,0,idle
1.8700000047683716,83.40332794189453,0,idle
1.7799999713897705,0.009999999776482582,0,idle
1.6399999856948853,90.29666137695312,0,idle
1.2999999523162842,90.0333251953125,0,idle
1.7599999904632568,90.29000091552734,0,idle
1.809999942779541,90.28665924072266,0,idle
2.3299999237060547,90.29666900634766,0,idle
1.600000023841858,90.25333404541016,0,idle
0.7900000214576721,90.25,0,idle
1.3600000143051147,90.25333404541016,0,idle
1.1699999570846558,88.37667083740234,0,idle
1.2899999618530273,85.31666564941406,0,idle
1.6399999856948853,85.42666625976562,0,idle
2.9100000858306885,0.01666666567325592,0,idle
1.590000033378601,90.22332763671875,0,idle
1.4600000381469727,85.86666870117188,0,idle
1.4199999570846558,85.79999542236328,0,idle
1.7000000476837158,90.59333038330078,0,idle
1.9600000381469727,85.42666625976562,0,idle
2.380000114440918,0.009999999776482582,0,idle
1.2000000476837158,90.27999877929688,0,idle
1.6299999952316284,90.59333038330078,0,idle
1.659999966621399,89.57000732421875,0,idle
1.0199999809265137,90.22000122070312,0,idle
1.0299999713897705,90.27999877929688,0,idle
1.2400000095367432,90.00667572021484,0,idle
1.5499999523162842,90.28665924072266,0,idle
0.8999999761581421,85.79999542236328,0,idle
1.690000057220459,90.29000091552734,0,idle
1.649999976158142,89.95333099365234,0,idle
1.659999966621399,90.55333709716797,0,idle
1.4700000286102295,0.009999999776482582,0,idle
0.8100000023841858,89.64666748046875,0,idle
1.190000057220459,90.3800048828125,0,idle
1.309999942779541,89.8600082397461,0,idle
1.5199999809265137,90.2699966430664,0,idle
1.2000000476837158,0.019999999552965164,0,idle
0.8899999856948853,90.21666717529297,0,idle
1.2400000095367432,90.3133316040039,0,idle
1.5299999713897705,0.01666666567325592,0,idle
0.8500000238418579,83.88666534423828,0,idle
1.100000023841858,89.8166732788086,0,idle
1.0,90.1100082397461,0,idle
1.2200000286102295,90.20333099365234,0,idle
1.2000000476837158,89.62999725341797,0,idle
1.4600000381469727,90.2266616821289,0,idle
1.5,90.55333709716797,0,idle
1.6299999952316284,89.92333984375,0,idle
1.3700000047683716,90.38333129882812,0,idle
1.4600000381469727,90.30333709716797,0,idle
1.2699999809265137,89.62999725341797,0,idle
1.600000023841858,89.95333099365234,0,idle
1.2799999713897705,90.30999755859375,0,idle
1.5800000429153442,90.20999908447266,0,idle
1.4800000190734863,90.2699966430664,0,idle
1.399999976158142,90.30333709716797,0,idle
1.3600000143051147,90.22667694091797,0,idle
1.25,90.30999755859375,0,idle
1.3600000143051147,90.32000732421875,0,idle
1.4299999475479126,85.836669921875,0,idle
1.600000023841858,90.35333251953125,0,idle
1.149999976158142,89.87332916259766,0,idle
1.1799999475479126,90.28665924072266,0,idle
1.5499999523162842,90.03333282470703,0,idle
1.4900000095367432,89.67000579833984,0,idle
1.2599999904632568,85.79999542236328,0,idle
1.350000023841858,90.36666870117188,0,idle
1.2799999713897705,90.28665924072266,0,idle
1.309999942779541,90.29000091552734,0,idle
1.2400000095367432,90.33333587646484,0,idle
1.2699999809265137,90.03333282470703,0,idle
1.1399999856948853,86.0333251953125,0,idle
1.3200000524520874,89.9766616821289,0,idle
1.100000023841858,90.25666046142578,0,idle
1.2899999618530273,90.30333709716797,0,idle
1.2300000190734863,89.71666717529297,0,idle
1.1799999475479126,85.86666870117188,0,idle
1.3600000143051147,83.90666961669922,0,idle
1.2899999618530273,90.29666137695312,0,idle
1.1799999475479126,90.29000091552734,0,idle
1.090000033378601,90.2699966430664,0,idle
1.2200000286102295,90.2266616821289,0,idle
1.309999942779541,85.86666870117188,0,idle
1.2799999713897705,90.59333038330078,0,idle
1.2999999523162842,89.57000732421875,0,idle
1.2799999713897705,89.8166732788086,0,idle
1.2799999713897705,90.2066650390625,0,idle
1.2699999809265137,89.62999725341797,0,idle
1.2400000095367432,90.22332763671875,0,idle
1.3600000143051147,90.30333709716797,0,idle
1.409999966621399,90.0333251953125,0,idle
1.090000033378601,85.86666870117188,0,idle
1.159999966621399,90.29666137695312,0,idle
1.4600000381469727,90.30667114257812,0,idle
1.440000057220459,87.8699951171875,0,idle
1.3200000524520874,90.30667114257812,0,idle
1.2999999523162842,87.89666748046875,0,idle
1.2799999713897705,90.3800048828125,0,idle
1.4800000190734863,90.00667572021484,0,idle
1.4600000381469727,90.30667114257812,0,idle
1.2899999618530273,90.07000732421875,0,idle
1.4900000095367432,90.3566665649414,0,idle
1.690000057220459,90.3133316040039,0,idle
1.7200000286102295,89.67666625976562,0,idle
1.7000000476837158,89.95333099365234,0,idle
1.3799999952316284,90.1100082397461,0,idle
1.399999976158142,89.89000701904297,0,idle
2.0899999141693115,89.82333374023438,0,idle
1.100000023841858,89.98333740234375,0,idle
1.7300000190734863,90.02999877929688,0,idle
1.1299999952316284,90.3066635131836,0,idle
1.7200000286102295,90.25666046142578,0,idle
1.059999942779541,90.1066665649414,0,idle
1.309999942779541,90.27667236328125,0,idle
1.0800000429153442,90.0233383178711,0,idle
0.9200000166893005,89.87332916259766,0,idle
1.340000033378601,90.38333129882812,0,idle
1.9199999570846558,90.1866683959961,0,idle
1.2300000190734863,90.25,0,idle
1.1299999952316284,89.98333740234375,0,idle
1.7100000381469727,90.25666046142578,0,idle
1.2699999809265137,90.31999969482422,0,idle
1.2100000381469727,89.62667083740234,0,idle
1.4500000476837158,90.3566665649414,0,idle
1.159999966621399,83.8499984741211,0,idle
1.3799999952316284,90.163330078125,0,idle
1.25,90.22332763671875,0,idle
1.2799999713897705,90.3133316040039,0,idle
1.809999942779541,89.90666961669922,0,idle
1.1799999475479126,89.7066650390625,0,idle
1.3200000524520874,89.9766616821289,0,idle
1.25,90.24332427978516,0,idle
1.4299999475479126,89.95333099365234,0,idle
1.2899999618530273,90.1866683959961,0,idle
1.399999976158142,90.22332763671875,0,idle
1.149999976158142,90.25666046142578,0,idle
1.7899999618530273,90.25333404541016,0,idle
1.850000023841858,90.3066635131836,0,idle
1.4700000286102295,90.30667114257812,0,idle
2.2300000190734863,90.25333404541016,0,idle
1.2699999809265137,90.30333709716797,0,idle
1.850000023841858,89.51333618164062,0,idle
1.6100000143051147,85.42666625976562,0,idle
1.5499999523162842,90.33333587646484,0,idle
1.690000057220459,90.22332763671875,0,idle
1.590000033378601,90.29666137695312,0,idle
1.4800000190734863,90.29000091552734,0,idle
1.4900000095367432,83.8499984741211,0,idle
1.7699999809265137,89.6500015258789,0,idle
1.399999976158142,89.92000579833984,0,idle
1.3899999856948853,90.31999969482422,0,idle
1.4600000381469727,89.9766616821289,0,idle
1.3200000524520874,89.89000701904297,0,idle
1.5700000524520874,89.92000579833984,0,idle
1.8600000143051147,90.03665924072266,0,idle
1.9299999475479126,90.32000732421875,0,idle
1.350000023841858,83.72000122070312,0,idle
2.0999999046325684,90.36333465576172,0,idle
1.9800000190734863,89.6500015258789,0,idle
1.9299999475479126,90.28665924072266,0,idle
1.7300000190734863,90.22332763671875,0,idle
2.4700000286102295,90.3800048828125,0,idle
1.5,90.29666137695312,0,idle
1.7899999618530273,90.29999542236328,0,idle
3.319999933242798,0.009999999776482582,1,mppt
1.559999942779541,90.1199951171875,0,idle
1.5099999904632568,88.10333251953125,0,idle
1.6200000047683716,86.0233383178711,0,idle
1.899999976158142,85.97333526611328,0,idle
1.4800000190734863,90.1199951171875,0,idle
1.559999942779541,90.55001068115234,0,idle
1.2899999618530273,83.40332794189453,0,idle
1.7899999618530273,90.36666870117188,0,idle
1.2000000476837158,86.0233383178711,0,idle
2.9800000190734863,82.85000610351562,0,idle
1.809999942779541,89.6500015258789,0,idle
2.069999933242798,90.1100082397461,0,idle
1.649999976158142,85.85999298095703,0,idle
3.2799999713897705,32.02666473388672,3,transition
3.4200000762939453,0.009999999776482582,1,mppt
2.049999952316284,88.9466781616211,0,idle
2.0299999713897705,0.009999999776482582,0,idle
2.069999933242798,89.57999420166016,0,idle
2.180000066757202,90.03665924072266,0,idle
3.0999999046325684,0.009999999776482582,1,mppt
1.8700000047683716,90.29666137695312,0,idle
2.0899999141693115,90.1199951171875,0,idle
2.309999942779541,89.57000732421875,0,idle
2.25,83.79000091552734,0,idle
2.130000114440918,90.1866683959961,0,idle
1.9500000476837158,89.98333740234375,0,idle
2.130000114440918,24.876665115356445,0,idle
3.3299999237060547,0.009999999776482582,1,mppt
2.240000009536743,90.30667114257812,0,idle
1.840000033378601,90.30999755859375,0,idle
3.309999942779541,0.009999999776482582,1,mppt
2.3399999141693115,88.37667083740234,0,idle
2.119999885559082,86.01667022705078,0,idle
2.1600000858306885,90.12332916259766,0,idle
2.190000057220459,10.930000305175781,0,idle
2.5,47.633331298828125,0,idle
2.5299999713897705,43.69000244140625,0,idle
2.8299999237060547,90.02667236328125,0,idle
2.859999895095825,0.009999999776482582,0,idle
2.619999885559082,58.276668548583984,0,idle
2.799999952316284,0.009999999776482582,0,idle
3.130000114440918,1.0099999904632568,1,mppt
3.1500000953674316,0.009999999776482582,1,mppt
3.0899999141693115,6.953333377838135,3,transition
2.240000009536743,31.079999923706055,2,pitch_control
3.390000104904175,0.026666665449738503,1,mppt
2.549999952316284,33.81999969482422,0,idle
2.9800000190734863,0.036666665226221085,0,idle
3.5299999713897705,0.009999999776482582,1,mppt
4.849999904632568,0.009999999776482582,1,mppt
4.5,2.7100000381469727,3,transition
4.28000020980835,0.7799999713897705,1,mppt
4.079999923706055,1.350000023841858,1,mppt
4.389999866485596,75.16999053955078,3,transition
4.230000019073486,2.8399999141693115,3,transition
4.389999866485596,3.9800002574920654,3,transition
4.389999866485596,1.7999998331069946,1,mppt
4.579999923706055,3.0899999141693115,3,transition
4.110000133514404,1.6100000143051147,1,mppt
4.0,2.069999933242798,3,transition
4.079999923706055,3.259999990463257,3,transition
4.5,90.29999542236328,3,transition
4.159999847412109,1.340000033378601,1,mppt
4.78000020980835,1.3700000047683716,1,mppt
4.489999771118164,1.850000023841858,1,mppt
3.940000057220459,0.46000000834465027,1,mppt
3.7799999713897705,1.5,1,mppt
4.46999979019165,0.009999999776482582,1,mppt
4.070000171661377,0.009999999776482582,1,mppt
3.5,0.009999999776482582,1,mppt
3.7100000381469727,0.019999999552965164,1,mppt
4.03000020980835,0.009999999776482582,1,mppt
4.53000020980835,0.026666665449738503,1,mppt
4.190000057220459,0.009999999776482582,1,mppt
4.059999942779541,0.009999999776482582,1,mppt
3.8499999046325684,0.019999999552965164,1,mppt
4.570000171661377,0.009999999776482582,1,mppt
4.0,0.009999999776482582,1,mppt
3.200000047683716,0.009999999776482582,1,mppt
4.349999904632568,0.019999999552965164,1,mppt
3.390000104904175,0.009999999776482582,1,mppt
3.690000057220459,0.009999999776482582,1,mppt
3.609999895095825,0.009999999776482582,1,mppt
3.569999933242798,0.009999999776482582,1,mppt
4.0,0.026666665449738503,1,mppt
3.7300000190734863,0.009999999776482582,1,mppt
4.179999828338623,0.026666665449738503,1,mppt
3.25,0.009999999776482582,1,mppt
4.239999771118164,0.019999999552965164,1,mppt
3.119999885559082,0.009999999776482582,1,mppt
3.8499999046325684,0.009999999776482582,1,mppt
3.180000066757202,0.009999999776482582,1,mppt
3.609999895095825,0.009999999776482582,1,mppt
4.130000114440918,0.013333332724869251,1,mppt
2.809999942779541,0.009999999776482582,0,idle
3.630000114440918,0.019999999552965164,1,mppt
3.0,0.009999999776482582,1,mppt
3.4700000286102295,0.009999999776482582,1,mppt
3.3499999046325684,0.009999999776482582,1,mppt
4.550000190734863,0.009999999776482582,1,mppt
2.549999952316284,0.019999999552965164,0,idle
3.5899999141693115,0.009999999776482582,1,mppt
2.509999990463257,0.029999999329447746,0,idle
4.230000019073486,0.019999999552965164,1,mppt
2.509999990463257,0.019999999552965164,0,idle
2.880000114440918,0.009999999776482582,0,idle
2.559999942779541,0.009999999776482582,0,idle
2.7899999618530273,0.019999999552965164,0,idle
3.7699999809265137,0.009999999776482582,1,mppt
3.180000066757202,0.026666665449738503,1,mppt
2.809999942779541,0.013333332724869251,0,idle
3.440000057220459,0.009999999776482582,1,mppt
3.180000066757202,0.009999999776482582,1,mppt
3.2899999618530273,0.026666665449738503,1,mppt
4.079999923706055,0.019999999552965164,1,mppt
3.549999952316284,0.019999999552965164,1,mppt
3.3499999046325684,-0.49000000953674316,1,mppt
3.5999999046325684,0.013333332724869251,1,mppt
3.619999885559082,0.009999999776482582,1,mppt
2.809999942779541,0.019999999552965164,0,idle
3.180000066757202,0.019999999552965164,1,mppt
2.75,0.03333333507180214,0,idle
3.259999990463257,0.029999999329447746,1,mppt
3.109999895095825,0.009999999776482582,1,mppt
3.3399999141693115,-1.9900001287460327,1,mppt
3.1700000762939453,0.009999999776482582,1,mppt
2.7899999618530273,0.036666665226221085,0,idle
2.690000057220459,0.036666665226221085,0,idle
2.200000047683716,0.019999997690320015,0,idle
2.0299999713897705,0.013333332724869251,0,idle
2.5399999618530273,0.009999999776482582,0,idle
2.740000009536743,0.019999999552965164,0,idle
2.4200000762939453,0.036666665226221085,0,idle
2.2799999713897705,0.009999999776482582,0,idle
1.940000057220459,0.03333333507180214,0,idle
2.809999942779541,0.009999999776482582,0,idle
3.7799999713897705,0.009999999776482582,1,mppt
1.6200000047683716,86.01666259765625,0,idle
1.5800000429153442,0.03333333134651184,0,idle
1.690000057220459,0.029999999329447746,0,idle
1.7599999904632568,0.019999999552965164,0,idle
1.4500000476837158,0.019999999552965164,0,idle
1.3799999952316284,90.2933349609375,0,idle
1.0800000429153442,55.89332962036133,0,idle
1.3600000143051147,90.31999969482422,0,idle
1.190000057220459,90.3133316040039,0,idle
1.190000057220459,90.22332763671875,0,idle
1.0199999809265137,86.13333129882812,0,idle
1.2000000476837158,90.24333953857422,0,idle
1.2400000095367432,86.13333129882812,0,idle
1.6699999570846558,0.009999999776482582,0,idle
1.190000057220459,90.24333953857422,0,idle
2.009999990463257,90.3066635131836,0,idle
1.2999999523162842,90.28667449951172,0,idle
2.069999933242798,90.23333740234375,0,idle
1.9199999570846558,90.3066635131836,0,idle
2.2100000381469727,90.336669921875,0,idle
1.6699999570846558,90.10333251953125,0,idle
1.4700000286102295,90.24333953857422,0,idle
1.809999942779541,90.22332763671875,0,idle
2.0199999809265137,0.5099999904632568,0,idle
3.380000114440918,89.61333465576172,3,transition
2.619999885559082,90.18000030517578,0,idle
2.5799999237060547,82.53667449951172,0,idle
2.6600000858306885,28.329999923706055,0,idle
2.690000057220459,83.7300033569336,0,idle
2.5799999237060547,29.476667404174805,0,idle
2.3299999237060547,86.3800048828125,0,idle
1.8799999952316284,0.009999999776482582,0,idle
2.640000104904175,0.5600000023841858,0,idle
2.180000066757202,90.30999755859375,0,idle
2.180000066757202,0.013333332724869251,0,idle
2.690000057220459,0.009999999776482582,0,idle
2.1500000953674316,90.75332641601562,0,idle
2.7200000286102295,0.009999999776482582,0,idle
2.8299999237060547,0.009999999776482582,0,idle
3.2799999713897705,0.009999999776482582,1,mppt
4.099999904632568,0.009999999776482582,1,mppt
2.4600000381469727,90.0233383178711,0,idle
1.4900000095367432,0.009999999776482582,0,idle
3.3299999237060547,0.009999999776482582,1,mppt
3.450000047683716,0.019999999552965164,1,mppt
3.869999885559082,0.009999999776482582,1,mppt
3.200000047683716,0.009999999776482582,1,mppt
2.2200000286102295,0.009999999776482582,0,idle
2.299999952316284,0.009999999776482582,0,idle
1.9800000190734863,90.3066635131836,0,idle
3.2699999809265137,0.009999999776482582,1,mppt
1.940000057220459,90.34000396728516,0,idle
3.5299999713897705,0.009999999776482582,1,mppt
2.4200000762939453,0.009999999776482582,0,idle
3.0299999713897705,0.009999999776482582,1,mppt
3.0,0.009999999776482582,1,mppt
2.430000066757202,0.009999999776482582,0,idle
1.4199999570846558,84.4766616821289,0,idle
1.6100000143051147,90.29666137695312,0,idle
1.7699999809265137,0.009999999776482582,0,idle
2.7100000381469727,0.01666666567325592,0,idle
2.6500000953674316,0.026666665449738503,0,idle
2.9000000953674316,0.029999999329447746,0,idle
2.009999990463257,0.009999999776482582,0,idle
1.3700000047683716,90.16666412353516,0,idle
1.4900000095367432,85.46334075927734,0,idle
1.1799999475479126,66.77667236328125,0,idle
2.140000104904175,0.009999999776482582,0,idle
2.240000009536743,0.009999999776482582,0,idle
2.7699999809265137,0.009999999776482582,0,idle
2.2300000190734863,0.009999999776482582,0,idle
1.3799999952316284,77.99333190917969,0,idle
2.119999885559082,90.3499984741211,0,idle
2.369999885559082,0.009999999776482582,0,idle
1.8200000524520874,90.3566665649414,0,idle
1.4800000190734863,89.79999542236328,0,idle
1.4700000286102295,89.8566665649414,0,idle
1.5499999523162842,90.0233383178711,0,idle
1.4600000381469727,0.009999999776482582,0,idle
1.8899999856948853,90.29000091552734,0,idle
1.8300000429153442,0.009999999776482582,0,idle
1.6200000047683716,90.2633285522461,0,idle
1.6299999952316284,90.3066635131836,0,idle
1.6699999570846558,89.67333984375,0,idle
2.4800000190734863,0.029999999329447746,0,idle
1.8799999952316284,0.009999999776482582,0,idle
2.130000114440918,0.009999999776482582,0,idle
1.8200000524520874,90.25667572021484,0,idle
1.7100000381469727,90.0133285522461,0,idle
1.7599999904632568,90.0133285522461,0,idle
2.930000066757202,0.019999999552965164,0,idle
2.4200000762939453,0.009999999776482582,0,idle
1.8700000047683716,89.8566665649414,0,idle
2.299999952316284,78.0133285522461,0,idle
1.600000023841858,90.3566665649414,0,idle
1.75,90.24333953857422,0,idle
2.869999885559082,0.009999999776482582,0,idle
2.259999990463257,0.009999999776482582,0,idle
3.119999885559082,0.01666666567325592,1,mppt
1.9700000286102295,0.009999999776482582,0,idle
2.3499999046325684,89.66666412353516,0,idle
2.009999990463257,90.37667083740234,0,idle
1.8300000429153442,89.67333221435547,0,idle
1.6200000047683716,83.88666534423828,0,idle
1.840000033378601,90.0133285522461,0,idle
1.9900000095367432,90.30667114257812,0,idle
2.7699999809265137,0.026666665449738503,0,idle
1.8799999952316284,83.90332794189453,0,idle
1.7599999904632568,83.90666961669922,0,idle
2.049999952316284,90.27666473388672,0,idle
2.0799999237060547,89.9766616821289,0,idle
1.9700000286102295,90.01000213623047,0,idle
1.8300000429153442,89.79999542236328,0,idle
1.850000023841858,90.2300033569336,0,idle
1.8300000429153442,90.30667114257812,0,idle
1.7799999713897705,90.24332427978516,0,idle
1.9500000476837158,90.2733383178711,0,idle
2.1700000762939453,90.24666595458984,0,idle
1.9600000381469727,0.009999999776482582,0,idle
2.009999990463257,88.31665802001953,0,idle
3.380000114440918,0.009999999776482582,1,mppt
2.549999952316284,90.34333038330078,0,idle
2.5299999713897705,90.0233383178711,0,idle
2.1600000858306885,90.1933364868164,0,idle
2.1700000762939453,90.28665924072266,0,idle
2.3499999046325684,90.1066665649414,0,idle
1.809999942779541,90.27999877929688,0,idle
1.8600000143051147,89.97333526611328,0,idle
1.7699999809265137,90.2699966430664,0,idle
1.5800000429153442,90.2300033569336,0,idle
1.7699999809265137,90.32333374023438,0,idle
1.5199999809265137,90.2733383178711,0,idle
1.2799999713897705,90.00667572021484,0,idle
1.1799999475479126,89.67333984375,0,idle
1.6100000143051147,90.33333587646484,0,idle
1.4299999475479126,0.009999999776482582,0,idle
1.3200000524520874,85.30999755859375,0,idle
1.8600000143051147,0.01666666567325592,0,idle
1.440000057220459,90.28665924072266,0,idle
1.350000023841858,85.79999542236328,0,idle
1.590000033378601,90.32332611083984,0,idle
1.5299999713897705,90.1300048828125,0,idle
1.4299999475479126,89.99333953857422,0,idle
1.350000023841858,90.27999877929688,0,idle
1.350000023841858,90.29666900634766,0,idle
1.6100000143051147,90.2933349609375,0,idle
1.059999942779541,0.009999999776482582,0,idle
1.4299999475479126,90.36333465576172,0,idle
1.5399999618530273,90.22000122070312,0,idle
1.2999999523162842,89.8566665649414,0,idle
1.2699999809265137,38.15333557128906,0,idle
1.7300000190734863,90.3166732788086,0,idle
1.6699999570846558,90.26000213623047,0,idle
1.600000023841858,90.2933349609375,0,idle
1.4900000095367432,87.83333587646484,0,idle
1.8899999856948853,90.0333251953125,0,idle
1.8200000524520874,89.79999542236328,0,idle
1.2799999713897705,89.95333099365234,0,idle
1.8600000143051147,85.8566665649414,0,idle
1.809999942779541,0.019999999552965164,0,idle
2.0299999713897705,90.2733383178711,0,idle
2.180000066757202,90.1933364868164,0,idle
2.240000009536743,90.1066665649414,0,idle
1.5199999809265137,90.3899917602539,0,idle
2.380000114440918,90.0233383178711,0,idle
1.5700000524520874,90.12667083740234,0,idle
2.369999885559082,89.94000244140625,0,idle
1.840000033378601,90.33999633789062,0,idle
2.190000057220459,90.1933364868164,0,idle
1.840000033378601,90.1300048828125,0,idle
1.8799999952316284,90.20999908447266,0,idle
2.2100000381469727,89.62999725341797,0,idle
1.75,90.48333740234375,0,idle
1.909999966621399,90.29666900634766,0,idle
1.4500000476837158,89.9800033569336,0,idle
2.3299999237060547,90.28665924072266,0,idle
2.440000057220459,90.3066635131836,0,idle
1.5399999618530273,90.30667114257812,0,idle
1.6799999475479126,90.33333587646484,0,idle
1.559999942779541,90.24666595458984,0,idle
1.9900000095367432,90.34667205810547,0,idle
1.6200000047683716,90.75332641601562,0,idle
1.399999976158142,90.2933349609375,0,idle
1.7799999713897705,89.66666412353516,0,idle
1.4700000286102295,90.3066635131836,0,idle
1.2300000190734863,85.30999755859375,0,idle
1.4800000190734863,90.1300048828125,0,idle
1.649999976158142,90.23999786376953,0,idle
1.590000033378601,85.30999755859375,0,idle
1.8700000047683716,90.29999542236328,0,idle
1.809999942779541,90.12332916259766,0,idle
1.6399999856948853,89.54999542236328,0,idle
1.2999999523162842,90.25333404541016,0,idle
1.600000023841858,90.2266616821289,0,idle
1.159999966621399,90.2300033569336,0,idle
1.2000000476837158,83.39666748046875,0,idle
1.6299999952316284,89.99333953857422,0,idle
1.7599999904632568,90.29666900634766,0,idle
1.649999976158142,89.67333984375,0,idle
1.4600000381469727,90.3166732788086,0,idle
1.3700000047683716,90.25666046142578,0,idle
0.9800000190734863,89.5999984741211,0,idle
1.2599999904632568,90.33999633789062,0,idle
1.3899999856948853,86.0966567993164,0,idle
0.9700000286102295,90.26000213623047,0,idle
1.0800000429153442,90.2300033569336,0,idle
1.409999966621399,88.07666015625,0,idle
1.4700000286102295,85.85999298095703,0,idle
1.3600000143051147,89.65332794189453,0,idle
1.659999966621399,90.23999786376953,0,idle
1.7699999809265137,90.34333038330078,0,idle
1.75,90.28665924072266,0,idle
1.4199999570846558,85.8600082397461,0,idle
1.7000000476837158,90.28333282470703,0,idle
1.690000057220459,89.62999725341797,0,idle
2.380000114440918,90.32666015625,0,idle
1.5199999809265137,87.83333587646484,0,idle
1.4299999475479126,89.5133285522461,0,idle
1.6399999856948853,90.17666625976562,0,idle
1.8300000429153442,90.31999969482422,0,idle
1.5499999523162842,90.30667114257812,0,idle
1.6399999856948853,85.16666412353516,0,idle
1.6200000047683716,90.2266616821289,0,idle
2.2100000381469727,89.5133285522461,0,idle
1.9199999570846558,90.2933349609375,0,idle
1.8799999952316284,90.12667083740234,0,idle
1.3200000524520874,90.2699966430664,0,idle
2.009999990463257,90.28665924072266,0,idle
1.590000033378601,89.8466567993164,0,idle
1.3899999856948853,90.2266616821289,0,idle
1.4500000476837158,90.34000396728516,0,idle
1.7000000476837158,90.2266616821289,0,idle
1.9500000476837158,89.79999542236328,0,idle
1.590000033378601,83.90333557128906,0,idle
2.380000114440918,90.32666778564453,0,idle
2.5999999046325684,90.0233383178711,0,idle
2.380000114440918,89.38333129882812,0,idle
3.1600000858306885,0.009999999776482582,1,mppt
3.2699999809265137,69.5133285522461,3,transition
4.039999961853027,0.009999999776482582,1,mppt
2.3299999237060547,87.94666290283203,0,idle
2.859999895095825,1.1699999570846558,0,idle
2.1500000953674316,90.20999908447266,0,idle
3.0,15.66333293914795,3,transition
2.690000057220459,90.27666473388672,0,idle
2.0,13.520000457763672,0,idle
2.640000104904175,84.0133285522461,0,idle
2.859999895095825,0.009999999776482582,0,idle
3.259999990463257,0.009999999776482582,1,mppt
3.5,0.9399999976158142,1,mppt
3.009999990463257,0.009999999776482582,1,mppt
2.2200000286102295,19.633333206176758,0,idle
3.5899999141693115,0.009999999776482582,1,mppt
2.2799999713897705,52.15666580200195,0,idle
2.809999942779541,0.009999999776482582,0,idle
2.690000057220459,0.009999999776482582,0,idle
3.140000104904175,15.686665534973145,3,transition
2.509999990463257,83.94666290283203,0,idle
3.5399999618530273,0.009999999776482582,1,mppt
2.049999952316284,0.019999999552965164,0,idle
2.700000047683716,0.009999999776482582,0,idle
3.059999942779541,0.009999999776482582,1,mppt
3.4200000762939453,0.009999999776482582,1,mppt
3.1500000953674316,0.009999999776482582,1,mppt
2.9200000762939453,0.019999999552965164,0,idle
2.7899999618530273,0.019999999552965164,0,idle
2.759999990463257,0.6000000238418579,0,idle
2.869999885559082,0.009999999776482582,0,idle
3.0899999141693115,0.009999999776482582,1,mppt
3.319999933242798,0.009999999776482582,1,mppt
3.130000114440918,0.019999997690320015,1,mppt
3.069999933242798,0.009999999776482582,1,mppt
3.3299999237060547,0.01666666567325592,1,mppt
2.390000104904175,43.77333068847656,0,idle
2.9600000381469727,0.009999999776482582,0,idle
3.2300000190734863,0.009999999776482582,1,mppt
3.009999990463257,0.009999999776482582,1,mppt
3.630000114440918,0.029999999329447746,1,mppt
2.5199999809265137,0.019999999552965164,0,idle
3.2200000286102295,0.013333332724869251,1,mppt
2.8399999141693115,0.026666665449738503,0,idle
2.700000047683716,0.029999999329447746,0,idle
3.5,0.009999999776482582,1,mppt
4.650000095367432,0.009999999776482582,1,mppt
4.199999809265137,0.009999999776482582,1,mppt
3.930000066757202,0.009999999776482582,1,mppt
5.519999980926514,0.009999999776482582,1,mppt
5.309999942779541,0.009999999776482582,1,mppt
3.740000009536743,0.009999999776482582,1,mppt
4.980000019073486,0.036666665226221085,1,mppt
4.400000095367432,0.009999999776482582,1,mppt
4.710000038146973,0.029999999329447746,1,mppt
6.380000114440918,0.009999999776482582,1,mppt
4.480000019073486,0.04333333298563957,1,mppt
3.8299999237060547,0.009999999776482582,1,mppt
5.21999979019165,0.029999999329447746,1,mppt
5.300000190734863,0.009999999776482582,1,mppt
4.610000133514404,0.009999999776482582,1,mppt
4.25,0.01666666567325592,1,mppt
6.369999885559082,0.01666666567325592,1,mppt
4.670000076293945,0.009999999776482582,1,mppt
5.590000152587891,0.026666665449738503,1,mppt
4.059999942779541,0.49000000953674316,1,mppt
4.039999961853027,0.009999999776482582,1,mppt
4.96999979019165,0.02333333157002926,1,mppt
4.570000171661377,0.03333333507180214,1,mppt
4.289999961853027,0.013333332724869251,1,mppt
4.980000019073486,0.03999999910593033,1,mppt
3.6700000762939453,0.03333333134651184,1,mppt
4.070000171661377,0.03999999910593033,1,mppt
4.039999961853027,-0.7200000286102295,1,mppt
2.3399999141693115,0.03999999910593033,0,idle
2.880000114440918,0.01666666567325592,0,idle
2.990000009536743,0.01666666567325592,0,idle
3.890000104904175,0.009999999776482582,1,mppt
2.609999895095825,0.03333333507180214,0,idle
2.9800000190734863,0.029999999329447746,0,idle
2.380000114440918,0.03333333134651184,0,idle
2.940000057220459,0.009999999776482582,0,idle
2.259999990463257,0.009999999776482582,0,idle
1.9500000476837158,0.026666665449738503,0,idle
2.119999885559082,0.013333332724869251,0,idle
4.179999828338623,0.04333333298563957,1,mppt
1.8600000143051147,0.029999999329447746,0,idle
2.4700000286102295,0.019999999552965164,0,idle
2.1700000762939453,0.029999999329447746,0,idle
1.9700000286102295,0.029999999329447746,0,idle
1.9299999475479126,0.036666665226221085,0,idle
1.8700000047683716,24.523332595825195,0,idle
2.9700000286102295,0.029999999329447746,0,idle
3.4700000286102295,0.04333333298563957,1,mppt
1.9500000476837158,0.029999999329447746,0,idle
2.619999885559082,83.80333709716797,0,idle
2.140000104904175,0.029999999329447746,0,idle
3.7899999618530273,0.03999999910593033,1,mppt
2.3299999237060547,85.42000579833984,0,idle
2.7200000286102295,0.019999999552965164,0,idle
5.289999961853027,0.029999999329447746,1,mppt
2.0,0.029999999329447746,0,idle
5.0,0.009999999776482582,1,mppt
1.8899999856948853,0.03999999910593033,0,idle
2.950000047683716,0.026666665449738503,0,idle
1.9700000286102295,0.026666665449738503,0,idle
3.640000104904175,0.013333332724869251,1,mppt
2.700000047683716,0.03333333134651184,0,idle
1.8600000143051147,0.036666665226221085,0,idle
2.180000066757202,0.01666666567325592,0,idle
1.4199999570846558,0.01666666567325592,2,pitch_control
1.600000023841858,0.03333333134651184,2,pitch_control
1.9500000476837158,0.029999999329447746,2,pitch_control
1.1299999952316284,89.8800048828125,0,idle
2.180000066757202,0.026666665449738503,0,idle
1.1399999856948853,77.38666534423828,0,idle
3.180000066757202,0.019999999552965164,1,mppt
1.1100000143051147,87.92666625976562,0,idle
0.8500000238418579,83.8566665649414,0,idle
1.0800000429153442,90.336669921875,0,idle
1.2100000381469727,90.2699966430664,0,idle
1.0800000429153442,0.019999999552965164,0,idle
1.3799999952316284,90.26666259765625,0,idle
1.4299999475479126,90.0566635131836,0,idle
1.5099999904632568,0.01666666567325592,0,idle
1.850000023841858,90.2933349609375,0,idle
1.899999976158142,89.91000366210938,0,idle
1.3200000524520874,85.2066650390625,0,idle
1.2000000476837158,90.14000701904297,0,idle
0.949999988079071,90.24666595458984,0,idle
1.25,90.2733383178711,0,idle
1.7899999618530273,90.28665924072266,0,idle
1.409999966621399,0.03999999910593033,0,idle
1.659999966621399,90.26666259765625,0,idle
1.350000023841858,85.76333618164062,0,idle
1.3300000429153442,90.32333374023438,0,idle
1.0399999618530273,89.9333267211914,0,idle
1.4299999475479126,86.03667449951172,0,idle
1.690000057220459,89.836669921875,0,idle
1.8799999952316284,89.51000213623047,0,idle
1.6399999856948853,83.41666412353516,0,idle
1.7400000095367432,90.1500015258789,0,idle
1.7400000095367432,90.25,0,idle
1.5700000524520874,89.57999420166016,0,idle
1.8899999856948853,89.7699966430664,0,idle
1.5700000524520874,90.32999420166016,0,idle
1.7100000381469727,90.24333953857422,0,idle
1.8200000524520874,90.20333862304688,0,idle
1.8899999856948853,89.71666717529297,0,idle
2.6500000953674316,0.04333333298563957,0,idle
2.059999942779541,90.336669921875,0,idle
1.8300000429153442,90.2199935913086,0,idle
2.119999885559082,87.92666625976562,0,idle
2.4000000953674316,84.95333099365234,0,idle
2.0399999618530273,88.84333038330078,0,idle
2.049999952316284,83.79666137695312,0,idle
2.359999895095825,84.50333404541016,0,idle
2.799999952316284,42.380001068115234,0,idle
2.5299999713897705,52.19333267211914,0,idle
1.7000000476837158,89.8800048828125,0,idle
2.359999895095825,88.34000396728516,0,idle
2.2100000381469727,43.0433349609375,0,idle
2.450000047683716,81.11333465576172,0,idle
2.1500000953674316,83.95333862304688,0,idle
1.8200000524520874,90.26000213623047,0,idle
1.6799999475479126,89.62999725341797,0,idle
1.8300000429153442,0.009999999776482582,0,idle
1.8600000143051147,90.3566665649414,0,idle
1.0499999523162842,90.32000732421875,0,idle
2.0199999809265137,90.33333587646484,0,idle
1.5800000429153442,90.53665924072266,0,idle
1.3799999952316284,90.3066635131836,0,idle
1.3799999952316284,39.06333541870117,0,idle
1.4500000476837158,89.83333587646484,0,idle
1.4600000381469727,90.3699951171875,0,idle
1.3600000143051147,89.67000579833984,0,idle
1.840000033378601,90.31665802001953,0,idle
1.2300000190734863,90.26000213623047,0,idle
0.6200000047683716,90.04000091552734,0,idle
1.4600000381469727,90.2199935913086,0,idle
1.1100000143051147,87.92666625976562,0,idle
0.8899999856948853,90.20333862304688,0,idle
1.0099999904632568,90.2933349609375,0,idle
1.5199999809265137,90.15999603271484,0,idle
1.3700000047683716,89.69000244140625,0,idle
0.6800000071525574,90.24666595458984,0,idle
1.5199999809265137,89.75,0,idle
0.33000001311302185,90.04000091552734,0,idle
1.7400000095367432,90.35333251953125,0,idle
1.7699999809265137,90.37667083740234,0,idle
1.8600000143051147,85.47000122070312,0,idle
1.809999942779541,90.4000015258789,0,idle
1.0700000524520874,90.2066650390625,0,idle
1.2599999904632568,90.29000091552734,0,idle
2.680000066757202,90.3166732788086,0,idle
1.690000057220459,89.61666870117188,0,idle
1.8899999856948853,90.30999755859375,0,idle
2.119999885559082,90.1066665649414,0,idle
1.840000033378601,85.47000122070312,0,idle
1.9700000286102295,90.35333251953125,0,idle
1.2699999809265137,90.77667236328125,0,idle
2.1600000858306885,90.3166732788086,0,idle
2.4000000953674316,89.5433349609375,0,idle
2.1500000953674316,86.62667083740234,0,idle
2.140000104904175,75.05999755859375,0,idle
1.840000033378601,89.83333587646484,0,idle
2.6500000953674316,85.7933349609375,0,idle
2.25,89.9699935913086,0,idle
1.4900000095367432,89.98999786376953,0,idle
2.049999952316284,4.980000019073486,0,idle
0.9200000166893005,90.24666595458984,0,idle
2.0899999141693115,89.67000579833984,0,idle
1.8300000429153442,90.26667022705078,0,idle
1.6799999475479126,89.75333404541016,0,idle
1.659999966621399,89.76666259765625,0,idle
1.0700000524520874,90.29000091552734,0,idle
1.5099999904632568,90.26333618164062,0,idle
1.2100000381469727,90.37667083740234,0,idle
1.940000057220459,89.75,0,idle
1.0499999523162842,90.2266616821289,0,idle
1.840000033378601,89.75333404541016,0,idle
1.5,90.34667205810547,0,idle
1.559999942779541,83.79666137695312,0,idle
1.6100000143051147,89.836669921875,0,idle
1.7999999523162842,90.32333374023438,0,idle
1.1299999952316284,90.0566635131836,0,idle
1.5,90.3066635131836,0,idle
1.2000000476837158,85.47000122070312,0,idle
2.25,90.14000701904297,0,idle
1.1699999570846558,90.35333251953125,0,idle
1.1100000143051147,90.31999969482422,0,idle
1.8600000143051147,89.836669921875,0,idle
1.3899999856948853,88.09000396728516,0,idle
1.5800000429153442,89.6300048828125,0,idle
0.9700000286102295,89.6066665649414,0,idle
1.8300000429153442,90.29000091552734,0,idle
0.9399999976158142,90.26000213623047,0,idle
1.0399999618530273,89.6199951171875,0,idle
0.8999999761581421,86.03667449951172,0,idle
0.8799999952316284,90.2933349609375,0,idle
0.5299999713897705,90.26000213623047,0,idle
1.2400000095367432,90.2266616821289,0,idle
0.6200000047683716,89.76666259765625,0,idle
0.9300000071525574,83.9366683959961,0,idle
0.47999998927116394,89.6300048828125,0,idle
0.9100000262260437,90.32333374023438,0,idle
0.30000001192092896,89.75333404541016,0,idle
0.9900000095367432,90.14000701904297,0,idle
1.059999942779541,86.0233383178711,0,idle
0.3100000023841858,83.91666412353516,0,idle
1.0499999523162842,90.0666732788086,0,idle
0.9200000166893005,90.20333862304688,0,idle
0.8600000143051147,90.0433349609375,0,idle
1.0,90.14000701904297,0,idle
0.8899999856948853,88.09000396728516,0,idle
0.8500000238418579,90.2733383178711,0,idle
2.509999990463257,0.009999999776482582,0,idle
2.309999942779541,84.1300048828125,0,idle
1.0800000429153442,90.0566635131836,0,idle
0.8600000143051147,89.8800048828125,0,idle
1.2699999809265137,85.2699966430664,0,idle
1.159999966621399,89.81000518798828,0,idle
1.9900000095367432,90.32333374023438,0,idle
1.9900000095367432,90.2699966430664,0,idle
1.190000057220459,90.0,0,idle
1.9900000095367432,90.29000091552734,0,idle
2.059999942779541,90.35333251953125,0,idle
1.590000033378601,90.31999969482422,0,idle
1.690000057220459,90.32333374023438,0,idle
1.1200000047683716,90.260009765625,0,idle
1.1699999570846558,90.09333038330078,0,idle
1.3700000047683716,89.67000579833984,0,idle
1.2999999523162842,89.67000579833984,0,idle
2.569999933242798,89.81999969482422,0,idle
1.659999966621399,89.75333404541016,0,idle
1.2100000381469727,89.97332763671875,0,idle
3.640000104904175,41.06333541870117,3,transition
1.3600000143051147,90.29000091552734,0,idle
3.450000047683716,30.516664505004883,3,transition
1.4199999570846558,90.0433349609375,0,idle
2.450000047683716,36.22999954223633,0,idle
1.75,86.03667449951172,0,idle
1.4199999570846558,85.47000122070312,0,idle
2.4000000953674316,89.69000244140625,0,idle
2.7899999618530273,25.496665954589844,0,idle
2.7699999809265137,0.009999999776482582,0,idle
3.359999895095825,0.009999999776482582,1,mppt
3.2899999618530273,0.009999999776482582,1,mppt
2.369999885559082,0.009999999776482582,0,idle
2.700000047683716,0.009999999776482582,0,idle
3.309999942779541,-1.9900001287460327,1,mppt
3.3499999046325684,77.1933364868164,3,transition
3.450000047683716,0.009999999776482582,1,mppt
2.630000114440918,75.64666748046875,0,idle
4.360000133514404,-1.2599999904632568,1,mppt
3.3399999141693115,53.673336029052734,3,transition
3.380000114440918,0.036666665226221085,1,mppt
3.609999895095825,0.05000000074505806,1,mppt
2.7899999618530273,0.5199999809265137,0,idle
3.3399999141693115,0.03999999910593033,1,mppt
3.25,0.03333333507180214,1,mppt
3.880000114440918,-0.9800000190734863,1,mppt
3.549999952316284,0.019999999552965164,1,mppt
3.2699999809265137,0.029999999329447746,1,mppt
3.0799999237060547,0.009999999776482582,1,mppt
3.5,0.009999999776482582,1,mppt
3.3299999237060547,0.013333332724869251,1,mppt
3.2799999713897705,0.030000001192092896,1,mppt
3.4000000953674316,0.029999999329447746,1,mppt
3.8499999046325684,0.02333333157002926,1,mppt
2.9200000762939453,0.030000001192092896,0,idle
3.7699999809265137,0.009999999776482582,1,mppt
4.019999980926514,0.019999999552965164,1,mppt
3.200000047683716,0.009999999776482582,1,mppt
3.180000066757202,0.029999999329447746,1,mppt
3.4600000381469727,0.019999999552965164,1,mppt
3.240000009536743,0.023333333432674408,1,mppt
3.990000009536743,0.03999999910593033,1,mppt
3.990000009536743,0.026666665449738503,1,mppt
4.110000133514404,0.009999999776482582,1,mppt
4.510000228881836,0.019999999552965164,1,mppt
4.639999866485596,0.009999999776482582,1,mppt
5.639999866485596,0.023333333432674408,1,mppt
4.300000190734863,0.01666666567325592,1,mppt
5.25,0.019999999552965164,1,mppt
4.760000228881836,0.046666666865348816,1,mppt
5.190000057220459,0.019999999552965164,1,mppt
4.78000020980835,0.023333333432674408,1,mppt
3.890000104904175,0.029999999329447746,1,mppt
5.460000038146973,0.05000000074505806,1,mppt
6.28000020980835,0.029999999329447746,1,mppt
4.480000019073486,0.023333333432674408,1,mppt
5.570000171661377,0.019999999552965164,1,mppt
4.610000133514404,0.030000001192092896,1,mppt
4.360000133514404,0.030000001192092896,1,mppt
6.510000228881836,0.009999999776482582,1,mppt
5.659999847412109,0.023333333432674408,1,mppt
5.429999828338623,0.029999999329447746,1,mppt
5.019999980926514,0.009999999776482582,1,mppt
5.889999866485596,0.029999999329447746,1,mppt
5.28000020980835,0.05000000074505806,1,mppt
4.710000038146973,0.029999999329447746,1,mppt
5.150000095367432,0.009999999776482582,1,mppt
4.019999980926514,0.03333333507180214,1,mppt
6.449999809265137,0.009999999776482582,1,mppt
4.78000020980835,0.04333333298563957,1,mppt
4.920000076293945,0.03999999910593033,1,mppt
6.619999885559082,-1.9900001287460327,1,mppt
5.679999828338623,0.009999999776482582,1,mppt
5.96999979019165,0.019999999552965164,1,mppt
3.990000009536743,0.029999999329447746,1,mppt
3.0799999237060547,0.01666666567325592,1,mppt
3.549999952316284,0.01666666567325592,1,mppt
5.989999771118164,0.01666666567325592,1,mppt
4.139999866485596,0.009999999776482582,1,mppt
5.010000228881836,0.036666665226221085,1,mppt
3.690000057220459,0.030000001192092896,1,mppt
6.090000152587891,0.026666665449738503,1,mppt
2.9800000190734863,0.026666665449738503,0,idle
3.0999999046325684,0.04333333298563957,1,mppt
3.6600000858306885,0.019999999552965164,1,mppt
4.28000020980835,0.019999999552965164,1,mppt
4.199999809265137,0.33000001311302185,1,mppt
4.659999847412109,0.44999995827674866,1,mppt
3.1700000762939453,0.06333333253860474,1,mppt
3.4800000190734863,1.5199999809265137,1,mppt
4.650000095367432,3.443333387374878,3,transition
5.059999942779541,4.190000057220459,3,transition
4.690000057220459,1.7599998712539673,1,mppt
5.909999847412109,4.679999828338623,3,transition
5.630000114440918,5.62999963760376,3,transition
7.239999771118164,6.900000095367432,3,transition
8.15999984741211,9.119999885559082,3,transition
6.349999904632568,7.12999963760376,3,transition
7.349999904632568,7.179999828338623,3,transition
7.610000133514404,6.809999942779541,3,transition
7.190000057220459,12.0600004196167,3,transition
6.690000057220459,4.809999942779541,3,transition
7.119999885559082,4.789999961853027,3,transition
7.760000228881836,1.350000023841858,1,mppt
7.170000076293945,1.5733333826065063,1,mppt
6.28000020980835,0.12999999523162842,1,mppt
7.03000020980835,0.03999999910593033,1,mppt
7.289999961853027,0.23000000417232513,1,mppt
7.090000152587891,0.429999977350235,1,mppt
6.889999866485596,0.7599999904632568,1,mppt
10.0600004196167,1.0299999713897705,1,mppt
6.739999771118164,0.029999999329447746,1,mppt
8.260000228881836,0.019999999552965164,1,mppt
8.0600004196167,0.009999999776482582,1,mppt
6.0,0.04333333298563957,1,mppt
11.600000381469727,0.6299999952316284,3,transition
7.170000076293945,0.009999999776482582,1,mppt
5.019999980926514,0.029999999329447746,1,mppt
6.46999979019165,0.009999999776482582,1,mppt
9.630000114440918,2.3399999141693115,3,transition
7.820000171661377,0.03999999910593033,1,mppt
7.940000057220459,0.019999999552965164,1,mppt
6.570000171661377,0.009999999776482582,1,mppt
8.600000381469727,0.7866666913032532,1,mppt
9.390000343322754,-1.4900001287460327,1,mppt
5.130000114440918,0.009999999776482582,1,mppt
6.019999980926514,0.009999999776482582,1,mppt
4.730000019073486,0.029999999329447746,1,mppt
6.559999942779541,0.009999999776482582,1,mppt
8.210000038146973,0.009999999776482582,1,mppt
6.489999771118164,0.009999999776482582,1,mppt
6.769999980926514,0.019999999552965164,1,mppt
6.989999771118164,0.026666665449738503,1,mppt
8.520000457763672,0.6200000047683716,1,mppt
6.78000020980835,0.03999999910593033,1,mppt
7.199999809265137,3.0299999713897705,3,transition
8.789999961853027,0.009999999776482582,1,mppt
7.78000020980835,0.009999999776482582,1,mppt
7.730000019073486,0.1133333370089531,1,mppt
7.309999942779541,0.019999999552965164,1,mppt
7.360000133514404,0.026666665449738503,1,mppt
8.289999961853027,0.17000000178813934,1,mppt
9.390000343322754,3.6600000858306885,3,transition
9.34000015258789,7.940000057220459,3,transition
8.220000267028809,4.75,3,transition
6.579999923706055,2.0999999046325684,3,transition
9.65999984741211,4.820000171661377,3,transition
10.859999656677246,4.579999923706055,2,pitch_control
8.420000076293945,3.4200000762939453,3,transition
8.720000267028809,0.6000000238418579,1,mppt
8.899999618530273,4.400000095367432,3,transition
8.630000114440918,0.23000000417232513,1,mppt
8.760000228881836,0.23999999463558197,1,mppt
6.139999866485596,0.05999999865889549,1,mppt
11.079999923706055,6.75,2,pitch_control
9.619999885559082,0.009999999776482582,1,mppt
10.069999694824219,2.9600000381469727,3,transition
9.15999984741211,0.9200000166893005,1,mppt
7.199999809265137,0.019999999552965164,1,mppt
10.949999809265137,5.170000076293945,2,pitch_control
11.350000381469727,7.889999866485596,2,pitch_control
8.40999984741211,1.309999942779541,1,mppt
9.4399995803833,0.09000000357627869,1,mppt
7.710000038146973,0.18666666746139526,1,mppt
8.600000381469727,0.3100000023841858,1,mppt
10.149999618530273,7.019999980926514,3,transition
9.069999694824219,0.20000000298023224,1,mppt
8.479999542236328,0.05999999865889549,1,mppt
7.510000228881836,0.009999999776482582,1,mppt
6.949999809265137,0.009999999776482582,1,mppt
7.809999942779541,0.009999999776482582,1,mppt
10.09000015258789,3.299999952316284,3,transition
6.239999771118164,0.03999999910593033,1,mppt
6.239999771118164,0.009999999776482582,1,mppt
10.6899995803833,3.450000047683716,2,pitch_control
10.630000114440918,6.21999979019165,2,pitch_control
9.0600004196167,0.9300000071525574,1,mppt
10.0600004196167,2.2200000286102295,3,transition
7.320000171661377,0.009999999776482582,1,mppt
6.449999809265137,0.009999999776482582,1,mppt
9.210000038146973,0.5699999928474426,1,mppt
8.1899995803833,0.10333333164453506,1,mppt
7.349999904632568,0.023333333432674408,1,mppt
10.199999809265137,7.139999866485596,3,transition
6.869999885559082,0.009999999776482582,1,mppt
5.900000095367432,0.009999999776482582,1,mppt
9.430000305175781,0.85999995470047,1,mppt
5.619999885559082,0.019999999552965164,1,mppt
5.539999961853027,0.009999999776482582,1,mppt
6.190000057220459,0.009999999776482582,1,mppt
5.760000228881836,0.01666666567325592,1,mppt
6.71999979019165,0.009999999776482582,1,mppt
5.940000057220459,0.009999999776482582,1,mppt
7.25,0.013333332724869251,1,mppt
6.119999885559082,0.023333333432674408,1,mppt
6.900000095367432,0.009999999776482582,1,mppt
6.389999866485596,0.009999999776482582,1,mppt
6.170000076293945,0.036666665226221085,1,mppt
6.420000076293945,0.009999999776482582,1,mppt
6.159999847412109,0.01666666567325592,1,mppt
3.869999885559082,0.009999999776482582,1,mppt
5.510000228881836,0.009999999776482582,1,mppt
4.320000171661377,0.009999999776482582,1,mppt
6.260000228881836,0.009999999776482582,1,mppt
5.550000190734863,0.03333333507180214,1,mppt
5.570000171661377,0.019999997690320015,1,mppt
4.380000114440918,0.009999999776482582,1,mppt
5.510000228881836,0.013333332724869251,1,mppt
6.090000152587891,0.019999997690320015,1,mppt
5.0,0.013333332724869251,1,mppt
5.269999980926514,0.009999999776482582,1,mppt
5.679999828338623,-1.4633334875106812,1,mppt
4.539999961853027,0.009999999776482582,1,mppt
5.369999885559082,-1.9500001668930054,1,mppt
4.110000133514404,0.009999999776482582,1,mppt
5.130000114440918,0.013333332724869251,1,mppt
4.199999809265137,2.1433334350585938,3,transition
3.609999895095825,0.03999999910593033,1,mppt
3.75,0.009999999776482582,1,mppt
4.260000228881836,-1.9900001287460327,1,mppt
4.380000114440918,0.009999999776482582,1,mppt
8.020000457763672,0.5266666412353516,1,mppt
4.659999847412109,0.026666665449738503,1,mppt
5.159999847412109,0.023333333432674408,1,mppt
3.009999990463257,0.01666666567325592,1,mppt
4.71999979019165,0.009999999776482582,1,mppt
6.340000152587891,0.009999999776482582,1,mppt
6.840000152587891,0.04333333298563957,1,mppt
4.510000228881836,0.009999999776482582,1,mppt
5.309999942779541,0.009999999776482582,1,mppt
5.210000038146973,0.009999999776482582,1,mppt
5.829999923706055,0.009999999776482582,1,mppt
7.440000057220459,0.009999999776482582,1,mppt
4.760000228881836,0.009999999776482582,1,mppt
5.190000057220459,0.009999999776482582,1,mppt
5.800000190734863,0.009999999776482582,1,mppt
5.170000076293945,0.009999999776482582,1,mppt
6.139999866485596,0.009999999776482582,1,mppt
4.849999904632568,0.009999999776482582,1,mppt
4.809999942779541,0.009999999776482582,1,mppt
5.329999923706055,0.009999999776482582,1,mppt
5.599999904632568,0.009999999776482582,1,mppt
4.369999885559082,0.009999999776482582,1,mppt
5.480000019073486,0.009999999776482582,1,mppt
4.25,0.009999999776482582,1,mppt
4.630000114440918,-1.53000009059906,1,mppt
5.71999979019165,0.009999999776482582,1,mppt
5.300000190734863,0.009999999776482582,1,mppt
4.389999866485596,0.009999999776482582,1,mppt
4.800000190734863,0.009999999776482582,1,mppt
6.0,0.009999999776482582,1,mppt
6.03000020980835,0.009999999776482582,1,mppt
3.859999895095825,0.009999999776482582,1,mppt
4.119999885559082,0.009999999776482582,1,mppt
3.559999942779541,0.009999999776482582,1,mppt
3.640000104904175,0.05000000074505806,1,mppt
5.519999980926514,0.009999999776482582,1,mppt
2.680000066757202,13.149998664855957,0,idle
2.299999952316284,0.03999999910593033,0,idle
1.6699999570846558,83.8066635131836,0,idle
3.200000047683716,0.019999999552965164,1,mppt
3.119999885559082,-1.9733333587646484,1,mppt
1.7699999809265137,0.019999999552965164,0,idle
2.2300000190734863,0.019999999552965164,0,idle
4.070000171661377,0.019999999552965164,1,mppt
3.069999933242798,0.009999999776482582,1,mppt
2.609999895095825,73.2366714477539,0,idle
4.159999847412109,0.009999999776482582,1,mppt
4.619999885559082,0.009999999776482582,1,mppt
2.7200000286102295,0.01666666567325592,0,idle
3.5299999713897705,0.019999999552965164,1,mppt
2.549999952316284,0.03999999910593033,0,idle
4.900000095367432,0.03999999910593033,1,mppt
4.570000171661377,-0.49000000953674316,1,mppt
4.050000190734863,0.023333333432674408,1,mppt
5.320000171661377,0.009999999776482582,1,mppt
5.0,0.013333332724869251,1,mppt
4.239999771118164,0.009999999776482582,1,mppt
4.28000020980835,0.009999999776482582,1,mppt
5.28000020980835,0.009999999776482582,1,mppt
5.079999923706055,0.029999999329447746,1,mppt
4.239999771118164,0.013333332724869251,1,mppt
4.239999771118164,0.009999999776482582,1,mppt
3.5899999141693115,0.009999999776482582,1,mppt
4.099999904632568,0.009999999776482582,1,mppt
4.989999771118164,0.013333332724869251,1,mppt
4.420000076293945,0.009999999776482582,1,mppt
4.599999904632568,0.009999999776482582,1,mppt
4.460000038146973,0.019999999552965164,1,mppt
4.449999809265137,0.4000000059604645,1,mppt
5.389999866485596,0.38999998569488525,1,mppt
4.980000019073486,0.09000000357627869,1,mppt
4.420000076293945,0.06666666269302368,1,mppt
4.599999904632568,0.009999999776482582,1,mppt
4.840000152587891,0.009999999776482582,1,mppt
3.5799999237060547,0.009999999776482582,1,mppt
3.8399999141693115,0.009999999776482582,1,mppt
3.2699999809265137,0.009999999776482582,1,mppt
3.609999895095825,0.009999999776482582,1,mppt
2.5799999237060547,0.009999999776482582,0,idle
3.9700000286102295,0.009999999776482582,1,mppt
3.549999952316284,0.009999999776482582,1,mppt
3.9000000953674316,0.009999999776482582,1,mppt
3.0799999237060547,0.009999999776482582,1,mppt
3.2100000381469727,0.009999999776482582,1,mppt
3.4000000953674316,0.009999999776482582,1,mppt
4.170000076293945,0.009999999776482582,1,mppt
3.890000104904175,0.03999999910593033,1,mppt
4.300000190734863,0.009999999776482582,1,mppt
3.2899999618530273,0.009999999776482582,1,mppt
4.349999904632568,0.009999999776482582,1,mppt
4.019999980926514,0.009999999776482582,1,mppt
3.9200000762939453,0.009999999776482582,1,mppt
3.9200000762939453,0.009999999776482582,1,mppt
4.440000057220459,0.6100000143051147,1,mppt
3.319999933242798,2.049999952316284,3,transition
4.739999771118164,1.2400000095367432,1,mppt
4.070000171661377,0.5566666722297668,1,mppt
3.4700000286102295,0.25,1,mppt
4.110000133514404,0.03999999910593033,1,mppt
3.3299999237060547,0.03999999910593033,1,mppt
3.549999952316284,0.03999999910593033,1,mppt
3.1500000953674316,0.029999999329447746,1,mppt
3.240000009536743,0.03999999910593033,1,mppt
3.2799999713897705,0.029999999329447746,1,mppt
4.010000228881836,0.019999999552965164,1,mppt
2.5799999237060547,0.029999999329447746,0,idle
3.809999942779541,0.03999999910593033,1,mppt
2.6700000762939453,0.019999999552965164,0,idle
2.4700000286102295,0.019999999552965164,0,idle
3.9100000858306885,0.02333333157002926,1,mppt
2.609999895095825,-0.47999998927116394,0,idle
1.9299999475479126,0.019999999552965164,0,idle
3.0999999046325684,0.01666666567325592,1,mppt
2.319999933242798,0.019999999552965164,0,idle
1.9500000476837158,90.29666900634766,0,idle
2.509999990463257,0.019999999552965164,0,idle
2.450000047683716,0.019999999552965164,0,idle
2.259999990463257,0.019999999552965164,0,idle
2.2799999713897705,0.019999999552965164,0,idle
3.140000104904175,0.019999999552965164,1,mppt
1.7799999713897705,0.019999999552965164,0,idle
1.7699999809265137,0.019999999552965164,0,idle
0.0,0.0,0,idle
1.7200000286102295,0.03333333507180214,0,idle
1.7599999904632568,90.2733383178711,0,idle
1.7599999904632568,73.79999542236328,0,idle
1.7200000286102295,90.1433334350586,0,idle
0.0,0.0,0,idle
1.399999976158142,10.006667137145996,0,idle
1.5199999809265137,89.56999969482422,0,idle
1.2100000381469727,51.66666793823242,0,idle
1.340000033378601,86.1433334350586,0,idle
1.1299999952316284,90.33333587646484,0,idle
1.2599999904632568,90.48999786376953,0,idle
1.1299999952316284,90.17000579833984,0,idle
1.590000033378601,90.17000579833984,0,idle
1.2699999809265137,90.10333251953125,0,idle
1.4500000476837158,89.93000030517578,0,idle
1.5800000429153442,90.22000122070312,0,idle
1.5399999618530273,85.86333465576172,0,idle
1.6200000047683716,90.17000579833984,0,idle
1.590000033378601,89.6399917602539,0,idle
1.3799999952316284,85.38333129882812,0,idle
1.100000023841858,89.56999969482422,0,idle
1.6100000143051147,90.1399917602539,0,idle
1.5800000429153442,89.48333740234375,0,idle
1.0399999618530273,90.1866683959961,0,idle
1.0,90.26000213623047,0,idle
1.0700000524520874,83.86333465576172,0,idle
1.1699999570846558,86.10665893554688,0,idle
0.8899999856948853,90.1399917602539,0,idle
1.0299999713897705,90.6833267211914,0,idle
0.9200000166893005,90.22000122070312,0,idle
1.059999942779541,89.44332885742188,0,idle
1.090000033378601,90.25,0,idle
0.8899999856948853,89.6399917602539,0,idle
0.8700000047683716,83.8699951171875,0,idle
0.8199999928474426,90.2266616821289,0,idle
0.6399999856948853,85.836669921875,0,idle
0.7400000095367432,90.32999420166016,0,idle
0.75,89.8899917602539,0,idle
1.0,90.2300033569336,0,idle
1.0,90.00667572021484,0,idle
1.2400000095367432,90.3133316040039,0,idle
0.9399999976158142,90.2266616821289,0,idle
0.7799999713897705,90.19332885742188,0,idle
1.0499999523162842,90.2733383178711,0,idle
0.9399999976158142,89.96334075927734,0,idle
0.9700000286102295,89.5966567993164,0,idle
0.8700000047683716,90.25666046142578,0,idle
0.6399999856948853,89.9333267211914,0,idle
0.800000011920929,90.00667572021484,0,idle
0.6000000238418579,90.22000122070312,0,idle
0.6899999976158142,86.1433334350586,0,idle
1.0099999904632568,90.2633285522461,0,idle
0.550000011920929,90.31999969482422,0,idle
1.1200000047683716,90.0199966430664,0,idle
1.3700000047683716,89.6100082397461,0,idle
1.1100000143051147,89.76666259765625,0,idle
1.409999966621399,90.1433334350586,0,idle
1.0399999618530273,90.23666381835938,0,idle
1.2699999809265137,90.20333099365234,0,idle
1.1799999475479126,90.23999786376953,0,idle
1.5199999809265137,85.79666900634766,0,idle
1.340000033378601,90.07000732421875,0,idle
1.1799999475479126,89.5966567993164,0,idle
1.75,90.04999542236328,0,idle
2.0399999618530273,90.17333221435547,0,idle
1.5099999904632568,90.08999633789062,0,idle
1.4500000476837158,90.48999786376953,0,idle
1.7400000095367432,90.33333587646484,0,idle
1.2599999904632568,90.00667572021484,0,idle
1.4199999570846558,89.760009765625,0,idle
1.340000033378601,89.93000030517578,0,idle
1.7200000286102295,89.76666259765625,0,idle
1.340000033378601,90.17333984375,0,idle
1.2200000286102295,90.29666900634766,0,idle
1.0700000524520874,90.17000579833984,0,idle
1.100000023841858,90.17000579833984,0,idle
0.8799999952316284,90.21666717529297,0,idle
1.0,90.17333984375,0,idle
0.949999988079071,85.836669921875,0,idle
1.340000033378601,90.24666595458984,0,idle
0.9300000071525574,90.27667236328125,0,idle
0.7699999809265137,89.6100082397461,0,idle
0.5899999737739563,90.17333221435547,0,idle
0.6899999976158142,90.2699966430664,0,idle
1.5199999809265137,90.336669921875,0,idle
1.3899999856948853,90.17333984375,0,idle
3.2200000286102295,89.7699966430664,3,transition
1.7100000381469727,90.27667236328125,0,idle
1.909999966621399,90.25333404541016,0,idle
1.7899999618530273,89.98999786376953,0,idle
3.049999952316284,72.10999298095703,3,transition
2.390000104904175,89.67333984375,0,idle
2.4100000858306885,39.233333587646484,0,idle
2.680000066757202,26.760000228881836,0,idle
2.4600000381469727,90.10333251953125,0,idle
3.1500000953674316,0.019999999552965164,1,mppt
3.8499999046325684,0.029999999329447746,1,mppt
4.019999980926514,1.1100000143051147,1,mppt
4.110000133514404,0.10000000149011612,1,mppt
3.549999952316284,0.02333333157002926,1,mppt
3.25,36.23666763305664,3,transition
3.299999952316284,33.63999938964844,3,transition
4.940000057220459,5.53000020980835,3,transition
3.5,66.49333190917969,3,transition
3.3399999141693115,0.2633333206176758,1,mppt
2.2300000190734863,0.009999999776482582,0,idle
3.5299999713897705,-1.9633334875106812,1,mppt
1.8200000524520874,0.009999999776482582,0,idle
2.4700000286102295,0.009999999776482582,0,idle
1.7699999809265137,56.64666748046875,0,idle
2.180000066757202,86.0233383178711,0,idle
2.680000066757202,0.030000001192092896,0,idle
3.240000009536743,0.02333333157002926,1,mppt
2.359999895095825,0.009999999776482582,0,idle
2.2699999809265137,0.026666665449738503,0,idle
3.0399999618530273,0.029999999329447746,1,mppt
3.5,-1.9633334875106812,1,mppt
2.3399999141693115,0.023333333432674408,0,idle
3.180000066757202,0.026666665449738503,1,mppt
1.9700000286102295,85.82999420166016,0,idle
3.4600000381469727,0.01666666567325592,1,mppt
1.9199999570846558,0.009999999776482582,0,idle
2.319999933242798,0.009999999776482582,0,idle
2.75,0.029999999329447746,0,idle
1.7899999618530273,-0.49000000953674316,0,idle
2.0899999141693115,0.04000000283122063,0,idle
3.4200000762939453,0.04333333298563957,1,mppt
2.130000114440918,86.04000091552734,0,idle
2.6700000762939453,0.036666665226221085,0,idle
2.3499999046325684,0.026666665449738503,0,idle
3.2699999809265137,0.009999999776482582,1,mppt
1.8200000524520874,0.009999999776482582,0,idle
3.559999942779541,0.009999999776482582,1,mppt
1.9299999475479126,0.036666665226221085,0,idle
3.0999999046325684,0.03333333134651184,1,mppt
1.4299999475479126,57.12333297729492,0,idle
1.4800000190734863,0.029999999329447746,0,idle
2.5999999046325684,0.029999999329447746,0,idle
3.7300000190734863,0.009999999776482582,1,mppt
4.25,2.200000047683716,3,transition
1.3300000429153442,22.406667709350586,0,idle
1.690000057220459,85.87667083740234,0,idle
4.710000038146973,1.96999990940094,1,mppt
2.190000057220459,0.01666666567325592,0,idle
1.6299999952316284,89.96334075927734,0,idle
3.7699999809265137,0.05000000074505806,1,mppt
1.3700000047683716,0.026666665449738503,0,idle
2.950000047683716,-1.9666666984558105,0,idle
2.4100000858306885,90.0666732788086,0,idle
3.25,0.026666665449738503,1,mppt
5.070000171661377,6.610000133514404,3,transition
2.5399999618530273,0.009999999776482582,0,idle
3.2699999809265137,-1.9800000190734863,1,mppt
2.25,0.036666665226221085,0,idle
1.7599999904632568,90.25333404541016,0,idle
2.5999999046325684,0.046666666865348816,0,idle
5.329999923706055,7.989999771118164,3,transition
2.819999933242798,0.029999999329447746,0,idle
2.0299999713897705,87.92333984375,0,idle
4.789999961853027,7.539999485015869,3,transition
3.7899999618530273,2.069999933242798,3,transition
2.3499999046325684,90.30999755859375,0,idle
2.5,0.026666665449738503,0,idle
2.559999942779541,56.54999923706055,0,idle
6.880000114440918,8.670000076293945,3,transition
2.319999933242798,85.87667083740234,0,idle
2.8499999046325684,18.006668090820312,0,idle
4.349999904632568,5.559999942779541,3,transition
2.609999895095825,0.026666665449738503,0,idle
2.5899999141693115,89.6199951171875,0,idle
4.329999923706055,3.630000114440918,3,transition
5.670000076293945,8.170000076293945,3,transition
4.679999828338623,1.9800000190734863,1,mppt
4.429999828338623,7.1999993324279785,3,transition
5.25,8.220000267028809,3,transition
6.440000057220459,8.520000457763672,3,transition
3.2200000286102295,0.11999999731779099,1,mppt
4.409999847412109,2.390000104904175,3,transition
4.369999885559082,3.93999981880188,3,transition
5.699999809265137,10.149999618530273,3,transition
3.069999933242798,0.036666665226221085,1,mppt
4.300000190734863,2.299999952316284,3,transition
7.650000095367432,11.859999656677246,3,transition
2.8499999046325684,0.036666665226221085,0,idle
2.950000047683716,-0.5099999904632568,0,idle
3.259999990463257,0.026666665449738503,1,mppt
6.559999942779541,12.49000072479248,3,transition
2.740000009536743,0.036666665226221085,0,idle
3.200000047683716,1.0099999904632568,1,mppt
2.4800000190734863,0.019999999552965164,0,idle
5.340000152587891,7.12999963760376,3,transition
3.259999990463257,0.01666666567325592,1,mppt
3.680000066757202,0.009999999776482582,1,mppt
1.7899999618530273,78.90666961669922,0,idle
2.450000047683716,0.026666665449738503,0,idle
1.809999942779541,0.026666665449738503,0,idle
3.799999952316284,0.029999999329447746,1,mppt
3.680000066757202,0.029999999329447746,1,mppt
2.240000009536743,0.029999999329447746,0,idle
1.940000057220459,0.023333333432674408,0,idle
3.0299999713897705,0.029999999329447746,1,mppt
1.0,48.26333236694336,0,idle
1.4500000476837158,0.036666665226221085,0,idle
1.7200000286102295,0.029999999329447746,0,idle
1.350000023841858,0.009999999776482582,0,idle
1.409999966621399,0.009999999776482582,0,idle
1.4600000381469727,0.009999999776482582,0,idle
1.8899999856948853,90.34000396728516,0,idle
1.7200000286102295,0.036666665226221085,0,idle
3.7100000381469727,0.02333333157002926,1,mppt
1.4800000190734863,89.8133316040039,0,idle
2.0999999046325684,0.026666665449738503,0,idle
2.6500000953674316,90.23333740234375,0,idle
2.1700000762939453,90.11666870117188,0,idle
1.559999942779541,0.036666665226221085,0,idle
1.9299999475479126,90.0333251953125,0,idle
1.6699999570846558,0.01666666567325592,0,idle
1.409999966621399,90.16666412353516,0,idle
2.2699999809265137,87.90332794189453,0,idle
1.590000033378601,0.029999999329447746,0,idle
2.2300000190734863,90.26000213623047,0,idle
1.4299999475479126,90.28665924072266,0,idle
2.25,89.97000122070312,0,idle
1.690000057220459,85.28665924072266,0,idle
2.049999952316284,90.29999542236328,0,idle
1.7400000095367432,90.3066635131836,0,idle
1.559999942779541,88.07333374023438,0,idle
2.4100000858306885,37.016666412353516,0,idle
1.3799999952316284,89.55001068115234,0,idle
2.0,90.0666732788086,0,idle
2.0799999237060547,0.019999999552965164,0,idle
1.6100000143051147,85.16666412353516,0,idle
1.9199999570846558,89.8133316040039,0,idle
1.6299999952316284,34.14666748046875,0,idle
1.649999976158142,85.28665924072266,0,idle
1.7599999904632568,0.029999999329447746,0,idle
1.7400000095367432,90.26666259765625,0,idle
1.690000057220459,89.9433364868164,0,idle
1.8600000143051147,90.2266616821289,0,idle
2.0,90.2633285522461,0,idle
1.809999942779541,0.023333333432674408,0,idle
2.380000114440918,85.8499984741211,0,idle
2.200000047683716,90.25333404541016,0,idle
2.390000104904175,89.78667449951172,0,idle
2.690000057220459,21.216665267944336,0,idle
2.4700000286102295,90.25333404541016,0,idle
2.240000009536743,85.7733383178711,0,idle
3.450000047683716,0.20000000298023224,1,mppt
3.1700000762939453,0.11999999731779099,1,mppt
2.9100000858306885,0.009999999776482582,0,idle
3.2899999618530273,38.78666687011719,3,transition
3.2100000381469727,0.40666666626930237,1,mppt
3.309999942779541,0.2800000011920929,1,mppt
4.239999771118164,0.85999995470047,1,mppt
2.9600000381469727,0.029999999329447746,0,idle
2.890000104904175,0.009999999776482582,0,idle
1.909999966621399,87.1833267211914,0,idle
3.7200000286102295,1.0700000524520874,1,mppt
2.4700000286102295,0.009999999776482582,0,idle
2.7799999713897705,0.029999999329447746,0,idle
3.0,0.009999999776482582,1,mppt
2.2799999713897705,0.009999999776482582,0,idle
2.6600000858306885,0.009999999776482582,0,idle
2.4100000858306885,0.009999999776482582,0,idle
1.8600000143051147,90.1300048828125,0,idle
2.680000066757202,85.54999542236328,0,idle
2.9800000190734863,0.019999999552965164,0,idle
3.180000066757202,0.029999999329447746,1,mppt
4.170000076293945,89.76333618164062,3,transition
3.450000047683716,0.019999999552965164,1,mppt
3.509999990463257,0.009999999776482582,1,mppt
3.759999990463257,0.013333332724869251,1,mppt
3.0399999618530273,0.009999999776482582,1,mppt
3.2799999713897705,0.04333333298563957,1,mppt
3.2200000286102295,0.01666666567325592,1,mppt
3.4100000858306885,0.009999999776482582,1,mppt
2.9200000762939453,0.029999999329447746,0,idle
2.9100000858306885,0.023333333432674408,0,idle
3.3499999046325684,0.009999999776482582,1,mppt
3.4700000286102295,0.013333332724869251,1,mppt
3.119999885559082,-1.9600000381469727,1,mppt
3.140000104904175,0.013333332724869251,1,mppt
3.140000104904175,0.03333333507180214,1,mppt
2.7200000286102295,0.023333333432674408,0,idle
3.2899999618530273,0.026666665449738503,1,mppt
3.5299999713897705,0.009999999776482582,1,mppt
2.619999885559082,0.026666665449738503,0,idle
2.6600000858306885,0.019999999552965164,0,idle
3.2899999618530273,0.036666665226221085,1,mppt
3.380000114440918,0.009999999776482582,1,mppt
3.190000057220459,0.01666666567325592,1,mppt
2.6600000858306885,0.01666666567325592,0,idle
3.130000114440918,0.019999999552965164,1,mppt
2.700000047683716,0.026666665449738503,0,idle
2.619999885559082,0.026666665449738503,0,idle
3.0399999618530273,0.009999999776482582,1,mppt
1.559999942779541,0.026666665449738503,0,idle
2.559999942779541,0.019999999552965164,0,idle
2.0299999713897705,-0.46000000834465027,0,idle
1.7100000381469727,0.019999999552965164,0,idle
1.3600000143051147,35.77000045776367,0,idle
1.4800000190734863,0.046666666865348816,0,idle
2.259999990463257,0.01666666567325592,0,idle
1.5700000524520874,0.03999999910593033,0,idle
2.5999999046325684,0.01666666567325592,0,idle
2.4800000190734863,0.036666665226221085,0,idle
1.659999966621399,0.029999999329447746,0,idle
1.8799999952316284,89.6500015258789,0,idle
1.9299999475479126,88.30333709716797,0,idle
1.8200000524520874,90.2933349609375,0,idle
2.5999999046325684,0.009999999776482582,0,idle
1.7799999713897705,0.026666665449738503,0,idle
3.069999933242798,0.013333332724869251,1,mppt
2.950000047683716,0.03333333507180214,0,idle
2.0299999713897705,90.29666900634766,0,idle
2.7200000286102295,0.01666666567325592,0,idle
1.5399999618530273,0.019999999552965164,0,idle
2.180000066757202,0.03333333507180214,0,idle
1.909999966621399,0.009999999776482582,0,idle
1.9600000381469727,0.009999999776482582,0,idle
1.25,23.006668090820312,0,idle
2.0899999141693115,0.009999999776482582,0,idle
2.200000047683716,0.029999999329447746,0,idle
3.359999895095825,0.009999999776482582,1,mppt
2.4000000953674316,83.84333038330078,0,idle
1.7999999523162842,0.03999999910593033,0,idle
4.010000228881836,0.01666666567325592,1,mppt
2.5,36.32666778564453,0,idle
3.0,0.026666665449738503,1,mppt
4.699999809265137,0.013333332724869251,1,mppt
2.069999933242798,85.83999633789062,0,idle
2.7300000190734863,62.1533317565918,0,idle
1.8600000143051147,0.03333333134651184,0,idle
1.600000023841858,90.26666259765625,0,idle
2.8399999141693115,0.009999999776482582,0,idle
1.9299999475479126,90.02666473388672,0,idle
2.6600000858306885,0.009999999776482582,0,idle
4.440000057220459,0.009999999776482582,1,mppt
2.0399999618530273,85.83999633789062,0,idle
2.759999990463257,0.009999999776482582,0,idle
2.7100000381469727,0.009999999776482582,0,idle
1.340000033378601,89.83999633789062,0,idle
2.319999933242798,0.009999999776482582,0,idle
2.2300000190734863,0.009999999776482582,0,idle
2.6600000858306885,0.03999999910593033,0,idle
2.309999942779541,0.03333333134651184,0,idle
0.9200000166893005,90.77667236328125,0,idle
2.2300000190734863,89.98666381835938,0,idle
0.1899999976158142,90.2733383178711,0,idle
1.7999999523162842,0.009999999776482582,0,idle
1.409999966621399,90.32999420166016,0,idle
0.9300000071525574,85.86334228515625,0,idle
0.20999999344348907,89.92000579833984,0,idle
1.090000033378601,85.86334228515625,0,idle
1.850000023841858,0.009999999776482582,0,idle
1.1799999475479126,90.77667236328125,0,idle
0.5600000023841858,90.36666107177734,0,idle
0.5099999904632568,89.6833267211914,0,idle
0.41999998688697815,89.97333526611328,0,idle
0.7699999809265137,90.36666107177734,0,idle
1.5199999809265137,0.009999999776482582,0,idle
0.4300000071525574,90.26666259765625,0,idle
0.8600000143051147,90.29666900634766,0,idle
0.7200000286102295,89.83999633789062,0,idle
1.7599999904632568,85.85999298095703,0,idle
1.8799999952316284,90.3600082397461,0,idle
1.6799999475479126,90.00333404541016,0,idle
0.9900000095367432,88.07999420166016,0,idle
0.7900000214576721,86.0666732788086,0,idle
0.8999999761581421,83.89000701904297,0,idle
1.0399999618530273,88.32666015625,0,idle
0.6899999976158142,89.9433364868164,0,idle
0.4399999976158142,89.913330078125,0,idle
1.7899999618530273,89.49332427978516,0,idle
1.7100000381469727,90.47333526611328,0,idle
1.8200000524520874,90.07999420166016,0,idle
1.5099999904632568,90.36666107177734,0,idle
0.8899999856948853,86.04666137695312,0,idle
0.38999998569488525,90.30999755859375,0,idle
2.119999885559082,90.2699966430664,0,idle
0.2800000011920929,90.2300033569336,0,idle
1.8899999856948853,89.60999298095703,0,idle
1.840000033378601,90.3566665649414,0,idle
0.25,90.2933349609375,0,idle
1.159999966621399,90.27999877929688,0,idle
0.75,90.38333129882812,0,idle
1.909999966621399,89.58000946044922,0,idle
1.5399999618530273,89.53667449951172,0,idle
3.2699999809265137,0.009999999776482582,1,mppt
1.4900000095367432,90.2266616821289,0,idle
0.30000001192092896,90.27999877929688,0,idle
2.4200000762939453,89.30999755859375,0,idle
1.7300000190734863,0.009999999776482582,0,idle
1.4299999475479126,89.6300048828125,0,idle
1.6299999952316284,89.8499984741211,0,idle
0.9200000166893005,52.83333206176758,0,idle
1.6200000047683716,90.2933349609375,0,idle
0.9599999785423279,89.58000946044922,0,idle
1.7799999713897705,89.97333526611328,0,idle
1.4299999475479126,88.32666015625,0,idle
1.3200000524520874,90.34333038330078,0,idle
1.600000023841858,90.32999420166016,0,idle
0.6200000047683716,89.67333221435547,0,idle
0.7699999809265137,90.32332611083984,0,idle
3.690000057220459,0.009999999776482582,1,mppt
4.320000171661377,0.009999999776482582,1,mppt
1.590000033378601,90.37332916259766,0,idle
0.7400000095367432,89.49332427978516,0,idle
0.949999988079071,89.8499984741211,0,idle
2.259999990463257,90.54000091552734,0,idle
1.1200000047683716,83.9333267211914,0,idle
1.409999966621399,90.3499984741211,0,idle
2.799999952316284,89.97333526611328,0,idle
3.4200000762939453,88.32666015625,3,transition
1.4800000190734863,90.3499984741211,0,idle
2.1700000762939453,26.160001754760742,0,idle
2.990000009536743,89.6199951171875,0,idle
2.1700000762939453,22.533334732055664,0,idle
1.3899999856948853,2.4666666984558105,0,idle
1.899999976158142,90.32999420166016,0,idle
1.440000057220459,90.32999420166016,0,idle
1.4600000381469727,89.6300048828125,0,idle
2.3299999237060547,89.6833267211914,0,idle
1.4199999570846558,0.009999999776482582,0,idle
2.640000104904175,53.22666549682617,0,idle
2.559999942779541,0.009999999776482582,0,idle
3.509999990463257,0.009999999776482582,1,mppt
1.9299999475479126,0.009999999776482582,0,idle
2.5199999809265137,32.119998931884766,0,idle
2.130000114440918,89.9866714477539,0,idle
1.9500000476837158,0.009999999776482582,0,idle
1.899999976158142,90.24332427978516,0,idle
2.259999990463257,0.009999999776482582,0,idle
2.0399999618530273,0.5099999904632568,0,idle
1.4700000286102295,0.5099999904632568,0,idle
1.809999942779541,-0.49000000953674316,0,idle
2.5999999046325684,0.009999999776482582,0,idle
1.9199999570846558,90.3566665649414,0,idle
2.940000057220459,0.5099999904632568,0,idle
1.6399999856948853,90.2633285522461,0,idle
1.2200000286102295,7.0966668128967285,0,idle
1.4600000381469727,0.009999999776482582,0,idle
1.7100000381469727,0.009999999776482582,0,idle
1.2699999809265137,46.62666702270508,0,idle
2.0999999046325684,0.009999999776482582,0,idle
1.559999942779541,90.0,0,idle
1.0299999713897705,9.713333129882812,0,idle
1.2699999809265137,90.29999542236328,0,idle
1.1299999952316284,90.2699966430664,0,idle
0.9100000262260437,89.57666015625,0,idle
1.149999976158142,90.34000396728516,0,idle
1.1200000047683716,90.31665802001953,0,idle
1.0499999523162842,90.30333709716797,0,idle
1.0499999523162842,90.34000396728516,0,idle
1.0499999523162842,83.43333435058594,0,idle
0.8500000238418579,90.32666778564453,0,idle
0.7300000190734863,90.1533432006836,0,idle
0.7799999713897705,90.30999755859375,0,idle
1.0099999904632568,90.2733383178711,0,idle
0.7799999713897705,90.2699966430664,0,idle
1.0499999523162842,90.2833251953125,0,idle
0.6899999976158142,85.88666534423828,0,idle
0.800000011920929,90.0999984741211,0,idle
0.8500000238418579,90.24332427978516,0,idle
0.6000000238418579,90.0,0,idle
0.8700000047683716,90.00666046142578,0,idle
1.059999942779541,90.2733383178711,0,idle
0.9399999976158142,90.0999984741211,0,idle
1.190000057220459,90.28665924072266,0,idle
1.0499999523162842,90.33333587646484,0,idle
0.7099999785423279,90.28665924072266,0,idle
0.49000000953674316,89.88333129882812,0,idle
0.75,89.62667083740234,0,idle
0.9300000071525574,90.32999420166016,0,idle
0.47999998927116394,90.22000122070312,0,idle
0.8799999952316284,89.57000732421875,0,idle
0.7599999904632568,90.00666046142578,0,idle
0.5199999809265137,89.6933364868164,0,idle
0.8500000238418579,90.2633285522461,0,idle
1.5199999809265137,89.9433364868164,0,idle
1.4800000190734863,90.57000732421875,0,idle
1.5299999713897705,90.05999755859375,0,idle
1.590000033378601,90.0633316040039,0,idle
1.409999966621399,85.79666900634766,0,idle
1.1799999475479126,85.7933349609375,0,idle
1.3799999952316284,90.32666778564453,0,idle
1.1299999952316284,90.2733383178711,0,idle
1.5099999904632568,90.25667572021484,0,idle
1.2100000381469727,90.2833251953125,0,idle
1.600000023841858,83.91000366210938,0,idle
1.2100000381469727,90.28333282470703,0,idle
1.2300000190734863,90.0,0,idle
1.5199999809265137,90.2633285522461,0,idle
1.0700000524520874,90.19000244140625,0,idle
0.7900000214576721,83.91000366210938,0,idle
1.6200000047683716,90.2800064086914,0,idle
0.800000011920929,90.336669921875,0,idle
0.8899999856948853,90.2933349609375,0,idle
1.7000000476837158,90.0633316040039,0,idle
1.7799999713897705,89.71666717529297,0,idle
1.090000033378601,90.2933349609375,0,idle
1.3899999856948853,90.2933349609375,0,idle
1.440000057220459,90.2699966430664,0,idle
1.5700000524520874,90.2933349609375,0,idle
0.9399999976158142,90.13665771484375,0,idle
1.1699999570846558,90.3699951171875,0,idle
0.5199999809265137,90.32333374023438,0,idle
0.9900000095367432,89.95999908447266,0,idle
0.8600000143051147,89.64666748046875,0,idle
1.4600000381469727,83.80000305175781,0,idle
2.0,90.0633316040039,0,idle
1.100000023841858,89.70333099365234,0,idle
1.3300000429153442,90.31999969482422,0,idle
0.9300000071525574,90.27999877929688,0,idle
1.25,90.336669921875,0,idle
0.4399999976158142,89.57666015625,0,idle
0.7900000214576721,90.32666778564453,0,idle
1.149999976158142,90.27999877929688,0,idle
1.7200000286102295,90.31665802001953,0,idle
0.46000000834465027,89.57666015625,0,idle
0.6899999976158142,90.2633285522461,0,idle
0.9800000190734863,90.0999984741211,0,idle
0.7799999713897705,90.26666259765625,0,idle
1.7200000286102295,89.6933364868164,0,idle
0.6600000262260437,90.09667205810547,0,idle
0.8999999761581421,90.26666259765625,0,idle
1.190000057220459,90.32666015625,0,idle
1.0800000429153442,90.32333374023438,0,idle
1.5199999809265137,90.3466567993164,0,idle
0.7599999904632568,85.80333709716797,0,idle
0.8100000023841858,90.32666015625,0,idle
1.309999942779541,86.02667236328125,0,idle
0.6000000238418579,90.37332916259766,0,idle
1.0499999523162842,89.8566665649414,0,idle
1.7999999523162842,75.69000244140625,0,idle
1.5,90.26666259765625,0,idle
1.909999966621399,21.200000762939453,0,idle
2.5,90.19000244140625,0,idle
1.190000057220459,90.0633316040039,0,idle
2.3499999046325684,83.90332794189453,0,idle
2.0899999141693115,90.26333618164062,0,idle
1.659999966621399,89.9566650390625,0,idle
1.309999942779541,89.62667083740234,0,idle
1.5099999904632568,90.32333374023438,0,idle
1.3300000429153442,83.4366683959961,0,idle
1.5199999809265137,90.31999969482422,0,idle
1.4700000286102295,90.13665771484375,0,idle
1.4900000095367432,83.8566665649414,0,idle
0.7300000190734863,90.3800048828125,0,idle
0.5299999713897705,90.34333038330078,0,idle
0.6700000166893005,90.00666046142578,0,idle
0.5400000214576721,90.34000396728516,0,idle
0.5400000214576721,89.6933364868164,0,idle
0.4099999964237213,90.32666778564453,0,idle
0.20999999344348907,88.33999633789062,0,idle
0.3400000035762787,85.84333038330078,0,idle
0.9300000071525574,90.32666778564453,0,idle
0.9300000071525574,89.87332916259766,0,idle
0.8999999761581421,90.2733383178711,0,idle
0.6800000071525574,89.95999908447266,0,idle
0.6100000143051147,89.64666748046875,0,idle
1.090000033378601,89.6933364868164,0,idle
1.090000033378601,85.33333587646484,0,idle
1.6799999475479126,90.2699966430664,0,idle
2.069999933242798,90.36666870117188,0,idle
1.5199999809265137,89.7933349609375,0,idle
1.4500000476837158,90.29999542236328,0,idle
1.9199999570846558,90.3066635131836,0,idle
2.2300000190734863,85.82999420166016,0,idle
2.619999885559082,89.62667083740234,0,idle
2.630000114440918,89.6500015258789,0,idle
3.0199999809265137,74.76000213623047,3,transition
2.940000057220459,85.42000579833984,0,idle
2.4200000762939453,22.7933349609375,0,idle
2.680000066757202,47.65666580200195,0,idle
2.4100000858306885,88.54999542236328,0,idle
2.6700000762939453,0.009999999776482582,0,idle
2.6600000858306885,0.009999999776482582,0,idle
2.509999990463257,89.5966567993164,0,idle
2.5299999713897705,0.009999999776482582,0,idle
2.5,83.1066665649414,0,idle
2.4700000286102295,0.009999999776482582,0,idle
2.990000009536743,0.009999999776482582,0,idle
2.3399999141693115,76.28333282470703,0,idle
2.6500000953674316,0.009999999776482582,0,idle
2.319999933242798,0.009999999776482582,0,idle
2.7300000190734863,0.009999999776482582,0,idle
2.6500000953674316,1.9199999570846558,0,idle
3.190000057220459,0.009999999776482582,1,mppt
2.9200000762939453,0.009999999776482582,0,idle
2.990000009536743,0.009999999776482582,0,idle
2.9800000190734863,-0.49000000953674316,0,idle
3.2699999809265137,0.3400000035762787,1,mppt
3.440000057220459,2.3333332538604736,3,transition
2.880000114440918,52.383331298828125,0,idle
2.2300000190734863,8.84000015258789,0,idle
3.630000114440918,57.723331451416016,3,transition
3.690000057220459,0.2666666507720947,1,mppt
3.200000047683716,56.77333450317383,3,transition
3.0,18.770000457763672,3,transition
3.950000047683716,15.90666675567627,3,transition
3.940000057220459,0.3400000035762787,1,mppt
3.7899999618530273,1.8600000143051147,1,mppt
4.260000228881836,14.233332633972168,3,transition
4.28000020980835,-1.5700000524520874,1,mppt
3.5999999046325684,0.9900000095367432,1,mppt
3.9600000381469727,0.05000000074505806,1,mppt
4.139999866485596,0.013333332724869251,1,mppt
3.930000066757202,0.026666665449738503,1,mppt
3.859999895095825,62.8266716003418,3,transition
4.239999771118164,0.009999999776482582,1,mppt
3.140000104904175,0.009999999776482582,1,mppt
3.940000057220459,0.019999999552965164,1,mppt
4.010000228881836,-1.4866666793823242,1,mppt
3.8299999237060547,0.009999999776482582,1,mppt
3.690000057220459,0.019999999552965164,1,mppt
3.25,0.01666666567325592,1,mppt
3.4200000762939453,0.009999999776482582,1,mppt
4.340000152587891,0.009999999776482582,1,mppt
3.259999990463257,0.009999999776482582,1,mppt
5.0,0.5099999904632568,1,mppt
4.099999904632568,0.01666666567325592,1,mppt
3.759999990463257,0.009999999776482582,1,mppt
3.630000114440918,0.019999999552965164,1,mppt
4.71999979019165,0.009999999776482582,1,mppt
4.570000171661377,0.009999999776482582,1,mppt
4.659999847412109,1.0099999904632568,1,mppt
4.409999847412109,0.009999999776482582,1,mppt
4.099999904632568,0.026666665449738503,1,mppt
4.079999923706055,0.009999999776482582,1,mppt
4.789999961853027,0.009999999776482582,1,mppt
3.809999942779541,0.009999999776482582,1,mppt
3.7300000190734863,0.026666665449738503,1,mppt
4.150000095367432,0.009999999776482582,1,mppt
4.409999847412109,0.009999999776482582,1,mppt
3.4600000381469727,0.009999999776482582,1,mppt
2.740000009536743,0.009999999776482582,0,idle
3.759999990463257,0.03999999910593033,1,mppt
3.7200000286102295,0.009999999776482582,1,mppt
4.0,0.009999999776482582,1,mppt
4.019999980926514,0.009999999776482582,1,mppt
3.740000009536743,0.01666666567325592,1,mppt
4.059999942779541,0.03333333507180214,1,mppt
3.700000047683716,0.009999999776482582,1,mppt
3.4700000286102295,0.019999999552965164,1,mppt
2.9600000381469727,-1.9800000190734863,0,idle
2.9600000381469727,0.009999999776482582,0,idle
3.5299999713897705,0.013333332724869251,1,mppt
3.119999885559082,0.009999999776482582,1,mppt
4.460000038146973,0.009999999776482582,1,mppt
3.4000000953674316,0.009999999776482582,1,mppt
5.210000038146973,1.0099999904632568,1,mppt
2.930000066757202,0.023333333432674408,0,idle
3.869999885559082,0.009999999776482582,1,mppt
4.78000020980835,0.009999999776482582,1,mppt
2.3399999141693115,0.026666665449738503,0,idle
3.190000057220459,0.009999999776482582,1,mppt
2.240000009536743,0.009999999776482582,0,idle
2.809999942779541,0.009999999776482582,0,idle
3.0,0.009999999776482582,1,mppt
4.829999923706055,0.5133333206176758,1,mppt
4.869999885559082,0.009999999776482582,1,mppt
3.130000114440918,0.009999999776482582,1,mppt
3.700000047683716,1.0099999904632568,1,mppt
1.6200000047683716,0.009999999776482582,0,idle
1.899999976158142,-1.9800000190734863,0,idle
2.8499999046325684,0.009999999776482582,0,idle
1.399999976158142,0.009999999776482582,0,idle
1.8300000429153442,0.009999999776482582,0,idle
2.509999990463257,0.009999999776482582,0,idle
1.059999942779541,0.04666666314005852,0,idle
2.630000114440918,0.019999999552965164,0,idle
1.6399999856948853,0.01666666567325592,0,idle
2.0,0.009999999776482582,0,idle
2.119999885559082,0.009999999776482582,0,idle
2.390000104904175,0.009999999776482582,0,idle
2.0,0.009999999776482582,0,idle
1.9800000190734863,90.19998931884766,0,idle
1.4900000095367432,0.026666665449738503,0,idle
1.9600000381469727,0.009999999776482582,0,idle
1.5099999904632568,0.009999999776482582,0,idle
1.7300000190734863,83.8166732788086,0,idle
1.6799999475479126,90.336669921875,0,idle
1.7799999713897705,90.27667236328125,0,idle
1.3799999952316284,0.009999999776482582,0,idle
1.1200000047683716,90.31665802001953,0,idle
1.5399999618530273,90.32999420166016,0,idle
1.690000057220459,90.24332427978516,0,idle
1.4800000190734863,0.009999999776482582,0,idle
1.4800000190734863,89.95999908447266,0,idle
1.2599999904632568,85.16333770751953,0,idle
1.3899999856948853,90.28665924072266,0,idle
1.559999942779541,90.32999420166016,0,idle
1.4800000190734863,87.8566665649414,0,idle
1.4800000190734863,89.9866714477539,0,idle
1.4700000286102295,90.26000213623047,0,idle
1.559999942779541,90.07666015625,0,idle
1.340000033378601,89.8800048828125,0,idle
1.309999942779541,90.24666595458984,0,idle
1.100000023841858,90.24666595458984,0,idle
2.319999933242798,0.009999999776482582,0,idle
2.880000114440918,0.009999999776482582,0,idle
1.8200000524520874,83.94666290283203,0,idle
1.100000023841858,90.24666595458984,0,idle
1.7899999618530273,89.6066665649414,0,idle
1.4700000286102295,85.7833251953125,0,idle
1.659999966621399,90.24332427978516,0,idle
2.3299999237060547,90.24332427978516,0,idle
1.7599999904632568,89.84667205810547,0,idle
2.140000104904175,90.04000091552734,0,idle
1.75,90.3133316040039,0,idle
2.859999895095825,36.86666488647461,0,idle
2.880000114440918,0.009999999776482582,0,idle
2.5899999141693115,90.3133316040039,0,idle
3.049999952316284,0.009999999776482582,1,mppt
2.3299999237060547,28.3799991607666,0,idle
2.5799999237060547,0.009999999776482582,0,idle
2.490000009536743,0.009999999776482582,0,idle
3.240000009536743,0.009999999776482582,1,mppt
2.200000047683716,0.009999999776482582,0,idle
2.890000104904175,0.009999999776482582,0,idle
3.630000114440918,-1.9900001287460327,1,mppt
2.6500000953674316,0.009999999776482582,0,idle
2.7799999713897705,0.009999999776482582,0,idle
2.9700000286102295,0.009999999776482582,0,idle
4.179999828338623,0.009999999776482582,1,mppt
2.319999933242798,0.009999999776482582,0,idle
3.2300000190734863,0.019999999552965164,1,mppt
3.549999952316284,0.009999999776482582,1,mppt
3.059999942779541,0.009999999776482582,1,mppt
2.609999895095825,0.019999999552965164,0,idle
2.680000066757202,0.009999999776482582,0,idle
3.4700000286102295,0.01666666567325592,1,mppt
2.819999933242798,0.009999999776482582,0,idle
2.119999885559082,0.03333333134651184,0,idle
1.6399999856948853,0.029999999329447746,0,idle
2.8499999046325684,0.01666666567325592,0,idle
3.2100000381469727,0.009999999776482582,1,mppt
1.7400000095367432,0.029999999329447746,0,idle
2.7300000190734863,0.029999999329447746,0,idle
3.049999952316284,0.019999999552965164,1,mppt
2.180000066757202,85.45999908447266,0,idle
2.799999952316284,0.019999999552965164,0,idle
1.659999966621399,90.25333404541016,0,idle
1.899999976158142,86.1866683959961,0,idle
2.190000057220459,0.029999999329447746,0,idle
2.9200000762939453,0.03999999910593033,0,idle
2.2300000190734863,0.03999999910593033,0,idle
1.9299999475479126,0.019999999552965164,0,idle
1.8799999952316284,83.88333129882812,0,idle
2.1500000953674316,-0.9633333683013916,0,idle
1.9299999475479126,0.04333333298563957,0,idle
2.0199999809265137,0.029999999329447746,0,idle
2.809999942779541,0.009999999776482582,0,idle
1.7999999523162842,0.019999999552965164,0,idle
1.7699999809265137,0.009999999776482582,0,idle
1.850000023841858,0.04333333298563957,0,idle
1.3600000143051147,0.03333333507180214,0,idle
1.690000057220459,0.029999999329447746,0,idle
2.140000104904175,-0.4866666793823242,0,idle
2.049999952316284,-0.4000000059604645,0,idle
1.3899999856948853,0.009999999776482582,0,idle
1.7799999713897705,0.009999999776482582,0,idle
1.1799999475479126,85.16999053955078,0,idle
1.0399999618530273,89.61666870117188,0,idle
1.3200000524520874,83.4000015258789,0,idle
1.8300000429153442,0.03999999910593033,0,idle
1.2999999523162842,89.62332916259766,0,idle
1.25,83.88333129882812,0,idle
1.7999999523162842,89.42000579833984,0,idle
1.5800000429153442,86.1866683959961,0,idle
1.559999942779541,89.61666870117188,0,idle
1.1100000143051147,89.60999298095703,0,idle
1.8899999856948853,89.7066650390625,0,idle
2.109999895095825,89.92999267578125,0,idle
1.6100000143051147,90.32333374023438,0,idle
1.7400000095367432,90.32999420166016,0,idle
1.7799999713897705,89.61666870117188,0,idle
2.450000047683716,0.04333333298563957,0,idle
1.659999966621399,90.05667114257812,0,idle
2.5199999809265137,90.30333709716797,0,idle
2.990000009536743,0.04333333298563957,0,idle
2.200000047683716,90.21666717529297,0,idle
2.450000047683716,85.16999053955078,0,idle
2.0799999237060547,89.86666107177734,0,idle
2.7300000190734863,0.036666665226221085,0,idle
3.140000104904175,0.009999999776482582,1,mppt
4.269999980926514,0.009999999776482582,1,mppt
3.049999952316284,0.009999999776482582,1,mppt
4.650000095367432,0.009999999776482582,1,mppt
2.759999990463257,0.009999999776482582,0,idle
3.2699999809265137,0.009999999776482582,1,mppt
3.7699999809265137,0.009999999776482582,1,mppt
3.049999952316284,0.009999999776482582,1,mppt
2.5199999809265137,0.029999999329447746,0,idle
3.0799999237060547,0.009999999776482582,1,mppt
2.5999999046325684,0.009999999776482582,0,idle
2.8499999046325684,-1.9733333587646484,0,idle
2.4100000858306885,0.026666665449738503,0,idle
3.7699999809265137,0.009999999776482582,1,mppt
2.0899999141693115,90.25333404541016,0,idle
1.659999966621399,0.019999999552965164,0,idle
1.9600000381469727,0.019999999552965164,0,idle
1.9700000286102295,0.029999999329447746,0,idle
2.4000000953674316,0.05000000074505806,0,idle
1.8899999856948853,0.019999999552965164,0,idle
1.9800000190734863,0.009999999776482582,0,idle
1.9199999570846558,0.029999999329447746,0,idle
2.2699999809265137,0.5099999904632568,0,idle
1.8200000524520874,0.036666665226221085,0,idle
1.5099999904632568,0.036666665226221085,0,idle
1.4800000190734863,0.03999999910593033,0,idle
1.649999976158142,0.5099999904632568,0,idle
1.3700000047683716,90.3066635131836,0,idle
1.7899999618530273,86.00667572021484,0,idle
2.0199999809265137,90.26000213623047,0,idle
3.5,0.026666665449738503,1,mppt
2.759999990463257,0.029999999329447746,0,idle
3.4700000286102295,0.04333333298563957,1,mppt
1.909999966621399,85.88666534423828,0,idle
2.7100000381469727,0.036666665226221085,0,idle
2.1500000953674316,0.036666665226221085,0,idle
2.8499999046325684,0.029999999329447746,0,idle
2.890000104904175,0.029999999329447746,0,idle
2.5899999141693115,0.029999999329447746,0,idle
2.3499999046325684,0.026666665449738503,0,idle
2.0199999809265137,0.019999999552965164,0,idle
3.559999942779541,0.01666666567325592,1,mppt
3.4100000858306885,0.7699999809265137,1,mppt
3.940000057220459,0.09000000357627869,1,mppt
2.5899999141693115,17.013334274291992,0,idle
5.079999923706055,0.036666665226221085,1,mppt
4.329999923706055,0.009999999776482582,1,mppt
5.130000114440918,0.013333332724869251,1,mppt
5.079999923706055,0.009999999776482582,1,mppt
4.179999828338623,-0.49000000953674316,1,mppt
6.820000171661377,0.029999999329447746,1,mppt
5.78000020980835,0.029999999329447746,1,mppt
5.269999980926514,0.6833333373069763,1,mppt
5.039999961853027,1.7999998331069946,1,mppt
6.730000019073486,4.21999979019165,3,transition
7.489999771118164,4.5,3,transition
5.769999980926514,2.450000047683716,3,transition
7.309999942779541,5.409999847412109,3,transition
7.349999904632568,0.2800000011920929,1,mppt
7.489999771118164,-0.429999977350235,1,mppt
6.230000019073486,0.38999998569488525,1,mppt
7.96999979019165,-0.49000000953674316,1,mppt
7.510000228881836,0.019999999552965164,1,mppt
7.300000190734863,0.019999999552965164,1,mppt
8.229999542236328,0.10333333164453506,1,mppt
8.079999923706055,0.01666666567325592,1,mppt
8.5,0.05999999865889549,1,mppt
7.590000152587891,0.03999999910593033,1,mppt
7.909999847412109,0.009999999776482582,1,mppt
7.519999980926514,0.009999999776482582,1,mppt
7.320000171661377,0.009999999776482582,1,mppt
8.720000267028809,0.1899999976158142,1,mppt
7.800000190734863,0.029999999329447746,1,mppt
8.460000038146973,0.23000000417232513,1,mppt
8.34000015258789,0.053333330899477005,1,mppt
8.760000228881836,0.3799999952316284,1,mppt
8.779999732971191,1.1799999475479126,1,mppt
7.599999904632568,0.019999999552965164,1,mppt
8.5,0.10000000149011612,1,mppt
8.34000015258789,0.20999999344348907,1,mppt
8.579999923706055,0.03999999910593033,1,mppt
7.929999828338623,0.09000000357627869,1,mppt
8.899999618530273,0.5299999713897705,1,mppt
8.029999732971191,0.019999999552965164,1,mppt
6.960000038146973,0.013333332724869251,1,mppt
7.809999942779541,0.02333333157002926,1,mppt
7.380000114440918,0.25,1,mppt
8.670000076293945,0.2199999839067459,1,mppt
8.350000381469727,0.08666666597127914,1,mppt
6.769999980926514,1.5499998331069946,1,mppt
6.5,0.009999999776482582,1,mppt
8.890000343322754,0.5799999833106995,1,mppt
7.369999885559082,0.07000000029802322,1,mppt
7.519999980926514,0.006666666362434626,1,mppt
6.739999771118164,0.009999999776482582,1,mppt
7.340000152587891,0.019999999552965164,1,mppt
7.510000228881836,0.11999999731779099,1,mppt
7.03000020980835,0.019999999552965164,1,mppt
7.139999866485596,0.009999999776482582,1,mppt
7.550000190734863,0.01666666567325592,1,mppt
7.119999885559082,0.019999999552965164,1,mppt
7.650000095367432,0.009999999776482582,1,mppt
7.699999809265137,0.009999999776482582,1,mppt
6.889999866485596,0.013333332724869251,1,mppt
6.659999847412109,0.009999999776482582,1,mppt
7.050000190734863,0.009999999776482582,1,mppt
7.150000095367432,0.009999999776482582,1,mppt
5.739999771118164,0.11999999731779099,1,mppt
5.340000152587891,0.009999999776482582,1,mppt
7.829999923706055,0.5133333206176758,1,mppt
6.179999828338623,0.009999999776482582,1,mppt
6.429999828338623,-0.49000000953674316,1,mppt
6.320000171661377,0.009999999776482582,1,mppt
6.309999942779541,0.009999999776482582,1,mppt
5.409999847412109,0.009999999776482582,1,mppt
4.619999885559082,0.009999999776482582,1,mppt
6.340000152587891,0.009999999776482582,1,mppt
5.860000133514404,0.009999999776482582,1,mppt
5.489999771118164,0.009999999776482582,1,mppt
4.909999847412109,0.009999999776482582,1,mppt
4.71999979019165,0.009999999776482582,1,mppt
7.099999904632568,-0.009999999776482582,1,mppt
5.940000057220459,0.009999999776482582,1,mppt
5.889999866485596,0.009999999776482582,1,mppt
4.829999923706055,0.009999999776482582,1,mppt
3.819999933242798,0.009999999776482582,1,mppt
4.170000076293945,0.009999999776482582,1,mppt
3.4000000953674316,0.009999999776482582,1,mppt
3.9000000953674316,0.009999999776482582,1,mppt
5.28000020980835,0.009999999776482582,1,mppt
3.6700000762939453,63.54666519165039,3,transition
5.010000228881836,-0.9900000095367432,1,mppt
4.630000114440918,0.009999999776482582,1,mppt
4.739999771118164,0.009999999776482582,1,mppt
4.920000076293945,0.009999999776482582,1,mppt
4.71999979019165,0.009999999776482582,1,mppt
3.630000114440918,0.009999999776482582,1,mppt
3.740000009536743,0.009999999776482582,1,mppt
3.890000104904175,-1.5099998712539673,1,mppt
3.180000066757202,0.009999999776482582,1,mppt
5.610000133514404,0.009999999776482582,1,mppt
4.139999866485596,0.03333333134651184,1,mppt
5.570000171661377,0.009999999776482582,1,mppt
2.359999895095825,0.036666665226221085,0,idle
3.819999933242798,0.019999999552965164,1,mppt
3.009999990463257,0.009999999776482582,1,mppt
1.7999999523162842,0.009999999776482582,0,idle
2.190000057220459,0.023333333432674408,0,idle
1.899999976158142,0.009999999776482582,0,idle
3.559999942779541,0.009999999776482582,1,mppt
3.5899999141693115,0.009999999776482582,1,mppt
1.4800000190734863,83.7933349609375,0,idle
4.070000171661377,0.046666666865348816,1,mppt
1.4299999475479126,12.65666675567627,0,idle
1.3300000429153442,83.7933349609375,0,idle
1.2100000381469727,51.04666519165039,0,idle
1.4500000476837158,90.01000213623047,0,idle
1.9600000381469727,0.009999999776482582,0,idle
4.159999847412109,0.009999999776482582,1,mppt
1.659999966621399,85.2266616821289,0,idle
4.650000095367432,0.029999999329447746,1,mppt
1.2999999523162842,90.75333404541016,0,idle
1.1200000047683716,86.12332916259766,0,idle
1.850000023841858,89.6199951171875,0,idle
5.019999980926514,0.036666665226221085,1,mppt
1.909999966621399,0.009999999776482582,0,idle
6.03000020980835,0.03999999910593033,1,mppt
5.019999980926514,0.009999999776482582,1,mppt
1.1699999570846558,90.22333526611328,0,idle
1.1399999856948853,90.00333404541016,0,idle
1.8200000524520874,90.24666595458984,0,idle
1.850000023841858,0.009999999776482582,0,idle
1.690000057220459,90.15999603271484,0,idle
1.4199999570846558,90.32999420166016,0,idle
6.389999866485596,0.03999999910593033,1,mppt
2.309999942779541,90.21332550048828,0,idle
2.0399999618530273,90.2066650390625,0,idle
6.510000228881836,0.009999999776482582,1,mppt
6.440000057220459,0.03999999910593033,1,mppt
5.260000228881836,0.009999999776482582,1,mppt
1.9600000381469727,89.84333038330078,0,idle
4.559999942779541,0.009999999776482582,1,mppt
3.6700000762939453,0.009999999776482582,1,mppt
2.0999999046325684,89.90666961669922,0,idle
2.5,85.7933349609375,0,idle
2.640000104904175,42.90666580200195,0,idle
5.559999942779541,0.009999999776482582,1,mppt
5.139999866485596,0.009999999776482582,1,mppt
3.75,0.046666666865348816,1,mppt
3.180000066757202,0.009999999776482582,1,mppt
5.309999942779541,0.013333332724869251,1,mppt
5.889999866485596,0.009999999776482582,1,mppt
4.480000019073486,0.013333332724869251,1,mppt
1.4800000190734863,90.2733383178711,0,idle
3.440000057220459,0.009999999776482582,1,mppt
1.4900000095367432,90.00667572021484,0,idle
1.7200000286102295,87.94000244140625,2,pitch_control
1.2400000095367432,90.2699966430664,0,idle
2.130000114440918,5.406666278839111,0,idle
0.4000000059604645,90.35333251953125,0,idle
1.4700000286102295,0.009999999776482582,0,idle
0.9399999976158142,90.77666473388672,0,idle
2.5799999237060547,0.009999999776482582,0,idle
0.5400000214576721,90.25666046142578,0,idle
0.9599999785423279,85.85333251953125,0,idle
0.9599999785423279,85.64666748046875,0,idle
2.180000066757202,0.009999999776482582,0,idle
0.7300000190734863,89.6500015258789,0,idle
1.1399999856948853,90.29000091552734,0,idle
1.6299999952316284,90.20333099365234,0,idle
0.9700000286102295,90.3066635131836,0,idle
1.149999976158142,90.77666473388672,0,idle
1.0299999713897705,85.44666290283203,0,idle
0.9200000166893005,90.07333374023438,0,idle
0.9300000071525574,90.14000701904297,0,idle
0.7799999713897705,90.01333618164062,0,idle
1.2200000286102295,90.24332427978516,0,idle
0.9399999976158142,90.18999481201172,0,idle
1.190000057220459,10.793334007263184,0,idle
0.9700000286102295,83.3933334350586,0,idle
1.3200000524520874,89.82999420166016,0,idle
0.9200000166893005,90.77666473388672,0,idle
1.2200000286102295,87.8566665649414,0,idle
1.1299999952316284,90.23666381835938,0,idle
1.2400000095367432,90.2166748046875,0,idle
0.4699999988079071,86.02667236328125,0,idle
1.399999976158142,89.82999420166016,0,idle
1.6699999570846558,89.84333038330078,0,idle
1.5800000429153442,90.30999755859375,0,idle
1.3700000047683716,90.1433334350586,0,idle
0.6499999761581421,89.70333862304688,0,idle
0.9599999785423279,90.3499984741211,0,idle
1.5399999618530273,87.95999908447266,0,idle
1.6799999475479126,90.32000732421875,0,idle
1.5399999618530273,90.28333282470703,0,idle
1.4700000286102295,88.3566665649414,0,idle
0.41999998688697815,90.3499984741211,0,idle
0.5799999833106995,83.83000183105469,0,idle
1.5399999618530273,90.32333374023438,0,idle
1.7200000286102295,89.98999786376953,0,idle
1.5800000429153442,90.30667114257812,0,idle
2.25,90.14666748046875,0,idle
1.5,86.19666290283203,0,idle
1.0399999618530273,90.26000213623047,0,idle
1.5199999809265137,90.29000091552734,0,idle
1.159999966621399,90.32666778564453,0,idle
1.7100000381469727,90.30333709716797,0,idle
1.2799999713897705,90.2699966430664,0,idle
1.3600000143051147,90.30999755859375,0,idle
1.440000057220459,89.87332916259766,0,idle
1.4800000190734863,89.9000015258789,0,idle
1.4199999570846558,87.95999908447266,0,idle
1.4600000381469727,90.18999481201172,0,idle
1.4800000190734863,86.02667236328125,0,idle
1.5800000429153442,90.14000701904297,0,idle
1.7799999713897705,90.2699966430664,0,idle
1.7300000190734863,89.96334075927734,0,idle
1.7100000381469727,90.00333404541016,0,idle
1.590000033378601,85.85333251953125,0,idle
2.4000000953674316,90.32333374023438,0,idle
1.6699999570846558,90.2699966430664,0,idle
1.7300000190734863,90.2800064086914,0,idle
1.5800000429153442,90.32666778564453,0,idle
1.6799999475479126,83.83000183105469,0,idle
2.9100000858306885,75.15333557128906,0,idle
1.7400000095367432,83.84666442871094,0,idle
1.75,86.02667236328125,0,idle
2.5,89.85333251953125,0,idle
2.1600000858306885,90.46334075927734,0,idle
2.0399999618530273,89.98333740234375,0,idle
1.8799999952316284,90.33333587646484,0,idle
1.649999976158142,90.30333709716797,0,idle
2.609999895095825,90.2833251953125,0,idle
1.7799999713897705,85.44666290283203,0,idle
2.0399999618530273,89.61333465576172,0,idle
1.5800000429153442,90.32666778564453,0,idle
2.059999942779541,90.3499984741211,0,idle
1.7100000381469727,90.32666778564453,0,idle
1.7699999809265137,90.14000701904297,0,idle
1.5800000429153442,90.29666137695312,0,idle
1.5199999809265137,85.19666290283203,0,idle
0.9300000071525574,90.30333709716797,0,idle
1.2899999618530273,90.07333374023438,0,idle
1.3200000524520874,90.1100082397461,0,idle
1.190000057220459,90.3066635131836,0,idle
1.4299999475479126,90.26000213623047,0,idle
1.1799999475479126,90.1100082397461,0,idle
0.9599999785423279,90.00333404541016,0,idle
1.3200000524520874,90.27999877929688,0,idle
0.7400000095367432,89.87332916259766,0,idle
1.2200000286102295,89.61333465576172,0,idle
1.1399999856948853,89.85333251953125,0,idle
0.1599999964237213,90.29999542236328,0,idle
1.1699999570846558,90.4800033569336,0,idle
0.9599999785423279,85.8166732788086,0,idle
1.059999942779541,89.95999908447266,0,idle
1.0700000524520874,90.29000091552734,0,idle
1.1399999856948853,90.33333587646484,0,idle
0.12999999523162842,90.35333251953125,0,idle
0.3400000035762787,90.2733383178711,0,idle
0.3100000023841858,90.19666290283203,0,idle
0.9300000071525574,89.98999786376953,0,idle
1.1699999570846558,90.2699966430664,0,idle
0.7099999785423279,90.30999755859375,0,idle
1.3300000429153442,89.61333465576172,0,idle
0.8500000238418579,88.3566665649414,0,idle
1.2899999618530273,83.87000274658203,0,idle
1.1299999952316284,90.25666046142578,0,idle
1.350000023841858,90.1300048828125,0,idle
1.559999942779541,89.94332885742188,0,idle
1.159999966621399,89.9800033569336,0,idle
1.4900000095367432,89.6500015258789,0,idle
0.9700000286102295,83.87000274658203,0,idle
0.699999988079071,89.84667205810547,0,idle
0.8999999761581421,89.61333465576172,0,idle
0.44999998807907104,90.25333404541016,0,idle
0.7099999785423279,90.25666046142578,0,idle
0.6100000143051147,90.07333374023438,0,idle
0.6399999856948853,90.14000701904297,0,idle
0.5099999904632568,86.19666290283203,0,idle
0.6800000071525574,90.1100082397461,0,idle
0.8500000238418579,90.19666290283203,0,idle
1.1299999952316284,85.82333374023438,0,idle
0.8299999833106995,90.25666046142578,0,idle
0.8999999761581421,88.3566665649414,0,idle
0.5600000023841858,90.336669921875,0,idle
0.7200000286102295,90.24332427978516,0,idle
1.0499999523162842,83.84666442871094,0,idle
0.8600000143051147,85.75,0,idle
0.8899999856948853,86.02667236328125,0,idle
1.350000023841858,89.5566635131836,0,idle
0.8299999833106995,89.84667205810547,0,idle
1.0499999523162842,90.2166748046875,0,idle
1.4700000286102295,90.27332305908203,0,idle
0.9800000190734863,85.75,0,idle
1.4800000190734863,90.30667114257812,0,idle
1.0099999904632568,86.19666290283203,0,idle
1.350000023841858,90.21334075927734,0,idle
1.1100000143051147,90.3066635131836,0,idle
2.059999942779541,90.3466567993164,0,idle
0.6800000071525574,90.23666381835938,0,idle
0.7900000214576721,89.6500015258789,0,idle
0.75,90.33333587646484,0,idle
1.9900000095367432,90.27666473388672,0,idle
0.3100000023841858,88.0999984741211,0,idle
0.6299999952316284,90.07333374023438,0,idle
0.4099999964237213,90.23666381835938,0,idle
0.9100000262260437,90.30333709716797,0,idle
0.7599999904632568,90.32333374023438,0,idle
2.0899999141693115,89.57999420166016,0,idle
0.5899999737739563,90.23666381835938,0,idle
0.6399999856948853,90.1100082397461,0,idle
1.8200000524520874,89.55999755859375,0,idle
2.619999885559082,90.28333282470703,0,idle
0.7200000286102295,85.19666290283203,0,idle
1.3899999856948853,89.98999786376953,0,idle
2.6700000762939453,29.426666259765625,0,idle
2.4700000286102295,45.54666519165039,0,idle
1.909999966621399,85.84333038330078,0,idle
1.409999966621399,90.30999755859375,0,idle
1.2200000286102295,90.3066635131836,0,idle
2.4000000953674316,89.99333953857422,0,idle
1.6200000047683716,90.25333404541016,0,idle
1.5199999809265137,89.84333038330078,0,idle
1.6799999475479126,90.14000701904297,0,idle
2.5399999618530273,1.0199999809265137,0,idle
1.600000023841858,90.25333404541016,0,idle
1.7400000095367432,90.30667114257812,0,idle
1.8700000047683716,90.13333129882812,0,idle
1.7400000095367432,90.25333404541016,0,idle
2.380000114440918,89.61333465576172,0,idle
2.4700000286102295,90.29000091552734,0,idle
1.7300000190734863,7.28000020980835,0,idle
2.0899999141693115,88.336669921875,0,idle
1.9500000476837158,83.84666442871094,0,idle
2.190000057220459,90.34333038330078,0,idle
2.5,87.80999755859375,0,idle
2.359999895095825,89.9800033569336,0,idle
2.640000104904175,90.3066635131836,0,idle
2.3299999237060547,85.8933334350586,0,idle
2.5,90.30333709716797,0,idle
2.049999952316284,90.01333618164062,0,idle
2.609999895095825,67.80333709716797,0,idle
2.6500000953674316,90.3066635131836,0,idle
2.9100000858306885,89.3066635131836,0,idle
2.6700000762939453,84.60999298095703,0,idle
1.8799999952316284,33.73666763305664,0,idle
1.899999976158142,12.393333435058594,0,idle
1.9500000476837158,90.29999542236328,0,idle
2.0,0.009999999776482582,0,idle
2.130000114440918,85.80333709716797,0,idle
3.109999895095825,0.009999999776482582,1,mppt
2.2300000190734863,89.8800048828125,0,idle
2.2200000286102295,83.90666961669922,0,idle
2.299999952316284,88.3933334350586,0,idle
2.359999895095825,85.91666412353516,0,idle
2.490000009536743,89.6199951171875,0,idle
2.6600000858306885,0.009999999776482582,0,idle
2.509999990463257,89.95000457763672,0,idle
2.8299999237060547,0.009999999776482582,0,idle
1.899999976158142,32.65999984741211,0,idle
1.9199999570846558,0.009999999776482582,0,idle
2.759999990463257,0.009999999776482582,0,idle
2.569999933242798,0.009999999776482582,0,idle
2.0199999809265137,89.97333526611328,0,idle
1.8300000429153442,90.3166732788086,0,idle
2.309999942779541,90.77666473388672,0,idle
1.840000033378601,0.009999999776482582,0,idle
1.8700000047683716,90.0533218383789,0,idle
2.7200000286102295,85.60000610351562,0,idle
2.049999952316284,90.31999969482422,0,idle
3.2200000286102295,-0.49000000953674316,1,mppt
2.359999895095825,0.009999999776482582,0,idle
2.8299999237060547,1.350000023841858,0,idle
1.909999966621399,0.009999999776482582,0,idle
2.200000047683716,0.009999999776482582,0,idle
1.6100000143051147,40.529998779296875,0,idle
1.809999942779541,0.009999999776482582,0,idle
1.7899999618530273,90.1933364868164,0,idle
1.5499999523162842,0.009999999776482582,0,idle
1.690000057220459,0.009999999776482582,0,idle
1.2899999618530273,0.009999999776482582,0,idle
1.3799999952316284,87.98666381835938,0,idle
1.909999966621399,90.32999420166016,0,idle
1.7000000476837158,90.30999755859375,0,idle
1.5399999618530273,83.88999938964844,0,idle
1.9800000190734863,0.009999999776482582,0,idle
2.009999990463257,90.07999420166016,0,idle
1.7599999904632568,90.33333587646484,0,idle
1.600000023841858,85.82000732421875,0,idle
2.609999895095825,0.009999999776482582,0,idle
1.940000057220459,90.34667205810547,0,idle
1.7100000381469727,90.33333587646484,0,idle
2.4600000381469727,90.1933364868164,0,idle
3.359999895095825,0.009999999776482582,1,mppt
2.700000047683716,75.40333557128906,0,idle
1.8300000429153442,90.0533218383789,0,idle
2.640000104904175,85.8166732788086,0,idle
2.3399999141693115,90.31999969482422,0,idle
2.609999895095825,83.92333221435547,0,idle
2.7200000286102295,0.009999999776482582,0,idle
2.549999952316284,83.92333221435547,0,idle
3.0,0.009999999776482582,1,mppt
2.5399999618530273,81.94999694824219,0,idle
2.4200000762939453,21.606666564941406,0,idle
3.690000057220459,-0.49000000953674316,1,mppt
2.8399999141693115,0.009999999776482582,0,idle
3.359999895095825,0.009999999776482582,1,mppt
3.1600000858306885,0.009999999776482582,1,mppt
2.069999933242798,71.24000549316406,0,idle
2.309999942779541,0.009999999776482582,0,idle
2.0999999046325684,0.009999999776482582,0,idle
2.5299999713897705,88.73999786376953,0,idle
2.140000104904175,90.32666778564453,0,idle
2.430000066757202,-0.49000000953674316,0,idle
1.850000023841858,89.90332794189453,0,idle
1.809999942779541,85.836669921875,0,idle
1.9299999475479126,0.009999999776482582,0,idle
1.7300000190734863,90.33999633789062,0,idle
1.850000023841858,83.93334197998047,0,idle
1.7599999904632568,0.009999999776482582,0,idle
1.8799999952316284,90.32666778564453,0,idle
2.4200000762939453,0.009999999776482582,0,idle
2.680000066757202,0.009999999776482582,0,idle
1.5099999904632568,90.34333038330078,0,idle
1.1100000143051147,87.96334075927734,0,idle
1.1299999952316284,83.86666107177734,0,idle
1.3799999952316284,62.526668548583984,0,idle
1.25,90.27667236328125,0,idle
1.350000023841858,89.77666473388672,0,idle
1.2200000286102295,90.2933349609375,0,idle
0.8899999856948853,90.28665924072266,0,idle
1.25,90.27667236328125,0,idle
1.340000033378601,89.98333740234375,0,idle
1.149999976158142,89.90666961669922,0,idle
1.4500000476837158,89.58666229248047,0,idle
1.4500000476837158,89.5566635131836,0,idle
1.3600000143051147,85.45999908447266,0,idle
1.5099999904632568,83.93334197998047,0,idle
1.4700000286102295,90.0999984741211,0,idle
1.340000033378601,90.10999298095703,0,idle
1.25,83.92000579833984,0,idle
1.4700000286102295,90.00333404541016,0,idle
2.0899999141693115,85.8166732788086,0,idle
1.5099999904632568,89.63666534423828,0,idle
0.9800000190734863,90.27999877929688,0,idle
1.8300000429153442,50.40333557128906,0,idle
0.9100000262260437,90.23333740234375,0,idle
2.0899999141693115,90.31999969482422,0,idle
1.2799999713897705,83.913330078125,0,idle
1.2300000190734863,89.62332916259766,0,idle
1.2899999618530273,90.25667572021484,0,idle
1.3200000524520874,90.23333740234375,0,idle
1.6799999475479126,90.336669921875,0,idle
1.3899999856948853,90.1433334350586,0,idle
1.7200000286102295,90.25667572021484,0,idle
1.2000000476837158,90.30667114257812,0,idle
1.600000023841858,90.23332977294922,0,idle
1.5700000524520874,90.03665924072266,0,idle
1.9299999475479126,90.57000732421875,0,idle
2.559999942779541,90.12000274658203,0,idle
1.2400000095367432,88.3566665649414,0,idle
1.5299999713897705,90.33333587646484,0,idle
1.6799999475479126,85.45999908447266,0,idle
2.2300000190734863,90.29666137695312,0,idle
1.5,90.27666473388672,0,idle
1.7200000286102295,89.59000396728516,0,idle
1.600000023841858,90.32333374023438,0,idle
0.8299999833106995,83.92000579833984,0,idle
1.0299999713897705,89.83333587646484,0,idle
1.4700000286102295,89.836669921875,0,idle
0.8700000047683716,90.3566665649414,0,idle
1.25,86.05333709716797,0,idle
1.6200000047683716,90.3699951171875,0,idle
0.9900000095367432,90.7733383178711,0,idle
1.8899999856948853,90.33999633789062,0,idle
1.1699999570846558,90.0999984741211,0,idle
1.159999966621399,83.86666107177734,0,idle
1.399999976158142,90.32666778564453,0,idle
1.2100000381469727,90.0999984741211,0,idle
1.309999942779541,90.3699951171875,0,idle
1.7200000286102295,90.33000946044922,0,idle
1.590000033378601,89.48999786376953,0,idle
1.4500000476837158,90.04000091552734,0,idle
1.4199999570846558,88.10999298095703,0,idle
1.9900000095367432,90.33333587646484,0,idle
1.6200000047683716,88.3566665649414,0,idle
1.909999966621399,90.00667572021484,0,idle
1.9500000476837158,89.62332916259766,0,idle
1.850000023841858,90.04666900634766,0,idle
1.7200000286102295,89.67666625976562,0,idle
1.940000057220459,90.32666778564453,0,idle
1.590000033378601,89.94332885742188,0,idle
1.7200000286102295,90.24332427978516,0,idle
1.9900000095367432,89.57666778564453,0,idle
2.4700000286102295,85.22000122070312,0,idle
1.7699999809265137,90.24666595458984,0,idle
1.8600000143051147,90.33333587646484,0,idle
2.25,90.32666778564453,0,idle
1.7699999809265137,90.26667022705078,0,idle
1.659999966621399,90.2266616821289,0,idle
1.690000057220459,0.009999999776482582,0,idle
1.8799999952316284,90.28333282470703,0,idle
1.5499999523162842,90.09000396728516,0,idle
2.450000047683716,90.25,0,idle
1.4700000286102295,90.04666900634766,0,idle
1.75,90.0999984741211,0,idle
1.9900000095367432,89.62332916259766,0,idle
1.9800000190734863,89.94666290283203,0,idle
1.9199999570846558,89.64666748046875,0,idle
1.840000033378601,89.70333099365234,0,idle
2.369999885559082,90.25,0,idle
2.240000009536743,86.19666290283203,0,idle
2.5199999809265137,89.7733383178711,0,idle
2.559999942779541,88.46666717529297,0,idle
2.1500000953674316,90.3566665649414,0,idle
1.8300000429153442,90.336669921875,0,idle
2.109999895095825,89.90666961669922,0,idle
2.4100000858306885,89.33333587646484,0,idle
2.299999952316284,90.3566665649414,0,idle
1.7699999809265137,90.28665924072266,0,idle
1.590000033378601,90.0999984741211,0,idle
1.350000023841858,90.28333282470703,0,idle
1.5099999904632568,90.09000396728516,0,idle
1.7400000095367432,89.90332794189453,0,idle
1.8200000524520874,90.34000396728516,0,idle
2.200000047683716,86.00666046142578,0,idle
1.8799999952316284,86.05333709716797,0,idle
1.9299999475479126,90.32332611083984,0,idle
1.2100000381469727,90.20333099365234,0,idle
1.690000057220459,90.27666473388672,0,idle
1.1799999475479126,90.30999755859375,0,idle
0.8399999737739563,86.05333709716797,0,idle
0.949999988079071,85.23333740234375,0,idle
0.949999988079071,89.87332916259766,0,idle
0.5799999833106995,89.836669921875,0,idle
0.46000000834465027,90.02667236328125,0,idle
0.7300000190734863,90.33333587646484,0,idle
0.20999999344348907,90.10999298095703,0,idle
0.3199999928474426,90.3166732788086,0,idle
1.190000057220459,90.3699951171875,0,idle
0.7799999713897705,90.3600082397461,0,idle
1.4700000286102295,90.34333038330078,0,idle
1.5499999523162842,90.2933349609375,0,idle
1.4800000190734863,90.3066635131836,0,idle
1.059999942779541,90.25333404541016,0,idle
1.7799999713897705,90.20333099365234,0,idle
1.7000000476837158,89.62667083740234,0,idle
1.3300000429153442,89.98333740234375,0,idle
1.850000023841858,89.99332427978516,0,idle
1.2999999523162842,90.2933349609375,0,idle
1.7599999904632568,90.32333374023438,0,idle
1.850000023841858,90.37000274658203,0,idle
2.5899999141693115,90.27667236328125,0,idle
1.9800000190734863,90.3600082397461,0,idle
2.3399999141693115,85.82666778564453,0,idle
2.259999990463257,90.3600082397461,0,idle
2.140000104904175,16.446666717529297,0,idle
2.619999885559082,0.009999999776482582,0,idle
2.0399999618530273,86.11333465576172,0,idle
1.8600000143051147,85.43000030517578,0,idle
2.25,85.80667114257812,0,idle
1.75,90.3066635131836,0,idle
1.6399999856948853,89.6199951171875,0,idle
2.359999895095825,90.3600082397461,0,idle
2.130000114440918,90.80999755859375,0,idle
1.7799999713897705,88.3133316040039,0,idle
2.9700000286102295,71.5999984741211,0,idle
2.2300000190734863,90.29999542236328,0,idle
3.0799999237060547,67.7933349609375,3,transition
2.8399999141693115,36.6533317565918,0,idle
3.5399999618530273,1.3799999952316284,1,mppt
3.299999952316284,0.05000000074505806,1,mppt
3.009999990463257,38.21000289916992,3,transition
3.5199999809265137,0.5400000214576721,1,mppt
3.8399999141693115,1.6100000143051147,1,mppt
3.369999885559082,5.170000076293945,3,transition
3.0199999809265137,1.2599999904632568,1,mppt
3.5399999618530273,0.5099999904632568,1,mppt
3.6500000953674316,2.359999895095825,3,transition
4.349999904632568,83.41666412353516,3,transition
3.9600000381469727,83.9566650390625,3,transition
4.559999942779541,24.343332290649414,3,transition
4.289999961853027,90.05667114257812,3,transition
5.309999942779541,70.18000030517578,3,transition
5.019999980926514,90.57333374023438,3,transition
5.0,68.70333862304688,3,transition
6.150000095367432,9.960000038146973,3,transition
5.789999961853027,8.970000267028809,3,transition
6.650000095367432,85.73666381835938,3,transition
5.289999961853027,90.35999298095703,3,transition
5.289999961853027,4.809999942779541,3,transition
5.440000057220459,2.490000009536743,3,transition
5.75,90.30667114257812,3,transition
5.639999866485596,90.30999755859375,3,transition
5.889999866485596,78.90332794189453,3,transition
6.039999961853027,90.28667449951172,3,transition
5.349999904632568,90.16666412353516,3,transition
4.599999904632568,90.28333282470703,3,transition
5.360000133514404,85.8566665649414,3,transition
5.559999942779541,90.34000396728516,3,transition
5.260000228881836,85.21666717529297,3,transition
4.849999904632568,86.1933364868164,3,transition
5.070000171661377,89.83333587646484,3,transition
4.519999980926514,90.32999420166016,3,transition
4.889999866485596,90.33333587646484,3,transition
4.380000114440918,90.32333374023438,3,transition
5.690000057220459,89.98333740234375,3,transition
5.989999771118164,90.15999603271484,3,transition
6.179999828338623,90.23666381835938,3,transition
6.269999980926514,4.599999904632568,3,transition
6.010000228881836,90.29999542236328,3,transition
5.21999979019165,47.47333908081055,3,transition
5.480000019073486,45.383331298828125,3,transition
5.429999828338623,60.733333587646484,3,transition
4.880000114440918,45.15000534057617,3,transition
5.019999980926514,45.5433349609375,3,transition
6.239999771118164,90.24666595458984,3,transition
5.409999847412109,2.430000066757202,3,transition
6.170000076293945,90.28665924072266,3,transition
5.710000038146973,80.68000030517578,3,transition
5.980000019073486,0.14000000059604645,1,mppt
4.409999847412109,0.38999998569488525,1,mppt
5.090000152587891,0.47999998927116394,1,mppt
5.869999885559082,82.66666412353516,3,transition
6.070000171661377,0.28999999165534973,1,mppt
4.920000076293945,63.163333892822266,3,transition
4.96999979019165,0.17000000178813934,1,mppt
5.940000057220459,-1.7100000381469727,1,mppt
5.880000114440918,0.09000000357627869,1,mppt
5.300000190734863,0.05999999865889549,1,mppt
4.980000019073486,0.009999999776482582,1,mppt
5.150000095367432,0.009999999776482582,1,mppt
5.420000076293945,0.009999999776482582,1,mppt
6.389999866485596,-0.49000000953674316,1,mppt
5.400000095367432,0.009999999776482582,1,mppt
5.550000190734863,0.009999999776482582,1,mppt
4.900000095367432,0.009999999776482582,1,mppt
4.159999847412109,0.009999999776482582,1,mppt
7.380000114440918,0.009999999776482582,1,mppt
5.099999904632568,0.009999999776482582,1,mppt
6.889999866485596,0.009999999776482582,1,mppt
6.730000019073486,0.009999999776482582,1,mppt
5.130000114440918,-0.9900000095367432,1,mppt
5.079999923706055,0.009999999776482582,1,mppt
5.860000133514404,0.009999999776482582,1,mppt
8.479999542236328,0.5099999904632568,1,mppt
5.710000038146973,0.009999999776482582,1,mppt
5.630000114440918,0.009999999776482582,1,mppt
7.579999923706055,-0.49000000953674316,1,mppt
5.369999885559082,0.009999999776482582,1,mppt
6.099999904632568,0.009999999776482582,1,mppt
6.389999866485596,-1.6200000047683716,1,mppt
6.019999980926514,27.23000144958496,3,transition
6.869999885559082,-0.41999998688697815,1,mppt
5.940000057220459,0.009999999776482582,1,mppt
5.079999923706055,0.009999999776482582,1,mppt
4.46999979019165,0.009999999776482582,1,mppt
5.070000171661377,0.009999999776482582,1,mppt
5.03000020980835,0.009999999776482582,1,mppt
6.840000152587891,0.009999999776482582,1,mppt
6.050000190734863,-1.4900001287460327,1,mppt
6.329999923706055,0.009999999776482582,1,mppt
5.800000190734863,0.009999999776482582,1,mppt
5.769999980926514,0.009999999776482582,1,mppt
5.360000133514404,0.009999999776482582,1,mppt
5.210000038146973,0.009999999776482582,1,mppt
5.920000076293945,0.009999999776482582,1,mppt
5.710000038146973,0.009999999776482582,1,mppt
5.300000190734863,-1.5099998712539673,1,mppt
4.960000038146973,0.009999999776482582,1,mppt
6.090000152587891,0.009999999776482582,1,mppt
4.409999847412109,0.009999999776482582,1,mppt
4.579999923706055,0.009999999776482582,1,mppt
3.4200000762939453,0.009999999776482582,1,mppt
4.550000190734863,0.009999999776482582,1,mppt
4.400000095367432,0.009999999776482582,1,mppt
4.360000133514404,0.009999999776482582,1,mppt
4.769999980926514,0.009999999776482582,1,mppt
4.409999847412109,0.009999999776482582,1,mppt
3.799999952316284,-1.71999990940094,1,mppt
3.549999952316284,0.009999999776482582,1,mppt
3.4200000762939453,0.009999999776482582,1,mppt
3.6700000762939453,0.009999999776482582,1,mppt
3.690000057220459,0.009999999776482582,1,mppt
3.0999999046325684,0.009999999776482582,1,mppt
2.680000066757202,0.009999999776482582,0,idle
4.570000171661377,0.009999999776482582,1,mppt
3.4000000953674316,27.23000144958496,3,transition
3.1600000858306885,0.03333333134651184,1,mppt
3.259999990463257,0.013333332724869251,1,mppt
3.0299999713897705,0.009999999776482582,1,mppt
3.369999885559082,0.009999999776482582,1,mppt
2.430000066757202,0.029999999329447746,0,idle
6.050000190734863,0.009999999776482582,1,mppt
1.7400000095367432,0.04000000283122063,0,idle
1.840000033378601,0.029999999329447746,0,idle
2.4000000953674316,-0.46666666865348816,0,idle
1.7999999523162842,0.04000000283122063,0,idle
2.200000047683716,0.03999999910593033,0,idle
2.630000114440918,0.013333332724869251,0,idle
2.200000047683716,0.009999999776482582,0,idle
2.5799999237060547,0.036666665226221085,0,idle
2.6700000762939453,0.009999999776482582,0,idle
1.9600000381469727,90.28333282470703,0,idle
1.9199999570846558,0.026666665449738503,0,idle
1.8799999952316284,0.03999999910593033,0,idle
1.8799999952316284,0.036666665226221085,0,idle
2.25,85.7833251953125,0,idle
1.7000000476837158,0.03333333134651184,0,idle
2.7899999618530273,0.019999999552965164,0,idle
1.7100000381469727,0.009999999776482582,0,idle
2.7699999809265137,0.23999999463558197,0,idle
2.009999990463257,0.02333333157002926,0,idle
2.130000114440918,85.7833251953125,0,idle
1.809999942779541,0.036666665226221085,0,idle
2.0199999809265137,0.009999999776482582,0,idle
1.9700000286102295,0.019999999552965164,0,idle
1.9800000190734863,0.019999999552965164,0,idle
2.450000047683716,0.04333333298563957,0,idle
1.7000000476837158,0.009999999776482582,0,idle
1.8899999856948853,19.913331985473633,0,idle
2.0199999809265137,0.5066666603088379,0,idle
2.069999933242798,0.009999999776482582,0,idle
2.5899999141693115,89.88666534423828,0,idle
2.0999999046325684,0.009999999776482582,0,idle
2.390000104904175,90.28333282470703,0,idle
3.180000066757202,-0.5099999904632568,1,mppt
2.25,0.03999999910593033,0,idle
1.9600000381469727,0.009999999776482582,0,idle
2.0899999141693115,90.1866683959961,0,idle
1.5399999618530273,0.009999999776482582,0,idle
2.1600000858306885,90.32666778564453,0,idle
3.130000114440918,-0.5099999904632568,1,mppt
2.9600000381469727,0.04333333298563957,0,idle
2.440000057220459,0.029999999329447746,0,idle
2.180000066757202,0.009999999776482582,0,idle
2.240000009536743,0.01666666567325592,0,idle
2.4000000953674316,82.74666595458984,0,idle
2.4100000858306885,90.1866683959961,0,idle
2.109999895095825,90.23999786376953,0,idle
1.6699999570846558,0.009999999776482582,0,idle
1.8700000047683716,90.29666900634766,0,idle
1.7699999809265137,90.1533432006836,0,idle
2.240000009536743,0.009999999776482582,0,idle
2.240000009536743,83.7300033569336,0,idle
1.590000033378601,90.27999877929688,0,idle
1.7300000190734863,0.03999999910593033,0,idle
1.8600000143051147,0.009999999776482582,0,idle
1.440000057220459,0.009999999776482582,0,idle
1.899999976158142,90.3133316040039,0,idle
1.8300000429153442,85.39000701904297,0,idle
2.0899999141693115,0.023333333432674408,0,idle
2.0999999046325684,0.009999999776482582,0,idle
1.7400000095367432,90.29666900634766,0,idle
2.299999952316284,90.0999984741211,0,idle
2.119999885559082,0.009999999776482582,0,idle
2.309999942779541,0.03999999910593033,0,idle
2.3299999237060547,0.03999999910593033,0,idle
1.4500000476837158,0.009999999776482582,0,idle
1.840000033378601,90.3133316040039,0,idle
1.8700000047683716,0.009999999776482582,0,idle
1.8700000047683716,0.03999999910593033,0,idle
1.559999942779541,90.29666900634766,0,idle
1.590000033378601,90.29999542236328,0,idle
1.5399999618530273,90.26333618164062,0,idle
2.440000057220459,90.07999420166016,0,idle
1.809999942779541,85.39000701904297,0,idle
2.140000104904175,90.27667236328125,0,idle
1.9199999570846558,11.0,0,idle
1.649999976158142,83.88333129882812,0,idle
2.9600000381469727,0.009999999776482582,0,idle
2.0399999618530273,0.009999999776482582,0,idle
3.5299999713897705,0.019999999552965164,1,mppt
2.7699999809265137,-1.9900001287460327,0,idle
1.9600000381469727,83.79332733154297,0,idle
2.140000104904175,89.6399917602539,0,idle
2.7300000190734863,90.51667022705078,0,idle
2.4800000190734863,90.26333618164062,0,idle
3.9700000286102295,0.019999999552965164,1,mppt
2.049999952316284,90.5133285522461,0,idle
2.4200000762939453,84.83333587646484,0,idle
3.890000104904175,0.009999999776482582,1,mppt
2.930000066757202,0.009999999776482582,0,idle
3.2100000381469727,0.009999999776482582,1,mppt
1.9700000286102295,0.04333333298563957,0,idle
2.180000066757202,0.009999999776482582,0,idle
3.869999885559082,0.029999999329447746,1,mppt
2.759999990463257,0.029999999329447746,0,idle
2.569999933242798,0.009999999776482582,0,idle
2.690000057220459,0.019999999552965164,0,idle
2.9100000858306885,0.02333333157002926,0,idle
2.009999990463257,0.019999999552965164,0,idle
2.569999933242798,0.029999999329447746,0,idle
2.700000047683716,0.019999999552965164,0,idle
2.2200000286102295,0.029999999329447746,0,idle
1.8899999856948853,0.009999999776482582,0,idle
3.140000104904175,0.009999999776482582,1,mppt
2.8499999046325684,0.009999999776482582,0,idle
2.490000009536743,0.04333333298563957,0,idle
2.7699999809265137,0.04333333298563957,0,idle
2.759999990463257,0.009999999776482582,0,idle
3.8499999046325684,-1.9900001287460327,1,mppt
2.2799999713897705,0.019999999552965164,0,idle
2.2699999809265137,0.036666665226221085,0,idle
2.4700000286102295,90.3066635131836,0,idle
3.2200000286102295,0.009999999776482582,1,mppt
3.2200000286102295,0.019999999552965164,1,mppt
1.9900000095367432,0.04333333298563957,0,idle
2.7899999618530273,0.009999999776482582,0,idle
2.7200000286102295,0.019999999552965164,0,idle
2.950000047683716,0.009999999776482582,0,idle
2.380000114440918,0.009999999776482582,0,idle
2.890000104904175,0.009999999776482582,0,idle
3.0299999713897705,0.009999999776482582,1,mppt
2.9200000762939453,0.019999999552965164,0,idle
2.3499999046325684,0.03333333134651184,0,idle
2.809999942779541,0.009999999776482582,0,idle
2.880000114440918,0.029999999329447746,0,idle
3.5299999713897705,0.009999999776482582,1,mppt
2.2100000381469727,0.019999999552965164,0,idle
2.430000066757202,0.013333332724869251,0,idle
2.200000047683716,85.42000579833984,0,idle
1.909999966621399,0.036666665226221085,0,idle
2.259999990463257,0.03999999910593033,0,idle
1.7599999904632568,0.019999999552965164,0,idle
1.340000033378601,9.84999942779541,0,idle
2.6500000953674316,0.009999999776482582,0,idle
1.2300000190734863,90.25,0,idle
2.109999895095825,0.023333333432674408,0,idle
2.1600000858306885,0.019999999552965164,0,idle
1.809999942779541,0.019999999552965164,0,idle
2.7200000286102295,0.019999999552965164,0,idle
1.2899999618530273,64.54000091552734,0,idle
1.159999966621399,90.2699966430664,0,idle
1.3300000429153442,90.1833267211914,0,idle
1.8799999952316284,90.2699966430664,0,idle
0.75,89.91666412353516,0,idle
1.1100000143051147,89.87667083740234,0,idle
0.8299999833106995,89.6100082397461,0,idle
0.949999988079071,90.28665924072266,0,idle
1.3600000143051147,90.23666381835938,0,idle
0.9200000166893005,90.0233383178711,0,idle
0.7699999809265137,89.70333099365234,0,idle
0.8999999761581421,90.20333099365234,0,idle
0.7900000214576721,90.14000701904297,0,idle
1.1399999856948853,90.02667236328125,0,idle
0.6399999856948853,90.31665802001953,0,idle
0.47999998927116394,90.25333404541016,0,idle
0.4099999964237213,85.42000579833984,0,idle
0.5199999809265137,86.02999877929688,0,idle
0.3799999952316284,90.20333099365234,0,idle
0.4099999964237213,90.14000701904297,0,idle
0.23000000417232513,83.42000579833984,0,idle
0.49000000953674316,90.00667572021484,0,idle
0.6899999976158142,90.00667572021484,0,idle
0.550000011920929,90.54000091552734,0,idle
0.800000011920929,90.163330078125,0,idle
1.0700000524520874,90.19998931884766,0,idle
1.1699999570846558,89.8933334350586,0,idle
0.949999988079071,90.239990234375,0,idle
1.1699999570846558,90.14000701904297,0,idle
1.9299999475479126,90.32666778564453,0,idle
0.8399999737739563,89.4766616821289,0,idle
0.6499999761581421,90.12332916259766,0,idle
1.190000057220459,90.15666961669922,0,idle
0.9399999976158142,89.7266616821289,0,idle
1.559999942779541,90.21666717529297,0,idle
0.0,90.32666778564453,0,idle
1.809999942779541,90.27999877929688,0,idle
1.909999966621399,90.27999877929688,0,idle
1.7400000095367432,89.7266616821289,0,idle
2.130000114440918,89.80999755859375,0,idle
1.350000023841858,89.82333374023438,0,idle
2.2200000286102295,90.29000091552734,0,idle
2.1700000762939453,90.2699966430664,0,idle
1.690000057220459,90.20333099365234,0,idle
2.2799999713897705,83.42000579833984,0,idle
2.2300000190734863,89.87667083740234,0,idle
2.0299999713897705,90.239990234375,0,idle
3.6600000858306885,66.73666381835938,3,transition
2.5399999618530273,64.74666595458984,0,idle
2.8499999046325684,0.009999999776482582,0,idle
2.9700000286102295,44.11333084106445,0,idle
2.7100000381469727,10.333333015441895,0,idle
2.3399999141693115,90.2933349609375,0,idle
2.680000066757202,0.009999999776482582,0,idle
2.869999885559082,0.009999999776482582,0,idle
1.690000057220459,9.069999694824219,0,idle
1.9700000286102295,90.336669921875,0,idle
2.2100000381469727,0.009999999776482582,0,idle
1.9500000476837158,0.009999999776482582,0,idle
2.0899999141693115,0.009999999776482582,0,idle
2.549999952316284,0.009999999776482582,0,idle
2.619999885559082,90.20999908447266,0,idle
2.2799999713897705,85.92333984375,0,idle
2.4600000381469727,0.009999999776482582,0,idle
1.9900000095367432,90.15666961669922,0,idle
1.440000057220459,90.2266616821289,0,idle
1.75,85.7933349609375,0,idle
2.440000057220459,0.009999999776482582,0,idle
2.1700000762939453,0.009999999776482582,0,idle
1.9800000190734863,0.009999999776482582,0,idle
1.9500000476837158,90.29666900634766,0,idle
2.049999952316284,0.009999999776482582,0,idle
1.6799999475479126,90.33333587646484,0,idle
1.9500000476837158,90.33333587646484,0,idle
2.140000104904175,0.009999999776482582,0,idle
3.2899999618530273,-1.9900001287460327,1,mppt
2.140000104904175,0.009999999776482582,0,idle
2.2200000286102295,89.6500015258789,0,idle
2.740000009536743,0.009999999776482582,0,idle
1.7300000190734863,90.336669921875,0,idle
2.2899999618530273,90.5199966430664,0,idle
2.319999933242798,90.33333587646484,0,idle
2.569999933242798,85.31999969482422,0,idle
3.359999895095825,0.009999999776482582,1,mppt
3.180000066757202,0.009999999776482582,1,mppt
3.119999885559082,0.5099999904632568,1,mppt
2.8399999141693115,0.019999999552965164,0,idle
2.180000066757202,0.029999999329447746,0,idle
2.2899999618530273,0.019999999552965164,0,idle
1.899999976158142,0.029999999329447746,0,idle
2.069999933242798,90.32333374023438,0,idle
2.490000009536743,0.04000000283122063,0,idle
1.4900000095367432,90.35333251953125,0,idle
1.5399999618530273,2.7300002574920654,0,idle
2.2200000286102295,0.03999999910593033,0,idle
1.340000033378601,70.9766616821289,0,idle
1.350000023841858,76.25333404541016,0,idle
1.6399999856948853,36.026668548583984,0,idle
1.2100000381469727,90.32999420166016,0,idle
1.1399999856948853,90.27332305908203,0,idle
0.7900000214576721,90.32000732421875,0,idle
0.46000000834465027,89.65332794189453,0,idle
0.6399999856948853,90.3133316040039,0,idle
0.5600000023841858,89.48666381835938,0,idle
0.6499999761581421,90.24666595458984,0,idle
0.8500000238418579,90.25667572021484,0,idle
1.1699999570846558,90.2699966430664,0,idle
1.0399999618530273,90.03333282470703,0,idle
0.6299999952316284,90.04000091552734,0,idle
0.8299999833106995,90.34334564208984,0,idle
0.7300000190734863,90.26333618164062,0,idle
1.7799999713897705,89.9566650390625,0,idle
1.3799999952316284,90.27666473388672,0,idle
1.9700000286102295,90.25,0,idle
1.590000033378601,90.3166732788086,0,idle
2.140000104904175,90.3166732788086,0,idle
2.0799999237060547,90.30999755859375,0,idle
2.4200000762939453,90.22000122070312,0,idle
1.809999942779541,90.2699966430664,0,idle
3.2799999713897705,85.80999755859375,3,transition
1.5,90.35333251953125,0,idle
4.239999771118164,72.19666290283203,3,transition
2.7799999713897705,71.51666259765625,0,idle
2.5,88.89999389648438,0,idle
2.7300000190734863,0.009999999776482582,0,idle
3.559999942779541,0.009999999776482582,1,mppt
3.740000009536743,0.036666665226221085,1,mppt
2.8299999237060547,0.02333333157002926,0,idle
3.4800000190734863,0.03999999910593033,1,mppt
2.390000104904175,88.43334197998047,0,idle
3.0799999237060547,0.009999999776482582,1,mppt
3.0399999618530273,0.046666666865348816,1,mppt
3.4700000286102295,0.03999999910593033,1,mppt
3.240000009536743,0.03333333507180214,1,mppt
3.549999952316284,0.009999999776482582,1,mppt
2.380000114440918,0.026666665449738503,0,idle
2.740000009536743,0.029999999329447746,0,idle
2.490000009536743,0.009999999776482582,0,idle
2.5999999046325684,45.63666915893555,0,idle
2.5299999713897705,0.026666665449738503,0,idle
1.909999966621399,42.8033332824707,0,idle
2.299999952316284,0.029999999329447746,0,idle
3.2699999809265137,0.009999999776482582,1,mppt
3.4600000381469727,0.009999999776482582,1,mppt
2.740000009536743,75.4766616821289,0,idle
3.4700000286102295,0.009999999776482582,1,mppt
3.140000104904175,0.04333333298563957,1,mppt
2.759999990463257,0.019999999552965164,0,idle
3.309999942779541,0.019999999552965164,1,mppt
3.109999895095825,-1.9800000190734863,1,mppt
2.690000057220459,0.03333333134651184,0,idle
2.25,0.019999999552965164,0,idle
5.110000133514404,0.019999997690320015,1,mppt
2.1600000858306885,0.029999999329447746,0,idle
6.510000228881836,0.013333332724869251,1,mppt
5.480000019073486,0.029999999329447746,1,mppt
5.360000133514404,0.009999999776482582,1,mppt
3.6600000858306885,0.009999999776482582,1,mppt
5.28000020980835,0.029999999329447746,1,mppt
4.619999885559082,0.036666665226221085,1,mppt
4.190000057220459,0.019999999552965164,1,mppt
4.739999771118164,0.036666665226221085,1,mppt
5.71999979019165,0.026666665449738503,1,mppt
3.369999885559082,0.03333333134651184,1,mppt
7.559999942779541,0.009999999776482582,1,mppt
4.199999809265137,0.02333333157002926,1,mppt
2.7300000190734863,0.026666665449738503,0,idle
2.9200000762939453,0.019999999552965164,0,idle
5.260000228881836,0.013333332724869251,1,mppt
5.03000020980835,0.026666665449738503,1,mppt
1.5399999618530273,0.036666665226221085,0,idle
5.659999847412109,0.03333333134651184,1,mppt
4.739999771118164,0.019999999552965164,1,mppt
2.2899999618530273,0.02333333157002926,0,idle
5.75,0.036666665226221085,1,mppt
4.25,0.03333333507180214,1,mppt
5.199999809265137,0.04000000283122063,1,mppt
3.390000104904175,0.01666666567325592,1,mppt
4.510000228881836,0.026666665449738503,1,mppt
2.3299999237060547,0.029999999329447746,0,idle
7.610000133514404,0.019999999552965164,1,mppt
3.4800000190734863,0.036666665226221085,1,mppt
2.119999885559082,0.009999999776482582,0,idle
3.2799999713897705,0.019999999552965164,1,mppt
3.740000009536743,0.009999999776482582,1,mppt
3.2799999713897705,0.009999999776482582,1,mppt
3.8299999237060547,0.009999999776482582,1,mppt
2.930000066757202,90.02667236328125,0,idle
3.990000009536743,0.019999999552965164,1,mppt
3.190000057220459,0.03333333507180214,1,mppt
2.490000009536743,0.03333333507180214,0,idle
3.0299999713897705,0.026666665449738503,1,mppt
3.359999895095825,0.03999999910593033,1,mppt
6.590000152587891,-0.9833333492279053,1,mppt
1.8799999952316284,0.03333333507180214,0,idle
2.5799999237060547,0.009999999776482582,0,idle
5.909999847412109,0.019999999552965164,1,mppt
1.5399999618530273,1.0866667032241821,0,idle
1.6200000047683716,0.036666665226221085,0,idle
2.130000114440918,0.013333332724869251,0,idle
2.0,0.009999999776482582,0,idle
3.4000000953674316,85.85333251953125,3,transition
3.0,90.31999969482422,3,transition
5.079999923706055,0.009999999776482582,1,mppt
1.9199999570846558,-1.9800000190734863,0,idle
1.6200000047683716,0.019999999552965164,0,idle
1.7599999904632568,0.019999999552965164,0,idle
2.059999942779541,0.029999999329447746,0,idle
1.9500000476837158,0.029999999329447746,0,idle
4.75,0.009999999776482582,1,mppt
2.7799999713897705,0.013333332724869251,0,idle
3.9000000953674316,9.016667366027832,3,transition
2.2799999713897705,0.019999999552965164,0,idle
3.0799999237060547,0.026666665449738503,1,mppt
5.679999828338623,-1.4800000190734863,1,mppt
4.5,0.009999999776482582,1,mppt
3.2100000381469727,0.019999999552965164,1,mppt
2.9600000381469727,0.03999999910593033,0,idle
6.659999847412109,0.009999999776482582,1,mppt
2.7699999809265137,0.03999999910593033,0,idle
3.069999933242798,0.013333332724869251,1,mppt
3.4200000762939453,0.026666665449738503,1,mppt
4.340000152587891,0.009999999776482582,1,mppt
3.2300000190734863,0.029999999329447746,1,mppt
4.690000057220459,0.009999999776482582,1,mppt
4.400000095367432,0.009999999776482582,1,mppt
4.53000020980835,-1.4633334875106812,1,mppt
4.900000095367432,-1.9900001287460327,1,mppt
4.840000152587891,0.01666666567325592,1,mppt
3.700000047683716,0.03999999910593033,1,mppt
5.269999980926514,0.009999999776482582,1,mppt
6.179999828338623,0.009999999776482582,1,mppt
4.269999980926514,0.029999999329447746,1,mppt
5.650000095367432,1.0366666316986084,1,mppt
4.489999771118164,0.02333333157002926,1,mppt
5.980000019073486,0.009999999776482582,1,mppt
5.420000076293945,0.009999999776482582,1,mppt
4.400000095367432,0.009999999776482582,1,mppt
4.550000190734863,0.029999999329447746,1,mppt
5.260000228881836,0.019999999552965164,1,mppt
5.96999979019165,0.009999999776482582,1,mppt
5.210000038146973,0.013333332724869251,1,mppt
3.6700000762939453,0.12666666507720947,1,mppt
4.670000076293945,6.179999828338623,3,transition
3.549999952316284,0.8500000834465027,1,mppt
6.650000095367432,3.009999990463257,3,transition
5.320000171661377,2.1500000953674316,3,transition
5.409999847412109,0.949999988079071,1,mppt
6.039999961853027,1.0399999618530273,1,mppt
6.670000076293945,1.4299999475479126,1,mppt
6.239999771118164,1.2100000381469727,1,mppt
4.059999942779541,0.09000000357627869,1,mppt
4.139999866485596,0.029999999329447746,1,mppt
5.0,0.019999999552965164,1,mppt
4.860000133514404,0.03999999910593033,1,mppt
4.900000095367432,90.0666732788086,3,transition
5.059999942779541,0.03999999910593033,1,mppt
4.679999828338623,0.029999999329447746,1,mppt
3.299999952316284,0.019999999552965164,1,mppt
4.550000190734863,0.019999999552965164,1,mppt
5.630000114440918,-0.47999998927116394,1,mppt
7.190000057220459,-0.9900000095367432,1,mppt
4.420000076293945,0.009999999776482582,1,mppt
5.380000114440918,90.02667236328125,3,transition
5.019999980926514,-0.9766666889190674,1,mppt
4.510000228881836,0.029999999329447746,1,mppt
4.559999942779541,0.03333333507180214,1,mppt
5.619999885559082,0.019999999552965164,1,mppt
4.989999771118164,0.009999999776482582,1,mppt
4.289999961853027,0.036666665226221085,1,mppt
3.9600000381469727,0.009999999776482582,1,mppt
4.510000228881836,0.009999999776482582,1,mppt
3.9100000858306885,0.036666665226221085,1,mppt
3.940000057220459,0.009999999776482582,1,mppt
4.449999809265137,-1.9900001287460327,1,mppt
5.630000114440918,-0.49000000953674316,1,mppt
4.110000133514404,0.009999999776482582,1,mppt
6.349999904632568,1.190000057220459,1,mppt
4.630000114440918,-1.9900001287460327,1,mppt
3.930000066757202,0.036666665226221085,1,mppt
4.909999847412109,0.009999999776482582,1,mppt
4.53000020980835,0.03333333134651184,1,mppt
5.440000057220459,0.009999999776482582,1,mppt
4.949999809265137,0.009999999776482582,1,mppt
5.239999771118164,0.009999999776482582,1,mppt
5.460000038146973,0.009999999776482582,1,mppt
4.739999771118164,0.009999999776482582,1,mppt
4.079999923706055,0.019999999552965164,1,mppt
4.260000228881836,0.019999999552965164,1,mppt
4.550000190734863,0.036666665226221085,1,mppt
5.329999923706055,0.03333333134651184,1,mppt
5.349999904632568,4.050000190734863,3,transition
5.110000133514404,0.009999999776482582,1,mppt
5.170000076293945,0.009999999776482582,1,mppt
4.829999923706055,0.009999999776482582,1,mppt
5.739999771118164,0.009999999776482582,1,mppt
5.960000038146973,90.02667236328125,3,transition
4.570000171661377,0.009999999776482582,1,mppt
4.929999828338623,0.009999999776482582,1,mppt
6.170000076293945,0.009999999776482582,1,mppt
4.090000152587891,0.03333333507180214,1,mppt
5.230000019073486,0.009999999776482582,1,mppt
5.070000171661377,-1.5099998712539673,1,mppt
5.849999904632568,0.009999999776482582,1,mppt
5.46999979019165,0.01666666567325592,1,mppt
5.079999923706055,0.009999999776482582,1,mppt
5.170000076293945,-0.49000000953674316,1,mppt
4.650000095367432,0.009999999776482582,1,mppt
5.75,0.009999999776482582,1,mppt
5.25,0.03333333507180214,1,mppt
6.53000020980835,0.009999999776482582,1,mppt
5.039999961853027,0.009999999776482582,1,mppt
4.0,0.009999999776482582,1,mppt
5.269999980926514,-1.9900001287460327,1,mppt
5.590000152587891,0.026666665449738503,1,mppt
5.829999923706055,0.01666666567325592,1,mppt
5.590000152587891,0.009999999776482582,1,mppt
4.489999771118164,0.009999999776482582,1,mppt
4.800000190734863,0.036666665226221085,1,mppt
4.559999942779541,0.013333332724869251,1,mppt
4.690000057220459,0.019999999552965164,1,mppt
4.489999771118164,0.029999999329447746,1,mppt
3.700000047683716,0.009999999776482582,1,mppt
6.210000038146973,0.009999999776482582,1,mppt
3.690000057220459,0.009999999776482582,1,mppt
3.2899999618530273,0.013333332724869251,1,mppt
5.119999885559082,0.009999999776482582,1,mppt
5.889999866485596,0.009999999776482582,1,mppt
5.119999885559082,0.009999999776482582,1,mppt
5.179999828338623,0.013333332724869251,1,mppt
5.820000171661377,0.009999999776482582,1,mppt
7.019999980926514,-1.4900001287460327,1,mppt
5.929999828338623,0.009999999776482582,1,mppt
4.809999942779541,0.036666665226221085,1,mppt
7.139999866485596,0.009999999776482582,1,mppt
5.96999979019165,0.019999999552965164,1,mppt
7.139999866485596,0.009999999776482582,1,mppt
5.5,0.019999999552965164,1,mppt
6.090000152587891,0.009999999776482582,1,mppt
6.25,0.01666666567325592,1,mppt
7.130000114440918,26.48000144958496,3,transition
6.420000076293945,-0.20000000298023224,1,mppt
6.409999847412109,0.5099999904632568,1,mppt
5.349999904632568,0.009999999776482582,1,mppt
6.909999847412109,0.009999999776482582,1,mppt
6.519999980926514,0.009999999776482582,1,mppt
7.059999942779541,0.009999999776482582,1,mppt
6.25,0.009999999776482582,1,mppt
6.510000228881836,-0.9766666889190674,1,mppt
5.690000057220459,0.009999999776482582,1,mppt
6.050000190734863,0.009999999776482582,1,mppt
5.369999885559082,0.009999999776482582,1,mppt
5.539999961853027,0.009999999776482582,1,mppt
5.389999866485596,0.009999999776482582,1,mppt
5.760000228881836,0.009999999776482582,1,mppt
6.119999885559082,0.009999999776482582,1,mppt
5.340000152587891,0.009999999776482582,1,mppt
4.880000114440918,0.009999999776482582,1,mppt
5.210000038146973,0.009999999776482582,1,mppt
6.019999980926514,0.009999999776482582,1,mppt
4.510000228881836,0.009999999776482582,1,mppt
5.090000152587891,0.009999999776482582,1,mppt
4.960000038146973,0.013333332724869251,1,mppt
5.300000190734863,0.013333332724869251,1,mppt
5.880000114440918,0.019999999552965164,1,mppt
6.170000076293945,0.009999999776482582,1,mppt
5.289999961853027,0.009999999776482582,1,mppt
5.960000038146973,0.009999999776482582,1,mppt
5.570000171661377,0.03333333507180214,1,mppt
6.289999961853027,0.009999999776482582,1,mppt
6.03000020980835,-1.9900001287460327,1,mppt
5.869999885559082,0.009999999776482582,1,mppt
5.590000152587891,0.009999999776482582,1,mppt
6.980000019073486,0.009999999776482582,1,mppt
6.590000152587891,0.029999999329447746,1,mppt
7.0,0.009999999776482582,1,mppt
7.130000114440918,0.01666666567325592,1,mppt
6.46999979019165,-0.43333330750465393,1,mppt
5.639999866485596,0.009999999776482582,1,mppt
6.769999980926514,0.009999999776482582,1,mppt
6.78000020980835,0.019999999552965164,1,mppt
6.519999980926514,0.01666666567325592,1,mppt
7.239999771118164,0.44999995827674866,1,mppt
6.71999979019165,0.10999999195337296,1,mppt
7.059999942779541,8.010000228881836,3,transition
6.090000152587891,10.239999771118164,3,transition
7.099999904632568,82.98666381835938,3,transition
7.78000020980835,10.430000305175781,3,transition
8.289999961853027,90.14666748046875,3,transition
6.849999904632568,83.8066635131836,3,transition
7.460000038146973,1.7400001287460327,1,mppt
7.630000114440918,0.14000000059604645,1,mppt
7.889999866485596,0.35333335399627686,1,mppt
5.630000114440918,0.009999999776482582,1,mppt
8.260000228881836,0.029999999329447746,1,mppt
8.079999923706055,0.04333333298563957,1,mppt
7.210000038146973,0.009999999776482582,1,mppt
7.039999961853027,0.009999999776482582,1,mppt
6.75,0.009999999776482582,1,mppt
7.880000114440918,0.12999999523162842,1,mppt
6.889999866485596,0.013333332724869251,1,mppt
6.539999961853027,0.009999999776482582,1,mppt
6.489999771118164,0.009999999776482582,1,mppt
7.199999809265137,0.013333332724869251,1,mppt
7.489999771118164,0.046666666865348816,1,mppt
9.609999656677246,1.2300000190734863,1,mppt
6.25,0.009999999776482582,1,mppt
7.800000190734863,0.009999999776482582,1,mppt
7.230000019073486,0.009999999776482582,1,mppt
7.880000114440918,0.026666665449738503,1,mppt
6.800000190734863,0.046666666865348816,1,mppt
6.989999771118164,0.009999999776482582,1,mppt
5.570000171661377,0.009999999776482582,1,mppt
6.119999885559082,0.009999999776482582,1,mppt
10.010000228881836,12.350001335144043,3,transition
7.300000190734863,0.02333333157002926,1,mppt
7.53000020980835,0.009999999776482582,1,mppt
9.869999885559082,3.4800002574920654,3,transition
8.65999984741211,0.12999999523162842,1,mppt
9.819999694824219,2.4800000190734863,3,transition
8.470000267028809,2.5799999237060547,3,transition
9.739999771118164,8.34000015258789,3,transition
12.260000228881836,5.610000133514404,2,pitch_control
8.9399995803833,8.609999656677246,3,transition
10.0,10.010000228881836,3,transition
11.449999809265137,8.9399995803833,2,pitch_control
10.729999542236328,8.75,2,pitch_control
10.380000114440918,7.079999923706055,3,transition
7.690000057220459,0.6700000166893005,1,mppt
8.510000228881836,2.309999942779541,3,transition
8.3100004196167,0.019999999552965164,1,mppt
8.420000076293945,1.309999942779541,1,mppt
8.140000343322754,0.009999999776482582,1,mppt
7.150000095367432,0.05999999865889549,1,mppt
9.579999923706055,0.25999999046325684,1,mppt
8.829999923706055,0.05999999865889549,1,mppt
8.470000267028809,0.07000000029802322,1,mppt
8.140000343322754,0.03333333134651184,1,mppt
6.53000020980835,0.036666665226221085,1,mppt
8.470000267028809,2.380000114440918,3,transition
10.40999984741211,3.7899999618530273,3,transition
10.600000381469727,5.210000038146973,2,pitch_control
9.029999732971191,6.743333339691162,3,transition
9.609999656677246,5.119999885559082,3,transition
7.949999809265137,4.739999771118164,3,transition
10.100000381469727,6.539999485015869,3,transition
10.300000190734863,8.609999656677246,3,transition
9.630000114440918,7.059999942779541,3,transition
10.420000076293945,6.0500006675720215,3,transition
9.670000076293945,4.840000152587891,3,transition
10.859999656677246,9.529999732971191,2,pitch_control
9.3100004196167,4.139999866485596,3,transition
8.220000267028809,3.7200000286102295,3,transition
10.869999885559082,7.760000228881836,2,pitch_control
9.670000076293945,7.820000171661377,3,transition
12.359999656677246,6.809999942779541,2,pitch_control
10.520000457763672,8.229999542236328,2,pitch_control
11.510000228881836,8.069999694824219,2,pitch_control
12.890000343322754,13.380000114440918,2,pitch_control
9.989999771118164,8.930000305175781,3,transition
12.279999732971191,8.329999923706055,2,pitch_control
12.0,9.25,2,pitch_control
11.720000267028809,9.180000305175781,2,pitch_control
11.420000076293945,10.140000343322754,2,pitch_control
13.369999885559082,8.479999542236328,2,pitch_control
9.930000305175781,8.739999771118164,3,transition
10.800000190734863,8.350000381469727,2,pitch_control
13.300000190734863,12.630000114440918,2,pitch_control
9.510000228881836,7.420000076293945,3,transition
10.569999694824219,9.6899995803833,2,pitch_control
10.970000267028809,9.170000076293945,2,pitch_control
11.989999771118164,9.710000038146973,2,pitch_control
11.75,9.520000457763672,2,pitch_control
9.930000305175781,10.970000267028809,3,transition
9.720000267028809,7.4766669273376465,3,transition
13.050000190734863,11.449999809265137,2,pitch_control
11.4399995803833,9.90999984741211,2,pitch_control
10.109999656677246,7.340000152587891,3,transition
12.289999961853027,10.40999984741211,2,pitch_control
12.170000076293945,10.6899995803833,2,pitch_control
12.479999542236328,10.100000381469727,2,pitch_control
11.779999732971191,7.650000095367432,2,pitch_control
10.8100004196167,7.070000171661377,2,pitch_control
11.140000343322754,7.8000006675720215,2,pitch_control
11.460000038146973,14.789999961853027,2,pitch_control
9.979999542236328,6.980000019073486,3,transition
10.0600004196167,3.609999895095825,3,transition
9.680000305175781,3.5399999618530273,3,transition
8.420000076293945,1.4800000190734863,1,mppt
12.109999656677246,8.109999656677246,2,pitch_control
9.010000228881836,4.5,3,transition
12.359999656677246,9.430000305175781,2,pitch_control
9.15999984741211,6.849999904632568,3,transition
10.949999809265137,5.489999771118164,2,pitch_control
11.329999923706055,9.029999732971191,2,pitch_control
8.989999771118164,7.25,3,transition
9.029999732971191,13.710000038146973,3,transition
11.760000228881836,7.866666793823242,2,pitch_control
12.140000343322754,13.699999809265137,2,pitch_control
13.539999961853027,30.133333206176758,2,pitch_control
9.3100004196167,7.320000171661377,3,transition
10.739999771118164,17.139999389648438,2,pitch_control
11.729999542236328,9.40999984741211,2,pitch_control
10.600000381469727,9.920000076293945,2,pitch_control
10.300000190734863,11.270000457763672,3,transition
11.050000190734863,5.960000514984131,2,pitch_control
10.949999809265137,6.5,2,pitch_control
9.850000381469727,9.1899995803833,3,transition
11.479999542236328,11.289999961853027,2,pitch_control
12.069999694824219,10.59000015258789,2,pitch_control
10.890000343322754,8.220000267028809,2,pitch_control
9.130000114440918,5.940000057220459,3,transition
9.800000190734863,8.453333854675293,3,transition
10.869999885559082,8.729999542236328,2,pitch_control
11.720000267028809,9.430000305175781,2,pitch_control
12.390000343322754,9.220000267028809,2,pitch_control
13.319999694824219,19.59000015258789,2,pitch_control
13.300000190734863,12.84000015258789,2,pitch_control
12.09000015258789,8.640000343322754,2,pitch_control
9.359999656677246,8.8100004196167,3,transition
11.720000267028809,8.949999809265137,2,pitch_control
13.729999542236328,11.649998664855957,2,pitch_control
12.970000267028809,9.989999771118164,2,pitch_control
11.020000457763672,7.71999979019165,2,pitch_control
12.699999809265137,11.920001029968262,2,pitch_control
13.399999618530273,10.420000076293945,2,pitch_control
14.350000381469727,13.829998970031738,2,pitch_control
13.65999984741211,8.680000305175781,2,pitch_control
10.75,11.619999885559082,2,pitch_control
11.75,12.210000038146973,2,pitch_control
12.710000038146973,11.09000015258789,2,pitch_control
14.829999923706055,14.140000343322754,2,pitch_control
13.210000038146973,12.0600004196167,2,pitch_control
12.180000305175781,8.300000190734863,2,pitch_control
12.869999885559082,12.890000343322754,2,pitch_control
13.239999771118164,14.359999656677246,2,pitch_control
13.239999771118164,12.50999927520752,2,pitch_control
13.119999885559082,11.00999927520752,2,pitch_control
13.1899995803833,11.0,2,pitch_control
12.949999809265137,10.479999542236328,2,pitch_control
12.479999542236328,10.59000015258789,2,pitch_control
9.010000228881836,53.70333480834961,3,transition
12.529999732971191,10.279999732971191,2,pitch_control
10.729999542236328,10.3100004196167,2,pitch_control
11.100000381469727,10.859999656677246,2,pitch_control
9.510000228881836,7.71999979019165,3,transition
12.970000267028809,11.149998664855957,2,pitch_control
8.5,55.17000198364258,3,transition
11.430000305175781,12.09000015258789,2,pitch_control
14.619999885559082,16.700000762939453,2,pitch_control
14.350000381469727,12.569999694824219,2,pitch_control
14.579999923706055,13.609999656677246,2,pitch_control
14.670000076293945,11.789999961853027,2,pitch_control
11.569999694824219,10.119999885559082,2,pitch_control
11.130000114440918,5.710000514984131,2,pitch_control
11.0,4.789999961853027,2,pitch_control
10.989999771118164,6.400000095367432,2,pitch_control
11.399999618530273,7.3000006675720215,2,pitch_control
12.739999771118164,11.25,2,pitch_control
11.470000267028809,12.8100004196167,2,pitch_control
10.829999923706055,15.296666145324707,2,pitch_control
11.899999618530273,11.15999984741211,2,pitch_control
11.569999694824219,6.0500006675720215,2,pitch_control
9.180000305175781,4.206666469573975,3,transition
10.520000457763672,7.28000020980835,2,pitch_control
11.5,10.75999927520752,2,pitch_control
10.5600004196167,5.590000152587891,2,pitch_control
12.1899995803833,8.1899995803833,2,pitch_control
9.720000267028809,1.6200000047683716,1,mppt
10.819999694824219,5.4499993324279785,2,pitch_control
9.9399995803833,3.93999981880188,3,transition
10.479999542236328,2.630000114440918,3,transition
8.510000228881836,0.20999999344348907,1,mppt
9.180000305175781,7.820000171661377,3,transition
8.270000457763672,0.05666666850447655,1,mppt
9.880000114440918,2.2699999809265137,3,transition
9.359999656677246,4.869999885559082,3,transition
7.510000228881836,0.029999999329447746,1,mppt
10.180000305175781,2.9600000381469727,3,transition
8.770000457763672,0.2800000011920929,1,mppt
8.039999961853027,0.009999999776482582,1,mppt
9.489999771118164,0.9033333659172058,1,mppt
8.920000076293945,0.17000000178813934,1,mppt
9.680000305175781,2.2799999713897705,3,transition
9.619999885559082,2.059999942779541,3,transition
7.369999885559082,0.013333332724869251,1,mppt
9.239999771118164,1.2400000095367432,1,mppt
9.3100004196167,1.9600000381469727,1,mppt
9.229999542236328,0.03999999910593033,1,mppt
10.399999618530273,5.159999847412109,3,transition
6.440000057220459,0.013333332724869251,1,mppt
7.809999942779541,90.23999786376953,3,transition
8.789999961853027,0.03333333507180214,1,mppt
6.449999809265137,0.03999999910593033,1,mppt
9.3100004196167,2.5899999141693115,3,transition
6.820000171661377,0.029999999329447746,1,mppt
8.399999618530273,4.25,3,transition
7.610000133514404,0.019999999552965164,1,mppt
7.510000228881836,0.013333332724869251,1,mppt
7.429999828338623,0.036666665226221085,1,mppt
9.369999885559082,0.1599999964237213,1,mppt
6.079999923706055,90.23999786376953,3,transition
6.710000038146973,0.009999999776482582,1,mppt
9.270000457763672,0.18000000715255737,1,mppt
8.210000038146973,0.009999999776482582,1,mppt
8.84000015258789,0.38999998569488525,1,mppt
8.5600004196167,-0.47999998927116394,1,mppt
10.0600004196167,14.960000038146973,3,transition
10.359999656677246,4.71999979019165,3,transition
6.510000228881836,0.009999999776482582,1,mppt
6.75,0.009999999776482582,1,mppt
9.770000457763672,2.9800002574920654,3,transition
7.78000020980835,5.75,3,transition
8.359999656677246,0.7900000214576721,1,mppt
8.510000228881836,0.7200000286102295,1,mppt
7.449999809265137,0.03999999910593033,1,mppt
6.960000038146973,0.013333332724869251,1,mppt
7.75,0.14000000059604645,1,mppt
8.800000190734863,0.8399999737739563,1,mppt
8.279999732971191,2.5799999237060547,3,transition
11.8100004196167,6.400000095367432,2,pitch_control
12.039999961853027,7.909999847412109,2,pitch_control
10.329999923706055,5.659999847412109,3,transition
9.380000114440918,1.7000001668930054,1,mppt
10.109999656677246,0.8799999356269836,1,mppt
10.180000305175781,1.6100000143051147,1,mppt
9.489999771118164,6.940000057220459,3,transition
9.760000228881836,3.200000047683716,3,transition
10.600000381469727,3.490000009536743,2,pitch_control
10.65999984741211,7.78000020980835,2,pitch_control
8.039999961853027,1.5566667318344116,1,mppt
8.670000076293945,2.559999942779541,3,transition
10.300000190734863,6.420000076293945,3,transition
10.329999923706055,7.809999942779541,3,transition
10.479999542236328,4.659999847412109,3,transition
9.859999656677246,3.06000018119812,3,transition
8.600000381469727,1.3966666460037231,1,mppt
9.069999694824219,0.550000011920929,1,mppt
8.729999542236328,0.49000000953674316,1,mppt
9.670000076293945,2.2699999809265137,3,transition
10.40999984741211,-0.18000000715255737,1,mppt
9.920000076293945,1.9366666078567505,1,mppt
7.550000190734863,0.5699999928474426,1,mppt
9.470000267028809,1.409999966621399,1,mppt
6.989999771118164,0.36000001430511475,1,mppt
7.860000133514404,0.10999999195337296,1,mppt
7.5,0.05999999865889549,1,mppt
8.319999694824219,0.09000000357627869,1,mppt
7.920000076293945,0.1366666704416275,1,mppt
7.650000095367432,0.009999999776482582,1,mppt
9.149999618530273,-0.9733333587646484,1,mppt
7.869999885559082,0.03333333134651184,1,mppt
7.460000038146973,3.25,3,transition
7.909999847412109,0.019999999552965164,1,mppt
8.15999984741211,0.46000000834465027,1,mppt
7.710000038146973,4.070000171661377,3,transition
7.239999771118164,4.610000133514404,3,transition
8.279999732971191,5.590000152587891,3,transition
8.289999961853027,5.400000095367432,3,transition
7.920000076293945,6.090000152587891,3,transition
6.590000152587891,0.009999999776482582,1,mppt
6.5,0.009999999776482582,1,mppt
6.599999904632568,0.006666666362434626,1,mppt
6.070000171661377,0.009999999776482582,1,mppt
5.519999980926514,0.009999999776482582,1,mppt
6.539999961853027,0.009999999776482582,1,mppt
6.789999961853027,0.5099999904632568,1,mppt
6.010000228881836,0.009999999776482582,1,mppt
6.21999979019165,0.009999999776482582,1,mppt
6.150000095367432,0.009999999776482582,1,mppt
6.21999979019165,0.009999999776482582,1,mppt
5.78000020980835,0.009999999776482582,1,mppt
6.510000228881836,0.009999999776482582,1,mppt
5.539999961853027,0.009999999776482582,1,mppt
5.96999979019165,0.009999999776482582,1,mppt
5.539999961853027,0.019999999552965164,1,mppt
5.800000190734863,0.009999999776482582,1,mppt
4.929999828338623,0.009999999776482582,1,mppt
5.590000152587891,0.009999999776482582,1,mppt
5.590000152587891,0.013333332724869251,1,mppt
4.46999979019165,0.49000000953674316,1,mppt
4.159999847412109,0.009999999776482582,1,mppt
4.800000190734863,0.013333332724869251,1,mppt
4.230000019073486,0.009999999776482582,1,mppt
4.019999980926514,0.009999999776482582,1,mppt
3.559999942779541,0.009999999776482582,1,mppt
3.9700000286102295,0.009999999776482582,1,mppt
3.7699999809265137,0.009999999776482582,1,mppt
2.8399999141693115,0.009999999776482582,0,idle
2.890000104904175,0.009999999776482582,0,idle
3.049999952316284,0.009999999776482582,1,mppt
3.25,1.0099999904632568,1,mppt
2.5299999713897705,0.009999999776482582,0,idle
2.640000104904175,0.019999999552965164,0,idle
3.7799999713897705,0.009999999776482582,1,mppt
2.859999895095825,0.009999999776482582,0,idle
2.3499999046325684,0.009999999776482582,0,idle
3.549999952316284,0.009999999776482582,1,mppt
2.2899999618530273,0.009999999776482582,0,idle
2.2799999713897705,0.01666666567325592,0,idle
2.3499999046325684,0.009999999776482582,0,idle
2.5799999237060547,0.009999999776482582,0,idle
2.0799999237060547,0.019999999552965164,0,idle
2.4700000286102295,0.009999999776482582,0,idle
2.7300000190734863,0.009999999776482582,0,idle
1.8300000429153442,0.009999999776482582,0,idle
2.5399999618530273,85.71666717529297,0,idle
2.509999990463257,0.009999999776482582,0,idle
1.9700000286102295,0.009999999776482582,0,idle
3.3399999141693115,0.009999999776482582,1,mppt
3.0299999713897705,0.009999999776482582,1,mppt
2.069999933242798,0.019999999552965164,0,idle
4.119999885559082,0.009999999776482582,1,mppt
2.4000000953674316,0.009999999776482582,0,idle
1.9500000476837158,0.009999999776482582,0,idle
2.5299999713897705,0.009999999776482582,0,idle
3.5,0.009999999776482582,1,mppt
3.869999885559082,0.009999999776482582,1,mppt
3.8399999141693115,-0.9900000095367432,1,mppt
2.1700000762939453,0.009999999776482582,0,idle
3.7100000381469727,0.009999999776482582,1,mppt
3.680000066757202,0.009999999776482582,1,mppt
3.7300000190734863,0.04333333298563957,1,mppt
3.4800000190734863,0.009999999776482582,1,mppt
3.869999885559082,0.009999999776482582,1,mppt
1.840000033378601,0.03999999910593033,0,idle
2.2799999713897705,0.009999999776482582,0,idle
3.6700000762939453,0.009999999776482582,1,mppt
3.2100000381469727,0.009999999776482582,1,mppt
3.049999952316284,0.009999999776482582,1,mppt
3.7200000286102295,0.009999999776482582,1,mppt
3.1700000762939453,0.009999999776482582,1,mppt
4.349999904632568,0.006666666362434626,1,mppt
2.940000057220459,0.009999999776482582,0,idle
4.159999847412109,0.009999999776482582,1,mppt
2.25,0.009999999776482582,0,idle
3.299999952316284,0.009999999776482582,1,mppt
2.569999933242798,0.5099999904632568,0,idle
1.840000033378601,0.009999999776482582,0,idle
2.0199999809265137,0.009999999776482582,0,idle
1.1299999952316284,0.009999999776482582,0,idle
1.3899999856948853,24.290000915527344,0,idle
1.4900000095367432,0.036666665226221085,0,idle
1.8799999952316284,0.013333332724869251,0,idle
1.590000033378601,0.009999999776482582,0,idle
1.409999966621399,90.27667236328125,0,idle
1.6399999856948853,90.18000030517578,0,idle
2.430000066757202,89.49666595458984,0,idle
1.5099999904632568,0.009999999776482582,0,idle
1.6799999475479126,86.09333038330078,0,idle
1.9700000286102295,89.7699966430664,0,idle
1.8700000047683716,89.45000457763672,0,idle
1.9299999475479126,90.20999908447266,0,idle
2.0799999237060547,90.16666412353516,0,idle
2.0199999809265137,90.51666259765625,0,idle
1.7000000476837158,0.009999999776482582,0,idle
1.8799999952316284,90.20000457763672,0,idle
1.5,0.009999999776482582,0,idle
2.559999942779541,89.67000579833984,0,idle
2.619999885559082,89.45000457763672,0,idle
2.0299999713897705,0.009999999776482582,0,idle
2.2300000190734863,89.5666732788086,0,idle
2.0,90.12667083740234,0,idle
1.9299999475479126,90.2833251953125,0,idle
2.119999885559082,90.2066650390625,0,idle
1.809999942779541,0.009999999776482582,0,idle
2.319999933242798,-1.9900001287460327,0,idle
1.9299999475479126,88.99666595458984,0,idle
2.2100000381469727,0.009999999776482582,0,idle
1.9299999475479126,89.74666595458984,0,idle
1.9800000190734863,0.009999999776482582,0,idle
2.140000104904175,90.2166748046875,0,idle
1.899999976158142,90.16000366210938,0,idle
1.440000057220459,0.009999999776482582,0,idle
1.590000033378601,90.12667083740234,0,idle
1.1100000143051147,57.263336181640625,0,idle
1.149999976158142,87.85000610351562,0,idle
1.0199999809265137,83.75,0,idle
1.0299999713897705,90.29000091552734,0,idle
1.2100000381469727,89.9566650390625,0,idle
1.25,90.22332763671875,0,idle
0.8299999833106995,90.2166748046875,0,idle
1.3600000143051147,90.6833267211914,0,idle
0.8700000047683716,90.18000030517578,0,idle
1.0199999809265137,90.20999908447266,0,idle
1.3799999952316284,89.37332916259766,0,idle
1.2000000476837158,83.34667205810547,0,idle
1.2300000190734863,89.913330078125,0,idle
1.5399999618530273,89.73332977294922,0,idle
1.409999966621399,90.20000457763672,0,idle
1.2000000476837158,90.4566650390625,0,idle
1.2699999809265137,90.40332794189453,0,idle
0.9300000071525574,90.08333587646484,0,idle
0.5099999904632568,89.6300048828125,0,idle
0.36000001430511475,90.17000579833984,0,idle
0.3400000035762787,89.913330078125,0,idle
0.8500000238418579,89.9566650390625,0,idle
1.0700000524520874,85.30333709716797,0,idle
0.8199999928474426,85.79666900634766,0,idle
0.47999998927116394,90.22332763671875,0,idle
1.100000023841858,83.34667205810547,0,idle
1.0,85.36333465576172,0,idle
0.8999999761581421,89.85333251953125,0,idle
0.7799999713897705,90.16000366210938,0,idle
1.1399999856948853,90.26666259765625,0,idle
0.4399999976158142,89.45000457763672,0,idle
0.3199999928474426,89.55667114257812,0,idle
0.699999988079071,90.26666259765625,0,idle
0.25,90.16333770751953,0,idle
0.5699999928474426,89.70333099365234,0,idle
0.28999999165534973,90.1433334350586,0,idle
0.2199999988079071,90.1433334350586,0,idle
0.7300000190734863,85.79666900634766,0,idle
0.27000001072883606,90.07000732421875,0,idle
1.149999976158142,90.04000091552734,0,idle
0.7300000190734863,90.40332794189453,0,idle
0.25999999046325684,83.75,0,idle
0.5099999904632568,89.59667205810547,0,idle
0.5899999737739563,85.7733383178711,0,idle
1.2300000190734863,89.85333251953125,0,idle
1.1299999952316284,89.88666534423828,0,idle
0.7099999785423279,90.29000091552734,0,idle
0.9599999785423279,90.22333526611328,0,idle
1.3899999856948853,89.7699966430664,0,idle
1.3600000143051147,89.6533432006836,0,idle
1.5099999904632568,90.03665924072266,0,idle
1.149999976158142,90.22000122070312,0,idle
1.2799999713897705,90.28665924072266,0,idle
1.0700000524520874,85.79666900634766,0,idle
1.75,87.9666748046875,0,idle
1.6200000047683716,83.69666290283203,0,idle
1.5399999618530273,90.12667083740234,0,idle
2.009999990463257,90.1433334350586,0,idle
1.9800000190734863,90.07666778564453,0,idle
1.8700000047683716,89.54666900634766,0,idle
1.5800000429153442,90.20999908447266,0,idle
2.0999999046325684,89.70333099365234,0,idle
2.180000066757202,89.83333587646484,0,idle
1.649999976158142,89.6300048828125,0,idle
1.3200000524520874,90.30333709716797,0,idle
2.2899999618530273,90.23333740234375,0,idle
2.4200000762939453,90.00667572021484,0,idle
2.4200000762939453,89.37332916259766,0,idle
2.450000047683716,0.009999999776482582,0,idle
2.0299999713897705,63.25333023071289,0,idle
2.440000057220459,89.70999908447266,0,idle
2.130000114440918,89.5666732788086,0,idle
2.240000009536743,90.02667236328125,0,idle
2.8299999237060547,89.37332916259766,0,idle
2.240000009536743,44.07999801635742,0,idle
2.0,90.1433334350586,0,idle
1.9900000095367432,89.83333587646484,0,idle
2.4100000858306885,83.69666290283203,0,idle
1.9299999475479126,29.943334579467773,0,idle
2.359999895095825,0.009999999776482582,0,idle
1.850000023841858,0.009999999776482582,0,idle
3.059999942779541,89.82666015625,3,transition
2.5199999809265137,85.88666534423828,0,idle
3.190000057220459,0.009999999776482582,1,mppt
2.309999942779541,35.74666213989258,0,idle
3.5199999809265137,83.34333038330078,3,transition
2.890000104904175,0.009999999776482582,0,idle
2.8399999141693115,12.319999694824219,0,idle
2.740000009536743,26.23000144958496,0,idle
2.609999895095825,7.989999771118164,0,idle
1.840000033378601,90.33333587646484,0,idle
3.25,12.053333282470703,3,transition
3.1700000762939453,0.009999999776482582,1,mppt
4.0,0.009999999776482582,1,mppt
3.0,0.009999999776482582,1,mppt
2.259999990463257,78.44332885742188,0,idle
3.369999885559082,-1.9900001287460327,1,mppt
3.1600000858306885,0.009999999776482582,1,mppt
2.0299999713897705,0.009999999776482582,0,idle
3.2200000286102295,-1.9900001287460327,1,mppt
2.490000009536743,0.009999999776482582,0,idle
3.799999952316284,0.009999999776482582,1,mppt
1.8600000143051147,83.76667022705078,0,idle
2.930000066757202,0.009999999776482582,0,idle
1.7100000381469727,0.009999999776482582,0,idle
1.75,0.009999999776482582,0,idle
1.8600000143051147,0.009999999776482582,0,idle
2.2300000190734863,0.009999999776482582,0,idle
4.349999904632568,0.009999999776482582,1,mppt
2.569999933242798,0.009999999776482582,0,idle
1.840000033378601,28.06333351135254,0,idle
2.6700000762939453,0.009999999776482582,0,idle
6.0,0.009999999776482582,1,mppt
3.9700000286102295,0.009999999776482582,1,mppt
3.430000066757202,0.7099999785423279,1,mppt
2.5299999713897705,0.009999999776482582,0,idle
2.2100000381469727,0.009999999776482582,0,idle
1.9600000381469727,0.009999999776482582,0,idle
2.5299999713897705,0.009999999776482582,0,idle
5.28000020980835,0.009999999776482582,1,mppt
2.799999952316284,0.009999999776482582,0,idle
2.549999952316284,0.009999999776482582,0,idle
1.840000033378601,0.009999999776482582,0,idle
2.9100000858306885,0.009999999776482582,0,idle
2.950000047683716,0.009999999776482582,0,idle
1.7899999618530273,72.7066650390625,0,idle
2.9200000762939453,0.009999999776482582,0,idle
6.53000020980835,0.009999999776482582,1,mppt
2.2799999713897705,0.009999999776482582,0,idle
7.849999904632568,0.009999999776482582,1,mppt
2.2899999618530273,0.009999999776482582,0,idle
1.8600000143051147,0.009999999776482582,0,idle
2.9000000953674316,0.009999999776482582,0,idle
4.039999961853027,-1.9900001287460327,1,mppt
2.549999952316284,0.009999999776482582,0,idle
4.739999771118164,0.009999999776482582,1,mppt
2.380000114440918,0.009999999776482582,0,idle
2.0399999618530273,0.009999999776482582,0,idle
2.7100000381469727,0.009999999776482582,0,idle
2.309999942779541,0.009999999776482582,0,idle
1.75,0.009999999776482582,0,idle
1.7899999618530273,0.009999999776482582,0,idle
1.8600000143051147,0.009999999776482582,0,idle
6.699999809265137,0.009999999776482582,1,mppt
1.4500000476837158,0.009999999776482582,0,idle
1.5099999904632568,0.009999999776482582,0,idle
1.8200000524520874,85.7699966430664,0,idle
4.340000152587891,0.009999999776482582,1,mppt
1.8200000524520874,90.27999877929688,0,idle
3.2799999713897705,0.009999999776482582,1,mppt
1.6699999570846558,0.009999999776482582,0,idle
1.7999999523162842,85.40332794189453,0,idle
2.240000009536743,-0.49000000953674316,0,idle
2.569999933242798,0.009999999776482582,0,idle
1.7899999618530273,0.009999999776482582,0,idle
1.440000057220459,0.009999999776482582,0,idle
1.7899999618530273,0.009999999776482582,0,idle
1.7699999809265137,0.009999999776482582,0,idle
1.4600000381469727,0.009999999776482582,0,idle
1.7200000286102295,0.009999999776482582,0,idle
2.940000057220459,-1.9900001287460327,0,idle
2.0,0.009999999776482582,0,idle
1.9600000381469727,0.009999999776482582,0,idle
1.9500000476837158,85.70333099365234,0,idle
1.6200000047683716,86.1433334350586,0,idle
1.659999966621399,0.009999999776482582,0,idle
1.4800000190734863,0.009999999776482582,0,idle
2.190000057220459,0.009999999776482582,0,idle
1.7799999713897705,90.2733383178711,0,idle
1.7000000476837158,0.009999999776482582,0,idle
2.869999885559082,-1.9900001287460327,0,idle
2.509999990463257,0.009999999776482582,0,idle
2.309999942779541,87.83333587646484,0,idle
3.0,16.610000610351562,3,transition
2.9200000762939453,1.2699999809265137,0,idle
3.069999933242798,0.05000000074505806,1,mppt
3.1600000858306885,22.6633358001709,3,transition
3.4000000953674316,0.23000000417232513,1,mppt
3.4000000953674316,15.166666984558105,3,transition
3.7799999713897705,4.960000038146973,3,transition
3.6700000762939453,3.819999933242798,3,transition
3.990000009536743,2.440000057220459,3,transition
4.940000057220459,5.239999771118164,3,transition
4.96999979019165,4.429999828338623,3,transition
4.510000228881836,5.039999961853027,3,transition
4.789999961853027,5.389999866485596,3,transition
5.25,6.289999485015869,3,transition
4.909999847412109,1.149999976158142,1,mppt
4.909999847412109,0.2199999839067459,1,mppt
5.5,0.25,1,mppt
6.25,0.009999999776482582,1,mppt
4.960000038146973,0.029999999329447746,1,mppt
5.920000076293945,0.009999999776482582,1,mppt
5.670000076293945,0.009999999776482582,1,mppt
6.25,0.009999999776482582,1,mppt
6.860000133514404,0.053333330899477005,1,mppt
5.96999979019165,0.036666665226221085,1,mppt
5.269999980926514,0.009999999776482582,1,mppt
5.949999809265137,0.019999999552965164,1,mppt
6.96999979019165,-1.5099998712539673,1,mppt
5.400000095367432,0.009999999776482582,1,mppt
5.050000190734863,0.029999999329447746,1,mppt
5.679999828338623,0.029999999329447746,1,mppt
5.800000190734863,0.03999999910593033,1,mppt
7.199999809265137,0.019999999552965164,1,mppt
7.010000228881836,0.013333332724869251,1,mppt
6.929999828338623,0.03333333507180214,1,mppt
8.029999732971191,-1.9900001287460327,1,mppt
6.769999980926514,0.01666666567325592,1,mppt
7.110000133514404,0.019999999552965164,1,mppt
6.630000114440918,0.009999999776482582,1,mppt
9.329999923706055,-1.9800000190734863,1,mppt
8.119999885559082,-1.9900001287460327,1,mppt
6.670000076293945,0.009999999776482582,1,mppt
8.020000457763672,0.02333333157002926,1,mppt
7.610000133514404,0.013333332724869251,1,mppt
7.699999809265137,0.2800000011920929,1,mppt
8.470000267028809,0.029999999329447746,1,mppt
7.53000020980835,0.019999999552965164,1,mppt
6.769999980926514,0.009999999776482582,1,mppt
8.079999923706055,0.036666665226221085,1,mppt
8.619999885559082,0.009999999776482582,1,mppt
7.710000038146973,0.03333333507180214,1,mppt
8.050000190734863,0.10000000149011612,1,mppt
8.380000114440918,0.15000000596046448,1,mppt
7.840000152587891,0.009999999776482582,1,mppt
7.630000114440918,0.09666667133569717,1,mppt
7.510000228881836,0.009999999776482582,1,mppt
7.300000190734863,0.009999999776482582,1,mppt
8.300000190734863,0.009999999776482582,1,mppt
7.570000171661377,0.01666666567325592,1,mppt
7.840000152587891,-0.9866666793823242,1,mppt
7.889999866485596,-0.49000000953674316,1,mppt
6.769999980926514,0.009999999776482582,1,mppt
7.449999809265137,0.2800000011920929,1,mppt
6.860000133514404,0.013333332724869251,1,mppt
6.960000038146973,0.009999999776482582,1,mppt
7.199999809265137,0.009999999776482582,1,mppt
6.550000190734863,0.01666666567325592,1,mppt
6.409999847412109,0.019999999552965164,1,mppt
8.260000228881836,0.01666666567325592,1,mppt
7.840000152587891,0.009999999776482582,1,mppt
6.960000038146973,0.009999999776482582,1,mppt
6.150000095367432,0.009999999776482582,1,mppt
8.039999961853027,0.20999999344348907,1,mppt
7.889999866485596,0.009999999776482582,1,mppt
8.760000228881836,0.2933333218097687,1,mppt
7.519999980926514,0.009999999776482582,1,mppt
7.230000019073486,0.023333333432674408,1,mppt
6.53000020980835,3.8399999141693115,3,transition
7.909999847412109,0.046666666865348816,1,mppt
7.349999904632568,0.009999999776482582,1,mppt
6.829999923706055,0.026666665449738503,1,mppt
7.050000190734863,0.009999999776482582,1,mppt
6.210000038146973,-0.38333332538604736,1,mppt
6.090000152587891,0.009999999776482582,1,mppt
7.380000114440918,-1.4866666793823242,1,mppt
6.28000020980835,0.023333333432674408,1,mppt
6.590000152587891,0.009999999776482582,1,mppt
5.699999809265137,0.009999999776482582,1,mppt
7.150000095367432,0.01666666567325592,1,mppt
7.199999809265137,0.009999999776482582,1,mppt
6.179999828338623,0.03999999910593033,1,mppt
7.0,0.009999999776482582,1,mppt
6.309999942779541,0.009999999776482582,1,mppt
7.039999961853027,0.009999999776482582,1,mppt
5.090000152587891,0.006666666362434626,1,mppt
5.75,0.009999999776482582,1,mppt
4.170000076293945,0.01666666567325592,1,mppt
4.489999771118164,0.023333333432674408,1,mppt
6.349999904632568,-1.4866666793823242,1,mppt
5.980000019073486,0.03333333134651184,1,mppt
4.960000038146973,0.009999999776482582,1,mppt
6.360000133514404,0.013333332724869251,1,mppt
5.670000076293945,0.009999999776482582,1,mppt
7.010000228881836,0.019999999552965164,1,mppt
5.260000228881836,0.009999999776482582,1,mppt
4.559999942779541,0.009999999776482582,1,mppt
7.940000057220459,0.5133333206176758,1,mppt
6.210000038146973,-1.690000057220459,1,mppt
5.170000076293945,0.009999999776482582,1,mppt
4.590000152587891,0.009999999776482582,1,mppt
4.510000228881836,0.009999999776482582,1,mppt
5.559999942779541,0.009999999776482582,1,mppt
4.099999904632568,0.009999999776482582,1,mppt
4.590000152587891,0.05666666850447655,1,mppt
3.8299999237060547,0.05000000074505806,1,mppt
5.119999885559082,0.029999999329447746,1,mppt
4.269999980926514,0.019999999552965164,1,mppt
4.059999942779541,0.02333333157002926,1,mppt
4.840000152587891,0.029999999329447746,1,mppt
4.710000038146973,0.029999999329447746,1,mppt
4.75,0.029999999329447746,1,mppt
3.9600000381469727,0.009999999776482582,1,mppt
4.119999885559082,0.03333333507180214,1,mppt
4.489999771118164,0.019999999552965164,1,mppt
4.739999771118164,0.029999999329447746,1,mppt
5.099999904632568,0.019999999552965164,1,mppt
4.079999923706055,0.029999999329447746,1,mppt
5.309999942779541,0.019999999552965164,1,mppt
4.610000133514404,0.026666665449738503,1,mppt
5.829999923706055,0.019999999552965164,1,mppt
4.440000057220459,0.023333333432674408,1,mppt
4.679999828338623,0.029999999329447746,1,mppt
4.429999828338623,-1.9733333587646484,1,mppt
5.849999904632568,0.019999999552965164,1,mppt
4.329999923706055,0.026666665449738503,1,mppt
4.349999904632568,0.019999999552965164,1,mppt
4.420000076293945,0.029999999329447746,1,mppt
5.039999961853027,-0.4699999988079071,1,mppt
4.46999979019165,0.019999999552965164,1,mppt
5.21999979019165,0.019999999552965164,1,mppt
4.820000171661377,0.026666665449738503,1,mppt
5.340000152587891,0.019999999552965164,1,mppt
4.869999885559082,0.029999999329447746,1,mppt
4.880000114440918,0.029999999329447746,1,mppt
4.190000057220459,0.029999999329447746,1,mppt
4.699999809265137,0.029999999329447746,1,mppt
6.760000228881836,0.019999999552965164,1,mppt
4.730000019073486,0.02333333157002926,1,mppt
5.179999828338623,0.3700000047683716,1,mppt
7.670000076293945,7.079999923706055,3,transition
5.519999980926514,0.6333333253860474,1,mppt
5.829999923706055,0.5,1,mppt
5.239999771118164,1.0199999809265137,1,mppt
6.769999980926514,0.8799999356269836,1,mppt
5.980000019073486,0.5799999833106995,1,mppt
5.139999866485596,0.8100000023841858,1,mppt
5.289999961853027,0.009999999776482582,1,mppt
8.8100004196167,0.05000000074505806,1,mppt
5.119999885559082,0.009999999776482582,1,mppt
5.230000019073486,0.09000000357627869,1,mppt
