farm,target_farm,split_id,model,seed,run_dir,rated_wind,pitch_threshold,calibration_anchor_steps,max_calibration_cells,calibration_n_cells,calibration_accuracy,calibration_balanced_accuracy,calibration_macro_f1,calibration_nmi,calibration_ari,gate_calibration_map,selected_small_calibration
kelmarsh,penmanshiel,leave-one-farm-out,Physics-Aligned MoE,201,artifacts\external_wind_runs\kelmarsh\leave_one_farm_out\external_wind_full_seed201,9.5,1.0,288,50000,5675,0.7159471365638767,0.4431818181818182,0.4351775748479006,0.059402263916107326,0.030513880621304692,"{""0"": 0, ""1"": 0, ""2"": 2}",False
kelmarsh,penmanshiel,leave-one-farm-out,Physics-Aligned MoE,201,artifacts\external_wind_runs\kelmarsh\leave_one_farm_out\external_wind_full_seed201,9.5,2.0,288,50000,5654,0.7163070392642377,0.494949494949495,0.4721654784969496,0.0442701740585137,0.019086169929321693,"{""0"": 0, ""1"": 0, ""2"": 2}",False
kelmarsh,penmanshiel,leave-one-farm-out,Physics-Aligned MoE,201,artifacts\external_wind_runs\kelmarsh\leave_one_farm_out\external_wind_full_seed201,9.5,3.0,288,50000,5636,0.7169978708303761,0.5,0.4513248881064973,0.02418090191713759,0.010374264248860884,"{""0"": 0, ""1"": 0, ""2"": 2}",False
kelmarsh,penmanshiel,leave-one-farm-out,Physics-Aligned MoE,201,artifacts\external_wind_runs\kelmarsh\leave_one_farm_out\external_wind_full_seed201,9.5,4.0,288,50000,5626,0.7180945609669392,0.33459277917716207,0.2811359106427486,0.010585999040373486,0.005340624689326351,"{""0"": 0, ""1"": 0, ""2"": 1}",False
kelmarsh,penmanshiel,leave-one-farm-out,Physics-Aligned MoE,201,artifacts\external_wind_runs\kelmarsh\leave_one_farm_out\external_wind_full_seed201,10.0,1.0,288,50000,5676,0.7149400986610289,0.4842767295597484,0.4639563321645747,0.05750795722352859,0.027820246268819064,"{""0"": 0, ""1"": 0, ""2"": 2}",False
kelmarsh,penmanshiel,leave-one-farm-out,Physics-Aligned MoE,201,artifacts\external_wind_runs\kelmarsh\leave_one_farm_out\external_wind_full_seed201,10.0,2.0,288,50000,5711,0.708807564349501,0.5128205128205128,0.4561960315638678,0.04105928478999882,0.01939530298181094,"{""0"": 0, ""1"": 0, ""2"": 2}",True
kelmarsh,penmanshiel,leave-one-farm-out,Physics-Aligned MoE,201,artifacts\external_wind_runs\kelmarsh\leave_one_farm_out\external_wind_full_seed201,10.0,3.0,288,50000,5701,0.7100508682687248,0.3361513687600644,0.28241677387719305,0.027764192579393315,0.013828582305590895,"{""0"": 0, ""1"": 0, ""2"": 1}",False
kelmarsh,penmanshiel,leave-one-farm-out,Physics-Aligned MoE,201,artifacts\external_wind_runs\kelmarsh\leave_one_farm_out\external_wind_full_seed201,10.0,4.0,288,50000,5697,0.7105494119712129,0.3361462728551336,0.28239492194201404,0.014765423135730085,0.008986176548460467,"{""0"": 0, ""1"": 0, ""2"": 1}",False
kelmarsh,penmanshiel,leave-one-farm-out,Physics-Aligned MoE,201,artifacts\external_wind_runs\kelmarsh\leave_one_farm_out\external_wind_full_seed201,10.5,1.0,288,50000,5640,0.7170212765957447,0.33542319749216304,0.2826735937980954,0.03438024415991311,0.014519514124321871,"{""0"": 0, ""1"": 0, ""2"": 1}",False
kelmarsh,penmanshiel,leave-one-farm-out,Physics-Aligned MoE,201,artifacts\external_wind_runs\kelmarsh\leave_one_farm_out\external_wind_full_seed201,10.5,2.0,288,50000,5729,0.7081515098621051,0.33788598574821854,0.28530313131073587,0.037987703618249706,0.01972256522467371,"{""0"": 0, ""1"": 0, ""2"": 1}",False
kelmarsh,penmanshiel,leave-one-farm-out,Physics-Aligned MoE,201,artifacts\external_wind_runs\kelmarsh\leave_one_farm_out\external_wind_full_seed201,10.5,3.0,288,50000,5741,0.7077164257098066,0.3390196078431373,0.28725538348649915,0.03395410650745018,0.019518741829450306,"{""0"": 0, ""1"": 0, ""2"": 1}",False
kelmarsh,penmanshiel,leave-one-farm-out,Physics-Aligned MoE,201,artifacts\external_wind_runs\kelmarsh\leave_one_farm_out\external_wind_full_seed201,10.5,4.0,288,50000,5741,0.7078906113917436,0.3391984359726295,0.2875413380056278,0.02537707931899185,0.01620092707707426,"{""0"": 0, ""1"": 0, ""2"": 1}",False
kelmarsh,penmanshiel,leave-one-farm-out,Physics-Aligned MoE,201,artifacts\external_wind_runs\kelmarsh\leave_one_farm_out\external_wind_full_seed201,11.0,1.0,288,50000,5630,0.7182948490230906,0.33542319749216304,0.28275188045519933,0.010983917787935924,0.0064602966550506725,"{""0"": 0, ""1"": 0, ""2"": 1}",False
kelmarsh,penmanshiel,leave-one-farm-out,Physics-Aligned MoE,201,artifacts\external_wind_runs\kelmarsh\leave_one_farm_out\external_wind_full_seed201,11.0,2.0,288,50000,5719,0.7093897534534009,0.33788598574821854,0.28540179697274676,0.018575322309446675,0.012208245652201126,"{""0"": 0, ""1"": 0, ""2"": 1}",False
kelmarsh,penmanshiel,leave-one-farm-out,Physics-Aligned MoE,201,artifacts\external_wind_runs\kelmarsh\leave_one_farm_out\external_wind_full_seed201,11.0,3.0,288,50000,5739,0.7084857989196724,0.3395931142410016,0.2883939636458495,0.023893177123742722,0.01624085657648067,"{""0"": 0, ""1"": 0, ""2"": 1}",False
kelmarsh,penmanshiel,leave-one-farm-out,Physics-Aligned MoE,201,artifacts\external_wind_runs\kelmarsh\leave_one_farm_out\external_wind_full_seed201,11.0,4.0,288,50000,5749,0.7081231518524961,0.34052897705173085,0.2900497308458539,0.026779358880572316,0.018425565930913716,"{""0"": 0, ""1"": 0, ""2"": 1}",False
kelmarsh,penmanshiel,leave-one-farm-out,Physics-Aligned MoE,201,artifacts\external_wind_runs\kelmarsh\leave_one_farm_out\external_wind_full_seed201,11.5,1.0,288,50000,5629,0.7184224551430094,0.5031347962382445,0.4241317002155481,0.00736896893806543,0.005435585629970105,"{""0"": 0, ""1"": 0, ""2"": 1}",False
kelmarsh,penmanshiel,leave-one-farm-out,Physics-Aligned MoE,201,artifacts\external_wind_runs\kelmarsh\leave_one_farm_out\external_wind_full_seed201,11.5,2.0,288,50000,5718,0.7095138160195873,0.5068289786223278,0.4281105841774298,0.01561388710850632,0.011251675107762208,"{""0"": 0, ""1"": 0, ""2"": 1}",False
kelmarsh,penmanshiel,leave-one-farm-out,Physics-Aligned MoE,201,artifacts\external_wind_runs\kelmarsh\leave_one_farm_out\external_wind_full_seed201,11.5,3.0,288,50000,5738,0.7086092715231788,0.5093896713615024,0.43260155754691093,0.021183695553299162,0.015304825031565187,"{""0"": 0, ""1"": 0, ""2"": 1}",False
kelmarsh,penmanshiel,leave-one-farm-out,Physics-Aligned MoE,201,artifacts\external_wind_runs\kelmarsh\leave_one_farm_out\external_wind_full_seed201,11.5,4.0,288,50000,5748,0.7082463465553236,0.5107934655775963,0.43508665721764506,0.02418368004814383,0.01750001741449277,"{""0"": 0, ""1"": 0, ""2"": 1}",False
penmanshiel,kelmarsh,leave-one-farm-out,Physics-Aligned MoE,201,artifacts\external_wind_runs\penmanshiel\leave_one_farm_out\external_wind_full_seed201,9.5,1.0,288,50000,4398,0.607094133697135,0.5,0.3777589134125637,0.0,0.0,"{""0"": 1, ""1"": 1, ""2"": 2}",False
penmanshiel,kelmarsh,leave-one-farm-out,Physics-Aligned MoE,201,artifacts\external_wind_runs\penmanshiel\leave_one_farm_out\external_wind_full_seed201,9.5,2.0,288,50000,4398,0.607094133697135,0.5,0.3777589134125637,0.0,0.0,"{""0"": 1, ""1"": 1, ""2"": 2}",False
penmanshiel,kelmarsh,leave-one-farm-out,Physics-Aligned MoE,201,artifacts\external_wind_runs\penmanshiel\leave_one_farm_out\external_wind_full_seed201,9.5,3.0,288,50000,4398,0.607094133697135,0.5,0.3777589134125637,0.0,0.0,"{""0"": 1, ""1"": 1, ""2"": 2}",False
penmanshiel,kelmarsh,leave-one-farm-out,Physics-Aligned MoE,201,artifacts\external_wind_runs\penmanshiel\leave_one_farm_out\external_wind_full_seed201,9.5,4.0,288,50000,4398,0.607094133697135,0.5,0.3777589134125637,0.0,0.0,"{""0"": 1, ""1"": 1, ""2"": 2}",False
penmanshiel,kelmarsh,leave-one-farm-out,Physics-Aligned MoE,201,artifacts\external_wind_runs\penmanshiel\leave_one_farm_out\external_wind_full_seed201,10.0,1.0,288,50000,4747,0.6359806193385296,0.5,0.38874581509142414,0.0,0.0,"{""0"": 1, ""1"": 1, ""2"": 2}",False
penmanshiel,kelmarsh,leave-one-farm-out,Physics-Aligned MoE,201,artifacts\external_wind_runs\penmanshiel\leave_one_farm_out\external_wind_full_seed201,10.0,2.0,288,50000,4747,0.6359806193385296,0.5,0.38874581509142414,0.0,0.0,"{""0"": 1, ""1"": 1, ""2"": 2}",False
penmanshiel,kelmarsh,leave-one-farm-out,Physics-Aligned MoE,201,artifacts\external_wind_runs\penmanshiel\leave_one_farm_out\external_wind_full_seed201,10.0,3.0,288,50000,4747,0.6359806193385296,0.5,0.38874581509142414,0.0,0.0,"{""0"": 1, ""1"": 1, ""2"": 2}",False
penmanshiel,kelmarsh,leave-one-farm-out,Physics-Aligned MoE,201,artifacts\external_wind_runs\penmanshiel\leave_one_farm_out\external_wind_full_seed201,10.0,4.0,288,50000,4747,0.6359806193385296,0.5,0.38874581509142414,0.0,0.0,"{""0"": 1, ""1"": 1, ""2"": 2}",False
penmanshiel,kelmarsh,leave-one-farm-out,Physics-Aligned MoE,201,artifacts\external_wind_runs\penmanshiel\leave_one_farm_out\external_wind_full_seed201,10.5,1.0,288,50000,5063,0.6587003752715781,0.5,0.39711836151464636,0.0,0.0,"{""0"": 1, ""1"": 1, ""2"": 2}",False
penmanshiel,kelmarsh,leave-one-farm-out,Physics-Aligned MoE,201,artifacts\external_wind_runs\penmanshiel\leave_one_farm_out\external_wind_full_seed201,10.5,2.0,288,50000,5063,0.6587003752715781,0.5,0.39711836151464636,0.0,0.0,"{""0"": 1, ""1"": 1, ""2"": 2}",False
penmanshiel,kelmarsh,leave-one-farm-out,Physics-Aligned MoE,201,artifacts\external_wind_runs\penmanshiel\leave_one_farm_out\external_wind_full_seed201,10.5,3.0,288,50000,5063,0.6587003752715781,0.5,0.39711836151464636,0.0,0.0,"{""0"": 1, ""1"": 1, ""2"": 2}",False
penmanshiel,kelmarsh,leave-one-farm-out,Physics-Aligned MoE,201,artifacts\external_wind_runs\penmanshiel\leave_one_farm_out\external_wind_full_seed201,10.5,4.0,288,50000,5063,0.6587003752715781,0.5,0.39711836151464636,0.0,0.0,"{""0"": 1, ""1"": 1, ""2"": 2}",False
penmanshiel,kelmarsh,leave-one-farm-out,Physics-Aligned MoE,201,artifacts\external_wind_runs\penmanshiel\leave_one_farm_out\external_wind_full_seed201,11.0,1.0,288,50000,5332,0.6759189797449362,0.5,0.40331244404655325,0.0,0.0,"{""0"": 1, ""1"": 1, ""2"": 2}",False
penmanshiel,kelmarsh,leave-one-farm-out,Physics-Aligned MoE,201,artifacts\external_wind_runs\penmanshiel\leave_one_farm_out\external_wind_full_seed201,11.0,2.0,288,50000,5332,0.6759189797449362,0.5,0.40331244404655325,0.0,0.0,"{""0"": 1, ""1"": 1, ""2"": 2}",False
penmanshiel,kelmarsh,leave-one-farm-out,Physics-Aligned MoE,201,artifacts\external_wind_runs\penmanshiel\leave_one_farm_out\external_wind_full_seed201,11.0,3.0,288,50000,5332,0.6759189797449362,0.5,0.40331244404655325,0.0,0.0,"{""0"": 1, ""1"": 1, ""2"": 2}",False
penmanshiel,kelmarsh,leave-one-farm-out,Physics-Aligned MoE,201,artifacts\external_wind_runs\penmanshiel\leave_one_farm_out\external_wind_full_seed201,11.0,4.0,288,50000,5332,0.6759189797449362,0.5,0.40331244404655325,0.0,0.0,"{""0"": 1, ""1"": 1, ""2"": 2}",False
penmanshiel,kelmarsh,leave-one-farm-out,Physics-Aligned MoE,201,artifacts\external_wind_runs\penmanshiel\leave_one_farm_out\external_wind_full_seed201,11.5,1.0,288,50000,5515,0.6866727107887579,0.5,0.40711674908621803,0.0,0.0,"{""0"": 1, ""1"": 1, ""2"": 2}",False
penmanshiel,kelmarsh,leave-one-farm-out,Physics-Aligned MoE,201,artifacts\external_wind_runs\penmanshiel\leave_one_farm_out\external_wind_full_seed201,11.5,2.0,288,50000,5515,0.6866727107887579,0.5,0.40711674908621803,0.0,0.0,"{""0"": 1, ""1"": 1, ""2"": 2}",True
penmanshiel,kelmarsh,leave-one-farm-out,Physics-Aligned MoE,201,artifacts\external_wind_runs\penmanshiel\leave_one_farm_out\external_wind_full_seed201,11.5,3.0,288,50000,5515,0.6866727107887579,0.5,0.40711674908621803,0.0,0.0,"{""0"": 1, ""1"": 1, ""2"": 2}",False
penmanshiel,kelmarsh,leave-one-farm-out,Physics-Aligned MoE,201,artifacts\external_wind_runs\penmanshiel\leave_one_farm_out\external_wind_full_seed201,11.5,4.0,288,50000,5515,0.6866727107887579,0.5,0.40711674908621803,0.0,0.0,"{""0"": 1, ""1"": 1, ""2"": 2}",False
kelmarsh,,chronological,Physics-Aligned MoE,201,artifacts\external_wind_runs\kelmarsh\chronological\external_wind_full_seed201,9.5,1.0,288,50000,1643,0.9567863664029215,0.7489268083279673,0.7867300009609973,0.2733629838389212,0.3705202318595547,"{""0"": 0, ""1"": 1, ""2"": 2}",False
kelmarsh,,chronological,Physics-Aligned MoE,201,artifacts\external_wind_runs\kelmarsh\chronological\external_wind_full_seed201,9.5,2.0,288,50000,1622,0.9833538840937115,0.7767275782398656,0.8135060981459334,0.35776678642583926,0.4759206226491263,"{""0"": 0, ""1"": 1, ""2"": 2}",False
kelmarsh,,chronological,Physics-Aligned MoE,201,artifacts\external_wind_runs\kelmarsh\chronological\external_wind_full_seed201,9.5,3.0,288,50000,1604,0.9925187032418953,0.8322837951301428,0.844895192912814,0.46835900660289403,0.5926403017613395,"{""0"": 0, ""1"": 1, ""2"": 2}",False
kelmarsh,,chronological,Physics-Aligned MoE,201,artifacts\external_wind_runs\kelmarsh\chronological\external_wind_full_seed201,9.5,4.0,288,50000,1594,0.9974905897114178,0.6666666666666666,0.6662473794549266,0.5236962975181608,0.49874412085778436,"{""0"": 0, ""1"": 1, ""2"": 1}",False
kelmarsh,,chronological,Physics-Aligned MoE,201,artifacts\external_wind_runs\kelmarsh\chronological\external_wind_full_seed201,10.0,1.0,288,50000,1644,0.9768856447688564,0.7914039524878191,0.8336559122585324,0.3850398881137769,0.5145055889771675,"{""0"": 0, ""1"": 1, ""2"": 2}",False
kelmarsh,,chronological,Physics-Aligned MoE,201,artifacts\external_wind_runs\kelmarsh\chronological\external_wind_full_seed201,10.0,2.0,288,50000,1679,0.9868969624776652,0.7936604078336362,0.8231826547043939,0.3821663627158064,0.5095859962690625,"{""0"": 0, ""1"": 1, ""2"": 2}",False
kelmarsh,,chronological,Physics-Aligned MoE,201,artifacts\external_wind_runs\kelmarsh\chronological\external_wind_full_seed201,10.0,3.0,288,50000,1669,0.9934092270820851,0.8773788610745132,0.852225244283268,0.49282447559025955,0.614118494600712,"{""0"": 0, ""1"": 1, ""2"": 2}",False
kelmarsh,,chronological,Physics-Aligned MoE,201,artifacts\external_wind_runs\kelmarsh\chronological\external_wind_full_seed201,10.0,4.0,288,50000,1665,0.9975975975975976,0.6666666666666666,0.6662653020268915,0.5235533585949872,0.4987977225265005,"{""0"": 0, ""1"": 1, ""2"": 1}",False
kelmarsh,,chronological,Physics-Aligned MoE,201,artifacts\external_wind_runs\kelmarsh\chronological\external_wind_full_seed201,10.5,1.0,288,50000,1608,0.9944029850746269,0.877742946708464,0.8686244836189619,0.5388723273911126,0.6608477430284184,"{""0"": 0, ""1"": 1, ""2"": 2}",False
kelmarsh,,chronological,Physics-Aligned MoE,201,artifacts\external_wind_runs\kelmarsh\chronological\external_wind_full_seed201,10.5,2.0,288,50000,1697,0.9935179728933412,0.6666666666666666,0.6655815329979283,0.31815027175555655,0.26494262538063845,"{""0"": 0, ""1"": 1, ""2"": 1}",False
kelmarsh,,chronological,Physics-Aligned MoE,201,artifacts\external_wind_runs\kelmarsh\chronological\external_wind_full_seed201,10.5,3.0,288,50000,1709,0.9959040374488005,0.6666666666666666,0.6659818021719989,0.4054295669087531,0.36214766419666794,"{""0"": 0, ""1"": 1, ""2"": 1}",False
kelmarsh,,chronological,Physics-Aligned MoE,201,artifacts\external_wind_runs\kelmarsh\chronological\external_wind_full_seed201,10.5,4.0,288,50000,1709,0.9988297249853716,0.6666666666666666,0.6664712778429074,0.6667002642548733,0.6658852652426445,"{""0"": 0, ""1"": 1, ""2"": 1}",False
kelmarsh,,chronological,Physics-Aligned MoE,201,artifacts\external_wind_runs\kelmarsh\chronological\external_wind_full_seed201,11.0,1.0,288,50000,1598,0.9993742177722152,0.6666666666666666,0.6665622062049514,0.7858393164208071,0.7994984330749538,"{""0"": 0, ""1"": 1, ""2"": 1}",False
kelmarsh,,chronological,Physics-Aligned MoE,201,artifacts\external_wind_runs\kelmarsh\chronological\external_wind_full_seed201,11.0,2.0,288,50000,1687,0.999407231772377,0.6666666666666666,0.6665677253388741,0.7859358399543345,0.7995249410195426,"{""0"": 0, ""1"": 1, ""2"": 1}",False
kelmarsh,,chronological,Physics-Aligned MoE,201,artifacts\external_wind_runs\kelmarsh\chronological\external_wind_full_seed201,11.0,3.0,288,50000,1707,0.9994141769185706,0.6666666666666666,0.666568886281412,0.7859566599996708,0.7995305168199031,"{""0"": 0, ""1"": 1, ""2"": 1}",False
kelmarsh,,chronological,Physics-Aligned MoE,201,artifacts\external_wind_runs\kelmarsh\chronological\external_wind_full_seed201,11.0,4.0,288,50000,1717,0.9994175888177053,0.6666666666666666,0.6665694565957033,0.7859669565137595,0.7995332559238177,"{""0"": 0, ""1"": 1, ""2"": 1}",False
kelmarsh,,chronological,Physics-Aligned MoE,201,artifacts\external_wind_runs\kelmarsh\chronological\external_wind_full_seed201,11.5,1.0,288,50000,1597,1.0,1.0,1.0,1.0,1.0,"{""0"": 0, ""1"": 1, ""2"": 1}",False
kelmarsh,,chronological,Physics-Aligned MoE,201,artifacts\external_wind_runs\kelmarsh\chronological\external_wind_full_seed201,11.5,2.0,288,50000,1686,1.0,1.0,1.0,1.0,1.0,"{""0"": 0, ""1"": 1, ""2"": 1}",True
kelmarsh,,chronological,Physics-Aligned MoE,201,artifacts\external_wind_runs\kelmarsh\chronological\external_wind_full_seed201,11.5,3.0,288,50000,1706,1.0,1.0,1.0,1.0,1.0,"{""0"": 0, ""1"": 1, ""2"": 1}",False
kelmarsh,,chronological,Physics-Aligned MoE,201,artifacts\external_wind_runs\kelmarsh\chronological\external_wind_full_seed201,11.5,4.0,288,50000,1716,1.0,1.0,1.0,1.0,1.0,"{""0"": 0, ""1"": 1, ""2"": 1}",False
penmanshiel,,chronological,Physics-Aligned MoE,201,artifacts\external_wind_runs\penmanshiel\chronological\external_wind_full_seed201,9.5,1.0,288,50000,2670,1.0,1.0,1.0,1.0,1.0,"{""0"": 1, ""1"": 1, ""2"": 2}",False
penmanshiel,,chronological,Physics-Aligned MoE,201,artifacts\external_wind_runs\penmanshiel\chronological\external_wind_full_seed201,9.5,2.0,288,50000,2670,1.0,1.0,1.0,1.0,1.0,"{""0"": 1, ""1"": 1, ""2"": 2}",False
penmanshiel,,chronological,Physics-Aligned MoE,201,artifacts\external_wind_runs\penmanshiel\chronological\external_wind_full_seed201,9.5,3.0,288,50000,2670,1.0,1.0,1.0,1.0,1.0,"{""0"": 1, ""1"": 1, ""2"": 2}",False
penmanshiel,,chronological,Physics-Aligned MoE,201,artifacts\external_wind_runs\penmanshiel\chronological\external_wind_full_seed201,9.5,4.0,288,50000,2670,1.0,1.0,1.0,1.0,1.0,"{""0"": 1, ""1"": 1, ""2"": 2}",False
penmanshiel,,chronological,Physics-Aligned MoE,201,artifacts\external_wind_runs\penmanshiel\chronological\external_wind_full_seed201,10.0,1.0,288,50000,3019,1.0,1.0,1.0,1.0,1.0,"{""0"": 1, ""1"": 1, ""2"": 2}",False
penmanshiel,,chronological,Physics-Aligned MoE,201,artifacts\external_wind_runs\penmanshiel\chronological\external_wind_full_seed201,10.0,2.0,288,50000,3019,1.0,1.0,1.0,1.0,1.0,"{""0"": 1, ""1"": 1, ""2"": 2}",False
penmanshiel,,chronological,Physics-Aligned MoE,201,artifacts\external_wind_runs\penmanshiel\chronological\external_wind_full_seed201,10.0,3.0,288,50000,3019,1.0,1.0,1.0,1.0,1.0,"{""0"": 1, ""1"": 1, ""2"": 2}",False
penmanshiel,,chronological,Physics-Aligned MoE,201,artifacts\external_wind_runs\penmanshiel\chronological\external_wind_full_seed201,10.0,4.0,288,50000,3019,1.0,1.0,1.0,1.0,1.0,"{""0"": 1, ""1"": 1, ""2"": 2}",False
penmanshiel,,chronological,Physics-Aligned MoE,201,artifacts\external_wind_runs\penmanshiel\chronological\external_wind_full_seed201,10.5,1.0,288,50000,3335,1.0,1.0,1.0,1.0,1.0,"{""0"": 1, ""1"": 1, ""2"": 2}",False
penmanshiel,,chronological,Physics-Aligned MoE,201,artifacts\external_wind_runs\penmanshiel\chronological\external_wind_full_seed201,10.5,2.0,288,50000,3335,1.0,1.0,1.0,1.0,1.0,"{""0"": 1, ""1"": 1, ""2"": 2}",True
penmanshiel,,chronological,Physics-Aligned MoE,201,artifacts\external_wind_runs\penmanshiel\chronological\external_wind_full_seed201,10.5,3.0,288,50000,3335,1.0,1.0,1.0,1.0,1.0,"{""0"": 1, ""1"": 1, ""2"": 2}",False
penmanshiel,,chronological,Physics-Aligned MoE,201,artifacts\external_wind_runs\penmanshiel\chronological\external_wind_full_seed201,10.5,4.0,288,50000,3335,1.0,1.0,1.0,1.0,1.0,"{""0"": 1, ""1"": 1, ""2"": 2}",False
penmanshiel,,chronological,Physics-Aligned MoE,201,artifacts\external_wind_runs\penmanshiel\chronological\external_wind_full_seed201,11.0,1.0,288,50000,3604,1.0,1.0,1.0,1.0,1.0,"{""0"": 1, ""1"": 1, ""2"": 2}",False
penmanshiel,,chronological,Physics-Aligned MoE,201,artifacts\external_wind_runs\penmanshiel\chronological\external_wind_full_seed201,11.0,2.0,288,50000,3604,1.0,1.0,1.0,1.0,1.0,"{""0"": 1, ""1"": 1, ""2"": 2}",False
penmanshiel,,chronological,Physics-Aligned MoE,201,artifacts\external_wind_runs\penmanshiel\chronological\external_wind_full_seed201,11.0,3.0,288,50000,3604,1.0,1.0,1.0,1.0,1.0,"{""0"": 1, ""1"": 1, ""2"": 2}",False
penmanshiel,,chronological,Physics-Aligned MoE,201,artifacts\external_wind_runs\penmanshiel\chronological\external_wind_full_seed201,11.0,4.0,288,50000,3604,1.0,1.0,1.0,1.0,1.0,"{""0"": 1, ""1"": 1, ""2"": 2}",False
penmanshiel,,chronological,Physics-Aligned MoE,201,artifacts\external_wind_runs\penmanshiel\chronological\external_wind_full_seed201,11.5,1.0,288,50000,3787,1.0,1.0,1.0,1.0,1.0,"{""0"": 1, ""1"": 1, ""2"": 2}",False
penmanshiel,,chronological,Physics-Aligned MoE,201,artifacts\external_wind_runs\penmanshiel\chronological\external_wind_full_seed201,11.5,2.0,288,50000,3787,1.0,1.0,1.0,1.0,1.0,"{""0"": 1, ""1"": 1, ""2"": 2}",False
penmanshiel,,chronological,Physics-Aligned MoE,201,artifacts\external_wind_runs\penmanshiel\chronological\external_wind_full_seed201,11.5,3.0,288,50000,3787,1.0,1.0,1.0,1.0,1.0,"{""0"": 1, ""1"": 1, ""2"": 2}",False
penmanshiel,,chronological,Physics-Aligned MoE,201,artifacts\external_wind_runs\penmanshiel\chronological\external_wind_full_seed201,11.5,4.0,288,50000,3787,1.0,1.0,1.0,1.0,1.0,"{""0"": 1, ""1"": 1, ""2"": 2}",False
kelmarsh,penmanshiel,leave-one-farm-out,Physics-Aligned MoE,202,artifacts\external_wind_runs\kelmarsh\leave_one_farm_out\external_wind_full_seed202,9.5,1.0,288,50000,5675,0.7245814977973568,0.35033913814568013,0.3118344843710144,0.04609605350989447,0.04106983982107153,"{""0"": 1, ""1"": 0, ""2"": 2}",False
kelmarsh,penmanshiel,leave-one-farm-out,Physics-Aligned MoE,202,artifacts\external_wind_runs\kelmarsh\leave_one_farm_out\external_wind_full_seed202,9.5,2.0,288,50000,5654,0.7274495932083481,0.3501813039073358,0.31218957192330593,0.048057615474360965,0.04251017066692957,"{""0"": 1, ""1"": 0, ""2"": 2}",False
kelmarsh,penmanshiel,leave-one-farm-out,Physics-Aligned MoE,202,artifacts\external_wind_runs\kelmarsh\leave_one_farm_out\external_wind_full_seed202,9.5,3.0,288,50000,5636,0.7299503193754435,0.3503804979254839,0.31310430448976795,0.04978489385384729,0.043944340075171055,"{""0"": 1, ""1"": 0, ""2"": 2}",False
kelmarsh,penmanshiel,leave-one-farm-out,Physics-Aligned MoE,202,artifacts\external_wind_runs\kelmarsh\leave_one_farm_out\external_wind_full_seed202,9.5,4.0,288,50000,5626,0.7312477781727693,0.3503804979254839,0.31339712918660284,0.0505555377646134,0.044458873429409636,"{""0"": 1, ""1"": 0, ""2"": 2}",False
kelmarsh,penmanshiel,leave-one-farm-out,Physics-Aligned MoE,202,artifacts\external_wind_runs\kelmarsh\leave_one_farm_out\external_wind_full_seed202,10.0,1.0,288,50000,5676,0.7244538407329105,0.34995011460691944,0.3111027241096705,0.0463978423967122,0.04093681841894346,"{""0"": 1, ""1"": 0, ""2"": 2}",False
kelmarsh,penmanshiel,leave-one-farm-out,Physics-Aligned MoE,202,artifacts\external_wind_runs\kelmarsh\leave_one_farm_out\external_wind_full_seed202,10.0,2.0,288,50000,5711,0.7201891087375241,0.34952179640830044,0.30934513905651145,0.046312314267143884,0.03975237966900891,"{""0"": 1, ""1"": 0, ""2"": 2}",False
kelmarsh,penmanshiel,leave-one-farm-out,Physics-Aligned MoE,202,artifacts\external_wind_runs\kelmarsh\leave_one_farm_out\external_wind_full_seed202,10.0,3.0,288,50000,5701,0.7216277845991931,0.34967370746401166,0.3099379851054682,0.04763590980425654,0.0407106075787486,"{""0"": 1, ""1"": 0, ""2"": 2}",False
kelmarsh,penmanshiel,leave-one-farm-out,Physics-Aligned MoE,202,artifacts\external_wind_runs\kelmarsh\leave_one_farm_out\external_wind_full_seed202,10.0,4.0,288,50000,5697,0.7221344567316131,0.3496438600208455,0.30999939477635896,0.04805270495253671,0.04089649921349281,"{""0"": 1, ""1"": 0, ""2"": 2}",False
kelmarsh,penmanshiel,leave-one-farm-out,Physics-Aligned MoE,202,artifacts\external_wind_runs\kelmarsh\leave_one_farm_out\external_wind_full_seed202,10.5,1.0,288,50000,5640,0.7290780141843972,0.34988698466379553,0.3120363504404469,0.048533091629688156,0.042650456658166316,"{""0"": 1, ""1"": 0, ""2"": 2}",False
kelmarsh,penmanshiel,leave-one-farm-out,Physics-Aligned MoE,202,artifacts\external_wind_runs\kelmarsh\leave_one_farm_out\external_wind_full_seed202,10.5,2.0,288,50000,5729,0.717926339675336,0.3492013255499278,0.30824622206008223,0.046148196477833574,0.03891316438219388,"{""0"": 1, ""1"": 0, ""2"": 2}",False
kelmarsh,penmanshiel,leave-one-farm-out,Physics-Aligned MoE,202,artifacts\external_wind_runs\kelmarsh\leave_one_farm_out\external_wind_full_seed202,10.5,3.0,288,50000,5741,0.7165998954885908,0.3492465027657072,0.30801350674558353,0.046481079569846644,0.03885482933617284,"{""0"": 1, ""1"": 0, ""2"": 2}",False
kelmarsh,penmanshiel,leave-one-farm-out,Physics-Aligned MoE,202,artifacts\external_wind_runs\kelmarsh\leave_one_farm_out\external_wind_full_seed202,10.5,4.0,288,50000,5741,0.7165998954885908,0.34919935194056767,0.30792786462603716,0.046708844459378895,0.038852038306924144,"{""0"": 1, ""1"": 0, ""2"": 2}",False
kelmarsh,penmanshiel,leave-one-farm-out,Physics-Aligned MoE,202,artifacts\external_wind_runs\kelmarsh\leave_one_farm_out\external_wind_full_seed202,11.0,1.0,288,50000,5630,0.7303730017761989,0.34988698466379553,0.31232880872466723,0.04935318370421848,0.04315102304587079,"{""0"": 1, ""1"": 0, ""2"": 2}",False
kelmarsh,penmanshiel,leave-one-farm-out,Physics-Aligned MoE,202,artifacts\external_wind_runs\kelmarsh\leave_one_farm_out\external_wind_full_seed202,11.0,2.0,288,50000,5719,0.7191816751180277,0.3492013255499278,0.3085333843666109,0.04690327060553356,0.0393629185691284,"{""0"": 1, ""1"": 0, ""2"": 2}",False
kelmarsh,penmanshiel,leave-one-farm-out,Physics-Aligned MoE,202,artifacts\external_wind_runs\kelmarsh\leave_one_farm_out\external_wind_full_seed202,11.0,3.0,288,50000,5739,0.7168496253702735,0.34920875996905804,0.3080022095060944,0.0468317349717111,0.038941889905276465,"{""0"": 1, ""1"": 0, ""2"": 2}",False
kelmarsh,penmanshiel,leave-one-farm-out,Physics-Aligned MoE,202,artifacts\external_wind_runs\kelmarsh\leave_one_farm_out\external_wind_full_seed202,11.0,4.0,288,50000,5749,0.715602713515394,0.3491151736879851,0.30754612616164806,0.04651192229205061,0.038492595228976016,"{""0"": 1, ""1"": 0, ""2"": 2}",False
kelmarsh,penmanshiel,leave-one-farm-out,Physics-Aligned MoE,202,artifacts\external_wind_runs\kelmarsh\leave_one_farm_out\external_wind_full_seed202,11.5,1.0,288,50000,5629,0.7305027535974418,0.5248304769956933,0.4685371321955841,0.04947130817723748,0.043201613154160115,"{""0"": 1, ""1"": 0, ""2"": 2}",True
kelmarsh,penmanshiel,leave-one-farm-out,Physics-Aligned MoE,202,artifacts\external_wind_runs\kelmarsh\leave_one_farm_out\external_wind_full_seed202,11.5,2.0,288,50000,5718,0.7193074501573977,0.5238019883248917,0.4628431998997022,0.047012032933905046,0.03940836172772921,"{""0"": 1, ""1"": 0, ""2"": 2}",False
kelmarsh,penmanshiel,leave-one-farm-out,Physics-Aligned MoE,202,artifacts\external_wind_runs\kelmarsh\leave_one_farm_out\external_wind_full_seed202,11.5,3.0,288,50000,5738,0.7169745555942837,0.523813139953587,0.4620462686374158,0.04693950114229886,0.038986689290756604,"{""0"": 1, ""1"": 0, ""2"": 2}",False
kelmarsh,penmanshiel,leave-one-farm-out,Physics-Aligned MoE,202,artifacts\external_wind_runs\kelmarsh\leave_one_farm_out\external_wind_full_seed202,11.5,4.0,288,50000,5748,0.7157272094641615,0.5236727605319776,0.4613620550869863,0.046618601582250084,0.03853681758649668,"{""0"": 1, ""1"": 0, ""2"": 2}",False
penmanshiel,kelmarsh,leave-one-farm-out,Physics-Aligned MoE,202,artifacts\external_wind_runs\penmanshiel\leave_one_farm_out\external_wind_full_seed202,9.5,1.0,288,50000,4398,0.607094133697135,0.5,0.3777589134125637,0.0,0.0,"{""0"": 0, ""1"": 1, ""2"": 2}",False
penmanshiel,kelmarsh,leave-one-farm-out,Physics-Aligned MoE,202,artifacts\external_wind_runs\penmanshiel\leave_one_farm_out\external_wind_full_seed202,9.5,2.0,288,50000,4398,0.607094133697135,0.5,0.3777589134125637,0.0,0.0,"{""0"": 0, ""1"": 1, ""2"": 2}",False
penmanshiel,kelmarsh,leave-one-farm-out,Physics-Aligned MoE,202,artifacts\external_wind_runs\penmanshiel\leave_one_farm_out\external_wind_full_seed202,9.5,3.0,288,50000,4398,0.607094133697135,0.5,0.3777589134125637,0.0,0.0,"{""0"": 0, ""1"": 1, ""2"": 2}",False
penmanshiel,kelmarsh,leave-one-farm-out,Physics-Aligned MoE,202,artifacts\external_wind_runs\penmanshiel\leave_one_farm_out\external_wind_full_seed202,9.5,4.0,288,50000,4398,0.607094133697135,0.5,0.3777589134125637,0.0,0.0,"{""0"": 0, ""1"": 1, ""2"": 2}",False
penmanshiel,kelmarsh,leave-one-farm-out,Physics-Aligned MoE,202,artifacts\external_wind_runs\penmanshiel\leave_one_farm_out\external_wind_full_seed202,10.0,1.0,288,50000,4747,0.6359806193385296,0.5,0.38874581509142414,0.0,0.0,"{""0"": 0, ""1"": 1, ""2"": 2}",False
penmanshiel,kelmarsh,leave-one-farm-out,Physics-Aligned MoE,202,artifacts\external_wind_runs\penmanshiel\leave_one_farm_out\external_wind_full_seed202,10.0,2.0,288,50000,4747,0.6359806193385296,0.5,0.38874581509142414,0.0,0.0,"{""0"": 0, ""1"": 1, ""2"": 2}",False
penmanshiel,kelmarsh,leave-one-farm-out,Physics-Aligned MoE,202,artifacts\external_wind_runs\penmanshiel\leave_one_farm_out\external_wind_full_seed202,10.0,3.0,288,50000,4747,0.6359806193385296,0.5,0.38874581509142414,0.0,0.0,"{""0"": 0, ""1"": 1, ""2"": 2}",False
penmanshiel,kelmarsh,leave-one-farm-out,Physics-Aligned MoE,202,artifacts\external_wind_runs\penmanshiel\leave_one_farm_out\external_wind_full_seed202,10.0,4.0,288,50000,4747,0.6359806193385296,0.5,0.38874581509142414,0.0,0.0,"{""0"": 0, ""1"": 1, ""2"": 2}",False
penmanshiel,kelmarsh,leave-one-farm-out,Physics-Aligned MoE,202,artifacts\external_wind_runs\penmanshiel\leave_one_farm_out\external_wind_full_seed202,10.5,1.0,288,50000,5063,0.6587003752715781,0.5,0.39711836151464636,0.0,0.0,"{""0"": 0, ""1"": 1, ""2"": 2}",False
penmanshiel,kelmarsh,leave-one-farm-out,Physics-Aligned MoE,202,artifacts\external_wind_runs\penmanshiel\leave_one_farm_out\external_wind_full_seed202,10.5,2.0,288,50000,5063,0.6587003752715781,0.5,0.39711836151464636,0.0,0.0,"{""0"": 0, ""1"": 1, ""2"": 2}",False
penmanshiel,kelmarsh,leave-one-farm-out,Physics-Aligned MoE,202,artifacts\external_wind_runs\penmanshiel\leave_one_farm_out\external_wind_full_seed202,10.5,3.0,288,50000,5063,0.6587003752715781,0.5,0.39711836151464636,0.0,0.0,"{""0"": 0, ""1"": 1, ""2"": 2}",False
penmanshiel,kelmarsh,leave-one-farm-out,Physics-Aligned MoE,202,artifacts\external_wind_runs\penmanshiel\leave_one_farm_out\external_wind_full_seed202,10.5,4.0,288,50000,5063,0.6587003752715781,0.5,0.39711836151464636,0.0,0.0,"{""0"": 0, ""1"": 1, ""2"": 2}",False
penmanshiel,kelmarsh,leave-one-farm-out,Physics-Aligned MoE,202,artifacts\external_wind_runs\penmanshiel\leave_one_farm_out\external_wind_full_seed202,11.0,1.0,288,50000,5332,0.6759189797449362,0.5,0.40331244404655325,0.0,0.0,"{""0"": 0, ""1"": 1, ""2"": 2}",False
penmanshiel,kelmarsh,leave-one-farm-out,Physics-Aligned MoE,202,artifacts\external_wind_runs\penmanshiel\leave_one_farm_out\external_wind_full_seed202,11.0,2.0,288,50000,5332,0.6759189797449362,0.5,0.40331244404655325,0.0,0.0,"{""0"": 0, ""1"": 1, ""2"": 2}",False
penmanshiel,kelmarsh,leave-one-farm-out,Physics-Aligned MoE,202,artifacts\external_wind_runs\penmanshiel\leave_one_farm_out\external_wind_full_seed202,11.0,3.0,288,50000,5332,0.6759189797449362,0.5,0.40331244404655325,0.0,0.0,"{""0"": 0, ""1"": 1, ""2"": 2}",False
penmanshiel,kelmarsh,leave-one-farm-out,Physics-Aligned MoE,202,artifacts\external_wind_runs\penmanshiel\leave_one_farm_out\external_wind_full_seed202,11.0,4.0,288,50000,5332,0.6759189797449362,0.5,0.40331244404655325,0.0,0.0,"{""0"": 0, ""1"": 1, ""2"": 2}",False
penmanshiel,kelmarsh,leave-one-farm-out,Physics-Aligned MoE,202,artifacts\external_wind_runs\penmanshiel\leave_one_farm_out\external_wind_full_seed202,11.5,1.0,288,50000,5515,0.6866727107887579,0.5,0.40711674908621803,0.0,0.0,"{""0"": 0, ""1"": 1, ""2"": 2}",False
penmanshiel,kelmarsh,leave-one-farm-out,Physics-Aligned MoE,202,artifacts\external_wind_runs\penmanshiel\leave_one_farm_out\external_wind_full_seed202,11.5,2.0,288,50000,5515,0.6866727107887579,0.5,0.40711674908621803,0.0,0.0,"{""0"": 0, ""1"": 1, ""2"": 2}",True
penmanshiel,kelmarsh,leave-one-farm-out,Physics-Aligned MoE,202,artifacts\external_wind_runs\penmanshiel\leave_one_farm_out\external_wind_full_seed202,11.5,3.0,288,50000,5515,0.6866727107887579,0.5,0.40711674908621803,0.0,0.0,"{""0"": 0, ""1"": 1, ""2"": 2}",False
penmanshiel,kelmarsh,leave-one-farm-out,Physics-Aligned MoE,202,artifacts\external_wind_runs\penmanshiel\leave_one_farm_out\external_wind_full_seed202,11.5,4.0,288,50000,5515,0.6866727107887579,0.5,0.40711674908621803,0.0,0.0,"{""0"": 0, ""1"": 1, ""2"": 2}",False
kelmarsh,,chronological,Physics-Aligned MoE,202,artifacts\external_wind_runs\kelmarsh\chronological\external_wind_full_seed202,9.5,1.0,288,50000,1643,0.9464394400486914,0.6666666666666666,0.6574827802128992,0.08248689278793891,0.041270585500542224,"{""0"": 0, ""1"": 1, ""2"": 2}",False
kelmarsh,,chronological,Physics-Aligned MoE,202,artifacts\external_wind_runs\kelmarsh\chronological\external_wind_full_seed202,9.5,2.0,288,50000,1622,0.9796547472256474,0.6666666666666666,0.6632366697848456,0.16041500237481532,0.10594427378186497,"{""0"": 0, ""1"": 1, ""2"": 2}",False
kelmarsh,,chronological,Physics-Aligned MoE,202,artifacts\external_wind_runs\kelmarsh\chronological\external_wind_full_seed202,9.5,3.0,288,50000,1604,0.9912718204488778,0.6666666666666666,0.6652037617554859,0.2768809462167359,0.22029139863946487,"{""0"": 0, ""1"": 1, ""2"": 2}",False
kelmarsh,,chronological,Physics-Aligned MoE,202,artifacts\external_wind_runs\kelmarsh\chronological\external_wind_full_seed202,9.5,4.0,288,50000,1594,0.9974905897114178,0.6666666666666666,0.6662473794549266,0.5236962975181608,0.49874412085778436,"{""0"": 0, ""1"": 1, ""2"": 2}",False
kelmarsh,,chronological,Physics-Aligned MoE,202,artifacts\external_wind_runs\kelmarsh\chronological\external_wind_full_seed202,10.0,1.0,288,50000,1644,0.9677615571776156,0.6666666666666666,0.6611988032600845,0.11641690630942637,0.0679780877014213,"{""0"": 0, ""1"": 1, ""2"": 2}",False
kelmarsh,,chronological,Physics-Aligned MoE,202,artifacts\external_wind_runs\kelmarsh\chronological\external_wind_full_seed202,10.0,2.0,288,50000,1679,0.984514592019059,0.6666666666666666,0.6640625,0.18737991705315024,0.13129212772842958,"{""0"": 0, ""1"": 1, ""2"": 2}",False
kelmarsh,,chronological,Physics-Aligned MoE,202,artifacts\external_wind_runs\kelmarsh\chronological\external_wind_full_seed202,10.0,3.0,288,50000,1669,0.9934092270820851,0.6666666666666666,0.6655632460627947,0.31828500246817626,0.26491378022177675,"{""0"": 0, ""1"": 1, ""2"": 2}",False
kelmarsh,,chronological,Physics-Aligned MoE,202,artifacts\external_wind_runs\kelmarsh\chronological\external_wind_full_seed202,10.0,4.0,288,50000,1665,0.9975975975975976,0.6666666666666666,0.6662653020268915,0.5235533585949872,0.4987977225265005,"{""0"": 0, ""1"": 1, ""2"": 2}",False
kelmarsh,,chronological,Physics-Aligned MoE,202,artifacts\external_wind_runs\kelmarsh\chronological\external_wind_full_seed202,10.5,1.0,288,50000,1608,0.9931592039800995,0.6666666666666666,0.6655211912943871,0.3185892044857926,0.26484747081767696,"{""0"": 0, ""1"": 1, ""2"": 2}",False
kelmarsh,,chronological,Physics-Aligned MoE,202,artifacts\external_wind_runs\kelmarsh\chronological\external_wind_full_seed202,10.5,2.0,288,50000,1697,0.9935179728933412,0.6666666666666666,0.6655815329979283,0.31815027175555655,0.26494262538063845,"{""0"": 0, ""1"": 1, ""2"": 2}",False
kelmarsh,,chronological,Physics-Aligned MoE,202,artifacts\external_wind_runs\kelmarsh\chronological\external_wind_full_seed202,10.5,3.0,288,50000,1709,0.9959040374488005,0.6666666666666666,0.6659818021719989,0.4054295669087531,0.36214766419666794,"{""0"": 0, ""1"": 1, ""2"": 2}",False
kelmarsh,,chronological,Physics-Aligned MoE,202,artifacts\external_wind_runs\kelmarsh\chronological\external_wind_full_seed202,10.5,4.0,288,50000,1709,0.9988297249853716,0.6666666666666666,0.6664712778429074,0.6667002642548733,0.6658852652426445,"{""0"": 0, ""1"": 1, ""2"": 2}",False
kelmarsh,,chronological,Physics-Aligned MoE,202,artifacts\external_wind_runs\kelmarsh\chronological\external_wind_full_seed202,11.0,1.0,288,50000,1598,0.9993742177722152,0.6666666666666666,0.6665622062049514,0.7858393164208071,0.7994984330749538,"{""0"": 0, ""1"": 1, ""2"": 2}",False
kelmarsh,,chronological,Physics-Aligned MoE,202,artifacts\external_wind_runs\kelmarsh\chronological\external_wind_full_seed202,11.0,2.0,288,50000,1687,0.999407231772377,0.6666666666666666,0.6665677253388741,0.7859358399543345,0.7995249410195426,"{""0"": 0, ""1"": 1, ""2"": 2}",False
kelmarsh,,chronological,Physics-Aligned MoE,202,artifacts\external_wind_runs\kelmarsh\chronological\external_wind_full_seed202,11.0,3.0,288,50000,1707,0.9994141769185706,0.6666666666666666,0.666568886281412,0.7859566599996708,0.7995305168199031,"{""0"": 0, ""1"": 1, ""2"": 2}",False
kelmarsh,,chronological,Physics-Aligned MoE,202,artifacts\external_wind_runs\kelmarsh\chronological\external_wind_full_seed202,11.0,4.0,288,50000,1717,0.9994175888177053,0.6666666666666666,0.6665694565957033,0.7859669565137595,0.7995332559238177,"{""0"": 0, ""1"": 1, ""2"": 2}",False
kelmarsh,,chronological,Physics-Aligned MoE,202,artifacts\external_wind_runs\kelmarsh\chronological\external_wind_full_seed202,11.5,1.0,288,50000,1597,1.0,1.0,1.0,1.0,1.0,"{""0"": 0, ""1"": 1, ""2"": 2}",False
kelmarsh,,chronological,Physics-Aligned MoE,202,artifacts\external_wind_runs\kelmarsh\chronological\external_wind_full_seed202,11.5,2.0,288,50000,1686,1.0,1.0,1.0,1.0,1.0,"{""0"": 0, ""1"": 1, ""2"": 2}",True
kelmarsh,,chronological,Physics-Aligned MoE,202,artifacts\external_wind_runs\kelmarsh\chronological\external_wind_full_seed202,11.5,3.0,288,50000,1706,1.0,1.0,1.0,1.0,1.0,"{""0"": 0, ""1"": 1, ""2"": 2}",False
kelmarsh,,chronological,Physics-Aligned MoE,202,artifacts\external_wind_runs\kelmarsh\chronological\external_wind_full_seed202,11.5,4.0,288,50000,1716,1.0,1.0,1.0,1.0,1.0,"{""0"": 0, ""1"": 1, ""2"": 2}",False
penmanshiel,,chronological,Physics-Aligned MoE,202,artifacts\external_wind_runs\penmanshiel\chronological\external_wind_full_seed202,9.5,1.0,288,50000,2670,1.0,1.0,1.0,1.0,1.0,"{""0"": 0, ""1"": 1, ""2"": 2}",False
penmanshiel,,chronological,Physics-Aligned MoE,202,artifacts\external_wind_runs\penmanshiel\chronological\external_wind_full_seed202,9.5,2.0,288,50000,2670,1.0,1.0,1.0,1.0,1.0,"{""0"": 0, ""1"": 1, ""2"": 2}",False
penmanshiel,,chronological,Physics-Aligned MoE,202,artifacts\external_wind_runs\penmanshiel\chronological\external_wind_full_seed202,9.5,3.0,288,50000,2670,1.0,1.0,1.0,1.0,1.0,"{""0"": 0, ""1"": 1, ""2"": 2}",False
penmanshiel,,chronological,Physics-Aligned MoE,202,artifacts\external_wind_runs\penmanshiel\chronological\external_wind_full_seed202,9.5,4.0,288,50000,2670,1.0,1.0,1.0,1.0,1.0,"{""0"": 0, ""1"": 1, ""2"": 2}",False
penmanshiel,,chronological,Physics-Aligned MoE,202,artifacts\external_wind_runs\penmanshiel\chronological\external_wind_full_seed202,10.0,1.0,288,50000,3019,1.0,1.0,1.0,1.0,1.0,"{""0"": 0, ""1"": 1, ""2"": 2}",False
penmanshiel,,chronological,Physics-Aligned MoE,202,artifacts\external_wind_runs\penmanshiel\chronological\external_wind_full_seed202,10.0,2.0,288,50000,3019,1.0,1.0,1.0,1.0,1.0,"{""0"": 0, ""1"": 1, ""2"": 2}",False
penmanshiel,,chronological,Physics-Aligned MoE,202,artifacts\external_wind_runs\penmanshiel\chronological\external_wind_full_seed202,10.0,3.0,288,50000,3019,1.0,1.0,1.0,1.0,1.0,"{""0"": 0, ""1"": 1, ""2"": 2}",False
penmanshiel,,chronological,Physics-Aligned MoE,202,artifacts\external_wind_runs\penmanshiel\chronological\external_wind_full_seed202,10.0,4.0,288,50000,3019,1.0,1.0,1.0,1.0,1.0,"{""0"": 0, ""1"": 1, ""2"": 2}",False
penmanshiel,,chronological,Physics-Aligned MoE,202,artifacts\external_wind_runs\penmanshiel\chronological\external_wind_full_seed202,10.5,1.0,288,50000,3335,1.0,1.0,1.0,1.0,1.0,"{""0"": 0, ""1"": 1, ""2"": 2}",False
penmanshiel,,chronological,Physics-Aligned MoE,202,artifacts\external_wind_runs\penmanshiel\chronological\external_wind_full_seed202,10.5,2.0,288,50000,3335,1.0,1.0,1.0,1.0,1.0,"{""0"": 0, ""1"": 1, ""2"": 2}",True
penmanshiel,,chronological,Physics-Aligned MoE,202,artifacts\external_wind_runs\penmanshiel\chronological\external_wind_full_seed202,10.5,3.0,288,50000,3335,1.0,1.0,1.0,1.0,1.0,"{""0"": 0, ""1"": 1, ""2"": 2}",False
penmanshiel,,chronological,Physics-Aligned MoE,202,artifacts\external_wind_runs\penmanshiel\chronological\external_wind_full_seed202,10.5,4.0,288,50000,3335,1.0,1.0,1.0,1.0,1.0,"{""0"": 0, ""1"": 1, ""2"": 2}",False
penmanshiel,,chronological,Physics-Aligned MoE,202,artifacts\external_wind_runs\penmanshiel\chronological\external_wind_full_seed202,11.0,1.0,288,50000,3604,1.0,1.0,1.0,1.0,1.0,"{""0"": 0, ""1"": 1, ""2"": 2}",False
penmanshiel,,chronological,Physics-Aligned MoE,202,artifacts\external_wind_runs\penmanshiel\chronological\external_wind_full_seed202,11.0,2.0,288,50000,3604,1.0,1.0,1.0,1.0,1.0,"{""0"": 0, ""1"": 1, ""2"": 2}",False
penmanshiel,,chronological,Physics-Aligned MoE,202,artifacts\external_wind_runs\penmanshiel\chronological\external_wind_full_seed202,11.0,3.0,288,50000,3604,1.0,1.0,1.0,1.0,1.0,"{""0"": 0, ""1"": 1, ""2"": 2}",False
penmanshiel,,chronological,Physics-Aligned MoE,202,artifacts\external_wind_runs\penmanshiel\chronological\external_wind_full_seed202,11.0,4.0,288,50000,3604,1.0,1.0,1.0,1.0,1.0,"{""0"": 0, ""1"": 1, ""2"": 2}",False
penmanshiel,,chronological,Physics-Aligned MoE,202,artifacts\external_wind_runs\penmanshiel\chronological\external_wind_full_seed202,11.5,1.0,288,50000,3787,1.0,1.0,1.0,1.0,1.0,"{""0"": 0, ""1"": 1, ""2"": 2}",False
penmanshiel,,chronological,Physics-Aligned MoE,202,artifacts\external_wind_runs\penmanshiel\chronological\external_wind_full_seed202,11.5,2.0,288,50000,3787,1.0,1.0,1.0,1.0,1.0,"{""0"": 0, ""1"": 1, ""2"": 2}",False
penmanshiel,,chronological,Physics-Aligned MoE,202,artifacts\external_wind_runs\penmanshiel\chronological\external_wind_full_seed202,11.5,3.0,288,50000,3787,1.0,1.0,1.0,1.0,1.0,"{""0"": 0, ""1"": 1, ""2"": 2}",False
penmanshiel,,chronological,Physics-Aligned MoE,202,artifacts\external_wind_runs\penmanshiel\chronological\external_wind_full_seed202,11.5,4.0,288,50000,3787,1.0,1.0,1.0,1.0,1.0,"{""0"": 0, ""1"": 1, ""2"": 2}",False
kelmarsh,penmanshiel,leave-one-farm-out,Physics-Aligned MoE,203,artifacts\external_wind_runs\kelmarsh\leave_one_farm_out\external_wind_full_seed203,9.5,1.0,288,50000,5675,0.7120704845814978,0.3350998164028169,0.2810068677645456,0.003726037355866686,0.00419649449646633,"{""0"": 1, ""1"": 0, ""2"": 2}",False
kelmarsh,penmanshiel,leave-one-farm-out,Physics-Aligned MoE,203,artifacts\external_wind_runs\kelmarsh\leave_one_farm_out\external_wind_full_seed203,9.5,2.0,288,50000,5654,0.7148921117792714,0.33526847046898256,0.2819700165710914,0.004399241182079066,0.004837488723315468,"{""0"": 1, ""1"": 0, ""2"": 2}",False
kelmarsh,penmanshiel,leave-one-farm-out,Physics-Aligned MoE,203,artifacts\external_wind_runs\kelmarsh\leave_one_farm_out\external_wind_full_seed203,9.5,3.0,288,50000,5636,0.7173527324343506,0.3354770554401774,0.28292778336931773,0.005115309183784599,0.005489756514186176,"{""0"": 1, ""1"": 0, ""2"": 2}",False
kelmarsh,penmanshiel,leave-one-farm-out,Physics-Aligned MoE,203,artifacts\external_wind_runs\kelmarsh\leave_one_farm_out\external_wind_full_seed203,9.5,4.0,288,50000,5626,0.7186277995023107,0.3354770554401774,0.28321631587976664,0.005197745972878055,0.005561116343865378,"{""0"": 1, ""1"": 0, ""2"": 2}",False
kelmarsh,penmanshiel,leave-one-farm-out,Physics-Aligned MoE,203,artifacts\external_wind_runs\kelmarsh\leave_one_farm_out\external_wind_full_seed203,10.0,1.0,288,50000,5676,0.7119450317124736,0.3350560512547063,0.28089197339931954,0.00372376969381134,0.004190442194613208,"{""0"": 1, ""1"": 0, ""2"": 2}",False
kelmarsh,penmanshiel,leave-one-farm-out,Physics-Aligned MoE,203,artifacts\external_wind_runs\kelmarsh\leave_one_farm_out\external_wind_full_seed203,10.0,2.0,288,50000,5711,0.707756960252145,0.3351870497900893,0.2801826609726027,0.004196884548943451,0.004504706970038162,"{""0"": 1, ""1"": 0, ""2"": 2}",False
kelmarsh,penmanshiel,leave-one-farm-out,Physics-Aligned MoE,203,artifacts\external_wind_runs\kelmarsh\leave_one_farm_out\external_wind_full_seed203,10.0,3.0,288,50000,5701,0.7091738291527803,0.3353822420855897,0.28088016829925044,0.004846326365202162,0.005061998597399176,"{""0"": 1, ""1"": 0, ""2"": 2}",False
kelmarsh,penmanshiel,leave-one-farm-out,Physics-Aligned MoE,203,artifacts\external_wind_runs\kelmarsh\leave_one_farm_out\external_wind_full_seed203,10.0,4.0,288,50000,5697,0.709671757065122,0.33537823816028695,0.2809860883944787,0.004888517412700279,0.005088596503618575,"{""0"": 1, ""1"": 0, ""2"": 2}",False
kelmarsh,penmanshiel,leave-one-farm-out,Physics-Aligned MoE,203,artifacts\external_wind_runs\kelmarsh\leave_one_farm_out\external_wind_full_seed203,10.5,1.0,288,50000,5640,0.7164893617021276,0.33504894913610483,0.2819104700125229,0.0038905668163803117,0.004390747533698281,"{""0"": 1, ""1"": 0, ""2"": 2}",False
kelmarsh,penmanshiel,leave-one-farm-out,Physics-Aligned MoE,203,artifacts\external_wind_runs\kelmarsh\leave_one_farm_out\external_wind_full_seed203,10.5,2.0,288,50000,5729,0.7055332518764182,0.3351474854865865,0.2795948520680672,0.004161228243791625,0.004407261916943156,"{""0"": 1, ""1"": 0, ""2"": 2}",False
kelmarsh,penmanshiel,leave-one-farm-out,Physics-Aligned MoE,203,artifacts\external_wind_runs\kelmarsh\leave_one_farm_out\external_wind_full_seed203,10.5,3.0,288,50000,5741,0.7042327120710677,0.3353249341382562,0.27963439970539944,0.004699413157810059,0.0048181208382421965,"{""0"": 1, ""1"": 0, ""2"": 2}",False
kelmarsh,penmanshiel,leave-one-farm-out,Physics-Aligned MoE,203,artifacts\external_wind_runs\kelmarsh\leave_one_farm_out\external_wind_full_seed203,10.5,4.0,288,50000,5741,0.7042327120710677,0.33531860902756677,0.27962194048386524,0.004720513277429082,0.004819174912142003,"{""0"": 1, ""1"": 0, ""2"": 2}",False
kelmarsh,penmanshiel,leave-one-farm-out,Physics-Aligned MoE,203,artifacts\external_wind_runs\kelmarsh\leave_one_farm_out\external_wind_full_seed203,11.0,1.0,288,50000,5630,0.7177619893428064,0.33504894913610483,0.2821986441345318,0.003958294868782706,0.004448959053645928,"{""0"": 1, ""1"": 0, ""2"": 2}",False
kelmarsh,penmanshiel,leave-one-farm-out,Physics-Aligned MoE,203,artifacts\external_wind_runs\kelmarsh\leave_one_farm_out\external_wind_full_seed203,11.0,2.0,288,50000,5719,0.706766917293233,0.3351474854865865,0.27987784563593293,0.004231426418500563,0.004464497227855132,"{""0"": 1, ""1"": 0, ""2"": 2}",False
kelmarsh,penmanshiel,leave-one-farm-out,Physics-Aligned MoE,203,artifacts\external_wind_runs\kelmarsh\leave_one_farm_out\external_wind_full_seed203,11.0,3.0,288,50000,5739,0.7044781320787593,0.3353198710801691,0.27968085140240156,0.0047340613740019435,0.004831308820805723,"{""0"": 1, ""1"": 0, ""2"": 2}",False
kelmarsh,penmanshiel,leave-one-farm-out,Physics-Aligned MoE,203,artifacts\external_wind_runs\kelmarsh\leave_one_farm_out\external_wind_full_seed203,11.0,4.0,288,50000,5749,0.7032527396068882,0.33530731682295195,0.2793742271827402,0.004694850019783641,0.004772082558485766,"{""0"": 1, ""1"": 0, ""2"": 2}",False
kelmarsh,penmanshiel,leave-one-farm-out,Physics-Aligned MoE,203,artifacts\external_wind_runs\kelmarsh\leave_one_farm_out\external_wind_full_seed203,11.5,1.0,288,50000,5629,0.7178895007994315,0.5025734237041573,0.4233412415831845,0.003968261983091248,0.004454846414188793,"{""0"": 1, ""1"": 0, ""2"": 2}",False
kelmarsh,penmanshiel,leave-one-farm-out,Physics-Aligned MoE,203,artifacts\external_wind_runs\kelmarsh\leave_one_farm_out\external_wind_full_seed203,11.5,2.0,288,50000,5718,0.7068905211612452,0.5027212282298797,0.41985926542946805,0.004241744031216036,0.004470284067146413,"{""0"": 1, ""1"": 0, ""2"": 2}",False
kelmarsh,penmanshiel,leave-one-farm-out,Physics-Aligned MoE,203,artifacts\external_wind_runs\kelmarsh\leave_one_farm_out\external_wind_full_seed203,11.5,3.0,288,50000,5738,0.7046009062391076,0.5029798066202537,0.41956360877222604,0.00474555692253296,0.004837503747053651,"{""0"": 1, ""1"": 0, ""2"": 2}",True
kelmarsh,penmanshiel,leave-one-farm-out,Physics-Aligned MoE,203,artifacts\external_wind_runs\kelmarsh\leave_one_farm_out\external_wind_full_seed203,11.5,4.0,288,50000,5748,0.703375086986778,0.502960975234428,0.41910358582621615,0.004706205853994791,0.004778195917254767,"{""0"": 1, ""1"": 0, ""2"": 2}",False
penmanshiel,kelmarsh,leave-one-farm-out,Physics-Aligned MoE,203,artifacts\external_wind_runs\penmanshiel\leave_one_farm_out\external_wind_full_seed203,9.5,1.0,288,50000,4398,0.607094133697135,0.5,0.3777589134125637,0.0,0.0,"{""0"": 0, ""1"": 1, ""2"": 2}",False
penmanshiel,kelmarsh,leave-one-farm-out,Physics-Aligned MoE,203,artifacts\external_wind_runs\penmanshiel\leave_one_farm_out\external_wind_full_seed203,9.5,2.0,288,50000,4398,0.607094133697135,0.5,0.3777589134125637,0.0,0.0,"{""0"": 0, ""1"": 1, ""2"": 2}",False
penmanshiel,kelmarsh,leave-one-farm-out,Physics-Aligned MoE,203,artifacts\external_wind_runs\penmanshiel\leave_one_farm_out\external_wind_full_seed203,9.5,3.0,288,50000,4398,0.607094133697135,0.5,0.3777589134125637,0.0,0.0,"{""0"": 0, ""1"": 1, ""2"": 2}",False
penmanshiel,kelmarsh,leave-one-farm-out,Physics-Aligned MoE,203,artifacts\external_wind_runs\penmanshiel\leave_one_farm_out\external_wind_full_seed203,9.5,4.0,288,50000,4398,0.607094133697135,0.5,0.3777589134125637,0.0,0.0,"{""0"": 0, ""1"": 1, ""2"": 2}",False
penmanshiel,kelmarsh,leave-one-farm-out,Physics-Aligned MoE,203,artifacts\external_wind_runs\penmanshiel\leave_one_farm_out\external_wind_full_seed203,10.0,1.0,288,50000,4747,0.6359806193385296,0.5,0.38874581509142414,0.0,0.0,"{""0"": 0, ""1"": 1, ""2"": 2}",False
penmanshiel,kelmarsh,leave-one-farm-out,Physics-Aligned MoE,203,artifacts\external_wind_runs\penmanshiel\leave_one_farm_out\external_wind_full_seed203,10.0,2.0,288,50000,4747,0.6359806193385296,0.5,0.38874581509142414,0.0,0.0,"{""0"": 0, ""1"": 1, ""2"": 2}",False
penmanshiel,kelmarsh,leave-one-farm-out,Physics-Aligned MoE,203,artifacts\external_wind_runs\penmanshiel\leave_one_farm_out\external_wind_full_seed203,10.0,3.0,288,50000,4747,0.6359806193385296,0.5,0.38874581509142414,0.0,0.0,"{""0"": 0, ""1"": 1, ""2"": 2}",False
penmanshiel,kelmarsh,leave-one-farm-out,Physics-Aligned MoE,203,artifacts\external_wind_runs\penmanshiel\leave_one_farm_out\external_wind_full_seed203,10.0,4.0,288,50000,4747,0.6359806193385296,0.5,0.38874581509142414,0.0,0.0,"{""0"": 0, ""1"": 1, ""2"": 2}",False
penmanshiel,kelmarsh,leave-one-farm-out,Physics-Aligned MoE,203,artifacts\external_wind_runs\penmanshiel\leave_one_farm_out\external_wind_full_seed203,10.5,1.0,288,50000,5063,0.6587003752715781,0.5,0.39711836151464636,0.0,0.0,"{""0"": 0, ""1"": 1, ""2"": 2}",False
penmanshiel,kelmarsh,leave-one-farm-out,Physics-Aligned MoE,203,artifacts\external_wind_runs\penmanshiel\leave_one_farm_out\external_wind_full_seed203,10.5,2.0,288,50000,5063,0.6587003752715781,0.5,0.39711836151464636,0.0,0.0,"{""0"": 0, ""1"": 1, ""2"": 2}",False
penmanshiel,kelmarsh,leave-one-farm-out,Physics-Aligned MoE,203,artifacts\external_wind_runs\penmanshiel\leave_one_farm_out\external_wind_full_seed203,10.5,3.0,288,50000,5063,0.6587003752715781,0.5,0.39711836151464636,0.0,0.0,"{""0"": 0, ""1"": 1, ""2"": 2}",False
penmanshiel,kelmarsh,leave-one-farm-out,Physics-Aligned MoE,203,artifacts\external_wind_runs\penmanshiel\leave_one_farm_out\external_wind_full_seed203,10.5,4.0,288,50000,5063,0.6587003752715781,0.5,0.39711836151464636,0.0,0.0,"{""0"": 0, ""1"": 1, ""2"": 2}",False
penmanshiel,kelmarsh,leave-one-farm-out,Physics-Aligned MoE,203,artifacts\external_wind_runs\penmanshiel\leave_one_farm_out\external_wind_full_seed203,11.0,1.0,288,50000,5332,0.6759189797449362,0.5,0.40331244404655325,0.0,0.0,"{""0"": 0, ""1"": 1, ""2"": 2}",False
penmanshiel,kelmarsh,leave-one-farm-out,Physics-Aligned MoE,203,artifacts\external_wind_runs\penmanshiel\leave_one_farm_out\external_wind_full_seed203,11.0,2.0,288,50000,5332,0.6759189797449362,0.5,0.40331244404655325,0.0,0.0,"{""0"": 0, ""1"": 1, ""2"": 2}",False
penmanshiel,kelmarsh,leave-one-farm-out,Physics-Aligned MoE,203,artifacts\external_wind_runs\penmanshiel\leave_one_farm_out\external_wind_full_seed203,11.0,3.0,288,50000,5332,0.6759189797449362,0.5,0.40331244404655325,0.0,0.0,"{""0"": 0, ""1"": 1, ""2"": 2}",False
penmanshiel,kelmarsh,leave-one-farm-out,Physics-Aligned MoE,203,artifacts\external_wind_runs\penmanshiel\leave_one_farm_out\external_wind_full_seed203,11.0,4.0,288,50000,5332,0.6759189797449362,0.5,0.40331244404655325,0.0,0.0,"{""0"": 0, ""1"": 1, ""2"": 2}",False
penmanshiel,kelmarsh,leave-one-farm-out,Physics-Aligned MoE,203,artifacts\external_wind_runs\penmanshiel\leave_one_farm_out\external_wind_full_seed203,11.5,1.0,288,50000,5515,0.6866727107887579,0.5,0.40711674908621803,0.0,0.0,"{""0"": 0, ""1"": 1, ""2"": 2}",False
penmanshiel,kelmarsh,leave-one-farm-out,Physics-Aligned MoE,203,artifacts\external_wind_runs\penmanshiel\leave_one_farm_out\external_wind_full_seed203,11.5,2.0,288,50000,5515,0.6866727107887579,0.5,0.40711674908621803,0.0,0.0,"{""0"": 0, ""1"": 1, ""2"": 2}",True
penmanshiel,kelmarsh,leave-one-farm-out,Physics-Aligned MoE,203,artifacts\external_wind_runs\penmanshiel\leave_one_farm_out\external_wind_full_seed203,11.5,3.0,288,50000,5515,0.6866727107887579,0.5,0.40711674908621803,0.0,0.0,"{""0"": 0, ""1"": 1, ""2"": 2}",False
penmanshiel,kelmarsh,leave-one-farm-out,Physics-Aligned MoE,203,artifacts\external_wind_runs\penmanshiel\leave_one_farm_out\external_wind_full_seed203,11.5,4.0,288,50000,5515,0.6866727107887579,0.5,0.40711674908621803,0.0,0.0,"{""0"": 0, ""1"": 1, ""2"": 2}",False
kelmarsh,,chronological,Physics-Aligned MoE,203,artifacts\external_wind_runs\kelmarsh\chronological\external_wind_full_seed203,9.5,1.0,288,50000,1643,0.9452221545952526,0.3333333333333333,0.3239465999165624,0.0,0.0,"{""0"": 1, ""1"": 1, ""2"": 2}",False
kelmarsh,,chronological,Physics-Aligned MoE,203,artifacts\external_wind_runs\kelmarsh\chronological\external_wind_full_seed203,9.5,2.0,288,50000,1622,0.9784217016029593,0.3333333333333333,0.3296977251480212,0.0,0.0,"{""0"": 1, ""1"": 1, ""2"": 2}",False
kelmarsh,,chronological,Physics-Aligned MoE,203,artifacts\external_wind_runs\kelmarsh\chronological\external_wind_full_seed203,9.5,3.0,288,50000,1604,0.9900249376558603,0.3333333333333333,0.3316624895572264,0.0,0.0,"{""0"": 1, ""1"": 1, ""2"": 2}",False
kelmarsh,,chronological,Physics-Aligned MoE,203,artifacts\external_wind_runs\kelmarsh\chronological\external_wind_full_seed203,9.5,4.0,288,50000,1594,0.9962358845671268,0.3333333333333333,0.3327047978210769,0.0,0.0,"{""0"": 1, ""1"": 1, ""2"": 2}",False
kelmarsh,,chronological,Physics-Aligned MoE,203,artifacts\external_wind_runs\kelmarsh\chronological\external_wind_full_seed203,10.0,1.0,288,50000,1644,0.9665450121654501,0.3333333333333333,0.32766264563357045,0.0,0.0,"{""0"": 1, ""1"": 1, ""2"": 2}",False
kelmarsh,,chronological,Physics-Aligned MoE,203,artifacts\external_wind_runs\kelmarsh\chronological\external_wind_full_seed203,10.0,2.0,288,50000,1679,0.9833234067897558,0.3333333333333333,0.33053053053053055,0.0,0.0,"{""0"": 1, ""1"": 1, ""2"": 2}",False
kelmarsh,,chronological,Physics-Aligned MoE,203,artifacts\external_wind_runs\kelmarsh\chronological\external_wind_full_seed203,10.0,3.0,288,50000,1669,0.9922109047333733,0.3333333333333333,0.33203007518796995,0.0,0.0,"{""0"": 1, ""1"": 1, ""2"": 2}",False
kelmarsh,,chronological,Physics-Aligned MoE,203,artifacts\external_wind_runs\kelmarsh\chronological\external_wind_full_seed203,10.0,4.0,288,50000,1665,0.9963963963963964,0.3333333333333333,0.33273164861612514,0.0,0.0,"{""0"": 1, ""1"": 1, ""2"": 2}",False
kelmarsh,,chronological,Physics-Aligned MoE,203,artifacts\external_wind_runs\kelmarsh\chronological\external_wind_full_seed203,10.5,1.0,288,50000,1608,0.9919154228855721,0.3333333333333333,0.3319804350088459,0.0,0.0,"{""0"": 1, ""1"": 1, ""2"": 2}",False
kelmarsh,,chronological,Physics-Aligned MoE,203,artifacts\external_wind_runs\kelmarsh\chronological\external_wind_full_seed203,10.5,2.0,288,50000,1697,0.9923394225103123,0.3333333333333333,0.3320516612442078,0.0,0.0,"{""0"": 1, ""1"": 1, ""2"": 2}",False
kelmarsh,,chronological,Physics-Aligned MoE,203,artifacts\external_wind_runs\kelmarsh\chronological\external_wind_full_seed203,10.5,3.0,288,50000,1709,0.994733762434172,0.3333333333333333,0.3324533098660409,0.0,0.0,"{""0"": 1, ""1"": 1, ""2"": 2}",False
kelmarsh,,chronological,Physics-Aligned MoE,203,artifacts\external_wind_runs\kelmarsh\chronological\external_wind_full_seed203,10.5,4.0,288,50000,1709,0.9976594499707431,0.3333333333333333,0.3329427846123804,0.0,0.0,"{""0"": 1, ""1"": 1, ""2"": 2}",False
kelmarsh,,chronological,Physics-Aligned MoE,203,artifacts\external_wind_runs\kelmarsh\chronological\external_wind_full_seed203,11.0,1.0,288,50000,1598,0.9981226533166458,0.3333333333333333,0.3330201482409437,0.0,0.0,"{""0"": 1, ""1"": 1, ""2"": 2}",False
kelmarsh,,chronological,Physics-Aligned MoE,203,artifacts\external_wind_runs\kelmarsh\chronological\external_wind_full_seed203,11.0,2.0,288,50000,1687,0.998221695317131,0.3333333333333333,0.33303668545436566,0.0,0.0,"{""0"": 1, ""1"": 1, ""2"": 2}",False
kelmarsh,,chronological,Physics-Aligned MoE,203,artifacts\external_wind_runs\kelmarsh\chronological\external_wind_full_seed203,11.0,3.0,288,50000,1707,0.9982425307557118,0.3333333333333333,0.3330401641747288,0.0,0.0,"{""0"": 1, ""1"": 1, ""2"": 2}",False
kelmarsh,,chronological,Physics-Aligned MoE,203,artifacts\external_wind_runs\kelmarsh\chronological\external_wind_full_seed203,11.0,4.0,288,50000,1717,0.9982527664531159,0.3333333333333333,0.33304187311765276,0.0,0.0,"{""0"": 1, ""1"": 1, ""2"": 2}",False
kelmarsh,,chronological,Physics-Aligned MoE,203,artifacts\external_wind_runs\kelmarsh\chronological\external_wind_full_seed203,11.5,1.0,288,50000,1597,0.9987476518472135,0.5,0.49968671679197996,0.0,0.0,"{""0"": 1, ""1"": 1, ""2"": 2}",False
kelmarsh,,chronological,Physics-Aligned MoE,203,artifacts\external_wind_runs\kelmarsh\chronological\external_wind_full_seed203,11.5,2.0,288,50000,1686,0.9988137603795967,0.5,0.49970326409495547,0.0,0.0,"{""0"": 1, ""1"": 1, ""2"": 2}",False
kelmarsh,,chronological,Physics-Aligned MoE,203,artifacts\external_wind_runs\kelmarsh\chronological\external_wind_full_seed203,11.5,3.0,288,50000,1706,0.9988276670574443,0.5,0.4997067448680352,0.0,0.0,"{""0"": 1, ""1"": 1, ""2"": 2}",False
kelmarsh,,chronological,Physics-Aligned MoE,203,artifacts\external_wind_runs\kelmarsh\chronological\external_wind_full_seed203,11.5,4.0,288,50000,1716,0.9988344988344988,0.5,0.49970845481049564,0.0,0.0,"{""0"": 1, ""1"": 1, ""2"": 2}",True
penmanshiel,,chronological,Physics-Aligned MoE,203,artifacts\external_wind_runs\penmanshiel\chronological\external_wind_full_seed203,9.5,1.0,288,50000,2670,1.0,1.0,1.0,1.0,1.0,"{""0"": 0, ""1"": 1, ""2"": 2}",False
penmanshiel,,chronological,Physics-Aligned MoE,203,artifacts\external_wind_runs\penmanshiel\chronological\external_wind_full_seed203,9.5,2.0,288,50000,2670,1.0,1.0,1.0,1.0,1.0,"{""0"": 0, ""1"": 1, ""2"": 2}",False
penmanshiel,,chronological,Physics-Aligned MoE,203,artifacts\external_wind_runs\penmanshiel\chronological\external_wind_full_seed203,9.5,3.0,288,50000,2670,1.0,1.0,1.0,1.0,1.0,"{""0"": 0, ""1"": 1, ""2"": 2}",False
penmanshiel,,chronological,Physics-Aligned MoE,203,artifacts\external_wind_runs\penmanshiel\chronological\external_wind_full_seed203,9.5,4.0,288,50000,2670,1.0,1.0,1.0,1.0,1.0,"{""0"": 0, ""1"": 1, ""2"": 2}",False
penmanshiel,,chronological,Physics-Aligned MoE,203,artifacts\external_wind_runs\penmanshiel\chronological\external_wind_full_seed203,10.0,1.0,288,50000,3019,1.0,1.0,1.0,1.0,1.0,"{""0"": 0, ""1"": 1, ""2"": 2}",False
penmanshiel,,chronological,Physics-Aligned MoE,203,artifacts\external_wind_runs\penmanshiel\chronological\external_wind_full_seed203,10.0,2.0,288,50000,3019,1.0,1.0,1.0,1.0,1.0,"{""0"": 0, ""1"": 1, ""2"": 2}",False
penmanshiel,,chronological,Physics-Aligned MoE,203,artifacts\external_wind_runs\penmanshiel\chronological\external_wind_full_seed203,10.0,3.0,288,50000,3019,1.0,1.0,1.0,1.0,1.0,"{""0"": 0, ""1"": 1, ""2"": 2}",False
penmanshiel,,chronological,Physics-Aligned MoE,203,artifacts\external_wind_runs\penmanshiel\chronological\external_wind_full_seed203,10.0,4.0,288,50000,3019,1.0,1.0,1.0,1.0,1.0,"{""0"": 0, ""1"": 1, ""2"": 2}",False
penmanshiel,,chronological,Physics-Aligned MoE,203,artifacts\external_wind_runs\penmanshiel\chronological\external_wind_full_seed203,10.5,1.0,288,50000,3335,1.0,1.0,1.0,1.0,1.0,"{""0"": 0, ""1"": 1, ""2"": 2}",False
penmanshiel,,chronological,Physics-Aligned MoE,203,artifacts\external_wind_runs\penmanshiel\chronological\external_wind_full_seed203,10.5,2.0,288,50000,3335,1.0,1.0,1.0,1.0,1.0,"{""0"": 0, ""1"": 1, ""2"": 2}",True
penmanshiel,,chronological,Physics-Aligned MoE,203,artifacts\external_wind_runs\penmanshiel\chronological\external_wind_full_seed203,10.5,3.0,288,50000,3335,1.0,1.0,1.0,1.0,1.0,"{""0"": 0, ""1"": 1, ""2"": 2}",False
penmanshiel,,chronological,Physics-Aligned MoE,203,artifacts\external_wind_runs\penmanshiel\chronological\external_wind_full_seed203,10.5,4.0,288,50000,3335,1.0,1.0,1.0,1.0,1.0,"{""0"": 0, ""1"": 1, ""2"": 2}",False
penmanshiel,,chronological,Physics-Aligned MoE,203,artifacts\external_wind_runs\penmanshiel\chronological\external_wind_full_seed203,11.0,1.0,288,50000,3604,1.0,1.0,1.0,1.0,1.0,"{""0"": 0, ""1"": 1, ""2"": 2}",False
penmanshiel,,chronological,Physics-Aligned MoE,203,artifacts\external_wind_runs\penmanshiel\chronological\external_wind_full_seed203,11.0,2.0,288,50000,3604,1.0,1.0,1.0,1.0,1.0,"{""0"": 0, ""1"": 1, ""2"": 2}",False
penmanshiel,,chronological,Physics-Aligned MoE,203,artifacts\external_wind_runs\penmanshiel\chronological\external_wind_full_seed203,11.0,3.0,288,50000,3604,1.0,1.0,1.0,1.0,1.0,"{""0"": 0, ""1"": 1, ""2"": 2}",False
penmanshiel,,chronological,Physics-Aligned MoE,203,artifacts\external_wind_runs\penmanshiel\chronological\external_wind_full_seed203,11.0,4.0,288,50000,3604,1.0,1.0,1.0,1.0,1.0,"{""0"": 0, ""1"": 1, ""2"": 2}",False
penmanshiel,,chronological,Physics-Aligned MoE,203,artifacts\external_wind_runs\penmanshiel\chronological\external_wind_full_seed203,11.5,1.0,288,50000,3787,1.0,1.0,1.0,1.0,1.0,"{""0"": 0, ""1"": 1, ""2"": 2}",False
penmanshiel,,chronological,Physics-Aligned MoE,203,artifacts\external_wind_runs\penmanshiel\chronological\external_wind_full_seed203,11.5,2.0,288,50000,3787,1.0,1.0,1.0,1.0,1.0,"{""0"": 0, ""1"": 1, ""2"": 2}",False
penmanshiel,,chronological,Physics-Aligned MoE,203,artifacts\external_wind_runs\penmanshiel\chronological\external_wind_full_seed203,11.5,3.0,288,50000,3787,1.0,1.0,1.0,1.0,1.0,"{""0"": 0, ""1"": 1, ""2"": 2}",False
penmanshiel,,chronological,Physics-Aligned MoE,203,artifacts\external_wind_runs\penmanshiel\chronological\external_wind_full_seed203,11.5,4.0,288,50000,3787,1.0,1.0,1.0,1.0,1.0,"{""0"": 0, ""1"": 1, ""2"": 2}",False
kelmarsh,penmanshiel,leave-one-farm-out,Physics-Aligned MoE,204,artifacts\external_wind_runs\kelmarsh\leave_one_farm_out\external_wind_full_seed204,9.5,1.0,288,50000,5675,0.7228193832599119,0.3479287400729771,0.306913826353762,0.04326482905862698,0.03528775088888755,"{""0"": 0, ""1"": 0, ""2"": 1}",False
kelmarsh,penmanshiel,leave-one-farm-out,Physics-Aligned MoE,204,artifacts\external_wind_runs\kelmarsh\leave_one_farm_out\external_wind_full_seed204,9.5,2.0,288,50000,5654,0.7255040679165192,0.34761604704893934,0.30694822175184716,0.04466783911906756,0.036062008960795984,"{""0"": 0, ""1"": 0, ""2"": 1}",False
kelmarsh,penmanshiel,leave-one-farm-out,Physics-Aligned MoE,204,artifacts\external_wind_runs\kelmarsh\leave_one_farm_out\external_wind_full_seed204,9.5,3.0,288,50000,5636,0.7278211497515968,0.34760705289672544,0.3074557400648885,0.045744740992862756,0.03681517486970758,"{""0"": 0, ""1"": 0, ""2"": 1}",False
kelmarsh,penmanshiel,leave-one-farm-out,Physics-Aligned MoE,204,artifacts\external_wind_runs\kelmarsh\leave_one_farm_out\external_wind_full_seed204,9.5,4.0,288,50000,5626,0.7291148240312834,0.34760705289672544,0.30774773395435545,0.046474334612985176,0.03724576704319527,"{""0"": 0, ""1"": 0, ""2"": 1}",False
kelmarsh,penmanshiel,leave-one-farm-out,Physics-Aligned MoE,204,artifacts\external_wind_runs\kelmarsh\leave_one_farm_out\external_wind_full_seed204,10.0,1.0,288,50000,5676,0.7226920366455251,0.34759807006503046,0.3062773002727164,0.043637719366816465,0.03517130167990572,"{""0"": 0, ""1"": 0, ""2"": 1}",False
kelmarsh,penmanshiel,leave-one-farm-out,Physics-Aligned MoE,204,artifacts\external_wind_runs\kelmarsh\leave_one_farm_out\external_wind_full_seed204,10.0,2.0,288,50000,5711,0.7182630012257047,0.3470623864324652,0.30428174219654747,0.043128777716645895,0.03372323615568322,"{""0"": 0, ""1"": 0, ""2"": 1}",False
kelmarsh,penmanshiel,leave-one-farm-out,Physics-Aligned MoE,204,artifacts\external_wind_runs\kelmarsh\leave_one_farm_out\external_wind_full_seed204,10.0,3.0,288,50000,5701,0.7195228907209261,0.3470209339774557,0.304492740509548,0.043851689664158436,0.034105675318493844,"{""0"": 0, ""1"": 0, ""2"": 1}",False
kelmarsh,penmanshiel,leave-one-farm-out,Physics-Aligned MoE,204,artifacts\external_wind_runs\kelmarsh\leave_one_farm_out\external_wind_full_seed204,10.0,4.0,288,50000,5697,0.7200280849569949,0.3469961824392204,0.30456222208200173,0.044253137203980906,0.03426090409078954,"{""0"": 0, ""1"": 0, ""2"": 1}",False
kelmarsh,penmanshiel,leave-one-farm-out,Physics-Aligned MoE,204,artifacts\external_wind_runs\kelmarsh\leave_one_farm_out\external_wind_full_seed204,10.5,1.0,288,50000,5640,0.7273049645390071,0.3475444096133751,0.30722388338250045,0.04572305923318956,0.03663905493356703,"{""0"": 0, ""1"": 0, ""2"": 1}",False
kelmarsh,penmanshiel,leave-one-farm-out,Physics-Aligned MoE,204,artifacts\external_wind_runs\kelmarsh\leave_one_farm_out\external_wind_full_seed204,10.5,2.0,288,50000,5729,0.7160062838191656,0.34679334916864607,0.30326903588364446,0.04303862015994031,0.03301051595485863,"{""0"": 0, ""1"": 0, ""2"": 1}",False
kelmarsh,penmanshiel,leave-one-farm-out,Physics-Aligned MoE,204,artifacts\external_wind_runs\kelmarsh\leave_one_farm_out\external_wind_full_seed204,10.5,3.0,288,50000,5741,0.7145096673053475,0.3466666666666667,0.30269195109001434,0.04284416937558783,0.032550841928082656,"{""0"": 0, ""1"": 0, ""2"": 1}",False
kelmarsh,penmanshiel,leave-one-farm-out,Physics-Aligned MoE,204,artifacts\external_wind_runs\kelmarsh\leave_one_farm_out\external_wind_full_seed204,10.5,4.0,288,50000,5741,0.7145096673053475,0.3466275659824047,0.3026196413730346,0.04307006848631106,0.032548104028279234,"{""0"": 0, ""1"": 0, ""2"": 1}",False
kelmarsh,penmanshiel,leave-one-farm-out,Physics-Aligned MoE,204,artifacts\external_wind_runs\kelmarsh\leave_one_farm_out\external_wind_full_seed204,11.0,1.0,288,50000,5630,0.7285968028419183,0.3475444096133751,0.307515634019687,0.04651678170572834,0.037067997398100086,"{""0"": 0, ""1"": 0, ""2"": 1}",False
kelmarsh,penmanshiel,leave-one-farm-out,Physics-Aligned MoE,204,artifacts\external_wind_runs\kelmarsh\leave_one_farm_out\external_wind_full_seed204,11.0,2.0,288,50000,5719,0.7172582619339045,0.34679334916864607,0.30355545183163096,0.04376307069372483,0.03339098636974915,"{""0"": 0, ""1"": 0, ""2"": 1}",False
kelmarsh,penmanshiel,leave-one-farm-out,Physics-Aligned MoE,204,artifacts\external_wind_runs\kelmarsh\leave_one_farm_out\external_wind_full_seed204,11.0,3.0,288,50000,5739,0.7147586687576233,0.34663536776212833,0.3026911651429743,0.04318462089084003,0.03262328717729981,"{""0"": 0, ""1"": 0, ""2"": 1}",False
kelmarsh,penmanshiel,leave-one-farm-out,Physics-Aligned MoE,204,artifacts\external_wind_runs\kelmarsh\leave_one_farm_out\external_wind_full_seed204,11.0,4.0,288,50000,5749,0.713515393981562,0.34655775962660446,0.30226236363366804,0.04290056702531308,0.032246940623790986,"{""0"": 0, ""1"": 0, ""2"": 1}",False
kelmarsh,penmanshiel,leave-one-farm-out,Physics-Aligned MoE,204,artifacts\external_wind_runs\kelmarsh\leave_one_farm_out\external_wind_full_seed204,11.5,1.0,288,50000,5629,0.7287262391188488,0.5213166144200627,0.4613172637958799,0.046630789551977685,0.0371113505809764,"{""0"": 0, ""1"": 0, ""2"": 1}",True
kelmarsh,penmanshiel,leave-one-farm-out,Physics-Aligned MoE,204,artifacts\external_wind_runs\kelmarsh\leave_one_farm_out\external_wind_full_seed204,11.5,2.0,288,50000,5718,0.7173837005946135,0.5201900237529691,0.455376188940379,0.04386710982766779,0.033429430610834386,"{""0"": 0, ""1"": 0, ""2"": 1}",False
kelmarsh,penmanshiel,leave-one-farm-out,Physics-Aligned MoE,204,artifacts\external_wind_runs\kelmarsh\leave_one_farm_out\external_wind_full_seed204,11.5,3.0,288,50000,5738,0.7148832345765075,0.5199530516431925,0.4540795818065762,0.04328660876231515,0.032660732764147306,"{""0"": 0, ""1"": 0, ""2"": 1}",False
kelmarsh,penmanshiel,leave-one-farm-out,Physics-Aligned MoE,204,artifacts\external_wind_runs\kelmarsh\leave_one_farm_out\external_wind_full_seed204,11.5,4.0,288,50000,5748,0.7136395267919277,0.5198366394399067,0.45343629140211394,0.043001553089016306,0.03228389997713154,"{""0"": 0, ""1"": 0, ""2"": 1}",False
penmanshiel,kelmarsh,leave-one-farm-out,Physics-Aligned MoE,204,artifacts\external_wind_runs\penmanshiel\leave_one_farm_out\external_wind_full_seed204,9.5,1.0,288,50000,4398,0.607094133697135,0.5,0.3777589134125637,0.0,0.0,"{""0"": 0, ""1"": 1, ""2"": 1}",False
penmanshiel,kelmarsh,leave-one-farm-out,Physics-Aligned MoE,204,artifacts\external_wind_runs\penmanshiel\leave_one_farm_out\external_wind_full_seed204,9.5,2.0,288,50000,4398,0.607094133697135,0.5,0.3777589134125637,0.0,0.0,"{""0"": 0, ""1"": 1, ""2"": 1}",False
penmanshiel,kelmarsh,leave-one-farm-out,Physics-Aligned MoE,204,artifacts\external_wind_runs\penmanshiel\leave_one_farm_out\external_wind_full_seed204,9.5,3.0,288,50000,4398,0.607094133697135,0.5,0.3777589134125637,0.0,0.0,"{""0"": 0, ""1"": 1, ""2"": 1}",False
penmanshiel,kelmarsh,leave-one-farm-out,Physics-Aligned MoE,204,artifacts\external_wind_runs\penmanshiel\leave_one_farm_out\external_wind_full_seed204,9.5,4.0,288,50000,4398,0.607094133697135,0.5,0.3777589134125637,0.0,0.0,"{""0"": 0, ""1"": 1, ""2"": 1}",False
penmanshiel,kelmarsh,leave-one-farm-out,Physics-Aligned MoE,204,artifacts\external_wind_runs\penmanshiel\leave_one_farm_out\external_wind_full_seed204,10.0,1.0,288,50000,4747,0.6359806193385296,0.5,0.38874581509142414,0.0,0.0,"{""0"": 0, ""1"": 1, ""2"": 1}",False
penmanshiel,kelmarsh,leave-one-farm-out,Physics-Aligned MoE,204,artifacts\external_wind_runs\penmanshiel\leave_one_farm_out\external_wind_full_seed204,10.0,2.0,288,50000,4747,0.6359806193385296,0.5,0.38874581509142414,0.0,0.0,"{""0"": 0, ""1"": 1, ""2"": 1}",False
penmanshiel,kelmarsh,leave-one-farm-out,Physics-Aligned MoE,204,artifacts\external_wind_runs\penmanshiel\leave_one_farm_out\external_wind_full_seed204,10.0,3.0,288,50000,4747,0.6359806193385296,0.5,0.38874581509142414,0.0,0.0,"{""0"": 0, ""1"": 1, ""2"": 1}",False
penmanshiel,kelmarsh,leave-one-farm-out,Physics-Aligned MoE,204,artifacts\external_wind_runs\penmanshiel\leave_one_farm_out\external_wind_full_seed204,10.0,4.0,288,50000,4747,0.6359806193385296,0.5,0.38874581509142414,0.0,0.0,"{""0"": 0, ""1"": 1, ""2"": 1}",False
penmanshiel,kelmarsh,leave-one-farm-out,Physics-Aligned MoE,204,artifacts\external_wind_runs\penmanshiel\leave_one_farm_out\external_wind_full_seed204,10.5,1.0,288,50000,5063,0.6587003752715781,0.5,0.39711836151464636,0.0,0.0,"{""0"": 0, ""1"": 1, ""2"": 1}",False
penmanshiel,kelmarsh,leave-one-farm-out,Physics-Aligned MoE,204,artifacts\external_wind_runs\penmanshiel\leave_one_farm_out\external_wind_full_seed204,10.5,2.0,288,50000,5063,0.6587003752715781,0.5,0.39711836151464636,0.0,0.0,"{""0"": 0, ""1"": 1, ""2"": 1}",False
penmanshiel,kelmarsh,leave-one-farm-out,Physics-Aligned MoE,204,artifacts\external_wind_runs\penmanshiel\leave_one_farm_out\external_wind_full_seed204,10.5,3.0,288,50000,5063,0.6587003752715781,0.5,0.39711836151464636,0.0,0.0,"{""0"": 0, ""1"": 1, ""2"": 1}",False
penmanshiel,kelmarsh,leave-one-farm-out,Physics-Aligned MoE,204,artifacts\external_wind_runs\penmanshiel\leave_one_farm_out\external_wind_full_seed204,10.5,4.0,288,50000,5063,0.6587003752715781,0.5,0.39711836151464636,0.0,0.0,"{""0"": 0, ""1"": 1, ""2"": 1}",False
penmanshiel,kelmarsh,leave-one-farm-out,Physics-Aligned MoE,204,artifacts\external_wind_runs\penmanshiel\leave_one_farm_out\external_wind_full_seed204,11.0,1.0,288,50000,5332,0.6759189797449362,0.5,0.40331244404655325,0.0,0.0,"{""0"": 0, ""1"": 1, ""2"": 1}",False
penmanshiel,kelmarsh,leave-one-farm-out,Physics-Aligned MoE,204,artifacts\external_wind_runs\penmanshiel\leave_one_farm_out\external_wind_full_seed204,11.0,2.0,288,50000,5332,0.6759189797449362,0.5,0.40331244404655325,0.0,0.0,"{""0"": 0, ""1"": 1, ""2"": 1}",False
penmanshiel,kelmarsh,leave-one-farm-out,Physics-Aligned MoE,204,artifacts\external_wind_runs\penmanshiel\leave_one_farm_out\external_wind_full_seed204,11.0,3.0,288,50000,5332,0.6759189797449362,0.5,0.40331244404655325,0.0,0.0,"{""0"": 0, ""1"": 1, ""2"": 1}",False
penmanshiel,kelmarsh,leave-one-farm-out,Physics-Aligned MoE,204,artifacts\external_wind_runs\penmanshiel\leave_one_farm_out\external_wind_full_seed204,11.0,4.0,288,50000,5332,0.6759189797449362,0.5,0.40331244404655325,0.0,0.0,"{""0"": 0, ""1"": 1, ""2"": 1}",False
penmanshiel,kelmarsh,leave-one-farm-out,Physics-Aligned MoE,204,artifacts\external_wind_runs\penmanshiel\leave_one_farm_out\external_wind_full_seed204,11.5,1.0,288,50000,5515,0.6866727107887579,0.5,0.40711674908621803,0.0,0.0,"{""0"": 0, ""1"": 1, ""2"": 1}",False
penmanshiel,kelmarsh,leave-one-farm-out,Physics-Aligned MoE,204,artifacts\external_wind_runs\penmanshiel\leave_one_farm_out\external_wind_full_seed204,11.5,2.0,288,50000,5515,0.6866727107887579,0.5,0.40711674908621803,0.0,0.0,"{""0"": 0, ""1"": 1, ""2"": 1}",True
penmanshiel,kelmarsh,leave-one-farm-out,Physics-Aligned MoE,204,artifacts\external_wind_runs\penmanshiel\leave_one_farm_out\external_wind_full_seed204,11.5,3.0,288,50000,5515,0.6866727107887579,0.5,0.40711674908621803,0.0,0.0,"{""0"": 0, ""1"": 1, ""2"": 1}",False
penmanshiel,kelmarsh,leave-one-farm-out,Physics-Aligned MoE,204,artifacts\external_wind_runs\penmanshiel\leave_one_farm_out\external_wind_full_seed204,11.5,4.0,288,50000,5515,0.6866727107887579,0.5,0.40711674908621803,0.0,0.0,"{""0"": 0, ""1"": 1, ""2"": 1}",False
kelmarsh,,chronological,Physics-Aligned MoE,204,artifacts\external_wind_runs\kelmarsh\chronological\external_wind_full_seed204,9.5,1.0,288,50000,1643,0.9452221545952526,0.3333333333333333,0.3239465999165624,0.0,0.0,"{""0"": 1, ""1"": 1, ""2"": 2}",False
kelmarsh,,chronological,Physics-Aligned MoE,204,artifacts\external_wind_runs\kelmarsh\chronological\external_wind_full_seed204,9.5,2.0,288,50000,1622,0.9784217016029593,0.3333333333333333,0.3296977251480212,0.0,0.0,"{""0"": 1, ""1"": 1, ""2"": 2}",False
kelmarsh,,chronological,Physics-Aligned MoE,204,artifacts\external_wind_runs\kelmarsh\chronological\external_wind_full_seed204,9.5,3.0,288,50000,1604,0.9900249376558603,0.3333333333333333,0.3316624895572264,0.0,0.0,"{""0"": 1, ""1"": 1, ""2"": 2}",False
kelmarsh,,chronological,Physics-Aligned MoE,204,artifacts\external_wind_runs\kelmarsh\chronological\external_wind_full_seed204,9.5,4.0,288,50000,1594,0.9962358845671268,0.3333333333333333,0.3327047978210769,0.0,0.0,"{""0"": 1, ""1"": 1, ""2"": 2}",False
kelmarsh,,chronological,Physics-Aligned MoE,204,artifacts\external_wind_runs\kelmarsh\chronological\external_wind_full_seed204,10.0,1.0,288,50000,1644,0.9665450121654501,0.3333333333333333,0.32766264563357045,0.0,0.0,"{""0"": 1, ""1"": 1, ""2"": 2}",False
kelmarsh,,chronological,Physics-Aligned MoE,204,artifacts\external_wind_runs\kelmarsh\chronological\external_wind_full_seed204,10.0,2.0,288,50000,1679,0.9833234067897558,0.3333333333333333,0.33053053053053055,0.0,0.0,"{""0"": 1, ""1"": 1, ""2"": 2}",False
kelmarsh,,chronological,Physics-Aligned MoE,204,artifacts\external_wind_runs\kelmarsh\chronological\external_wind_full_seed204,10.0,3.0,288,50000,1669,0.9922109047333733,0.3333333333333333,0.33203007518796995,0.0,0.0,"{""0"": 1, ""1"": 1, ""2"": 2}",False
kelmarsh,,chronological,Physics-Aligned MoE,204,artifacts\external_wind_runs\kelmarsh\chronological\external_wind_full_seed204,10.0,4.0,288,50000,1665,0.9963963963963964,0.3333333333333333,0.33273164861612514,0.0,0.0,"{""0"": 1, ""1"": 1, ""2"": 2}",False
kelmarsh,,chronological,Physics-Aligned MoE,204,artifacts\external_wind_runs\kelmarsh\chronological\external_wind_full_seed204,10.5,1.0,288,50000,1608,0.9919154228855721,0.3333333333333333,0.3319804350088459,0.0,0.0,"{""0"": 1, ""1"": 1, ""2"": 2}",False
kelmarsh,,chronological,Physics-Aligned MoE,204,artifacts\external_wind_runs\kelmarsh\chronological\external_wind_full_seed204,10.5,2.0,288,50000,1697,0.9923394225103123,0.3333333333333333,0.3320516612442078,0.0,0.0,"{""0"": 1, ""1"": 1, ""2"": 2}",False
kelmarsh,,chronological,Physics-Aligned MoE,204,artifacts\external_wind_runs\kelmarsh\chronological\external_wind_full_seed204,10.5,3.0,288,50000,1709,0.994733762434172,0.3333333333333333,0.3324533098660409,0.0,0.0,"{""0"": 1, ""1"": 1, ""2"": 2}",False
kelmarsh,,chronological,Physics-Aligned MoE,204,artifacts\external_wind_runs\kelmarsh\chronological\external_wind_full_seed204,10.5,4.0,288,50000,1709,0.9976594499707431,0.3333333333333333,0.3329427846123804,0.0,0.0,"{""0"": 1, ""1"": 1, ""2"": 2}",False
kelmarsh,,chronological,Physics-Aligned MoE,204,artifacts\external_wind_runs\kelmarsh\chronological\external_wind_full_seed204,11.0,1.0,288,50000,1598,0.9981226533166458,0.3333333333333333,0.3330201482409437,0.0,0.0,"{""0"": 1, ""1"": 1, ""2"": 2}",False
kelmarsh,,chronological,Physics-Aligned MoE,204,artifacts\external_wind_runs\kelmarsh\chronological\external_wind_full_seed204,11.0,2.0,288,50000,1687,0.998221695317131,0.3333333333333333,0.33303668545436566,0.0,0.0,"{""0"": 1, ""1"": 1, ""2"": 2}",False
kelmarsh,,chronological,Physics-Aligned MoE,204,artifacts\external_wind_runs\kelmarsh\chronological\external_wind_full_seed204,11.0,3.0,288,50000,1707,0.9982425307557118,0.3333333333333333,0.3330401641747288,0.0,0.0,"{""0"": 1, ""1"": 1, ""2"": 2}",False
kelmarsh,,chronological,Physics-Aligned MoE,204,artifacts\external_wind_runs\kelmarsh\chronological\external_wind_full_seed204,11.0,4.0,288,50000,1717,0.9982527664531159,0.3333333333333333,0.33304187311765276,0.0,0.0,"{""0"": 1, ""1"": 1, ""2"": 2}",False
kelmarsh,,chronological,Physics-Aligned MoE,204,artifacts\external_wind_runs\kelmarsh\chronological\external_wind_full_seed204,11.5,1.0,288,50000,1597,0.9987476518472135,0.5,0.49968671679197996,0.0,0.0,"{""0"": 1, ""1"": 1, ""2"": 2}",False
kelmarsh,,chronological,Physics-Aligned MoE,204,artifacts\external_wind_runs\kelmarsh\chronological\external_wind_full_seed204,11.5,2.0,288,50000,1686,0.9988137603795967,0.5,0.49970326409495547,0.0,0.0,"{""0"": 1, ""1"": 1, ""2"": 2}",False
kelmarsh,,chronological,Physics-Aligned MoE,204,artifacts\external_wind_runs\kelmarsh\chronological\external_wind_full_seed204,11.5,3.0,288,50000,1706,0.9988276670574443,0.5,0.4997067448680352,0.0,0.0,"{""0"": 1, ""1"": 1, ""2"": 2}",False
kelmarsh,,chronological,Physics-Aligned MoE,204,artifacts\external_wind_runs\kelmarsh\chronological\external_wind_full_seed204,11.5,4.0,288,50000,1716,0.9988344988344988,0.5,0.49970845481049564,0.0,0.0,"{""0"": 1, ""1"": 1, ""2"": 2}",True
penmanshiel,,chronological,Physics-Aligned MoE,204,artifacts\external_wind_runs\penmanshiel\chronological\external_wind_full_seed204,9.5,1.0,288,50000,2670,1.0,1.0,1.0,1.0,1.0,"{""0"": 0, ""1"": 1, ""2"": 1}",False
penmanshiel,,chronological,Physics-Aligned MoE,204,artifacts\external_wind_runs\penmanshiel\chronological\external_wind_full_seed204,9.5,2.0,288,50000,2670,1.0,1.0,1.0,1.0,1.0,"{""0"": 0, ""1"": 1, ""2"": 1}",False
penmanshiel,,chronological,Physics-Aligned MoE,204,artifacts\external_wind_runs\penmanshiel\chronological\external_wind_full_seed204,9.5,3.0,288,50000,2670,1.0,1.0,1.0,1.0,1.0,"{""0"": 0, ""1"": 1, ""2"": 1}",False
penmanshiel,,chronological,Physics-Aligned MoE,204,artifacts\external_wind_runs\penmanshiel\chronological\external_wind_full_seed204,9.5,4.0,288,50000,2670,1.0,1.0,1.0,1.0,1.0,"{""0"": 0, ""1"": 1, ""2"": 1}",False
penmanshiel,,chronological,Physics-Aligned MoE,204,artifacts\external_wind_runs\penmanshiel\chronological\external_wind_full_seed204,10.0,1.0,288,50000,3019,1.0,1.0,1.0,1.0,1.0,"{""0"": 0, ""1"": 1, ""2"": 1}",False
penmanshiel,,chronological,Physics-Aligned MoE,204,artifacts\external_wind_runs\penmanshiel\chronological\external_wind_full_seed204,10.0,2.0,288,50000,3019,1.0,1.0,1.0,1.0,1.0,"{""0"": 0, ""1"": 1, ""2"": 1}",False
penmanshiel,,chronological,Physics-Aligned MoE,204,artifacts\external_wind_runs\penmanshiel\chronological\external_wind_full_seed204,10.0,3.0,288,50000,3019,1.0,1.0,1.0,1.0,1.0,"{""0"": 0, ""1"": 1, ""2"": 1}",False
penmanshiel,,chronological,Physics-Aligned MoE,204,artifacts\external_wind_runs\penmanshiel\chronological\external_wind_full_seed204,10.0,4.0,288,50000,3019,1.0,1.0,1.0,1.0,1.0,"{""0"": 0, ""1"": 1, ""2"": 1}",False
penmanshiel,,chronological,Physics-Aligned MoE,204,artifacts\external_wind_runs\penmanshiel\chronological\external_wind_full_seed204,10.5,1.0,288,50000,3335,1.0,1.0,1.0,1.0,1.0,"{""0"": 0, ""1"": 1, ""2"": 1}",False
penmanshiel,,chronological,Physics-Aligned MoE,204,artifacts\external_wind_runs\penmanshiel\chronological\external_wind_full_seed204,10.5,2.0,288,50000,3335,1.0,1.0,1.0,1.0,1.0,"{""0"": 0, ""1"": 1, ""2"": 1}",True
penmanshiel,,chronological,Physics-Aligned MoE,204,artifacts\external_wind_runs\penmanshiel\chronological\external_wind_full_seed204,10.5,3.0,288,50000,3335,1.0,1.0,1.0,1.0,1.0,"{""0"": 0, ""1"": 1, ""2"": 1}",False
penmanshiel,,chronological,Physics-Aligned MoE,204,artifacts\external_wind_runs\penmanshiel\chronological\external_wind_full_seed204,10.5,4.0,288,50000,3335,1.0,1.0,1.0,1.0,1.0,"{""0"": 0, ""1"": 1, ""2"": 1}",False
penmanshiel,,chronological,Physics-Aligned MoE,204,artifacts\external_wind_runs\penmanshiel\chronological\external_wind_full_seed204,11.0,1.0,288,50000,3604,1.0,1.0,1.0,1.0,1.0,"{""0"": 0, ""1"": 1, ""2"": 1}",False
penmanshiel,,chronological,Physics-Aligned MoE,204,artifacts\external_wind_runs\penmanshiel\chronological\external_wind_full_seed204,11.0,2.0,288,50000,3604,1.0,1.0,1.0,1.0,1.0,"{""0"": 0, ""1"": 1, ""2"": 1}",False
penmanshiel,,chronological,Physics-Aligned MoE,204,artifacts\external_wind_runs\penmanshiel\chronological\external_wind_full_seed204,11.0,3.0,288,50000,3604,1.0,1.0,1.0,1.0,1.0,"{""0"": 0, ""1"": 1, ""2"": 1}",False
penmanshiel,,chronological,Physics-Aligned MoE,204,artifacts\external_wind_runs\penmanshiel\chronological\external_wind_full_seed204,11.0,4.0,288,50000,3604,1.0,1.0,1.0,1.0,1.0,"{""0"": 0, ""1"": 1, ""2"": 1}",False
penmanshiel,,chronological,Physics-Aligned MoE,204,artifacts\external_wind_runs\penmanshiel\chronological\external_wind_full_seed204,11.5,1.0,288,50000,3787,1.0,1.0,1.0,1.0,1.0,"{""0"": 0, ""1"": 1, ""2"": 1}",False
penmanshiel,,chronological,Physics-Aligned MoE,204,artifacts\external_wind_runs\penmanshiel\chronological\external_wind_full_seed204,11.5,2.0,288,50000,3787,1.0,1.0,1.0,1.0,1.0,"{""0"": 0, ""1"": 1, ""2"": 1}",False
penmanshiel,,chronological,Physics-Aligned MoE,204,artifacts\external_wind_runs\penmanshiel\chronological\external_wind_full_seed204,11.5,3.0,288,50000,3787,1.0,1.0,1.0,1.0,1.0,"{""0"": 0, ""1"": 1, ""2"": 1}",False
penmanshiel,,chronological,Physics-Aligned MoE,204,artifacts\external_wind_runs\penmanshiel\chronological\external_wind_full_seed204,11.5,4.0,288,50000,3787,1.0,1.0,1.0,1.0,1.0,"{""0"": 0, ""1"": 1, ""2"": 1}",False
kelmarsh,penmanshiel,leave-one-farm-out,Physics-Aligned MoE,205,artifacts\external_wind_runs\kelmarsh\leave_one_farm_out\external_wind_full_seed205,9.5,1.0,288,50000,5675,0.719295154185022,0.3438999881134844,0.2991157448134567,0.028419429039499237,0.025421289850680786,"{""0"": 1, ""1"": 0, ""2"": 2}",False
kelmarsh,penmanshiel,leave-one-farm-out,Physics-Aligned MoE,205,artifacts\external_wind_runs\kelmarsh\leave_one_farm_out\external_wind_full_seed205,9.5,2.0,288,50000,5654,0.7221436151397241,0.34388010667986263,0.29971458225220554,0.029902418297990525,0.02653449424126018,"{""0"": 1, ""1"": 0, ""2"": 2}",False
kelmarsh,penmanshiel,leave-one-farm-out,Physics-Aligned MoE,205,artifacts\external_wind_runs\kelmarsh\leave_one_farm_out\external_wind_full_seed205,9.5,3.0,288,50000,5636,0.7246273953158269,0.3440832687063404,0.3006465742911902,0.03125146695909727,0.027644759713242237,"{""0"": 1, ""1"": 0, ""2"": 2}",False
kelmarsh,penmanshiel,leave-one-farm-out,Physics-Aligned MoE,205,artifacts\external_wind_runs\kelmarsh\leave_one_farm_out\external_wind_full_seed205,9.5,4.0,288,50000,5626,0.7259153928190544,0.3440832687063404,0.30093757378090175,0.03175099173822731,0.027975789370002235,"{""0"": 1, ""1"": 0, ""2"": 2}",False
kelmarsh,penmanshiel,leave-one-farm-out,Physics-Aligned MoE,205,artifacts\external_wind_runs\kelmarsh\leave_one_farm_out\external_wind_full_seed205,10.0,1.0,288,50000,5676,0.719168428470754,0.343656848401759,0.29863130982927094,0.02860970808269262,0.02534560930843449,"{""0"": 1, ""1"": 0, ""2"": 2}",False
kelmarsh,penmanshiel,leave-one-farm-out,Physics-Aligned MoE,205,artifacts\external_wind_runs\kelmarsh\leave_one_farm_out\external_wind_full_seed205,10.0,2.0,288,50000,5711,0.7149360882507442,0.343464861217507,0.2972951894888384,0.028785690429845807,0.024790949317844885,"{""0"": 1, ""1"": 0, ""2"": 2}",False
kelmarsh,penmanshiel,leave-one-farm-out,Physics-Aligned MoE,205,artifacts\external_wind_runs\kelmarsh\leave_one_farm_out\external_wind_full_seed205,10.0,3.0,288,50000,5701,0.7163655499035257,0.34363506012101647,0.2979301712947106,0.029864711583732738,0.025583363227016064,"{""0"": 1, ""1"": 0, ""2"": 2}",False
kelmarsh,penmanshiel,leave-one-farm-out,Physics-Aligned MoE,205,artifacts\external_wind_runs\kelmarsh\leave_one_farm_out\external_wind_full_seed205,10.0,4.0,288,50000,5697,0.7168685272950676,0.34361613247413064,0.2980094370606874,0.030134455036536657,0.025703565949013334,"{""0"": 1, ""1"": 0, ""2"": 2}",False
kelmarsh,penmanshiel,leave-one-farm-out,Physics-Aligned MoE,205,artifacts\external_wind_runs\kelmarsh\leave_one_farm_out\external_wind_full_seed205,10.5,1.0,288,50000,5640,0.723758865248227,0.3436173921873065,0.2995986185103111,0.02996691271144956,0.02643274801940999,"{""0"": 1, ""1"": 0, ""2"": 2}",False
kelmarsh,penmanshiel,leave-one-farm-out,Physics-Aligned MoE,205,artifacts\external_wind_runs\kelmarsh\leave_one_farm_out\external_wind_full_seed205,10.5,2.0,288,50000,5729,0.7126898237039623,0.34326308326964267,0.2964019904815943,0.02868105057419771,0.024263760482266788,"{""0"": 1, ""1"": 0, ""2"": 2}",False
kelmarsh,penmanshiel,leave-one-farm-out,Physics-Aligned MoE,205,artifacts\external_wind_runs\kelmarsh\leave_one_farm_out\external_wind_full_seed205,10.5,3.0,288,50000,5741,0.7113743250304825,0.34336414982453073,0.2962791100123706,0.029120206989392036,0.024402121321103035,"{""0"": 1, ""1"": 0, ""2"": 2}",False
kelmarsh,penmanshiel,leave-one-farm-out,Physics-Aligned MoE,205,artifacts\external_wind_runs\kelmarsh\leave_one_farm_out\external_wind_full_seed205,10.5,4.0,288,50000,5741,0.7113743250304825,0.3433342493012715,0.29622292937520006,0.029267611349974663,0.02440153491322442,"{""0"": 1, ""1"": 0, ""2"": 2}",False
kelmarsh,penmanshiel,leave-one-farm-out,Physics-Aligned MoE,205,artifacts\external_wind_runs\kelmarsh\leave_one_farm_out\external_wind_full_seed205,11.0,1.0,288,50000,5630,0.725044404973357,0.3436173921873065,0.29988925500683344,0.030490014774628156,0.026750137977078755,"{""0"": 1, ""1"": 0, ""2"": 2}",False
kelmarsh,penmanshiel,leave-one-farm-out,Physics-Aligned MoE,205,artifacts\external_wind_runs\kelmarsh\leave_one_farm_out\external_wind_full_seed205,11.0,2.0,288,50000,5719,0.7139360027976919,0.34326308326964267,0.2966873801850566,0.0291652452202842,0.024550591355595626,"{""0"": 1, ""1"": 0, ""2"": 2}",False
kelmarsh,penmanshiel,leave-one-farm-out,Physics-Aligned MoE,205,artifacts\external_wind_runs\kelmarsh\leave_one_farm_out\external_wind_full_seed205,11.0,3.0,288,50000,5739,0.7116222338386479,0.34334021536811904,0.2962910418325676,0.029347034950649758,0.024458995684282406,"{""0"": 1, ""1"": 0, ""2"": 2}",False
kelmarsh,penmanshiel,leave-one-farm-out,Physics-Aligned MoE,205,artifacts\external_wind_runs\kelmarsh\leave_one_farm_out\external_wind_full_seed205,11.0,4.0,288,50000,5749,0.710384414680814,0.34328086797036544,0.29589523135803814,0.029140737290261447,0.024172887107021774,"{""0"": 1, ""1"": 0, ""2"": 2}",False
kelmarsh,penmanshiel,leave-one-farm-out,Physics-Aligned MoE,205,artifacts\external_wind_runs\kelmarsh\leave_one_farm_out\external_wind_full_seed205,11.5,1.0,288,50000,5629,0.7251732101616628,0.5154260882809598,0.4498775278807039,0.030565483444609808,0.02678222152199069,"{""0"": 1, ""1"": 0, ""2"": 2}",True
kelmarsh,penmanshiel,leave-one-farm-out,Physics-Aligned MoE,205,artifacts\external_wind_runs\kelmarsh\leave_one_farm_out\external_wind_full_seed205,11.5,2.0,288,50000,5718,0.7140608604407135,0.514894624904464,0.44507392728378065,0.029235102695198877,0.024579578045811075,"{""0"": 1, ""1"": 0, ""2"": 2}",False
kelmarsh,penmanshiel,leave-one-farm-out,Physics-Aligned MoE,205,artifacts\external_wind_runs\kelmarsh\leave_one_farm_out\external_wind_full_seed205,11.5,3.0,288,50000,5738,0.7117462530498432,0.5150103230521785,0.4444792523450262,0.029416769993005774,0.02448776714340499,"{""0"": 1, ""1"": 0, ""2"": 2}",False
kelmarsh,penmanshiel,leave-one-farm-out,Physics-Aligned MoE,205,artifacts\external_wind_runs\kelmarsh\leave_one_farm_out\external_wind_full_seed205,11.5,4.0,288,50000,5748,0.7105080027835768,0.5149213019555482,0.4438854489164087,0.02920974698300504,0.02420128337708537,"{""0"": 1, ""1"": 0, ""2"": 2}",False
penmanshiel,kelmarsh,leave-one-farm-out,Physics-Aligned MoE,205,artifacts\external_wind_runs\penmanshiel\leave_one_farm_out\external_wind_full_seed205,9.5,1.0,288,50000,4398,0.607094133697135,0.5,0.3777589134125637,0.0,0.0,"{""0"": 1, ""1"": 1, ""2"": 2}",False
penmanshiel,kelmarsh,leave-one-farm-out,Physics-Aligned MoE,205,artifacts\external_wind_runs\penmanshiel\leave_one_farm_out\external_wind_full_seed205,9.5,2.0,288,50000,4398,0.607094133697135,0.5,0.3777589134125637,0.0,0.0,"{""0"": 1, ""1"": 1, ""2"": 2}",False
penmanshiel,kelmarsh,leave-one-farm-out,Physics-Aligned MoE,205,artifacts\external_wind_runs\penmanshiel\leave_one_farm_out\external_wind_full_seed205,9.5,3.0,288,50000,4398,0.607094133697135,0.5,0.3777589134125637,0.0,0.0,"{""0"": 1, ""1"": 1, ""2"": 2}",False
penmanshiel,kelmarsh,leave-one-farm-out,Physics-Aligned MoE,205,artifacts\external_wind_runs\penmanshiel\leave_one_farm_out\external_wind_full_seed205,9.5,4.0,288,50000,4398,0.607094133697135,0.5,0.3777589134125637,0.0,0.0,"{""0"": 1, ""1"": 1, ""2"": 2}",False
penmanshiel,kelmarsh,leave-one-farm-out,Physics-Aligned MoE,205,artifacts\external_wind_runs\penmanshiel\leave_one_farm_out\external_wind_full_seed205,10.0,1.0,288,50000,4747,0.6359806193385296,0.5,0.38874581509142414,0.0,0.0,"{""0"": 1, ""1"": 1, ""2"": 2}",False
penmanshiel,kelmarsh,leave-one-farm-out,Physics-Aligned MoE,205,artifacts\external_wind_runs\penmanshiel\leave_one_farm_out\external_wind_full_seed205,10.0,2.0,288,50000,4747,0.6359806193385296,0.5,0.38874581509142414,0.0,0.0,"{""0"": 1, ""1"": 1, ""2"": 2}",False
penmanshiel,kelmarsh,leave-one-farm-out,Physics-Aligned MoE,205,artifacts\external_wind_runs\penmanshiel\leave_one_farm_out\external_wind_full_seed205,10.0,3.0,288,50000,4747,0.6359806193385296,0.5,0.38874581509142414,0.0,0.0,"{""0"": 1, ""1"": 1, ""2"": 2}",False
penmanshiel,kelmarsh,leave-one-farm-out,Physics-Aligned MoE,205,artifacts\external_wind_runs\penmanshiel\leave_one_farm_out\external_wind_full_seed205,10.0,4.0,288,50000,4747,0.6359806193385296,0.5,0.38874581509142414,0.0,0.0,"{""0"": 1, ""1"": 1, ""2"": 2}",False
penmanshiel,kelmarsh,leave-one-farm-out,Physics-Aligned MoE,205,artifacts\external_wind_runs\penmanshiel\leave_one_farm_out\external_wind_full_seed205,10.5,1.0,288,50000,5063,0.6587003752715781,0.5,0.39711836151464636,0.0,0.0,"{""0"": 1, ""1"": 1, ""2"": 2}",False
penmanshiel,kelmarsh,leave-one-farm-out,Physics-Aligned MoE,205,artifacts\external_wind_runs\penmanshiel\leave_one_farm_out\external_wind_full_seed205,10.5,2.0,288,50000,5063,0.6587003752715781,0.5,0.39711836151464636,0.0,0.0,"{""0"": 1, ""1"": 1, ""2"": 2}",False
penmanshiel,kelmarsh,leave-one-farm-out,Physics-Aligned MoE,205,artifacts\external_wind_runs\penmanshiel\leave_one_farm_out\external_wind_full_seed205,10.5,3.0,288,50000,5063,0.6587003752715781,0.5,0.39711836151464636,0.0,0.0,"{""0"": 1, ""1"": 1, ""2"": 2}",False
penmanshiel,kelmarsh,leave-one-farm-out,Physics-Aligned MoE,205,artifacts\external_wind_runs\penmanshiel\leave_one_farm_out\external_wind_full_seed205,10.5,4.0,288,50000,5063,0.6587003752715781,0.5,0.39711836151464636,0.0,0.0,"{""0"": 1, ""1"": 1, ""2"": 2}",False
penmanshiel,kelmarsh,leave-one-farm-out,Physics-Aligned MoE,205,artifacts\external_wind_runs\penmanshiel\leave_one_farm_out\external_wind_full_seed205,11.0,1.0,288,50000,5332,0.6759189797449362,0.5,0.40331244404655325,0.0,0.0,"{""0"": 1, ""1"": 1, ""2"": 2}",False
penmanshiel,kelmarsh,leave-one-farm-out,Physics-Aligned MoE,205,artifacts\external_wind_runs\penmanshiel\leave_one_farm_out\external_wind_full_seed205,11.0,2.0,288,50000,5332,0.6759189797449362,0.5,0.40331244404655325,0.0,0.0,"{""0"": 1, ""1"": 1, ""2"": 2}",False
penmanshiel,kelmarsh,leave-one-farm-out,Physics-Aligned MoE,205,artifacts\external_wind_runs\penmanshiel\leave_one_farm_out\external_wind_full_seed205,11.0,3.0,288,50000,5332,0.6759189797449362,0.5,0.40331244404655325,0.0,0.0,"{""0"": 1, ""1"": 1, ""2"": 2}",False
penmanshiel,kelmarsh,leave-one-farm-out,Physics-Aligned MoE,205,artifacts\external_wind_runs\penmanshiel\leave_one_farm_out\external_wind_full_seed205,11.0,4.0,288,50000,5332,0.6759189797449362,0.5,0.40331244404655325,0.0,0.0,"{""0"": 1, ""1"": 1, ""2"": 2}",False
penmanshiel,kelmarsh,leave-one-farm-out,Physics-Aligned MoE,205,artifacts\external_wind_runs\penmanshiel\leave_one_farm_out\external_wind_full_seed205,11.5,1.0,288,50000,5515,0.6866727107887579,0.5,0.40711674908621803,0.0,0.0,"{""0"": 1, ""1"": 1, ""2"": 2}",False
penmanshiel,kelmarsh,leave-one-farm-out,Physics-Aligned MoE,205,artifacts\external_wind_runs\penmanshiel\leave_one_farm_out\external_wind_full_seed205,11.5,2.0,288,50000,5515,0.6866727107887579,0.5,0.40711674908621803,0.0,0.0,"{""0"": 1, ""1"": 1, ""2"": 2}",True
penmanshiel,kelmarsh,leave-one-farm-out,Physics-Aligned MoE,205,artifacts\external_wind_runs\penmanshiel\leave_one_farm_out\external_wind_full_seed205,11.5,3.0,288,50000,5515,0.6866727107887579,0.5,0.40711674908621803,0.0,0.0,"{""0"": 1, ""1"": 1, ""2"": 2}",False
penmanshiel,kelmarsh,leave-one-farm-out,Physics-Aligned MoE,205,artifacts\external_wind_runs\penmanshiel\leave_one_farm_out\external_wind_full_seed205,11.5,4.0,288,50000,5515,0.6866727107887579,0.5,0.40711674908621803,0.0,0.0,"{""0"": 1, ""1"": 1, ""2"": 2}",False
kelmarsh,,chronological,Physics-Aligned MoE,205,artifacts\external_wind_runs\kelmarsh\chronological\external_wind_full_seed205,9.5,1.0,288,50000,1643,0.945830797321972,0.6664520283322601,0.5907088422591085,0.07132899632543485,0.03973106360343907,"{""0"": 0, ""1"": 1, ""2"": 2}",False
kelmarsh,,chronological,Physics-Aligned MoE,205,artifacts\external_wind_runs\kelmarsh\chronological\external_wind_full_seed205,9.5,2.0,288,50000,1622,0.9790382244143033,0.6664566267590842,0.5964649615304637,0.13613639261357696,0.1020875805488096,"{""0"": 0, ""1"": 1, ""2"": 2}",False
kelmarsh,,chronological,Physics-Aligned MoE,205,artifacts\external_wind_runs\kelmarsh\chronological\external_wind_full_seed205,9.5,3.0,288,50000,1604,0.9906483790523691,0.6664567590260285,0.5984321103794293,0.22928870196784268,0.20772587992315844,"{""0"": 0, ""1"": 1, ""2"": 2}",False
kelmarsh,,chronological,Physics-Aligned MoE,205,artifacts\external_wind_runs\kelmarsh\chronological\external_wind_full_seed205,9.5,4.0,288,50000,1594,0.9968632371392723,0.6664567590260285,0.5994757261193248,0.41315978784469676,0.4425207387359149,"{""0"": 0, ""1"": 1, ""2"": 2}",False
kelmarsh,,chronological,Physics-Aligned MoE,205,artifacts\external_wind_runs\kelmarsh\chronological\external_wind_full_seed205,10.0,1.0,288,50000,1644,0.9671532846715328,0.6664568911264946,0.5944272445820434,0.09980406167664252,0.06571893881902377,"{""0"": 0, ""1"": 1, ""2"": 2}",False
kelmarsh,,chronological,Physics-Aligned MoE,205,artifacts\external_wind_runs\kelmarsh\chronological\external_wind_full_seed205,10.0,2.0,288,50000,1679,0.9839189994044074,0.6664647688269736,0.5972948602344454,0.15818798274702306,0.12604796339296953,"{""0"": 0, ""1"": 1, ""2"": 2}",False
kelmarsh,,chronological,Physics-Aligned MoE,205,artifacts\external_wind_runs\kelmarsh\chronological\external_wind_full_seed205,10.0,3.0,288,50000,1669,0.9928100659077291,0.6664653784219001,0.5987959060806743,0.26155598082685927,0.24745889608116026,"{""0"": 0, ""1"": 1, ""2"": 2}",False
kelmarsh,,chronological,Physics-Aligned MoE,205,artifacts\external_wind_runs\kelmarsh\chronological\external_wind_full_seed205,10.0,4.0,288,50000,1665,0.996996996996997,0.6664657424151095,0.5994981431295795,0.4133416130105718,0.44260288954240457,"{""0"": 0, ""1"": 1, ""2"": 2}",False
kelmarsh,,chronological,Physics-Aligned MoE,205,artifacts\external_wind_runs\kelmarsh\chronological\external_wind_full_seed205,10.5,1.0,288,50000,1608,0.9925373134328358,0.6664576802507837,0.59875,0.2616319942454001,0.24736271450020486,"{""0"": 0, ""1"": 1, ""2"": 2}",False
kelmarsh,,chronological,Physics-Aligned MoE,205,artifacts\external_wind_runs\kelmarsh\chronological\external_wind_full_seed205,10.5,2.0,288,50000,1697,0.9929286977018268,0.6664687252573239,0.5988158673771462,0.261522407077436,0.24750073465240838,"{""0"": 0, ""1"": 1, ""2"": 2}",False
kelmarsh,,chronological,Physics-Aligned MoE,205,artifacts\external_wind_runs\kelmarsh\chronological\external_wind_full_seed205,10.5,3.0,288,50000,1709,0.9953188999414863,0.6664705882352941,0.599217067919358,0.32759996716290074,0.3311552290162604,"{""0"": 0, ""1"": 1, ""2"": 2}",False
kelmarsh,,chronological,Physics-Aligned MoE,205,artifacts\external_wind_runs\kelmarsh\chronological\external_wind_full_seed205,10.5,4.0,288,50000,1709,0.9982445874780573,0.6664711632453568,0.5997068308413955,0.5125973175994852,0.5700403860970187,"{""0"": 0, ""1"": 1, ""2"": 2}",False
kelmarsh,,chronological,Physics-Aligned MoE,205,artifacts\external_wind_runs\kelmarsh\chronological\external_wind_full_seed205,11.0,1.0,288,50000,1598,0.9987484355444305,0.6664576802507837,0.599791013584117,0.5905716793278124,0.6654816111346094,"{""0"": 0, ""1"": 1, ""2"": 2}",False
kelmarsh,,chronological,Physics-Aligned MoE,205,artifacts\external_wind_runs\kelmarsh\chronological\external_wind_full_seed205,11.0,2.0,288,50000,1687,0.998814463544754,0.6664687252573239,0.5998020585906572,0.5911084451310915,0.6655442816731202,"{""0"": 0, ""1"": 1, ""2"": 2}",False
kelmarsh,,chronological,Physics-Aligned MoE,205,artifacts\external_wind_runs\kelmarsh\chronological\external_wind_full_seed205,11.0,3.0,288,50000,1707,0.9988283538371412,0.666471048513302,0.5998043818466354,0.5912241764116576,0.6655574635077033,"{""0"": 0, ""1"": 1, ""2"": 2}",False
kelmarsh,,chronological,Physics-Aligned MoE,205,artifacts\external_wind_runs\kelmarsh\chronological\external_wind_full_seed205,11.0,4.0,288,50000,1717,0.9988351776354106,0.6664721898094127,0.599805523142746,0.5912814047620533,0.6655639389926166,"{""0"": 0, ""1"": 1, ""2"": 2}",False
kelmarsh,,chronological,Physics-Aligned MoE,205,artifacts\external_wind_runs\kelmarsh\chronological\external_wind_full_seed205,11.5,1.0,288,50000,1597,0.9993738259236068,0.9996865203761756,0.899843211037943,0.7235017149996972,0.7991962842317821,"{""0"": 0, ""1"": 1, ""2"": 2}",False
kelmarsh,,chronological,Physics-Aligned MoE,205,artifacts\external_wind_runs\kelmarsh\chronological\external_wind_full_seed205,11.5,2.0,288,50000,1686,0.9994068801897983,0.9997030878859858,0.8998514998514999,0.7240547701279227,0.7992388213808445,"{""0"": 0, ""1"": 1, ""2"": 2}",False
kelmarsh,,chronological,Physics-Aligned MoE,205,artifacts\external_wind_runs\kelmarsh\chronological\external_wind_full_seed205,11.5,3.0,288,50000,1706,0.9994138335287222,0.999706572769953,0.8998532433225712,0.7241739759458312,0.7992477679751574,"{""0"": 0, ""1"": 1, ""2"": 2}",False
kelmarsh,,chronological,Physics-Aligned MoE,205,artifacts\external_wind_runs\kelmarsh\chronological\external_wind_full_seed205,11.5,4.0,288,50000,1716,0.9994172494172494,0.999708284714119,0.8998540997957397,0.7242329175402598,0.7992521628671415,"{""0"": 0, ""1"": 1, ""2"": 2}",True
penmanshiel,,chronological,Physics-Aligned MoE,205,artifacts\external_wind_runs\penmanshiel\chronological\external_wind_full_seed205,9.5,1.0,288,50000,2670,1.0,1.0,1.0,1.0,1.0,"{""0"": 1, ""1"": 1, ""2"": 2}",False
penmanshiel,,chronological,Physics-Aligned MoE,205,artifacts\external_wind_runs\penmanshiel\chronological\external_wind_full_seed205,9.5,2.0,288,50000,2670,1.0,1.0,1.0,1.0,1.0,"{""0"": 1, ""1"": 1, ""2"": 2}",False
penmanshiel,,chronological,Physics-Aligned MoE,205,artifacts\external_wind_runs\penmanshiel\chronological\external_wind_full_seed205,9.5,3.0,288,50000,2670,1.0,1.0,1.0,1.0,1.0,"{""0"": 1, ""1"": 1, ""2"": 2}",False
penmanshiel,,chronological,Physics-Aligned MoE,205,artifacts\external_wind_runs\penmanshiel\chronological\external_wind_full_seed205,9.5,4.0,288,50000,2670,1.0,1.0,1.0,1.0,1.0,"{""0"": 1, ""1"": 1, ""2"": 2}",False
penmanshiel,,chronological,Physics-Aligned MoE,205,artifacts\external_wind_runs\penmanshiel\chronological\external_wind_full_seed205,10.0,1.0,288,50000,3019,1.0,1.0,1.0,1.0,1.0,"{""0"": 1, ""1"": 1, ""2"": 2}",False
penmanshiel,,chronological,Physics-Aligned MoE,205,artifacts\external_wind_runs\penmanshiel\chronological\external_wind_full_seed205,10.0,2.0,288,50000,3019,1.0,1.0,1.0,1.0,1.0,"{""0"": 1, ""1"": 1, ""2"": 2}",False
penmanshiel,,chronological,Physics-Aligned MoE,205,artifacts\external_wind_runs\penmanshiel\chronological\external_wind_full_seed205,10.0,3.0,288,50000,3019,1.0,1.0,1.0,1.0,1.0,"{""0"": 1, ""1"": 1, ""2"": 2}",False
penmanshiel,,chronological,Physics-Aligned MoE,205,artifacts\external_wind_runs\penmanshiel\chronological\external_wind_full_seed205,10.0,4.0,288,50000,3019,1.0,1.0,1.0,1.0,1.0,"{""0"": 1, ""1"": 1, ""2"": 2}",False
penmanshiel,,chronological,Physics-Aligned MoE,205,artifacts\external_wind_runs\penmanshiel\chronological\external_wind_full_seed205,10.5,1.0,288,50000,3335,1.0,1.0,1.0,1.0,1.0,"{""0"": 1, ""1"": 1, ""2"": 2}",False
penmanshiel,,chronological,Physics-Aligned MoE,205,artifacts\external_wind_runs\penmanshiel\chronological\external_wind_full_seed205,10.5,2.0,288,50000,3335,1.0,1.0,1.0,1.0,1.0,"{""0"": 1, ""1"": 1, ""2"": 2}",True
penmanshiel,,chronological,Physics-Aligned MoE,205,artifacts\external_wind_runs\penmanshiel\chronological\external_wind_full_seed205,10.5,3.0,288,50000,3335,1.0,1.0,1.0,1.0,1.0,"{""0"": 1, ""1"": 1, ""2"": 2}",False
penmanshiel,,chronological,Physics-Aligned MoE,205,artifacts\external_wind_runs\penmanshiel\chronological\external_wind_full_seed205,10.5,4.0,288,50000,3335,1.0,1.0,1.0,1.0,1.0,"{""0"": 1, ""1"": 1, ""2"": 2}",False
penmanshiel,,chronological,Physics-Aligned MoE,205,artifacts\external_wind_runs\penmanshiel\chronological\external_wind_full_seed205,11.0,1.0,288,50000,3604,1.0,1.0,1.0,1.0,1.0,"{""0"": 1, ""1"": 1, ""2"": 2}",False
penmanshiel,,chronological,Physics-Aligned MoE,205,artifacts\external_wind_runs\penmanshiel\chronological\external_wind_full_seed205,11.0,2.0,288,50000,3604,1.0,1.0,1.0,1.0,1.0,"{""0"": 1, ""1"": 1, ""2"": 2}",False
penmanshiel,,chronological,Physics-Aligned MoE,205,artifacts\external_wind_runs\penmanshiel\chronological\external_wind_full_seed205,11.0,3.0,288,50000,3604,1.0,1.0,1.0,1.0,1.0,"{""0"": 1, ""1"": 1, ""2"": 2}",False
penmanshiel,,chronological,Physics-Aligned MoE,205,artifacts\external_wind_runs\penmanshiel\chronological\external_wind_full_seed205,11.0,4.0,288,50000,3604,1.0,1.0,1.0,1.0,1.0,"{""0"": 1, ""1"": 1, ""2"": 2}",False
penmanshiel,,chronological,Physics-Aligned MoE,205,artifacts\external_wind_runs\penmanshiel\chronological\external_wind_full_seed205,11.5,1.0,288,50000,3787,1.0,1.0,1.0,1.0,1.0,"{""0"": 1, ""1"": 1, ""2"": 2}",False
penmanshiel,,chronological,Physics-Aligned MoE,205,artifacts\external_wind_runs\penmanshiel\chronological\external_wind_full_seed205,11.5,2.0,288,50000,3787,1.0,1.0,1.0,1.0,1.0,"{""0"": 1, ""1"": 1, ""2"": 2}",False
penmanshiel,,chronological,Physics-Aligned MoE,205,artifacts\external_wind_runs\penmanshiel\chronological\external_wind_full_seed205,11.5,3.0,288,50000,3787,1.0,1.0,1.0,1.0,1.0,"{""0"": 1, ""1"": 1, ""2"": 2}",False
penmanshiel,,chronological,Physics-Aligned MoE,205,artifacts\external_wind_runs\penmanshiel\chronological\external_wind_full_seed205,11.5,4.0,288,50000,3787,1.0,1.0,1.0,1.0,1.0,"{""0"": 1, ""1"": 1, ""2"": 2}",False
kelmarsh,penmanshiel,leave-one-farm-out,MoE + L_bal + L_align + L_force,201,artifacts\external_wind_runs\kelmarsh\leave_one_farm_out\external_wind_bal_align_force_seed201,9.5,1.0,288,50000,5675,0.7177092511013216,0.481060606060606,0.4655069069614881,0.07923945862055552,0.042940817961544975,"{""0"": 0, ""1"": 0, ""2"": 2}",False
kelmarsh,penmanshiel,leave-one-farm-out,MoE + L_bal + L_align + L_force,201,artifacts\external_wind_runs\kelmarsh\leave_one_farm_out\external_wind_bal_align_force_seed201,9.5,2.0,288,50000,5654,0.7166607711354793,0.5151515151515151,0.46598538193365774,0.05034981969079179,0.02469860715109104,"{""0"": 0, ""1"": 0, ""2"": 2}",False
kelmarsh,penmanshiel,leave-one-farm-out,MoE + L_bal + L_align + L_force,201,artifacts\external_wind_runs\kelmarsh\leave_one_farm_out\external_wind_bal_align_force_seed201,9.5,3.0,288,50000,5636,0.7180624556422995,0.3360621326616289,0.28407711013155296,0.026650773986892695,0.01412014095981937,"{""0"": 0, ""1"": 0, ""2"": 1}",False
kelmarsh,penmanshiel,leave-one-farm-out,MoE + L_bal + L_align + L_force,201,artifacts\external_wind_runs\kelmarsh\leave_one_farm_out\external_wind_bal_align_force_seed201,9.5,4.0,288,50000,5626,0.7193387842161394,0.3360621326616289,0.2842383939479296,0.014754709483490584,0.009153012571101871,"{""0"": 0, ""1"": 0, ""2"": 1}",False
kelmarsh,penmanshiel,leave-one-farm-out,MoE + L_bal + L_align + L_force,201,artifacts\external_wind_runs\kelmarsh\leave_one_farm_out\external_wind_bal_align_force_seed201,10.0,1.0,288,50000,5676,0.7158210007047217,0.5157232704402516,0.46610116116236844,0.07022887796866813,0.03864201970735088,"{""0"": 0, ""1"": 0, ""2"": 2}",False
kelmarsh,penmanshiel,leave-one-farm-out,MoE + L_bal + L_align + L_force,201,artifacts\external_wind_runs\kelmarsh\leave_one_farm_out\external_wind_bal_align_force_seed201,10.0,2.0,288,50000,5711,0.7116091752757836,0.3393902685241268,0.2890649484465722,0.051989926306143526,0.030067009211657808,"{""0"": 0, ""1"": 0, ""2"": 1}",False
kelmarsh,penmanshiel,leave-one-farm-out,MoE + L_bal + L_align + L_force,201,artifacts\external_wind_runs\kelmarsh\leave_one_farm_out\external_wind_bal_align_force_seed201,10.0,3.0,288,50000,5701,0.7132082090861253,0.3397745571658615,0.2899512738884508,0.036367803485189684,0.02276611180252591,"{""0"": 0, ""1"": 0, ""2"": 1}",False
kelmarsh,penmanshiel,leave-one-farm-out,MoE + L_bal + L_align + L_force,201,artifacts\external_wind_runs\kelmarsh\leave_one_farm_out\external_wind_bal_align_force_seed201,10.0,4.0,288,50000,5697,0.7137089696331402,0.3397629093831625,0.28993753901311736,0.02568805876025767,0.01801487937500877,"{""0"": 0, ""1"": 0, ""2"": 1}",False
kelmarsh,penmanshiel,leave-one-farm-out,MoE + L_bal + L_align + L_force,201,artifacts\external_wind_runs\kelmarsh\leave_one_farm_out\external_wind_bal_align_force_seed201,10.5,1.0,288,50000,5640,0.7198581560283688,0.3387669801462905,0.2896393761624926,0.04097753558002461,0.023032044068009176,"{""0"": 0, ""1"": 0, ""2"": 1}",False
kelmarsh,penmanshiel,leave-one-farm-out,MoE + L_bal + L_align + L_force,201,artifacts\external_wind_runs\kelmarsh\leave_one_farm_out\external_wind_bal_align_force_seed201,10.5,2.0,288,50000,5729,0.7125152731715831,0.3428345209817894,0.2954597109844674,0.04977940211523144,0.03174369275730305,"{""0"": 0, ""1"": 0, ""2"": 1}",False
kelmarsh,penmanshiel,leave-one-farm-out,MoE + L_bal + L_align + L_force,201,artifacts\external_wind_runs\kelmarsh\leave_one_farm_out\external_wind_bal_align_force_seed201,10.5,3.0,288,50000,5741,0.7124194391221041,0.34431372549019607,0.29806782699806816,0.048095265022269976,0.032385032633885924,"{""0"": 0, ""1"": 0, ""2"": 1}",False
kelmarsh,penmanshiel,leave-one-farm-out,MoE + L_bal + L_align + L_force,201,artifacts\external_wind_runs\kelmarsh\leave_one_farm_out\external_wind_bal_align_force_seed201,10.5,4.0,288,50000,5741,0.7125936248040411,0.3444770283479961,0.2983362413168918,0.04119186280610868,0.02912524207510946,"{""0"": 0, ""1"": 0, ""2"": 1}",False
kelmarsh,penmanshiel,leave-one-farm-out,MoE + L_bal + L_align + L_force,201,artifacts\external_wind_runs\kelmarsh\leave_one_farm_out\external_wind_bal_align_force_seed201,11.0,1.0,288,50000,5630,0.7211367673179396,0.3387669801462905,0.2897497276922957,0.02166142223796076,0.015152514798583294,"{""0"": 0, ""1"": 0, ""2"": 1}",False
kelmarsh,penmanshiel,leave-one-farm-out,MoE + L_bal + L_align + L_force,201,artifacts\external_wind_runs\kelmarsh\leave_one_farm_out\external_wind_bal_align_force_seed201,11.0,2.0,288,50000,5719,0.7137611470536808,0.3428345209817894,0.29560166542268973,0.034030493320915504,0.024474677499828856,"{""0"": 0, ""1"": 0, ""2"": 1}",False
kelmarsh,penmanshiel,leave-one-farm-out,MoE + L_bal + L_align + L_force,201,artifacts\external_wind_runs\kelmarsh\leave_one_farm_out\external_wind_bal_align_force_seed201,11.0,3.0,288,50000,5739,0.7131904512981355,0.34487480438184664,0.2991775911206424,0.04013919667103084,0.029215092736739983,"{""0"": 0, ""1"": 0, ""2"": 1}",False
kelmarsh,penmanshiel,leave-one-farm-out,MoE + L_bal + L_align + L_force,201,artifacts\external_wind_runs\kelmarsh\leave_one_farm_out\external_wind_bal_align_force_seed201,11.0,4.0,288,50000,5749,0.712819620803618,0.3457798521975885,0.300720837260358,0.04280408882954907,0.03126711425922066,"{""0"": 0, ""1"": 0, ""2"": 1}",False
kelmarsh,penmanshiel,leave-one-farm-out,MoE + L_bal + L_align + L_force,201,artifacts\external_wind_runs\kelmarsh\leave_one_farm_out\external_wind_bal_align_force_seed201,11.5,1.0,288,50000,5629,0.7212648783087582,0.5081504702194357,0.4346344802448562,0.018709962702390764,0.014148108116215289,"{""0"": 0, ""1"": 0, ""2"": 1}",False
kelmarsh,penmanshiel,leave-one-farm-out,MoE + L_bal + L_align + L_force,201,artifacts\external_wind_runs\kelmarsh\leave_one_farm_out\external_wind_bal_align_force_seed201,11.5,2.0,288,50000,5718,0.7138859741168241,0.5142517814726841,0.4434184898396699,0.031612994175055156,0.023545804630788404,"{""0"": 0, ""1"": 0, ""2"": 1}",False
kelmarsh,penmanshiel,leave-one-farm-out,MoE + L_bal + L_align + L_force,201,artifacts\external_wind_runs\kelmarsh\leave_one_farm_out\external_wind_bal_align_force_seed201,11.5,3.0,288,50000,5738,0.7133147438131753,0.51731220657277,0.44878535815686726,0.03789594566297601,0.028308004103186,"{""0"": 0, ""1"": 0, ""2"": 1}",False
kelmarsh,penmanshiel,leave-one-farm-out,MoE + L_bal + L_align + L_force,201,artifacts\external_wind_runs\kelmarsh\leave_one_farm_out\external_wind_bal_align_force_seed201,11.5,4.0,288,50000,5748,0.7129436325678496,0.5186697782963827,0.45110148944903183,0.04063107807561303,0.030370042830468846,"{""0"": 0, ""1"": 0, ""2"": 1}",True
penmanshiel,kelmarsh,leave-one-farm-out,MoE + L_bal + L_align + L_force,201,artifacts\external_wind_runs\penmanshiel\leave_one_farm_out\external_wind_bal_align_force_seed201,9.5,1.0,288,50000,4398,0.607094133697135,0.5,0.3777589134125637,0.0,0.0,"{""0"": 1, ""1"": 1, ""2"": 2}",False
penmanshiel,kelmarsh,leave-one-farm-out,MoE + L_bal + L_align + L_force,201,artifacts\external_wind_runs\penmanshiel\leave_one_farm_out\external_wind_bal_align_force_seed201,9.5,2.0,288,50000,4398,0.607094133697135,0.5,0.3777589134125637,0.0,0.0,"{""0"": 1, ""1"": 1, ""2"": 2}",False
penmanshiel,kelmarsh,leave-one-farm-out,MoE + L_bal + L_align + L_force,201,artifacts\external_wind_runs\penmanshiel\leave_one_farm_out\external_wind_bal_align_force_seed201,9.5,3.0,288,50000,4398,0.607094133697135,0.5,0.3777589134125637,0.0,0.0,"{""0"": 1, ""1"": 1, ""2"": 2}",False
penmanshiel,kelmarsh,leave-one-farm-out,MoE + L_bal + L_align + L_force,201,artifacts\external_wind_runs\penmanshiel\leave_one_farm_out\external_wind_bal_align_force_seed201,9.5,4.0,288,50000,4398,0.607094133697135,0.5,0.3777589134125637,0.0,0.0,"{""0"": 1, ""1"": 1, ""2"": 2}",False
penmanshiel,kelmarsh,leave-one-farm-out,MoE + L_bal + L_align + L_force,201,artifacts\external_wind_runs\penmanshiel\leave_one_farm_out\external_wind_bal_align_force_seed201,10.0,1.0,288,50000,4747,0.6359806193385296,0.5,0.38874581509142414,0.0,0.0,"{""0"": 1, ""1"": 1, ""2"": 2}",False
penmanshiel,kelmarsh,leave-one-farm-out,MoE + L_bal + L_align + L_force,201,artifacts\external_wind_runs\penmanshiel\leave_one_farm_out\external_wind_bal_align_force_seed201,10.0,2.0,288,50000,4747,0.6359806193385296,0.5,0.38874581509142414,0.0,0.0,"{""0"": 1, ""1"": 1, ""2"": 2}",False
penmanshiel,kelmarsh,leave-one-farm-out,MoE + L_bal + L_align + L_force,201,artifacts\external_wind_runs\penmanshiel\leave_one_farm_out\external_wind_bal_align_force_seed201,10.0,3.0,288,50000,4747,0.6359806193385296,0.5,0.38874581509142414,0.0,0.0,"{""0"": 1, ""1"": 1, ""2"": 2}",False
penmanshiel,kelmarsh,leave-one-farm-out,MoE + L_bal + L_align + L_force,201,artifacts\external_wind_runs\penmanshiel\leave_one_farm_out\external_wind_bal_align_force_seed201,10.0,4.0,288,50000,4747,0.6359806193385296,0.5,0.38874581509142414,0.0,0.0,"{""0"": 1, ""1"": 1, ""2"": 2}",False
penmanshiel,kelmarsh,leave-one-farm-out,MoE + L_bal + L_align + L_force,201,artifacts\external_wind_runs\penmanshiel\leave_one_farm_out\external_wind_bal_align_force_seed201,10.5,1.0,288,50000,5063,0.6587003752715781,0.5,0.39711836151464636,0.0,0.0,"{""0"": 1, ""1"": 1, ""2"": 2}",False
penmanshiel,kelmarsh,leave-one-farm-out,MoE + L_bal + L_align + L_force,201,artifacts\external_wind_runs\penmanshiel\leave_one_farm_out\external_wind_bal_align_force_seed201,10.5,2.0,288,50000,5063,0.6587003752715781,0.5,0.39711836151464636,0.0,0.0,"{""0"": 1, ""1"": 1, ""2"": 2}",False
penmanshiel,kelmarsh,leave-one-farm-out,MoE + L_bal + L_align + L_force,201,artifacts\external_wind_runs\penmanshiel\leave_one_farm_out\external_wind_bal_align_force_seed201,10.5,3.0,288,50000,5063,0.6587003752715781,0.5,0.39711836151464636,0.0,0.0,"{""0"": 1, ""1"": 1, ""2"": 2}",False
penmanshiel,kelmarsh,leave-one-farm-out,MoE + L_bal + L_align + L_force,201,artifacts\external_wind_runs\penmanshiel\leave_one_farm_out\external_wind_bal_align_force_seed201,10.5,4.0,288,50000,5063,0.6587003752715781,0.5,0.39711836151464636,0.0,0.0,"{""0"": 1, ""1"": 1, ""2"": 2}",False
penmanshiel,kelmarsh,leave-one-farm-out,MoE + L_bal + L_align + L_force,201,artifacts\external_wind_runs\penmanshiel\leave_one_farm_out\external_wind_bal_align_force_seed201,11.0,1.0,288,50000,5332,0.6759189797449362,0.5,0.40331244404655325,0.0,0.0,"{""0"": 1, ""1"": 1, ""2"": 2}",False
penmanshiel,kelmarsh,leave-one-farm-out,MoE + L_bal + L_align + L_force,201,artifacts\external_wind_runs\penmanshiel\leave_one_farm_out\external_wind_bal_align_force_seed201,11.0,2.0,288,50000,5332,0.6759189797449362,0.5,0.40331244404655325,0.0,0.0,"{""0"": 1, ""1"": 1, ""2"": 2}",False
penmanshiel,kelmarsh,leave-one-farm-out,MoE + L_bal + L_align + L_force,201,artifacts\external_wind_runs\penmanshiel\leave_one_farm_out\external_wind_bal_align_force_seed201,11.0,3.0,288,50000,5332,0.6759189797449362,0.5,0.40331244404655325,0.0,0.0,"{""0"": 1, ""1"": 1, ""2"": 2}",False
penmanshiel,kelmarsh,leave-one-farm-out,MoE + L_bal + L_align + L_force,201,artifacts\external_wind_runs\penmanshiel\leave_one_farm_out\external_wind_bal_align_force_seed201,11.0,4.0,288,50000,5332,0.6759189797449362,0.5,0.40331244404655325,0.0,0.0,"{""0"": 1, ""1"": 1, ""2"": 2}",False
penmanshiel,kelmarsh,leave-one-farm-out,MoE + L_bal + L_align + L_force,201,artifacts\external_wind_runs\penmanshiel\leave_one_farm_out\external_wind_bal_align_force_seed201,11.5,1.0,288,50000,5515,0.6866727107887579,0.5,0.40711674908621803,0.0,0.0,"{""0"": 1, ""1"": 1, ""2"": 2}",False
penmanshiel,kelmarsh,leave-one-farm-out,MoE + L_bal + L_align + L_force,201,artifacts\external_wind_runs\penmanshiel\leave_one_farm_out\external_wind_bal_align_force_seed201,11.5,2.0,288,50000,5515,0.6866727107887579,0.5,0.40711674908621803,0.0,0.0,"{""0"": 1, ""1"": 1, ""2"": 2}",True
penmanshiel,kelmarsh,leave-one-farm-out,MoE + L_bal + L_align + L_force,201,artifacts\external_wind_runs\penmanshiel\leave_one_farm_out\external_wind_bal_align_force_seed201,11.5,3.0,288,50000,5515,0.6866727107887579,0.5,0.40711674908621803,0.0,0.0,"{""0"": 1, ""1"": 1, ""2"": 2}",False
penmanshiel,kelmarsh,leave-one-farm-out,MoE + L_bal + L_align + L_force,201,artifacts\external_wind_runs\penmanshiel\leave_one_farm_out\external_wind_bal_align_force_seed201,11.5,4.0,288,50000,5515,0.6866727107887579,0.5,0.40711674908621803,0.0,0.0,"{""0"": 1, ""1"": 1, ""2"": 2}",False
kelmarsh,,chronological,MoE + L_bal + L_align + L_force,201,artifacts\external_wind_runs\kelmarsh\chronological\external_wind_bal_align_force_seed201,9.5,1.0,288,50000,1643,0.9695678636640293,0.842765224687311,0.8789480206784223,0.4642820582221847,0.6263322364168021,"{""0"": 0, ""1"": 1, ""2"": 2}",False
kelmarsh,,chronological,MoE + L_bal + L_align + L_force,201,artifacts\external_wind_runs\kelmarsh\chronological\external_wind_bal_align_force_seed201,9.5,2.0,288,50000,1622,0.9864364981504316,0.8766874797120544,0.8831076826196473,0.5008549004360441,0.6608803211700087,"{""0"": 0, ""1"": 1, ""2"": 2}",False
kelmarsh,,chronological,MoE + L_bal + L_align + L_force,201,artifacts\external_wind_runs\kelmarsh\chronological\external_wind_bal_align_force_seed201,9.5,3.0,288,50000,1604,0.9912718204488778,0.6666666666666666,0.6652037617554859,0.2768809462167359,0.22029139863946487,"{""0"": 0, ""1"": 1, ""2"": 1}",False
kelmarsh,,chronological,MoE + L_bal + L_align + L_force,201,artifacts\external_wind_runs\kelmarsh\chronological\external_wind_bal_align_force_seed201,9.5,4.0,288,50000,1594,0.9974905897114178,0.6666666666666666,0.6662473794549266,0.5236962975181608,0.49874412085778436,"{""0"": 0, ""1"": 1, ""2"": 1}",False
kelmarsh,,chronological,MoE + L_bal + L_align + L_force,201,artifacts\external_wind_runs\kelmarsh\chronological\external_wind_bal_align_force_seed201,10.0,1.0,288,50000,1644,0.9768856447688564,0.8765174093908197,0.8765174093908197,0.4486646936701652,0.6275778477743391,"{""0"": 0, ""1"": 1, ""2"": 2}",False
kelmarsh,,chronological,MoE + L_bal + L_align + L_force,201,artifacts\external_wind_runs\kelmarsh\chronological\external_wind_bal_align_force_seed201,10.0,2.0,288,50000,1679,0.984514592019059,0.6666666666666666,0.6640625,0.18737991705315024,0.13129212772842958,"{""0"": 0, ""1"": 1, ""2"": 1}",False
kelmarsh,,chronological,MoE + L_bal + L_align + L_force,201,artifacts\external_wind_runs\kelmarsh\chronological\external_wind_bal_align_force_seed201,10.0,3.0,288,50000,1669,0.9934092270820851,0.6666666666666666,0.6655632460627947,0.31828500246817626,0.26491378022177675,"{""0"": 0, ""1"": 1, ""2"": 1}",False
kelmarsh,,chronological,MoE + L_bal + L_align + L_force,201,artifacts\external_wind_runs\kelmarsh\chronological\external_wind_bal_align_force_seed201,10.0,4.0,288,50000,1665,0.9975975975975976,0.6666666666666666,0.6662653020268915,0.5235533585949872,0.4987977225265005,"{""0"": 0, ""1"": 1, ""2"": 1}",False
kelmarsh,,chronological,MoE + L_bal + L_align + L_force,201,artifacts\external_wind_runs\kelmarsh\chronological\external_wind_bal_align_force_seed201,10.5,1.0,288,50000,1608,0.9931592039800995,0.6666666666666666,0.6655211912943871,0.3185892044857926,0.26484747081767696,"{""0"": 0, ""1"": 1, ""2"": 1}",False
kelmarsh,,chronological,MoE + L_bal + L_align + L_force,201,artifacts\external_wind_runs\kelmarsh\chronological\external_wind_bal_align_force_seed201,10.5,2.0,288,50000,1697,0.9935179728933412,0.6666666666666666,0.6655815329979283,0.31815027175555655,0.26494262538063845,"{""0"": 0, ""1"": 1, ""2"": 1}",False
kelmarsh,,chronological,MoE + L_bal + L_align + L_force,201,artifacts\external_wind_runs\kelmarsh\chronological\external_wind_bal_align_force_seed201,10.5,3.0,288,50000,1709,0.9959040374488005,0.6666666666666666,0.6659818021719989,0.4054295669087531,0.36214766419666794,"{""0"": 0, ""1"": 1, ""2"": 1}",False
kelmarsh,,chronological,MoE + L_bal + L_align + L_force,201,artifacts\external_wind_runs\kelmarsh\chronological\external_wind_bal_align_force_seed201,10.5,4.0,288,50000,1709,0.9988297249853716,0.6666666666666666,0.6664712778429074,0.6667002642548733,0.6658852652426445,"{""0"": 0, ""1"": 1, ""2"": 1}",False
kelmarsh,,chronological,MoE + L_bal + L_align + L_force,201,artifacts\external_wind_runs\kelmarsh\chronological\external_wind_bal_align_force_seed201,11.0,1.0,288,50000,1598,0.9993742177722152,0.6666666666666666,0.6665622062049514,0.7858393164208071,0.7994984330749538,"{""0"": 0, ""1"": 1, ""2"": 1}",False
kelmarsh,,chronological,MoE + L_bal + L_align + L_force,201,artifacts\external_wind_runs\kelmarsh\chronological\external_wind_bal_align_force_seed201,11.0,2.0,288,50000,1687,0.999407231772377,0.6666666666666666,0.6665677253388741,0.7859358399543345,0.7995249410195426,"{""0"": 0, ""1"": 1, ""2"": 1}",False
kelmarsh,,chronological,MoE + L_bal + L_align + L_force,201,artifacts\external_wind_runs\kelmarsh\chronological\external_wind_bal_align_force_seed201,11.0,3.0,288,50000,1707,0.9994141769185706,0.6666666666666666,0.666568886281412,0.7859566599996708,0.7995305168199031,"{""0"": 0, ""1"": 1, ""2"": 1}",False
kelmarsh,,chronological,MoE + L_bal + L_align + L_force,201,artifacts\external_wind_runs\kelmarsh\chronological\external_wind_bal_align_force_seed201,11.0,4.0,288,50000,1717,0.9994175888177053,0.6666666666666666,0.6665694565957033,0.7859669565137595,0.7995332559238177,"{""0"": 0, ""1"": 1, ""2"": 1}",False
kelmarsh,,chronological,MoE + L_bal + L_align + L_force,201,artifacts\external_wind_runs\kelmarsh\chronological\external_wind_bal_align_force_seed201,11.5,1.0,288,50000,1597,1.0,1.0,1.0,1.0,1.0,"{""0"": 0, ""1"": 1, ""2"": 1}",False
kelmarsh,,chronological,MoE + L_bal + L_align + L_force,201,artifacts\external_wind_runs\kelmarsh\chronological\external_wind_bal_align_force_seed201,11.5,2.0,288,50000,1686,1.0,1.0,1.0,1.0,1.0,"{""0"": 0, ""1"": 1, ""2"": 1}",True
kelmarsh,,chronological,MoE + L_bal + L_align + L_force,201,artifacts\external_wind_runs\kelmarsh\chronological\external_wind_bal_align_force_seed201,11.5,3.0,288,50000,1706,1.0,1.0,1.0,1.0,1.0,"{""0"": 0, ""1"": 1, ""2"": 1}",False
kelmarsh,,chronological,MoE + L_bal + L_align + L_force,201,artifacts\external_wind_runs\kelmarsh\chronological\external_wind_bal_align_force_seed201,11.5,4.0,288,50000,1716,1.0,1.0,1.0,1.0,1.0,"{""0"": 0, ""1"": 1, ""2"": 1}",False
penmanshiel,,chronological,MoE + L_bal + L_align + L_force,201,artifacts\external_wind_runs\penmanshiel\chronological\external_wind_bal_align_force_seed201,9.5,1.0,288,50000,2670,1.0,1.0,1.0,1.0,1.0,"{""0"": 1, ""1"": 1, ""2"": 2}",False
penmanshiel,,chronological,MoE + L_bal + L_align + L_force,201,artifacts\external_wind_runs\penmanshiel\chronological\external_wind_bal_align_force_seed201,9.5,2.0,288,50000,2670,1.0,1.0,1.0,1.0,1.0,"{""0"": 1, ""1"": 1, ""2"": 2}",False
penmanshiel,,chronological,MoE + L_bal + L_align + L_force,201,artifacts\external_wind_runs\penmanshiel\chronological\external_wind_bal_align_force_seed201,9.5,3.0,288,50000,2670,1.0,1.0,1.0,1.0,1.0,"{""0"": 1, ""1"": 1, ""2"": 2}",False
penmanshiel,,chronological,MoE + L_bal + L_align + L_force,201,artifacts\external_wind_runs\penmanshiel\chronological\external_wind_bal_align_force_seed201,9.5,4.0,288,50000,2670,1.0,1.0,1.0,1.0,1.0,"{""0"": 1, ""1"": 1, ""2"": 2}",False
penmanshiel,,chronological,MoE + L_bal + L_align + L_force,201,artifacts\external_wind_runs\penmanshiel\chronological\external_wind_bal_align_force_seed201,10.0,1.0,288,50000,3019,1.0,1.0,1.0,1.0,1.0,"{""0"": 1, ""1"": 1, ""2"": 2}",False
penmanshiel,,chronological,MoE + L_bal + L_align + L_force,201,artifacts\external_wind_runs\penmanshiel\chronological\external_wind_bal_align_force_seed201,10.0,2.0,288,50000,3019,1.0,1.0,1.0,1.0,1.0,"{""0"": 1, ""1"": 1, ""2"": 2}",False
penmanshiel,,chronological,MoE + L_bal + L_align + L_force,201,artifacts\external_wind_runs\penmanshiel\chronological\external_wind_bal_align_force_seed201,10.0,3.0,288,50000,3019,1.0,1.0,1.0,1.0,1.0,"{""0"": 1, ""1"": 1, ""2"": 2}",False
penmanshiel,,chronological,MoE + L_bal + L_align + L_force,201,artifacts\external_wind_runs\penmanshiel\chronological\external_wind_bal_align_force_seed201,10.0,4.0,288,50000,3019,1.0,1.0,1.0,1.0,1.0,"{""0"": 1, ""1"": 1, ""2"": 2}",False
penmanshiel,,chronological,MoE + L_bal + L_align + L_force,201,artifacts\external_wind_runs\penmanshiel\chronological\external_wind_bal_align_force_seed201,10.5,1.0,288,50000,3335,1.0,1.0,1.0,1.0,1.0,"{""0"": 1, ""1"": 1, ""2"": 2}",False
penmanshiel,,chronological,MoE + L_bal + L_align + L_force,201,artifacts\external_wind_runs\penmanshiel\chronological\external_wind_bal_align_force_seed201,10.5,2.0,288,50000,3335,1.0,1.0,1.0,1.0,1.0,"{""0"": 1, ""1"": 1, ""2"": 2}",True
penmanshiel,,chronological,MoE + L_bal + L_align + L_force,201,artifacts\external_wind_runs\penmanshiel\chronological\external_wind_bal_align_force_seed201,10.5,3.0,288,50000,3335,1.0,1.0,1.0,1.0,1.0,"{""0"": 1, ""1"": 1, ""2"": 2}",False
penmanshiel,,chronological,MoE + L_bal + L_align + L_force,201,artifacts\external_wind_runs\penmanshiel\chronological\external_wind_bal_align_force_seed201,10.5,4.0,288,50000,3335,1.0,1.0,1.0,1.0,1.0,"{""0"": 1, ""1"": 1, ""2"": 2}",False
penmanshiel,,chronological,MoE + L_bal + L_align + L_force,201,artifacts\external_wind_runs\penmanshiel\chronological\external_wind_bal_align_force_seed201,11.0,1.0,288,50000,3604,1.0,1.0,1.0,1.0,1.0,"{""0"": 1, ""1"": 1, ""2"": 2}",False
penmanshiel,,chronological,MoE + L_bal + L_align + L_force,201,artifacts\external_wind_runs\penmanshiel\chronological\external_wind_bal_align_force_seed201,11.0,2.0,288,50000,3604,1.0,1.0,1.0,1.0,1.0,"{""0"": 1, ""1"": 1, ""2"": 2}",False
penmanshiel,,chronological,MoE + L_bal + L_align + L_force,201,artifacts\external_wind_runs\penmanshiel\chronological\external_wind_bal_align_force_seed201,11.0,3.0,288,50000,3604,1.0,1.0,1.0,1.0,1.0,"{""0"": 1, ""1"": 1, ""2"": 2}",False
penmanshiel,,chronological,MoE + L_bal + L_align + L_force,201,artifacts\external_wind_runs\penmanshiel\chronological\external_wind_bal_align_force_seed201,11.0,4.0,288,50000,3604,1.0,1.0,1.0,1.0,1.0,"{""0"": 1, ""1"": 1, ""2"": 2}",False
penmanshiel,,chronological,MoE + L_bal + L_align + L_force,201,artifacts\external_wind_runs\penmanshiel\chronological\external_wind_bal_align_force_seed201,11.5,1.0,288,50000,3787,1.0,1.0,1.0,1.0,1.0,"{""0"": 1, ""1"": 1, ""2"": 2}",False
penmanshiel,,chronological,MoE + L_bal + L_align + L_force,201,artifacts\external_wind_runs\penmanshiel\chronological\external_wind_bal_align_force_seed201,11.5,2.0,288,50000,3787,1.0,1.0,1.0,1.0,1.0,"{""0"": 1, ""1"": 1, ""2"": 2}",False
penmanshiel,,chronological,MoE + L_bal + L_align + L_force,201,artifacts\external_wind_runs\penmanshiel\chronological\external_wind_bal_align_force_seed201,11.5,3.0,288,50000,3787,1.0,1.0,1.0,1.0,1.0,"{""0"": 1, ""1"": 1, ""2"": 2}",False
penmanshiel,,chronological,MoE + L_bal + L_align + L_force,201,artifacts\external_wind_runs\penmanshiel\chronological\external_wind_bal_align_force_seed201,11.5,4.0,288,50000,3787,1.0,1.0,1.0,1.0,1.0,"{""0"": 1, ""1"": 1, ""2"": 2}",False
kelmarsh,penmanshiel,leave-one-farm-out,MoE + L_bal + L_align + L_force,202,artifacts\external_wind_runs\kelmarsh\leave_one_farm_out\external_wind_bal_align_force_seed202,9.5,1.0,288,50000,5675,0.7108370044052863,0.3333333333333333,0.27699385449926184,0.0,0.0,"{""0"": 0, ""1"": 0, ""2"": 2}",False
kelmarsh,penmanshiel,leave-one-farm-out,MoE + L_bal + L_align + L_force,202,artifacts\external_wind_runs\kelmarsh\leave_one_farm_out\external_wind_bal_align_force_seed202,9.5,2.0,288,50000,5654,0.713477184294305,0.3333333333333333,0.2775942747041013,0.0,0.0,"{""0"": 0, ""1"": 0, ""2"": 2}",False
kelmarsh,penmanshiel,leave-one-farm-out,MoE + L_bal + L_align + L_force,202,artifacts\external_wind_runs\kelmarsh\leave_one_farm_out\external_wind_bal_align_force_seed202,9.5,3.0,288,50000,5636,0.7157558552164656,0.3333333333333333,0.27811099620820406,0.0,0.0,"{""0"": 0, ""1"": 0, ""2"": 2}",False
kelmarsh,penmanshiel,leave-one-farm-out,MoE + L_bal + L_align + L_force,202,artifacts\external_wind_runs\kelmarsh\leave_one_farm_out\external_wind_bal_align_force_seed202,9.5,4.0,288,50000,5626,0.7170280838961962,0.3333333333333333,0.2783988957902001,0.0,0.0,"{""0"": 0, ""1"": 0, ""2"": 2}",False
kelmarsh,penmanshiel,leave-one-farm-out,MoE + L_bal + L_align + L_force,202,artifacts\external_wind_runs\kelmarsh\leave_one_farm_out\external_wind_bal_align_force_seed202,10.0,1.0,288,50000,5676,0.7107117688513037,0.3333333333333333,0.27696532784071404,0.0,0.0,"{""0"": 0, ""1"": 0, ""2"": 2}",False
kelmarsh,penmanshiel,leave-one-farm-out,MoE + L_bal + L_align + L_force,202,artifacts\external_wind_runs\kelmarsh\leave_one_farm_out\external_wind_bal_align_force_seed202,10.0,2.0,288,50000,5711,0.7063561547890037,0.3333333333333333,0.27597058320506246,0.0,0.0,"{""0"": 0, ""1"": 0, ""2"": 2}",False
kelmarsh,penmanshiel,leave-one-farm-out,MoE + L_bal + L_align + L_force,202,artifacts\external_wind_runs\kelmarsh\leave_one_farm_out\external_wind_bal_align_force_seed202,10.0,3.0,288,50000,5701,0.70759515874408,0.3333333333333333,0.27625406608457453,0.0,0.0,"{""0"": 0, ""1"": 0, ""2"": 2}",False
kelmarsh,penmanshiel,leave-one-farm-out,MoE + L_bal + L_align + L_force,202,artifacts\external_wind_runs\kelmarsh\leave_one_farm_out\external_wind_bal_align_force_seed202,10.0,4.0,288,50000,5697,0.7080919782341584,0.3333333333333333,0.27636762237522694,0.0,0.0,"{""0"": 0, ""1"": 0, ""2"": 2}",False
kelmarsh,penmanshiel,leave-one-farm-out,MoE + L_bal + L_align + L_force,202,artifacts\external_wind_runs\kelmarsh\leave_one_farm_out\external_wind_bal_align_force_seed202,10.5,1.0,288,50000,5640,0.7152482269503546,0.3333333333333333,0.27799600303218247,0.0,0.0,"{""0"": 0, ""1"": 0, ""2"": 2}",False
kelmarsh,penmanshiel,leave-one-farm-out,MoE + L_bal + L_align + L_force,202,artifacts\external_wind_runs\kelmarsh\leave_one_farm_out\external_wind_bal_align_force_seed202,10.5,2.0,288,50000,5729,0.7041368476173853,0.3333333333333333,0.2754617774591143,0.0,0.0,"{""0"": 0, ""1"": 0, ""2"": 2}",False
kelmarsh,penmanshiel,leave-one-farm-out,MoE + L_bal + L_align + L_force,202,artifacts\external_wind_runs\kelmarsh\leave_one_farm_out\external_wind_bal_align_force_seed202,10.5,3.0,288,50000,5741,0.7026650409336352,0.3333333333333333,0.2751236146632566,0.0,0.0,"{""0"": 0, ""1"": 0, ""2"": 2}",False
kelmarsh,penmanshiel,leave-one-farm-out,MoE + L_bal + L_align + L_force,202,artifacts\external_wind_runs\kelmarsh\leave_one_farm_out\external_wind_bal_align_force_seed202,10.5,4.0,288,50000,5741,0.7026650409336352,0.3333333333333333,0.2751236146632566,0.0,0.0,"{""0"": 0, ""1"": 0, ""2"": 2}",False
kelmarsh,penmanshiel,leave-one-farm-out,MoE + L_bal + L_align + L_force,202,artifacts\external_wind_runs\kelmarsh\leave_one_farm_out\external_wind_bal_align_force_seed202,11.0,1.0,288,50000,5630,0.71651865008881,0.3333333333333333,0.27828366445916114,0.0,0.0,"{""0"": 0, ""1"": 0, ""2"": 2}",False
kelmarsh,penmanshiel,leave-one-farm-out,MoE + L_bal + L_align + L_force,202,artifacts\external_wind_runs\kelmarsh\leave_one_farm_out\external_wind_bal_align_force_seed202,11.0,2.0,288,50000,5719,0.7053680713411435,0.3333333333333333,0.27574421545507366,0.0,0.0,"{""0"": 0, ""1"": 0, ""2"": 2}",False
kelmarsh,penmanshiel,leave-one-farm-out,MoE + L_bal + L_align + L_force,202,artifacts\external_wind_runs\kelmarsh\leave_one_farm_out\external_wind_bal_align_force_seed202,11.0,3.0,288,50000,5739,0.7029099146192717,0.3333333333333333,0.2751799174596678,0.0,0.0,"{""0"": 0, ""1"": 0, ""2"": 2}",False
kelmarsh,penmanshiel,leave-one-farm-out,MoE + L_bal + L_align + L_force,202,artifacts\external_wind_runs\kelmarsh\leave_one_farm_out\external_wind_bal_align_force_seed202,11.0,4.0,288,50000,5749,0.7016872499565142,0.3333333333333333,0.27489863368428225,0.0,0.0,"{""0"": 0, ""1"": 0, ""2"": 2}",False
kelmarsh,penmanshiel,leave-one-farm-out,MoE + L_bal + L_align + L_force,202,artifacts\external_wind_runs\kelmarsh\leave_one_farm_out\external_wind_bal_align_force_seed202,11.5,1.0,288,50000,5629,0.7166459406644164,0.5,0.4174686950222498,0.0,0.0,"{""0"": 0, ""1"": 0, ""2"": 2}",True
kelmarsh,penmanshiel,leave-one-farm-out,MoE + L_bal + L_align + L_force,202,artifacts\external_wind_runs\kelmarsh\leave_one_farm_out\external_wind_bal_align_force_seed202,11.5,2.0,288,50000,5718,0.7054914305701294,0.5,0.4136587366694012,0.0,0.0,"{""0"": 0, ""1"": 0, ""2"": 2}",False
kelmarsh,penmanshiel,leave-one-farm-out,MoE + L_bal + L_align + L_force,202,artifacts\external_wind_runs\kelmarsh\leave_one_farm_out\external_wind_bal_align_force_seed202,11.5,3.0,288,50000,5738,0.7030324154757756,0.5,0.4128121162505117,0.0,0.0,"{""0"": 0, ""1"": 0, ""2"": 2}",False
kelmarsh,penmanshiel,leave-one-farm-out,MoE + L_bal + L_align + L_force,202,artifacts\external_wind_runs\kelmarsh\leave_one_farm_out\external_wind_bal_align_force_seed202,11.5,4.0,288,50000,5748,0.7018093249826026,0.5,0.41239010427315476,0.0,0.0,"{""0"": 0, ""1"": 0, ""2"": 2}",False
penmanshiel,kelmarsh,leave-one-farm-out,MoE + L_bal + L_align + L_force,202,artifacts\external_wind_runs\penmanshiel\leave_one_farm_out\external_wind_bal_align_force_seed202,9.5,1.0,288,50000,4398,0.607094133697135,0.5,0.3777589134125637,0.0,0.0,"{""0"": 0, ""1"": 1, ""2"": 2}",False
penmanshiel,kelmarsh,leave-one-farm-out,MoE + L_bal + L_align + L_force,202,artifacts\external_wind_runs\penmanshiel\leave_one_farm_out\external_wind_bal_align_force_seed202,9.5,2.0,288,50000,4398,0.607094133697135,0.5,0.3777589134125637,0.0,0.0,"{""0"": 0, ""1"": 1, ""2"": 2}",False
penmanshiel,kelmarsh,leave-one-farm-out,MoE + L_bal + L_align + L_force,202,artifacts\external_wind_runs\penmanshiel\leave_one_farm_out\external_wind_bal_align_force_seed202,9.5,3.0,288,50000,4398,0.607094133697135,0.5,0.3777589134125637,0.0,0.0,"{""0"": 0, ""1"": 1, ""2"": 2}",False
penmanshiel,kelmarsh,leave-one-farm-out,MoE + L_bal + L_align + L_force,202,artifacts\external_wind_runs\penmanshiel\leave_one_farm_out\external_wind_bal_align_force_seed202,9.5,4.0,288,50000,4398,0.607094133697135,0.5,0.3777589134125637,0.0,0.0,"{""0"": 0, ""1"": 1, ""2"": 2}",False
penmanshiel,kelmarsh,leave-one-farm-out,MoE + L_bal + L_align + L_force,202,artifacts\external_wind_runs\penmanshiel\leave_one_farm_out\external_wind_bal_align_force_seed202,10.0,1.0,288,50000,4747,0.6359806193385296,0.5,0.38874581509142414,0.0,0.0,"{""0"": 0, ""1"": 1, ""2"": 2}",False
penmanshiel,kelmarsh,leave-one-farm-out,MoE + L_bal + L_align + L_force,202,artifacts\external_wind_runs\penmanshiel\leave_one_farm_out\external_wind_bal_align_force_seed202,10.0,2.0,288,50000,4747,0.6359806193385296,0.5,0.38874581509142414,0.0,0.0,"{""0"": 0, ""1"": 1, ""2"": 2}",False
penmanshiel,kelmarsh,leave-one-farm-out,MoE + L_bal + L_align + L_force,202,artifacts\external_wind_runs\penmanshiel\leave_one_farm_out\external_wind_bal_align_force_seed202,10.0,3.0,288,50000,4747,0.6359806193385296,0.5,0.38874581509142414,0.0,0.0,"{""0"": 0, ""1"": 1, ""2"": 2}",False
penmanshiel,kelmarsh,leave-one-farm-out,MoE + L_bal + L_align + L_force,202,artifacts\external_wind_runs\penmanshiel\leave_one_farm_out\external_wind_bal_align_force_seed202,10.0,4.0,288,50000,4747,0.6359806193385296,0.5,0.38874581509142414,0.0,0.0,"{""0"": 0, ""1"": 1, ""2"": 2}",False
penmanshiel,kelmarsh,leave-one-farm-out,MoE + L_bal + L_align + L_force,202,artifacts\external_wind_runs\penmanshiel\leave_one_farm_out\external_wind_bal_align_force_seed202,10.5,1.0,288,50000,5063,0.6587003752715781,0.5,0.39711836151464636,0.0,0.0,"{""0"": 0, ""1"": 1, ""2"": 2}",False
penmanshiel,kelmarsh,leave-one-farm-out,MoE + L_bal + L_align + L_force,202,artifacts\external_wind_runs\penmanshiel\leave_one_farm_out\external_wind_bal_align_force_seed202,10.5,2.0,288,50000,5063,0.6587003752715781,0.5,0.39711836151464636,0.0,0.0,"{""0"": 0, ""1"": 1, ""2"": 2}",False
penmanshiel,kelmarsh,leave-one-farm-out,MoE + L_bal + L_align + L_force,202,artifacts\external_wind_runs\penmanshiel\leave_one_farm_out\external_wind_bal_align_force_seed202,10.5,3.0,288,50000,5063,0.6587003752715781,0.5,0.39711836151464636,0.0,0.0,"{""0"": 0, ""1"": 1, ""2"": 2}",False
penmanshiel,kelmarsh,leave-one-farm-out,MoE + L_bal + L_align + L_force,202,artifacts\external_wind_runs\penmanshiel\leave_one_farm_out\external_wind_bal_align_force_seed202,10.5,4.0,288,50000,5063,0.6587003752715781,0.5,0.39711836151464636,0.0,0.0,"{""0"": 0, ""1"": 1, ""2"": 2}",False
penmanshiel,kelmarsh,leave-one-farm-out,MoE + L_bal + L_align + L_force,202,artifacts\external_wind_runs\penmanshiel\leave_one_farm_out\external_wind_bal_align_force_seed202,11.0,1.0,288,50000,5332,0.6759189797449362,0.5,0.40331244404655325,0.0,0.0,"{""0"": 0, ""1"": 1, ""2"": 2}",False
penmanshiel,kelmarsh,leave-one-farm-out,MoE + L_bal + L_align + L_force,202,artifacts\external_wind_runs\penmanshiel\leave_one_farm_out\external_wind_bal_align_force_seed202,11.0,2.0,288,50000,5332,0.6759189797449362,0.5,0.40331244404655325,0.0,0.0,"{""0"": 0, ""1"": 1, ""2"": 2}",False
penmanshiel,kelmarsh,leave-one-farm-out,MoE + L_bal + L_align + L_force,202,artifacts\external_wind_runs\penmanshiel\leave_one_farm_out\external_wind_bal_align_force_seed202,11.0,3.0,288,50000,5332,0.6759189797449362,0.5,0.40331244404655325,0.0,0.0,"{""0"": 0, ""1"": 1, ""2"": 2}",False
penmanshiel,kelmarsh,leave-one-farm-out,MoE + L_bal + L_align + L_force,202,artifacts\external_wind_runs\penmanshiel\leave_one_farm_out\external_wind_bal_align_force_seed202,11.0,4.0,288,50000,5332,0.6759189797449362,0.5,0.40331244404655325,0.0,0.0,"{""0"": 0, ""1"": 1, ""2"": 2}",False
penmanshiel,kelmarsh,leave-one-farm-out,MoE + L_bal + L_align + L_force,202,artifacts\external_wind_runs\penmanshiel\leave_one_farm_out\external_wind_bal_align_force_seed202,11.5,1.0,288,50000,5515,0.6866727107887579,0.5,0.40711674908621803,0.0,0.0,"{""0"": 0, ""1"": 1, ""2"": 2}",False
penmanshiel,kelmarsh,leave-one-farm-out,MoE + L_bal + L_align + L_force,202,artifacts\external_wind_runs\penmanshiel\leave_one_farm_out\external_wind_bal_align_force_seed202,11.5,2.0,288,50000,5515,0.6866727107887579,0.5,0.40711674908621803,0.0,0.0,"{""0"": 0, ""1"": 1, ""2"": 2}",True
penmanshiel,kelmarsh,leave-one-farm-out,MoE + L_bal + L_align + L_force,202,artifacts\external_wind_runs\penmanshiel\leave_one_farm_out\external_wind_bal_align_force_seed202,11.5,3.0,288,50000,5515,0.6866727107887579,0.5,0.40711674908621803,0.0,0.0,"{""0"": 0, ""1"": 1, ""2"": 2}",False
penmanshiel,kelmarsh,leave-one-farm-out,MoE + L_bal + L_align + L_force,202,artifacts\external_wind_runs\penmanshiel\leave_one_farm_out\external_wind_bal_align_force_seed202,11.5,4.0,288,50000,5515,0.6866727107887579,0.5,0.40711674908621803,0.0,0.0,"{""0"": 0, ""1"": 1, ""2"": 2}",False
kelmarsh,,chronological,MoE + L_bal + L_align + L_force,202,artifacts\external_wind_runs\kelmarsh\chronological\external_wind_bal_align_force_seed202,9.5,1.0,288,50000,1643,0.9452221545952526,0.3333333333333333,0.3239465999165624,0.0,0.0,"{""0"": 1, ""1"": 1, ""2"": 2}",False
kelmarsh,,chronological,MoE + L_bal + L_align + L_force,202,artifacts\external_wind_runs\kelmarsh\chronological\external_wind_bal_align_force_seed202,9.5,2.0,288,50000,1622,0.9784217016029593,0.3333333333333333,0.3296977251480212,0.0,0.0,"{""0"": 1, ""1"": 1, ""2"": 2}",False
kelmarsh,,chronological,MoE + L_bal + L_align + L_force,202,artifacts\external_wind_runs\kelmarsh\chronological\external_wind_bal_align_force_seed202,9.5,3.0,288,50000,1604,0.9900249376558603,0.3333333333333333,0.3316624895572264,0.0,0.0,"{""0"": 1, ""1"": 1, ""2"": 2}",False
kelmarsh,,chronological,MoE + L_bal + L_align + L_force,202,artifacts\external_wind_runs\kelmarsh\chronological\external_wind_bal_align_force_seed202,9.5,4.0,288,50000,1594,0.9962358845671268,0.3333333333333333,0.3327047978210769,0.0,0.0,"{""0"": 1, ""1"": 1, ""2"": 2}",False
kelmarsh,,chronological,MoE + L_bal + L_align + L_force,202,artifacts\external_wind_runs\kelmarsh\chronological\external_wind_bal_align_force_seed202,10.0,1.0,288,50000,1644,0.9665450121654501,0.3333333333333333,0.32766264563357045,0.0,0.0,"{""0"": 1, ""1"": 1, ""2"": 2}",False
kelmarsh,,chronological,MoE + L_bal + L_align + L_force,202,artifacts\external_wind_runs\kelmarsh\chronological\external_wind_bal_align_force_seed202,10.0,2.0,288,50000,1679,0.9833234067897558,0.3333333333333333,0.33053053053053055,0.0,0.0,"{""0"": 1, ""1"": 1, ""2"": 2}",False
kelmarsh,,chronological,MoE + L_bal + L_align + L_force,202,artifacts\external_wind_runs\kelmarsh\chronological\external_wind_bal_align_force_seed202,10.0,3.0,288,50000,1669,0.9922109047333733,0.3333333333333333,0.33203007518796995,0.0,0.0,"{""0"": 1, ""1"": 1, ""2"": 2}",False
kelmarsh,,chronological,MoE + L_bal + L_align + L_force,202,artifacts\external_wind_runs\kelmarsh\chronological\external_wind_bal_align_force_seed202,10.0,4.0,288,50000,1665,0.9963963963963964,0.3333333333333333,0.33273164861612514,0.0,0.0,"{""0"": 1, ""1"": 1, ""2"": 2}",False
kelmarsh,,chronological,MoE + L_bal + L_align + L_force,202,artifacts\external_wind_runs\kelmarsh\chronological\external_wind_bal_align_force_seed202,10.5,1.0,288,50000,1608,0.9919154228855721,0.3333333333333333,0.3319804350088459,0.0,0.0,"{""0"": 1, ""1"": 1, ""2"": 2}",False
kelmarsh,,chronological,MoE + L_bal + L_align + L_force,202,artifacts\external_wind_runs\kelmarsh\chronological\external_wind_bal_align_force_seed202,10.5,2.0,288,50000,1697,0.9923394225103123,0.3333333333333333,0.3320516612442078,0.0,0.0,"{""0"": 1, ""1"": 1, ""2"": 2}",False
kelmarsh,,chronological,MoE + L_bal + L_align + L_force,202,artifacts\external_wind_runs\kelmarsh\chronological\external_wind_bal_align_force_seed202,10.5,3.0,288,50000,1709,0.994733762434172,0.3333333333333333,0.3324533098660409,0.0,0.0,"{""0"": 1, ""1"": 1, ""2"": 2}",False
kelmarsh,,chronological,MoE + L_bal + L_align + L_force,202,artifacts\external_wind_runs\kelmarsh\chronological\external_wind_bal_align_force_seed202,10.5,4.0,288,50000,1709,0.9976594499707431,0.3333333333333333,0.3329427846123804,0.0,0.0,"{""0"": 1, ""1"": 1, ""2"": 2}",False
kelmarsh,,chronological,MoE + L_bal + L_align + L_force,202,artifacts\external_wind_runs\kelmarsh\chronological\external_wind_bal_align_force_seed202,11.0,1.0,288,50000,1598,0.9981226533166458,0.3333333333333333,0.3330201482409437,0.0,0.0,"{""0"": 1, ""1"": 1, ""2"": 2}",False
kelmarsh,,chronological,MoE + L_bal + L_align + L_force,202,artifacts\external_wind_runs\kelmarsh\chronological\external_wind_bal_align_force_seed202,11.0,2.0,288,50000,1687,0.998221695317131,0.3333333333333333,0.33303668545436566,0.0,0.0,"{""0"": 1, ""1"": 1, ""2"": 2}",False
kelmarsh,,chronological,MoE + L_bal + L_align + L_force,202,artifacts\external_wind_runs\kelmarsh\chronological\external_wind_bal_align_force_seed202,11.0,3.0,288,50000,1707,0.9982425307557118,0.3333333333333333,0.3330401641747288,0.0,0.0,"{""0"": 1, ""1"": 1, ""2"": 2}",False
kelmarsh,,chronological,MoE + L_bal + L_align + L_force,202,artifacts\external_wind_runs\kelmarsh\chronological\external_wind_bal_align_force_seed202,11.0,4.0,288,50000,1717,0.9982527664531159,0.3333333333333333,0.33304187311765276,0.0,0.0,"{""0"": 1, ""1"": 1, ""2"": 2}",False
kelmarsh,,chronological,MoE + L_bal + L_align + L_force,202,artifacts\external_wind_runs\kelmarsh\chronological\external_wind_bal_align_force_seed202,11.5,1.0,288,50000,1597,0.9987476518472135,0.5,0.49968671679197996,0.0,0.0,"{""0"": 1, ""1"": 1, ""2"": 2}",False
kelmarsh,,chronological,MoE + L_bal + L_align + L_force,202,artifacts\external_wind_runs\kelmarsh\chronological\external_wind_bal_align_force_seed202,11.5,2.0,288,50000,1686,0.9988137603795967,0.5,0.49970326409495547,0.0,0.0,"{""0"": 1, ""1"": 1, ""2"": 2}",False
kelmarsh,,chronological,MoE + L_bal + L_align + L_force,202,artifacts\external_wind_runs\kelmarsh\chronological\external_wind_bal_align_force_seed202,11.5,3.0,288,50000,1706,0.9988276670574443,0.5,0.4997067448680352,0.0,0.0,"{""0"": 1, ""1"": 1, ""2"": 2}",False
kelmarsh,,chronological,MoE + L_bal + L_align + L_force,202,artifacts\external_wind_runs\kelmarsh\chronological\external_wind_bal_align_force_seed202,11.5,4.0,288,50000,1716,0.9988344988344988,0.5,0.49970845481049564,0.0,0.0,"{""0"": 1, ""1"": 1, ""2"": 2}",True
penmanshiel,,chronological,MoE + L_bal + L_align + L_force,202,artifacts\external_wind_runs\penmanshiel\chronological\external_wind_bal_align_force_seed202,9.5,1.0,288,50000,2670,1.0,1.0,1.0,1.0,1.0,"{""0"": 0, ""1"": 1, ""2"": 2}",False
penmanshiel,,chronological,MoE + L_bal + L_align + L_force,202,artifacts\external_wind_runs\penmanshiel\chronological\external_wind_bal_align_force_seed202,9.5,2.0,288,50000,2670,1.0,1.0,1.0,1.0,1.0,"{""0"": 0, ""1"": 1, ""2"": 2}",False
penmanshiel,,chronological,MoE + L_bal + L_align + L_force,202,artifacts\external_wind_runs\penmanshiel\chronological\external_wind_bal_align_force_seed202,9.5,3.0,288,50000,2670,1.0,1.0,1.0,1.0,1.0,"{""0"": 0, ""1"": 1, ""2"": 2}",False
penmanshiel,,chronological,MoE + L_bal + L_align + L_force,202,artifacts\external_wind_runs\penmanshiel\chronological\external_wind_bal_align_force_seed202,9.5,4.0,288,50000,2670,1.0,1.0,1.0,1.0,1.0,"{""0"": 0, ""1"": 1, ""2"": 2}",False
penmanshiel,,chronological,MoE + L_bal + L_align + L_force,202,artifacts\external_wind_runs\penmanshiel\chronological\external_wind_bal_align_force_seed202,10.0,1.0,288,50000,3019,1.0,1.0,1.0,1.0,1.0,"{""0"": 0, ""1"": 1, ""2"": 2}",False
penmanshiel,,chronological,MoE + L_bal + L_align + L_force,202,artifacts\external_wind_runs\penmanshiel\chronological\external_wind_bal_align_force_seed202,10.0,2.0,288,50000,3019,1.0,1.0,1.0,1.0,1.0,"{""0"": 0, ""1"": 1, ""2"": 2}",False
penmanshiel,,chronological,MoE + L_bal + L_align + L_force,202,artifacts\external_wind_runs\penmanshiel\chronological\external_wind_bal_align_force_seed202,10.0,3.0,288,50000,3019,1.0,1.0,1.0,1.0,1.0,"{""0"": 0, ""1"": 1, ""2"": 2}",False
penmanshiel,,chronological,MoE + L_bal + L_align + L_force,202,artifacts\external_wind_runs\penmanshiel\chronological\external_wind_bal_align_force_seed202,10.0,4.0,288,50000,3019,1.0,1.0,1.0,1.0,1.0,"{""0"": 0, ""1"": 1, ""2"": 2}",False
penmanshiel,,chronological,MoE + L_bal + L_align + L_force,202,artifacts\external_wind_runs\penmanshiel\chronological\external_wind_bal_align_force_seed202,10.5,1.0,288,50000,3335,1.0,1.0,1.0,1.0,1.0,"{""0"": 0, ""1"": 1, ""2"": 2}",False
penmanshiel,,chronological,MoE + L_bal + L_align + L_force,202,artifacts\external_wind_runs\penmanshiel\chronological\external_wind_bal_align_force_seed202,10.5,2.0,288,50000,3335,1.0,1.0,1.0,1.0,1.0,"{""0"": 0, ""1"": 1, ""2"": 2}",True
penmanshiel,,chronological,MoE + L_bal + L_align + L_force,202,artifacts\external_wind_runs\penmanshiel\chronological\external_wind_bal_align_force_seed202,10.5,3.0,288,50000,3335,1.0,1.0,1.0,1.0,1.0,"{""0"": 0, ""1"": 1, ""2"": 2}",False
penmanshiel,,chronological,MoE + L_bal + L_align + L_force,202,artifacts\external_wind_runs\penmanshiel\chronological\external_wind_bal_align_force_seed202,10.5,4.0,288,50000,3335,1.0,1.0,1.0,1.0,1.0,"{""0"": 0, ""1"": 1, ""2"": 2}",False
penmanshiel,,chronological,MoE + L_bal + L_align + L_force,202,artifacts\external_wind_runs\penmanshiel\chronological\external_wind_bal_align_force_seed202,11.0,1.0,288,50000,3604,1.0,1.0,1.0,1.0,1.0,"{""0"": 0, ""1"": 1, ""2"": 2}",False
penmanshiel,,chronological,MoE + L_bal + L_align + L_force,202,artifacts\external_wind_runs\penmanshiel\chronological\external_wind_bal_align_force_seed202,11.0,2.0,288,50000,3604,1.0,1.0,1.0,1.0,1.0,"{""0"": 0, ""1"": 1, ""2"": 2}",False
penmanshiel,,chronological,MoE + L_bal + L_align + L_force,202,artifacts\external_wind_runs\penmanshiel\chronological\external_wind_bal_align_force_seed202,11.0,3.0,288,50000,3604,1.0,1.0,1.0,1.0,1.0,"{""0"": 0, ""1"": 1, ""2"": 2}",False
penmanshiel,,chronological,MoE + L_bal + L_align + L_force,202,artifacts\external_wind_runs\penmanshiel\chronological\external_wind_bal_align_force_seed202,11.0,4.0,288,50000,3604,1.0,1.0,1.0,1.0,1.0,"{""0"": 0, ""1"": 1, ""2"": 2}",False
penmanshiel,,chronological,MoE + L_bal + L_align + L_force,202,artifacts\external_wind_runs\penmanshiel\chronological\external_wind_bal_align_force_seed202,11.5,1.0,288,50000,3787,1.0,1.0,1.0,1.0,1.0,"{""0"": 0, ""1"": 1, ""2"": 2}",False
penmanshiel,,chronological,MoE + L_bal + L_align + L_force,202,artifacts\external_wind_runs\penmanshiel\chronological\external_wind_bal_align_force_seed202,11.5,2.0,288,50000,3787,1.0,1.0,1.0,1.0,1.0,"{""0"": 0, ""1"": 1, ""2"": 2}",False
penmanshiel,,chronological,MoE + L_bal + L_align + L_force,202,artifacts\external_wind_runs\penmanshiel\chronological\external_wind_bal_align_force_seed202,11.5,3.0,288,50000,3787,1.0,1.0,1.0,1.0,1.0,"{""0"": 0, ""1"": 1, ""2"": 2}",False
penmanshiel,,chronological,MoE + L_bal + L_align + L_force,202,artifacts\external_wind_runs\penmanshiel\chronological\external_wind_bal_align_force_seed202,11.5,4.0,288,50000,3787,1.0,1.0,1.0,1.0,1.0,"{""0"": 0, ""1"": 1, ""2"": 2}",False
kelmarsh,penmanshiel,leave-one-farm-out,MoE + L_bal + L_align + L_force,203,artifacts\external_wind_runs\kelmarsh\leave_one_farm_out\external_wind_bal_align_force_seed203,9.5,1.0,288,50000,5675,0.7124229074889867,0.3355290930716299,0.2819105665355807,0.004875635984223815,0.005227548057403009,"{""0"": 1, ""1"": 0, ""2"": 2}",False
kelmarsh,penmanshiel,leave-one-farm-out,MoE + L_bal + L_align + L_force,203,artifacts\external_wind_runs\kelmarsh\leave_one_farm_out\external_wind_bal_align_force_seed203,9.5,2.0,288,50000,5654,0.7152458436505129,0.3356885502841474,0.2828550535076214,0.005599877928598326,0.005892262380118763,"{""0"": 1, ""1"": 0, ""2"": 2}",False
kelmarsh,penmanshiel,leave-one-farm-out,MoE + L_bal + L_align + L_force,203,artifacts\external_wind_runs\kelmarsh\leave_one_farm_out\external_wind_bal_align_force_seed203,9.5,3.0,288,50000,5636,0.7177075940383251,0.33589687072145374,0.28381150094134516,0.0063575490870289506,0.006567290825994366,"{""0"": 1, ""1"": 0, ""2"": 2}",False
kelmarsh,penmanshiel,leave-one-farm-out,MoE + L_bal + L_align + L_force,203,artifacts\external_wind_runs\kelmarsh\leave_one_farm_out\external_wind_bal_align_force_seed203,9.5,4.0,288,50000,5626,0.718983291859225,0.33589687072145374,0.284100153063188,0.006460837665779544,0.006651560646124843,"{""0"": 1, ""1"": 0, ""2"": 2}",False
kelmarsh,penmanshiel,leave-one-farm-out,MoE + L_bal + L_align + L_force,203,artifacts\external_wind_runs\kelmarsh\leave_one_farm_out\external_wind_bal_align_force_seed203,10.0,1.0,288,50000,5676,0.7122973925299507,0.3354756023350503,0.2817767450718914,0.004882006043773662,0.005218336625436437,"{""0"": 1, ""1"": 0, ""2"": 2}",False
kelmarsh,penmanshiel,leave-one-farm-out,MoE + L_bal + L_align + L_force,203,artifacts\external_wind_runs\kelmarsh\leave_one_farm_out\external_wind_bal_align_force_seed203,10.0,2.0,288,50000,5711,0.7081071616179303,0.33559084546947554,0.2810354080316057,0.005351701892693431,0.005489988528374467,"{""0"": 1, ""1"": 0, ""2"": 2}",False
kelmarsh,penmanshiel,leave-one-farm-out,MoE + L_bal + L_align + L_force,203,artifacts\external_wind_runs\kelmarsh\leave_one_farm_out\external_wind_bal_align_force_seed203,10.0,3.0,288,50000,5701,0.709524644799158,0.3357848185751227,0.281729724937385,0.00603242078779232,0.006058981609214363,"{""0"": 1, ""1"": 0, ""2"": 2}",False
kelmarsh,penmanshiel,leave-one-farm-out,MoE + L_bal + L_align + L_force,203,artifacts\external_wind_runs\kelmarsh\leave_one_farm_out\external_wind_bal_align_force_seed203,10.0,4.0,288,50000,5697,0.7100228190275584,0.33578008666340126,0.28183428074971567,0.00608592296802021,0.00609025007274375,"{""0"": 1, ""1"": 0, ""2"": 2}",False
kelmarsh,penmanshiel,leave-one-farm-out,MoE + L_bal + L_align + L_force,203,artifacts\external_wind_runs\kelmarsh\leave_one_farm_out\external_wind_bal_align_force_seed203,10.5,1.0,288,50000,5640,0.7168439716312057,0.33546692196787076,0.28279259775373555,0.005106761845866281,0.005462738811680445,"{""0"": 1, ""1"": 0, ""2"": 2}",False
kelmarsh,penmanshiel,leave-one-farm-out,MoE + L_bal + L_align + L_force,203,artifacts\external_wind_runs\kelmarsh\leave_one_farm_out\external_wind_bal_align_force_seed203,10.5,2.0,288,50000,5729,0.7058823529411765,0.33554336830527215,0.28043201193296863,0.0053122402009012125,0.005371489175127735,"{""0"": 1, ""1"": 0, ""2"": 2}",False
kelmarsh,penmanshiel,leave-one-farm-out,MoE + L_bal + L_align + L_force,203,artifacts\external_wind_runs\kelmarsh\leave_one_farm_out\external_wind_bal_align_force_seed203,10.5,3.0,288,50000,5741,0.7045810834349416,0.3357170910010013,0.28046328601698295,0.005855485592774628,0.005768954737692826,"{""0"": 1, ""1"": 0, ""2"": 2}",False
kelmarsh,penmanshiel,leave-one-farm-out,MoE + L_bal + L_align + L_force,203,artifacts\external_wind_runs\kelmarsh\leave_one_farm_out\external_wind_bal_align_force_seed203,10.5,4.0,288,50000,5741,0.7045810834349416,0.3357096158701865,0.28044859575549624,0.0058828277213316335,0.005769966044120564,"{""0"": 1, ""1"": 0, ""2"": 2}",False
kelmarsh,penmanshiel,leave-one-farm-out,MoE + L_bal + L_align + L_force,203,artifacts\external_wind_runs\kelmarsh\leave_one_farm_out\external_wind_bal_align_force_seed203,11.0,1.0,288,50000,5630,0.7181172291296625,0.33546692196787076,0.28308089126432906,0.005196826786958357,0.005533835120492532,"{""0"": 1, ""1"": 0, ""2"": 2}",False
kelmarsh,penmanshiel,leave-one-farm-out,MoE + L_bal + L_align + L_force,203,artifacts\external_wind_runs\kelmarsh\leave_one_farm_out\external_wind_bal_align_force_seed203,11.0,2.0,288,50000,5719,0.7071166287812555,0.33554336830527215,0.2807151216842027,0.005402844274719572,0.005440113371833893,"{""0"": 1, ""1"": 0, ""2"": 2}",False
kelmarsh,penmanshiel,leave-one-farm-out,MoE + L_bal + L_align + L_force,203,artifacts\external_wind_runs\kelmarsh\leave_one_farm_out\external_wind_bal_align_force_seed203,11.0,3.0,288,50000,5739,0.7048266248475344,0.33571110738689836,0.2805079749801707,0.005899659567854141,0.005784339926376172,"{""0"": 1, ""1"": 0, ""2"": 2}",False
kelmarsh,penmanshiel,leave-one-farm-out,MoE + L_bal + L_align + L_force,203,artifacts\external_wind_runs\kelmarsh\leave_one_farm_out\external_wind_bal_align_force_seed203,11.0,4.0,288,50000,5749,0.7036006261958602,0.33569627053746,0.280196806512596,0.0058520706552394365,0.005713940697038378,"{""0"": 1, ""1"": 0, ""2"": 2}",False
kelmarsh,penmanshiel,leave-one-farm-out,MoE + L_bal + L_align + L_force,203,artifacts\external_wind_runs\kelmarsh\leave_one_farm_out\external_wind_bal_align_force_seed203,11.5,1.0,288,50000,5629,0.7182448036951501,0.5032003829518061,0.4246646302167917,0.005210014912737047,0.005541025098475458,"{""0"": 1, ""1"": 0, ""2"": 2}",False
kelmarsh,penmanshiel,leave-one-farm-out,MoE + L_bal + L_align + L_force,203,artifacts\external_wind_runs\kelmarsh\leave_one_farm_out\external_wind_bal_align_force_seed203,11.5,2.0,288,50000,5718,0.7072402938090241,0.5033150524579082,0.42111519695891003,0.0054161033650338515,0.005447051264209883,"{""0"": 1, ""1"": 0, ""2"": 2}",False
kelmarsh,penmanshiel,leave-one-farm-out,MoE + L_bal + L_align + L_force,203,artifacts\external_wind_runs\kelmarsh\leave_one_farm_out\external_wind_bal_align_force_seed203,11.5,3.0,288,50000,5738,0.7049494597420705,0.5035666610803475,0.4208043114941478,0.005914054438163243,0.005791654457601675,"{""0"": 1, ""1"": 0, ""2"": 2}",True
kelmarsh,penmanshiel,leave-one-farm-out,MoE + L_bal + L_align + L_force,203,artifacts\external_wind_runs\kelmarsh\leave_one_farm_out\external_wind_bal_align_force_seed203,11.5,4.0,288,50000,5748,0.703723034098817,0.50354440580619,0.4203374721230228,0.00586629495883452,0.005721158845816911,"{""0"": 1, ""1"": 0, ""2"": 2}",False
penmanshiel,kelmarsh,leave-one-farm-out,MoE + L_bal + L_align + L_force,203,artifacts\external_wind_runs\penmanshiel\leave_one_farm_out\external_wind_bal_align_force_seed203,9.5,1.0,288,50000,4398,0.607094133697135,0.5,0.3777589134125637,0.0,0.0,"{""0"": 0, ""1"": 1, ""2"": 2}",False
penmanshiel,kelmarsh,leave-one-farm-out,MoE + L_bal + L_align + L_force,203,artifacts\external_wind_runs\penmanshiel\leave_one_farm_out\external_wind_bal_align_force_seed203,9.5,2.0,288,50000,4398,0.607094133697135,0.5,0.3777589134125637,0.0,0.0,"{""0"": 0, ""1"": 1, ""2"": 2}",False
penmanshiel,kelmarsh,leave-one-farm-out,MoE + L_bal + L_align + L_force,203,artifacts\external_wind_runs\penmanshiel\leave_one_farm_out\external_wind_bal_align_force_seed203,9.5,3.0,288,50000,4398,0.607094133697135,0.5,0.3777589134125637,0.0,0.0,"{""0"": 0, ""1"": 1, ""2"": 2}",False
penmanshiel,kelmarsh,leave-one-farm-out,MoE + L_bal + L_align + L_force,203,artifacts\external_wind_runs\penmanshiel\leave_one_farm_out\external_wind_bal_align_force_seed203,9.5,4.0,288,50000,4398,0.607094133697135,0.5,0.3777589134125637,0.0,0.0,"{""0"": 0, ""1"": 1, ""2"": 2}",False
penmanshiel,kelmarsh,leave-one-farm-out,MoE + L_bal + L_align + L_force,203,artifacts\external_wind_runs\penmanshiel\leave_one_farm_out\external_wind_bal_align_force_seed203,10.0,1.0,288,50000,4747,0.6359806193385296,0.5,0.38874581509142414,0.0,0.0,"{""0"": 0, ""1"": 1, ""2"": 2}",False
penmanshiel,kelmarsh,leave-one-farm-out,MoE + L_bal + L_align + L_force,203,artifacts\external_wind_runs\penmanshiel\leave_one_farm_out\external_wind_bal_align_force_seed203,10.0,2.0,288,50000,4747,0.6359806193385296,0.5,0.38874581509142414,0.0,0.0,"{""0"": 0, ""1"": 1, ""2"": 2}",False
penmanshiel,kelmarsh,leave-one-farm-out,MoE + L_bal + L_align + L_force,203,artifacts\external_wind_runs\penmanshiel\leave_one_farm_out\external_wind_bal_align_force_seed203,10.0,3.0,288,50000,4747,0.6359806193385296,0.5,0.38874581509142414,0.0,0.0,"{""0"": 0, ""1"": 1, ""2"": 2}",False
penmanshiel,kelmarsh,leave-one-farm-out,MoE + L_bal + L_align + L_force,203,artifacts\external_wind_runs\penmanshiel\leave_one_farm_out\external_wind_bal_align_force_seed203,10.0,4.0,288,50000,4747,0.6359806193385296,0.5,0.38874581509142414,0.0,0.0,"{""0"": 0, ""1"": 1, ""2"": 2}",False
penmanshiel,kelmarsh,leave-one-farm-out,MoE + L_bal + L_align + L_force,203,artifacts\external_wind_runs\penmanshiel\leave_one_farm_out\external_wind_bal_align_force_seed203,10.5,1.0,288,50000,5063,0.6587003752715781,0.5,0.39711836151464636,0.0,0.0,"{""0"": 0, ""1"": 1, ""2"": 2}",False
penmanshiel,kelmarsh,leave-one-farm-out,MoE + L_bal + L_align + L_force,203,artifacts\external_wind_runs\penmanshiel\leave_one_farm_out\external_wind_bal_align_force_seed203,10.5,2.0,288,50000,5063,0.6587003752715781,0.5,0.39711836151464636,0.0,0.0,"{""0"": 0, ""1"": 1, ""2"": 2}",False
penmanshiel,kelmarsh,leave-one-farm-out,MoE + L_bal + L_align + L_force,203,artifacts\external_wind_runs\penmanshiel\leave_one_farm_out\external_wind_bal_align_force_seed203,10.5,3.0,288,50000,5063,0.6587003752715781,0.5,0.39711836151464636,0.0,0.0,"{""0"": 0, ""1"": 1, ""2"": 2}",False
penmanshiel,kelmarsh,leave-one-farm-out,MoE + L_bal + L_align + L_force,203,artifacts\external_wind_runs\penmanshiel\leave_one_farm_out\external_wind_bal_align_force_seed203,10.5,4.0,288,50000,5063,0.6587003752715781,0.5,0.39711836151464636,0.0,0.0,"{""0"": 0, ""1"": 1, ""2"": 2}",False
penmanshiel,kelmarsh,leave-one-farm-out,MoE + L_bal + L_align + L_force,203,artifacts\external_wind_runs\penmanshiel\leave_one_farm_out\external_wind_bal_align_force_seed203,11.0,1.0,288,50000,5332,0.6759189797449362,0.5,0.40331244404655325,0.0,0.0,"{""0"": 0, ""1"": 1, ""2"": 2}",False
penmanshiel,kelmarsh,leave-one-farm-out,MoE + L_bal + L_align + L_force,203,artifacts\external_wind_runs\penmanshiel\leave_one_farm_out\external_wind_bal_align_force_seed203,11.0,2.0,288,50000,5332,0.6759189797449362,0.5,0.40331244404655325,0.0,0.0,"{""0"": 0, ""1"": 1, ""2"": 2}",False
penmanshiel,kelmarsh,leave-one-farm-out,MoE + L_bal + L_align + L_force,203,artifacts\external_wind_runs\penmanshiel\leave_one_farm_out\external_wind_bal_align_force_seed203,11.0,3.0,288,50000,5332,0.6759189797449362,0.5,0.40331244404655325,0.0,0.0,"{""0"": 0, ""1"": 1, ""2"": 2}",False
penmanshiel,kelmarsh,leave-one-farm-out,MoE + L_bal + L_align + L_force,203,artifacts\external_wind_runs\penmanshiel\leave_one_farm_out\external_wind_bal_align_force_seed203,11.0,4.0,288,50000,5332,0.6759189797449362,0.5,0.40331244404655325,0.0,0.0,"{""0"": 0, ""1"": 1, ""2"": 2}",False
penmanshiel,kelmarsh,leave-one-farm-out,MoE + L_bal + L_align + L_force,203,artifacts\external_wind_runs\penmanshiel\leave_one_farm_out\external_wind_bal_align_force_seed203,11.5,1.0,288,50000,5515,0.6866727107887579,0.5,0.40711674908621803,0.0,0.0,"{""0"": 0, ""1"": 1, ""2"": 2}",False
penmanshiel,kelmarsh,leave-one-farm-out,MoE + L_bal + L_align + L_force,203,artifacts\external_wind_runs\penmanshiel\leave_one_farm_out\external_wind_bal_align_force_seed203,11.5,2.0,288,50000,5515,0.6866727107887579,0.5,0.40711674908621803,0.0,0.0,"{""0"": 0, ""1"": 1, ""2"": 2}",True
penmanshiel,kelmarsh,leave-one-farm-out,MoE + L_bal + L_align + L_force,203,artifacts\external_wind_runs\penmanshiel\leave_one_farm_out\external_wind_bal_align_force_seed203,11.5,3.0,288,50000,5515,0.6866727107887579,0.5,0.40711674908621803,0.0,0.0,"{""0"": 0, ""1"": 1, ""2"": 2}",False
penmanshiel,kelmarsh,leave-one-farm-out,MoE + L_bal + L_align + L_force,203,artifacts\external_wind_runs\penmanshiel\leave_one_farm_out\external_wind_bal_align_force_seed203,11.5,4.0,288,50000,5515,0.6866727107887579,0.5,0.40711674908621803,0.0,0.0,"{""0"": 0, ""1"": 1, ""2"": 2}",False
kelmarsh,,chronological,MoE + L_bal + L_align + L_force,203,artifacts\external_wind_runs\kelmarsh\chronological\external_wind_bal_align_force_seed203,9.5,1.0,288,50000,1643,0.9452221545952526,0.3333333333333333,0.3239465999165624,0.0,0.0,"{""0"": 1, ""1"": 1, ""2"": 2}",False
kelmarsh,,chronological,MoE + L_bal + L_align + L_force,203,artifacts\external_wind_runs\kelmarsh\chronological\external_wind_bal_align_force_seed203,9.5,2.0,288,50000,1622,0.9784217016029593,0.3333333333333333,0.3296977251480212,0.0,0.0,"{""0"": 1, ""1"": 1, ""2"": 2}",False
kelmarsh,,chronological,MoE + L_bal + L_align + L_force,203,artifacts\external_wind_runs\kelmarsh\chronological\external_wind_bal_align_force_seed203,9.5,3.0,288,50000,1604,0.9900249376558603,0.3333333333333333,0.3316624895572264,0.0,0.0,"{""0"": 1, ""1"": 1, ""2"": 2}",False
kelmarsh,,chronological,MoE + L_bal + L_align + L_force,203,artifacts\external_wind_runs\kelmarsh\chronological\external_wind_bal_align_force_seed203,9.5,4.0,288,50000,1594,0.9962358845671268,0.3333333333333333,0.3327047978210769,0.0,0.0,"{""0"": 1, ""1"": 1, ""2"": 2}",False
kelmarsh,,chronological,MoE + L_bal + L_align + L_force,203,artifacts\external_wind_runs\kelmarsh\chronological\external_wind_bal_align_force_seed203,10.0,1.0,288,50000,1644,0.9665450121654501,0.3333333333333333,0.32766264563357045,0.0,0.0,"{""0"": 1, ""1"": 1, ""2"": 2}",False
kelmarsh,,chronological,MoE + L_bal + L_align + L_force,203,artifacts\external_wind_runs\kelmarsh\chronological\external_wind_bal_align_force_seed203,10.0,2.0,288,50000,1679,0.9833234067897558,0.3333333333333333,0.33053053053053055,0.0,0.0,"{""0"": 1, ""1"": 1, ""2"": 2}",False
kelmarsh,,chronological,MoE + L_bal + L_align + L_force,203,artifacts\external_wind_runs\kelmarsh\chronological\external_wind_bal_align_force_seed203,10.0,3.0,288,50000,1669,0.9922109047333733,0.3333333333333333,0.33203007518796995,0.0,0.0,"{""0"": 1, ""1"": 1, ""2"": 2}",False
kelmarsh,,chronological,MoE + L_bal + L_align + L_force,203,artifacts\external_wind_runs\kelmarsh\chronological\external_wind_bal_align_force_seed203,10.0,4.0,288,50000,1665,0.9963963963963964,0.3333333333333333,0.33273164861612514,0.0,0.0,"{""0"": 1, ""1"": 1, ""2"": 2}",False
kelmarsh,,chronological,MoE + L_bal + L_align + L_force,203,artifacts\external_wind_runs\kelmarsh\chronological\external_wind_bal_align_force_seed203,10.5,1.0,288,50000,1608,0.9919154228855721,0.3333333333333333,0.3319804350088459,0.0,0.0,"{""0"": 1, ""1"": 1, ""2"": 2}",False
kelmarsh,,chronological,MoE + L_bal + L_align + L_force,203,artifacts\external_wind_runs\kelmarsh\chronological\external_wind_bal_align_force_seed203,10.5,2.0,288,50000,1697,0.9923394225103123,0.3333333333333333,0.3320516612442078,0.0,0.0,"{""0"": 1, ""1"": 1, ""2"": 2}",False
kelmarsh,,chronological,MoE + L_bal + L_align + L_force,203,artifacts\external_wind_runs\kelmarsh\chronological\external_wind_bal_align_force_seed203,10.5,3.0,288,50000,1709,0.994733762434172,0.3333333333333333,0.3324533098660409,0.0,0.0,"{""0"": 1, ""1"": 1, ""2"": 2}",False
kelmarsh,,chronological,MoE + L_bal + L_align + L_force,203,artifacts\external_wind_runs\kelmarsh\chronological\external_wind_bal_align_force_seed203,10.5,4.0,288,50000,1709,0.9976594499707431,0.3333333333333333,0.3329427846123804,0.0,0.0,"{""0"": 1, ""1"": 1, ""2"": 2}",False
kelmarsh,,chronological,MoE + L_bal + L_align + L_force,203,artifacts\external_wind_runs\kelmarsh\chronological\external_wind_bal_align_force_seed203,11.0,1.0,288,50000,1598,0.9981226533166458,0.3333333333333333,0.3330201482409437,0.0,0.0,"{""0"": 1, ""1"": 1, ""2"": 2}",False
kelmarsh,,chronological,MoE + L_bal + L_align + L_force,203,artifacts\external_wind_runs\kelmarsh\chronological\external_wind_bal_align_force_seed203,11.0,2.0,288,50000,1687,0.998221695317131,0.3333333333333333,0.33303668545436566,0.0,0.0,"{""0"": 1, ""1"": 1, ""2"": 2}",False
kelmarsh,,chronological,MoE + L_bal + L_align + L_force,203,artifacts\external_wind_runs\kelmarsh\chronological\external_wind_bal_align_force_seed203,11.0,3.0,288,50000,1707,0.9982425307557118,0.3333333333333333,0.3330401641747288,0.0,0.0,"{""0"": 1, ""1"": 1, ""2"": 2}",False
kelmarsh,,chronological,MoE + L_bal + L_align + L_force,203,artifacts\external_wind_runs\kelmarsh\chronological\external_wind_bal_align_force_seed203,11.0,4.0,288,50000,1717,0.9982527664531159,0.3333333333333333,0.33304187311765276,0.0,0.0,"{""0"": 1, ""1"": 1, ""2"": 2}",False
kelmarsh,,chronological,MoE + L_bal + L_align + L_force,203,artifacts\external_wind_runs\kelmarsh\chronological\external_wind_bal_align_force_seed203,11.5,1.0,288,50000,1597,0.9987476518472135,0.5,0.49968671679197996,0.0,0.0,"{""0"": 1, ""1"": 1, ""2"": 2}",False
kelmarsh,,chronological,MoE + L_bal + L_align + L_force,203,artifacts\external_wind_runs\kelmarsh\chronological\external_wind_bal_align_force_seed203,11.5,2.0,288,50000,1686,0.9988137603795967,0.5,0.49970326409495547,0.0,0.0,"{""0"": 1, ""1"": 1, ""2"": 2}",False
kelmarsh,,chronological,MoE + L_bal + L_align + L_force,203,artifacts\external_wind_runs\kelmarsh\chronological\external_wind_bal_align_force_seed203,11.5,3.0,288,50000,1706,0.9988276670574443,0.5,0.4997067448680352,0.0,0.0,"{""0"": 1, ""1"": 1, ""2"": 2}",False
kelmarsh,,chronological,MoE + L_bal + L_align + L_force,203,artifacts\external_wind_runs\kelmarsh\chronological\external_wind_bal_align_force_seed203,11.5,4.0,288,50000,1716,0.9988344988344988,0.5,0.49970845481049564,0.0,0.0,"{""0"": 1, ""1"": 1, ""2"": 2}",True
penmanshiel,,chronological,MoE + L_bal + L_align + L_force,203,artifacts\external_wind_runs\penmanshiel\chronological\external_wind_bal_align_force_seed203,9.5,1.0,288,50000,2670,1.0,1.0,1.0,1.0,1.0,"{""0"": 0, ""1"": 1, ""2"": 2}",False
penmanshiel,,chronological,MoE + L_bal + L_align + L_force,203,artifacts\external_wind_runs\penmanshiel\chronological\external_wind_bal_align_force_seed203,9.5,2.0,288,50000,2670,1.0,1.0,1.0,1.0,1.0,"{""0"": 0, ""1"": 1, ""2"": 2}",False
penmanshiel,,chronological,MoE + L_bal + L_align + L_force,203,artifacts\external_wind_runs\penmanshiel\chronological\external_wind_bal_align_force_seed203,9.5,3.0,288,50000,2670,1.0,1.0,1.0,1.0,1.0,"{""0"": 0, ""1"": 1, ""2"": 2}",False
penmanshiel,,chronological,MoE + L_bal + L_align + L_force,203,artifacts\external_wind_runs\penmanshiel\chronological\external_wind_bal_align_force_seed203,9.5,4.0,288,50000,2670,1.0,1.0,1.0,1.0,1.0,"{""0"": 0, ""1"": 1, ""2"": 2}",False
penmanshiel,,chronological,MoE + L_bal + L_align + L_force,203,artifacts\external_wind_runs\penmanshiel\chronological\external_wind_bal_align_force_seed203,10.0,1.0,288,50000,3019,1.0,1.0,1.0,1.0,1.0,"{""0"": 0, ""1"": 1, ""2"": 2}",False
penmanshiel,,chronological,MoE + L_bal + L_align + L_force,203,artifacts\external_wind_runs\penmanshiel\chronological\external_wind_bal_align_force_seed203,10.0,2.0,288,50000,3019,1.0,1.0,1.0,1.0,1.0,"{""0"": 0, ""1"": 1, ""2"": 2}",False
penmanshiel,,chronological,MoE + L_bal + L_align + L_force,203,artifacts\external_wind_runs\penmanshiel\chronological\external_wind_bal_align_force_seed203,10.0,3.0,288,50000,3019,1.0,1.0,1.0,1.0,1.0,"{""0"": 0, ""1"": 1, ""2"": 2}",False
penmanshiel,,chronological,MoE + L_bal + L_align + L_force,203,artifacts\external_wind_runs\penmanshiel\chronological\external_wind_bal_align_force_seed203,10.0,4.0,288,50000,3019,1.0,1.0,1.0,1.0,1.0,"{""0"": 0, ""1"": 1, ""2"": 2}",False
penmanshiel,,chronological,MoE + L_bal + L_align + L_force,203,artifacts\external_wind_runs\penmanshiel\chronological\external_wind_bal_align_force_seed203,10.5,1.0,288,50000,3335,1.0,1.0,1.0,1.0,1.0,"{""0"": 0, ""1"": 1, ""2"": 2}",False
penmanshiel,,chronological,MoE + L_bal + L_align + L_force,203,artifacts\external_wind_runs\penmanshiel\chronological\external_wind_bal_align_force_seed203,10.5,2.0,288,50000,3335,1.0,1.0,1.0,1.0,1.0,"{""0"": 0, ""1"": 1, ""2"": 2}",True
penmanshiel,,chronological,MoE + L_bal + L_align + L_force,203,artifacts\external_wind_runs\penmanshiel\chronological\external_wind_bal_align_force_seed203,10.5,3.0,288,50000,3335,1.0,1.0,1.0,1.0,1.0,"{""0"": 0, ""1"": 1, ""2"": 2}",False
penmanshiel,,chronological,MoE + L_bal + L_align + L_force,203,artifacts\external_wind_runs\penmanshiel\chronological\external_wind_bal_align_force_seed203,10.5,4.0,288,50000,3335,1.0,1.0,1.0,1.0,1.0,"{""0"": 0, ""1"": 1, ""2"": 2}",False
penmanshiel,,chronological,MoE + L_bal + L_align + L_force,203,artifacts\external_wind_runs\penmanshiel\chronological\external_wind_bal_align_force_seed203,11.0,1.0,288,50000,3604,1.0,1.0,1.0,1.0,1.0,"{""0"": 0, ""1"": 1, ""2"": 2}",False
penmanshiel,,chronological,MoE + L_bal + L_align + L_force,203,artifacts\external_wind_runs\penmanshiel\chronological\external_wind_bal_align_force_seed203,11.0,2.0,288,50000,3604,1.0,1.0,1.0,1.0,1.0,"{""0"": 0, ""1"": 1, ""2"": 2}",False
penmanshiel,,chronological,MoE + L_bal + L_align + L_force,203,artifacts\external_wind_runs\penmanshiel\chronological\external_wind_bal_align_force_seed203,11.0,3.0,288,50000,3604,1.0,1.0,1.0,1.0,1.0,"{""0"": 0, ""1"": 1, ""2"": 2}",False
penmanshiel,,chronological,MoE + L_bal + L_align + L_force,203,artifacts\external_wind_runs\penmanshiel\chronological\external_wind_bal_align_force_seed203,11.0,4.0,288,50000,3604,1.0,1.0,1.0,1.0,1.0,"{""0"": 0, ""1"": 1, ""2"": 2}",False
penmanshiel,,chronological,MoE + L_bal + L_align + L_force,203,artifacts\external_wind_runs\penmanshiel\chronological\external_wind_bal_align_force_seed203,11.5,1.0,288,50000,3787,1.0,1.0,1.0,1.0,1.0,"{""0"": 0, ""1"": 1, ""2"": 2}",False
penmanshiel,,chronological,MoE + L_bal + L_align + L_force,203,artifacts\external_wind_runs\penmanshiel\chronological\external_wind_bal_align_force_seed203,11.5,2.0,288,50000,3787,1.0,1.0,1.0,1.0,1.0,"{""0"": 0, ""1"": 1, ""2"": 2}",False
penmanshiel,,chronological,MoE + L_bal + L_align + L_force,203,artifacts\external_wind_runs\penmanshiel\chronological\external_wind_bal_align_force_seed203,11.5,3.0,288,50000,3787,1.0,1.0,1.0,1.0,1.0,"{""0"": 0, ""1"": 1, ""2"": 2}",False
penmanshiel,,chronological,MoE + L_bal + L_align + L_force,203,artifacts\external_wind_runs\penmanshiel\chronological\external_wind_bal_align_force_seed203,11.5,4.0,288,50000,3787,1.0,1.0,1.0,1.0,1.0,"{""0"": 0, ""1"": 1, ""2"": 2}",False
kelmarsh,penmanshiel,leave-one-farm-out,MoE + L_bal + L_align + L_force,204,artifacts\external_wind_runs\kelmarsh\leave_one_farm_out\external_wind_bal_align_force_seed204,9.5,1.0,288,50000,5675,0.7295154185022027,0.35634901150906284,0.3233275762578742,0.06129377785213713,0.05665695380475387,"{""0"": 1, ""1"": 0, ""2"": 1}",False
kelmarsh,penmanshiel,leave-one-farm-out,MoE + L_bal + L_align + L_force,204,artifacts\external_wind_runs\kelmarsh\leave_one_farm_out\external_wind_bal_align_force_seed204,9.5,2.0,288,50000,5654,0.7327555712769721,0.3564825011348091,0.32426048226078946,0.06557434834616498,0.05857150415787588,"{""0"": 1, ""1"": 0, ""2"": 1}",False
kelmarsh,penmanshiel,leave-one-farm-out,MoE + L_bal + L_align + L_force,204,artifacts\external_wind_runs\kelmarsh\leave_one_farm_out\external_wind_bal_align_force_seed204,9.5,3.0,288,50000,5636,0.7352732434350603,0.35667772714462753,0.3251591992742556,0.06764354358657193,0.06032038155102747,"{""0"": 1, ""1"": 0, ""2"": 1}",False
kelmarsh,penmanshiel,leave-one-farm-out,MoE + L_bal + L_align + L_force,204,artifacts\external_wind_runs\kelmarsh\leave_one_farm_out\external_wind_bal_align_force_seed204,9.5,4.0,288,50000,5626,0.7365801635264841,0.35667772714462753,0.3254538664043214,0.06865927665424085,0.061013097840025864,"{""0"": 1, ""1"": 0, ""2"": 1}",False
kelmarsh,penmanshiel,leave-one-farm-out,MoE + L_bal + L_align + L_force,204,artifacts\external_wind_runs\kelmarsh\leave_one_farm_out\external_wind_bal_align_force_seed204,10.0,1.0,288,50000,5676,0.7297392529950669,0.3562433808120799,0.3231740921779928,0.06301734114149013,0.057534404417872394,"{""0"": 1, ""1"": 0, ""2"": 1}",False
kelmarsh,penmanshiel,leave-one-farm-out,MoE + L_bal + L_align + L_force,204,artifacts\external_wind_runs\kelmarsh\leave_one_farm_out\external_wind_bal_align_force_seed204,10.0,2.0,288,50000,5711,0.7257923305900893,0.3559825272784802,0.32178533250071445,0.06433506456879602,0.055821925022391077,"{""0"": 1, ""1"": 0, ""2"": 1}",False
kelmarsh,penmanshiel,leave-one-farm-out,MoE + L_bal + L_align + L_force,204,artifacts\external_wind_runs\kelmarsh\leave_one_farm_out\external_wind_bal_align_force_seed204,10.0,3.0,288,50000,5701,0.7272408349412384,0.35611493129653976,0.32233631847427624,0.06589165306084663,0.056951372226875734,"{""0"": 1, ""1"": 0, ""2"": 1}",False
kelmarsh,penmanshiel,leave-one-farm-out,MoE + L_bal + L_align + L_force,204,artifacts\external_wind_runs\kelmarsh\leave_one_farm_out\external_wind_bal_align_force_seed204,10.0,4.0,288,50000,5697,0.727751448130595,0.3560734360706747,0.3223800839357518,0.0664484807507302,0.05720479030312528,"{""0"": 1, ""1"": 0, ""2"": 1}",False
kelmarsh,penmanshiel,leave-one-farm-out,MoE + L_bal + L_align + L_force,204,artifacts\external_wind_runs\kelmarsh\leave_one_farm_out\external_wind_bal_align_force_seed204,10.5,1.0,288,50000,5640,0.7343971631205674,0.3561565771402846,0.32407309722576033,0.06641794278684035,0.05894528291809597,"{""0"": 1, ""1"": 0, ""2"": 1}",False
kelmarsh,penmanshiel,leave-one-farm-out,MoE + L_bal + L_align + L_force,204,artifacts\external_wind_runs\kelmarsh\leave_one_farm_out\external_wind_bal_align_force_seed204,10.5,2.0,288,50000,5729,0.7236865072438471,0.3557333920582413,0.3208580675627426,0.06464705352249148,0.0551457656982078,"{""0"": 1, ""1"": 0, ""2"": 1}",False
kelmarsh,penmanshiel,leave-one-farm-out,MoE + L_bal + L_align + L_force,204,artifacts\external_wind_runs\kelmarsh\leave_one_farm_out\external_wind_bal_align_force_seed204,10.5,3.0,288,50000,5741,0.72234802299251,0.3557170910010013,0.3205125852685035,0.06486573426514594,0.05487360861931287,"{""0"": 1, ""1"": 0, ""2"": 1}",False
kelmarsh,penmanshiel,leave-one-farm-out,MoE + L_bal + L_align + L_force,204,artifacts\external_wind_runs\kelmarsh\leave_one_farm_out\external_wind_bal_align_force_seed204,10.5,4.0,288,50000,5741,0.72234802299251,0.35565096484379355,0.32039679467347876,0.0651706503334644,0.0548674312089206,"{""0"": 1, ""1"": 0, ""2"": 1}",False
kelmarsh,penmanshiel,leave-one-farm-out,MoE + L_bal + L_align + L_force,204,artifacts\external_wind_runs\kelmarsh\leave_one_farm_out\external_wind_bal_align_force_seed204,11.0,1.0,288,50000,5630,0.7357015985790408,0.3561565771402846,0.3243673944807027,0.06750627292961976,0.05962373066004278,"{""0"": 1, ""1"": 0, ""2"": 1}",False
kelmarsh,penmanshiel,leave-one-farm-out,MoE + L_bal + L_align + L_force,204,artifacts\external_wind_runs\kelmarsh\leave_one_farm_out\external_wind_bal_align_force_seed204,11.0,2.0,288,50000,5719,0.7249519146703969,0.3557333920582413,0.32114719887470744,0.06567081279682059,0.0557699141939374,"{""0"": 1, ""1"": 0, ""2"": 1}",False
kelmarsh,penmanshiel,leave-one-farm-out,MoE + L_bal + L_align + L_force,204,artifacts\external_wind_runs\kelmarsh\leave_one_farm_out\external_wind_bal_align_force_seed204,11.0,3.0,288,50000,5739,0.7225997560550619,0.35566415903009085,0.3204775486700392,0.06533719466548833,0.05499217665352686,"{""0"": 1, ""1"": 0, ""2"": 1}",False
kelmarsh,penmanshiel,leave-one-farm-out,MoE + L_bal + L_align + L_force,204,artifacts\external_wind_runs\kelmarsh\leave_one_farm_out\external_wind_bal_align_force_seed204,11.0,4.0,288,50000,5749,0.7213428422334319,0.3555329099773666,0.3199596167934744,0.0648995455612476,0.05436605310415887,"{""0"": 1, ""1"": 0, ""2"": 1}",False
kelmarsh,penmanshiel,leave-one-farm-out,MoE + L_bal + L_align + L_force,204,artifacts\external_wind_runs\kelmarsh\leave_one_farm_out\external_wind_bal_align_force_seed204,11.5,1.0,288,50000,5629,0.7358322970332208,0.5342348657104269,0.4865952871511413,0.06766290248988263,0.059692286047776176,"{""0"": 1, ""1"": 0, ""2"": 1}",True
kelmarsh,penmanshiel,leave-one-farm-out,MoE + L_bal + L_align + L_force,204,artifacts\external_wind_runs\kelmarsh\leave_one_farm_out\external_wind_bal_align_force_seed204,11.5,2.0,288,50000,5718,0.7250786988457503,0.5336000880873619,0.4817642175176422,0.06581814681936012,0.05583296649861626,"{""0"": 1, ""1"": 0, ""2"": 1}",False
kelmarsh,penmanshiel,leave-one-farm-out,MoE + L_bal + L_align + L_force,204,artifacts\external_wind_runs\kelmarsh\leave_one_farm_out\external_wind_bal_align_force_seed204,11.5,3.0,288,50000,5738,0.7227256883931683,0.5334962385451363,0.4807595714989772,0.06548270068811939,0.05505413936704258,"{""0"": 1, ""1"": 0, ""2"": 1}",False
kelmarsh,penmanshiel,leave-one-farm-out,MoE + L_bal + L_align + L_force,204,artifacts\external_wind_runs\kelmarsh\leave_one_farm_out\external_wind_bal_align_force_seed204,11.5,4.0,288,50000,5748,0.7214683368128044,0.5332993649660499,0.47998258423998036,0.06504361681245462,0.05442722885272802,"{""0"": 1, ""1"": 0, ""2"": 1}",False
penmanshiel,kelmarsh,leave-one-farm-out,MoE + L_bal + L_align + L_force,204,artifacts\external_wind_runs\penmanshiel\leave_one_farm_out\external_wind_bal_align_force_seed204,9.5,1.0,288,50000,4398,0.607094133697135,0.5,0.3777589134125637,0.0,0.0,"{""0"": 0, ""1"": 1, ""2"": 1}",False
penmanshiel,kelmarsh,leave-one-farm-out,MoE + L_bal + L_align + L_force,204,artifacts\external_wind_runs\penmanshiel\leave_one_farm_out\external_wind_bal_align_force_seed204,9.5,2.0,288,50000,4398,0.607094133697135,0.5,0.3777589134125637,0.0,0.0,"{""0"": 0, ""1"": 1, ""2"": 1}",False
penmanshiel,kelmarsh,leave-one-farm-out,MoE + L_bal + L_align + L_force,204,artifacts\external_wind_runs\penmanshiel\leave_one_farm_out\external_wind_bal_align_force_seed204,9.5,3.0,288,50000,4398,0.607094133697135,0.5,0.3777589134125637,0.0,0.0,"{""0"": 0, ""1"": 1, ""2"": 1}",False
penmanshiel,kelmarsh,leave-one-farm-out,MoE + L_bal + L_align + L_force,204,artifacts\external_wind_runs\penmanshiel\leave_one_farm_out\external_wind_bal_align_force_seed204,9.5,4.0,288,50000,4398,0.607094133697135,0.5,0.3777589134125637,0.0,0.0,"{""0"": 0, ""1"": 1, ""2"": 1}",False
penmanshiel,kelmarsh,leave-one-farm-out,MoE + L_bal + L_align + L_force,204,artifacts\external_wind_runs\penmanshiel\leave_one_farm_out\external_wind_bal_align_force_seed204,10.0,1.0,288,50000,4747,0.6359806193385296,0.5,0.38874581509142414,0.0,0.0,"{""0"": 0, ""1"": 1, ""2"": 1}",False
penmanshiel,kelmarsh,leave-one-farm-out,MoE + L_bal + L_align + L_force,204,artifacts\external_wind_runs\penmanshiel\leave_one_farm_out\external_wind_bal_align_force_seed204,10.0,2.0,288,50000,4747,0.6359806193385296,0.5,0.38874581509142414,0.0,0.0,"{""0"": 0, ""1"": 1, ""2"": 1}",False
penmanshiel,kelmarsh,leave-one-farm-out,MoE + L_bal + L_align + L_force,204,artifacts\external_wind_runs\penmanshiel\leave_one_farm_out\external_wind_bal_align_force_seed204,10.0,3.0,288,50000,4747,0.6359806193385296,0.5,0.38874581509142414,0.0,0.0,"{""0"": 0, ""1"": 1, ""2"": 1}",False
penmanshiel,kelmarsh,leave-one-farm-out,MoE + L_bal + L_align + L_force,204,artifacts\external_wind_runs\penmanshiel\leave_one_farm_out\external_wind_bal_align_force_seed204,10.0,4.0,288,50000,4747,0.6359806193385296,0.5,0.38874581509142414,0.0,0.0,"{""0"": 0, ""1"": 1, ""2"": 1}",False
penmanshiel,kelmarsh,leave-one-farm-out,MoE + L_bal + L_align + L_force,204,artifacts\external_wind_runs\penmanshiel\leave_one_farm_out\external_wind_bal_align_force_seed204,10.5,1.0,288,50000,5063,0.6587003752715781,0.5,0.39711836151464636,0.0,0.0,"{""0"": 0, ""1"": 1, ""2"": 1}",False
penmanshiel,kelmarsh,leave-one-farm-out,MoE + L_bal + L_align + L_force,204,artifacts\external_wind_runs\penmanshiel\leave_one_farm_out\external_wind_bal_align_force_seed204,10.5,2.0,288,50000,5063,0.6587003752715781,0.5,0.39711836151464636,0.0,0.0,"{""0"": 0, ""1"": 1, ""2"": 1}",False
penmanshiel,kelmarsh,leave-one-farm-out,MoE + L_bal + L_align + L_force,204,artifacts\external_wind_runs\penmanshiel\leave_one_farm_out\external_wind_bal_align_force_seed204,10.5,3.0,288,50000,5063,0.6587003752715781,0.5,0.39711836151464636,0.0,0.0,"{""0"": 0, ""1"": 1, ""2"": 1}",False
penmanshiel,kelmarsh,leave-one-farm-out,MoE + L_bal + L_align + L_force,204,artifacts\external_wind_runs\penmanshiel\leave_one_farm_out\external_wind_bal_align_force_seed204,10.5,4.0,288,50000,5063,0.6587003752715781,0.5,0.39711836151464636,0.0,0.0,"{""0"": 0, ""1"": 1, ""2"": 1}",False
penmanshiel,kelmarsh,leave-one-farm-out,MoE + L_bal + L_align + L_force,204,artifacts\external_wind_runs\penmanshiel\leave_one_farm_out\external_wind_bal_align_force_seed204,11.0,1.0,288,50000,5332,0.6759189797449362,0.5,0.40331244404655325,0.0,0.0,"{""0"": 0, ""1"": 1, ""2"": 1}",False
penmanshiel,kelmarsh,leave-one-farm-out,MoE + L_bal + L_align + L_force,204,artifacts\external_wind_runs\penmanshiel\leave_one_farm_out\external_wind_bal_align_force_seed204,11.0,2.0,288,50000,5332,0.6759189797449362,0.5,0.40331244404655325,0.0,0.0,"{""0"": 0, ""1"": 1, ""2"": 1}",False
penmanshiel,kelmarsh,leave-one-farm-out,MoE + L_bal + L_align + L_force,204,artifacts\external_wind_runs\penmanshiel\leave_one_farm_out\external_wind_bal_align_force_seed204,11.0,3.0,288,50000,5332,0.6759189797449362,0.5,0.40331244404655325,0.0,0.0,"{""0"": 0, ""1"": 1, ""2"": 1}",False
penmanshiel,kelmarsh,leave-one-farm-out,MoE + L_bal + L_align + L_force,204,artifacts\external_wind_runs\penmanshiel\leave_one_farm_out\external_wind_bal_align_force_seed204,11.0,4.0,288,50000,5332,0.6759189797449362,0.5,0.40331244404655325,0.0,0.0,"{""0"": 0, ""1"": 1, ""2"": 1}",False
penmanshiel,kelmarsh,leave-one-farm-out,MoE + L_bal + L_align + L_force,204,artifacts\external_wind_runs\penmanshiel\leave_one_farm_out\external_wind_bal_align_force_seed204,11.5,1.0,288,50000,5515,0.6866727107887579,0.5,0.40711674908621803,0.0,0.0,"{""0"": 0, ""1"": 1, ""2"": 1}",False
penmanshiel,kelmarsh,leave-one-farm-out,MoE + L_bal + L_align + L_force,204,artifacts\external_wind_runs\penmanshiel\leave_one_farm_out\external_wind_bal_align_force_seed204,11.5,2.0,288,50000,5515,0.6866727107887579,0.5,0.40711674908621803,0.0,0.0,"{""0"": 0, ""1"": 1, ""2"": 1}",True
penmanshiel,kelmarsh,leave-one-farm-out,MoE + L_bal + L_align + L_force,204,artifacts\external_wind_runs\penmanshiel\leave_one_farm_out\external_wind_bal_align_force_seed204,11.5,3.0,288,50000,5515,0.6866727107887579,0.5,0.40711674908621803,0.0,0.0,"{""0"": 0, ""1"": 1, ""2"": 1}",False
penmanshiel,kelmarsh,leave-one-farm-out,MoE + L_bal + L_align + L_force,204,artifacts\external_wind_runs\penmanshiel\leave_one_farm_out\external_wind_bal_align_force_seed204,11.5,4.0,288,50000,5515,0.6866727107887579,0.5,0.40711674908621803,0.0,0.0,"{""0"": 0, ""1"": 1, ""2"": 1}",False
kelmarsh,,chronological,MoE + L_bal + L_align + L_force,204,artifacts\external_wind_runs\kelmarsh\chronological\external_wind_bal_align_force_seed204,9.5,1.0,288,50000,1643,0.9452221545952526,0.3333333333333333,0.3239465999165624,0.0,0.0,"{""0"": 1, ""1"": 1, ""2"": 2}",False
kelmarsh,,chronological,MoE + L_bal + L_align + L_force,204,artifacts\external_wind_runs\kelmarsh\chronological\external_wind_bal_align_force_seed204,9.5,2.0,288,50000,1622,0.9784217016029593,0.3333333333333333,0.3296977251480212,0.0,0.0,"{""0"": 1, ""1"": 1, ""2"": 2}",False
kelmarsh,,chronological,MoE + L_bal + L_align + L_force,204,artifacts\external_wind_runs\kelmarsh\chronological\external_wind_bal_align_force_seed204,9.5,3.0,288,50000,1604,0.9900249376558603,0.3333333333333333,0.3316624895572264,0.0,0.0,"{""0"": 1, ""1"": 1, ""2"": 2}",False
kelmarsh,,chronological,MoE + L_bal + L_align + L_force,204,artifacts\external_wind_runs\kelmarsh\chronological\external_wind_bal_align_force_seed204,9.5,4.0,288,50000,1594,0.9962358845671268,0.3333333333333333,0.3327047978210769,0.0,0.0,"{""0"": 1, ""1"": 1, ""2"": 2}",False
kelmarsh,,chronological,MoE + L_bal + L_align + L_force,204,artifacts\external_wind_runs\kelmarsh\chronological\external_wind_bal_align_force_seed204,10.0,1.0,288,50000,1644,0.9665450121654501,0.3333333333333333,0.32766264563357045,0.0,0.0,"{""0"": 1, ""1"": 1, ""2"": 2}",False
kelmarsh,,chronological,MoE + L_bal + L_align + L_force,204,artifacts\external_wind_runs\kelmarsh\chronological\external_wind_bal_align_force_seed204,10.0,2.0,288,50000,1679,0.9833234067897558,0.3333333333333333,0.33053053053053055,0.0,0.0,"{""0"": 1, ""1"": 1, ""2"": 2}",False
kelmarsh,,chronological,MoE + L_bal + L_align + L_force,204,artifacts\external_wind_runs\kelmarsh\chronological\external_wind_bal_align_force_seed204,10.0,3.0,288,50000,1669,0.9922109047333733,0.3333333333333333,0.33203007518796995,0.0,0.0,"{""0"": 1, ""1"": 1, ""2"": 2}",False
kelmarsh,,chronological,MoE + L_bal + L_align + L_force,204,artifacts\external_wind_runs\kelmarsh\chronological\external_wind_bal_align_force_seed204,10.0,4.0,288,50000,1665,0.9963963963963964,0.3333333333333333,0.33273164861612514,0.0,0.0,"{""0"": 1, ""1"": 1, ""2"": 2}",False
kelmarsh,,chronological,MoE + L_bal + L_align + L_force,204,artifacts\external_wind_runs\kelmarsh\chronological\external_wind_bal_align_force_seed204,10.5,1.0,288,50000,1608,0.9919154228855721,0.3333333333333333,0.3319804350088459,0.0,0.0,"{""0"": 1, ""1"": 1, ""2"": 2}",False
kelmarsh,,chronological,MoE + L_bal + L_align + L_force,204,artifacts\external_wind_runs\kelmarsh\chronological\external_wind_bal_align_force_seed204,10.5,2.0,288,50000,1697,0.9923394225103123,0.3333333333333333,0.3320516612442078,0.0,0.0,"{""0"": 1, ""1"": 1, ""2"": 2}",False
kelmarsh,,chronological,MoE + L_bal + L_align + L_force,204,artifacts\external_wind_runs\kelmarsh\chronological\external_wind_bal_align_force_seed204,10.5,3.0,288,50000,1709,0.994733762434172,0.3333333333333333,0.3324533098660409,0.0,0.0,"{""0"": 1, ""1"": 1, ""2"": 2}",False
kelmarsh,,chronological,MoE + L_bal + L_align + L_force,204,artifacts\external_wind_runs\kelmarsh\chronological\external_wind_bal_align_force_seed204,10.5,4.0,288,50000,1709,0.9976594499707431,0.3333333333333333,0.3329427846123804,0.0,0.0,"{""0"": 1, ""1"": 1, ""2"": 2}",False
kelmarsh,,chronological,MoE + L_bal + L_align + L_force,204,artifacts\external_wind_runs\kelmarsh\chronological\external_wind_bal_align_force_seed204,11.0,1.0,288,50000,1598,0.9981226533166458,0.3333333333333333,0.3330201482409437,0.0,0.0,"{""0"": 1, ""1"": 1, ""2"": 2}",False
kelmarsh,,chronological,MoE + L_bal + L_align + L_force,204,artifacts\external_wind_runs\kelmarsh\chronological\external_wind_bal_align_force_seed204,11.0,2.0,288,50000,1687,0.998221695317131,0.3333333333333333,0.33303668545436566,0.0,0.0,"{""0"": 1, ""1"": 1, ""2"": 2}",False
kelmarsh,,chronological,MoE + L_bal + L_align + L_force,204,artifacts\external_wind_runs\kelmarsh\chronological\external_wind_bal_align_force_seed204,11.0,3.0,288,50000,1707,0.9982425307557118,0.3333333333333333,0.3330401641747288,0.0,0.0,"{""0"": 1, ""1"": 1, ""2"": 2}",False
kelmarsh,,chronological,MoE + L_bal + L_align + L_force,204,artifacts\external_wind_runs\kelmarsh\chronological\external_wind_bal_align_force_seed204,11.0,4.0,288,50000,1717,0.9982527664531159,0.3333333333333333,0.33304187311765276,0.0,0.0,"{""0"": 1, ""1"": 1, ""2"": 2}",False
kelmarsh,,chronological,MoE + L_bal + L_align + L_force,204,artifacts\external_wind_runs\kelmarsh\chronological\external_wind_bal_align_force_seed204,11.5,1.0,288,50000,1597,0.9987476518472135,0.5,0.49968671679197996,0.0,0.0,"{""0"": 1, ""1"": 1, ""2"": 2}",False
kelmarsh,,chronological,MoE + L_bal + L_align + L_force,204,artifacts\external_wind_runs\kelmarsh\chronological\external_wind_bal_align_force_seed204,11.5,2.0,288,50000,1686,0.9988137603795967,0.5,0.49970326409495547,0.0,0.0,"{""0"": 1, ""1"": 1, ""2"": 2}",False
kelmarsh,,chronological,MoE + L_bal + L_align + L_force,204,artifacts\external_wind_runs\kelmarsh\chronological\external_wind_bal_align_force_seed204,11.5,3.0,288,50000,1706,0.9988276670574443,0.5,0.4997067448680352,0.0,0.0,"{""0"": 1, ""1"": 1, ""2"": 2}",False
kelmarsh,,chronological,MoE + L_bal + L_align + L_force,204,artifacts\external_wind_runs\kelmarsh\chronological\external_wind_bal_align_force_seed204,11.5,4.0,288,50000,1716,0.9988344988344988,0.5,0.49970845481049564,0.0,0.0,"{""0"": 1, ""1"": 1, ""2"": 2}",True
penmanshiel,,chronological,MoE + L_bal + L_align + L_force,204,artifacts\external_wind_runs\penmanshiel\chronological\external_wind_bal_align_force_seed204,9.5,1.0,288,50000,2670,1.0,1.0,1.0,1.0,1.0,"{""0"": 0, ""1"": 1, ""2"": 1}",False
penmanshiel,,chronological,MoE + L_bal + L_align + L_force,204,artifacts\external_wind_runs\penmanshiel\chronological\external_wind_bal_align_force_seed204,9.5,2.0,288,50000,2670,1.0,1.0,1.0,1.0,1.0,"{""0"": 0, ""1"": 1, ""2"": 1}",False
penmanshiel,,chronological,MoE + L_bal + L_align + L_force,204,artifacts\external_wind_runs\penmanshiel\chronological\external_wind_bal_align_force_seed204,9.5,3.0,288,50000,2670,1.0,1.0,1.0,1.0,1.0,"{""0"": 0, ""1"": 1, ""2"": 1}",False
penmanshiel,,chronological,MoE + L_bal + L_align + L_force,204,artifacts\external_wind_runs\penmanshiel\chronological\external_wind_bal_align_force_seed204,9.5,4.0,288,50000,2670,1.0,1.0,1.0,1.0,1.0,"{""0"": 0, ""1"": 1, ""2"": 1}",False
penmanshiel,,chronological,MoE + L_bal + L_align + L_force,204,artifacts\external_wind_runs\penmanshiel\chronological\external_wind_bal_align_force_seed204,10.0,1.0,288,50000,3019,1.0,1.0,1.0,1.0,1.0,"{""0"": 0, ""1"": 1, ""2"": 1}",False
penmanshiel,,chronological,MoE + L_bal + L_align + L_force,204,artifacts\external_wind_runs\penmanshiel\chronological\external_wind_bal_align_force_seed204,10.0,2.0,288,50000,3019,1.0,1.0,1.0,1.0,1.0,"{""0"": 0, ""1"": 1, ""2"": 1}",False
penmanshiel,,chronological,MoE + L_bal + L_align + L_force,204,artifacts\external_wind_runs\penmanshiel\chronological\external_wind_bal_align_force_seed204,10.0,3.0,288,50000,3019,1.0,1.0,1.0,1.0,1.0,"{""0"": 0, ""1"": 1, ""2"": 1}",False
penmanshiel,,chronological,MoE + L_bal + L_align + L_force,204,artifacts\external_wind_runs\penmanshiel\chronological\external_wind_bal_align_force_seed204,10.0,4.0,288,50000,3019,1.0,1.0,1.0,1.0,1.0,"{""0"": 0, ""1"": 1, ""2"": 1}",False
penmanshiel,,chronological,MoE + L_bal + L_align + L_force,204,artifacts\external_wind_runs\penmanshiel\chronological\external_wind_bal_align_force_seed204,10.5,1.0,288,50000,3335,1.0,1.0,1.0,1.0,1.0,"{""0"": 0, ""1"": 1, ""2"": 1}",False
penmanshiel,,chronological,MoE + L_bal + L_align + L_force,204,artifacts\external_wind_runs\penmanshiel\chronological\external_wind_bal_align_force_seed204,10.5,2.0,288,50000,3335,1.0,1.0,1.0,1.0,1.0,"{""0"": 0, ""1"": 1, ""2"": 1}",True
penmanshiel,,chronological,MoE + L_bal + L_align + L_force,204,artifacts\external_wind_runs\penmanshiel\chronological\external_wind_bal_align_force_seed204,10.5,3.0,288,50000,3335,1.0,1.0,1.0,1.0,1.0,"{""0"": 0, ""1"": 1, ""2"": 1}",False
penmanshiel,,chronological,MoE + L_bal + L_align + L_force,204,artifacts\external_wind_runs\penmanshiel\chronological\external_wind_bal_align_force_seed204,10.5,4.0,288,50000,3335,1.0,1.0,1.0,1.0,1.0,"{""0"": 0, ""1"": 1, ""2"": 1}",False
penmanshiel,,chronological,MoE + L_bal + L_align + L_force,204,artifacts\external_wind_runs\penmanshiel\chronological\external_wind_bal_align_force_seed204,11.0,1.0,288,50000,3604,1.0,1.0,1.0,1.0,1.0,"{""0"": 0, ""1"": 1, ""2"": 1}",False
penmanshiel,,chronological,MoE + L_bal + L_align + L_force,204,artifacts\external_wind_runs\penmanshiel\chronological\external_wind_bal_align_force_seed204,11.0,2.0,288,50000,3604,1.0,1.0,1.0,1.0,1.0,"{""0"": 0, ""1"": 1, ""2"": 1}",False
penmanshiel,,chronological,MoE + L_bal + L_align + L_force,204,artifacts\external_wind_runs\penmanshiel\chronological\external_wind_bal_align_force_seed204,11.0,3.0,288,50000,3604,1.0,1.0,1.0,1.0,1.0,"{""0"": 0, ""1"": 1, ""2"": 1}",False
penmanshiel,,chronological,MoE + L_bal + L_align + L_force,204,artifacts\external_wind_runs\penmanshiel\chronological\external_wind_bal_align_force_seed204,11.0,4.0,288,50000,3604,1.0,1.0,1.0,1.0,1.0,"{""0"": 0, ""1"": 1, ""2"": 1}",False
penmanshiel,,chronological,MoE + L_bal + L_align + L_force,204,artifacts\external_wind_runs\penmanshiel\chronological\external_wind_bal_align_force_seed204,11.5,1.0,288,50000,3787,1.0,1.0,1.0,1.0,1.0,"{""0"": 0, ""1"": 1, ""2"": 1}",False
penmanshiel,,chronological,MoE + L_bal + L_align + L_force,204,artifacts\external_wind_runs\penmanshiel\chronological\external_wind_bal_align_force_seed204,11.5,2.0,288,50000,3787,1.0,1.0,1.0,1.0,1.0,"{""0"": 0, ""1"": 1, ""2"": 1}",False
penmanshiel,,chronological,MoE + L_bal + L_align + L_force,204,artifacts\external_wind_runs\penmanshiel\chronological\external_wind_bal_align_force_seed204,11.5,3.0,288,50000,3787,1.0,1.0,1.0,1.0,1.0,"{""0"": 0, ""1"": 1, ""2"": 1}",False
penmanshiel,,chronological,MoE + L_bal + L_align + L_force,204,artifacts\external_wind_runs\penmanshiel\chronological\external_wind_bal_align_force_seed204,11.5,4.0,288,50000,3787,1.0,1.0,1.0,1.0,1.0,"{""0"": 0, ""1"": 1, ""2"": 1}",False
kelmarsh,penmanshiel,leave-one-farm-out,MoE + L_bal + L_align + L_force,205,artifacts\external_wind_runs\kelmarsh\leave_one_farm_out\external_wind_bal_align_force_seed205,9.5,1.0,288,50000,5675,0.7215859030837004,0.3466902864607692,0.3046804945811303,0.03615247867427963,0.032190003653556315,"{""0"": 1, ""1"": 0, ""2"": 2}",False
kelmarsh,penmanshiel,leave-one-farm-out,MoE + L_bal + L_align + L_force,205,artifacts\external_wind_runs\kelmarsh\leave_one_farm_out\external_wind_bal_align_force_seed205,9.5,2.0,288,50000,5654,0.7244428723027945,0.3466106254784343,0.3051714560330063,0.037851228556452954,0.03344684514552554,"{""0"": 1, ""1"": 0, ""2"": 2}",False
kelmarsh,penmanshiel,leave-one-farm-out,MoE + L_bal + L_align + L_force,205,artifacts\external_wind_runs\kelmarsh\leave_one_farm_out\external_wind_bal_align_force_seed205,9.5,3.0,288,50000,5636,0.7269339957416607,0.3468120680346359,0.3060958103160738,0.03936932111025171,0.03469861398938773,"{""0"": 1, ""1"": 0, ""2"": 2}",False
kelmarsh,penmanshiel,leave-one-farm-out,MoE + L_bal + L_align + L_force,205,artifacts\external_wind_runs\kelmarsh\leave_one_farm_out\external_wind_bal_align_force_seed205,9.5,4.0,288,50000,5626,0.7282260931389976,0.3468120680346359,0.3063875986276919,0.03998986548093261,0.03510982482403871,"{""0"": 1, ""1"": 0, ""2"": 2}",False
kelmarsh,penmanshiel,leave-one-farm-out,MoE + L_bal + L_align + L_force,205,artifacts\external_wind_runs\kelmarsh\leave_one_farm_out\external_wind_bal_align_force_seed205,10.0,1.0,288,50000,5676,0.7214587737843552,0.3463839304239951,0.304086610338103,0.036394735946967925,0.03209013163560829,"{""0"": 1, ""1"": 0, ""2"": 2}",False
kelmarsh,penmanshiel,leave-one-farm-out,MoE + L_bal + L_align + L_force,205,artifacts\external_wind_runs\kelmarsh\leave_one_farm_out\external_wind_bal_align_force_seed205,10.0,2.0,288,50000,5711,0.7172123971283488,0.3460895331335175,0.30256418372004995,0.0364583359298182,0.03126195577853334,"{""0"": 1, ""1"": 0, ""2"": 2}",False
kelmarsh,penmanshiel,leave-one-farm-out,MoE + L_bal + L_align + L_force,205,artifacts\external_wind_runs\kelmarsh\leave_one_farm_out\external_wind_bal_align_force_seed205,10.0,3.0,288,50000,5701,0.7186458516049816,0.346251807302981,0.3031805487553381,0.037646994062668304,0.032126859579657246,"{""0"": 1, ""1"": 0, ""2"": 2}",False
kelmarsh,penmanshiel,leave-one-farm-out,MoE + L_bal + L_align + L_force,205,artifacts\external_wind_runs\kelmarsh\leave_one_farm_out\external_wind_bal_align_force_seed205,10.0,4.0,288,50000,5697,0.719150430050904,0.34622814774437377,0.30325191398146517,0.03798252851174632,0.032275814217630865,"{""0"": 1, ""1"": 0, ""2"": 2}",False
kelmarsh,penmanshiel,leave-one-farm-out,MoE + L_bal + L_align + L_force,205,artifacts\external_wind_runs\kelmarsh\leave_one_farm_out\external_wind_bal_align_force_seed205,10.5,1.0,288,50000,5640,0.726063829787234,0.34633421559378513,0.30503895068253034,0.03809935761662768,0.03345104221020874,"{""0"": 1, ""1"": 0, ""2"": 2}",False
kelmarsh,penmanshiel,leave-one-farm-out,MoE + L_bal + L_align + L_force,205,artifacts\external_wind_runs\kelmarsh\leave_one_farm_out\external_wind_bal_align_force_seed205,10.5,2.0,288,50000,5729,0.7149589806248909,0.34583632159109956,0.30158008613365944,0.0363291898407419,0.03059930999743667,"{""0"": 1, ""1"": 0, ""2"": 2}",False
kelmarsh,penmanshiel,leave-one-farm-out,MoE + L_bal + L_align + L_force,205,artifacts\external_wind_runs\kelmarsh\leave_one_farm_out\external_wind_bal_align_force_seed205,10.5,3.0,288,50000,5741,0.7136387388956628,0.3459131694323738,0.3014087180416317,0.03672218211684093,0.030652161276445832,"{""0"": 1, ""1"": 0, ""2"": 2}",False
kelmarsh,penmanshiel,leave-one-farm-out,MoE + L_bal + L_align + L_force,205,artifacts\external_wind_runs\kelmarsh\leave_one_farm_out\external_wind_bal_align_force_seed205,10.5,4.0,288,50000,5741,0.7136387388956628,0.3458757937782999,0.30133952031370187,0.03690572374890922,0.03065072267729481,"{""0"": 1, ""1"": 0, ""2"": 2}",False
kelmarsh,penmanshiel,leave-one-farm-out,MoE + L_bal + L_align + L_force,205,artifacts\external_wind_runs\kelmarsh\leave_one_farm_out\external_wind_bal_align_force_seed205,11.0,1.0,288,50000,5630,0.7273534635879219,0.34633421559378513,0.3053303745244547,0.03875505610651057,0.03384846828672685,"{""0"": 1, ""1"": 0, ""2"": 2}",False
kelmarsh,penmanshiel,leave-one-farm-out,MoE + L_bal + L_align + L_force,205,artifacts\external_wind_runs\kelmarsh\leave_one_farm_out\external_wind_bal_align_force_seed205,11.0,2.0,288,50000,5719,0.7162091274698373,0.34583632159109956,0.3018662419442847,0.036934213095927045,0.030957260095201344,"{""0"": 1, ""1"": 0, ""2"": 2}",False
kelmarsh,penmanshiel,leave-one-farm-out,MoE + L_bal + L_align + L_force,205,artifacts\external_wind_runs\kelmarsh\leave_one_farm_out\external_wind_bal_align_force_seed205,11.0,3.0,288,50000,5739,0.7138874368356857,0.34588325136185927,0.30141038300939393,0.0370044748644032,0.03072229875801066,"{""0"": 1, ""1"": 0, ""2"": 2}",False
kelmarsh,penmanshiel,leave-one-farm-out,MoE + L_bal + L_align + L_force,205,artifacts\external_wind_runs\kelmarsh\leave_one_farm_out\external_wind_bal_align_force_seed205,11.0,4.0,288,50000,5749,0.712645677509132,0.34580906711466725,0.300987960762041,0.03674814056631713,0.03036518761457826,"{""0"": 1, ""1"": 0, ""2"": 2}",False
kelmarsh,penmanshiel,leave-one-farm-out,MoE + L_bal + L_align + L_force,205,artifacts\external_wind_runs\kelmarsh\leave_one_farm_out\external_wind_bal_align_force_seed205,11.5,1.0,288,50000,5629,0.7274826789838337,0.5195013233906777,0.45803932546188086,0.038849572695853055,0.03388863879304018,"{""0"": 1, ""1"": 0, ""2"": 2}",True
kelmarsh,penmanshiel,leave-one-farm-out,MoE + L_bal + L_align + L_force,205,artifacts\external_wind_runs\kelmarsh\leave_one_farm_out\external_wind_bal_align_force_seed205,11.5,2.0,288,50000,5718,0.7163343826512767,0.5187544823866493,0.4528423350343648,0.03702142716560424,0.030993431014451487,"{""0"": 1, ""1"": 0, ""2"": 2}",False
kelmarsh,penmanshiel,leave-one-farm-out,MoE + L_bal + L_align + L_force,205,artifacts\external_wind_runs\kelmarsh\leave_one_farm_out\external_wind_bal_align_force_seed205,11.5,3.0,288,50000,5738,0.7140118508191007,0.5188248770427889,0.4521583785477341,0.037091172452519576,0.030758065960092347,"{""0"": 1, ""1"": 0, ""2"": 2}",False
kelmarsh,penmanshiel,leave-one-farm-out,MoE + L_bal + L_align + L_force,205,artifacts\external_wind_runs\kelmarsh\leave_one_farm_out\external_wind_bal_align_force_seed205,11.5,4.0,288,50000,5748,0.7127696590118302,0.5187136006720009,0.4515246571071148,0.03683395003820843,0.030400490848783702,"{""0"": 1, ""1"": 0, ""2"": 2}",False
penmanshiel,kelmarsh,leave-one-farm-out,MoE + L_bal + L_align + L_force,205,artifacts\external_wind_runs\penmanshiel\leave_one_farm_out\external_wind_bal_align_force_seed205,9.5,1.0,288,50000,4398,0.607094133697135,0.5,0.3777589134125637,0.0,0.0,"{""0"": 1, ""1"": 1, ""2"": 2}",False
penmanshiel,kelmarsh,leave-one-farm-out,MoE + L_bal + L_align + L_force,205,artifacts\external_wind_runs\penmanshiel\leave_one_farm_out\external_wind_bal_align_force_seed205,9.5,2.0,288,50000,4398,0.607094133697135,0.5,0.3777589134125637,0.0,0.0,"{""0"": 1, ""1"": 1, ""2"": 2}",False
penmanshiel,kelmarsh,leave-one-farm-out,MoE + L_bal + L_align + L_force,205,artifacts\external_wind_runs\penmanshiel\leave_one_farm_out\external_wind_bal_align_force_seed205,9.5,3.0,288,50000,4398,0.607094133697135,0.5,0.3777589134125637,0.0,0.0,"{""0"": 1, ""1"": 1, ""2"": 2}",False
penmanshiel,kelmarsh,leave-one-farm-out,MoE + L_bal + L_align + L_force,205,artifacts\external_wind_runs\penmanshiel\leave_one_farm_out\external_wind_bal_align_force_seed205,9.5,4.0,288,50000,4398,0.607094133697135,0.5,0.3777589134125637,0.0,0.0,"{""0"": 1, ""1"": 1, ""2"": 2}",False
penmanshiel,kelmarsh,leave-one-farm-out,MoE + L_bal + L_align + L_force,205,artifacts\external_wind_runs\penmanshiel\leave_one_farm_out\external_wind_bal_align_force_seed205,10.0,1.0,288,50000,4747,0.6359806193385296,0.5,0.38874581509142414,0.0,0.0,"{""0"": 1, ""1"": 1, ""2"": 2}",False
penmanshiel,kelmarsh,leave-one-farm-out,MoE + L_bal + L_align + L_force,205,artifacts\external_wind_runs\penmanshiel\leave_one_farm_out\external_wind_bal_align_force_seed205,10.0,2.0,288,50000,4747,0.6359806193385296,0.5,0.38874581509142414,0.0,0.0,"{""0"": 1, ""1"": 1, ""2"": 2}",False
penmanshiel,kelmarsh,leave-one-farm-out,MoE + L_bal + L_align + L_force,205,artifacts\external_wind_runs\penmanshiel\leave_one_farm_out\external_wind_bal_align_force_seed205,10.0,3.0,288,50000,4747,0.6359806193385296,0.5,0.38874581509142414,0.0,0.0,"{""0"": 1, ""1"": 1, ""2"": 2}",False
penmanshiel,kelmarsh,leave-one-farm-out,MoE + L_bal + L_align + L_force,205,artifacts\external_wind_runs\penmanshiel\leave_one_farm_out\external_wind_bal_align_force_seed205,10.0,4.0,288,50000,4747,0.6359806193385296,0.5,0.38874581509142414,0.0,0.0,"{""0"": 1, ""1"": 1, ""2"": 2}",False
penmanshiel,kelmarsh,leave-one-farm-out,MoE + L_bal + L_align + L_force,205,artifacts\external_wind_runs\penmanshiel\leave_one_farm_out\external_wind_bal_align_force_seed205,10.5,1.0,288,50000,5063,0.6587003752715781,0.5,0.39711836151464636,0.0,0.0,"{""0"": 1, ""1"": 1, ""2"": 2}",False
penmanshiel,kelmarsh,leave-one-farm-out,MoE + L_bal + L_align + L_force,205,artifacts\external_wind_runs\penmanshiel\leave_one_farm_out\external_wind_bal_align_force_seed205,10.5,2.0,288,50000,5063,0.6587003752715781,0.5,0.39711836151464636,0.0,0.0,"{""0"": 1, ""1"": 1, ""2"": 2}",False
penmanshiel,kelmarsh,leave-one-farm-out,MoE + L_bal + L_align + L_force,205,artifacts\external_wind_runs\penmanshiel\leave_one_farm_out\external_wind_bal_align_force_seed205,10.5,3.0,288,50000,5063,0.6587003752715781,0.5,0.39711836151464636,0.0,0.0,"{""0"": 1, ""1"": 1, ""2"": 2}",False
penmanshiel,kelmarsh,leave-one-farm-out,MoE + L_bal + L_align + L_force,205,artifacts\external_wind_runs\penmanshiel\leave_one_farm_out\external_wind_bal_align_force_seed205,10.5,4.0,288,50000,5063,0.6587003752715781,0.5,0.39711836151464636,0.0,0.0,"{""0"": 1, ""1"": 1, ""2"": 2}",False
penmanshiel,kelmarsh,leave-one-farm-out,MoE + L_bal + L_align + L_force,205,artifacts\external_wind_runs\penmanshiel\leave_one_farm_out\external_wind_bal_align_force_seed205,11.0,1.0,288,50000,5332,0.6759189797449362,0.5,0.40331244404655325,0.0,0.0,"{""0"": 1, ""1"": 1, ""2"": 2}",False
penmanshiel,kelmarsh,leave-one-farm-out,MoE + L_bal + L_align + L_force,205,artifacts\external_wind_runs\penmanshiel\leave_one_farm_out\external_wind_bal_align_force_seed205,11.0,2.0,288,50000,5332,0.6759189797449362,0.5,0.40331244404655325,0.0,0.0,"{""0"": 1, ""1"": 1, ""2"": 2}",False
penmanshiel,kelmarsh,leave-one-farm-out,MoE + L_bal + L_align + L_force,205,artifacts\external_wind_runs\penmanshiel\leave_one_farm_out\external_wind_bal_align_force_seed205,11.0,3.0,288,50000,5332,0.6759189797449362,0.5,0.40331244404655325,0.0,0.0,"{""0"": 1, ""1"": 1, ""2"": 2}",False
penmanshiel,kelmarsh,leave-one-farm-out,MoE + L_bal + L_align + L_force,205,artifacts\external_wind_runs\penmanshiel\leave_one_farm_out\external_wind_bal_align_force_seed205,11.0,4.0,288,50000,5332,0.6759189797449362,0.5,0.40331244404655325,0.0,0.0,"{""0"": 1, ""1"": 1, ""2"": 2}",False
penmanshiel,kelmarsh,leave-one-farm-out,MoE + L_bal + L_align + L_force,205,artifacts\external_wind_runs\penmanshiel\leave_one_farm_out\external_wind_bal_align_force_seed205,11.5,1.0,288,50000,5515,0.6866727107887579,0.5,0.40711674908621803,0.0,0.0,"{""0"": 1, ""1"": 1, ""2"": 2}",False
penmanshiel,kelmarsh,leave-one-farm-out,MoE + L_bal + L_align + L_force,205,artifacts\external_wind_runs\penmanshiel\leave_one_farm_out\external_wind_bal_align_force_seed205,11.5,2.0,288,50000,5515,0.6866727107887579,0.5,0.40711674908621803,0.0,0.0,"{""0"": 1, ""1"": 1, ""2"": 2}",True
penmanshiel,kelmarsh,leave-one-farm-out,MoE + L_bal + L_align + L_force,205,artifacts\external_wind_runs\penmanshiel\leave_one_farm_out\external_wind_bal_align_force_seed205,11.5,3.0,288,50000,5515,0.6866727107887579,0.5,0.40711674908621803,0.0,0.0,"{""0"": 1, ""1"": 1, ""2"": 2}",False
penmanshiel,kelmarsh,leave-one-farm-out,MoE + L_bal + L_align + L_force,205,artifacts\external_wind_runs\penmanshiel\leave_one_farm_out\external_wind_bal_align_force_seed205,11.5,4.0,288,50000,5515,0.6866727107887579,0.5,0.40711674908621803,0.0,0.0,"{""0"": 1, ""1"": 1, ""2"": 2}",False
kelmarsh,,chronological,MoE + L_bal + L_align + L_force,205,artifacts\external_wind_runs\kelmarsh\chronological\external_wind_bal_align_force_seed205,9.5,1.0,288,50000,1643,0.9452221545952526,0.3333333333333333,0.3239465999165624,0.0,0.0,"{""0"": 1, ""1"": 1, ""2"": 2}",False
kelmarsh,,chronological,MoE + L_bal + L_align + L_force,205,artifacts\external_wind_runs\kelmarsh\chronological\external_wind_bal_align_force_seed205,9.5,2.0,288,50000,1622,0.9784217016029593,0.3333333333333333,0.3296977251480212,0.0,0.0,"{""0"": 1, ""1"": 1, ""2"": 2}",False
kelmarsh,,chronological,MoE + L_bal + L_align + L_force,205,artifacts\external_wind_runs\kelmarsh\chronological\external_wind_bal_align_force_seed205,9.5,3.0,288,50000,1604,0.9900249376558603,0.3333333333333333,0.3316624895572264,0.0,0.0,"{""0"": 1, ""1"": 1, ""2"": 2}",False
kelmarsh,,chronological,MoE + L_bal + L_align + L_force,205,artifacts\external_wind_runs\kelmarsh\chronological\external_wind_bal_align_force_seed205,9.5,4.0,288,50000,1594,0.9962358845671268,0.3333333333333333,0.3327047978210769,0.0,0.0,"{""0"": 1, ""1"": 1, ""2"": 2}",False
kelmarsh,,chronological,MoE + L_bal + L_align + L_force,205,artifacts\external_wind_runs\kelmarsh\chronological\external_wind_bal_align_force_seed205,10.0,1.0,288,50000,1644,0.9665450121654501,0.3333333333333333,0.32766264563357045,0.0,0.0,"{""0"": 1, ""1"": 1, ""2"": 2}",False
kelmarsh,,chronological,MoE + L_bal + L_align + L_force,205,artifacts\external_wind_runs\kelmarsh\chronological\external_wind_bal_align_force_seed205,10.0,2.0,288,50000,1679,0.9833234067897558,0.3333333333333333,0.33053053053053055,0.0,0.0,"{""0"": 1, ""1"": 1, ""2"": 2}",False
kelmarsh,,chronological,MoE + L_bal + L_align + L_force,205,artifacts\external_wind_runs\kelmarsh\chronological\external_wind_bal_align_force_seed205,10.0,3.0,288,50000,1669,0.9922109047333733,0.3333333333333333,0.33203007518796995,0.0,0.0,"{""0"": 1, ""1"": 1, ""2"": 2}",False
kelmarsh,,chronological,MoE + L_bal + L_align + L_force,205,artifacts\external_wind_runs\kelmarsh\chronological\external_wind_bal_align_force_seed205,10.0,4.0,288,50000,1665,0.9963963963963964,0.3333333333333333,0.33273164861612514,0.0,0.0,"{""0"": 1, ""1"": 1, ""2"": 2}",False
kelmarsh,,chronological,MoE + L_bal + L_align + L_force,205,artifacts\external_wind_runs\kelmarsh\chronological\external_wind_bal_align_force_seed205,10.5,1.0,288,50000,1608,0.9919154228855721,0.3333333333333333,0.3319804350088459,0.0,0.0,"{""0"": 1, ""1"": 1, ""2"": 2}",False
kelmarsh,,chronological,MoE + L_bal + L_align + L_force,205,artifacts\external_wind_runs\kelmarsh\chronological\external_wind_bal_align_force_seed205,10.5,2.0,288,50000,1697,0.9923394225103123,0.3333333333333333,0.3320516612442078,0.0,0.0,"{""0"": 1, ""1"": 1, ""2"": 2}",False
kelmarsh,,chronological,MoE + L_bal + L_align + L_force,205,artifacts\external_wind_runs\kelmarsh\chronological\external_wind_bal_align_force_seed205,10.5,3.0,288,50000,1709,0.994733762434172,0.3333333333333333,0.3324533098660409,0.0,0.0,"{""0"": 1, ""1"": 1, ""2"": 2}",False
kelmarsh,,chronological,MoE + L_bal + L_align + L_force,205,artifacts\external_wind_runs\kelmarsh\chronological\external_wind_bal_align_force_seed205,10.5,4.0,288,50000,1709,0.9976594499707431,0.3333333333333333,0.3329427846123804,0.0,0.0,"{""0"": 1, ""1"": 1, ""2"": 2}",False
kelmarsh,,chronological,MoE + L_bal + L_align + L_force,205,artifacts\external_wind_runs\kelmarsh\chronological\external_wind_bal_align_force_seed205,11.0,1.0,288,50000,1598,0.9981226533166458,0.3333333333333333,0.3330201482409437,0.0,0.0,"{""0"": 1, ""1"": 1, ""2"": 2}",False
kelmarsh,,chronological,MoE + L_bal + L_align + L_force,205,artifacts\external_wind_runs\kelmarsh\chronological\external_wind_bal_align_force_seed205,11.0,2.0,288,50000,1687,0.998221695317131,0.3333333333333333,0.33303668545436566,0.0,0.0,"{""0"": 1, ""1"": 1, ""2"": 2}",False
kelmarsh,,chronological,MoE + L_bal + L_align + L_force,205,artifacts\external_wind_runs\kelmarsh\chronological\external_wind_bal_align_force_seed205,11.0,3.0,288,50000,1707,0.9982425307557118,0.3333333333333333,0.3330401641747288,0.0,0.0,"{""0"": 1, ""1"": 1, ""2"": 2}",False
kelmarsh,,chronological,MoE + L_bal + L_align + L_force,205,artifacts\external_wind_runs\kelmarsh\chronological\external_wind_bal_align_force_seed205,11.0,4.0,288,50000,1717,0.9982527664531159,0.3333333333333333,0.33304187311765276,0.0,0.0,"{""0"": 1, ""1"": 1, ""2"": 2}",False
kelmarsh,,chronological,MoE + L_bal + L_align + L_force,205,artifacts\external_wind_runs\kelmarsh\chronological\external_wind_bal_align_force_seed205,11.5,1.0,288,50000,1597,0.9987476518472135,0.5,0.49968671679197996,0.0,0.0,"{""0"": 1, ""1"": 1, ""2"": 2}",False
kelmarsh,,chronological,MoE + L_bal + L_align + L_force,205,artifacts\external_wind_runs\kelmarsh\chronological\external_wind_bal_align_force_seed205,11.5,2.0,288,50000,1686,0.9988137603795967,0.5,0.49970326409495547,0.0,0.0,"{""0"": 1, ""1"": 1, ""2"": 2}",False
kelmarsh,,chronological,MoE + L_bal + L_align + L_force,205,artifacts\external_wind_runs\kelmarsh\chronological\external_wind_bal_align_force_seed205,11.5,3.0,288,50000,1706,0.9988276670574443,0.5,0.4997067448680352,0.0,0.0,"{""0"": 1, ""1"": 1, ""2"": 2}",False
kelmarsh,,chronological,MoE + L_bal + L_align + L_force,205,artifacts\external_wind_runs\kelmarsh\chronological\external_wind_bal_align_force_seed205,11.5,4.0,288,50000,1716,0.9988344988344988,0.5,0.49970845481049564,0.0,0.0,"{""0"": 1, ""1"": 1, ""2"": 2}",True
penmanshiel,,chronological,MoE + L_bal + L_align + L_force,205,artifacts\external_wind_runs\penmanshiel\chronological\external_wind_bal_align_force_seed205,9.5,1.0,288,50000,2670,1.0,1.0,1.0,1.0,1.0,"{""0"": 1, ""1"": 1, ""2"": 2}",False
penmanshiel,,chronological,MoE + L_bal + L_align + L_force,205,artifacts\external_wind_runs\penmanshiel\chronological\external_wind_bal_align_force_seed205,9.5,2.0,288,50000,2670,1.0,1.0,1.0,1.0,1.0,"{""0"": 1, ""1"": 1, ""2"": 2}",False
penmanshiel,,chronological,MoE + L_bal + L_align + L_force,205,artifacts\external_wind_runs\penmanshiel\chronological\external_wind_bal_align_force_seed205,9.5,3.0,288,50000,2670,1.0,1.0,1.0,1.0,1.0,"{""0"": 1, ""1"": 1, ""2"": 2}",False
penmanshiel,,chronological,MoE + L_bal + L_align + L_force,205,artifacts\external_wind_runs\penmanshiel\chronological\external_wind_bal_align_force_seed205,9.5,4.0,288,50000,2670,1.0,1.0,1.0,1.0,1.0,"{""0"": 1, ""1"": 1, ""2"": 2}",False
penmanshiel,,chronological,MoE + L_bal + L_align + L_force,205,artifacts\external_wind_runs\penmanshiel\chronological\external_wind_bal_align_force_seed205,10.0,1.0,288,50000,3019,1.0,1.0,1.0,1.0,1.0,"{""0"": 1, ""1"": 1, ""2"": 2}",False
penmanshiel,,chronological,MoE + L_bal + L_align + L_force,205,artifacts\external_wind_runs\penmanshiel\chronological\external_wind_bal_align_force_seed205,10.0,2.0,288,50000,3019,1.0,1.0,1.0,1.0,1.0,"{""0"": 1, ""1"": 1, ""2"": 2}",False
penmanshiel,,chronological,MoE + L_bal + L_align + L_force,205,artifacts\external_wind_runs\penmanshiel\chronological\external_wind_bal_align_force_seed205,10.0,3.0,288,50000,3019,1.0,1.0,1.0,1.0,1.0,"{""0"": 1, ""1"": 1, ""2"": 2}",False
penmanshiel,,chronological,MoE + L_bal + L_align + L_force,205,artifacts\external_wind_runs\penmanshiel\chronological\external_wind_bal_align_force_seed205,10.0,4.0,288,50000,3019,1.0,1.0,1.0,1.0,1.0,"{""0"": 1, ""1"": 1, ""2"": 2}",False
penmanshiel,,chronological,MoE + L_bal + L_align + L_force,205,artifacts\external_wind_runs\penmanshiel\chronological\external_wind_bal_align_force_seed205,10.5,1.0,288,50000,3335,1.0,1.0,1.0,1.0,1.0,"{""0"": 1, ""1"": 1, ""2"": 2}",False
penmanshiel,,chronological,MoE + L_bal + L_align + L_force,205,artifacts\external_wind_runs\penmanshiel\chronological\external_wind_bal_align_force_seed205,10.5,2.0,288,50000,3335,1.0,1.0,1.0,1.0,1.0,"{""0"": 1, ""1"": 1, ""2"": 2}",True
penmanshiel,,chronological,MoE + L_bal + L_align + L_force,205,artifacts\external_wind_runs\penmanshiel\chronological\external_wind_bal_align_force_seed205,10.5,3.0,288,50000,3335,1.0,1.0,1.0,1.0,1.0,"{""0"": 1, ""1"": 1, ""2"": 2}",False
penmanshiel,,chronological,MoE + L_bal + L_align + L_force,205,artifacts\external_wind_runs\penmanshiel\chronological\external_wind_bal_align_force_seed205,10.5,4.0,288,50000,3335,1.0,1.0,1.0,1.0,1.0,"{""0"": 1, ""1"": 1, ""2"": 2}",False
penmanshiel,,chronological,MoE + L_bal + L_align + L_force,205,artifacts\external_wind_runs\penmanshiel\chronological\external_wind_bal_align_force_seed205,11.0,1.0,288,50000,3604,1.0,1.0,1.0,1.0,1.0,"{""0"": 1, ""1"": 1, ""2"": 2}",False
penmanshiel,,chronological,MoE + L_bal + L_align + L_force,205,artifacts\external_wind_runs\penmanshiel\chronological\external_wind_bal_align_force_seed205,11.0,2.0,288,50000,3604,1.0,1.0,1.0,1.0,1.0,"{""0"": 1, ""1"": 1, ""2"": 2}",False
penmanshiel,,chronological,MoE + L_bal + L_align + L_force,205,artifacts\external_wind_runs\penmanshiel\chronological\external_wind_bal_align_force_seed205,11.0,3.0,288,50000,3604,1.0,1.0,1.0,1.0,1.0,"{""0"": 1, ""1"": 1, ""2"": 2}",False
penmanshiel,,chronological,MoE + L_bal + L_align + L_force,205,artifacts\external_wind_runs\penmanshiel\chronological\external_wind_bal_align_force_seed205,11.0,4.0,288,50000,3604,1.0,1.0,1.0,1.0,1.0,"{""0"": 1, ""1"": 1, ""2"": 2}",False
penmanshiel,,chronological,MoE + L_bal + L_align + L_force,205,artifacts\external_wind_runs\penmanshiel\chronological\external_wind_bal_align_force_seed205,11.5,1.0,288,50000,3787,1.0,1.0,1.0,1.0,1.0,"{""0"": 1, ""1"": 1, ""2"": 2}",False
penmanshiel,,chronological,MoE + L_bal + L_align + L_force,205,artifacts\external_wind_runs\penmanshiel\chronological\external_wind_bal_align_force_seed205,11.5,2.0,288,50000,3787,1.0,1.0,1.0,1.0,1.0,"{""0"": 1, ""1"": 1, ""2"": 2}",False
penmanshiel,,chronological,MoE + L_bal + L_align + L_force,205,artifacts\external_wind_runs\penmanshiel\chronological\external_wind_bal_align_force_seed205,11.5,3.0,288,50000,3787,1.0,1.0,1.0,1.0,1.0,"{""0"": 1, ""1"": 1, ""2"": 2}",False
penmanshiel,,chronological,MoE + L_bal + L_align + L_force,205,artifacts\external_wind_runs\penmanshiel\chronological\external_wind_bal_align_force_seed205,11.5,4.0,288,50000,3787,1.0,1.0,1.0,1.0,1.0,"{""0"": 1, ""1"": 1, ""2"": 2}",False
