farm,target_farm,split_id,model,seed,run_dir,rated_wind,pitch_threshold,is_wtb_default_boundary,val_nmi,val_ari,test_nmi,test_ari,selected_local_boundary
kelmarsh,penmanshiel,leave-one-farm-out,Physics-Aligned MoE,201,artifacts\external_wind_runs\kelmarsh\leave_one_farm_out\external_wind_full_seed201,9.5,1.0,False,0.06758907561839197,-0.009352590627525324,0.05691482608868432,0.04236758035326291,True
kelmarsh,penmanshiel,leave-one-farm-out,Physics-Aligned MoE,201,artifacts\external_wind_runs\kelmarsh\leave_one_farm_out\external_wind_full_seed201,9.5,2.0,False,0.06081401408845038,-0.011879251238878431,0.05691482608868432,0.04236758035326291,False
kelmarsh,penmanshiel,leave-one-farm-out,Physics-Aligned MoE,201,artifacts\external_wind_runs\kelmarsh\leave_one_farm_out\external_wind_full_seed201,9.5,3.0,False,0.05364289532149975,-0.01654582832914821,0.05691482608868432,0.04236758035326291,False
kelmarsh,penmanshiel,leave-one-farm-out,Physics-Aligned MoE,201,artifacts\external_wind_runs\kelmarsh\leave_one_farm_out\external_wind_full_seed201,9.5,4.0,False,0.04568601454523648,-0.020537624502106316,0.05691482608868432,0.04236758035326291,False
kelmarsh,penmanshiel,leave-one-farm-out,Physics-Aligned MoE,201,artifacts\external_wind_runs\kelmarsh\leave_one_farm_out\external_wind_full_seed201,10.0,1.0,False,0.0661571647219038,-0.00838024604716527,0.05892655551903778,0.04014478216946938,False
kelmarsh,penmanshiel,leave-one-farm-out,Physics-Aligned MoE,201,artifacts\external_wind_runs\kelmarsh\leave_one_farm_out\external_wind_full_seed201,10.0,2.0,False,0.06072380974860119,-0.008563918004415975,0.05892655551903778,0.04014478216946938,False
kelmarsh,penmanshiel,leave-one-farm-out,Physics-Aligned MoE,201,artifacts\external_wind_runs\kelmarsh\leave_one_farm_out\external_wind_full_seed201,10.0,3.0,False,0.05487326960739702,-0.012169492839004656,0.05892655551903778,0.04014478216946938,False
kelmarsh,penmanshiel,leave-one-farm-out,Physics-Aligned MoE,201,artifacts\external_wind_runs\kelmarsh\leave_one_farm_out\external_wind_full_seed201,10.0,4.0,False,0.04781352144320455,-0.0158211825983305,0.05892655551903778,0.04014478216946938,False
kelmarsh,penmanshiel,leave-one-farm-out,Physics-Aligned MoE,201,artifacts\external_wind_runs\kelmarsh\leave_one_farm_out\external_wind_full_seed201,10.5,1.0,False,0.060504626917386624,-0.013248875422533548,0.061299098769642235,0.03713579917590151,False
kelmarsh,penmanshiel,leave-one-farm-out,Physics-Aligned MoE,201,artifacts\external_wind_runs\kelmarsh\leave_one_farm_out\external_wind_full_seed201,10.5,2.0,True,0.058380287900591105,-0.009446068613567768,0.061299098769642235,0.03713579917590151,False
kelmarsh,penmanshiel,leave-one-farm-out,Physics-Aligned MoE,201,artifacts\external_wind_runs\kelmarsh\leave_one_farm_out\external_wind_full_seed201,10.5,3.0,False,0.055696871821180674,-0.009739145761587178,0.061299098769642235,0.03713579917590151,False
kelmarsh,penmanshiel,leave-one-farm-out,Physics-Aligned MoE,201,artifacts\external_wind_runs\kelmarsh\leave_one_farm_out\external_wind_full_seed201,10.5,4.0,False,0.050231611899308824,-0.012174117459152315,0.061299098769642235,0.03713579917590151,False
kelmarsh,penmanshiel,leave-one-farm-out,Physics-Aligned MoE,201,artifacts\external_wind_runs\kelmarsh\leave_one_farm_out\external_wind_full_seed201,11.0,1.0,False,0.05071223655359253,-0.019137993286755754,0.06354095088700953,0.03414963786063654,False
kelmarsh,penmanshiel,leave-one-farm-out,Physics-Aligned MoE,201,artifacts\external_wind_runs\kelmarsh\leave_one_farm_out\external_wind_full_seed201,11.0,2.0,False,0.0486690998924819,-0.015001231386656832,0.06354095088700953,0.03414963786063654,False
kelmarsh,penmanshiel,leave-one-farm-out,Physics-Aligned MoE,201,artifacts\external_wind_runs\kelmarsh\leave_one_farm_out\external_wind_full_seed201,11.0,3.0,False,0.04961391193009932,-0.012583092968344324,0.06354095088700953,0.03414963786063654,False
kelmarsh,penmanshiel,leave-one-farm-out,Physics-Aligned MoE,201,artifacts\external_wind_runs\kelmarsh\leave_one_farm_out\external_wind_full_seed201,11.0,4.0,False,0.05016319623967709,-0.010938515903537671,0.06354095088700953,0.03414963786063654,False
kelmarsh,penmanshiel,leave-one-farm-out,Physics-Aligned MoE,201,artifacts\external_wind_runs\kelmarsh\leave_one_farm_out\external_wind_full_seed201,11.5,1.0,False,0.03929763697207997,-0.024407637007466808,0.06529869744433466,0.03177264694291044,False
kelmarsh,penmanshiel,leave-one-farm-out,Physics-Aligned MoE,201,artifacts\external_wind_runs\kelmarsh\leave_one_farm_out\external_wind_full_seed201,11.5,2.0,False,0.03811002337798909,-0.01994610629636426,0.06529869744433466,0.03177264694291044,False
kelmarsh,penmanshiel,leave-one-farm-out,Physics-Aligned MoE,201,artifacts\external_wind_runs\kelmarsh\leave_one_farm_out\external_wind_full_seed201,11.5,3.0,False,0.040618208432626125,-0.01679744925449383,0.06529869744433466,0.03177264694291044,False
kelmarsh,penmanshiel,leave-one-farm-out,Physics-Aligned MoE,201,artifacts\external_wind_runs\kelmarsh\leave_one_farm_out\external_wind_full_seed201,11.5,4.0,False,0.042543329148805126,-0.014363654915528793,0.06529869744433466,0.03177264694291044,False
penmanshiel,kelmarsh,leave-one-farm-out,Physics-Aligned MoE,201,artifacts\external_wind_runs\penmanshiel\leave_one_farm_out\external_wind_full_seed201,9.5,1.0,False,0.0,0.0,0.0,0.0,False
penmanshiel,kelmarsh,leave-one-farm-out,Physics-Aligned MoE,201,artifacts\external_wind_runs\penmanshiel\leave_one_farm_out\external_wind_full_seed201,9.5,2.0,False,0.0,0.0,0.0,0.0,False
penmanshiel,kelmarsh,leave-one-farm-out,Physics-Aligned MoE,201,artifacts\external_wind_runs\penmanshiel\leave_one_farm_out\external_wind_full_seed201,9.5,3.0,False,0.0,0.0,0.0,0.0,False
penmanshiel,kelmarsh,leave-one-farm-out,Physics-Aligned MoE,201,artifacts\external_wind_runs\penmanshiel\leave_one_farm_out\external_wind_full_seed201,9.5,4.0,False,0.0,0.0,0.0,0.0,False
penmanshiel,kelmarsh,leave-one-farm-out,Physics-Aligned MoE,201,artifacts\external_wind_runs\penmanshiel\leave_one_farm_out\external_wind_full_seed201,10.0,1.0,False,0.0,0.0,0.0,0.0,False
penmanshiel,kelmarsh,leave-one-farm-out,Physics-Aligned MoE,201,artifacts\external_wind_runs\penmanshiel\leave_one_farm_out\external_wind_full_seed201,10.0,2.0,False,0.0,0.0,0.0,0.0,False
penmanshiel,kelmarsh,leave-one-farm-out,Physics-Aligned MoE,201,artifacts\external_wind_runs\penmanshiel\leave_one_farm_out\external_wind_full_seed201,10.0,3.0,False,0.0,0.0,0.0,0.0,False
penmanshiel,kelmarsh,leave-one-farm-out,Physics-Aligned MoE,201,artifacts\external_wind_runs\penmanshiel\leave_one_farm_out\external_wind_full_seed201,10.0,4.0,False,0.0,0.0,0.0,0.0,False
penmanshiel,kelmarsh,leave-one-farm-out,Physics-Aligned MoE,201,artifacts\external_wind_runs\penmanshiel\leave_one_farm_out\external_wind_full_seed201,10.5,1.0,False,0.0,0.0,0.0,0.0,False
penmanshiel,kelmarsh,leave-one-farm-out,Physics-Aligned MoE,201,artifacts\external_wind_runs\penmanshiel\leave_one_farm_out\external_wind_full_seed201,10.5,2.0,True,0.0,0.0,0.0,0.0,True
penmanshiel,kelmarsh,leave-one-farm-out,Physics-Aligned MoE,201,artifacts\external_wind_runs\penmanshiel\leave_one_farm_out\external_wind_full_seed201,10.5,3.0,False,0.0,0.0,0.0,0.0,False
penmanshiel,kelmarsh,leave-one-farm-out,Physics-Aligned MoE,201,artifacts\external_wind_runs\penmanshiel\leave_one_farm_out\external_wind_full_seed201,10.5,4.0,False,0.0,0.0,0.0,0.0,False
penmanshiel,kelmarsh,leave-one-farm-out,Physics-Aligned MoE,201,artifacts\external_wind_runs\penmanshiel\leave_one_farm_out\external_wind_full_seed201,11.0,1.0,False,0.0,0.0,0.0,0.0,False
penmanshiel,kelmarsh,leave-one-farm-out,Physics-Aligned MoE,201,artifacts\external_wind_runs\penmanshiel\leave_one_farm_out\external_wind_full_seed201,11.0,2.0,False,0.0,0.0,0.0,0.0,False
penmanshiel,kelmarsh,leave-one-farm-out,Physics-Aligned MoE,201,artifacts\external_wind_runs\penmanshiel\leave_one_farm_out\external_wind_full_seed201,11.0,3.0,False,0.0,0.0,0.0,0.0,False
penmanshiel,kelmarsh,leave-one-farm-out,Physics-Aligned MoE,201,artifacts\external_wind_runs\penmanshiel\leave_one_farm_out\external_wind_full_seed201,11.0,4.0,False,0.0,0.0,0.0,0.0,False
penmanshiel,kelmarsh,leave-one-farm-out,Physics-Aligned MoE,201,artifacts\external_wind_runs\penmanshiel\leave_one_farm_out\external_wind_full_seed201,11.5,1.0,False,0.0,0.0,0.0,0.0,False
penmanshiel,kelmarsh,leave-one-farm-out,Physics-Aligned MoE,201,artifacts\external_wind_runs\penmanshiel\leave_one_farm_out\external_wind_full_seed201,11.5,2.0,False,0.0,0.0,0.0,0.0,False
penmanshiel,kelmarsh,leave-one-farm-out,Physics-Aligned MoE,201,artifacts\external_wind_runs\penmanshiel\leave_one_farm_out\external_wind_full_seed201,11.5,3.0,False,0.0,0.0,0.0,0.0,False
penmanshiel,kelmarsh,leave-one-farm-out,Physics-Aligned MoE,201,artifacts\external_wind_runs\penmanshiel\leave_one_farm_out\external_wind_full_seed201,11.5,4.0,False,0.0,0.0,0.0,0.0,False
kelmarsh,,chronological,Physics-Aligned MoE,201,artifacts\external_wind_runs\kelmarsh\chronological\external_wind_full_seed201,9.5,1.0,False,0.7223480044033801,0.8193583039635137,0.7637514430527345,0.8531784023334692,False
kelmarsh,,chronological,Physics-Aligned MoE,201,artifacts\external_wind_runs\kelmarsh\chronological\external_wind_full_seed201,9.5,2.0,False,0.7584130771073616,0.8593313579418831,0.7893459936089211,0.8793805363621144,False
kelmarsh,,chronological,Physics-Aligned MoE,201,artifacts\external_wind_runs\kelmarsh\chronological\external_wind_full_seed201,9.5,3.0,False,0.7839704345944143,0.8818553464011082,0.8058514402028847,0.8919241946957671,False
kelmarsh,,chronological,Physics-Aligned MoE,201,artifacts\external_wind_runs\kelmarsh\chronological\external_wind_full_seed201,9.5,4.0,False,0.7966584217826608,0.8914726357645427,0.8192627764014941,0.900112576543429,True
kelmarsh,,chronological,Physics-Aligned MoE,201,artifacts\external_wind_runs\kelmarsh\chronological\external_wind_full_seed201,10.0,1.0,False,0.7308156014976823,0.8357942330484732,0.7567964572849232,0.8561034471514766,False
kelmarsh,,chronological,Physics-Aligned MoE,201,artifacts\external_wind_runs\kelmarsh\chronological\external_wind_full_seed201,10.0,2.0,False,0.7462070092974491,0.853222825105856,0.7546522714339609,0.8586037691301021,False
kelmarsh,,chronological,Physics-Aligned MoE,201,artifacts\external_wind_runs\kelmarsh\chronological\external_wind_full_seed201,10.0,3.0,False,0.7645499209446365,0.8688030329285213,0.7630525351373023,0.8644790588733725,False
kelmarsh,,chronological,Physics-Aligned MoE,201,artifacts\external_wind_runs\kelmarsh\chronological\external_wind_full_seed201,10.0,4.0,False,0.775391536382963,0.8765188624492568,0.7744499968554527,0.8708472508836415,False
kelmarsh,,chronological,Physics-Aligned MoE,201,artifacts\external_wind_runs\kelmarsh\chronological\external_wind_full_seed201,10.5,1.0,False,0.7665078128524535,0.8689302849419883,0.771816684464928,0.8689556450442428,False
kelmarsh,,chronological,Physics-Aligned MoE,201,artifacts\external_wind_runs\kelmarsh\chronological\external_wind_full_seed201,10.5,2.0,True,0.7587592706098416,0.8641602650420773,0.7446309351392539,0.8494072506110353,False
kelmarsh,,chronological,Physics-Aligned MoE,201,artifacts\external_wind_runs\kelmarsh\chronological\external_wind_full_seed201,10.5,3.0,False,0.7584310274582937,0.8631147720913899,0.7358851596961913,0.8396099475459647,False
kelmarsh,,chronological,Physics-Aligned MoE,201,artifacts\external_wind_runs\kelmarsh\chronological\external_wind_full_seed201,10.5,4.0,False,0.7634296170403647,0.8657170040147271,0.7390696642818653,0.8386869381152835,False
kelmarsh,,chronological,Physics-Aligned MoE,201,artifacts\external_wind_runs\kelmarsh\chronological\external_wind_full_seed201,11.0,1.0,False,0.7867653314696561,0.8832194985729106,0.7868198428755258,0.878075546109259,False
kelmarsh,,chronological,Physics-Aligned MoE,201,artifacts\external_wind_runs\kelmarsh\chronological\external_wind_full_seed201,11.0,2.0,False,0.7751897692170909,0.8751004492142075,0.7545745818706292,0.8541049456074641,False
kelmarsh,,chronological,Physics-Aligned MoE,201,artifacts\external_wind_runs\kelmarsh\chronological\external_wind_full_seed201,11.0,3.0,False,0.7655996461460004,0.8662534493490661,0.7345366300769324,0.8346717877397779,False
kelmarsh,,chronological,Physics-Aligned MoE,201,artifacts\external_wind_runs\kelmarsh\chronological\external_wind_full_seed201,11.0,4.0,False,0.7603256426904874,0.8600959369805806,0.7253433544397392,0.8232811589503803,False
kelmarsh,,chronological,Physics-Aligned MoE,201,artifacts\external_wind_runs\kelmarsh\chronological\external_wind_full_seed201,11.5,1.0,False,0.7964996829489301,0.8879439196948963,0.7942933174491598,0.8809271842182396,False
kelmarsh,,chronological,Physics-Aligned MoE,201,artifacts\external_wind_runs\kelmarsh\chronological\external_wind_full_seed201,11.5,2.0,False,0.7851245704326463,0.8795236179069922,0.7616049856151319,0.8561208976298473,False
kelmarsh,,chronological,Physics-Aligned MoE,201,artifacts\external_wind_runs\kelmarsh\chronological\external_wind_full_seed201,11.5,3.0,False,0.7739991072410933,0.8691031548036563,0.7409162701675117,0.8359398455760352,False
kelmarsh,,chronological,Physics-Aligned MoE,201,artifacts\external_wind_runs\kelmarsh\chronological\external_wind_full_seed201,11.5,4.0,False,0.7659873648732302,0.8608505553477712,0.7259703437413645,0.8204519730807391,False
penmanshiel,,chronological,Physics-Aligned MoE,201,artifacts\external_wind_runs\penmanshiel\chronological\external_wind_full_seed201,9.5,1.0,False,0.0,0.0,0.0,0.0,False
penmanshiel,,chronological,Physics-Aligned MoE,201,artifacts\external_wind_runs\penmanshiel\chronological\external_wind_full_seed201,9.5,2.0,False,0.0,0.0,0.0,0.0,False
penmanshiel,,chronological,Physics-Aligned MoE,201,artifacts\external_wind_runs\penmanshiel\chronological\external_wind_full_seed201,9.5,3.0,False,0.0,0.0,0.0,0.0,False
penmanshiel,,chronological,Physics-Aligned MoE,201,artifacts\external_wind_runs\penmanshiel\chronological\external_wind_full_seed201,9.5,4.0,False,0.0,0.0,0.0,0.0,False
penmanshiel,,chronological,Physics-Aligned MoE,201,artifacts\external_wind_runs\penmanshiel\chronological\external_wind_full_seed201,10.0,1.0,False,0.0,0.0,0.0,0.0,False
penmanshiel,,chronological,Physics-Aligned MoE,201,artifacts\external_wind_runs\penmanshiel\chronological\external_wind_full_seed201,10.0,2.0,False,0.0,0.0,0.0,0.0,False
penmanshiel,,chronological,Physics-Aligned MoE,201,artifacts\external_wind_runs\penmanshiel\chronological\external_wind_full_seed201,10.0,3.0,False,0.0,0.0,0.0,0.0,False
penmanshiel,,chronological,Physics-Aligned MoE,201,artifacts\external_wind_runs\penmanshiel\chronological\external_wind_full_seed201,10.0,4.0,False,0.0,0.0,0.0,0.0,False
penmanshiel,,chronological,Physics-Aligned MoE,201,artifacts\external_wind_runs\penmanshiel\chronological\external_wind_full_seed201,10.5,1.0,False,0.0,0.0,0.0,0.0,False
penmanshiel,,chronological,Physics-Aligned MoE,201,artifacts\external_wind_runs\penmanshiel\chronological\external_wind_full_seed201,10.5,2.0,True,0.0,0.0,0.0,0.0,True
penmanshiel,,chronological,Physics-Aligned MoE,201,artifacts\external_wind_runs\penmanshiel\chronological\external_wind_full_seed201,10.5,3.0,False,0.0,0.0,0.0,0.0,False
penmanshiel,,chronological,Physics-Aligned MoE,201,artifacts\external_wind_runs\penmanshiel\chronological\external_wind_full_seed201,10.5,4.0,False,0.0,0.0,0.0,0.0,False
penmanshiel,,chronological,Physics-Aligned MoE,201,artifacts\external_wind_runs\penmanshiel\chronological\external_wind_full_seed201,11.0,1.0,False,0.0,0.0,0.0,0.0,False
penmanshiel,,chronological,Physics-Aligned MoE,201,artifacts\external_wind_runs\penmanshiel\chronological\external_wind_full_seed201,11.0,2.0,False,0.0,0.0,0.0,0.0,False
penmanshiel,,chronological,Physics-Aligned MoE,201,artifacts\external_wind_runs\penmanshiel\chronological\external_wind_full_seed201,11.0,3.0,False,0.0,0.0,0.0,0.0,False
penmanshiel,,chronological,Physics-Aligned MoE,201,artifacts\external_wind_runs\penmanshiel\chronological\external_wind_full_seed201,11.0,4.0,False,0.0,0.0,0.0,0.0,False
penmanshiel,,chronological,Physics-Aligned MoE,201,artifacts\external_wind_runs\penmanshiel\chronological\external_wind_full_seed201,11.5,1.0,False,0.0,0.0,0.0,0.0,False
penmanshiel,,chronological,Physics-Aligned MoE,201,artifacts\external_wind_runs\penmanshiel\chronological\external_wind_full_seed201,11.5,2.0,False,0.0,0.0,0.0,0.0,False
penmanshiel,,chronological,Physics-Aligned MoE,201,artifacts\external_wind_runs\penmanshiel\chronological\external_wind_full_seed201,11.5,3.0,False,0.0,0.0,0.0,0.0,False
penmanshiel,,chronological,Physics-Aligned MoE,201,artifacts\external_wind_runs\penmanshiel\chronological\external_wind_full_seed201,11.5,4.0,False,0.0,0.0,0.0,0.0,False
kelmarsh,penmanshiel,leave-one-farm-out,Physics-Aligned MoE,202,artifacts\external_wind_runs\kelmarsh\leave_one_farm_out\external_wind_full_seed202,9.5,1.0,False,0.0013733301385129213,-0.008836963254804561,0.0022502155022889833,-0.013637887214451104,True
kelmarsh,penmanshiel,leave-one-farm-out,Physics-Aligned MoE,202,artifacts\external_wind_runs\kelmarsh\leave_one_farm_out\external_wind_full_seed202,9.5,2.0,False,0.0008519375728644667,0.003360322322205149,0.0022502155022889833,-0.013637887214451104,False
kelmarsh,penmanshiel,leave-one-farm-out,Physics-Aligned MoE,202,artifacts\external_wind_runs\kelmarsh\leave_one_farm_out\external_wind_full_seed202,9.5,3.0,False,0.0006098120711943714,0.004282339568619877,0.0022502155022889833,-0.013637887214451104,False
kelmarsh,penmanshiel,leave-one-farm-out,Physics-Aligned MoE,202,artifacts\external_wind_runs\kelmarsh\leave_one_farm_out\external_wind_full_seed202,9.5,4.0,False,0.00047113350211661466,0.004760948705389709,0.0022502155022889833,-0.013637887214451104,False
kelmarsh,penmanshiel,leave-one-farm-out,Physics-Aligned MoE,202,artifacts\external_wind_runs\kelmarsh\leave_one_farm_out\external_wind_full_seed202,10.0,1.0,False,0.0011922432495761275,-0.008813204500975922,0.0020318101778288625,-0.013246623793526095,False
kelmarsh,penmanshiel,leave-one-farm-out,Physics-Aligned MoE,202,artifacts\external_wind_runs\kelmarsh\leave_one_farm_out\external_wind_full_seed202,10.0,2.0,False,0.0007231538440924895,0.0025609584935085915,0.0020318101778288625,-0.013246623793526095,False
kelmarsh,penmanshiel,leave-one-farm-out,Physics-Aligned MoE,202,artifacts\external_wind_runs\kelmarsh\leave_one_farm_out\external_wind_full_seed202,10.0,3.0,False,0.0005254236357316635,0.0032616546598033696,0.0020318101778288625,-0.013246623793526095,False
kelmarsh,penmanshiel,leave-one-farm-out,Physics-Aligned MoE,202,artifacts\external_wind_runs\kelmarsh\leave_one_farm_out\external_wind_full_seed202,10.0,4.0,False,0.00039712276239699495,0.003678930979034602,0.0020318101778288625,-0.013246623793526095,False
kelmarsh,penmanshiel,leave-one-farm-out,Physics-Aligned MoE,202,artifacts\external_wind_runs\kelmarsh\leave_one_farm_out\external_wind_full_seed202,10.5,1.0,False,0.0008522005418642098,-0.008225278145269788,0.0018589636934046034,-0.012897754660477555,False
kelmarsh,penmanshiel,leave-one-farm-out,Physics-Aligned MoE,202,artifacts\external_wind_runs\kelmarsh\leave_one_farm_out\external_wind_full_seed202,10.5,2.0,True,0.0005089858908227653,0.0026034593356866406,0.0018589636934046034,-0.012897754660477555,False
kelmarsh,penmanshiel,leave-one-farm-out,Physics-Aligned MoE,202,artifacts\external_wind_runs\kelmarsh\leave_one_farm_out\external_wind_full_seed202,10.5,3.0,False,0.0004337948454147217,0.002802814882194366,0.0018589636934046034,-0.012897754660477555,False
kelmarsh,penmanshiel,leave-one-farm-out,Physics-Aligned MoE,202,artifacts\external_wind_runs\kelmarsh\leave_one_farm_out\external_wind_full_seed202,10.5,4.0,False,0.00034240119868967446,0.0030648984558970718,0.0018589636934046034,-0.012897754660477555,False
kelmarsh,penmanshiel,leave-one-farm-out,Physics-Aligned MoE,202,artifacts\external_wind_runs\kelmarsh\leave_one_farm_out\external_wind_full_seed202,11.0,1.0,False,0.000642045498830838,-0.007825455396446348,0.0017304983668933792,-0.012612935677929146,False
kelmarsh,penmanshiel,leave-one-farm-out,Physics-Aligned MoE,202,artifacts\external_wind_runs\kelmarsh\leave_one_farm_out\external_wind_full_seed202,11.0,2.0,False,0.00030677517616627337,0.0030153930323240197,0.0017304983668933792,-0.012612935677929146,False
kelmarsh,penmanshiel,leave-one-farm-out,Physics-Aligned MoE,202,artifacts\external_wind_runs\kelmarsh\leave_one_farm_out\external_wind_full_seed202,11.0,3.0,False,0.0002917677848475034,0.002977356517942645,0.0017304983668933792,-0.012612935677929146,False
kelmarsh,penmanshiel,leave-one-farm-out,Physics-Aligned MoE,202,artifacts\external_wind_runs\kelmarsh\leave_one_farm_out\external_wind_full_seed202,11.0,4.0,False,0.00027140174859619187,0.002961386981899529,0.0017304983668933792,-0.012612935677929146,False
kelmarsh,penmanshiel,leave-one-farm-out,Physics-Aligned MoE,202,artifacts\external_wind_runs\kelmarsh\leave_one_farm_out\external_wind_full_seed202,11.5,1.0,False,0.0005120595562636176,-0.0075793694520783685,0.0016405968205298015,-0.012399238473728992,False
kelmarsh,penmanshiel,leave-one-farm-out,Physics-Aligned MoE,202,artifacts\external_wind_runs\kelmarsh\leave_one_farm_out\external_wind_full_seed202,11.5,2.0,False,0.00016856867862231315,0.003315772554060771,0.0016405968205298015,-0.012399238473728992,False
kelmarsh,penmanshiel,leave-one-farm-out,Physics-Aligned MoE,202,artifacts\external_wind_runs\kelmarsh\leave_one_farm_out\external_wind_full_seed202,11.5,3.0,False,0.0001651069317765431,0.003232500278458925,0.0016405968205298015,-0.012399238473728992,False
kelmarsh,penmanshiel,leave-one-farm-out,Physics-Aligned MoE,202,artifacts\external_wind_runs\kelmarsh\leave_one_farm_out\external_wind_full_seed202,11.5,4.0,False,0.00016002478488870905,0.0031574102769864687,0.0016405968205298015,-0.012399238473728992,False
penmanshiel,kelmarsh,leave-one-farm-out,Physics-Aligned MoE,202,artifacts\external_wind_runs\penmanshiel\leave_one_farm_out\external_wind_full_seed202,9.5,1.0,False,0.0,0.0,0.0,0.0,False
penmanshiel,kelmarsh,leave-one-farm-out,Physics-Aligned MoE,202,artifacts\external_wind_runs\penmanshiel\leave_one_farm_out\external_wind_full_seed202,9.5,2.0,False,0.0,0.0,0.0,0.0,False
penmanshiel,kelmarsh,leave-one-farm-out,Physics-Aligned MoE,202,artifacts\external_wind_runs\penmanshiel\leave_one_farm_out\external_wind_full_seed202,9.5,3.0,False,0.0,0.0,0.0,0.0,False
penmanshiel,kelmarsh,leave-one-farm-out,Physics-Aligned MoE,202,artifacts\external_wind_runs\penmanshiel\leave_one_farm_out\external_wind_full_seed202,9.5,4.0,False,0.0,0.0,0.0,0.0,False
penmanshiel,kelmarsh,leave-one-farm-out,Physics-Aligned MoE,202,artifacts\external_wind_runs\penmanshiel\leave_one_farm_out\external_wind_full_seed202,10.0,1.0,False,0.0,0.0,0.0,0.0,False
penmanshiel,kelmarsh,leave-one-farm-out,Physics-Aligned MoE,202,artifacts\external_wind_runs\penmanshiel\leave_one_farm_out\external_wind_full_seed202,10.0,2.0,False,0.0,0.0,0.0,0.0,False
penmanshiel,kelmarsh,leave-one-farm-out,Physics-Aligned MoE,202,artifacts\external_wind_runs\penmanshiel\leave_one_farm_out\external_wind_full_seed202,10.0,3.0,False,0.0,0.0,0.0,0.0,False
penmanshiel,kelmarsh,leave-one-farm-out,Physics-Aligned MoE,202,artifacts\external_wind_runs\penmanshiel\leave_one_farm_out\external_wind_full_seed202,10.0,4.0,False,0.0,0.0,0.0,0.0,False
penmanshiel,kelmarsh,leave-one-farm-out,Physics-Aligned MoE,202,artifacts\external_wind_runs\penmanshiel\leave_one_farm_out\external_wind_full_seed202,10.5,1.0,False,0.0,0.0,0.0,0.0,False
penmanshiel,kelmarsh,leave-one-farm-out,Physics-Aligned MoE,202,artifacts\external_wind_runs\penmanshiel\leave_one_farm_out\external_wind_full_seed202,10.5,2.0,True,0.0,0.0,0.0,0.0,True
penmanshiel,kelmarsh,leave-one-farm-out,Physics-Aligned MoE,202,artifacts\external_wind_runs\penmanshiel\leave_one_farm_out\external_wind_full_seed202,10.5,3.0,False,0.0,0.0,0.0,0.0,False
penmanshiel,kelmarsh,leave-one-farm-out,Physics-Aligned MoE,202,artifacts\external_wind_runs\penmanshiel\leave_one_farm_out\external_wind_full_seed202,10.5,4.0,False,0.0,0.0,0.0,0.0,False
penmanshiel,kelmarsh,leave-one-farm-out,Physics-Aligned MoE,202,artifacts\external_wind_runs\penmanshiel\leave_one_farm_out\external_wind_full_seed202,11.0,1.0,False,0.0,0.0,0.0,0.0,False
penmanshiel,kelmarsh,leave-one-farm-out,Physics-Aligned MoE,202,artifacts\external_wind_runs\penmanshiel\leave_one_farm_out\external_wind_full_seed202,11.0,2.0,False,0.0,0.0,0.0,0.0,False
penmanshiel,kelmarsh,leave-one-farm-out,Physics-Aligned MoE,202,artifacts\external_wind_runs\penmanshiel\leave_one_farm_out\external_wind_full_seed202,11.0,3.0,False,0.0,0.0,0.0,0.0,False
penmanshiel,kelmarsh,leave-one-farm-out,Physics-Aligned MoE,202,artifacts\external_wind_runs\penmanshiel\leave_one_farm_out\external_wind_full_seed202,11.0,4.0,False,0.0,0.0,0.0,0.0,False
penmanshiel,kelmarsh,leave-one-farm-out,Physics-Aligned MoE,202,artifacts\external_wind_runs\penmanshiel\leave_one_farm_out\external_wind_full_seed202,11.5,1.0,False,0.0,0.0,0.0,0.0,False
penmanshiel,kelmarsh,leave-one-farm-out,Physics-Aligned MoE,202,artifacts\external_wind_runs\penmanshiel\leave_one_farm_out\external_wind_full_seed202,11.5,2.0,False,0.0,0.0,0.0,0.0,False
penmanshiel,kelmarsh,leave-one-farm-out,Physics-Aligned MoE,202,artifacts\external_wind_runs\penmanshiel\leave_one_farm_out\external_wind_full_seed202,11.5,3.0,False,0.0,0.0,0.0,0.0,False
penmanshiel,kelmarsh,leave-one-farm-out,Physics-Aligned MoE,202,artifacts\external_wind_runs\penmanshiel\leave_one_farm_out\external_wind_full_seed202,11.5,4.0,False,0.0,0.0,0.0,0.0,False
kelmarsh,,chronological,Physics-Aligned MoE,202,artifacts\external_wind_runs\kelmarsh\chronological\external_wind_full_seed202,9.5,1.0,False,0.8260469636183327,0.8495924218568408,0.7696254187437955,0.7833147274661132,False
kelmarsh,,chronological,Physics-Aligned MoE,202,artifacts\external_wind_runs\kelmarsh\chronological\external_wind_full_seed202,9.5,2.0,False,0.8067194888313465,0.8723013043921428,0.732169747679127,0.7949521476718673,False
kelmarsh,,chronological,Physics-Aligned MoE,202,artifacts\external_wind_runs\kelmarsh\chronological\external_wind_full_seed202,9.5,3.0,False,0.8349504971534594,0.9047561740995218,0.753646790829703,0.8260468852241538,False
kelmarsh,,chronological,Physics-Aligned MoE,202,artifacts\external_wind_runs\kelmarsh\chronological\external_wind_full_seed202,9.5,4.0,False,0.8537585925252466,0.9235053693588641,0.77043372412286,0.8493405327121109,False
kelmarsh,,chronological,Physics-Aligned MoE,202,artifacts\external_wind_runs\kelmarsh\chronological\external_wind_full_seed202,10.0,1.0,False,0.8510711360687996,0.8810227284937419,0.7896163909938851,0.8131236326350304,False
kelmarsh,,chronological,Physics-Aligned MoE,202,artifacts\external_wind_runs\kelmarsh\chronological\external_wind_full_seed202,10.0,2.0,False,0.8140374266033804,0.8807788817273193,0.7373694577474813,0.8025360549076093,False
kelmarsh,,chronological,Physics-Aligned MoE,202,artifacts\external_wind_runs\kelmarsh\chronological\external_wind_full_seed202,10.0,3.0,False,0.837031772261307,0.9068098921754754,0.7551686689283846,0.8281034887134879,False
kelmarsh,,chronological,Physics-Aligned MoE,202,artifacts\external_wind_runs\kelmarsh\chronological\external_wind_full_seed202,10.0,4.0,False,0.8543578152507221,0.9239803568614652,0.7713692362170775,0.8504634753032865,False
kelmarsh,,chronological,Physics-Aligned MoE,202,artifacts\external_wind_runs\kelmarsh\chronological\external_wind_full_seed202,10.5,1.0,False,0.8962744479049253,0.9307161521676965,0.826166633129487,0.862413279149688,False
kelmarsh,,chronological,Physics-Aligned MoE,202,artifacts\external_wind_runs\kelmarsh\chronological\external_wind_full_seed202,10.5,2.0,True,0.8369748881527782,0.9056254998283534,0.7558369246607066,0.8277617953301648,False
kelmarsh,,chronological,Physics-Aligned MoE,202,artifacts\external_wind_runs\kelmarsh\chronological\external_wind_full_seed202,10.5,3.0,False,0.8448260877108598,0.9145037750479409,0.7623662154479927,0.8374134342542359,False
kelmarsh,,chronological,Physics-Aligned MoE,202,artifacts\external_wind_runs\kelmarsh\chronological\external_wind_full_seed202,10.5,4.0,False,0.8570992150210301,0.9264098982761124,0.7731289430252127,0.8525691003876278,False
kelmarsh,,chronological,Physics-Aligned MoE,202,artifacts\external_wind_runs\kelmarsh\chronological\external_wind_full_seed202,11.0,1.0,False,0.9301195515595193,0.9617842776700382,0.8576215459931006,0.9000613728966129,False
kelmarsh,,chronological,Physics-Aligned MoE,202,artifacts\external_wind_runs\kelmarsh\chronological\external_wind_full_seed202,11.0,2.0,False,0.8650089487838049,0.9321950300045387,0.7811300463173704,0.8593005789522123,False
kelmarsh,,chronological,Physics-Aligned MoE,202,artifacts\external_wind_runs\kelmarsh\chronological\external_wind_full_seed202,11.0,3.0,False,0.8645947924176882,0.9325801482873677,0.7798175251798095,0.8587655925059386,False
kelmarsh,,chronological,Physics-Aligned MoE,202,artifacts\external_wind_runs\kelmarsh\chronological\external_wind_full_seed202,11.0,4.0,False,0.8662741477809961,0.9343505956457513,0.7811103331264448,0.8619412417816106,False
kelmarsh,,chronological,Physics-Aligned MoE,202,artifacts\external_wind_runs\kelmarsh\chronological\external_wind_full_seed202,11.5,1.0,False,0.9562188820807624,0.981525587880945,0.878399315655109,0.9224202318245727,True
kelmarsh,,chronological,Physics-Aligned MoE,202,artifacts\external_wind_runs\kelmarsh\chronological\external_wind_full_seed202,11.5,2.0,False,0.8886558657551733,0.9508294579627312,0.7992967686582072,0.8797778544645978,False
kelmarsh,,chronological,Physics-Aligned MoE,202,artifacts\external_wind_runs\kelmarsh\chronological\external_wind_full_seed202,11.5,3.0,False,0.8863191501019255,0.9495747940173227,0.7976786089476345,0.8788707246220934,False
kelmarsh,,chronological,Physics-Aligned MoE,202,artifacts\external_wind_runs\kelmarsh\chronological\external_wind_full_seed202,11.5,4.0,False,0.8854634468241716,0.9491593162119724,0.7950409725774664,0.8774470616395582,False
penmanshiel,,chronological,Physics-Aligned MoE,202,artifacts\external_wind_runs\penmanshiel\chronological\external_wind_full_seed202,9.5,1.0,False,0.0,0.0,0.0,0.0,False
penmanshiel,,chronological,Physics-Aligned MoE,202,artifacts\external_wind_runs\penmanshiel\chronological\external_wind_full_seed202,9.5,2.0,False,0.0,0.0,0.0,0.0,False
penmanshiel,,chronological,Physics-Aligned MoE,202,artifacts\external_wind_runs\penmanshiel\chronological\external_wind_full_seed202,9.5,3.0,False,0.0,0.0,0.0,0.0,False
penmanshiel,,chronological,Physics-Aligned MoE,202,artifacts\external_wind_runs\penmanshiel\chronological\external_wind_full_seed202,9.5,4.0,False,0.0,0.0,0.0,0.0,False
penmanshiel,,chronological,Physics-Aligned MoE,202,artifacts\external_wind_runs\penmanshiel\chronological\external_wind_full_seed202,10.0,1.0,False,0.0,0.0,0.0,0.0,False
penmanshiel,,chronological,Physics-Aligned MoE,202,artifacts\external_wind_runs\penmanshiel\chronological\external_wind_full_seed202,10.0,2.0,False,0.0,0.0,0.0,0.0,False
penmanshiel,,chronological,Physics-Aligned MoE,202,artifacts\external_wind_runs\penmanshiel\chronological\external_wind_full_seed202,10.0,3.0,False,0.0,0.0,0.0,0.0,False
penmanshiel,,chronological,Physics-Aligned MoE,202,artifacts\external_wind_runs\penmanshiel\chronological\external_wind_full_seed202,10.0,4.0,False,0.0,0.0,0.0,0.0,False
penmanshiel,,chronological,Physics-Aligned MoE,202,artifacts\external_wind_runs\penmanshiel\chronological\external_wind_full_seed202,10.5,1.0,False,0.0,0.0,0.0,0.0,False
penmanshiel,,chronological,Physics-Aligned MoE,202,artifacts\external_wind_runs\penmanshiel\chronological\external_wind_full_seed202,10.5,2.0,True,0.0,0.0,0.0,0.0,True
penmanshiel,,chronological,Physics-Aligned MoE,202,artifacts\external_wind_runs\penmanshiel\chronological\external_wind_full_seed202,10.5,3.0,False,0.0,0.0,0.0,0.0,False
penmanshiel,,chronological,Physics-Aligned MoE,202,artifacts\external_wind_runs\penmanshiel\chronological\external_wind_full_seed202,10.5,4.0,False,0.0,0.0,0.0,0.0,False
penmanshiel,,chronological,Physics-Aligned MoE,202,artifacts\external_wind_runs\penmanshiel\chronological\external_wind_full_seed202,11.0,1.0,False,0.0,0.0,0.0,0.0,False
penmanshiel,,chronological,Physics-Aligned MoE,202,artifacts\external_wind_runs\penmanshiel\chronological\external_wind_full_seed202,11.0,2.0,False,0.0,0.0,0.0,0.0,False
penmanshiel,,chronological,Physics-Aligned MoE,202,artifacts\external_wind_runs\penmanshiel\chronological\external_wind_full_seed202,11.0,3.0,False,0.0,0.0,0.0,0.0,False
penmanshiel,,chronological,Physics-Aligned MoE,202,artifacts\external_wind_runs\penmanshiel\chronological\external_wind_full_seed202,11.0,4.0,False,0.0,0.0,0.0,0.0,False
penmanshiel,,chronological,Physics-Aligned MoE,202,artifacts\external_wind_runs\penmanshiel\chronological\external_wind_full_seed202,11.5,1.0,False,0.0,0.0,0.0,0.0,False
penmanshiel,,chronological,Physics-Aligned MoE,202,artifacts\external_wind_runs\penmanshiel\chronological\external_wind_full_seed202,11.5,2.0,False,0.0,0.0,0.0,0.0,False
penmanshiel,,chronological,Physics-Aligned MoE,202,artifacts\external_wind_runs\penmanshiel\chronological\external_wind_full_seed202,11.5,3.0,False,0.0,0.0,0.0,0.0,False
penmanshiel,,chronological,Physics-Aligned MoE,202,artifacts\external_wind_runs\penmanshiel\chronological\external_wind_full_seed202,11.5,4.0,False,0.0,0.0,0.0,0.0,False
kelmarsh,penmanshiel,leave-one-farm-out,Physics-Aligned MoE,203,artifacts\external_wind_runs\kelmarsh\leave_one_farm_out\external_wind_full_seed203,9.5,1.0,False,0.012683634763281751,-0.033396000732987256,0.012771540165837468,0.032853996096190025,False
kelmarsh,penmanshiel,leave-one-farm-out,Physics-Aligned MoE,203,artifacts\external_wind_runs\kelmarsh\leave_one_farm_out\external_wind_full_seed203,9.5,2.0,False,0.0018316245544818634,-0.012995683275950333,0.012771540165837468,0.032853996096190025,False
kelmarsh,penmanshiel,leave-one-farm-out,Physics-Aligned MoE,203,artifacts\external_wind_runs\kelmarsh\leave_one_farm_out\external_wind_full_seed203,9.5,3.0,False,0.0014905667194658936,-0.012050541439216633,0.012771540165837468,0.032853996096190025,False
kelmarsh,penmanshiel,leave-one-farm-out,Physics-Aligned MoE,203,artifacts\external_wind_runs\kelmarsh\leave_one_farm_out\external_wind_full_seed203,9.5,4.0,False,0.0013076188752076032,-0.01154863057529508,0.012771540165837468,0.032853996096190025,False
kelmarsh,penmanshiel,leave-one-farm-out,Physics-Aligned MoE,203,artifacts\external_wind_runs\kelmarsh\leave_one_farm_out\external_wind_full_seed203,10.0,1.0,False,0.012837504342395466,-0.03306847758470721,0.013109545514330006,0.03378973644475955,False
kelmarsh,penmanshiel,leave-one-farm-out,Physics-Aligned MoE,203,artifacts\external_wind_runs\kelmarsh\leave_one_farm_out\external_wind_full_seed203,10.0,2.0,False,0.0019106353837980072,-0.013281822798634442,0.013109545514330006,0.03378973644475955,False
kelmarsh,penmanshiel,leave-one-farm-out,Physics-Aligned MoE,203,artifacts\external_wind_runs\kelmarsh\leave_one_farm_out\external_wind_full_seed203,10.0,3.0,False,0.0016224448362371572,-0.01247392768314981,0.013109545514330006,0.03378973644475955,False
kelmarsh,penmanshiel,leave-one-farm-out,Physics-Aligned MoE,203,artifacts\external_wind_runs\kelmarsh\leave_one_farm_out\external_wind_full_seed203,10.0,4.0,False,0.001452017199405554,-0.012015123686672853,0.013109545514330006,0.03378973644475955,False
kelmarsh,penmanshiel,leave-one-farm-out,Physics-Aligned MoE,203,artifacts\external_wind_runs\kelmarsh\leave_one_farm_out\external_wind_full_seed203,10.5,1.0,False,0.012843355135347963,-0.03283369349847801,0.013393715935350681,0.0345751267323101,False
kelmarsh,penmanshiel,leave-one-farm-out,Physics-Aligned MoE,203,artifacts\external_wind_runs\kelmarsh\leave_one_farm_out\external_wind_full_seed203,10.5,2.0,True,0.0018097324586514565,-0.013154486146355266,0.013393715935350681,0.0345751267323101,False
kelmarsh,penmanshiel,leave-one-farm-out,Physics-Aligned MoE,203,artifacts\external_wind_runs\kelmarsh\leave_one_farm_out\external_wind_full_seed203,10.5,3.0,False,0.0016615270643574923,-0.012629653890104028,0.013393715935350681,0.0345751267323101,False
kelmarsh,penmanshiel,leave-one-farm-out,Physics-Aligned MoE,203,artifacts\external_wind_runs\kelmarsh\leave_one_farm_out\external_wind_full_seed203,10.5,4.0,False,0.0015332441993578018,-0.012262923153484023,0.013393715935350681,0.0345751267323101,False
kelmarsh,penmanshiel,leave-one-farm-out,Physics-Aligned MoE,203,artifacts\external_wind_runs\kelmarsh\leave_one_farm_out\external_wind_full_seed203,11.0,1.0,False,0.012847293160451096,-0.032710568525632325,0.013615812661904618,0.0351880917755492,False
kelmarsh,penmanshiel,leave-one-farm-out,Physics-Aligned MoE,203,artifacts\external_wind_runs\kelmarsh\leave_one_farm_out\external_wind_full_seed203,11.0,2.0,False,0.0016499946120518856,-0.012875665428809337,0.013615812661904618,0.0351880917755492,False
kelmarsh,penmanshiel,leave-one-farm-out,Physics-Aligned MoE,203,artifacts\external_wind_runs\kelmarsh\leave_one_farm_out\external_wind_full_seed203,11.0,3.0,False,0.0015688206329851865,-0.012481587304377754,0.013615812661904618,0.0351880917755492,False
kelmarsh,penmanshiel,leave-one-farm-out,Physics-Aligned MoE,203,artifacts\external_wind_runs\kelmarsh\leave_one_farm_out\external_wind_full_seed203,11.0,4.0,False,0.0015203704468000783,-0.012272434721700075,0.013615812661904618,0.0351880917755492,False
kelmarsh,penmanshiel,leave-one-farm-out,Physics-Aligned MoE,203,artifacts\external_wind_runs\kelmarsh\leave_one_farm_out\external_wind_full_seed203,11.5,1.0,False,0.01286762420801031,-0.03263156736006909,0.013777390698362934,0.0356335406849781,True
kelmarsh,penmanshiel,leave-one-farm-out,Physics-Aligned MoE,203,artifacts\external_wind_runs\kelmarsh\leave_one_farm_out\external_wind_full_seed203,11.5,2.0,False,0.0015389315036958764,-0.01267673331908473,0.013777390698362934,0.0356335406849781,False
kelmarsh,penmanshiel,leave-one-farm-out,Physics-Aligned MoE,203,artifacts\external_wind_runs\kelmarsh\leave_one_farm_out\external_wind_full_seed203,11.5,3.0,False,0.0014696323338696591,-0.012306304238054901,0.013777390698362934,0.0356335406849781,False
kelmarsh,penmanshiel,leave-one-farm-out,Physics-Aligned MoE,203,artifacts\external_wind_runs\kelmarsh\leave_one_farm_out\external_wind_full_seed203,11.5,4.0,False,0.0014378014397297975,-0.012129983234047712,0.013777390698362934,0.0356335406849781,False
penmanshiel,kelmarsh,leave-one-farm-out,Physics-Aligned MoE,203,artifacts\external_wind_runs\penmanshiel\leave_one_farm_out\external_wind_full_seed203,9.5,1.0,False,0.0,0.0,0.0,0.0,False
penmanshiel,kelmarsh,leave-one-farm-out,Physics-Aligned MoE,203,artifacts\external_wind_runs\penmanshiel\leave_one_farm_out\external_wind_full_seed203,9.5,2.0,False,0.0,0.0,0.0,0.0,False
penmanshiel,kelmarsh,leave-one-farm-out,Physics-Aligned MoE,203,artifacts\external_wind_runs\penmanshiel\leave_one_farm_out\external_wind_full_seed203,9.5,3.0,False,0.0,0.0,0.0,0.0,False
penmanshiel,kelmarsh,leave-one-farm-out,Physics-Aligned MoE,203,artifacts\external_wind_runs\penmanshiel\leave_one_farm_out\external_wind_full_seed203,9.5,4.0,False,0.0,0.0,0.0,0.0,False
penmanshiel,kelmarsh,leave-one-farm-out,Physics-Aligned MoE,203,artifacts\external_wind_runs\penmanshiel\leave_one_farm_out\external_wind_full_seed203,10.0,1.0,False,0.0,0.0,0.0,0.0,False
penmanshiel,kelmarsh,leave-one-farm-out,Physics-Aligned MoE,203,artifacts\external_wind_runs\penmanshiel\leave_one_farm_out\external_wind_full_seed203,10.0,2.0,False,0.0,0.0,0.0,0.0,False
penmanshiel,kelmarsh,leave-one-farm-out,Physics-Aligned MoE,203,artifacts\external_wind_runs\penmanshiel\leave_one_farm_out\external_wind_full_seed203,10.0,3.0,False,0.0,0.0,0.0,0.0,False
penmanshiel,kelmarsh,leave-one-farm-out,Physics-Aligned MoE,203,artifacts\external_wind_runs\penmanshiel\leave_one_farm_out\external_wind_full_seed203,10.0,4.0,False,0.0,0.0,0.0,0.0,False
penmanshiel,kelmarsh,leave-one-farm-out,Physics-Aligned MoE,203,artifacts\external_wind_runs\penmanshiel\leave_one_farm_out\external_wind_full_seed203,10.5,1.0,False,0.0,0.0,0.0,0.0,False
penmanshiel,kelmarsh,leave-one-farm-out,Physics-Aligned MoE,203,artifacts\external_wind_runs\penmanshiel\leave_one_farm_out\external_wind_full_seed203,10.5,2.0,True,0.0,0.0,0.0,0.0,True
penmanshiel,kelmarsh,leave-one-farm-out,Physics-Aligned MoE,203,artifacts\external_wind_runs\penmanshiel\leave_one_farm_out\external_wind_full_seed203,10.5,3.0,False,0.0,0.0,0.0,0.0,False
penmanshiel,kelmarsh,leave-one-farm-out,Physics-Aligned MoE,203,artifacts\external_wind_runs\penmanshiel\leave_one_farm_out\external_wind_full_seed203,10.5,4.0,False,0.0,0.0,0.0,0.0,False
penmanshiel,kelmarsh,leave-one-farm-out,Physics-Aligned MoE,203,artifacts\external_wind_runs\penmanshiel\leave_one_farm_out\external_wind_full_seed203,11.0,1.0,False,0.0,0.0,0.0,0.0,False
penmanshiel,kelmarsh,leave-one-farm-out,Physics-Aligned MoE,203,artifacts\external_wind_runs\penmanshiel\leave_one_farm_out\external_wind_full_seed203,11.0,2.0,False,0.0,0.0,0.0,0.0,False
penmanshiel,kelmarsh,leave-one-farm-out,Physics-Aligned MoE,203,artifacts\external_wind_runs\penmanshiel\leave_one_farm_out\external_wind_full_seed203,11.0,3.0,False,0.0,0.0,0.0,0.0,False
penmanshiel,kelmarsh,leave-one-farm-out,Physics-Aligned MoE,203,artifacts\external_wind_runs\penmanshiel\leave_one_farm_out\external_wind_full_seed203,11.0,4.0,False,0.0,0.0,0.0,0.0,False
penmanshiel,kelmarsh,leave-one-farm-out,Physics-Aligned MoE,203,artifacts\external_wind_runs\penmanshiel\leave_one_farm_out\external_wind_full_seed203,11.5,1.0,False,0.0,0.0,0.0,0.0,False
penmanshiel,kelmarsh,leave-one-farm-out,Physics-Aligned MoE,203,artifacts\external_wind_runs\penmanshiel\leave_one_farm_out\external_wind_full_seed203,11.5,2.0,False,0.0,0.0,0.0,0.0,False
penmanshiel,kelmarsh,leave-one-farm-out,Physics-Aligned MoE,203,artifacts\external_wind_runs\penmanshiel\leave_one_farm_out\external_wind_full_seed203,11.5,3.0,False,0.0,0.0,0.0,0.0,False
penmanshiel,kelmarsh,leave-one-farm-out,Physics-Aligned MoE,203,artifacts\external_wind_runs\penmanshiel\leave_one_farm_out\external_wind_full_seed203,11.5,4.0,False,0.0,0.0,0.0,0.0,False
kelmarsh,,chronological,Physics-Aligned MoE,203,artifacts\external_wind_runs\kelmarsh\chronological\external_wind_full_seed203,9.5,1.0,False,0.3706851565069066,0.3952917809602188,0.34566127442825717,0.33666476502994463,False
kelmarsh,,chronological,Physics-Aligned MoE,203,artifacts\external_wind_runs\kelmarsh\chronological\external_wind_full_seed203,9.5,2.0,False,0.33402255672626774,0.3443201559510413,0.30407723059985786,0.27779164642897397,False
kelmarsh,,chronological,Physics-Aligned MoE,203,artifacts\external_wind_runs\kelmarsh\chronological\external_wind_full_seed203,9.5,3.0,False,0.3394509133317411,0.3552125856537144,0.3065723181624057,0.2871827381942019,False
kelmarsh,,chronological,Physics-Aligned MoE,203,artifacts\external_wind_runs\kelmarsh\chronological\external_wind_full_seed203,9.5,4.0,False,0.3430733216146533,0.36110676198493913,0.30848026072132667,0.2936387138404926,False
kelmarsh,,chronological,Physics-Aligned MoE,203,artifacts\external_wind_runs\kelmarsh\chronological\external_wind_full_seed203,10.0,1.0,False,0.377726683444245,0.4114613372003369,0.35065459186520004,0.3526572894119156,False
kelmarsh,,chronological,Physics-Aligned MoE,203,artifacts\external_wind_runs\kelmarsh\chronological\external_wind_full_seed203,10.0,2.0,False,0.3368384137559283,0.3518643925061464,0.30623507576902653,0.28621528901197585,False
kelmarsh,,chronological,Physics-Aligned MoE,203,artifacts\external_wind_runs\kelmarsh\chronological\external_wind_full_seed203,10.0,3.0,False,0.3414571027758582,0.36088191691282134,0.308493748880591,0.2943198461611245,False
kelmarsh,,chronological,Physics-Aligned MoE,203,artifacts\external_wind_runs\kelmarsh\chronological\external_wind_full_seed203,10.0,4.0,False,0.34487026663217246,0.36635676821923047,0.3104799331551812,0.30067721275475745,False
kelmarsh,,chronological,Physics-Aligned MoE,203,artifacts\external_wind_runs\kelmarsh\chronological\external_wind_full_seed203,10.5,1.0,False,0.38940270171782754,0.432658381708485,0.35855491195838424,0.37299141207096803,False
kelmarsh,,chronological,Physics-Aligned MoE,203,artifacts\external_wind_runs\kelmarsh\chronological\external_wind_full_seed203,10.5,2.0,True,0.342222997808937,0.36270406046757253,0.3096048196112004,0.2969507393926776,False
kelmarsh,,chronological,Physics-Aligned MoE,203,artifacts\external_wind_runs\kelmarsh\chronological\external_wind_full_seed203,10.5,3.0,False,0.3440471921798747,0.3664532562002345,0.3105319169764873,0.30079079140599474,False
kelmarsh,,chronological,Physics-Aligned MoE,203,artifacts\external_wind_runs\kelmarsh\chronological\external_wind_full_seed203,10.5,4.0,False,0.3465093420139193,0.3703380244401959,0.31186032430896893,0.3052626057103637,False
kelmarsh,,chronological,Physics-Aligned MoE,203,artifacts\external_wind_runs\kelmarsh\chronological\external_wind_full_seed203,11.0,1.0,False,0.39833132201804555,0.44535053023316096,0.3655446654600803,0.38780525690014644,False
kelmarsh,,chronological,Physics-Aligned MoE,203,artifacts\external_wind_runs\kelmarsh\chronological\external_wind_full_seed203,11.0,2.0,False,0.3484249021642896,0.37237204185968503,0.31382475952628547,0.3078011820061818,False
kelmarsh,,chronological,Physics-Aligned MoE,203,artifacts\external_wind_runs\kelmarsh\chronological\external_wind_full_seed203,11.0,3.0,False,0.34864425819190487,0.37351734011835497,0.3137083279871651,0.3088906928200293,False
kelmarsh,,chronological,Physics-Aligned MoE,203,artifacts\external_wind_runs\kelmarsh\chronological\external_wind_full_seed203,11.0,4.0,False,0.3489571359635303,0.37429204442497344,0.31371492383389576,0.3101028891565414,False
kelmarsh,,chronological,Physics-Aligned MoE,203,artifacts\external_wind_runs\kelmarsh\chronological\external_wind_full_seed203,11.5,1.0,False,0.4054549249944484,0.45333968009542663,0.37032603338116393,0.3964923074525846,True
kelmarsh,,chronological,Physics-Aligned MoE,203,artifacts\external_wind_runs\kelmarsh\chronological\external_wind_full_seed203,11.5,2.0,False,0.35388221471246195,0.3789925132719012,0.31700257395754533,0.3146326232667192,False
kelmarsh,,chronological,Physics-Aligned MoE,203,artifacts\external_wind_runs\kelmarsh\chronological\external_wind_full_seed203,11.5,3.0,False,0.3537155276288057,0.37964573294332316,0.31686627725481953,0.3156401948034417,False
kelmarsh,,chronological,Physics-Aligned MoE,203,artifacts\external_wind_runs\kelmarsh\chronological\external_wind_full_seed203,11.5,4.0,False,0.35349566664529347,0.3797507196347698,0.3162874818121122,0.3156029652490688,False
penmanshiel,,chronological,Physics-Aligned MoE,203,artifacts\external_wind_runs\penmanshiel\chronological\external_wind_full_seed203,9.5,1.0,False,0.0,0.0,0.0,0.0,False
penmanshiel,,chronological,Physics-Aligned MoE,203,artifacts\external_wind_runs\penmanshiel\chronological\external_wind_full_seed203,9.5,2.0,False,0.0,0.0,0.0,0.0,False
penmanshiel,,chronological,Physics-Aligned MoE,203,artifacts\external_wind_runs\penmanshiel\chronological\external_wind_full_seed203,9.5,3.0,False,0.0,0.0,0.0,0.0,False
penmanshiel,,chronological,Physics-Aligned MoE,203,artifacts\external_wind_runs\penmanshiel\chronological\external_wind_full_seed203,9.5,4.0,False,0.0,0.0,0.0,0.0,False
penmanshiel,,chronological,Physics-Aligned MoE,203,artifacts\external_wind_runs\penmanshiel\chronological\external_wind_full_seed203,10.0,1.0,False,0.0,0.0,0.0,0.0,False
penmanshiel,,chronological,Physics-Aligned MoE,203,artifacts\external_wind_runs\penmanshiel\chronological\external_wind_full_seed203,10.0,2.0,False,0.0,0.0,0.0,0.0,False
penmanshiel,,chronological,Physics-Aligned MoE,203,artifacts\external_wind_runs\penmanshiel\chronological\external_wind_full_seed203,10.0,3.0,False,0.0,0.0,0.0,0.0,False
penmanshiel,,chronological,Physics-Aligned MoE,203,artifacts\external_wind_runs\penmanshiel\chronological\external_wind_full_seed203,10.0,4.0,False,0.0,0.0,0.0,0.0,False
penmanshiel,,chronological,Physics-Aligned MoE,203,artifacts\external_wind_runs\penmanshiel\chronological\external_wind_full_seed203,10.5,1.0,False,0.0,0.0,0.0,0.0,False
penmanshiel,,chronological,Physics-Aligned MoE,203,artifacts\external_wind_runs\penmanshiel\chronological\external_wind_full_seed203,10.5,2.0,True,0.0,0.0,0.0,0.0,True
penmanshiel,,chronological,Physics-Aligned MoE,203,artifacts\external_wind_runs\penmanshiel\chronological\external_wind_full_seed203,10.5,3.0,False,0.0,0.0,0.0,0.0,False
penmanshiel,,chronological,Physics-Aligned MoE,203,artifacts\external_wind_runs\penmanshiel\chronological\external_wind_full_seed203,10.5,4.0,False,0.0,0.0,0.0,0.0,False
penmanshiel,,chronological,Physics-Aligned MoE,203,artifacts\external_wind_runs\penmanshiel\chronological\external_wind_full_seed203,11.0,1.0,False,0.0,0.0,0.0,0.0,False
penmanshiel,,chronological,Physics-Aligned MoE,203,artifacts\external_wind_runs\penmanshiel\chronological\external_wind_full_seed203,11.0,2.0,False,0.0,0.0,0.0,0.0,False
penmanshiel,,chronological,Physics-Aligned MoE,203,artifacts\external_wind_runs\penmanshiel\chronological\external_wind_full_seed203,11.0,3.0,False,0.0,0.0,0.0,0.0,False
penmanshiel,,chronological,Physics-Aligned MoE,203,artifacts\external_wind_runs\penmanshiel\chronological\external_wind_full_seed203,11.0,4.0,False,0.0,0.0,0.0,0.0,False
penmanshiel,,chronological,Physics-Aligned MoE,203,artifacts\external_wind_runs\penmanshiel\chronological\external_wind_full_seed203,11.5,1.0,False,0.0,0.0,0.0,0.0,False
penmanshiel,,chronological,Physics-Aligned MoE,203,artifacts\external_wind_runs\penmanshiel\chronological\external_wind_full_seed203,11.5,2.0,False,0.0,0.0,0.0,0.0,False
penmanshiel,,chronological,Physics-Aligned MoE,203,artifacts\external_wind_runs\penmanshiel\chronological\external_wind_full_seed203,11.5,3.0,False,0.0,0.0,0.0,0.0,False
penmanshiel,,chronological,Physics-Aligned MoE,203,artifacts\external_wind_runs\penmanshiel\chronological\external_wind_full_seed203,11.5,4.0,False,0.0,0.0,0.0,0.0,False
kelmarsh,penmanshiel,leave-one-farm-out,Physics-Aligned MoE,204,artifacts\external_wind_runs\kelmarsh\leave_one_farm_out\external_wind_full_seed204,9.5,1.0,False,0.05519009420353466,-0.007590319123404177,0.03077805588555673,0.03597197702421018,False
kelmarsh,penmanshiel,leave-one-farm-out,Physics-Aligned MoE,204,artifacts\external_wind_runs\kelmarsh\leave_one_farm_out\external_wind_full_seed204,9.5,2.0,False,0.04562617487705679,-0.003629121063546804,0.03077805588555673,0.03597197702421018,False
kelmarsh,penmanshiel,leave-one-farm-out,Physics-Aligned MoE,204,artifacts\external_wind_runs\kelmarsh\leave_one_farm_out\external_wind_full_seed204,9.5,3.0,False,0.04589254934524282,-0.0031567741657877175,0.03077805588555673,0.03597197702421018,False
kelmarsh,penmanshiel,leave-one-farm-out,Physics-Aligned MoE,204,artifacts\external_wind_runs\kelmarsh\leave_one_farm_out\external_wind_full_seed204,9.5,4.0,False,0.04599185736220277,-0.0027644516410360548,0.03077805588555673,0.03597197702421018,False
kelmarsh,penmanshiel,leave-one-farm-out,Physics-Aligned MoE,204,artifacts\external_wind_runs\kelmarsh\leave_one_farm_out\external_wind_full_seed204,10.0,1.0,False,0.05577303007775558,-0.007301754672168301,0.03198824969889781,0.035641975757562776,False
kelmarsh,penmanshiel,leave-one-farm-out,Physics-Aligned MoE,204,artifacts\external_wind_runs\kelmarsh\leave_one_farm_out\external_wind_full_seed204,10.0,2.0,False,0.04574687786286851,-0.0038402788831037042,0.03198824969889781,0.035641975757562776,False
kelmarsh,penmanshiel,leave-one-farm-out,Physics-Aligned MoE,204,artifacts\external_wind_runs\kelmarsh\leave_one_farm_out\external_wind_full_seed204,10.0,3.0,False,0.0459146552533712,-0.0034261905290751834,0.03198824969889781,0.035641975757562776,False
kelmarsh,penmanshiel,leave-one-farm-out,Physics-Aligned MoE,204,artifacts\external_wind_runs\kelmarsh\leave_one_farm_out\external_wind_full_seed204,10.0,4.0,False,0.04598441139335771,-0.0030806494736907914,0.03198824969889781,0.035641975757562776,False
kelmarsh,penmanshiel,leave-one-farm-out,Physics-Aligned MoE,204,artifacts\external_wind_runs\kelmarsh\leave_one_farm_out\external_wind_full_seed204,10.5,1.0,False,0.05664627835914582,-0.0068328202912093065,0.03329887148994678,0.03491568823353205,False
kelmarsh,penmanshiel,leave-one-farm-out,Physics-Aligned MoE,204,artifacts\external_wind_runs\kelmarsh\leave_one_farm_out\external_wind_full_seed204,10.5,2.0,True,0.04599411300554025,-0.00378041671001947,0.03329887148994678,0.03491568823353205,False
kelmarsh,penmanshiel,leave-one-farm-out,Physics-Aligned MoE,204,artifacts\external_wind_runs\kelmarsh\leave_one_farm_out\external_wind_full_seed204,10.5,3.0,False,0.04585305685150805,-0.003661501439191033,0.03329887148994678,0.03491568823353205,False
kelmarsh,penmanshiel,leave-one-farm-out,Physics-Aligned MoE,204,artifacts\external_wind_runs\kelmarsh\leave_one_farm_out\external_wind_full_seed204,10.5,4.0,False,0.04582582001735489,-0.003441019948665291,0.03329887148994678,0.03491568823353205,False
kelmarsh,penmanshiel,leave-one-farm-out,Physics-Aligned MoE,204,artifacts\external_wind_runs\kelmarsh\leave_one_farm_out\external_wind_full_seed204,11.0,1.0,False,0.05731286432225822,-0.006490874368379082,0.03438856064829337,0.034220229258957034,False
kelmarsh,penmanshiel,leave-one-farm-out,Physics-Aligned MoE,204,artifacts\external_wind_runs\kelmarsh\leave_one_farm_out\external_wind_full_seed204,11.0,2.0,False,0.04643403860626741,-0.0034900967699633247,0.03438856064829337,0.034220229258957034,False
kelmarsh,penmanshiel,leave-one-farm-out,Physics-Aligned MoE,204,artifacts\external_wind_runs\kelmarsh\leave_one_farm_out\external_wind_full_seed204,11.0,3.0,False,0.04611011995006479,-0.0034539805830680814,0.03438856064829337,0.034220229258957034,False
kelmarsh,penmanshiel,leave-one-farm-out,Physics-Aligned MoE,204,artifacts\external_wind_runs\kelmarsh\leave_one_farm_out\external_wind_full_seed204,11.0,4.0,False,0.045889857106101654,-0.003458611103258198,0.03438856064829337,0.034220229258957034,False
kelmarsh,penmanshiel,leave-one-farm-out,Physics-Aligned MoE,204,artifacts\external_wind_runs\kelmarsh\leave_one_farm_out\external_wind_full_seed204,11.5,1.0,False,0.057755598382834075,-0.006236008738089466,0.03525560039605128,0.03358917153724043,True
kelmarsh,penmanshiel,leave-one-farm-out,Physics-Aligned MoE,204,artifacts\external_wind_runs\kelmarsh\leave_one_farm_out\external_wind_full_seed204,11.5,2.0,False,0.04675537058415595,-0.0032307669097047147,0.03525560039605128,0.03358917153724043,False
kelmarsh,penmanshiel,leave-one-farm-out,Physics-Aligned MoE,204,artifacts\external_wind_runs\kelmarsh\leave_one_farm_out\external_wind_full_seed204,11.5,3.0,False,0.046394913390443826,-0.0032312685989851777,0.03525560039605128,0.03358917153724043,False
kelmarsh,penmanshiel,leave-one-farm-out,Physics-Aligned MoE,204,artifacts\external_wind_runs\kelmarsh\leave_one_farm_out\external_wind_full_seed204,11.5,4.0,False,0.04612870160191735,-0.0032839166099995687,0.03525560039605128,0.03358917153724043,False
penmanshiel,kelmarsh,leave-one-farm-out,Physics-Aligned MoE,204,artifacts\external_wind_runs\penmanshiel\leave_one_farm_out\external_wind_full_seed204,9.5,1.0,False,0.0,0.0,0.0,0.0,False
penmanshiel,kelmarsh,leave-one-farm-out,Physics-Aligned MoE,204,artifacts\external_wind_runs\penmanshiel\leave_one_farm_out\external_wind_full_seed204,9.5,2.0,False,0.0,0.0,0.0,0.0,False
penmanshiel,kelmarsh,leave-one-farm-out,Physics-Aligned MoE,204,artifacts\external_wind_runs\penmanshiel\leave_one_farm_out\external_wind_full_seed204,9.5,3.0,False,0.0,0.0,0.0,0.0,False
penmanshiel,kelmarsh,leave-one-farm-out,Physics-Aligned MoE,204,artifacts\external_wind_runs\penmanshiel\leave_one_farm_out\external_wind_full_seed204,9.5,4.0,False,0.0,0.0,0.0,0.0,False
penmanshiel,kelmarsh,leave-one-farm-out,Physics-Aligned MoE,204,artifacts\external_wind_runs\penmanshiel\leave_one_farm_out\external_wind_full_seed204,10.0,1.0,False,0.0,0.0,0.0,0.0,False
penmanshiel,kelmarsh,leave-one-farm-out,Physics-Aligned MoE,204,artifacts\external_wind_runs\penmanshiel\leave_one_farm_out\external_wind_full_seed204,10.0,2.0,False,0.0,0.0,0.0,0.0,False
penmanshiel,kelmarsh,leave-one-farm-out,Physics-Aligned MoE,204,artifacts\external_wind_runs\penmanshiel\leave_one_farm_out\external_wind_full_seed204,10.0,3.0,False,0.0,0.0,0.0,0.0,False
penmanshiel,kelmarsh,leave-one-farm-out,Physics-Aligned MoE,204,artifacts\external_wind_runs\penmanshiel\leave_one_farm_out\external_wind_full_seed204,10.0,4.0,False,0.0,0.0,0.0,0.0,False
penmanshiel,kelmarsh,leave-one-farm-out,Physics-Aligned MoE,204,artifacts\external_wind_runs\penmanshiel\leave_one_farm_out\external_wind_full_seed204,10.5,1.0,False,0.0,0.0,0.0,0.0,False
penmanshiel,kelmarsh,leave-one-farm-out,Physics-Aligned MoE,204,artifacts\external_wind_runs\penmanshiel\leave_one_farm_out\external_wind_full_seed204,10.5,2.0,True,0.0,0.0,0.0,0.0,True
penmanshiel,kelmarsh,leave-one-farm-out,Physics-Aligned MoE,204,artifacts\external_wind_runs\penmanshiel\leave_one_farm_out\external_wind_full_seed204,10.5,3.0,False,0.0,0.0,0.0,0.0,False
penmanshiel,kelmarsh,leave-one-farm-out,Physics-Aligned MoE,204,artifacts\external_wind_runs\penmanshiel\leave_one_farm_out\external_wind_full_seed204,10.5,4.0,False,0.0,0.0,0.0,0.0,False
penmanshiel,kelmarsh,leave-one-farm-out,Physics-Aligned MoE,204,artifacts\external_wind_runs\penmanshiel\leave_one_farm_out\external_wind_full_seed204,11.0,1.0,False,0.0,0.0,0.0,0.0,False
penmanshiel,kelmarsh,leave-one-farm-out,Physics-Aligned MoE,204,artifacts\external_wind_runs\penmanshiel\leave_one_farm_out\external_wind_full_seed204,11.0,2.0,False,0.0,0.0,0.0,0.0,False
penmanshiel,kelmarsh,leave-one-farm-out,Physics-Aligned MoE,204,artifacts\external_wind_runs\penmanshiel\leave_one_farm_out\external_wind_full_seed204,11.0,3.0,False,0.0,0.0,0.0,0.0,False
penmanshiel,kelmarsh,leave-one-farm-out,Physics-Aligned MoE,204,artifacts\external_wind_runs\penmanshiel\leave_one_farm_out\external_wind_full_seed204,11.0,4.0,False,0.0,0.0,0.0,0.0,False
penmanshiel,kelmarsh,leave-one-farm-out,Physics-Aligned MoE,204,artifacts\external_wind_runs\penmanshiel\leave_one_farm_out\external_wind_full_seed204,11.5,1.0,False,0.0,0.0,0.0,0.0,False
penmanshiel,kelmarsh,leave-one-farm-out,Physics-Aligned MoE,204,artifacts\external_wind_runs\penmanshiel\leave_one_farm_out\external_wind_full_seed204,11.5,2.0,False,0.0,0.0,0.0,0.0,False
penmanshiel,kelmarsh,leave-one-farm-out,Physics-Aligned MoE,204,artifacts\external_wind_runs\penmanshiel\leave_one_farm_out\external_wind_full_seed204,11.5,3.0,False,0.0,0.0,0.0,0.0,False
penmanshiel,kelmarsh,leave-one-farm-out,Physics-Aligned MoE,204,artifacts\external_wind_runs\penmanshiel\leave_one_farm_out\external_wind_full_seed204,11.5,4.0,False,0.0,0.0,0.0,0.0,False
kelmarsh,,chronological,Physics-Aligned MoE,204,artifacts\external_wind_runs\kelmarsh\chronological\external_wind_full_seed204,9.5,1.0,False,0.33366858693863816,0.3334442514216412,0.3010998366062398,0.25592626576836314,False
kelmarsh,,chronological,Physics-Aligned MoE,204,artifacts\external_wind_runs\kelmarsh\chronological\external_wind_full_seed204,9.5,2.0,False,0.30276098837756,0.289926091594428,0.2679103059111827,0.20914149296369708,False
kelmarsh,,chronological,Physics-Aligned MoE,204,artifacts\external_wind_runs\kelmarsh\chronological\external_wind_full_seed204,9.5,3.0,False,0.30668269651595975,0.2992892635097933,0.26860107408510336,0.21625589616175908,False
kelmarsh,,chronological,Physics-Aligned MoE,204,artifacts\external_wind_runs\kelmarsh\chronological\external_wind_full_seed204,9.5,4.0,False,0.3093313190408899,0.3042687172859905,0.2691507987925782,0.22116649895576307,False
kelmarsh,,chronological,Physics-Aligned MoE,204,artifacts\external_wind_runs\kelmarsh\chronological\external_wind_full_seed204,10.0,1.0,False,0.33911016839965535,0.34805956396305815,0.3041068169778904,0.26976606797000785,False
kelmarsh,,chronological,Physics-Aligned MoE,204,artifacts\external_wind_runs\kelmarsh\chronological\external_wind_full_seed204,10.0,2.0,False,0.30520408403954746,0.29745467262737135,0.2696025169397519,0.21751461579623768,False
kelmarsh,,chronological,Physics-Aligned MoE,204,artifacts\external_wind_runs\kelmarsh\chronological\external_wind_full_seed204,10.0,3.0,False,0.3086249825456571,0.3053294273223045,0.27040852630666706,0.22387149398807016,False
kelmarsh,,chronological,Physics-Aligned MoE,204,artifacts\external_wind_runs\kelmarsh\chronological\external_wind_full_seed204,10.0,4.0,False,0.31115323097631387,0.30999115931119864,0.27111818048576475,0.22881169644601917,False
kelmarsh,,chronological,Physics-Aligned MoE,204,artifacts\external_wind_runs\kelmarsh\chronological\external_wind_full_seed204,10.5,1.0,False,0.3480041968272429,0.3663586739347401,0.3086073729280109,0.2858571958426705,False
kelmarsh,,chronological,Physics-Aligned MoE,204,artifacts\external_wind_runs\kelmarsh\chronological\external_wind_full_seed204,10.5,2.0,True,0.3093887123649574,0.30722922555578347,0.27145713076808314,0.2265699896411082,False
kelmarsh,,chronological,Physics-Aligned MoE,204,artifacts\external_wind_runs\kelmarsh\chronological\external_wind_full_seed204,10.5,3.0,False,0.310841362871793,0.3107948911248533,0.27188211211889546,0.22999590327870295,False
kelmarsh,,chronological,Physics-Aligned MoE,204,artifacts\external_wind_runs\kelmarsh\chronological\external_wind_full_seed204,10.5,4.0,False,0.31268931601569794,0.3141605192655952,0.27238770937773926,0.23365642751054386,False
kelmarsh,,chronological,Physics-Aligned MoE,204,artifacts\external_wind_runs\kelmarsh\chronological\external_wind_full_seed204,11.0,1.0,False,0.3549436625007946,0.3772289957796764,0.31280566942198834,0.2974369701567274,False
kelmarsh,,chronological,Physics-Aligned MoE,204,artifacts\external_wind_runs\kelmarsh\chronological\external_wind_full_seed204,11.0,2.0,False,0.3141700420538144,0.3156067793313831,0.2736921273595166,0.2351307467255836,False
kelmarsh,,chronological,Physics-Aligned MoE,204,artifacts\external_wind_runs\kelmarsh\chronological\external_wind_full_seed204,11.0,3.0,False,0.31445562283613043,0.31703873183539927,0.2737114402629924,0.23664536559204596,False
kelmarsh,,chronological,Physics-Aligned MoE,204,artifacts\external_wind_runs\kelmarsh\chronological\external_wind_full_seed204,11.0,4.0,False,0.31469779379191476,0.3178423226658541,0.27364838826899873,0.23801017108281478,False
kelmarsh,,chronological,Physics-Aligned MoE,204,artifacts\external_wind_runs\kelmarsh\chronological\external_wind_full_seed204,11.5,1.0,False,0.36059703658985737,0.38407525459385056,0.3158083398841376,0.30423131018831956,True
kelmarsh,,chronological,Physics-Aligned MoE,204,artifacts\external_wind_runs\kelmarsh\chronological\external_wind_full_seed204,11.5,2.0,False,0.3184843274455921,0.32132470402100977,0.2755001277829759,0.2404843273557915,False
kelmarsh,,chronological,Physics-Aligned MoE,204,artifacts\external_wind_runs\kelmarsh\chronological\external_wind_full_seed204,11.5,3.0,False,0.31848383342255226,0.32235881748515066,0.2755319441519139,0.2419616933864434,False
kelmarsh,,chronological,Physics-Aligned MoE,204,artifacts\external_wind_runs\kelmarsh\chronological\external_wind_full_seed204,11.5,4.0,False,0.31832092530405454,0.3226116827738221,0.2751896046296292,0.24244816933584512,False
penmanshiel,,chronological,Physics-Aligned MoE,204,artifacts\external_wind_runs\penmanshiel\chronological\external_wind_full_seed204,9.5,1.0,False,0.0,0.0,0.0,0.0,False
penmanshiel,,chronological,Physics-Aligned MoE,204,artifacts\external_wind_runs\penmanshiel\chronological\external_wind_full_seed204,9.5,2.0,False,0.0,0.0,0.0,0.0,False
penmanshiel,,chronological,Physics-Aligned MoE,204,artifacts\external_wind_runs\penmanshiel\chronological\external_wind_full_seed204,9.5,3.0,False,0.0,0.0,0.0,0.0,False
penmanshiel,,chronological,Physics-Aligned MoE,204,artifacts\external_wind_runs\penmanshiel\chronological\external_wind_full_seed204,9.5,4.0,False,0.0,0.0,0.0,0.0,False
penmanshiel,,chronological,Physics-Aligned MoE,204,artifacts\external_wind_runs\penmanshiel\chronological\external_wind_full_seed204,10.0,1.0,False,0.0,0.0,0.0,0.0,False
penmanshiel,,chronological,Physics-Aligned MoE,204,artifacts\external_wind_runs\penmanshiel\chronological\external_wind_full_seed204,10.0,2.0,False,0.0,0.0,0.0,0.0,False
penmanshiel,,chronological,Physics-Aligned MoE,204,artifacts\external_wind_runs\penmanshiel\chronological\external_wind_full_seed204,10.0,3.0,False,0.0,0.0,0.0,0.0,False
penmanshiel,,chronological,Physics-Aligned MoE,204,artifacts\external_wind_runs\penmanshiel\chronological\external_wind_full_seed204,10.0,4.0,False,0.0,0.0,0.0,0.0,False
penmanshiel,,chronological,Physics-Aligned MoE,204,artifacts\external_wind_runs\penmanshiel\chronological\external_wind_full_seed204,10.5,1.0,False,0.0,0.0,0.0,0.0,False
penmanshiel,,chronological,Physics-Aligned MoE,204,artifacts\external_wind_runs\penmanshiel\chronological\external_wind_full_seed204,10.5,2.0,True,0.0,0.0,0.0,0.0,True
penmanshiel,,chronological,Physics-Aligned MoE,204,artifacts\external_wind_runs\penmanshiel\chronological\external_wind_full_seed204,10.5,3.0,False,0.0,0.0,0.0,0.0,False
penmanshiel,,chronological,Physics-Aligned MoE,204,artifacts\external_wind_runs\penmanshiel\chronological\external_wind_full_seed204,10.5,4.0,False,0.0,0.0,0.0,0.0,False
penmanshiel,,chronological,Physics-Aligned MoE,204,artifacts\external_wind_runs\penmanshiel\chronological\external_wind_full_seed204,11.0,1.0,False,0.0,0.0,0.0,0.0,False
penmanshiel,,chronological,Physics-Aligned MoE,204,artifacts\external_wind_runs\penmanshiel\chronological\external_wind_full_seed204,11.0,2.0,False,0.0,0.0,0.0,0.0,False
penmanshiel,,chronological,Physics-Aligned MoE,204,artifacts\external_wind_runs\penmanshiel\chronological\external_wind_full_seed204,11.0,3.0,False,0.0,0.0,0.0,0.0,False
penmanshiel,,chronological,Physics-Aligned MoE,204,artifacts\external_wind_runs\penmanshiel\chronological\external_wind_full_seed204,11.0,4.0,False,0.0,0.0,0.0,0.0,False
penmanshiel,,chronological,Physics-Aligned MoE,204,artifacts\external_wind_runs\penmanshiel\chronological\external_wind_full_seed204,11.5,1.0,False,0.0,0.0,0.0,0.0,False
penmanshiel,,chronological,Physics-Aligned MoE,204,artifacts\external_wind_runs\penmanshiel\chronological\external_wind_full_seed204,11.5,2.0,False,0.0,0.0,0.0,0.0,False
penmanshiel,,chronological,Physics-Aligned MoE,204,artifacts\external_wind_runs\penmanshiel\chronological\external_wind_full_seed204,11.5,3.0,False,0.0,0.0,0.0,0.0,False
penmanshiel,,chronological,Physics-Aligned MoE,204,artifacts\external_wind_runs\penmanshiel\chronological\external_wind_full_seed204,11.5,4.0,False,0.0,0.0,0.0,0.0,False
kelmarsh,penmanshiel,leave-one-farm-out,Physics-Aligned MoE,205,artifacts\external_wind_runs\kelmarsh\leave_one_farm_out\external_wind_full_seed205,9.5,1.0,False,0.09219219882002624,0.18337023627007298,0.023408417545243067,-0.03236163729509903,False
kelmarsh,penmanshiel,leave-one-farm-out,Physics-Aligned MoE,205,artifacts\external_wind_runs\kelmarsh\leave_one_farm_out\external_wind_full_seed205,9.5,2.0,False,0.11020803382982139,0.20775073428872165,0.023408417545243067,-0.03236163729509903,False
kelmarsh,penmanshiel,leave-one-farm-out,Physics-Aligned MoE,205,artifacts\external_wind_runs\kelmarsh\leave_one_farm_out\external_wind_full_seed205,9.5,3.0,False,0.11137359759197357,0.21074990655291884,0.023408417545243067,-0.03236163729509903,False
kelmarsh,penmanshiel,leave-one-farm-out,Physics-Aligned MoE,205,artifacts\external_wind_runs\kelmarsh\leave_one_farm_out\external_wind_full_seed205,9.5,4.0,False,0.112222441387373,0.21259818284948956,0.023408417545243067,-0.03236163729509903,True
kelmarsh,penmanshiel,leave-one-farm-out,Physics-Aligned MoE,205,artifacts\external_wind_runs\kelmarsh\leave_one_farm_out\external_wind_full_seed205,10.0,1.0,False,0.09050542936525462,0.18117584770584347,0.022474218120792127,-0.03300043511169649,False
kelmarsh,penmanshiel,leave-one-farm-out,Physics-Aligned MoE,205,artifacts\external_wind_runs\kelmarsh\leave_one_farm_out\external_wind_full_seed205,10.0,2.0,False,0.10683529893601632,0.2013258893104863,0.022474218120792127,-0.03300043511169649,False
kelmarsh,penmanshiel,leave-one-farm-out,Physics-Aligned MoE,205,artifacts\external_wind_runs\kelmarsh\leave_one_farm_out\external_wind_full_seed205,10.0,3.0,False,0.1075101083606401,0.20314746779312304,0.022474218120792127,-0.03300043511169649,False
kelmarsh,penmanshiel,leave-one-farm-out,Physics-Aligned MoE,205,artifacts\external_wind_runs\kelmarsh\leave_one_farm_out\external_wind_full_seed205,10.0,4.0,False,0.1082148996062837,0.20469008299681485,0.022474218120792127,-0.03300043511169649,False
kelmarsh,penmanshiel,leave-one-farm-out,Physics-Aligned MoE,205,artifacts\external_wind_runs\kelmarsh\leave_one_farm_out\external_wind_full_seed205,10.5,1.0,False,0.09105886800342917,0.18395643248773008,0.021713829087604396,-0.03348566072646403,False
kelmarsh,penmanshiel,leave-one-farm-out,Physics-Aligned MoE,205,artifacts\external_wind_runs\kelmarsh\leave_one_farm_out\external_wind_full_seed205,10.5,2.0,True,0.10599244441379073,0.20032537069610198,0.021713829087604396,-0.03348566072646403,False
kelmarsh,penmanshiel,leave-one-farm-out,Physics-Aligned MoE,205,artifacts\external_wind_runs\kelmarsh\leave_one_farm_out\external_wind_full_seed205,10.5,3.0,False,0.10549607222095449,0.1993000288564326,0.021713829087604396,-0.03348566072646403,False
kelmarsh,penmanshiel,leave-one-farm-out,Physics-Aligned MoE,205,artifacts\external_wind_runs\kelmarsh\leave_one_farm_out\external_wind_full_seed205,10.5,4.0,False,0.10582878325879169,0.1999801688832921,0.021713829087604396,-0.03348566072646403,False
kelmarsh,penmanshiel,leave-one-farm-out,Physics-Aligned MoE,205,artifacts\external_wind_runs\kelmarsh\leave_one_farm_out\external_wind_full_seed205,11.0,1.0,False,0.09175799828812338,0.1861069551252508,0.02113490394794504,-0.03383313810855293,False
kelmarsh,penmanshiel,leave-one-farm-out,Physics-Aligned MoE,205,artifacts\external_wind_runs\kelmarsh\leave_one_farm_out\external_wind_full_seed205,11.0,2.0,False,0.10661055700557488,0.20206752194769437,0.02113490394794504,-0.03383313810855293,False
kelmarsh,penmanshiel,leave-one-farm-out,Physics-Aligned MoE,205,artifacts\external_wind_runs\kelmarsh\leave_one_farm_out\external_wind_full_seed205,11.0,3.0,False,0.10553627343401357,0.1996868938574067,0.02113490394794504,-0.03383313810855293,False
kelmarsh,penmanshiel,leave-one-farm-out,Physics-Aligned MoE,205,artifacts\external_wind_runs\kelmarsh\leave_one_farm_out\external_wind_full_seed205,11.0,4.0,False,0.10517879488104409,0.19879014603203374,0.02113490394794504,-0.03383313810855293,False
kelmarsh,penmanshiel,leave-one-farm-out,Physics-Aligned MoE,205,artifacts\external_wind_runs\kelmarsh\leave_one_farm_out\external_wind_full_seed205,11.5,1.0,False,0.09227673082747707,0.1874052889801139,0.020721974533197598,-0.03406892600739332,False
kelmarsh,penmanshiel,leave-one-farm-out,Physics-Aligned MoE,205,artifacts\external_wind_runs\kelmarsh\leave_one_farm_out\external_wind_full_seed205,11.5,2.0,False,0.10720632874556293,0.20338864979552235,0.020721974533197598,-0.03406892600739332,False
kelmarsh,penmanshiel,leave-one-farm-out,Physics-Aligned MoE,205,artifacts\external_wind_runs\kelmarsh\leave_one_farm_out\external_wind_full_seed205,11.5,3.0,False,0.10601113256382241,0.20075106331811782,0.020721974533197598,-0.03406892600739332,False
kelmarsh,penmanshiel,leave-one-farm-out,Physics-Aligned MoE,205,artifacts\external_wind_runs\kelmarsh\leave_one_farm_out\external_wind_full_seed205,11.5,4.0,False,0.10550032837742165,0.19952071355199874,0.020721974533197598,-0.03406892600739332,False
penmanshiel,kelmarsh,leave-one-farm-out,Physics-Aligned MoE,205,artifacts\external_wind_runs\penmanshiel\leave_one_farm_out\external_wind_full_seed205,9.5,1.0,False,0.0,0.0,0.0,0.0,False
penmanshiel,kelmarsh,leave-one-farm-out,Physics-Aligned MoE,205,artifacts\external_wind_runs\penmanshiel\leave_one_farm_out\external_wind_full_seed205,9.5,2.0,False,0.0,0.0,0.0,0.0,False
penmanshiel,kelmarsh,leave-one-farm-out,Physics-Aligned MoE,205,artifacts\external_wind_runs\penmanshiel\leave_one_farm_out\external_wind_full_seed205,9.5,3.0,False,0.0,0.0,0.0,0.0,False
penmanshiel,kelmarsh,leave-one-farm-out,Physics-Aligned MoE,205,artifacts\external_wind_runs\penmanshiel\leave_one_farm_out\external_wind_full_seed205,9.5,4.0,False,0.0,0.0,0.0,0.0,False
penmanshiel,kelmarsh,leave-one-farm-out,Physics-Aligned MoE,205,artifacts\external_wind_runs\penmanshiel\leave_one_farm_out\external_wind_full_seed205,10.0,1.0,False,0.0,0.0,0.0,0.0,False
penmanshiel,kelmarsh,leave-one-farm-out,Physics-Aligned MoE,205,artifacts\external_wind_runs\penmanshiel\leave_one_farm_out\external_wind_full_seed205,10.0,2.0,False,0.0,0.0,0.0,0.0,False
penmanshiel,kelmarsh,leave-one-farm-out,Physics-Aligned MoE,205,artifacts\external_wind_runs\penmanshiel\leave_one_farm_out\external_wind_full_seed205,10.0,3.0,False,0.0,0.0,0.0,0.0,False
penmanshiel,kelmarsh,leave-one-farm-out,Physics-Aligned MoE,205,artifacts\external_wind_runs\penmanshiel\leave_one_farm_out\external_wind_full_seed205,10.0,4.0,False,0.0,0.0,0.0,0.0,False
penmanshiel,kelmarsh,leave-one-farm-out,Physics-Aligned MoE,205,artifacts\external_wind_runs\penmanshiel\leave_one_farm_out\external_wind_full_seed205,10.5,1.0,False,0.0,0.0,0.0,0.0,False
penmanshiel,kelmarsh,leave-one-farm-out,Physics-Aligned MoE,205,artifacts\external_wind_runs\penmanshiel\leave_one_farm_out\external_wind_full_seed205,10.5,2.0,True,0.0,0.0,0.0,0.0,True
penmanshiel,kelmarsh,leave-one-farm-out,Physics-Aligned MoE,205,artifacts\external_wind_runs\penmanshiel\leave_one_farm_out\external_wind_full_seed205,10.5,3.0,False,0.0,0.0,0.0,0.0,False
penmanshiel,kelmarsh,leave-one-farm-out,Physics-Aligned MoE,205,artifacts\external_wind_runs\penmanshiel\leave_one_farm_out\external_wind_full_seed205,10.5,4.0,False,0.0,0.0,0.0,0.0,False
penmanshiel,kelmarsh,leave-one-farm-out,Physics-Aligned MoE,205,artifacts\external_wind_runs\penmanshiel\leave_one_farm_out\external_wind_full_seed205,11.0,1.0,False,0.0,0.0,0.0,0.0,False
penmanshiel,kelmarsh,leave-one-farm-out,Physics-Aligned MoE,205,artifacts\external_wind_runs\penmanshiel\leave_one_farm_out\external_wind_full_seed205,11.0,2.0,False,0.0,0.0,0.0,0.0,False
penmanshiel,kelmarsh,leave-one-farm-out,Physics-Aligned MoE,205,artifacts\external_wind_runs\penmanshiel\leave_one_farm_out\external_wind_full_seed205,11.0,3.0,False,0.0,0.0,0.0,0.0,False
penmanshiel,kelmarsh,leave-one-farm-out,Physics-Aligned MoE,205,artifacts\external_wind_runs\penmanshiel\leave_one_farm_out\external_wind_full_seed205,11.0,4.0,False,0.0,0.0,0.0,0.0,False
penmanshiel,kelmarsh,leave-one-farm-out,Physics-Aligned MoE,205,artifacts\external_wind_runs\penmanshiel\leave_one_farm_out\external_wind_full_seed205,11.5,1.0,False,0.0,0.0,0.0,0.0,False
penmanshiel,kelmarsh,leave-one-farm-out,Physics-Aligned MoE,205,artifacts\external_wind_runs\penmanshiel\leave_one_farm_out\external_wind_full_seed205,11.5,2.0,False,0.0,0.0,0.0,0.0,False
penmanshiel,kelmarsh,leave-one-farm-out,Physics-Aligned MoE,205,artifacts\external_wind_runs\penmanshiel\leave_one_farm_out\external_wind_full_seed205,11.5,3.0,False,0.0,0.0,0.0,0.0,False
penmanshiel,kelmarsh,leave-one-farm-out,Physics-Aligned MoE,205,artifacts\external_wind_runs\penmanshiel\leave_one_farm_out\external_wind_full_seed205,11.5,4.0,False,0.0,0.0,0.0,0.0,False
kelmarsh,,chronological,Physics-Aligned MoE,205,artifacts\external_wind_runs\kelmarsh\chronological\external_wind_full_seed205,9.5,1.0,False,0.7158124339593378,0.7898014648475565,0.6891306304240379,0.7359700876895152,False
kelmarsh,,chronological,Physics-Aligned MoE,205,artifacts\external_wind_runs\kelmarsh\chronological\external_wind_full_seed205,9.5,2.0,False,0.7453571528675389,0.8362421903497903,0.719000243783725,0.7852824448692057,False
kelmarsh,,chronological,Physics-Aligned MoE,205,artifacts\external_wind_runs\kelmarsh\chronological\external_wind_full_seed205,9.5,3.0,False,0.7745069221518498,0.8703126831191342,0.7430416682291713,0.8189899190759714,False
kelmarsh,,chronological,Physics-Aligned MoE,205,artifacts\external_wind_runs\kelmarsh\chronological\external_wind_full_seed205,9.5,4.0,False,0.7936813574064427,0.8900137225654051,0.7618847520998453,0.8449584274916877,False
kelmarsh,,chronological,Physics-Aligned MoE,205,artifacts\external_wind_runs\kelmarsh\chronological\external_wind_full_seed205,10.0,1.0,False,0.7380010007077964,0.8204263797351653,0.7071039010589114,0.7650741682274326,False
kelmarsh,,chronological,Physics-Aligned MoE,205,artifacts\external_wind_runs\kelmarsh\chronological\external_wind_full_seed205,10.0,2.0,False,0.752532168841406,0.8449649791255261,0.72386898427279,0.7928435522026867,False
kelmarsh,,chronological,Physics-Aligned MoE,205,artifacts\external_wind_runs\kelmarsh\chronological\external_wind_full_seed205,10.0,3.0,False,0.7767311192587526,0.8725876473079665,0.7440841460703613,0.8207689444284326,False
kelmarsh,,chronological,Physics-Aligned MoE,205,artifacts\external_wind_runs\kelmarsh\chronological\external_wind_full_seed205,10.0,4.0,False,0.794496060993153,0.8906917934875778,0.7622867350866215,0.845731444784561,False
kelmarsh,,chronological,Physics-Aligned MoE,205,artifacts\external_wind_runs\kelmarsh\chronological\external_wind_full_seed205,10.5,1.0,False,0.777683678582718,0.8686174435190077,0.7403574829221409,0.8133777799257167,False
kelmarsh,,chronological,Physics-Aligned MoE,205,artifacts\external_wind_runs\kelmarsh\chronological\external_wind_full_seed205,10.5,2.0,True,0.7744703102513923,0.8701133824929475,0.742882564662469,0.8191672580889628,False
kelmarsh,,chronological,Physics-Aligned MoE,205,artifacts\external_wind_runs\kelmarsh\chronological\external_wind_full_seed205,10.5,3.0,False,0.7843279048583721,0.8804959145001556,0.7515166228834577,0.8304982739292793,False
kelmarsh,,chronological,Physics-Aligned MoE,205,artifacts\external_wind_runs\kelmarsh\chronological\external_wind_full_seed205,10.5,4.0,False,0.7972772775658523,0.8932809201111659,0.7640958428584061,0.8478953461285083,False
kelmarsh,,chronological,Physics-Aligned MoE,205,artifacts\external_wind_runs\kelmarsh\chronological\external_wind_full_seed205,11.0,1.0,False,0.8074309485851231,0.89881394491184,0.7689971819029534,0.8503882717609764,False
kelmarsh,,chronological,Physics-Aligned MoE,205,artifacts\external_wind_runs\kelmarsh\chronological\external_wind_full_seed205,11.0,2.0,False,0.8012324138099048,0.8970137911572454,0.7689688030367426,0.8522516627529816,False
kelmarsh,,chronological,Physics-Aligned MoE,205,artifacts\external_wind_runs\kelmarsh\chronological\external_wind_full_seed205,11.0,3.0,False,0.8033059223655407,0.8988688887284874,0.7695782094181361,0.8529504248393323,False
kelmarsh,,chronological,Physics-Aligned MoE,205,artifacts\external_wind_runs\kelmarsh\chronological\external_wind_full_seed205,11.0,4.0,False,0.8061482948513353,0.9014008009097423,0.7723771552383919,0.8577688791013671,False
kelmarsh,,chronological,Physics-Aligned MoE,205,artifacts\external_wind_runs\kelmarsh\chronological\external_wind_full_seed205,11.5,1.0,False,0.8304225506024953,0.9180430268397539,0.7879459581669354,0.8724298276990424,True
kelmarsh,,chronological,Physics-Aligned MoE,205,artifacts\external_wind_runs\kelmarsh\chronological\external_wind_full_seed205,11.5,2.0,False,0.8238446319503839,0.9159283769987621,0.7877354062570322,0.8738230643398114,False
kelmarsh,,chronological,Physics-Aligned MoE,205,artifacts\external_wind_runs\kelmarsh\chronological\external_wind_full_seed205,11.5,3.0,False,0.8241672916040731,0.9161615797008134,0.7880914009016818,0.8741724166065875,False
kelmarsh,,chronological,Physics-Aligned MoE,205,artifacts\external_wind_runs\kelmarsh\chronological\external_wind_full_seed205,11.5,4.0,False,0.8246194442174788,0.91649265259861,0.7868553948648584,0.8741748599485394,False
penmanshiel,,chronological,Physics-Aligned MoE,205,artifacts\external_wind_runs\penmanshiel\chronological\external_wind_full_seed205,9.5,1.0,False,0.0,0.0,0.0,0.0,False
penmanshiel,,chronological,Physics-Aligned MoE,205,artifacts\external_wind_runs\penmanshiel\chronological\external_wind_full_seed205,9.5,2.0,False,0.0,0.0,0.0,0.0,False
penmanshiel,,chronological,Physics-Aligned MoE,205,artifacts\external_wind_runs\penmanshiel\chronological\external_wind_full_seed205,9.5,3.0,False,0.0,0.0,0.0,0.0,False
penmanshiel,,chronological,Physics-Aligned MoE,205,artifacts\external_wind_runs\penmanshiel\chronological\external_wind_full_seed205,9.5,4.0,False,0.0,0.0,0.0,0.0,False
penmanshiel,,chronological,Physics-Aligned MoE,205,artifacts\external_wind_runs\penmanshiel\chronological\external_wind_full_seed205,10.0,1.0,False,0.0,0.0,0.0,0.0,False
penmanshiel,,chronological,Physics-Aligned MoE,205,artifacts\external_wind_runs\penmanshiel\chronological\external_wind_full_seed205,10.0,2.0,False,0.0,0.0,0.0,0.0,False
penmanshiel,,chronological,Physics-Aligned MoE,205,artifacts\external_wind_runs\penmanshiel\chronological\external_wind_full_seed205,10.0,3.0,False,0.0,0.0,0.0,0.0,False
penmanshiel,,chronological,Physics-Aligned MoE,205,artifacts\external_wind_runs\penmanshiel\chronological\external_wind_full_seed205,10.0,4.0,False,0.0,0.0,0.0,0.0,False
penmanshiel,,chronological,Physics-Aligned MoE,205,artifacts\external_wind_runs\penmanshiel\chronological\external_wind_full_seed205,10.5,1.0,False,0.0,0.0,0.0,0.0,False
penmanshiel,,chronological,Physics-Aligned MoE,205,artifacts\external_wind_runs\penmanshiel\chronological\external_wind_full_seed205,10.5,2.0,True,0.0,0.0,0.0,0.0,True
penmanshiel,,chronological,Physics-Aligned MoE,205,artifacts\external_wind_runs\penmanshiel\chronological\external_wind_full_seed205,10.5,3.0,False,0.0,0.0,0.0,0.0,False
penmanshiel,,chronological,Physics-Aligned MoE,205,artifacts\external_wind_runs\penmanshiel\chronological\external_wind_full_seed205,10.5,4.0,False,0.0,0.0,0.0,0.0,False
penmanshiel,,chronological,Physics-Aligned MoE,205,artifacts\external_wind_runs\penmanshiel\chronological\external_wind_full_seed205,11.0,1.0,False,0.0,0.0,0.0,0.0,False
penmanshiel,,chronological,Physics-Aligned MoE,205,artifacts\external_wind_runs\penmanshiel\chronological\external_wind_full_seed205,11.0,2.0,False,0.0,0.0,0.0,0.0,False
penmanshiel,,chronological,Physics-Aligned MoE,205,artifacts\external_wind_runs\penmanshiel\chronological\external_wind_full_seed205,11.0,3.0,False,0.0,0.0,0.0,0.0,False
penmanshiel,,chronological,Physics-Aligned MoE,205,artifacts\external_wind_runs\penmanshiel\chronological\external_wind_full_seed205,11.0,4.0,False,0.0,0.0,0.0,0.0,False
penmanshiel,,chronological,Physics-Aligned MoE,205,artifacts\external_wind_runs\penmanshiel\chronological\external_wind_full_seed205,11.5,1.0,False,0.0,0.0,0.0,0.0,False
penmanshiel,,chronological,Physics-Aligned MoE,205,artifacts\external_wind_runs\penmanshiel\chronological\external_wind_full_seed205,11.5,2.0,False,0.0,0.0,0.0,0.0,False
penmanshiel,,chronological,Physics-Aligned MoE,205,artifacts\external_wind_runs\penmanshiel\chronological\external_wind_full_seed205,11.5,3.0,False,0.0,0.0,0.0,0.0,False
penmanshiel,,chronological,Physics-Aligned MoE,205,artifacts\external_wind_runs\penmanshiel\chronological\external_wind_full_seed205,11.5,4.0,False,0.0,0.0,0.0,0.0,False
kelmarsh,penmanshiel,leave-one-farm-out,MoE + L_bal + L_align + L_force,201,artifacts\external_wind_runs\kelmarsh\leave_one_farm_out\external_wind_bal_align_force_seed201,9.5,1.0,False,0.08331567426648046,-0.00393525780669947,0.06535957529458562,0.04542724129619969,True
kelmarsh,penmanshiel,leave-one-farm-out,MoE + L_bal + L_align + L_force,201,artifacts\external_wind_runs\kelmarsh\leave_one_farm_out\external_wind_bal_align_force_seed201,9.5,2.0,False,0.07438701881477083,-0.008645139261221945,0.06535957529458562,0.04542724129619969,False
kelmarsh,penmanshiel,leave-one-farm-out,MoE + L_bal + L_align + L_force,201,artifacts\external_wind_runs\kelmarsh\leave_one_farm_out\external_wind_bal_align_force_seed201,9.5,3.0,False,0.06367246297273148,-0.015148536432313925,0.06535957529458562,0.04542724129619969,False
kelmarsh,penmanshiel,leave-one-farm-out,MoE + L_bal + L_align + L_force,201,artifacts\external_wind_runs\kelmarsh\leave_one_farm_out\external_wind_bal_align_force_seed201,9.5,4.0,False,0.05318516938900865,-0.02026804417098005,0.06535957529458562,0.04542724129619969,False
kelmarsh,penmanshiel,leave-one-farm-out,MoE + L_bal + L_align + L_force,201,artifacts\external_wind_runs\kelmarsh\leave_one_farm_out\external_wind_bal_align_force_seed201,10.0,1.0,False,0.08113420597993214,-0.0032583138491121505,0.06781532770686406,0.04240511100676249,False
kelmarsh,penmanshiel,leave-one-farm-out,MoE + L_bal + L_align + L_force,201,artifacts\external_wind_runs\kelmarsh\leave_one_farm_out\external_wind_bal_align_force_seed201,10.0,2.0,False,0.0743918083757291,-0.004570612899491755,0.06781532770686406,0.04240511100676249,False
kelmarsh,penmanshiel,leave-one-farm-out,MoE + L_bal + L_align + L_force,201,artifacts\external_wind_runs\kelmarsh\leave_one_farm_out\external_wind_bal_align_force_seed201,10.0,3.0,False,0.06493115580754462,-0.009973315168164309,0.06781532770686406,0.04240511100676249,False
kelmarsh,penmanshiel,leave-one-farm-out,MoE + L_bal + L_align + L_force,201,artifacts\external_wind_runs\kelmarsh\leave_one_farm_out\external_wind_bal_align_force_seed201,10.0,4.0,False,0.055491424299510046,-0.014715026582559274,0.06781532770686406,0.04240511100676249,False
kelmarsh,penmanshiel,leave-one-farm-out,MoE + L_bal + L_align + L_force,201,artifacts\external_wind_runs\kelmarsh\leave_one_farm_out\external_wind_bal_align_force_seed201,10.5,1.0,False,0.07035290539439024,-0.010657924075679151,0.07042288929690362,0.03890782459523202,False
kelmarsh,penmanshiel,leave-one-farm-out,MoE + L_bal + L_align + L_force,201,artifacts\external_wind_runs\kelmarsh\leave_one_farm_out\external_wind_bal_align_force_seed201,10.5,2.0,True,0.06821139798867261,-0.006624912000825316,0.07042288929690362,0.03890782459523202,False
kelmarsh,penmanshiel,leave-one-farm-out,MoE + L_bal + L_align + L_force,201,artifacts\external_wind_runs\kelmarsh\leave_one_farm_out\external_wind_bal_align_force_seed201,10.5,3.0,False,0.06537985319113687,-0.0064272988563201594,0.07042288929690362,0.03890782459523202,False
kelmarsh,penmanshiel,leave-one-farm-out,MoE + L_bal + L_align + L_force,201,artifacts\external_wind_runs\kelmarsh\leave_one_farm_out\external_wind_bal_align_force_seed201,10.5,4.0,False,0.058565882691479186,-0.009382342929416766,0.07042288929690362,0.03890782459523202,False
kelmarsh,penmanshiel,leave-one-farm-out,MoE + L_bal + L_align + L_force,201,artifacts\external_wind_runs\kelmarsh\leave_one_farm_out\external_wind_bal_align_force_seed201,11.0,1.0,False,0.05701023211079942,-0.018161690740153925,0.0727074551523097,0.0357539948949155,False
kelmarsh,penmanshiel,leave-one-farm-out,MoE + L_bal + L_align + L_force,201,artifacts\external_wind_runs\kelmarsh\leave_one_farm_out\external_wind_bal_align_force_seed201,11.0,2.0,False,0.055757036194615014,-0.013362574976819277,0.0727074551523097,0.0357539948949155,False
kelmarsh,penmanshiel,leave-one-farm-out,MoE + L_bal + L_align + L_force,201,artifacts\external_wind_runs\kelmarsh\leave_one_farm_out\external_wind_bal_align_force_seed201,11.0,3.0,False,0.05745614955994184,-0.00990462891288176,0.0727074551523097,0.0357539948949155,False
kelmarsh,penmanshiel,leave-one-farm-out,MoE + L_bal + L_align + L_force,201,artifacts\external_wind_runs\kelmarsh\leave_one_farm_out\external_wind_bal_align_force_seed201,11.0,4.0,False,0.05839690767517839,-0.007817217168843375,0.0727074551523097,0.0357539948949155,False
kelmarsh,penmanshiel,leave-one-farm-out,MoE + L_bal + L_align + L_force,201,artifacts\external_wind_runs\kelmarsh\leave_one_farm_out\external_wind_bal_align_force_seed201,11.5,1.0,False,0.04444134899168509,-0.023949383213512226,0.07450650120221378,0.03323722723087589,False
kelmarsh,penmanshiel,leave-one-farm-out,MoE + L_bal + L_align + L_force,201,artifacts\external_wind_runs\kelmarsh\leave_one_farm_out\external_wind_bal_align_force_seed201,11.5,2.0,False,0.04430044326909179,-0.018785829761460825,0.07450650120221378,0.03323722723087589,False
kelmarsh,penmanshiel,leave-one-farm-out,MoE + L_bal + L_align + L_force,201,artifacts\external_wind_runs\kelmarsh\leave_one_farm_out\external_wind_bal_align_force_seed201,11.5,3.0,False,0.047636896026522595,-0.014582671549952003,0.07450650120221378,0.03323722723087589,False
kelmarsh,penmanshiel,leave-one-farm-out,MoE + L_bal + L_align + L_force,201,artifacts\external_wind_runs\kelmarsh\leave_one_farm_out\external_wind_bal_align_force_seed201,11.5,4.0,False,0.05019266248104226,-0.011593475403355246,0.07450650120221378,0.03323722723087589,False
penmanshiel,kelmarsh,leave-one-farm-out,MoE + L_bal + L_align + L_force,201,artifacts\external_wind_runs\penmanshiel\leave_one_farm_out\external_wind_bal_align_force_seed201,9.5,1.0,False,0.007880308079215734,-0.0018650288628537044,0.05751196149185675,0.0707892369211138,False
penmanshiel,kelmarsh,leave-one-farm-out,MoE + L_bal + L_align + L_force,201,artifacts\external_wind_runs\penmanshiel\leave_one_farm_out\external_wind_bal_align_force_seed201,9.5,2.0,False,0.007880308079215734,-0.0018650288628537044,0.05751196149185675,0.0707892369211138,True
penmanshiel,kelmarsh,leave-one-farm-out,MoE + L_bal + L_align + L_force,201,artifacts\external_wind_runs\penmanshiel\leave_one_farm_out\external_wind_bal_align_force_seed201,9.5,3.0,False,0.007880308079215734,-0.0018650288628537044,0.05751196149185675,0.0707892369211138,False
penmanshiel,kelmarsh,leave-one-farm-out,MoE + L_bal + L_align + L_force,201,artifacts\external_wind_runs\penmanshiel\leave_one_farm_out\external_wind_bal_align_force_seed201,9.5,4.0,False,0.007880308079215734,-0.0018650288628537044,0.05751196149185675,0.0707892369211138,False
penmanshiel,kelmarsh,leave-one-farm-out,MoE + L_bal + L_align + L_force,201,artifacts\external_wind_runs\penmanshiel\leave_one_farm_out\external_wind_bal_align_force_seed201,10.0,1.0,False,0.007688396422653102,-0.0021414382170863162,0.04177515044843105,0.05158693920291363,False
penmanshiel,kelmarsh,leave-one-farm-out,MoE + L_bal + L_align + L_force,201,artifacts\external_wind_runs\penmanshiel\leave_one_farm_out\external_wind_bal_align_force_seed201,10.0,2.0,False,0.007688396422653102,-0.0021414382170863162,0.04177515044843105,0.05158693920291363,False
penmanshiel,kelmarsh,leave-one-farm-out,MoE + L_bal + L_align + L_force,201,artifacts\external_wind_runs\penmanshiel\leave_one_farm_out\external_wind_bal_align_force_seed201,10.0,3.0,False,0.007688396422653102,-0.0021414382170863162,0.04177515044843105,0.05158693920291363,False
penmanshiel,kelmarsh,leave-one-farm-out,MoE + L_bal + L_align + L_force,201,artifacts\external_wind_runs\penmanshiel\leave_one_farm_out\external_wind_bal_align_force_seed201,10.0,4.0,False,0.007688396422653102,-0.0021414382170863162,0.04177515044843105,0.05158693920291363,False
penmanshiel,kelmarsh,leave-one-farm-out,MoE + L_bal + L_align + L_force,201,artifacts\external_wind_runs\penmanshiel\leave_one_farm_out\external_wind_bal_align_force_seed201,10.5,1.0,False,0.007440252595773045,-0.00236289022017479,0.04633619750816619,0.05749510850781967,False
penmanshiel,kelmarsh,leave-one-farm-out,MoE + L_bal + L_align + L_force,201,artifacts\external_wind_runs\penmanshiel\leave_one_farm_out\external_wind_bal_align_force_seed201,10.5,2.0,True,0.007440252595773045,-0.00236289022017479,0.04633619750816619,0.05749510850781967,False
penmanshiel,kelmarsh,leave-one-farm-out,MoE + L_bal + L_align + L_force,201,artifacts\external_wind_runs\penmanshiel\leave_one_farm_out\external_wind_bal_align_force_seed201,10.5,3.0,False,0.007440252595773045,-0.00236289022017479,0.04633619750816619,0.05749510850781967,False
penmanshiel,kelmarsh,leave-one-farm-out,MoE + L_bal + L_align + L_force,201,artifacts\external_wind_runs\penmanshiel\leave_one_farm_out\external_wind_bal_align_force_seed201,10.5,4.0,False,0.007440252595773045,-0.00236289022017479,0.04633619750816619,0.05749510850781967,False
penmanshiel,kelmarsh,leave-one-farm-out,MoE + L_bal + L_align + L_force,201,artifacts\external_wind_runs\penmanshiel\leave_one_farm_out\external_wind_bal_align_force_seed201,11.0,1.0,False,0.007239185103619011,-0.002546369557142384,0.05101212299318215,0.0635880251863005,False
penmanshiel,kelmarsh,leave-one-farm-out,MoE + L_bal + L_align + L_force,201,artifacts\external_wind_runs\penmanshiel\leave_one_farm_out\external_wind_bal_align_force_seed201,11.0,2.0,False,0.007239185103619011,-0.002546369557142384,0.05101212299318215,0.0635880251863005,False
penmanshiel,kelmarsh,leave-one-farm-out,MoE + L_bal + L_align + L_force,201,artifacts\external_wind_runs\penmanshiel\leave_one_farm_out\external_wind_bal_align_force_seed201,11.0,3.0,False,0.007239185103619011,-0.002546369557142384,0.05101212299318215,0.0635880251863005,False
penmanshiel,kelmarsh,leave-one-farm-out,MoE + L_bal + L_align + L_force,201,artifacts\external_wind_runs\penmanshiel\leave_one_farm_out\external_wind_bal_align_force_seed201,11.0,4.0,False,0.007239185103619011,-0.002546369557142384,0.05101212299318215,0.0635880251863005,False
penmanshiel,kelmarsh,leave-one-farm-out,MoE + L_bal + L_align + L_force,201,artifacts\external_wind_runs\penmanshiel\leave_one_farm_out\external_wind_bal_align_force_seed201,11.5,1.0,False,0.007081192314851745,-0.002697757926958964,0.03019695120909193,0.03783043060348483,False
penmanshiel,kelmarsh,leave-one-farm-out,MoE + L_bal + L_align + L_force,201,artifacts\external_wind_runs\penmanshiel\leave_one_farm_out\external_wind_bal_align_force_seed201,11.5,2.0,False,0.007081192314851745,-0.002697757926958964,0.03019695120909193,0.03783043060348483,False
penmanshiel,kelmarsh,leave-one-farm-out,MoE + L_bal + L_align + L_force,201,artifacts\external_wind_runs\penmanshiel\leave_one_farm_out\external_wind_bal_align_force_seed201,11.5,3.0,False,0.007081192314851745,-0.002697757926958964,0.03019695120909193,0.03783043060348483,False
penmanshiel,kelmarsh,leave-one-farm-out,MoE + L_bal + L_align + L_force,201,artifacts\external_wind_runs\penmanshiel\leave_one_farm_out\external_wind_bal_align_force_seed201,11.5,4.0,False,0.007081192314851745,-0.002697757926958964,0.03019695120909193,0.03783043060348483,False
kelmarsh,,chronological,MoE + L_bal + L_align + L_force,201,artifacts\external_wind_runs\kelmarsh\chronological\external_wind_bal_align_force_seed201,9.5,1.0,False,0.7807667260458461,0.8817463403709762,0.8007389283711492,0.8957057657637734,False
kelmarsh,,chronological,MoE + L_bal + L_align + L_force,201,artifacts\external_wind_runs\kelmarsh\chronological\external_wind_bal_align_force_seed201,9.5,2.0,False,0.7420843154578486,0.8629480970793805,0.7293646572882097,0.8435130790789297,False
kelmarsh,,chronological,MoE + L_bal + L_align + L_force,201,artifacts\external_wind_runs\kelmarsh\chronological\external_wind_bal_align_force_seed201,9.5,3.0,False,0.753110324737378,0.8701992833925019,0.7342522131219618,0.8459706425673843,False
kelmarsh,,chronological,MoE + L_bal + L_align + L_force,201,artifacts\external_wind_runs\kelmarsh\chronological\external_wind_bal_align_force_seed201,9.5,4.0,False,0.7535802639208535,0.870350023546557,0.7324134895956089,0.8435437435923815,False
kelmarsh,,chronological,MoE + L_bal + L_align + L_force,201,artifacts\external_wind_runs\kelmarsh\chronological\external_wind_bal_align_force_seed201,10.0,1.0,False,0.7815722034013974,0.8832836245141094,0.7820476234975329,0.880655871341742,False
kelmarsh,,chronological,MoE + L_bal + L_align + L_force,201,artifacts\external_wind_runs\kelmarsh\chronological\external_wind_bal_align_force_seed201,10.0,2.0,False,0.7210419362925063,0.8433992036471986,0.6882624138564619,0.8083703761115807,False
kelmarsh,,chronological,MoE + L_bal + L_align + L_force,201,artifacts\external_wind_runs\kelmarsh\chronological\external_wind_bal_align_force_seed201,10.0,3.0,False,0.7254505481832717,0.8443382649168572,0.6882253749073287,0.8053571762003836,False
kelmarsh,,chronological,MoE + L_bal + L_align + L_force,201,artifacts\external_wind_runs\kelmarsh\chronological\external_wind_bal_align_force_seed201,10.0,4.0,False,0.7244082708517663,0.8427390302601038,0.6861547329137027,0.8015742617020517,False
kelmarsh,,chronological,MoE + L_bal + L_align + L_force,201,artifacts\external_wind_runs\kelmarsh\chronological\external_wind_bal_align_force_seed201,10.5,1.0,False,0.8053801475943065,0.8970983689497309,0.7937144125782422,0.8856215414810586,False
kelmarsh,,chronological,MoE + L_bal + L_align + L_force,201,artifacts\external_wind_runs\kelmarsh\chronological\external_wind_bal_align_force_seed201,10.5,2.0,True,0.7187755918372432,0.8354281342144411,0.6753513574578711,0.7919751937366852,False
kelmarsh,,chronological,MoE + L_bal + L_align + L_force,201,artifacts\external_wind_runs\kelmarsh\chronological\external_wind_bal_align_force_seed201,10.5,3.0,False,0.7083718277653492,0.82280141006205,0.6635461216126292,0.7766763684949997,False
kelmarsh,,chronological,MoE + L_bal + L_align + L_force,201,artifacts\external_wind_runs\kelmarsh\chronological\external_wind_bal_align_force_seed201,10.5,4.0,False,0.702794579777614,0.8170549143949145,0.6568757248270797,0.767593251450693,False
kelmarsh,,chronological,MoE + L_bal + L_align + L_force,201,artifacts\external_wind_runs\kelmarsh\chronological\external_wind_bal_align_force_seed201,11.0,1.0,False,0.812911454267595,0.899141882700251,0.8000539038326808,0.8873988721717535,False
kelmarsh,,chronological,MoE + L_bal + L_align + L_force,201,artifacts\external_wind_runs\kelmarsh\chronological\external_wind_bal_align_force_seed201,11.0,2.0,False,0.7192051605626196,0.833025668011468,0.6729341304242381,0.7874606668183659,False
kelmarsh,,chronological,MoE + L_bal + L_align + L_force,201,artifacts\external_wind_runs\kelmarsh\chronological\external_wind_bal_align_force_seed201,11.0,3.0,False,0.7026047104236269,0.8141850643139822,0.6541111352385628,0.7649464847209521,False
kelmarsh,,chronological,MoE + L_bal + L_align + L_force,201,artifacts\external_wind_runs\kelmarsh\chronological\external_wind_bal_align_force_seed201,11.0,4.0,False,0.69321316293385,0.8021045584585438,0.6411568260968235,0.7483703583774732,False
kelmarsh,,chronological,MoE + L_bal + L_align + L_force,201,artifacts\external_wind_runs\kelmarsh\chronological\external_wind_bal_align_force_seed201,11.5,1.0,False,0.8143954627394892,0.8975241217936882,0.8009122010698961,0.8863802015289362,True
kelmarsh,,chronological,MoE + L_bal + L_align + L_force,201,artifacts\external_wind_runs\kelmarsh\chronological\external_wind_bal_align_force_seed201,11.5,2.0,False,0.7181610725026879,0.8300430386876948,0.6703372477338478,0.7841077768285039,False
kelmarsh,,chronological,MoE + L_bal + L_align + L_force,201,artifacts\external_wind_runs\kelmarsh\chronological\external_wind_bal_align_force_seed201,11.5,3.0,False,0.7009446325013423,0.8099293717990204,0.6517438166711116,0.7611334405991995,False
kelmarsh,,chronological,MoE + L_bal + L_align + L_force,201,artifacts\external_wind_runs\kelmarsh\chronological\external_wind_bal_align_force_seed201,11.5,4.0,False,0.6902423878560795,0.796392242548685,0.6365752013224688,0.7417726295232377,False
penmanshiel,,chronological,MoE + L_bal + L_align + L_force,201,artifacts\external_wind_runs\penmanshiel\chronological\external_wind_bal_align_force_seed201,9.5,1.0,False,0.0,0.0,0.0,0.0,False
penmanshiel,,chronological,MoE + L_bal + L_align + L_force,201,artifacts\external_wind_runs\penmanshiel\chronological\external_wind_bal_align_force_seed201,9.5,2.0,False,0.0,0.0,0.0,0.0,False
penmanshiel,,chronological,MoE + L_bal + L_align + L_force,201,artifacts\external_wind_runs\penmanshiel\chronological\external_wind_bal_align_force_seed201,9.5,3.0,False,0.0,0.0,0.0,0.0,False
penmanshiel,,chronological,MoE + L_bal + L_align + L_force,201,artifacts\external_wind_runs\penmanshiel\chronological\external_wind_bal_align_force_seed201,9.5,4.0,False,0.0,0.0,0.0,0.0,False
penmanshiel,,chronological,MoE + L_bal + L_align + L_force,201,artifacts\external_wind_runs\penmanshiel\chronological\external_wind_bal_align_force_seed201,10.0,1.0,False,0.0,0.0,0.0,0.0,False
penmanshiel,,chronological,MoE + L_bal + L_align + L_force,201,artifacts\external_wind_runs\penmanshiel\chronological\external_wind_bal_align_force_seed201,10.0,2.0,False,0.0,0.0,0.0,0.0,False
penmanshiel,,chronological,MoE + L_bal + L_align + L_force,201,artifacts\external_wind_runs\penmanshiel\chronological\external_wind_bal_align_force_seed201,10.0,3.0,False,0.0,0.0,0.0,0.0,False
penmanshiel,,chronological,MoE + L_bal + L_align + L_force,201,artifacts\external_wind_runs\penmanshiel\chronological\external_wind_bal_align_force_seed201,10.0,4.0,False,0.0,0.0,0.0,0.0,False
penmanshiel,,chronological,MoE + L_bal + L_align + L_force,201,artifacts\external_wind_runs\penmanshiel\chronological\external_wind_bal_align_force_seed201,10.5,1.0,False,0.0,0.0,0.0,0.0,False
penmanshiel,,chronological,MoE + L_bal + L_align + L_force,201,artifacts\external_wind_runs\penmanshiel\chronological\external_wind_bal_align_force_seed201,10.5,2.0,True,0.0,0.0,0.0,0.0,True
penmanshiel,,chronological,MoE + L_bal + L_align + L_force,201,artifacts\external_wind_runs\penmanshiel\chronological\external_wind_bal_align_force_seed201,10.5,3.0,False,0.0,0.0,0.0,0.0,False
penmanshiel,,chronological,MoE + L_bal + L_align + L_force,201,artifacts\external_wind_runs\penmanshiel\chronological\external_wind_bal_align_force_seed201,10.5,4.0,False,0.0,0.0,0.0,0.0,False
penmanshiel,,chronological,MoE + L_bal + L_align + L_force,201,artifacts\external_wind_runs\penmanshiel\chronological\external_wind_bal_align_force_seed201,11.0,1.0,False,0.0,0.0,0.0,0.0,False
penmanshiel,,chronological,MoE + L_bal + L_align + L_force,201,artifacts\external_wind_runs\penmanshiel\chronological\external_wind_bal_align_force_seed201,11.0,2.0,False,0.0,0.0,0.0,0.0,False
penmanshiel,,chronological,MoE + L_bal + L_align + L_force,201,artifacts\external_wind_runs\penmanshiel\chronological\external_wind_bal_align_force_seed201,11.0,3.0,False,0.0,0.0,0.0,0.0,False
penmanshiel,,chronological,MoE + L_bal + L_align + L_force,201,artifacts\external_wind_runs\penmanshiel\chronological\external_wind_bal_align_force_seed201,11.0,4.0,False,0.0,0.0,0.0,0.0,False
penmanshiel,,chronological,MoE + L_bal + L_align + L_force,201,artifacts\external_wind_runs\penmanshiel\chronological\external_wind_bal_align_force_seed201,11.5,1.0,False,0.0,0.0,0.0,0.0,False
penmanshiel,,chronological,MoE + L_bal + L_align + L_force,201,artifacts\external_wind_runs\penmanshiel\chronological\external_wind_bal_align_force_seed201,11.5,2.0,False,0.0,0.0,0.0,0.0,False
penmanshiel,,chronological,MoE + L_bal + L_align + L_force,201,artifacts\external_wind_runs\penmanshiel\chronological\external_wind_bal_align_force_seed201,11.5,3.0,False,0.0,0.0,0.0,0.0,False
penmanshiel,,chronological,MoE + L_bal + L_align + L_force,201,artifacts\external_wind_runs\penmanshiel\chronological\external_wind_bal_align_force_seed201,11.5,4.0,False,0.0,0.0,0.0,0.0,False
kelmarsh,penmanshiel,leave-one-farm-out,MoE + L_bal + L_align + L_force,202,artifacts\external_wind_runs\kelmarsh\leave_one_farm_out\external_wind_bal_align_force_seed202,9.5,1.0,False,0.012859603490626146,-0.03355371620591624,0.011126972156211532,0.030834084348097944,False
kelmarsh,penmanshiel,leave-one-farm-out,MoE + L_bal + L_align + L_force,202,artifacts\external_wind_runs\kelmarsh\leave_one_farm_out\external_wind_bal_align_force_seed202,9.5,2.0,False,0.0024602070193386534,-0.015475616033451479,0.011126972156211532,0.030834084348097944,False
kelmarsh,penmanshiel,leave-one-farm-out,MoE + L_bal + L_align + L_force,202,artifacts\external_wind_runs\kelmarsh\leave_one_farm_out\external_wind_bal_align_force_seed202,9.5,3.0,False,0.002120654579994159,-0.014639841831191457,0.011126972156211532,0.030834084348097944,False
kelmarsh,penmanshiel,leave-one-farm-out,MoE + L_bal + L_align + L_force,202,artifacts\external_wind_runs\kelmarsh\leave_one_farm_out\external_wind_bal_align_force_seed202,9.5,4.0,False,0.0019282470094818896,-0.01415410611749896,0.011126972156211532,0.030834084348097944,False
kelmarsh,penmanshiel,leave-one-farm-out,MoE + L_bal + L_align + L_force,202,artifacts\external_wind_runs\kelmarsh\leave_one_farm_out\external_wind_bal_align_force_seed202,10.0,1.0,False,0.01301642681920726,-0.033224206573280186,0.011450864369262046,0.031757801412246066,False
kelmarsh,penmanshiel,leave-one-farm-out,MoE + L_bal + L_align + L_force,202,artifacts\external_wind_runs\kelmarsh\leave_one_farm_out\external_wind_bal_align_force_seed202,10.0,2.0,False,0.002567993885462422,-0.01568273858643463,0.011450864369262046,0.031757801412246066,False
kelmarsh,penmanshiel,leave-one-farm-out,MoE + L_bal + L_align + L_force,202,artifacts\external_wind_runs\kelmarsh\leave_one_farm_out\external_wind_bal_align_force_seed202,10.0,3.0,False,0.002282154877459743,-0.014967020506374924,0.011450864369262046,0.031757801412246066,False
kelmarsh,penmanshiel,leave-one-farm-out,MoE + L_bal + L_align + L_force,202,artifacts\external_wind_runs\kelmarsh\leave_one_farm_out\external_wind_bal_align_force_seed202,10.0,4.0,False,0.0021024279397715367,-0.014520686778804172,0.011450864369262046,0.031757801412246066,False
kelmarsh,penmanshiel,leave-one-farm-out,MoE + L_bal + L_align + L_force,202,artifacts\external_wind_runs\kelmarsh\leave_one_farm_out\external_wind_bal_align_force_seed202,10.5,1.0,False,0.01302693401692602,-0.032991992403783775,0.011723478336958776,0.03253366964108513,False
kelmarsh,penmanshiel,leave-one-farm-out,MoE + L_bal + L_align + L_force,202,artifacts\external_wind_runs\kelmarsh\leave_one_farm_out\external_wind_bal_align_force_seed202,10.5,2.0,True,0.0024880544604398746,-0.015542548361850286,0.011723478336958776,0.03253366964108513,False
kelmarsh,penmanshiel,leave-one-farm-out,MoE + L_bal + L_align + L_force,202,artifacts\external_wind_runs\kelmarsh\leave_one_farm_out\external_wind_bal_align_force_seed202,10.5,3.0,False,0.0023408447066610417,-0.015074010505370945,0.011723478336958776,0.03253366964108513,False
kelmarsh,penmanshiel,leave-one-farm-out,MoE + L_bal + L_align + L_force,202,artifacts\external_wind_runs\kelmarsh\leave_one_farm_out\external_wind_bal_align_force_seed202,10.5,4.0,False,0.0022027353906471114,-0.014709096707581035,0.011723478336958776,0.03253366964108513,False
kelmarsh,penmanshiel,leave-one-farm-out,MoE + L_bal + L_align + L_force,202,artifacts\external_wind_runs\kelmarsh\leave_one_farm_out\external_wind_bal_align_force_seed202,11.0,1.0,False,0.013033989246596437,-0.03287085581699444,0.011936733035410298,0.03313955174936557,False
kelmarsh,penmanshiel,leave-one-farm-out,MoE + L_bal + L_align + L_force,202,artifacts\external_wind_runs\kelmarsh\leave_one_farm_out\external_wind_bal_align_force_seed202,11.0,2.0,False,0.0023411050549328695,-0.015284460519733962,0.011936733035410298,0.03313955174936557,False
kelmarsh,penmanshiel,leave-one-farm-out,MoE + L_bal + L_align + L_force,202,artifacts\external_wind_runs\kelmarsh\leave_one_farm_out\external_wind_bal_align_force_seed202,11.0,3.0,False,0.0022598393731396503,-0.014930359118488072,0.011936733035410298,0.03313955174936557,False
kelmarsh,penmanshiel,leave-one-farm-out,MoE + L_bal + L_align + L_force,202,artifacts\external_wind_runs\kelmarsh\leave_one_farm_out\external_wind_bal_align_force_seed202,11.0,4.0,False,0.0021999768420501854,-0.01470343060304121,0.011936733035410298,0.03313955174936557,False
kelmarsh,penmanshiel,leave-one-farm-out,MoE + L_bal + L_align + L_force,202,artifacts\external_wind_runs\kelmarsh\leave_one_farm_out\external_wind_bal_align_force_seed202,11.5,1.0,False,0.01305651504418411,-0.032793057493728926,0.012091980529315979,0.03358004004948005,True
kelmarsh,penmanshiel,leave-one-farm-out,MoE + L_bal + L_align + L_force,202,artifacts\external_wind_runs\kelmarsh\leave_one_farm_out\external_wind_bal_align_force_seed202,11.5,2.0,False,0.0022392164031507797,-0.015101315805087504,0.012091980529315979,0.03358004004948005,False
kelmarsh,penmanshiel,leave-one-farm-out,MoE + L_bal + L_align + L_force,202,artifacts\external_wind_runs\kelmarsh\leave_one_farm_out\external_wind_bal_align_force_seed202,11.5,3.0,False,0.0021695570752048136,-0.014768075079797535,0.012091980529315979,0.03358004004948005,False
kelmarsh,penmanshiel,leave-one-farm-out,MoE + L_bal + L_align + L_force,202,artifacts\external_wind_runs\kelmarsh\leave_one_farm_out\external_wind_bal_align_force_seed202,11.5,4.0,False,0.0021258061514487286,-0.01456978890742238,0.012091980529315979,0.03358004004948005,False
penmanshiel,kelmarsh,leave-one-farm-out,MoE + L_bal + L_align + L_force,202,artifacts\external_wind_runs\penmanshiel\leave_one_farm_out\external_wind_bal_align_force_seed202,9.5,1.0,False,0.0,0.0,0.0,0.0,False
penmanshiel,kelmarsh,leave-one-farm-out,MoE + L_bal + L_align + L_force,202,artifacts\external_wind_runs\penmanshiel\leave_one_farm_out\external_wind_bal_align_force_seed202,9.5,2.0,False,0.0,0.0,0.0,0.0,False
penmanshiel,kelmarsh,leave-one-farm-out,MoE + L_bal + L_align + L_force,202,artifacts\external_wind_runs\penmanshiel\leave_one_farm_out\external_wind_bal_align_force_seed202,9.5,3.0,False,0.0,0.0,0.0,0.0,False
penmanshiel,kelmarsh,leave-one-farm-out,MoE + L_bal + L_align + L_force,202,artifacts\external_wind_runs\penmanshiel\leave_one_farm_out\external_wind_bal_align_force_seed202,9.5,4.0,False,0.0,0.0,0.0,0.0,False
penmanshiel,kelmarsh,leave-one-farm-out,MoE + L_bal + L_align + L_force,202,artifacts\external_wind_runs\penmanshiel\leave_one_farm_out\external_wind_bal_align_force_seed202,10.0,1.0,False,0.0,0.0,0.0,0.0,False
penmanshiel,kelmarsh,leave-one-farm-out,MoE + L_bal + L_align + L_force,202,artifacts\external_wind_runs\penmanshiel\leave_one_farm_out\external_wind_bal_align_force_seed202,10.0,2.0,False,0.0,0.0,0.0,0.0,False
penmanshiel,kelmarsh,leave-one-farm-out,MoE + L_bal + L_align + L_force,202,artifacts\external_wind_runs\penmanshiel\leave_one_farm_out\external_wind_bal_align_force_seed202,10.0,3.0,False,0.0,0.0,0.0,0.0,False
penmanshiel,kelmarsh,leave-one-farm-out,MoE + L_bal + L_align + L_force,202,artifacts\external_wind_runs\penmanshiel\leave_one_farm_out\external_wind_bal_align_force_seed202,10.0,4.0,False,0.0,0.0,0.0,0.0,False
penmanshiel,kelmarsh,leave-one-farm-out,MoE + L_bal + L_align + L_force,202,artifacts\external_wind_runs\penmanshiel\leave_one_farm_out\external_wind_bal_align_force_seed202,10.5,1.0,False,0.0,0.0,0.0,0.0,False
penmanshiel,kelmarsh,leave-one-farm-out,MoE + L_bal + L_align + L_force,202,artifacts\external_wind_runs\penmanshiel\leave_one_farm_out\external_wind_bal_align_force_seed202,10.5,2.0,True,0.0,0.0,0.0,0.0,True
penmanshiel,kelmarsh,leave-one-farm-out,MoE + L_bal + L_align + L_force,202,artifacts\external_wind_runs\penmanshiel\leave_one_farm_out\external_wind_bal_align_force_seed202,10.5,3.0,False,0.0,0.0,0.0,0.0,False
penmanshiel,kelmarsh,leave-one-farm-out,MoE + L_bal + L_align + L_force,202,artifacts\external_wind_runs\penmanshiel\leave_one_farm_out\external_wind_bal_align_force_seed202,10.5,4.0,False,0.0,0.0,0.0,0.0,False
penmanshiel,kelmarsh,leave-one-farm-out,MoE + L_bal + L_align + L_force,202,artifacts\external_wind_runs\penmanshiel\leave_one_farm_out\external_wind_bal_align_force_seed202,11.0,1.0,False,0.0,0.0,0.0,0.0,False
penmanshiel,kelmarsh,leave-one-farm-out,MoE + L_bal + L_align + L_force,202,artifacts\external_wind_runs\penmanshiel\leave_one_farm_out\external_wind_bal_align_force_seed202,11.0,2.0,False,0.0,0.0,0.0,0.0,False
penmanshiel,kelmarsh,leave-one-farm-out,MoE + L_bal + L_align + L_force,202,artifacts\external_wind_runs\penmanshiel\leave_one_farm_out\external_wind_bal_align_force_seed202,11.0,3.0,False,0.0,0.0,0.0,0.0,False
penmanshiel,kelmarsh,leave-one-farm-out,MoE + L_bal + L_align + L_force,202,artifacts\external_wind_runs\penmanshiel\leave_one_farm_out\external_wind_bal_align_force_seed202,11.0,4.0,False,0.0,0.0,0.0,0.0,False
penmanshiel,kelmarsh,leave-one-farm-out,MoE + L_bal + L_align + L_force,202,artifacts\external_wind_runs\penmanshiel\leave_one_farm_out\external_wind_bal_align_force_seed202,11.5,1.0,False,0.0,0.0,0.0,0.0,False
penmanshiel,kelmarsh,leave-one-farm-out,MoE + L_bal + L_align + L_force,202,artifacts\external_wind_runs\penmanshiel\leave_one_farm_out\external_wind_bal_align_force_seed202,11.5,2.0,False,0.0,0.0,0.0,0.0,False
penmanshiel,kelmarsh,leave-one-farm-out,MoE + L_bal + L_align + L_force,202,artifacts\external_wind_runs\penmanshiel\leave_one_farm_out\external_wind_bal_align_force_seed202,11.5,3.0,False,0.0,0.0,0.0,0.0,False
penmanshiel,kelmarsh,leave-one-farm-out,MoE + L_bal + L_align + L_force,202,artifacts\external_wind_runs\penmanshiel\leave_one_farm_out\external_wind_bal_align_force_seed202,11.5,4.0,False,0.0,0.0,0.0,0.0,False
kelmarsh,,chronological,MoE + L_bal + L_align + L_force,202,artifacts\external_wind_runs\kelmarsh\chronological\external_wind_bal_align_force_seed202,9.5,1.0,False,0.6447594348122542,0.738035051560811,0.6285542702831841,0.7022374696065026,False
kelmarsh,,chronological,MoE + L_bal + L_align + L_force,202,artifacts\external_wind_runs\kelmarsh\chronological\external_wind_bal_align_force_seed202,9.5,2.0,False,0.6280966404223808,0.7399948563062643,0.6160737659376234,0.7161324776840086,False
kelmarsh,,chronological,MoE + L_bal + L_align + L_force,202,artifacts\external_wind_runs\kelmarsh\chronological\external_wind_bal_align_force_seed202,9.5,3.0,False,0.6490267717912521,0.7666755745100204,0.6338205704883114,0.7441578537551384,False
kelmarsh,,chronological,MoE + L_bal + L_align + L_force,202,artifacts\external_wind_runs\kelmarsh\chronological\external_wind_bal_align_force_seed202,9.5,4.0,False,0.6631488896358327,0.7822837803316287,0.6476972865293137,0.7649323223270745,False
kelmarsh,,chronological,MoE + L_bal + L_align + L_force,202,artifacts\external_wind_runs\kelmarsh\chronological\external_wind_bal_align_force_seed202,10.0,1.0,False,0.6630450252683637,0.7648878528891816,0.6443419329949956,0.7292272387064036,False
kelmarsh,,chronological,MoE + L_bal + L_align + L_force,202,artifacts\external_wind_runs\kelmarsh\chronological\external_wind_bal_align_force_seed202,10.0,2.0,False,0.6339501859524656,0.747923471738317,0.6208218559309873,0.723736364001926,False
kelmarsh,,chronological,MoE + L_bal + L_align + L_force,202,artifacts\external_wind_runs\kelmarsh\chronological\external_wind_bal_align_force_seed202,10.0,3.0,False,0.6513000522495551,0.7695177086405113,0.6357358232988677,0.7469269612477507,False
kelmarsh,,chronological,MoE + L_bal + L_align + L_force,202,artifacts\external_wind_runs\kelmarsh\chronological\external_wind_bal_align_force_seed202,10.0,4.0,False,0.6644144467604894,0.7838827877052749,0.6491814775629978,0.7668945138468622,False
kelmarsh,,chronological,MoE + L_bal + L_align + L_force,202,artifacts\external_wind_runs\kelmarsh\chronological\external_wind_bal_align_force_seed202,10.5,1.0,False,0.6952520905684203,0.8061364625882304,0.6723202167951284,0.7726895527146738,False
kelmarsh,,chronological,MoE + L_bal + L_align + L_force,202,artifacts\external_wind_runs\kelmarsh\chronological\external_wind_bal_align_force_seed202,10.5,2.0,True,0.6503877996743221,0.768365600160326,0.6356994149896871,0.7464230510733142,False
kelmarsh,,chronological,MoE + L_bal + L_align + L_force,202,artifacts\external_wind_runs\kelmarsh\chronological\external_wind_bal_align_force_seed202,10.5,3.0,False,0.6572660871522847,0.776373669163336,0.6418252761590636,0.7556634769568034,False
kelmarsh,,chronological,MoE + L_bal + L_align + L_force,202,artifacts\external_wind_runs\kelmarsh\chronological\external_wind_bal_align_force_seed202,10.5,4.0,False,0.6668755973866951,0.7865766127719941,0.6510173954801276,0.7693199135185331,False
kelmarsh,,chronological,MoE + L_bal + L_align + L_force,202,artifacts\external_wind_runs\kelmarsh\chronological\external_wind_bal_align_force_seed202,11.0,1.0,False,0.7193080973104264,0.8316882807455662,0.6963466006400584,0.8056854999069125,False
kelmarsh,,chronological,MoE + L_bal + L_align + L_force,202,artifacts\external_wind_runs\kelmarsh\chronological\external_wind_bal_align_force_seed202,11.0,2.0,False,0.6701548299684666,0.7896877085215684,0.6557966387456343,0.7743594827161691,False
kelmarsh,,chronological,MoE + L_bal + L_align + L_force,202,artifacts\external_wind_runs\kelmarsh\chronological\external_wind_bal_align_force_seed202,11.0,3.0,False,0.671333730291834,0.7910039004797583,0.6558104552396053,0.7746976127728817,False
kelmarsh,,chronological,MoE + L_bal + L_align + L_force,202,artifacts\external_wind_runs\kelmarsh\chronological\external_wind_bal_align_force_seed202,11.0,4.0,False,0.6735639722866135,0.793207943852042,0.6575702047711387,0.7778585844119003,False
kelmarsh,,chronological,MoE + L_bal + L_align + L_force,202,artifacts\external_wind_runs\kelmarsh\chronological\external_wind_bal_align_force_seed202,11.5,1.0,False,0.7378848662978735,0.8478645382272129,0.7122295074703203,0.8252303936085807,True
kelmarsh,,chronological,MoE + L_bal + L_align + L_force,202,artifacts\external_wind_runs\kelmarsh\chronological\external_wind_bal_align_force_seed202,11.5,2.0,False,0.6868334817559555,0.8045600688462468,0.6702249296377815,0.7924386988544938,False
kelmarsh,,chronological,MoE + L_bal + L_align + L_force,202,artifacts\external_wind_runs\kelmarsh\chronological\external_wind_bal_align_force_seed202,11.5,3.0,False,0.6867192888178439,0.8046046251595391,0.6700328208451951,0.7924707968985398,False
kelmarsh,,chronological,MoE + L_bal + L_align + L_force,202,artifacts\external_wind_runs\kelmarsh\chronological\external_wind_bal_align_force_seed202,11.5,4.0,False,0.6872064942478047,0.8050994547244246,0.668715937114234,0.7916131178200901,False
penmanshiel,,chronological,MoE + L_bal + L_align + L_force,202,artifacts\external_wind_runs\penmanshiel\chronological\external_wind_bal_align_force_seed202,9.5,1.0,False,0.0,0.0,0.0,0.0,False
penmanshiel,,chronological,MoE + L_bal + L_align + L_force,202,artifacts\external_wind_runs\penmanshiel\chronological\external_wind_bal_align_force_seed202,9.5,2.0,False,0.0,0.0,0.0,0.0,False
penmanshiel,,chronological,MoE + L_bal + L_align + L_force,202,artifacts\external_wind_runs\penmanshiel\chronological\external_wind_bal_align_force_seed202,9.5,3.0,False,0.0,0.0,0.0,0.0,False
penmanshiel,,chronological,MoE + L_bal + L_align + L_force,202,artifacts\external_wind_runs\penmanshiel\chronological\external_wind_bal_align_force_seed202,9.5,4.0,False,0.0,0.0,0.0,0.0,False
penmanshiel,,chronological,MoE + L_bal + L_align + L_force,202,artifacts\external_wind_runs\penmanshiel\chronological\external_wind_bal_align_force_seed202,10.0,1.0,False,0.0,0.0,0.0,0.0,False
penmanshiel,,chronological,MoE + L_bal + L_align + L_force,202,artifacts\external_wind_runs\penmanshiel\chronological\external_wind_bal_align_force_seed202,10.0,2.0,False,0.0,0.0,0.0,0.0,False
penmanshiel,,chronological,MoE + L_bal + L_align + L_force,202,artifacts\external_wind_runs\penmanshiel\chronological\external_wind_bal_align_force_seed202,10.0,3.0,False,0.0,0.0,0.0,0.0,False
penmanshiel,,chronological,MoE + L_bal + L_align + L_force,202,artifacts\external_wind_runs\penmanshiel\chronological\external_wind_bal_align_force_seed202,10.0,4.0,False,0.0,0.0,0.0,0.0,False
penmanshiel,,chronological,MoE + L_bal + L_align + L_force,202,artifacts\external_wind_runs\penmanshiel\chronological\external_wind_bal_align_force_seed202,10.5,1.0,False,0.0,0.0,0.0,0.0,False
penmanshiel,,chronological,MoE + L_bal + L_align + L_force,202,artifacts\external_wind_runs\penmanshiel\chronological\external_wind_bal_align_force_seed202,10.5,2.0,True,0.0,0.0,0.0,0.0,True
penmanshiel,,chronological,MoE + L_bal + L_align + L_force,202,artifacts\external_wind_runs\penmanshiel\chronological\external_wind_bal_align_force_seed202,10.5,3.0,False,0.0,0.0,0.0,0.0,False
penmanshiel,,chronological,MoE + L_bal + L_align + L_force,202,artifacts\external_wind_runs\penmanshiel\chronological\external_wind_bal_align_force_seed202,10.5,4.0,False,0.0,0.0,0.0,0.0,False
penmanshiel,,chronological,MoE + L_bal + L_align + L_force,202,artifacts\external_wind_runs\penmanshiel\chronological\external_wind_bal_align_force_seed202,11.0,1.0,False,0.0,0.0,0.0,0.0,False
penmanshiel,,chronological,MoE + L_bal + L_align + L_force,202,artifacts\external_wind_runs\penmanshiel\chronological\external_wind_bal_align_force_seed202,11.0,2.0,False,0.0,0.0,0.0,0.0,False
penmanshiel,,chronological,MoE + L_bal + L_align + L_force,202,artifacts\external_wind_runs\penmanshiel\chronological\external_wind_bal_align_force_seed202,11.0,3.0,False,0.0,0.0,0.0,0.0,False
penmanshiel,,chronological,MoE + L_bal + L_align + L_force,202,artifacts\external_wind_runs\penmanshiel\chronological\external_wind_bal_align_force_seed202,11.0,4.0,False,0.0,0.0,0.0,0.0,False
penmanshiel,,chronological,MoE + L_bal + L_align + L_force,202,artifacts\external_wind_runs\penmanshiel\chronological\external_wind_bal_align_force_seed202,11.5,1.0,False,0.0,0.0,0.0,0.0,False
penmanshiel,,chronological,MoE + L_bal + L_align + L_force,202,artifacts\external_wind_runs\penmanshiel\chronological\external_wind_bal_align_force_seed202,11.5,2.0,False,0.0,0.0,0.0,0.0,False
penmanshiel,,chronological,MoE + L_bal + L_align + L_force,202,artifacts\external_wind_runs\penmanshiel\chronological\external_wind_bal_align_force_seed202,11.5,3.0,False,0.0,0.0,0.0,0.0,False
penmanshiel,,chronological,MoE + L_bal + L_align + L_force,202,artifacts\external_wind_runs\penmanshiel\chronological\external_wind_bal_align_force_seed202,11.5,4.0,False,0.0,0.0,0.0,0.0,False
kelmarsh,penmanshiel,leave-one-farm-out,MoE + L_bal + L_align + L_force,203,artifacts\external_wind_runs\kelmarsh\leave_one_farm_out\external_wind_bal_align_force_seed203,9.5,1.0,False,0.0027305795545530015,-0.016344324867894083,0.008572022746497881,0.027301134567966647,True
kelmarsh,penmanshiel,leave-one-farm-out,MoE + L_bal + L_align + L_force,203,artifacts\external_wind_runs\kelmarsh\leave_one_farm_out\external_wind_bal_align_force_seed203,9.5,2.0,False,0.0016820655526833782,0.010493301732622536,0.008572022746497881,0.027301134567966647,False
kelmarsh,penmanshiel,leave-one-farm-out,MoE + L_bal + L_align + L_force,203,artifacts\external_wind_runs\kelmarsh\leave_one_farm_out\external_wind_bal_align_force_seed203,9.5,3.0,False,0.0015001697268227112,0.011695636510321974,0.008572022746497881,0.027301134567966647,False
kelmarsh,penmanshiel,leave-one-farm-out,MoE + L_bal + L_align + L_force,203,artifacts\external_wind_runs\kelmarsh\leave_one_farm_out\external_wind_bal_align_force_seed203,9.5,4.0,False,0.0014015093464342589,0.01238208221602476,0.008572022746497881,0.027301134567966647,False
kelmarsh,penmanshiel,leave-one-farm-out,MoE + L_bal + L_align + L_force,203,artifacts\external_wind_runs\kelmarsh\leave_one_farm_out\external_wind_bal_align_force_seed203,10.0,1.0,False,0.0026372100784500894,-0.016228277532065884,0.00886923435794949,0.028202822790613334,False
kelmarsh,penmanshiel,leave-one-farm-out,MoE + L_bal + L_align + L_force,203,artifacts\external_wind_runs\kelmarsh\leave_one_farm_out\external_wind_bal_align_force_seed203,10.0,2.0,False,0.0014556564848309413,0.009472818739439259,0.00886923435794949,0.028202822790613334,False
kelmarsh,penmanshiel,leave-one-farm-out,MoE + L_bal + L_align + L_force,203,artifacts\external_wind_runs\kelmarsh\leave_one_farm_out\external_wind_bal_align_force_seed203,10.0,3.0,False,0.0013057488412906064,0.010407274433432706,0.00886923435794949,0.028202822790613334,False
kelmarsh,penmanshiel,leave-one-farm-out,MoE + L_bal + L_align + L_force,203,artifacts\external_wind_runs\kelmarsh\leave_one_farm_out\external_wind_bal_align_force_seed203,10.0,4.0,False,0.001212054942819526,0.011016143556741109,0.00886923435794949,0.028202822790613334,False
kelmarsh,penmanshiel,leave-one-farm-out,MoE + L_bal + L_align + L_force,203,artifacts\external_wind_runs\kelmarsh\leave_one_farm_out\external_wind_bal_align_force_seed203,10.5,1.0,False,0.0023563462566579944,-0.015746027124699996,0.00911998850444874,0.02896124655318844,False
kelmarsh,penmanshiel,leave-one-farm-out,MoE + L_bal + L_align + L_force,203,artifacts\external_wind_runs\kelmarsh\leave_one_farm_out\external_wind_bal_align_force_seed203,10.5,2.0,True,0.0012014792188322992,0.009478429909675675,0.00911998850444874,0.02896124655318844,False
kelmarsh,penmanshiel,leave-one-farm-out,MoE + L_bal + L_align + L_force,203,artifacts\external_wind_runs\kelmarsh\leave_one_farm_out\external_wind_bal_align_force_seed203,10.5,3.0,False,0.0011519067086295947,0.009812422595611098,0.00911998850444874,0.02896124655318844,False
kelmarsh,penmanshiel,leave-one-farm-out,MoE + L_bal + L_align + L_force,203,artifacts\external_wind_runs\kelmarsh\leave_one_farm_out\external_wind_bal_align_force_seed203,10.5,4.0,False,0.001086889372545444,0.010233036813346832,0.00911998850444874,0.02896124655318844,False
kelmarsh,penmanshiel,leave-one-farm-out,MoE + L_bal + L_align + L_force,203,artifacts\external_wind_runs\kelmarsh\leave_one_farm_out\external_wind_bal_align_force_seed203,11.0,1.0,False,0.00217811186034092,-0.015429140582805107,0.00931650994199373,0.029554153779496266,False
kelmarsh,penmanshiel,leave-one-farm-out,MoE + L_bal + L_align + L_force,203,artifacts\external_wind_runs\kelmarsh\leave_one_farm_out\external_wind_bal_align_force_seed203,11.0,2.0,False,0.0009966038435982238,0.00994733480361879,0.00931650994199373,0.029554153779496266,False
kelmarsh,penmanshiel,leave-one-farm-out,MoE + L_bal + L_align + L_force,203,artifacts\external_wind_runs\kelmarsh\leave_one_farm_out\external_wind_bal_align_force_seed203,11.0,3.0,False,0.0009972298831746366,0.009998591254464123,0.00931650994199373,0.029554153779496266,False
kelmarsh,penmanshiel,leave-one-farm-out,MoE + L_bal + L_align + L_force,203,artifacts\external_wind_runs\kelmarsh\leave_one_farm_out\external_wind_bal_align_force_seed203,11.0,4.0,False,0.0009908540129431158,0.010086016653426304,0.00931650994199373,0.029554153779496266,False
kelmarsh,penmanshiel,leave-one-farm-out,MoE + L_bal + L_align + L_force,203,artifacts\external_wind_runs\kelmarsh\leave_one_farm_out\external_wind_bal_align_force_seed203,11.5,1.0,False,0.002070325886305157,-0.0152331148311067,0.00945977270630376,0.029985555600369893,False
kelmarsh,penmanshiel,leave-one-farm-out,MoE + L_bal + L_align + L_force,203,artifacts\external_wind_runs\kelmarsh\leave_one_farm_out\external_wind_bal_align_force_seed203,11.5,2.0,False,0.0008592216298275981,0.01029114894683147,0.00945977270630376,0.029985555600369893,False
kelmarsh,penmanshiel,leave-one-farm-out,MoE + L_bal + L_align + L_force,203,artifacts\external_wind_runs\kelmarsh\leave_one_farm_out\external_wind_bal_align_force_seed203,11.5,3.0,False,0.0008695465017468858,0.010289315444969428,0.00945977270630376,0.029985555600369893,False
kelmarsh,penmanshiel,leave-one-farm-out,MoE + L_bal + L_align + L_force,203,artifacts\external_wind_runs\kelmarsh\leave_one_farm_out\external_wind_bal_align_force_seed203,11.5,4.0,False,0.000875867786789901,0.010306574183259786,0.00945977270630376,0.029985555600369893,False
penmanshiel,kelmarsh,leave-one-farm-out,MoE + L_bal + L_align + L_force,203,artifacts\external_wind_runs\penmanshiel\leave_one_farm_out\external_wind_bal_align_force_seed203,9.5,1.0,False,0.0,0.0,0.005906487453088626,0.007472323062060818,False
penmanshiel,kelmarsh,leave-one-farm-out,MoE + L_bal + L_align + L_force,203,artifacts\external_wind_runs\penmanshiel\leave_one_farm_out\external_wind_bal_align_force_seed203,9.5,2.0,False,0.0,0.0,0.005906487453088626,0.007472323062060818,False
penmanshiel,kelmarsh,leave-one-farm-out,MoE + L_bal + L_align + L_force,203,artifacts\external_wind_runs\penmanshiel\leave_one_farm_out\external_wind_bal_align_force_seed203,9.5,3.0,False,0.0,0.0,0.005906487453088626,0.007472323062060818,False
penmanshiel,kelmarsh,leave-one-farm-out,MoE + L_bal + L_align + L_force,203,artifacts\external_wind_runs\penmanshiel\leave_one_farm_out\external_wind_bal_align_force_seed203,9.5,4.0,False,0.0,0.0,0.005906487453088626,0.007472323062060818,False
penmanshiel,kelmarsh,leave-one-farm-out,MoE + L_bal + L_align + L_force,203,artifacts\external_wind_runs\penmanshiel\leave_one_farm_out\external_wind_bal_align_force_seed203,10.0,1.0,False,0.0,0.0,0.006505685058370176,0.008291232038185936,False
penmanshiel,kelmarsh,leave-one-farm-out,MoE + L_bal + L_align + L_force,203,artifacts\external_wind_runs\penmanshiel\leave_one_farm_out\external_wind_bal_align_force_seed203,10.0,2.0,False,0.0,0.0,0.006505685058370176,0.008291232038185936,False
penmanshiel,kelmarsh,leave-one-farm-out,MoE + L_bal + L_align + L_force,203,artifacts\external_wind_runs\penmanshiel\leave_one_farm_out\external_wind_bal_align_force_seed203,10.0,3.0,False,0.0,0.0,0.006505685058370176,0.008291232038185936,False
penmanshiel,kelmarsh,leave-one-farm-out,MoE + L_bal + L_align + L_force,203,artifacts\external_wind_runs\penmanshiel\leave_one_farm_out\external_wind_bal_align_force_seed203,10.0,4.0,False,0.0,0.0,0.006505685058370176,0.008291232038185936,False
penmanshiel,kelmarsh,leave-one-farm-out,MoE + L_bal + L_align + L_force,203,artifacts\external_wind_runs\penmanshiel\leave_one_farm_out\external_wind_bal_align_force_seed203,10.5,1.0,False,0.0,0.0,0.006889898974847931,0.008825935715660163,False
penmanshiel,kelmarsh,leave-one-farm-out,MoE + L_bal + L_align + L_force,203,artifacts\external_wind_runs\penmanshiel\leave_one_farm_out\external_wind_bal_align_force_seed203,10.5,2.0,True,0.0,0.0,0.006889898974847931,0.008825935715660163,True
penmanshiel,kelmarsh,leave-one-farm-out,MoE + L_bal + L_align + L_force,203,artifacts\external_wind_runs\penmanshiel\leave_one_farm_out\external_wind_bal_align_force_seed203,10.5,3.0,False,0.0,0.0,0.006889898974847931,0.008825935715660163,False
penmanshiel,kelmarsh,leave-one-farm-out,MoE + L_bal + L_align + L_force,203,artifacts\external_wind_runs\penmanshiel\leave_one_farm_out\external_wind_bal_align_force_seed203,10.5,4.0,False,0.0,0.0,0.006889898974847931,0.008825935715660163,False
penmanshiel,kelmarsh,leave-one-farm-out,MoE + L_bal + L_align + L_force,203,artifacts\external_wind_runs\penmanshiel\leave_one_farm_out\external_wind_bal_align_force_seed203,11.0,1.0,False,0.0,0.0,0.007859444667067656,0.01009267169162314,False
penmanshiel,kelmarsh,leave-one-farm-out,MoE + L_bal + L_align + L_force,203,artifacts\external_wind_runs\penmanshiel\leave_one_farm_out\external_wind_bal_align_force_seed203,11.0,2.0,False,0.0,0.0,0.007859444667067656,0.01009267169162314,False
penmanshiel,kelmarsh,leave-one-farm-out,MoE + L_bal + L_align + L_force,203,artifacts\external_wind_runs\penmanshiel\leave_one_farm_out\external_wind_bal_align_force_seed203,11.0,3.0,False,0.0,0.0,0.007859444667067656,0.01009267169162314,False
penmanshiel,kelmarsh,leave-one-farm-out,MoE + L_bal + L_align + L_force,203,artifacts\external_wind_runs\penmanshiel\leave_one_farm_out\external_wind_bal_align_force_seed203,11.0,4.0,False,0.0,0.0,0.007859444667067656,0.01009267169162314,False
penmanshiel,kelmarsh,leave-one-farm-out,MoE + L_bal + L_align + L_force,203,artifacts\external_wind_runs\penmanshiel\leave_one_farm_out\external_wind_bal_align_force_seed203,11.5,1.0,False,0.0,0.0,6.730400603899349e-06,-2.6306926467343735e-05,False
penmanshiel,kelmarsh,leave-one-farm-out,MoE + L_bal + L_align + L_force,203,artifacts\external_wind_runs\penmanshiel\leave_one_farm_out\external_wind_bal_align_force_seed203,11.5,2.0,False,0.0,0.0,6.730400603899349e-06,-2.6306926467343735e-05,False
penmanshiel,kelmarsh,leave-one-farm-out,MoE + L_bal + L_align + L_force,203,artifacts\external_wind_runs\penmanshiel\leave_one_farm_out\external_wind_bal_align_force_seed203,11.5,3.0,False,0.0,0.0,6.730400603899349e-06,-2.6306926467343735e-05,False
penmanshiel,kelmarsh,leave-one-farm-out,MoE + L_bal + L_align + L_force,203,artifacts\external_wind_runs\penmanshiel\leave_one_farm_out\external_wind_bal_align_force_seed203,11.5,4.0,False,0.0,0.0,6.730400603899349e-06,-2.6306926467343735e-05,False
kelmarsh,,chronological,MoE + L_bal + L_align + L_force,203,artifacts\external_wind_runs\kelmarsh\chronological\external_wind_bal_align_force_seed203,9.5,1.0,False,0.3027042250842283,0.27826856077501827,0.2804030445065148,0.21578398415050698,False
kelmarsh,,chronological,MoE + L_bal + L_align + L_force,203,artifacts\external_wind_runs\kelmarsh\chronological\external_wind_bal_align_force_seed203,9.5,2.0,False,0.2760206744380378,0.24123437515911178,0.2506741221666213,0.1749857101122533,False
kelmarsh,,chronological,MoE + L_bal + L_align + L_force,203,artifacts\external_wind_runs\kelmarsh\chronological\external_wind_bal_align_force_seed203,9.5,3.0,False,0.27858972096553375,0.24919005655816853,0.25043166985554755,0.1808880394446006,False
kelmarsh,,chronological,MoE + L_bal + L_align + L_force,203,artifacts\external_wind_runs\kelmarsh\chronological\external_wind_bal_align_force_seed203,9.5,4.0,False,0.280417295737217,0.2534117682496423,0.25025960062714087,0.184940708117432,False
kelmarsh,,chronological,MoE + L_bal + L_align + L_force,203,artifacts\external_wind_runs\kelmarsh\chronological\external_wind_bal_align_force_seed203,10.0,1.0,False,0.3067405175543654,0.29148036472258976,0.28238324407716164,0.22842445262425573,False
kelmarsh,,chronological,MoE + L_bal + L_align + L_force,203,artifacts\external_wind_runs\kelmarsh\chronological\external_wind_bal_align_force_seed203,10.0,2.0,False,0.27812119329026913,0.24870768787959285,0.2521031842766746,0.18322800658951272,False
kelmarsh,,chronological,MoE + L_bal + L_align + L_force,203,artifacts\external_wind_runs\kelmarsh\chronological\external_wind_bal_align_force_seed203,10.0,3.0,False,0.2804672540190857,0.2555325022919605,0.2521619434798323,0.18866197746396815,False
kelmarsh,,chronological,MoE + L_bal + L_align + L_force,203,artifacts\external_wind_runs\kelmarsh\chronological\external_wind_bal_align_force_seed203,10.0,4.0,False,0.2822551232448859,0.25953267051251944,0.25219591519039575,0.19282171930944858,False
kelmarsh,,chronological,MoE + L_bal + L_align + L_force,203,artifacts\external_wind_runs\kelmarsh\chronological\external_wind_bal_align_force_seed203,10.5,1.0,False,0.31323309755358997,0.3072257085566961,0.28517797588192,0.24231581384232445,False
kelmarsh,,chronological,MoE + L_bal + L_align + L_force,203,artifacts\external_wind_runs\kelmarsh\chronological\external_wind_bal_align_force_seed203,10.5,2.0,True,0.2812403951023897,0.25750124660775836,0.2531684234045507,0.1913477073075131,False
kelmarsh,,chronological,MoE + L_bal + L_align + L_force,203,artifacts\external_wind_runs\kelmarsh\chronological\external_wind_bal_align_force_seed203,10.5,3.0,False,0.2823500769245615,0.2608847590061538,0.2533363924552132,0.1945539860701738,False
kelmarsh,,chronological,MoE + L_bal + L_align + L_force,203,artifacts\external_wind_runs\kelmarsh\chronological\external_wind_bal_align_force_seed203,10.5,4.0,False,0.2836973986718904,0.26385587302965896,0.25340049739523246,0.19775648603122625,False
kelmarsh,,chronological,MoE + L_bal + L_align + L_force,203,artifacts\external_wind_runs\kelmarsh\chronological\external_wind_bal_align_force_seed203,11.0,1.0,False,0.31847354071724293,0.31650033230958147,0.2879900180973681,0.25223384894420176,False
kelmarsh,,chronological,MoE + L_bal + L_align + L_force,203,artifacts\external_wind_runs\kelmarsh\chronological\external_wind_bal_align_force_seed203,11.0,2.0,False,0.28477371716375255,0.26470984441399875,0.2543840635724859,0.1986796075229209,False
kelmarsh,,chronological,MoE + L_bal + L_align + L_force,203,artifacts\external_wind_runs\kelmarsh\chronological\external_wind_bal_align_force_seed203,11.0,3.0,False,0.28510202640050697,0.26638429006874137,0.25447417173826425,0.20041774093421588,False
kelmarsh,,chronological,MoE + L_bal + L_align + L_force,203,artifacts\external_wind_runs\kelmarsh\chronological\external_wind_bal_align_force_seed203,11.0,4.0,False,0.2853211273782892,0.26728716444028383,0.2543545502201289,0.20183079497860323,False
kelmarsh,,chronological,MoE + L_bal + L_align + L_force,203,artifacts\external_wind_runs\kelmarsh\chronological\external_wind_bal_align_force_seed203,11.5,1.0,False,0.3228824725707292,0.3223484194166842,0.2901155874478781,0.25805825819854245,True
kelmarsh,,chronological,MoE + L_bal + L_align + L_force,203,artifacts\external_wind_runs\kelmarsh\chronological\external_wind_bal_align_force_seed203,11.5,2.0,False,0.2880925037307169,0.2696122851674784,0.25549320683830035,0.20324286238247527,False
kelmarsh,,chronological,MoE + L_bal + L_align + L_force,203,artifacts\external_wind_runs\kelmarsh\chronological\external_wind_bal_align_force_seed203,11.5,3.0,False,0.28822233723733626,0.27097482606278533,0.25561360581465825,0.20496983026567758,False
kelmarsh,,chronological,MoE + L_bal + L_align + L_force,203,artifacts\external_wind_runs\kelmarsh\chronological\external_wind_bal_align_force_seed203,11.5,4.0,False,0.28814917631369585,0.2714353230356112,0.2553705286149543,0.20569982691040528,False
penmanshiel,,chronological,MoE + L_bal + L_align + L_force,203,artifacts\external_wind_runs\penmanshiel\chronological\external_wind_bal_align_force_seed203,9.5,1.0,False,0.0,0.0,0.0,0.0,False
penmanshiel,,chronological,MoE + L_bal + L_align + L_force,203,artifacts\external_wind_runs\penmanshiel\chronological\external_wind_bal_align_force_seed203,9.5,2.0,False,0.0,0.0,0.0,0.0,False
penmanshiel,,chronological,MoE + L_bal + L_align + L_force,203,artifacts\external_wind_runs\penmanshiel\chronological\external_wind_bal_align_force_seed203,9.5,3.0,False,0.0,0.0,0.0,0.0,False
penmanshiel,,chronological,MoE + L_bal + L_align + L_force,203,artifacts\external_wind_runs\penmanshiel\chronological\external_wind_bal_align_force_seed203,9.5,4.0,False,0.0,0.0,0.0,0.0,False
penmanshiel,,chronological,MoE + L_bal + L_align + L_force,203,artifacts\external_wind_runs\penmanshiel\chronological\external_wind_bal_align_force_seed203,10.0,1.0,False,0.0,0.0,0.0,0.0,False
penmanshiel,,chronological,MoE + L_bal + L_align + L_force,203,artifacts\external_wind_runs\penmanshiel\chronological\external_wind_bal_align_force_seed203,10.0,2.0,False,0.0,0.0,0.0,0.0,False
penmanshiel,,chronological,MoE + L_bal + L_align + L_force,203,artifacts\external_wind_runs\penmanshiel\chronological\external_wind_bal_align_force_seed203,10.0,3.0,False,0.0,0.0,0.0,0.0,False
penmanshiel,,chronological,MoE + L_bal + L_align + L_force,203,artifacts\external_wind_runs\penmanshiel\chronological\external_wind_bal_align_force_seed203,10.0,4.0,False,0.0,0.0,0.0,0.0,False
penmanshiel,,chronological,MoE + L_bal + L_align + L_force,203,artifacts\external_wind_runs\penmanshiel\chronological\external_wind_bal_align_force_seed203,10.5,1.0,False,0.0,0.0,0.0,0.0,False
penmanshiel,,chronological,MoE + L_bal + L_align + L_force,203,artifacts\external_wind_runs\penmanshiel\chronological\external_wind_bal_align_force_seed203,10.5,2.0,True,0.0,0.0,0.0,0.0,True
penmanshiel,,chronological,MoE + L_bal + L_align + L_force,203,artifacts\external_wind_runs\penmanshiel\chronological\external_wind_bal_align_force_seed203,10.5,3.0,False,0.0,0.0,0.0,0.0,False
penmanshiel,,chronological,MoE + L_bal + L_align + L_force,203,artifacts\external_wind_runs\penmanshiel\chronological\external_wind_bal_align_force_seed203,10.5,4.0,False,0.0,0.0,0.0,0.0,False
penmanshiel,,chronological,MoE + L_bal + L_align + L_force,203,artifacts\external_wind_runs\penmanshiel\chronological\external_wind_bal_align_force_seed203,11.0,1.0,False,0.0,0.0,0.0,0.0,False
penmanshiel,,chronological,MoE + L_bal + L_align + L_force,203,artifacts\external_wind_runs\penmanshiel\chronological\external_wind_bal_align_force_seed203,11.0,2.0,False,0.0,0.0,0.0,0.0,False
penmanshiel,,chronological,MoE + L_bal + L_align + L_force,203,artifacts\external_wind_runs\penmanshiel\chronological\external_wind_bal_align_force_seed203,11.0,3.0,False,0.0,0.0,0.0,0.0,False
penmanshiel,,chronological,MoE + L_bal + L_align + L_force,203,artifacts\external_wind_runs\penmanshiel\chronological\external_wind_bal_align_force_seed203,11.0,4.0,False,0.0,0.0,0.0,0.0,False
penmanshiel,,chronological,MoE + L_bal + L_align + L_force,203,artifacts\external_wind_runs\penmanshiel\chronological\external_wind_bal_align_force_seed203,11.5,1.0,False,0.0,0.0,0.0,0.0,False
penmanshiel,,chronological,MoE + L_bal + L_align + L_force,203,artifacts\external_wind_runs\penmanshiel\chronological\external_wind_bal_align_force_seed203,11.5,2.0,False,0.0,0.0,0.0,0.0,False
penmanshiel,,chronological,MoE + L_bal + L_align + L_force,203,artifacts\external_wind_runs\penmanshiel\chronological\external_wind_bal_align_force_seed203,11.5,3.0,False,0.0,0.0,0.0,0.0,False
penmanshiel,,chronological,MoE + L_bal + L_align + L_force,203,artifacts\external_wind_runs\penmanshiel\chronological\external_wind_bal_align_force_seed203,11.5,4.0,False,0.0,0.0,0.0,0.0,False
kelmarsh,penmanshiel,leave-one-farm-out,MoE + L_bal + L_align + L_force,204,artifacts\external_wind_runs\kelmarsh\leave_one_farm_out\external_wind_bal_align_force_seed204,9.5,1.0,False,0.020949991143497566,-0.0022145158392839963,0.019030707939428185,0.02202266810060219,False
kelmarsh,penmanshiel,leave-one-farm-out,MoE + L_bal + L_align + L_force,204,artifacts\external_wind_runs\kelmarsh\leave_one_farm_out\external_wind_bal_align_force_seed204,9.5,2.0,False,0.016980438568625356,0.008928508908357047,0.019030707939428185,0.02202266810060219,False
kelmarsh,penmanshiel,leave-one-farm-out,MoE + L_bal + L_align + L_force,204,artifacts\external_wind_runs\kelmarsh\leave_one_farm_out\external_wind_bal_align_force_seed204,9.5,3.0,False,0.01670773535017853,0.009340333649591456,0.019030707939428185,0.02202266810060219,False
kelmarsh,penmanshiel,leave-one-farm-out,MoE + L_bal + L_align + L_force,204,artifacts\external_wind_runs\kelmarsh\leave_one_farm_out\external_wind_bal_align_force_seed204,9.5,4.0,False,0.016711778425874874,0.009861208492916733,0.019030707939428185,0.02202266810060219,False
kelmarsh,penmanshiel,leave-one-farm-out,MoE + L_bal + L_align + L_force,204,artifacts\external_wind_runs\kelmarsh\leave_one_farm_out\external_wind_bal_align_force_seed204,10.0,1.0,False,0.02276272430376211,-0.0004589124870846228,0.020253733314297553,0.02120566065391548,False
kelmarsh,penmanshiel,leave-one-farm-out,MoE + L_bal + L_align + L_force,204,artifacts\external_wind_runs\kelmarsh\leave_one_farm_out\external_wind_bal_align_force_seed204,10.0,2.0,False,0.019377897791691898,0.010682684117760424,0.020253733314297553,0.02120566065391548,False
kelmarsh,penmanshiel,leave-one-farm-out,MoE + L_bal + L_align + L_force,204,artifacts\external_wind_runs\kelmarsh\leave_one_farm_out\external_wind_bal_align_force_seed204,10.0,3.0,False,0.01936483526476308,0.011196442701727606,0.020253733314297553,0.02120566065391548,False
kelmarsh,penmanshiel,leave-one-farm-out,MoE + L_bal + L_align + L_force,204,artifacts\external_wind_runs\kelmarsh\leave_one_farm_out\external_wind_bal_align_force_seed204,10.0,4.0,False,0.01938346512757069,0.011662092788254988,0.020253733314297553,0.02120566065391548,False
kelmarsh,penmanshiel,leave-one-farm-out,MoE + L_bal + L_align + L_force,204,artifacts\external_wind_runs\kelmarsh\leave_one_farm_out\external_wind_bal_align_force_seed204,10.5,1.0,False,0.022687663136964627,-0.0006761616715934224,0.02118331365182931,0.020464627297373455,False
kelmarsh,penmanshiel,leave-one-farm-out,MoE + L_bal + L_align + L_force,204,artifacts\external_wind_runs\kelmarsh\leave_one_farm_out\external_wind_bal_align_force_seed204,10.5,2.0,True,0.019447300206899946,0.010676931080329896,0.02118331365182931,0.020464627297373455,False
kelmarsh,penmanshiel,leave-one-farm-out,MoE + L_bal + L_align + L_force,204,artifacts\external_wind_runs\kelmarsh\leave_one_farm_out\external_wind_bal_align_force_seed204,10.5,3.0,False,0.019640398453861528,0.011008191731211668,0.02118331365182931,0.020464627297373455,False
kelmarsh,penmanshiel,leave-one-farm-out,MoE + L_bal + L_align + L_force,204,artifacts\external_wind_runs\kelmarsh\leave_one_farm_out\external_wind_bal_align_force_seed204,10.5,4.0,False,0.019630495826520076,0.011393367894961943,0.02118331365182931,0.020464627297373455,False
kelmarsh,penmanshiel,leave-one-farm-out,MoE + L_bal + L_align + L_force,204,artifacts\external_wind_runs\kelmarsh\leave_one_farm_out\external_wind_bal_align_force_seed204,11.0,1.0,False,0.022829144722231343,-0.00041030480138353045,0.021850675148122747,0.02005421402145405,False
kelmarsh,penmanshiel,leave-one-farm-out,MoE + L_bal + L_align + L_force,204,artifacts\external_wind_runs\kelmarsh\leave_one_farm_out\external_wind_bal_align_force_seed204,11.0,2.0,False,0.01950704635926152,0.01095335891198183,0.021850675148122747,0.02005421402145405,False
kelmarsh,penmanshiel,leave-one-farm-out,MoE + L_bal + L_align + L_force,204,artifacts\external_wind_runs\kelmarsh\leave_one_farm_out\external_wind_bal_align_force_seed204,11.0,3.0,False,0.01974201141938554,0.011320539583504718,0.021850675148122747,0.02005421402145405,False
kelmarsh,penmanshiel,leave-one-farm-out,MoE + L_bal + L_align + L_force,204,artifacts\external_wind_runs\kelmarsh\leave_one_farm_out\external_wind_bal_align_force_seed204,11.0,4.0,False,0.019680084927054038,0.011362623713255481,0.021850675148122747,0.02005421402145405,False
kelmarsh,penmanshiel,leave-one-farm-out,MoE + L_bal + L_align + L_force,204,artifacts\external_wind_runs\kelmarsh\leave_one_farm_out\external_wind_bal_align_force_seed204,11.5,1.0,False,0.022918866071641217,-0.0001144413713040767,0.022326957865823602,0.01985513350660873,True
kelmarsh,penmanshiel,leave-one-farm-out,MoE + L_bal + L_align + L_force,204,artifacts\external_wind_runs\kelmarsh\leave_one_farm_out\external_wind_bal_align_force_seed204,11.5,2.0,False,0.019550364144507545,0.011305064435189102,0.022326957865823602,0.01985513350660873,False
kelmarsh,penmanshiel,leave-one-farm-out,MoE + L_bal + L_align + L_force,204,artifacts\external_wind_runs\kelmarsh\leave_one_farm_out\external_wind_bal_align_force_seed204,11.5,3.0,False,0.019778029809446502,0.011619547659754894,0.022326957865823602,0.01985513350660873,False
kelmarsh,penmanshiel,leave-one-farm-out,MoE + L_bal + L_align + L_force,204,artifacts\external_wind_runs\kelmarsh\leave_one_farm_out\external_wind_bal_align_force_seed204,11.5,4.0,False,0.01970336580817652,0.011589158261599668,0.022326957865823602,0.01985513350660873,False
penmanshiel,kelmarsh,leave-one-farm-out,MoE + L_bal + L_align + L_force,204,artifacts\external_wind_runs\penmanshiel\leave_one_farm_out\external_wind_bal_align_force_seed204,9.5,1.0,False,0.0,0.0,0.02286581909433117,0.027356527707400883,False
penmanshiel,kelmarsh,leave-one-farm-out,MoE + L_bal + L_align + L_force,204,artifacts\external_wind_runs\penmanshiel\leave_one_farm_out\external_wind_bal_align_force_seed204,9.5,2.0,False,0.0,0.0,0.02286581909433117,0.027356527707400883,False
penmanshiel,kelmarsh,leave-one-farm-out,MoE + L_bal + L_align + L_force,204,artifacts\external_wind_runs\penmanshiel\leave_one_farm_out\external_wind_bal_align_force_seed204,9.5,3.0,False,0.0,0.0,0.02286581909433117,0.027356527707400883,False
penmanshiel,kelmarsh,leave-one-farm-out,MoE + L_bal + L_align + L_force,204,artifacts\external_wind_runs\penmanshiel\leave_one_farm_out\external_wind_bal_align_force_seed204,9.5,4.0,False,0.0,0.0,0.02286581909433117,0.027356527707400883,False
penmanshiel,kelmarsh,leave-one-farm-out,MoE + L_bal + L_align + L_force,204,artifacts\external_wind_runs\penmanshiel\leave_one_farm_out\external_wind_bal_align_force_seed204,10.0,1.0,False,0.0,0.0,0.016746453562081865,0.02009068952141424,False
penmanshiel,kelmarsh,leave-one-farm-out,MoE + L_bal + L_align + L_force,204,artifacts\external_wind_runs\penmanshiel\leave_one_farm_out\external_wind_bal_align_force_seed204,10.0,2.0,False,0.0,0.0,0.016746453562081865,0.02009068952141424,False
penmanshiel,kelmarsh,leave-one-farm-out,MoE + L_bal + L_align + L_force,204,artifacts\external_wind_runs\penmanshiel\leave_one_farm_out\external_wind_bal_align_force_seed204,10.0,3.0,False,0.0,0.0,0.016746453562081865,0.02009068952141424,False
penmanshiel,kelmarsh,leave-one-farm-out,MoE + L_bal + L_align + L_force,204,artifacts\external_wind_runs\penmanshiel\leave_one_farm_out\external_wind_bal_align_force_seed204,10.0,4.0,False,0.0,0.0,0.016746453562081865,0.02009068952141424,False
penmanshiel,kelmarsh,leave-one-farm-out,MoE + L_bal + L_align + L_force,204,artifacts\external_wind_runs\penmanshiel\leave_one_farm_out\external_wind_bal_align_force_seed204,10.5,1.0,False,0.0,0.0,0.018604416361331755,0.022432619075306037,False
penmanshiel,kelmarsh,leave-one-farm-out,MoE + L_bal + L_align + L_force,204,artifacts\external_wind_runs\penmanshiel\leave_one_farm_out\external_wind_bal_align_force_seed204,10.5,2.0,True,0.0,0.0,0.018604416361331755,0.022432619075306037,True
penmanshiel,kelmarsh,leave-one-farm-out,MoE + L_bal + L_align + L_force,204,artifacts\external_wind_runs\penmanshiel\leave_one_farm_out\external_wind_bal_align_force_seed204,10.5,3.0,False,0.0,0.0,0.018604416361331755,0.022432619075306037,False
penmanshiel,kelmarsh,leave-one-farm-out,MoE + L_bal + L_align + L_force,204,artifacts\external_wind_runs\penmanshiel\leave_one_farm_out\external_wind_bal_align_force_seed204,10.5,4.0,False,0.0,0.0,0.018604416361331755,0.022432619075306037,False
penmanshiel,kelmarsh,leave-one-farm-out,MoE + L_bal + L_align + L_force,204,artifacts\external_wind_runs\penmanshiel\leave_one_farm_out\external_wind_bal_align_force_seed204,11.0,1.0,False,0.0,0.0,0.021140064225650634,0.02561959898435018,False
penmanshiel,kelmarsh,leave-one-farm-out,MoE + L_bal + L_align + L_force,204,artifacts\external_wind_runs\penmanshiel\leave_one_farm_out\external_wind_bal_align_force_seed204,11.0,2.0,False,0.0,0.0,0.021140064225650634,0.02561959898435018,False
penmanshiel,kelmarsh,leave-one-farm-out,MoE + L_bal + L_align + L_force,204,artifacts\external_wind_runs\penmanshiel\leave_one_farm_out\external_wind_bal_align_force_seed204,11.0,3.0,False,0.0,0.0,0.021140064225650634,0.02561959898435018,False
penmanshiel,kelmarsh,leave-one-farm-out,MoE + L_bal + L_align + L_force,204,artifacts\external_wind_runs\penmanshiel\leave_one_farm_out\external_wind_bal_align_force_seed204,11.0,4.0,False,0.0,0.0,0.021140064225650634,0.02561959898435018,False
penmanshiel,kelmarsh,leave-one-farm-out,MoE + L_bal + L_align + L_force,204,artifacts\external_wind_runs\penmanshiel\leave_one_farm_out\external_wind_bal_align_force_seed204,11.5,1.0,False,0.0,0.0,0.0,0.0,False
penmanshiel,kelmarsh,leave-one-farm-out,MoE + L_bal + L_align + L_force,204,artifacts\external_wind_runs\penmanshiel\leave_one_farm_out\external_wind_bal_align_force_seed204,11.5,2.0,False,0.0,0.0,0.0,0.0,False
penmanshiel,kelmarsh,leave-one-farm-out,MoE + L_bal + L_align + L_force,204,artifacts\external_wind_runs\penmanshiel\leave_one_farm_out\external_wind_bal_align_force_seed204,11.5,3.0,False,0.0,0.0,0.0,0.0,False
penmanshiel,kelmarsh,leave-one-farm-out,MoE + L_bal + L_align + L_force,204,artifacts\external_wind_runs\penmanshiel\leave_one_farm_out\external_wind_bal_align_force_seed204,11.5,4.0,False,0.0,0.0,0.0,0.0,False
kelmarsh,,chronological,MoE + L_bal + L_align + L_force,204,artifacts\external_wind_runs\kelmarsh\chronological\external_wind_bal_align_force_seed204,9.5,1.0,False,0.36251394688607286,0.3820205935381005,0.32759956590745704,0.3048800988839818,False
kelmarsh,,chronological,MoE + L_bal + L_align + L_force,204,artifacts\external_wind_runs\kelmarsh\chronological\external_wind_bal_align_force_seed204,9.5,2.0,False,0.32710982799441257,0.33253015964684324,0.28955411488899035,0.2507389118785511,False
kelmarsh,,chronological,MoE + L_bal + L_align + L_force,204,artifacts\external_wind_runs\kelmarsh\chronological\external_wind_bal_align_force_seed204,9.5,3.0,False,0.33221033242644615,0.34309187848863615,0.2913266305402823,0.2592149841149943,False
kelmarsh,,chronological,MoE + L_bal + L_align + L_force,204,artifacts\external_wind_runs\kelmarsh\chronological\external_wind_bal_align_force_seed204,9.5,4.0,False,0.3355763764617041,0.34871539871328544,0.29270891980651315,0.2650801426713038,False
kelmarsh,,chronological,MoE + L_bal + L_align + L_force,204,artifacts\external_wind_runs\kelmarsh\chronological\external_wind_bal_align_force_seed204,10.0,1.0,False,0.36920780756641136,0.3978545497198488,0.3318160635153874,0.3200496093576556,False
kelmarsh,,chronological,MoE + L_bal + L_align + L_force,204,artifacts\external_wind_runs\kelmarsh\chronological\external_wind_bal_align_force_seed204,10.0,2.0,False,0.32984530306858184,0.34007356542697736,0.2915361963887633,0.25916799373116867,False
kelmarsh,,chronological,MoE + L_bal + L_align + L_force,204,artifacts\external_wind_runs\kelmarsh\chronological\external_wind_bal_align_force_seed204,10.0,3.0,False,0.3342033458591056,0.3488436829723882,0.2932086059115964,0.26656052574404143,False
kelmarsh,,chronological,MoE + L_bal + L_align + L_force,204,artifacts\external_wind_runs\kelmarsh\chronological\external_wind_bal_align_force_seed204,10.0,4.0,False,0.337379460164706,0.35407016801235497,0.29470007355973127,0.27237435070527366,False
kelmarsh,,chronological,MoE + L_bal + L_align + L_force,204,artifacts\external_wind_runs\kelmarsh\chronological\external_wind_bal_align_force_seed204,10.5,1.0,False,0.38027526373802684,0.4184217591740834,0.3383718210117289,0.33872278129571554,False
kelmarsh,,chronological,MoE + L_bal + L_align + L_force,204,artifacts\external_wind_runs\kelmarsh\chronological\external_wind_bal_align_force_seed204,10.5,2.0,True,0.3349676116365184,0.3506827166393497,0.29431536709673406,0.2692625512940053,False
kelmarsh,,chronological,MoE + L_bal + L_align + L_force,204,artifacts\external_wind_runs\kelmarsh\chronological\external_wind_bal_align_force_seed204,10.5,3.0,False,0.33671194130469523,0.35439291148783086,0.2950278763137718,0.2729083442700962,False
kelmarsh,,chronological,MoE + L_bal + L_align + L_force,204,artifacts\external_wind_runs\kelmarsh\chronological\external_wind_bal_align_force_seed204,10.5,4.0,False,0.3389961682315835,0.3580933319968761,0.2960392781149153,0.27707148981332447,False
kelmarsh,,chronological,MoE + L_bal + L_align + L_force,204,artifacts\external_wind_runs\kelmarsh\chronological\external_wind_bal_align_force_seed204,11.0,1.0,False,0.3887669970745251,0.430717016368629,0.3442532049307404,0.35226621516229867,False
kelmarsh,,chronological,MoE + L_bal + L_align + L_force,204,artifacts\external_wind_runs\kelmarsh\chronological\external_wind_bal_align_force_seed204,11.0,2.0,False,0.34085775171470206,0.3600701049667635,0.2977573409407065,0.2792281585154737,False
kelmarsh,,chronological,MoE + L_bal + L_align + L_force,204,artifacts\external_wind_runs\kelmarsh\chronological\external_wind_bal_align_force_seed204,11.0,3.0,False,0.3410932285902917,0.3612786455267248,0.2976756726223621,0.28044867724902983,False
kelmarsh,,chronological,MoE + L_bal + L_align + L_force,204,artifacts\external_wind_runs\kelmarsh\chronological\external_wind_bal_align_force_seed204,11.0,4.0,False,0.34134694625255113,0.3619879584523678,0.2976613227016162,0.2817276895956774,False
kelmarsh,,chronological,MoE + L_bal + L_align + L_force,204,artifacts\external_wind_runs\kelmarsh\chronological\external_wind_bal_align_force_seed204,11.5,1.0,False,0.3955665940502638,0.43845685002408485,0.34832642068664355,0.36020876095329213,True
kelmarsh,,chronological,MoE + L_bal + L_align + L_force,204,artifacts\external_wind_runs\kelmarsh\chronological\external_wind_bal_align_force_seed204,11.5,2.0,False,0.3460633910689495,0.3664941166103764,0.3003969026774941,0.2854876309793505,False
kelmarsh,,chronological,MoE + L_bal + L_align + L_force,204,artifacts\external_wind_runs\kelmarsh\chronological\external_wind_bal_align_force_seed204,11.5,3.0,False,0.34593479951483624,0.3672310159080323,0.30030715806965447,0.28664229312792056,False
kelmarsh,,chronological,MoE + L_bal + L_align + L_force,204,artifacts\external_wind_runs\kelmarsh\chronological\external_wind_bal_align_force_seed204,11.5,4.0,False,0.34568267266902314,0.36729562031447377,0.2998279464878479,0.28681639625999744,False
penmanshiel,,chronological,MoE + L_bal + L_align + L_force,204,artifacts\external_wind_runs\penmanshiel\chronological\external_wind_bal_align_force_seed204,9.5,1.0,False,0.0,0.0,0.0,0.0,False
penmanshiel,,chronological,MoE + L_bal + L_align + L_force,204,artifacts\external_wind_runs\penmanshiel\chronological\external_wind_bal_align_force_seed204,9.5,2.0,False,0.0,0.0,0.0,0.0,False
penmanshiel,,chronological,MoE + L_bal + L_align + L_force,204,artifacts\external_wind_runs\penmanshiel\chronological\external_wind_bal_align_force_seed204,9.5,3.0,False,0.0,0.0,0.0,0.0,False
penmanshiel,,chronological,MoE + L_bal + L_align + L_force,204,artifacts\external_wind_runs\penmanshiel\chronological\external_wind_bal_align_force_seed204,9.5,4.0,False,0.0,0.0,0.0,0.0,False
penmanshiel,,chronological,MoE + L_bal + L_align + L_force,204,artifacts\external_wind_runs\penmanshiel\chronological\external_wind_bal_align_force_seed204,10.0,1.0,False,0.0,0.0,0.0,0.0,False
penmanshiel,,chronological,MoE + L_bal + L_align + L_force,204,artifacts\external_wind_runs\penmanshiel\chronological\external_wind_bal_align_force_seed204,10.0,2.0,False,0.0,0.0,0.0,0.0,False
penmanshiel,,chronological,MoE + L_bal + L_align + L_force,204,artifacts\external_wind_runs\penmanshiel\chronological\external_wind_bal_align_force_seed204,10.0,3.0,False,0.0,0.0,0.0,0.0,False
penmanshiel,,chronological,MoE + L_bal + L_align + L_force,204,artifacts\external_wind_runs\penmanshiel\chronological\external_wind_bal_align_force_seed204,10.0,4.0,False,0.0,0.0,0.0,0.0,False
penmanshiel,,chronological,MoE + L_bal + L_align + L_force,204,artifacts\external_wind_runs\penmanshiel\chronological\external_wind_bal_align_force_seed204,10.5,1.0,False,0.0,0.0,0.0,0.0,False
penmanshiel,,chronological,MoE + L_bal + L_align + L_force,204,artifacts\external_wind_runs\penmanshiel\chronological\external_wind_bal_align_force_seed204,10.5,2.0,True,0.0,0.0,0.0,0.0,True
penmanshiel,,chronological,MoE + L_bal + L_align + L_force,204,artifacts\external_wind_runs\penmanshiel\chronological\external_wind_bal_align_force_seed204,10.5,3.0,False,0.0,0.0,0.0,0.0,False
penmanshiel,,chronological,MoE + L_bal + L_align + L_force,204,artifacts\external_wind_runs\penmanshiel\chronological\external_wind_bal_align_force_seed204,10.5,4.0,False,0.0,0.0,0.0,0.0,False
penmanshiel,,chronological,MoE + L_bal + L_align + L_force,204,artifacts\external_wind_runs\penmanshiel\chronological\external_wind_bal_align_force_seed204,11.0,1.0,False,0.0,0.0,0.0,0.0,False
penmanshiel,,chronological,MoE + L_bal + L_align + L_force,204,artifacts\external_wind_runs\penmanshiel\chronological\external_wind_bal_align_force_seed204,11.0,2.0,False,0.0,0.0,0.0,0.0,False
penmanshiel,,chronological,MoE + L_bal + L_align + L_force,204,artifacts\external_wind_runs\penmanshiel\chronological\external_wind_bal_align_force_seed204,11.0,3.0,False,0.0,0.0,0.0,0.0,False
penmanshiel,,chronological,MoE + L_bal + L_align + L_force,204,artifacts\external_wind_runs\penmanshiel\chronological\external_wind_bal_align_force_seed204,11.0,4.0,False,0.0,0.0,0.0,0.0,False
penmanshiel,,chronological,MoE + L_bal + L_align + L_force,204,artifacts\external_wind_runs\penmanshiel\chronological\external_wind_bal_align_force_seed204,11.5,1.0,False,0.0,0.0,0.0,0.0,False
penmanshiel,,chronological,MoE + L_bal + L_align + L_force,204,artifacts\external_wind_runs\penmanshiel\chronological\external_wind_bal_align_force_seed204,11.5,2.0,False,0.0,0.0,0.0,0.0,False
penmanshiel,,chronological,MoE + L_bal + L_align + L_force,204,artifacts\external_wind_runs\penmanshiel\chronological\external_wind_bal_align_force_seed204,11.5,3.0,False,0.0,0.0,0.0,0.0,False
penmanshiel,,chronological,MoE + L_bal + L_align + L_force,204,artifacts\external_wind_runs\penmanshiel\chronological\external_wind_bal_align_force_seed204,11.5,4.0,False,0.0,0.0,0.0,0.0,False
kelmarsh,penmanshiel,leave-one-farm-out,MoE + L_bal + L_align + L_force,205,artifacts\external_wind_runs\kelmarsh\leave_one_farm_out\external_wind_bal_align_force_seed205,9.5,1.0,False,0.10875515117179879,0.207440973004775,0.07073125576203533,-0.008635899812642615,False
kelmarsh,penmanshiel,leave-one-farm-out,MoE + L_bal + L_align + L_force,205,artifacts\external_wind_runs\kelmarsh\leave_one_farm_out\external_wind_bal_align_force_seed205,9.5,2.0,False,0.12671109085902468,0.2308717684631468,0.07073125576203533,-0.008635899812642615,False
kelmarsh,penmanshiel,leave-one-farm-out,MoE + L_bal + L_align + L_force,205,artifacts\external_wind_runs\kelmarsh\leave_one_farm_out\external_wind_bal_align_force_seed205,9.5,3.0,False,0.128030143816647,0.23402766669232059,0.07073125576203533,-0.008635899812642615,False
kelmarsh,penmanshiel,leave-one-farm-out,MoE + L_bal + L_align + L_force,205,artifacts\external_wind_runs\kelmarsh\leave_one_farm_out\external_wind_bal_align_force_seed205,9.5,4.0,False,0.12897757330317072,0.23596336415255542,0.07073125576203533,-0.008635899812642615,True
kelmarsh,penmanshiel,leave-one-farm-out,MoE + L_bal + L_align + L_force,205,artifacts\external_wind_runs\kelmarsh\leave_one_farm_out\external_wind_bal_align_force_seed205,10.0,1.0,False,0.10688717417233116,0.2049866482022604,0.06856998925750443,-0.011609536283612271,False
kelmarsh,penmanshiel,leave-one-farm-out,MoE + L_bal + L_align + L_force,205,artifacts\external_wind_runs\kelmarsh\leave_one_farm_out\external_wind_bal_align_force_seed205,10.0,2.0,False,0.12293547747389955,0.22389084280535282,0.06856998925750443,-0.011609536283612271,False
kelmarsh,penmanshiel,leave-one-farm-out,MoE + L_bal + L_align + L_force,205,artifacts\external_wind_runs\kelmarsh\leave_one_farm_out\external_wind_bal_align_force_seed205,10.0,3.0,False,0.1236940671615514,0.22578165666748692,0.06856998925750443,-0.011609536283612271,False
kelmarsh,penmanshiel,leave-one-farm-out,MoE + L_bal + L_align + L_force,205,artifacts\external_wind_runs\kelmarsh\leave_one_farm_out\external_wind_bal_align_force_seed205,10.0,4.0,False,0.12447848389975699,0.22739106651929444,0.06856998925750443,-0.011609536283612271,False
kelmarsh,penmanshiel,leave-one-farm-out,MoE + L_bal + L_align + L_force,205,artifacts\external_wind_runs\kelmarsh\leave_one_farm_out\external_wind_bal_align_force_seed205,10.5,1.0,False,0.10761845017700339,0.2079796120645709,0.06680597826240264,-0.01399591413203555,False
kelmarsh,penmanshiel,leave-one-farm-out,MoE + L_bal + L_align + L_force,205,artifacts\external_wind_runs\kelmarsh\leave_one_farm_out\external_wind_bal_align_force_seed205,10.5,2.0,True,0.12202918431918403,0.2227743074410814,0.06680597826240264,-0.01399591413203555,False
kelmarsh,penmanshiel,leave-one-farm-out,MoE + L_bal + L_align + L_force,205,artifacts\external_wind_runs\kelmarsh\leave_one_farm_out\external_wind_bal_align_force_seed205,10.5,3.0,False,0.12144421435294299,0.22159756473024247,0.06680597826240264,-0.01399591413203555,False
kelmarsh,penmanshiel,leave-one-farm-out,MoE + L_bal + L_align + L_force,205,artifacts\external_wind_runs\kelmarsh\leave_one_farm_out\external_wind_bal_align_force_seed205,10.5,4.0,False,0.12180284614426592,0.22227904217199454,0.06680597826240264,-0.01399591413203555,False
kelmarsh,penmanshiel,leave-one-farm-out,MoE + L_bal + L_align + L_force,205,artifacts\external_wind_runs\kelmarsh\leave_one_farm_out\external_wind_bal_align_force_seed205,11.0,1.0,False,0.10847944275088466,0.21030435106950485,0.06545977640356916,-0.015791208543750462,False
kelmarsh,penmanshiel,leave-one-farm-out,MoE + L_bal + L_align + L_force,205,artifacts\external_wind_runs\kelmarsh\leave_one_farm_out\external_wind_bal_align_force_seed205,11.0,2.0,False,0.12276711195323621,0.2246331868675384,0.06545977640356916,-0.015791208543750462,False
kelmarsh,penmanshiel,leave-one-farm-out,MoE + L_bal + L_align + L_force,205,artifacts\external_wind_runs\kelmarsh\leave_one_farm_out\external_wind_bal_align_force_seed205,11.0,3.0,False,0.12151888730069536,0.22199598612946264,0.06545977640356916,-0.015791208543750462,False
kelmarsh,penmanshiel,leave-one-farm-out,MoE + L_bal + L_align + L_force,205,artifacts\external_wind_runs\kelmarsh\leave_one_farm_out\external_wind_bal_align_force_seed205,11.0,4.0,False,0.12108584247748963,0.2209783478633402,0.06545977640356916,-0.015791208543750462,False
kelmarsh,penmanshiel,leave-one-farm-out,MoE + L_bal + L_align + L_force,205,artifacts\external_wind_runs\kelmarsh\leave_one_farm_out\external_wind_bal_align_force_seed205,11.5,1.0,False,0.10911255780393336,0.21170682631976084,0.06449779274988869,-0.017059847910839424,False
kelmarsh,penmanshiel,leave-one-farm-out,MoE + L_bal + L_align + L_force,205,artifacts\external_wind_runs\kelmarsh\leave_one_farm_out\external_wind_bal_align_force_seed205,11.5,2.0,False,0.12346731442662688,0.22604482663775488,0.06449779274988869,-0.017059847910839424,False
kelmarsh,penmanshiel,leave-one-farm-out,MoE + L_bal + L_align + L_force,205,artifacts\external_wind_runs\kelmarsh\leave_one_farm_out\external_wind_bal_align_force_seed205,11.5,3.0,False,0.12208042295584844,0.22313100266836866,0.06449779274988869,-0.017059847910839424,False
kelmarsh,penmanshiel,leave-one-farm-out,MoE + L_bal + L_align + L_force,205,artifacts\external_wind_runs\kelmarsh\leave_one_farm_out\external_wind_bal_align_force_seed205,11.5,4.0,False,0.12147146073857987,0.2217539525601867,0.06449779274988869,-0.017059847910839424,False
penmanshiel,kelmarsh,leave-one-farm-out,MoE + L_bal + L_align + L_force,205,artifacts\external_wind_runs\penmanshiel\leave_one_farm_out\external_wind_bal_align_force_seed205,9.5,1.0,False,0.0,0.0,0.021458384636463396,0.026325590494965963,False
penmanshiel,kelmarsh,leave-one-farm-out,MoE + L_bal + L_align + L_force,205,artifacts\external_wind_runs\penmanshiel\leave_one_farm_out\external_wind_bal_align_force_seed205,9.5,2.0,False,0.0,0.0,0.021458384636463396,0.026325590494965963,False
penmanshiel,kelmarsh,leave-one-farm-out,MoE + L_bal + L_align + L_force,205,artifacts\external_wind_runs\penmanshiel\leave_one_farm_out\external_wind_bal_align_force_seed205,9.5,3.0,False,0.0,0.0,0.021458384636463396,0.026325590494965963,False
penmanshiel,kelmarsh,leave-one-farm-out,MoE + L_bal + L_align + L_force,205,artifacts\external_wind_runs\penmanshiel\leave_one_farm_out\external_wind_bal_align_force_seed205,9.5,4.0,False,0.0,0.0,0.021458384636463396,0.026325590494965963,False
penmanshiel,kelmarsh,leave-one-farm-out,MoE + L_bal + L_align + L_force,205,artifacts\external_wind_runs\penmanshiel\leave_one_farm_out\external_wind_bal_align_force_seed205,10.0,1.0,False,0.0,0.0,0.02470930193820771,0.03054452045250708,False
penmanshiel,kelmarsh,leave-one-farm-out,MoE + L_bal + L_align + L_force,205,artifacts\external_wind_runs\penmanshiel\leave_one_farm_out\external_wind_bal_align_force_seed205,10.0,2.0,False,0.0,0.0,0.02470930193820771,0.03054452045250708,False
penmanshiel,kelmarsh,leave-one-farm-out,MoE + L_bal + L_align + L_force,205,artifacts\external_wind_runs\penmanshiel\leave_one_farm_out\external_wind_bal_align_force_seed205,10.0,3.0,False,0.0,0.0,0.02470930193820771,0.03054452045250708,False
penmanshiel,kelmarsh,leave-one-farm-out,MoE + L_bal + L_align + L_force,205,artifacts\external_wind_runs\penmanshiel\leave_one_farm_out\external_wind_bal_align_force_seed205,10.0,4.0,False,0.0,0.0,0.02470930193820771,0.03054452045250708,False
penmanshiel,kelmarsh,leave-one-farm-out,MoE + L_bal + L_align + L_force,205,artifacts\external_wind_runs\penmanshiel\leave_one_farm_out\external_wind_bal_align_force_seed205,10.5,1.0,False,0.0,0.0,0.02709878911943765,0.0336554684873396,False
penmanshiel,kelmarsh,leave-one-farm-out,MoE + L_bal + L_align + L_force,205,artifacts\external_wind_runs\penmanshiel\leave_one_farm_out\external_wind_bal_align_force_seed205,10.5,2.0,True,0.0,0.0,0.02709878911943765,0.0336554684873396,True
penmanshiel,kelmarsh,leave-one-farm-out,MoE + L_bal + L_align + L_force,205,artifacts\external_wind_runs\penmanshiel\leave_one_farm_out\external_wind_bal_align_force_seed205,10.5,3.0,False,0.0,0.0,0.02709878911943765,0.0336554684873396,False
penmanshiel,kelmarsh,leave-one-farm-out,MoE + L_bal + L_align + L_force,205,artifacts\external_wind_runs\penmanshiel\leave_one_farm_out\external_wind_bal_align_force_seed205,10.5,4.0,False,0.0,0.0,0.02709878911943765,0.0336554684873396,False
penmanshiel,kelmarsh,leave-one-farm-out,MoE + L_bal + L_align + L_force,205,artifacts\external_wind_runs\penmanshiel\leave_one_farm_out\external_wind_bal_align_force_seed205,11.0,1.0,False,0.0,0.0,0.030782802656391182,0.03840800919334367,False
penmanshiel,kelmarsh,leave-one-farm-out,MoE + L_bal + L_align + L_force,205,artifacts\external_wind_runs\penmanshiel\leave_one_farm_out\external_wind_bal_align_force_seed205,11.0,2.0,False,0.0,0.0,0.030782802656391182,0.03840800919334367,False
penmanshiel,kelmarsh,leave-one-farm-out,MoE + L_bal + L_align + L_force,205,artifacts\external_wind_runs\penmanshiel\leave_one_farm_out\external_wind_bal_align_force_seed205,11.0,3.0,False,0.0,0.0,0.030782802656391182,0.03840800919334367,False
penmanshiel,kelmarsh,leave-one-farm-out,MoE + L_bal + L_align + L_force,205,artifacts\external_wind_runs\penmanshiel\leave_one_farm_out\external_wind_bal_align_force_seed205,11.0,4.0,False,0.0,0.0,0.030782802656391182,0.03840800919334367,False
penmanshiel,kelmarsh,leave-one-farm-out,MoE + L_bal + L_align + L_force,205,artifacts\external_wind_runs\penmanshiel\leave_one_farm_out\external_wind_bal_align_force_seed205,11.5,1.0,False,0.0,0.0,0.012921483297913079,0.016366702741772186,False
penmanshiel,kelmarsh,leave-one-farm-out,MoE + L_bal + L_align + L_force,205,artifacts\external_wind_runs\penmanshiel\leave_one_farm_out\external_wind_bal_align_force_seed205,11.5,2.0,False,0.0,0.0,0.012921483297913079,0.016366702741772186,False
penmanshiel,kelmarsh,leave-one-farm-out,MoE + L_bal + L_align + L_force,205,artifacts\external_wind_runs\penmanshiel\leave_one_farm_out\external_wind_bal_align_force_seed205,11.5,3.0,False,0.0,0.0,0.012921483297913079,0.016366702741772186,False
penmanshiel,kelmarsh,leave-one-farm-out,MoE + L_bal + L_align + L_force,205,artifacts\external_wind_runs\penmanshiel\leave_one_farm_out\external_wind_bal_align_force_seed205,11.5,4.0,False,0.0,0.0,0.012921483297913079,0.016366702741772186,False
kelmarsh,,chronological,MoE + L_bal + L_align + L_force,205,artifacts\external_wind_runs\kelmarsh\chronological\external_wind_bal_align_force_seed205,9.5,1.0,False,0.23051644643704128,0.13804152812552925,0.22667591858272448,0.1047403308442683,False
kelmarsh,,chronological,MoE + L_bal + L_align + L_force,205,artifacts\external_wind_runs\kelmarsh\chronological\external_wind_bal_align_force_seed205,9.5,2.0,False,0.2111678798334008,0.11588169447447356,0.20405802000271164,0.07933077451278524,False
kelmarsh,,chronological,MoE + L_bal + L_align + L_force,205,artifacts\external_wind_runs\kelmarsh\chronological\external_wind_bal_align_force_seed205,9.5,3.0,False,0.2099480492325958,0.11946327226892024,0.20069426872931276,0.08076677081869746,False
kelmarsh,,chronological,MoE + L_bal + L_align + L_force,205,artifacts\external_wind_runs\kelmarsh\chronological\external_wind_bal_align_force_seed205,9.5,4.0,False,0.20949082061954194,0.12130445305300604,0.1980678833562431,0.081538604819248,False
kelmarsh,,chronological,MoE + L_bal + L_align + L_force,205,artifacts\external_wind_runs\kelmarsh\chronological\external_wind_bal_align_force_seed205,10.0,1.0,False,0.23074157656718983,0.14689820950394375,0.22530547970742176,0.11269720663654961,False
kelmarsh,,chronological,MoE + L_bal + L_align + L_force,205,artifacts\external_wind_runs\kelmarsh\chronological\external_wind_bal_align_force_seed205,10.0,2.0,False,0.2122602197924414,0.12272926698912379,0.20450304459134067,0.08635750615472315,False
kelmarsh,,chronological,MoE + L_bal + L_align + L_force,205,artifacts\external_wind_runs\kelmarsh\chronological\external_wind_bal_align_force_seed205,10.0,3.0,False,0.2116059621971753,0.12628177480939232,0.20206889589537227,0.08836801626247505,False
kelmarsh,,chronological,MoE + L_bal + L_align + L_force,205,artifacts\external_wind_runs\kelmarsh\chronological\external_wind_bal_align_force_seed205,10.0,4.0,False,0.21134485181194598,0.1282214181938636,0.1998232653857431,0.08957194934345676,False
kelmarsh,,chronological,MoE + L_bal + L_align + L_force,205,artifacts\external_wind_runs\kelmarsh\chronological\external_wind_bal_align_force_seed205,10.5,1.0,False,0.23095209791198618,0.15539283387208552,0.22279993230263948,0.11915282997414076,False
kelmarsh,,chronological,MoE + L_bal + L_align + L_force,205,artifacts\external_wind_runs\kelmarsh\chronological\external_wind_bal_align_force_seed205,10.5,2.0,True,0.2124584871915358,0.12842345400462188,0.20297587834961398,0.09091794646618082,False
kelmarsh,,chronological,MoE + L_bal + L_align + L_force,205,artifacts\external_wind_runs\kelmarsh\chronological\external_wind_bal_align_force_seed205,10.5,3.0,False,0.21256715490603992,0.13106987095836353,0.20223091521984063,0.0930845552419232,False
kelmarsh,,chronological,MoE + L_bal + L_align + L_force,205,artifacts\external_wind_runs\kelmarsh\chronological\external_wind_bal_align_force_seed205,10.5,4.0,False,0.2125207386609743,0.13277375788683954,0.2007752050317237,0.09444795042478783,False
kelmarsh,,chronological,MoE + L_bal + L_align + L_force,205,artifacts\external_wind_runs\kelmarsh\chronological\external_wind_bal_align_force_seed205,11.0,1.0,False,0.23184180446480518,0.16019086888127884,0.22136728240173953,0.1235231045353646,False
kelmarsh,,chronological,MoE + L_bal + L_align + L_force,205,artifacts\external_wind_runs\kelmarsh\chronological\external_wind_bal_align_force_seed205,11.0,2.0,False,0.2126440549366502,0.13213896933257002,0.20092025844578293,0.09388516352231065,False
kelmarsh,,chronological,MoE + L_bal + L_align + L_force,205,artifacts\external_wind_runs\kelmarsh\chronological\external_wind_bal_align_force_seed205,11.0,3.0,False,0.21301461353493237,0.13431716001604113,0.2011477403291906,0.09609214313470653,False
kelmarsh,,chronological,MoE + L_bal + L_align + L_force,205,artifacts\external_wind_runs\kelmarsh\chronological\external_wind_bal_align_force_seed205,11.0,4.0,False,0.21311857462242126,0.1353851836989426,0.20073485079262368,0.09738135518525273,False
kelmarsh,,chronological,MoE + L_bal + L_align + L_force,205,artifacts\external_wind_runs\kelmarsh\chronological\external_wind_bal_align_force_seed205,11.5,1.0,False,0.233125748579948,0.16324427564625044,0.22083389961549646,0.12610922783930142,True
kelmarsh,,chronological,MoE + L_bal + L_align + L_force,205,artifacts\external_wind_runs\kelmarsh\chronological\external_wind_bal_align_force_seed205,11.5,2.0,False,0.2133412823713001,0.13461448907775259,0.1998074453560938,0.09565218715681705,False
kelmarsh,,chronological,MoE + L_bal + L_align + L_force,205,artifacts\external_wind_runs\kelmarsh\chronological\external_wind_bal_align_force_seed205,11.5,3.0,False,0.21374937890212664,0.13674033131176036,0.20012683244960214,0.09794959898015398,False
kelmarsh,,chronological,MoE + L_bal + L_align + L_force,205,artifacts\external_wind_runs\kelmarsh\chronological\external_wind_bal_align_force_seed205,11.5,4.0,False,0.21386099453719293,0.1376833928713368,0.20008485283203972,0.09922165285508008,False
penmanshiel,,chronological,MoE + L_bal + L_align + L_force,205,artifacts\external_wind_runs\penmanshiel\chronological\external_wind_bal_align_force_seed205,9.5,1.0,False,0.0,0.0,1.4208039666258163e-05,-3.6038399181278035e-05,False
penmanshiel,,chronological,MoE + L_bal + L_align + L_force,205,artifacts\external_wind_runs\penmanshiel\chronological\external_wind_bal_align_force_seed205,9.5,2.0,False,0.0,0.0,1.4208039666258163e-05,-3.6038399181278035e-05,False
penmanshiel,,chronological,MoE + L_bal + L_align + L_force,205,artifacts\external_wind_runs\penmanshiel\chronological\external_wind_bal_align_force_seed205,9.5,3.0,False,0.0,0.0,1.4208039666258163e-05,-3.6038399181278035e-05,False
penmanshiel,,chronological,MoE + L_bal + L_align + L_force,205,artifacts\external_wind_runs\penmanshiel\chronological\external_wind_bal_align_force_seed205,9.5,4.0,False,0.0,0.0,1.4208039666258163e-05,-3.6038399181278035e-05,False
penmanshiel,,chronological,MoE + L_bal + L_align + L_force,205,artifacts\external_wind_runs\penmanshiel\chronological\external_wind_bal_align_force_seed205,10.0,1.0,False,0.0,0.0,1.3248094325857659e-05,-3.456537628652471e-05,False
penmanshiel,,chronological,MoE + L_bal + L_align + L_force,205,artifacts\external_wind_runs\penmanshiel\chronological\external_wind_bal_align_force_seed205,10.0,2.0,False,0.0,0.0,1.3248094325857659e-05,-3.456537628652471e-05,False
penmanshiel,,chronological,MoE + L_bal + L_align + L_force,205,artifacts\external_wind_runs\penmanshiel\chronological\external_wind_bal_align_force_seed205,10.0,3.0,False,0.0,0.0,1.3248094325857659e-05,-3.456537628652471e-05,False
penmanshiel,,chronological,MoE + L_bal + L_align + L_force,205,artifacts\external_wind_runs\penmanshiel\chronological\external_wind_bal_align_force_seed205,10.0,4.0,False,0.0,0.0,1.3248094325857659e-05,-3.456537628652471e-05,False
penmanshiel,,chronological,MoE + L_bal + L_align + L_force,205,artifacts\external_wind_runs\penmanshiel\chronological\external_wind_bal_align_force_seed205,10.5,1.0,False,0.0,0.0,2.4904312354688166e-05,-6.65865957430457e-05,False
penmanshiel,,chronological,MoE + L_bal + L_align + L_force,205,artifacts\external_wind_runs\penmanshiel\chronological\external_wind_bal_align_force_seed205,10.5,2.0,True,0.0,0.0,2.4904312354688166e-05,-6.65865957430457e-05,True
penmanshiel,,chronological,MoE + L_bal + L_align + L_force,205,artifacts\external_wind_runs\penmanshiel\chronological\external_wind_bal_align_force_seed205,10.5,3.0,False,0.0,0.0,2.4904312354688166e-05,-6.65865957430457e-05,False
penmanshiel,,chronological,MoE + L_bal + L_align + L_force,205,artifacts\external_wind_runs\penmanshiel\chronological\external_wind_bal_align_force_seed205,10.5,4.0,False,0.0,0.0,2.4904312354688166e-05,-6.65865957430457e-05,False
penmanshiel,,chronological,MoE + L_bal + L_align + L_force,205,artifacts\external_wind_runs\penmanshiel\chronological\external_wind_bal_align_force_seed205,11.0,1.0,False,0.0,0.0,3.531917397770501e-05,-9.649371574702957e-05,False
penmanshiel,,chronological,MoE + L_bal + L_align + L_force,205,artifacts\external_wind_runs\penmanshiel\chronological\external_wind_bal_align_force_seed205,11.0,2.0,False,0.0,0.0,3.531917397770501e-05,-9.649371574702957e-05,False
penmanshiel,,chronological,MoE + L_bal + L_align + L_force,205,artifacts\external_wind_runs\penmanshiel\chronological\external_wind_bal_align_force_seed205,11.0,3.0,False,0.0,0.0,3.531917397770501e-05,-9.649371574702957e-05,False
penmanshiel,,chronological,MoE + L_bal + L_align + L_force,205,artifacts\external_wind_runs\penmanshiel\chronological\external_wind_bal_align_force_seed205,11.0,4.0,False,0.0,0.0,3.531917397770501e-05,-9.649371574702957e-05,False
penmanshiel,,chronological,MoE + L_bal + L_align + L_force,205,artifacts\external_wind_runs\penmanshiel\chronological\external_wind_bal_align_force_seed205,11.5,1.0,False,0.0,0.0,3.3825781254108446e-05,-9.391882013334392e-05,False
penmanshiel,,chronological,MoE + L_bal + L_align + L_force,205,artifacts\external_wind_runs\penmanshiel\chronological\external_wind_bal_align_force_seed205,11.5,2.0,False,0.0,0.0,3.3825781254108446e-05,-9.391882013334392e-05,False
penmanshiel,,chronological,MoE + L_bal + L_align + L_force,205,artifacts\external_wind_runs\penmanshiel\chronological\external_wind_bal_align_force_seed205,11.5,3.0,False,0.0,0.0,3.3825781254108446e-05,-9.391882013334392e-05,False
penmanshiel,,chronological,MoE + L_bal + L_align + L_force,205,artifacts\external_wind_runs\penmanshiel\chronological\external_wind_bal_align_force_seed205,11.5,4.0,False,0.0,0.0,3.3825781254108446e-05,-9.391882013334392e-05,False
