model,policy,seed,cost_ratio,day,daily_cost
Graph WaveNet,global,201,10.0,211,9775690.860229492
Graph WaveNet,global,201,10.0,212,5064838.627349852
Graph WaveNet,global,201,10.0,213,16124003.461414598
Graph WaveNet,global,201,10.0,214,10372746.498083113
Graph WaveNet,global,201,10.0,215,16566174.36124833
Graph WaveNet,global,201,10.0,216,18872383.094205305
Graph WaveNet,global,201,10.0,217,9950857.5359141
Graph WaveNet,global,201,10.0,218,10647582.395958025
Graph WaveNet,global,201,10.0,219,7945759.675786547
Graph WaveNet,global,201,10.0,220,6390425.25063596
Graph WaveNet,global,201,10.0,221,16522543.512428872
Graph WaveNet,global,201,10.0,222,25799870.99547937
Graph WaveNet,global,201,10.0,223,9308415.177985162
Graph WaveNet,global,201,10.0,224,7970340.323866732
Graph WaveNet,global,201,10.0,225,10485212.041228332
Graph WaveNet,global,201,10.0,226,10275278.581401275
Graph WaveNet,global,201,10.0,227,17154378.865250863
Graph WaveNet,global,201,10.0,228,8184414.175320572
Graph WaveNet,global,201,10.0,229,1647890.0797119136
Graph WaveNet,global,201,10.0,230,6820728.483754188
Graph WaveNet,global,201,10.0,231,7251369.848429559
Graph WaveNet,global,201,10.0,232,6104038.152255357
Graph WaveNet,global,201,10.0,233,6880458.033220766
Graph WaveNet,global,201,10.0,234,11256849.692934848
Graph WaveNet,global,201,10.0,235,7592043.4052886935
Graph WaveNet,global,201,10.0,236,17506875.61527405
Graph WaveNet,global,201,10.0,237,9776194.089409532
Graph WaveNet,global,201,10.0,238,6595253.984148625
Graph WaveNet,global,201,10.0,239,24844932.268588513
Graph WaveNet,global,201,10.0,240,4944317.576189933
Graph WaveNet,global,201,10.0,241,16516915.420400482
Graph WaveNet,global,201,10.0,242,9204195.728085078
Graph WaveNet,global,201,10.0,243,9475657.25390724
Graph WaveNet,global,201,10.0,244,32198149.489491433
Graph WaveNet,global,201,10.0,245,14607438.335907415
Graph WaveNet,physical-bin,201,10.0,211,10028974.198698672
Graph WaveNet,physical-bin,201,10.0,212,4723308.191761064
Graph WaveNet,physical-bin,201,10.0,213,16321340.845027354
Graph WaveNet,physical-bin,201,10.0,214,9793467.279711977
Graph WaveNet,physical-bin,201,10.0,215,16708710.057781663
Graph WaveNet,physical-bin,201,10.0,216,19883123.451813243
Graph WaveNet,physical-bin,201,10.0,217,9041184.895846175
Graph WaveNet,physical-bin,201,10.0,218,10563783.91294993
Graph WaveNet,physical-bin,201,10.0,219,7304690.594017163
Graph WaveNet,physical-bin,201,10.0,220,6023438.3523099795
Graph WaveNet,physical-bin,201,10.0,221,16501993.37479409
Graph WaveNet,physical-bin,201,10.0,222,24984023.592458293
Graph WaveNet,physical-bin,201,10.0,223,8322406.256170222
Graph WaveNet,physical-bin,201,10.0,224,7637674.136967223
Graph WaveNet,physical-bin,201,10.0,225,10025120.233899482
Graph WaveNet,physical-bin,201,10.0,226,12590121.987309415
Graph WaveNet,physical-bin,201,10.0,227,19330185.280280996
Graph WaveNet,physical-bin,201,10.0,228,8131912.31782929
Graph WaveNet,physical-bin,201,10.0,229,1467741.5757127763
Graph WaveNet,physical-bin,201,10.0,230,6534392.197935292
Graph WaveNet,physical-bin,201,10.0,231,6722488.405408254
Graph WaveNet,physical-bin,201,10.0,232,5998784.550515162
Graph WaveNet,physical-bin,201,10.0,233,6428368.9313973375
Graph WaveNet,physical-bin,201,10.0,234,11011460.60253556
Graph WaveNet,physical-bin,201,10.0,235,7753411.20650587
Graph WaveNet,physical-bin,201,10.0,236,14652554.036952946
Graph WaveNet,physical-bin,201,10.0,237,9219524.23373609
Graph WaveNet,physical-bin,201,10.0,238,6282490.636935255
Graph WaveNet,physical-bin,201,10.0,239,25599803.23688104
Graph WaveNet,physical-bin,201,10.0,240,4434865.056633339
Graph WaveNet,physical-bin,201,10.0,241,17037740.262170628
Graph WaveNet,physical-bin,201,10.0,242,9272485.872421797
Graph WaveNet,physical-bin,201,10.0,243,10827786.666421104
Graph WaveNet,physical-bin,201,10.0,244,34170956.61060976
Graph WaveNet,physical-bin,201,10.0,245,15335576.502944808
Graph WaveNet,global,202,10.0,211,10342822.824814418
Graph WaveNet,global,202,10.0,212,5309035.412686029
Graph WaveNet,global,202,10.0,213,16792574.000917785
Graph WaveNet,global,202,10.0,214,10239997.03918171
Graph WaveNet,global,202,10.0,215,13756302.805631317
Graph WaveNet,global,202,10.0,216,17356912.371369597
Graph WaveNet,global,202,10.0,217,10311029.569730122
Graph WaveNet,global,202,10.0,218,10901179.847690348
Graph WaveNet,global,202,10.0,219,8320428.031828989
Graph WaveNet,global,202,10.0,220,6666155.755642861
Graph WaveNet,global,202,10.0,221,16432347.619609151
Graph WaveNet,global,202,10.0,222,24956115.25033991
Graph WaveNet,global,202,10.0,223,9756780.62573589
Graph WaveNet,global,202,10.0,224,7689366.30197832
Graph WaveNet,global,202,10.0,225,10077571.88532428
Graph WaveNet,global,202,10.0,226,10157439.309025515
Graph WaveNet,global,202,10.0,227,16555636.726794202
Graph WaveNet,global,202,10.0,228,8846865.098214623
Graph WaveNet,global,202,10.0,229,1727150.7967300415
Graph WaveNet,global,202,10.0,230,6822724.1754938755
Graph WaveNet,global,202,10.0,231,7611038.175406605
Graph WaveNet,global,202,10.0,232,6266814.795275519
Graph WaveNet,global,202,10.0,233,6991488.403482437
Graph WaveNet,global,202,10.0,234,10975362.057989087
Graph WaveNet,global,202,10.0,235,7750392.109945932
Graph WaveNet,global,202,10.0,236,20674221.150156375
Graph WaveNet,global,202,10.0,237,9920688.713345464
Graph WaveNet,global,202,10.0,238,6719169.949413041
Graph WaveNet,global,202,10.0,239,30563513.65433633
Graph WaveNet,global,202,10.0,240,5178630.248365402
Graph WaveNet,global,202,10.0,241,13644052.281539803
Graph WaveNet,global,202,10.0,242,8586154.382787788
Graph WaveNet,global,202,10.0,243,9887606.38221995
Graph WaveNet,global,202,10.0,244,31136740.603895813
Graph WaveNet,global,202,10.0,245,18117572.041676532
Graph WaveNet,physical-bin,202,10.0,211,10677347.643036533
Graph WaveNet,physical-bin,202,10.0,212,4976035.764576975
Graph WaveNet,physical-bin,202,10.0,213,16865809.728932526
Graph WaveNet,physical-bin,202,10.0,214,9526172.156797662
Graph WaveNet,physical-bin,202,10.0,215,13633423.189737126
Graph WaveNet,physical-bin,202,10.0,216,18312265.554834872
Graph WaveNet,physical-bin,202,10.0,217,9353870.847155124
Graph WaveNet,physical-bin,202,10.0,218,10886215.519475736
Graph WaveNet,physical-bin,202,10.0,219,7661264.447164167
Graph WaveNet,physical-bin,202,10.0,220,6239557.159162261
Graph WaveNet,physical-bin,202,10.0,221,16140547.780639987
Graph WaveNet,physical-bin,202,10.0,222,23715723.58137085
Graph WaveNet,physical-bin,202,10.0,223,8712575.803221935
Graph WaveNet,physical-bin,202,10.0,224,7086057.649663063
Graph WaveNet,physical-bin,202,10.0,225,9313298.980192866
Graph WaveNet,physical-bin,202,10.0,226,12729306.73905959
Graph WaveNet,physical-bin,202,10.0,227,19602333.013994686
Graph WaveNet,physical-bin,202,10.0,228,8989784.286061544
Graph WaveNet,physical-bin,202,10.0,229,1536038.3952919005
Graph WaveNet,physical-bin,202,10.0,230,6486550.482185223
Graph WaveNet,physical-bin,202,10.0,231,7056837.370517119
Graph WaveNet,physical-bin,202,10.0,232,6126742.12033476
Graph WaveNet,physical-bin,202,10.0,233,6458031.949165801
Graph WaveNet,physical-bin,202,10.0,234,10825372.919302046
Graph WaveNet,physical-bin,202,10.0,235,8020414.9647682505
Graph WaveNet,physical-bin,202,10.0,236,16217128.943814978
Graph WaveNet,physical-bin,202,10.0,237,9118845.353493402
Graph WaveNet,physical-bin,202,10.0,238,6423516.7273867475
Graph WaveNet,physical-bin,202,10.0,239,31081484.655321114
Graph WaveNet,physical-bin,202,10.0,240,4617625.06262653
Graph WaveNet,physical-bin,202,10.0,241,13912842.85038948
Graph WaveNet,physical-bin,202,10.0,242,8268860.323791783
Graph WaveNet,physical-bin,202,10.0,243,11497862.730893914
Graph WaveNet,physical-bin,202,10.0,244,33968515.19260155
Graph WaveNet,physical-bin,202,10.0,245,19087975.846806042
Graph WaveNet,global,203,10.0,211,10095505.814301746
Graph WaveNet,global,203,10.0,212,5742747.245209873
Graph WaveNet,global,203,10.0,213,16595572.143849313
Graph WaveNet,global,203,10.0,214,11650957.435301164
Graph WaveNet,global,203,10.0,215,18114197.43747588
Graph WaveNet,global,203,10.0,216,19557162.01956901
Graph WaveNet,global,203,10.0,217,11448015.09753124
Graph WaveNet,global,203,10.0,218,12783024.180837978
Graph WaveNet,global,203,10.0,219,9115135.10226826
Graph WaveNet,global,203,10.0,220,7170150.212934573
Graph WaveNet,global,203,10.0,221,20972638.18366261
Graph WaveNet,global,203,10.0,222,26097525.443670973
Graph WaveNet,global,203,10.0,223,10562860.968613137
Graph WaveNet,global,203,10.0,224,8962545.671098571
Graph WaveNet,global,203,10.0,225,14137952.220917104
Graph WaveNet,global,203,10.0,226,12771890.66063276
Graph WaveNet,global,203,10.0,227,19633803.753825583
Graph WaveNet,global,203,10.0,228,9678482.758925408
Graph WaveNet,global,203,10.0,229,1868453.649159193
Graph WaveNet,global,203,10.0,230,8113102.165841611
Graph WaveNet,global,203,10.0,231,8605332.87285002
Graph WaveNet,global,203,10.0,232,7142579.678996704
Graph WaveNet,global,203,10.0,233,8227660.811623732
Graph WaveNet,global,203,10.0,234,13704206.68452625
Graph WaveNet,global,203,10.0,235,8580722.25323073
Graph WaveNet,global,203,10.0,236,23927797.748256072
Graph WaveNet,global,203,10.0,237,10994643.607457701
Graph WaveNet,global,203,10.0,238,7978082.353259647
Graph WaveNet,global,203,10.0,239,35959062.67877371
Graph WaveNet,global,203,10.0,240,5607622.945554653
Graph WaveNet,global,203,10.0,241,22863817.438953616
Graph WaveNet,global,203,10.0,242,10644995.497592583
Graph WaveNet,global,203,10.0,243,10733007.87974433
Graph WaveNet,global,203,10.0,244,35018685.51385234
Graph WaveNet,global,203,10.0,245,19533538.928873092
Graph WaveNet,physical-bin,203,10.0,211,10356358.537849363
Graph WaveNet,physical-bin,203,10.0,212,5377349.929754782
Graph WaveNet,physical-bin,203,10.0,213,16196747.237015042
Graph WaveNet,physical-bin,203,10.0,214,11100485.254323894
Graph WaveNet,physical-bin,203,10.0,215,18284090.286199056
Graph WaveNet,physical-bin,203,10.0,216,20701056.990744423
Graph WaveNet,physical-bin,203,10.0,217,10482602.225898232
Graph WaveNet,physical-bin,203,10.0,218,13087013.862334792
Graph WaveNet,physical-bin,203,10.0,219,8463712.953702092
Graph WaveNet,physical-bin,203,10.0,220,6724845.22873312
Graph WaveNet,physical-bin,203,10.0,221,20640856.691577993
Graph WaveNet,physical-bin,203,10.0,222,24736721.66063162
Graph WaveNet,physical-bin,203,10.0,223,9487880.399952162
Graph WaveNet,physical-bin,203,10.0,224,8592319.427388242
Graph WaveNet,physical-bin,203,10.0,225,13931673.954461858
Graph WaveNet,physical-bin,203,10.0,226,15836847.986828767
Graph WaveNet,physical-bin,203,10.0,227,21639512.270085424
Graph WaveNet,physical-bin,203,10.0,228,9869852.45274644
Graph WaveNet,physical-bin,203,10.0,229,1666978.8494087216
Graph WaveNet,physical-bin,203,10.0,230,7892529.978405666
Graph WaveNet,physical-bin,203,10.0,231,8124367.585623487
Graph WaveNet,physical-bin,203,10.0,232,7147442.871964721
Graph WaveNet,physical-bin,203,10.0,233,7827113.474792102
Graph WaveNet,physical-bin,203,10.0,234,13618119.88517413
Graph WaveNet,physical-bin,203,10.0,235,8879253.89365317
Graph WaveNet,physical-bin,203,10.0,236,19562113.856319457
Graph WaveNet,physical-bin,203,10.0,237,10342260.294780472
Graph WaveNet,physical-bin,203,10.0,238,7789773.830931931
Graph WaveNet,physical-bin,203,10.0,239,36869741.03699828
Graph WaveNet,physical-bin,203,10.0,240,5042213.396352722
Graph WaveNet,physical-bin,203,10.0,241,23722172.365162175
Graph WaveNet,physical-bin,203,10.0,242,10891546.134677663
Graph WaveNet,physical-bin,203,10.0,243,12483620.74855245
Graph WaveNet,physical-bin,203,10.0,244,37106378.52730684
Graph WaveNet,physical-bin,203,10.0,245,20539807.419515766
Graph WaveNet,global,204,10.0,211,11467546.045714743
Graph WaveNet,global,204,10.0,212,6306761.477073669
Graph WaveNet,global,204,10.0,213,18721886.231870662
Graph WaveNet,global,204,10.0,214,14432157.092431068
Graph WaveNet,global,204,10.0,215,26755651.328187622
Graph WaveNet,global,204,10.0,216,31829606.24170693
Graph WaveNet,global,204,10.0,217,14026495.025365192
Graph WaveNet,global,204,10.0,218,15230037.35446646
Graph WaveNet,global,204,10.0,219,10116154.132680256
Graph WaveNet,global,204,10.0,220,7727133.922203323
Graph WaveNet,global,204,10.0,221,28376400.898717836
Graph WaveNet,global,204,10.0,222,33310770.145199925
Graph WaveNet,global,204,10.0,223,11587542.618164062
Graph WaveNet,global,204,10.0,224,9519752.576511811
Graph WaveNet,global,204,10.0,225,16017385.034003098
Graph WaveNet,global,204,10.0,226,16452670.859883714
Graph WaveNet,global,204,10.0,227,30155274.628130235
Graph WaveNet,global,204,10.0,228,10558361.195613034
Graph WaveNet,global,204,10.0,229,2051960.6719665527
Graph WaveNet,global,204,10.0,230,8567732.862604909
Graph WaveNet,global,204,10.0,231,8800684.302339155
Graph WaveNet,global,204,10.0,232,7206847.0347078
Graph WaveNet,global,204,10.0,233,8513353.705256283
Graph WaveNet,global,204,10.0,234,15759789.662453074
Graph WaveNet,global,204,10.0,235,9821424.89359188
Graph WaveNet,global,204,10.0,236,28513975.609413274
Graph WaveNet,global,204,10.0,237,11706455.19887045
Graph WaveNet,global,204,10.0,238,8062346.141127149
Graph WaveNet,global,204,10.0,239,40868329.950209394
Graph WaveNet,global,204,10.0,240,6152529.13898468
Graph WaveNet,global,204,10.0,241,29708228.125825
Graph WaveNet,global,204,10.0,242,11702772.742494572
Graph WaveNet,global,204,10.0,243,12685557.425244093
Graph WaveNet,global,204,10.0,244,35961048.1273244
Graph WaveNet,global,204,10.0,245,23231423.647936087
Graph WaveNet,physical-bin,204,10.0,211,11640056.539096583
Graph WaveNet,physical-bin,204,10.0,212,5941703.087677004
Graph WaveNet,physical-bin,204,10.0,213,18464380.455065757
Graph WaveNet,physical-bin,204,10.0,214,14056717.448782032
Graph WaveNet,physical-bin,204,10.0,215,27210701.546817966
Graph WaveNet,physical-bin,204,10.0,216,33665935.33628434
Graph WaveNet,physical-bin,204,10.0,217,13427836.905880677
Graph WaveNet,physical-bin,204,10.0,218,15280889.789967675
Graph WaveNet,physical-bin,204,10.0,219,9395746.790199967
Graph WaveNet,physical-bin,204,10.0,220,7213855.672303035
Graph WaveNet,physical-bin,204,10.0,221,29002316.4064871
Graph WaveNet,physical-bin,204,10.0,222,32847779.905700658
Graph WaveNet,physical-bin,204,10.0,223,10524267.385683961
Graph WaveNet,physical-bin,204,10.0,224,9036974.654355416
Graph WaveNet,physical-bin,204,10.0,225,15913455.995832
Graph WaveNet,physical-bin,204,10.0,226,19285993.30664978
Graph WaveNet,physical-bin,204,10.0,227,32865010.946469326
Graph WaveNet,physical-bin,204,10.0,228,10602049.54450128
Graph WaveNet,physical-bin,204,10.0,229,1862687.2203277596
Graph WaveNet,physical-bin,204,10.0,230,8297896.255434386
Graph WaveNet,physical-bin,204,10.0,231,8077803.461607479
Graph WaveNet,physical-bin,204,10.0,232,6937321.855161261
Graph WaveNet,physical-bin,204,10.0,233,8023742.954119546
Graph WaveNet,physical-bin,204,10.0,234,15735826.668089958
Graph WaveNet,physical-bin,204,10.0,235,10077854.404219091
Graph WaveNet,physical-bin,204,10.0,236,25320929.78675425
Graph WaveNet,physical-bin,204,10.0,237,10926940.950927
Graph WaveNet,physical-bin,204,10.0,238,7759061.3743512
Graph WaveNet,physical-bin,204,10.0,239,41743737.3276742
Graph WaveNet,physical-bin,204,10.0,240,5585018.054414115
Graph WaveNet,physical-bin,204,10.0,241,30498303.193313994
Graph WaveNet,physical-bin,204,10.0,242,11803658.197054114
Graph WaveNet,physical-bin,204,10.0,243,14345773.801971875
Graph WaveNet,physical-bin,204,10.0,244,37906654.875725955
Graph WaveNet,physical-bin,204,10.0,245,24488802.266214475
Graph WaveNet,global,205,10.0,211,10824060.065672487
Graph WaveNet,global,205,10.0,212,4998311.883510141
Graph WaveNet,global,205,10.0,213,15645962.491444433
Graph WaveNet,global,205,10.0,214,10011689.019086488
Graph WaveNet,global,205,10.0,215,14141675.830733217
Graph WaveNet,global,205,10.0,216,17194659.522754364
Graph WaveNet,global,205,10.0,217,9510519.456713434
Graph WaveNet,global,205,10.0,218,10986094.419963447
Graph WaveNet,global,205,10.0,219,8038378.764417465
Graph WaveNet,global,205,10.0,220,6288787.053518979
Graph WaveNet,global,205,10.0,221,16036148.622929845
Graph WaveNet,global,205,10.0,222,24786489.068151344
Graph WaveNet,global,205,10.0,223,9198115.64172497
Graph WaveNet,global,205,10.0,224,8404032.511719473
Graph WaveNet,global,205,10.0,225,11643976.455442049
Graph WaveNet,global,205,10.0,226,11915180.96264227
Graph WaveNet,global,205,10.0,227,17952310.469321545
Graph WaveNet,global,205,10.0,228,8588078.033331862
Graph WaveNet,global,205,10.0,229,1626245.0147305722
Graph WaveNet,global,205,10.0,230,7631472.616571266
Graph WaveNet,global,205,10.0,231,7151478.40456426
Graph WaveNet,global,205,10.0,232,6102194.731418449
Graph WaveNet,global,205,10.0,233,7277739.45709735
Graph WaveNet,global,205,10.0,234,12518542.103197116
Graph WaveNet,global,205,10.0,235,7274671.222130932
Graph WaveNet,global,205,10.0,236,21963106.19000711
Graph WaveNet,global,205,10.0,237,9662318.445820408
Graph WaveNet,global,205,10.0,238,6883938.992818716
Graph WaveNet,global,205,10.0,239,28754351.896965127
Graph WaveNet,global,205,10.0,240,4884304.983472524
Graph WaveNet,global,205,10.0,241,18909286.202934634
Graph WaveNet,global,205,10.0,242,9200695.606485434
Graph WaveNet,global,205,10.0,243,9261727.810184099
Graph WaveNet,global,205,10.0,244,34305673.83169801
Graph WaveNet,global,205,10.0,245,16615899.77583189
Graph WaveNet,physical-bin,205,10.0,211,11102428.849790609
Graph WaveNet,physical-bin,205,10.0,212,4717388.996022034
Graph WaveNet,physical-bin,205,10.0,213,15779006.912116595
Graph WaveNet,physical-bin,205,10.0,214,9436303.501686223
Graph WaveNet,physical-bin,205,10.0,215,14202671.689489424
Graph WaveNet,physical-bin,205,10.0,216,17968800.177044973
Graph WaveNet,physical-bin,205,10.0,217,8761106.481435139
Graph WaveNet,physical-bin,205,10.0,218,11033543.33207202
Graph WaveNet,physical-bin,205,10.0,219,7498813.4351929
Graph WaveNet,physical-bin,205,10.0,220,5947403.39171106
Graph WaveNet,physical-bin,205,10.0,221,15725284.935619436
Graph WaveNet,physical-bin,205,10.0,222,24025621.545705836
Graph WaveNet,physical-bin,205,10.0,223,8399080.120023232
Graph WaveNet,physical-bin,205,10.0,224,8271010.035378769
Graph WaveNet,physical-bin,205,10.0,225,11487241.299092831
Graph WaveNet,physical-bin,205,10.0,226,14263462.0294635
Graph WaveNet,physical-bin,205,10.0,227,18833325.118587766
Graph WaveNet,physical-bin,205,10.0,228,8754794.810149044
Graph WaveNet,physical-bin,205,10.0,229,1474597.5510681155
Graph WaveNet,physical-bin,205,10.0,230,7500769.357943859
Graph WaveNet,physical-bin,205,10.0,231,6685683.604514261
Graph WaveNet,physical-bin,205,10.0,232,6033974.710675426
Graph WaveNet,physical-bin,205,10.0,233,6938593.177929223
Graph WaveNet,physical-bin,205,10.0,234,12469972.391585382
Graph WaveNet,physical-bin,205,10.0,235,7416354.876656278
Graph WaveNet,physical-bin,205,10.0,236,19060328.40174208
Graph WaveNet,physical-bin,205,10.0,237,9163941.62771569
Graph WaveNet,physical-bin,205,10.0,238,6696568.87004059
Graph WaveNet,physical-bin,205,10.0,239,29404139.84369219
Graph WaveNet,physical-bin,205,10.0,240,4462896.160645349
Graph WaveNet,physical-bin,205,10.0,241,19570149.218103252
Graph WaveNet,physical-bin,205,10.0,242,9260061.935582513
Graph WaveNet,physical-bin,205,10.0,243,10456388.999000043
Graph WaveNet,physical-bin,205,10.0,244,35490674.19469227
Graph WaveNet,physical-bin,205,10.0,245,17271905.146225743
PatchTST,global,201,10.0,211,9861543.494084414
PatchTST,global,201,10.0,212,5977132.443580627
PatchTST,global,201,10.0,213,19817489.345343124
PatchTST,global,201,10.0,214,10909325.78221162
PatchTST,global,201,10.0,215,13237529.224088985
PatchTST,global,201,10.0,216,23393177.064965144
PatchTST,global,201,10.0,217,11822356.792119343
PatchTST,global,201,10.0,218,11345759.813905954
PatchTST,global,201,10.0,219,9272181.964455843
PatchTST,global,201,10.0,220,7256291.459792902
PatchTST,global,201,10.0,221,18367743.35433002
PatchTST,global,201,10.0,222,27569736.838845465
PatchTST,global,201,10.0,223,10981908.413085938
PatchTST,global,201,10.0,224,8711726.33990104
PatchTST,global,201,10.0,225,11249524.555773139
PatchTST,global,201,10.0,226,11953678.260329762
PatchTST,global,201,10.0,227,31994134.31484381
PatchTST,global,201,10.0,228,9233667.845754921
PatchTST,global,201,10.0,229,1944712.9481506348
PatchTST,global,201,10.0,230,7483221.069604134
PatchTST,global,201,10.0,231,8742827.646828592
PatchTST,global,201,10.0,232,6897557.048423775
PatchTST,global,201,10.0,233,7866091.648838917
PatchTST,global,201,10.0,234,11721930.750210578
PatchTST,global,201,10.0,235,8634421.830921173
PatchTST,global,201,10.0,236,32098656.016159624
PatchTST,global,201,10.0,237,11361522.905764418
PatchTST,global,201,10.0,238,7348188.21300586
PatchTST,global,201,10.0,239,35781381.63301973
PatchTST,global,201,10.0,240,5830961.20891571
PatchTST,global,201,10.0,241,16296515.234889602
PatchTST,global,201,10.0,242,9990035.423208624
PatchTST,global,201,10.0,243,11174229.813309709
PatchTST,global,201,10.0,244,56221977.115623035
PatchTST,global,201,10.0,245,17202504.041382074
PatchTST,physical-bin,201,10.0,211,10017861.587868022
PatchTST,physical-bin,201,10.0,212,5824027.9475160595
PatchTST,physical-bin,201,10.0,213,19812083.44029511
PatchTST,physical-bin,201,10.0,214,10414601.700545564
PatchTST,physical-bin,201,10.0,215,13060905.799542235
PatchTST,physical-bin,201,10.0,216,24039153.57429871
PatchTST,physical-bin,201,10.0,217,11298745.894421896
PatchTST,physical-bin,201,10.0,218,11044945.134577133
PatchTST,physical-bin,201,10.0,219,8916508.238542924
PatchTST,physical-bin,201,10.0,220,6993771.656413732
PatchTST,physical-bin,201,10.0,221,18493281.208639354
PatchTST,physical-bin,201,10.0,222,26592112.681576457
PatchTST,physical-bin,201,10.0,223,10459342.307402367
PatchTST,physical-bin,201,10.0,224,8436062.764935834
PatchTST,physical-bin,201,10.0,225,10859318.507663298
PatchTST,physical-bin,201,10.0,226,13551122.365242615
PatchTST,physical-bin,201,10.0,227,32993006.133641876
PatchTST,physical-bin,201,10.0,228,9268013.46243776
PatchTST,physical-bin,201,10.0,229,1851348.1730781554
PatchTST,physical-bin,201,10.0,230,7238890.002055727
PatchTST,physical-bin,201,10.0,231,8516729.122241128
PatchTST,physical-bin,201,10.0,232,6772825.422679143
PatchTST,physical-bin,201,10.0,233,7626892.851317704
PatchTST,physical-bin,201,10.0,234,11567438.61696911
PatchTST,physical-bin,201,10.0,235,8750423.532323964
PatchTST,physical-bin,201,10.0,236,29635933.3293173
PatchTST,physical-bin,201,10.0,237,10998435.173040178
PatchTST,physical-bin,201,10.0,238,7067102.6758694155
PatchTST,physical-bin,201,10.0,239,36404164.465948164
PatchTST,physical-bin,201,10.0,240,5556234.520310094
PatchTST,physical-bin,201,10.0,241,16631056.052399743
PatchTST,physical-bin,201,10.0,242,9882888.338544097
PatchTST,physical-bin,201,10.0,243,12133436.47968417
PatchTST,physical-bin,201,10.0,244,57638230.83664814
PatchTST,physical-bin,201,10.0,245,17742401.161472123
PatchTST,global,202,10.0,211,15028894.782466073
PatchTST,global,202,10.0,212,6210337.743338227
PatchTST,global,202,10.0,213,19061078.880030837
PatchTST,global,202,10.0,214,11560691.647553006
PatchTST,global,202,10.0,215,16976550.258018255
PatchTST,global,202,10.0,216,23198942.058484927
PatchTST,global,202,10.0,217,12096325.351142962
PatchTST,global,202,10.0,218,13221153.224748725
PatchTST,global,202,10.0,219,9559376.363404313
PatchTST,global,202,10.0,220,7511263.399451057
PatchTST,global,202,10.0,221,21761223.61096306
PatchTST,global,202,10.0,222,28094357.06721966
PatchTST,global,202,10.0,223,11412064.201746339
PatchTST,global,202,10.0,224,8981714.905439783
PatchTST,global,202,10.0,225,12987298.25596996
PatchTST,global,202,10.0,226,12929757.626515407
PatchTST,global,202,10.0,227,26867098.079146024
PatchTST,global,202,10.0,228,9263838.610915363
PatchTST,global,202,10.0,229,2020588.356684208
PatchTST,global,202,10.0,230,8035907.347877437
PatchTST,global,202,10.0,231,8752660.229435662
PatchTST,global,202,10.0,232,6952874.815722425
PatchTST,global,202,10.0,233,8103993.822302619
PatchTST,global,202,10.0,234,12621411.064247258
PatchTST,global,202,10.0,235,9078481.204541683
PatchTST,global,202,10.0,236,24090648.62966566
PatchTST,global,202,10.0,237,11601583.665675284
PatchTST,global,202,10.0,238,7715959.320367027
PatchTST,global,202,10.0,239,30881829.68614452
PatchTST,global,202,10.0,240,6058463.455090721
PatchTST,global,202,10.0,241,22424887.275270723
PatchTST,global,202,10.0,242,11044078.987768102
PatchTST,global,202,10.0,243,11517219.554676294
PatchTST,global,202,10.0,244,38355641.984883964
PatchTST,global,202,10.0,245,15965178.943705942
PatchTST,physical-bin,202,10.0,211,15523324.334118884
PatchTST,physical-bin,202,10.0,212,5946735.248164274
PatchTST,physical-bin,202,10.0,213,18563311.121268816
PatchTST,physical-bin,202,10.0,214,10947637.595184676
PatchTST,physical-bin,202,10.0,215,16993865.301963426
PatchTST,physical-bin,202,10.0,216,24033590.168044336
PatchTST,physical-bin,202,10.0,217,11420423.947160978
PatchTST,physical-bin,202,10.0,218,13091606.673694693
PatchTST,physical-bin,202,10.0,219,8974859.328831725
PatchTST,physical-bin,202,10.0,220,7083625.088393118
PatchTST,physical-bin,202,10.0,221,22207828.44182735
PatchTST,physical-bin,202,10.0,222,27588066.223486725
PatchTST,physical-bin,202,10.0,223,10673309.221547011
PatchTST,physical-bin,202,10.0,224,8529472.31863527
PatchTST,physical-bin,202,10.0,225,12659450.191005446
PatchTST,physical-bin,202,10.0,226,14570013.78116702
PatchTST,physical-bin,202,10.0,227,29371232.58660751
PatchTST,physical-bin,202,10.0,228,9055221.776351715
PatchTST,physical-bin,202,10.0,229,1887967.854356003
PatchTST,physical-bin,202,10.0,230,7732454.216178457
PatchTST,physical-bin,202,10.0,231,8290067.94068416
PatchTST,physical-bin,202,10.0,232,6674007.880529247
PatchTST,physical-bin,202,10.0,233,7701655.519420009
PatchTST,physical-bin,202,10.0,234,12423745.79675667
PatchTST,physical-bin,202,10.0,235,9115810.321016185
PatchTST,physical-bin,202,10.0,236,22009063.293992184
PatchTST,physical-bin,202,10.0,237,10966477.09144266
PatchTST,physical-bin,202,10.0,238,7324379.722827833
PatchTST,physical-bin,202,10.0,239,31503979.91834297
PatchTST,physical-bin,202,10.0,240,5660818.64827331
PatchTST,physical-bin,202,10.0,241,22952071.877390925
PatchTST,physical-bin,202,10.0,242,10876550.543547641
PatchTST,physical-bin,202,10.0,243,12395547.79712989
PatchTST,physical-bin,202,10.0,244,40382886.24705152
PatchTST,physical-bin,202,10.0,245,16517955.046533989
PatchTST,global,203,10.0,211,10783643.252698628
PatchTST,global,203,10.0,212,6889314.016110418
PatchTST,global,203,10.0,213,16114509.150191009
PatchTST,global,203,10.0,214,12776532.484627403
PatchTST,global,203,10.0,215,15282612.781968433
PatchTST,global,203,10.0,216,22826763.391100198
PatchTST,global,203,10.0,217,13596634.490599947
PatchTST,global,203,10.0,218,13163289.35644822
PatchTST,global,203,10.0,219,10592820.825932898
PatchTST,global,203,10.0,220,8354399.221312571
PatchTST,global,203,10.0,221,19806793.48280457
PatchTST,global,203,10.0,222,24648891.814805232
PatchTST,global,203,10.0,223,12761434.35758914
PatchTST,global,203,10.0,224,12161717.88185922
PatchTST,global,203,10.0,225,16072684.652508615
PatchTST,global,203,10.0,226,14134773.985138007
PatchTST,global,203,10.0,227,21198494.10786561
PatchTST,global,203,10.0,228,10208359.72943751
PatchTST,global,203,10.0,229,2241499.297107696
PatchTST,global,203,10.0,230,8918426.937357554
PatchTST,global,203,10.0,231,10908862.240809385
PatchTST,global,203,10.0,232,7854746.798285672
PatchTST,global,203,10.0,233,9964588.063878216
PatchTST,global,203,10.0,234,16533797.556501433
PatchTST,global,203,10.0,235,10120336.6336352
PatchTST,global,203,10.0,236,23909665.883344002
PatchTST,global,203,10.0,237,13783049.166965172
PatchTST,global,203,10.0,238,8850212.805487065
PatchTST,global,203,10.0,239,38022630.12513279
PatchTST,global,203,10.0,240,6721662.298703938
PatchTST,global,203,10.0,241,21176496.4460954
PatchTST,global,203,10.0,242,13749308.097419579
PatchTST,global,203,10.0,243,12762859.513558067
PatchTST,global,203,10.0,244,35735862.25159827
PatchTST,global,203,10.0,245,16919594.011617936
PatchTST,physical-bin,203,10.0,211,10950960.880721819
PatchTST,physical-bin,203,10.0,212,6478798.988709642
PatchTST,physical-bin,203,10.0,213,16635604.262613177
PatchTST,physical-bin,203,10.0,214,11832207.142456947
PatchTST,physical-bin,203,10.0,215,15064412.752296258
PatchTST,physical-bin,203,10.0,216,24051532.81696322
PatchTST,physical-bin,203,10.0,217,12562498.616733298
PatchTST,physical-bin,203,10.0,218,12693308.28075926
PatchTST,physical-bin,203,10.0,219,9689726.374882571
PatchTST,physical-bin,203,10.0,220,7805941.133901585
PatchTST,physical-bin,203,10.0,221,20236318.694916263
PatchTST,physical-bin,203,10.0,222,23407824.841308944
PatchTST,physical-bin,203,10.0,223,11759549.737679798
PatchTST,physical-bin,203,10.0,224,12106251.93357151
PatchTST,physical-bin,203,10.0,225,15890743.174242109
PatchTST,physical-bin,203,10.0,226,16792572.47042314
PatchTST,physical-bin,203,10.0,227,23553448.731032394
PatchTST,physical-bin,203,10.0,228,10000262.338205796
PatchTST,physical-bin,203,10.0,229,2032602.4569259644
PatchTST,physical-bin,203,10.0,230,8580680.932160981
PatchTST,physical-bin,203,10.0,231,10881637.341496421
PatchTST,physical-bin,203,10.0,232,7562776.278396728
PatchTST,physical-bin,203,10.0,233,9850452.417583385
PatchTST,physical-bin,203,10.0,234,16781538.041335516
PatchTST,physical-bin,203,10.0,235,10215003.660416318
PatchTST,physical-bin,203,10.0,236,20369452.691101365
PatchTST,physical-bin,203,10.0,237,13453052.76593964
PatchTST,physical-bin,203,10.0,238,8520164.11408991
PatchTST,physical-bin,203,10.0,239,39659863.662727565
PatchTST,physical-bin,203,10.0,240,6130003.719384065
PatchTST,physical-bin,203,10.0,241,21903713.286553316
PatchTST,physical-bin,203,10.0,242,14103174.89615858
PatchTST,physical-bin,203,10.0,243,14151277.491943872
PatchTST,physical-bin,203,10.0,244,38677842.10301174
PatchTST,physical-bin,203,10.0,245,17829982.745253876
PatchTST,global,204,10.0,211,12779433.371644935
PatchTST,global,204,10.0,212,5909948.702647844
PatchTST,global,204,10.0,213,18109575.813644692
PatchTST,global,204,10.0,214,12046229.848037085
PatchTST,global,204,10.0,215,19587559.470406532
PatchTST,global,204,10.0,216,29385035.77211237
PatchTST,global,204,10.0,217,13522058.917658487
PatchTST,global,204,10.0,218,14292133.339719657
PatchTST,global,204,10.0,219,9068539.96251448
PatchTST,global,204,10.0,220,7184423.421440681
PatchTST,global,204,10.0,221,22347752.78008075
PatchTST,global,204,10.0,222,24977901.9686552
PatchTST,global,204,10.0,223,10834170.59622087
PatchTST,global,204,10.0,224,9389334.591471592
PatchTST,global,204,10.0,225,14493438.394391298
PatchTST,global,204,10.0,226,12460327.402909705
PatchTST,global,204,10.0,227,21421927.827773053
PatchTST,global,204,10.0,228,8569888.812391898
PatchTST,global,204,10.0,229,1918497.5277442932
PatchTST,global,204,10.0,230,8143817.742287358
PatchTST,global,204,10.0,231,8496713.086404204
PatchTST,global,204,10.0,232,6746289.35833971
PatchTST,global,204,10.0,233,8363228.610542615
PatchTST,global,204,10.0,234,13798561.856633075
PatchTST,global,204,10.0,235,8933886.672234854
PatchTST,global,204,10.0,236,22552097.024777845
PatchTST,global,204,10.0,237,11316592.219545916
PatchTST,global,204,10.0,238,7724213.203934034
PatchTST,global,204,10.0,239,34046204.57243508
PatchTST,global,204,10.0,240,5752357.7833509445
PatchTST,global,204,10.0,241,21663575.120865364
PatchTST,global,204,10.0,242,11818798.688794792
PatchTST,global,204,10.0,243,11319683.506802876
PatchTST,global,204,10.0,244,33709321.413381934
PatchTST,global,204,10.0,245,15002649.721611917
PatchTST,physical-bin,204,10.0,211,13451976.849108532
PatchTST,physical-bin,204,10.0,212,5556248.431913504
PatchTST,physical-bin,204,10.0,213,16836993.774344314
PatchTST,physical-bin,204,10.0,214,11507601.16524741
PatchTST,physical-bin,204,10.0,215,19790518.648923304
PatchTST,physical-bin,204,10.0,216,31034931.51323752
PatchTST,physical-bin,204,10.0,217,12887197.414825441
PatchTST,physical-bin,204,10.0,218,14409446.755400583
PatchTST,physical-bin,204,10.0,219,8292947.002208305
PatchTST,physical-bin,204,10.0,220,6743264.941453004
PatchTST,physical-bin,204,10.0,221,22636869.89390827
PatchTST,physical-bin,204,10.0,222,23782160.317507803
PatchTST,physical-bin,204,10.0,223,9852769.412786562
PatchTST,physical-bin,204,10.0,224,9085873.821099715
PatchTST,physical-bin,204,10.0,225,14446022.268263722
PatchTST,physical-bin,204,10.0,226,14869807.267410696
PatchTST,physical-bin,204,10.0,227,24599928.883505158
PatchTST,physical-bin,204,10.0,228,8275688.087463971
PatchTST,physical-bin,204,10.0,229,1741078.3852203372
PatchTST,physical-bin,204,10.0,230,7880444.30240643
PatchTST,physical-bin,204,10.0,231,8010335.894642642
PatchTST,physical-bin,204,10.0,232,6523362.501943511
PatchTST,physical-bin,204,10.0,233,8028360.697261117
PatchTST,physical-bin,204,10.0,234,13617564.735272326
PatchTST,physical-bin,204,10.0,235,8983844.263765723
PatchTST,physical-bin,204,10.0,236,19292816.774201997
PatchTST,physical-bin,204,10.0,237,10796888.910102995
PatchTST,physical-bin,204,10.0,238,7375534.120493726
PatchTST,physical-bin,204,10.0,239,34944189.050749324
PatchTST,physical-bin,204,10.0,240,5233386.543884775
PatchTST,physical-bin,204,10.0,241,22324617.782572832
PatchTST,physical-bin,204,10.0,242,11826794.197216162
PatchTST,physical-bin,204,10.0,243,12701606.055481734
PatchTST,physical-bin,204,10.0,244,36103993.97396831
PatchTST,physical-bin,204,10.0,245,15511248.927583316
PatchTST,global,205,10.0,211,9883739.429451326
PatchTST,global,205,10.0,212,5351187.119270325
PatchTST,global,205,10.0,213,17703316.05000493
PatchTST,global,205,10.0,214,10322924.44983991
PatchTST,global,205,10.0,215,17529260.457364082
PatchTST,global,205,10.0,216,23094170.415387087
PatchTST,global,205,10.0,217,10932451.218454998
PatchTST,global,205,10.0,218,12045905.838836143
PatchTST,global,205,10.0,219,8512340.394128688
PatchTST,global,205,10.0,220,7082833.000745982
PatchTST,global,205,10.0,221,19510752.65095325
PatchTST,global,205,10.0,222,22579809.22235954
PatchTST,global,205,10.0,223,9937833.903230626
PatchTST,global,205,10.0,224,8427520.275862208
PatchTST,global,205,10.0,225,10819680.12579437
PatchTST,global,205,10.0,226,10318751.540591627
PatchTST,global,205,10.0,227,23368725.993785817
PatchTST,global,205,10.0,228,8479986.982337652
PatchTST,global,205,10.0,229,1741056.0962219238
PatchTST,global,205,10.0,230,7255064.44955834
PatchTST,global,205,10.0,231,8170071.0440667495
PatchTST,global,205,10.0,232,7274233.952485636
PatchTST,global,205,10.0,233,7483172.545594276
PatchTST,global,205,10.0,234,10962289.871928038
PatchTST,global,205,10.0,235,7852229.495961985
PatchTST,global,205,10.0,236,23594156.82396364
PatchTST,global,205,10.0,237,10823523.450046306
PatchTST,global,205,10.0,238,7243563.046423271
PatchTST,global,205,10.0,239,30475123.91727947
PatchTST,global,205,10.0,240,5317585.268674977
PatchTST,global,205,10.0,241,16362989.212596271
PatchTST,global,205,10.0,242,10123491.107817683
PatchTST,global,205,10.0,243,10605538.010847729
PatchTST,global,205,10.0,244,37437464.72797978
PatchTST,global,205,10.0,245,16219539.40642206
PatchTST,physical-bin,205,10.0,211,10234713.301506918
PatchTST,physical-bin,205,10.0,212,5076812.143183804
PatchTST,physical-bin,205,10.0,213,17410835.418475226
PatchTST,physical-bin,205,10.0,214,9721464.236651294
PatchTST,physical-bin,205,10.0,215,17437584.56206188
PatchTST,physical-bin,205,10.0,216,24007198.932553954
PatchTST,physical-bin,205,10.0,217,10180794.44560903
PatchTST,physical-bin,205,10.0,218,12264426.123875275
PatchTST,physical-bin,205,10.0,219,8017321.798018973
PatchTST,physical-bin,205,10.0,220,6844944.60068908
PatchTST,physical-bin,205,10.0,221,19539891.678089987
PatchTST,physical-bin,205,10.0,222,20971985.8233236
PatchTST,physical-bin,205,10.0,223,9206906.140691487
PatchTST,physical-bin,205,10.0,224,8264132.719899867
PatchTST,physical-bin,205,10.0,225,10426205.487167316
PatchTST,physical-bin,205,10.0,226,12230770.6733345
PatchTST,physical-bin,205,10.0,227,24745055.215518847
PatchTST,physical-bin,205,10.0,228,8482920.263018195
PatchTST,physical-bin,205,10.0,229,1590433.1231414797
PatchTST,physical-bin,205,10.0,230,7040582.4440580625
PatchTST,physical-bin,205,10.0,231,7833723.817180684
PatchTST,physical-bin,205,10.0,232,7434881.812100471
PatchTST,physical-bin,205,10.0,233,7196432.406731705
PatchTST,physical-bin,205,10.0,234,10903533.126864655
PatchTST,physical-bin,205,10.0,235,8077559.250067905
PatchTST,physical-bin,205,10.0,236,19902756.688415576
PatchTST,physical-bin,205,10.0,237,10639046.993722044
PatchTST,physical-bin,205,10.0,238,7238004.980319262
PatchTST,physical-bin,205,10.0,239,31251351.806226734
PatchTST,physical-bin,205,10.0,240,4989995.298338592
PatchTST,physical-bin,205,10.0,241,16749496.54174292
PatchTST,physical-bin,205,10.0,242,10457483.45810163
PatchTST,physical-bin,205,10.0,243,11918671.856304426
PatchTST,physical-bin,205,10.0,244,38836375.472058095
PatchTST,physical-bin,205,10.0,245,16989286.982981116
Physics-Aligned MoE,global,201,10.0,211,16550974.257699132
Physics-Aligned MoE,global,201,10.0,212,5598965.510444641
Physics-Aligned MoE,global,201,10.0,213,17529740.41105146
Physics-Aligned MoE,global,201,10.0,214,10294623.902537027
Physics-Aligned MoE,global,201,10.0,215,10307926.328554153
Physics-Aligned MoE,global,201,10.0,216,13116542.926029824
Physics-Aligned MoE,global,201,10.0,217,10287094.526367188
Physics-Aligned MoE,global,201,10.0,218,11046771.193203453
Physics-Aligned MoE,global,201,10.0,219,8624311.660382349
Physics-Aligned MoE,global,201,10.0,220,6911922.169325352
Physics-Aligned MoE,global,201,10.0,221,12541601.307490623
Physics-Aligned MoE,global,201,10.0,222,20870574.167816114
Physics-Aligned MoE,global,201,10.0,223,10428526.259573685
Physics-Aligned MoE,global,201,10.0,224,8920688.607041836
Physics-Aligned MoE,global,201,10.0,225,10860243.538127542
Physics-Aligned MoE,global,201,10.0,226,10631077.853627551
Physics-Aligned MoE,global,201,10.0,227,13944817.407461802
Physics-Aligned MoE,global,201,10.0,228,8530245.340978738
Physics-Aligned MoE,global,201,10.0,229,1821672.9890441895
Physics-Aligned MoE,global,201,10.0,230,8078586.008270215
Physics-Aligned MoE,global,201,10.0,231,8356915.899207526
Physics-Aligned MoE,global,201,10.0,232,6674956.025979767
Physics-Aligned MoE,global,201,10.0,233,7926026.57120496
Physics-Aligned MoE,global,201,10.0,234,11648983.33478459
Physics-Aligned MoE,global,201,10.0,235,8199021.494959195
Physics-Aligned MoE,global,201,10.0,236,14664523.384888519
Physics-Aligned MoE,global,201,10.0,237,11239437.873926025
Physics-Aligned MoE,global,201,10.0,238,7311929.998060266
Physics-Aligned MoE,global,201,10.0,239,26878715.879936762
Physics-Aligned MoE,global,201,10.0,240,5480477.686351091
Physics-Aligned MoE,global,201,10.0,241,11286122.986461941
Physics-Aligned MoE,global,201,10.0,242,9535544.33973583
Physics-Aligned MoE,global,201,10.0,243,10335031.423390705
Physics-Aligned MoE,global,201,10.0,244,26752288.183442432
Physics-Aligned MoE,global,201,10.0,245,14886310.827951085
Physics-Aligned MoE,physical-bin,201,10.0,211,16997995.037280533
Physics-Aligned MoE,physical-bin,201,10.0,212,5444617.62328949
Physics-Aligned MoE,physical-bin,201,10.0,213,18036449.667165477
Physics-Aligned MoE,physical-bin,201,10.0,214,9816751.829147527
Physics-Aligned MoE,physical-bin,201,10.0,215,9778788.728181139
Physics-Aligned MoE,physical-bin,201,10.0,216,13423135.313916262
Physics-Aligned MoE,physical-bin,201,10.0,217,9831364.229321286
Physics-Aligned MoE,physical-bin,201,10.0,218,10874459.563860042
Physics-Aligned MoE,physical-bin,201,10.0,219,8208236.2028728835
Physics-Aligned MoE,physical-bin,201,10.0,220,6658431.1455809325
Physics-Aligned MoE,physical-bin,201,10.0,221,12587412.951829612
Physics-Aligned MoE,physical-bin,201,10.0,222,20411977.703277096
Physics-Aligned MoE,physical-bin,201,10.0,223,9953294.726421354
Physics-Aligned MoE,physical-bin,201,10.0,224,8810863.960201921
Physics-Aligned MoE,physical-bin,201,10.0,225,10492212.806306098
Physics-Aligned MoE,physical-bin,201,10.0,226,12230834.518269164
Physics-Aligned MoE,physical-bin,201,10.0,227,14706138.941665776
Physics-Aligned MoE,physical-bin,201,10.0,228,8343699.831532905
Physics-Aligned MoE,physical-bin,201,10.0,229,1723610.7711364748
Physics-Aligned MoE,physical-bin,201,10.0,230,7984283.511625972
Physics-Aligned MoE,physical-bin,201,10.0,231,8126762.721453217
Physics-Aligned MoE,physical-bin,201,10.0,232,6565323.576928408
Physics-Aligned MoE,physical-bin,201,10.0,233,7775838.260276793
Physics-Aligned MoE,physical-bin,201,10.0,234,11627273.417872727
Physics-Aligned MoE,physical-bin,201,10.0,235,8454017.326283041
Physics-Aligned MoE,physical-bin,201,10.0,236,13446450.09952132
Physics-Aligned MoE,physical-bin,201,10.0,237,11013824.071867537
Physics-Aligned MoE,physical-bin,201,10.0,238,7160374.796309175
Physics-Aligned MoE,physical-bin,201,10.0,239,27445222.61067962
Physics-Aligned MoE,physical-bin,201,10.0,240,5219849.6194270225
Physics-Aligned MoE,physical-bin,201,10.0,241,11383727.873624135
Physics-Aligned MoE,physical-bin,201,10.0,242,9476119.949566241
Physics-Aligned MoE,physical-bin,201,10.0,243,11403616.743404133
Physics-Aligned MoE,physical-bin,201,10.0,244,29352861.224853486
Physics-Aligned MoE,physical-bin,201,10.0,245,15341261.062061714
Physics-Aligned MoE,gate-bin,201,10.0,211,16985253.07869184
Physics-Aligned MoE,gate-bin,201,10.0,212,5415025.453412363
Physics-Aligned MoE,gate-bin,201,10.0,213,18253471.72699437
Physics-Aligned MoE,gate-bin,201,10.0,214,10099076.444151308
Physics-Aligned MoE,gate-bin,201,10.0,215,10209213.696030604
Physics-Aligned MoE,gate-bin,201,10.0,216,13843409.363402896
Physics-Aligned MoE,gate-bin,201,10.0,217,10808969.102792151
Physics-Aligned MoE,gate-bin,201,10.0,218,11550101.61873035
Physics-Aligned MoE,gate-bin,201,10.0,219,7409571.56668035
Physics-Aligned MoE,gate-bin,201,10.0,220,6338095.292481286
Physics-Aligned MoE,gate-bin,201,10.0,221,13869316.495731518
Physics-Aligned MoE,gate-bin,201,10.0,222,19194405.326351553
Physics-Aligned MoE,gate-bin,201,10.0,223,9521176.33397224
Physics-Aligned MoE,gate-bin,201,10.0,224,9295959.416010052
Physics-Aligned MoE,gate-bin,201,10.0,225,10137599.117015451
Physics-Aligned MoE,gate-bin,201,10.0,226,12370847.782967148
Physics-Aligned MoE,gate-bin,201,10.0,227,14866263.982247012
Physics-Aligned MoE,gate-bin,201,10.0,228,8592862.088057064
Physics-Aligned MoE,gate-bin,201,10.0,229,1449587.691701909
Physics-Aligned MoE,gate-bin,201,10.0,230,7686358.147124005
Physics-Aligned MoE,gate-bin,201,10.0,231,7416066.853542861
Physics-Aligned MoE,gate-bin,201,10.0,232,6124383.787946647
Physics-Aligned MoE,gate-bin,201,10.0,233,7466531.903303131
Physics-Aligned MoE,gate-bin,201,10.0,234,11251533.137216715
Physics-Aligned MoE,gate-bin,201,10.0,235,8431234.001131061
Physics-Aligned MoE,gate-bin,201,10.0,236,14062162.447762977
Physics-Aligned MoE,gate-bin,201,10.0,237,11520263.47934457
Physics-Aligned MoE,gate-bin,201,10.0,238,7250532.26419693
Physics-Aligned MoE,gate-bin,201,10.0,239,28987566.45623387
Physics-Aligned MoE,gate-bin,201,10.0,240,4604405.991613443
Physics-Aligned MoE,gate-bin,201,10.0,241,11412590.581147218
Physics-Aligned MoE,gate-bin,201,10.0,242,10744294.505553655
Physics-Aligned MoE,gate-bin,201,10.0,243,12750072.565233111
Physics-Aligned MoE,gate-bin,201,10.0,244,27146935.390930712
Physics-Aligned MoE,gate-bin,201,10.0,245,14684622.96756144
Physics-Aligned MoE,global,202,10.0,211,14818741.533426179
Physics-Aligned MoE,global,202,10.0,212,6541025.636478424
Physics-Aligned MoE,global,202,10.0,213,27777756.329686437
Physics-Aligned MoE,global,202,10.0,214,11884040.076928455
Physics-Aligned MoE,global,202,10.0,215,14340927.57110214
Physics-Aligned MoE,global,202,10.0,216,31285805.467871983
Physics-Aligned MoE,global,202,10.0,217,16360447.932741802
Physics-Aligned MoE,global,202,10.0,218,14829754.294488437
Physics-Aligned MoE,global,202,10.0,219,10046264.255069733
Physics-Aligned MoE,global,202,10.0,220,7897219.149623871
Physics-Aligned MoE,global,202,10.0,221,27555923.330223672
Physics-Aligned MoE,global,202,10.0,222,44335711.046628214
Physics-Aligned MoE,global,202,10.0,223,12017960.978027344
Physics-Aligned MoE,global,202,10.0,224,9372947.273780942
Physics-Aligned MoE,global,202,10.0,225,12095613.8134648
Physics-Aligned MoE,global,202,10.0,226,14009654.123087585
Physics-Aligned MoE,global,202,10.0,227,40003217.0000674
Physics-Aligned MoE,global,202,10.0,228,9184186.96691646
Physics-Aligned MoE,global,202,10.0,229,2128180.589859009
Physics-Aligned MoE,global,202,10.0,230,8225481.849757865
Physics-Aligned MoE,global,202,10.0,231,9218618.535844285
Physics-Aligned MoE,global,202,10.0,232,7125232.072910309
Physics-Aligned MoE,global,202,10.0,233,8448065.429395635
Physics-Aligned MoE,global,202,10.0,234,12415951.580492198
Physics-Aligned MoE,global,202,10.0,235,9507720.417129517
Physics-Aligned MoE,global,202,10.0,236,43818069.36036772
Physics-Aligned MoE,global,202,10.0,237,12103318.96029111
Physics-Aligned MoE,global,202,10.0,238,8013519.696248323
Physics-Aligned MoE,global,202,10.0,239,43147626.74614984
Physics-Aligned MoE,global,202,10.0,240,6381064.350312551
Physics-Aligned MoE,global,202,10.0,241,16590941.029786251
Physics-Aligned MoE,global,202,10.0,242,10056841.62681492
Physics-Aligned MoE,global,202,10.0,243,12066440.834238688
Physics-Aligned MoE,global,202,10.0,244,38043780.11779346
Physics-Aligned MoE,global,202,10.0,245,35993496.69586182
Physics-Aligned MoE,physical-bin,202,10.0,211,15298043.778653674
Physics-Aligned MoE,physical-bin,202,10.0,212,6121801.021096801
Physics-Aligned MoE,physical-bin,202,10.0,213,25897183.53064581
Physics-Aligned MoE,physical-bin,202,10.0,214,10767636.991831653
Physics-Aligned MoE,physical-bin,202,10.0,215,14210255.841054853
Physics-Aligned MoE,physical-bin,202,10.0,216,32476381.329878718
Physics-Aligned MoE,physical-bin,202,10.0,217,16507726.160918174
Physics-Aligned MoE,physical-bin,202,10.0,218,14673537.629453842
Physics-Aligned MoE,physical-bin,202,10.0,219,9090289.280264284
Physics-Aligned MoE,physical-bin,202,10.0,220,7145741.417611695
Physics-Aligned MoE,physical-bin,202,10.0,221,27824081.65611672
Physics-Aligned MoE,physical-bin,202,10.0,222,44138799.0051218
Physics-Aligned MoE,physical-bin,202,10.0,223,10874474.337885637
Physics-Aligned MoE,physical-bin,202,10.0,224,8612502.15008457
Physics-Aligned MoE,physical-bin,202,10.0,225,11093295.194024105
Physics-Aligned MoE,physical-bin,202,10.0,226,16327265.314235348
Physics-Aligned MoE,physical-bin,202,10.0,227,41619533.52444956
Physics-Aligned MoE,physical-bin,202,10.0,228,8533243.583959464
Physics-Aligned MoE,physical-bin,202,10.0,229,1925668.7571899414
Physics-Aligned MoE,physical-bin,202,10.0,230,7649161.470215635
Physics-Aligned MoE,physical-bin,202,10.0,231,8505923.807273181
Physics-Aligned MoE,physical-bin,202,10.0,232,6464720.893299095
Physics-Aligned MoE,physical-bin,202,10.0,233,7790646.629515053
Physics-Aligned MoE,physical-bin,202,10.0,234,11991444.929325247
Physics-Aligned MoE,physical-bin,202,10.0,235,9362940.210789235
Physics-Aligned MoE,physical-bin,202,10.0,236,39870114.98959096
Physics-Aligned MoE,physical-bin,202,10.0,237,11093598.296210602
Physics-Aligned MoE,physical-bin,202,10.0,238,7335515.238309523
Physics-Aligned MoE,physical-bin,202,10.0,239,44235421.84446418
Physics-Aligned MoE,physical-bin,202,10.0,240,5773859.753992717
Physics-Aligned MoE,physical-bin,202,10.0,241,17524710.859238427
Physics-Aligned MoE,physical-bin,202,10.0,242,9338382.190298889
Physics-Aligned MoE,physical-bin,202,10.0,243,13182471.724964397
Physics-Aligned MoE,physical-bin,202,10.0,244,41179903.72074041
Physics-Aligned MoE,physical-bin,202,10.0,245,36817887.18320207
Physics-Aligned MoE,gate-bin,202,10.0,211,14118956.994862553
Physics-Aligned MoE,gate-bin,202,10.0,212,5272047.206146762
Physics-Aligned MoE,gate-bin,202,10.0,213,21347139.054571785
Physics-Aligned MoE,gate-bin,202,10.0,214,10025710.539587583
Physics-Aligned MoE,gate-bin,202,10.0,215,14850720.57854572
Physics-Aligned MoE,gate-bin,202,10.0,216,32750168.18138484
Physics-Aligned MoE,gate-bin,202,10.0,217,17113390.74387615
Physics-Aligned MoE,gate-bin,202,10.0,218,14615449.60053505
Physics-Aligned MoE,gate-bin,202,10.0,219,6923650.131123238
Physics-Aligned MoE,gate-bin,202,10.0,220,5231247.117276841
Physics-Aligned MoE,gate-bin,202,10.0,221,26548959.696307003
Physics-Aligned MoE,gate-bin,202,10.0,222,40760280.117270276
Physics-Aligned MoE,gate-bin,202,10.0,223,8626642.713772468
Physics-Aligned MoE,gate-bin,202,10.0,224,7047965.631977651
Physics-Aligned MoE,gate-bin,202,10.0,225,8437982.65645525
Physics-Aligned MoE,gate-bin,202,10.0,226,16841131.661863796
Physics-Aligned MoE,gate-bin,202,10.0,227,38872402.37407466
Physics-Aligned MoE,gate-bin,202,10.0,228,8507788.822649814
Physics-Aligned MoE,gate-bin,202,10.0,229,991615.6495111922
Physics-Aligned MoE,gate-bin,202,10.0,230,5556464.836946656
Physics-Aligned MoE,gate-bin,202,10.0,231,5806070.868717954
Physics-Aligned MoE,gate-bin,202,10.0,232,5092555.01285807
Physics-Aligned MoE,gate-bin,202,10.0,233,5385692.235561943
Physics-Aligned MoE,gate-bin,202,10.0,234,9321576.188889107
Physics-Aligned MoE,gate-bin,202,10.0,235,7379586.224480094
Physics-Aligned MoE,gate-bin,202,10.0,236,35005238.18592572
Physics-Aligned MoE,gate-bin,202,10.0,237,9864722.108549131
Physics-Aligned MoE,gate-bin,202,10.0,238,5848488.179409338
Physics-Aligned MoE,gate-bin,202,10.0,239,43756250.77745352
Physics-Aligned MoE,gate-bin,202,10.0,240,3260348.6549031017
Physics-Aligned MoE,gate-bin,202,10.0,241,18822961.36592813
Physics-Aligned MoE,gate-bin,202,10.0,242,10407487.161250057
Physics-Aligned MoE,gate-bin,202,10.0,243,14550903.181918345
Physics-Aligned MoE,gate-bin,202,10.0,244,34464808.367962144
Physics-Aligned MoE,gate-bin,202,10.0,245,30822653.249168754
Physics-Aligned MoE,global,203,10.0,211,12954278.125185763
Physics-Aligned MoE,global,203,10.0,212,6931659.300840853
Physics-Aligned MoE,global,203,10.0,213,25264399.0450067
Physics-Aligned MoE,global,203,10.0,214,12638293.467336811
Physics-Aligned MoE,global,203,10.0,215,17189204.5112222
Physics-Aligned MoE,global,203,10.0,216,30537658.88363079
Physics-Aligned MoE,global,203,10.0,217,16440926.085953075
Physics-Aligned MoE,global,203,10.0,218,15607516.94927529
Physics-Aligned MoE,global,203,10.0,219,10646232.706076143
Physics-Aligned MoE,global,203,10.0,220,8368845.4397711735
Physics-Aligned MoE,global,203,10.0,221,26049708.366735093
Physics-Aligned MoE,global,203,10.0,222,41887276.498381585
Physics-Aligned MoE,global,203,10.0,223,12735680.246520992
Physics-Aligned MoE,global,203,10.0,224,10016951.470434157
Physics-Aligned MoE,global,203,10.0,225,17280425.313902453
Physics-Aligned MoE,global,203,10.0,226,16390913.778090533
Physics-Aligned MoE,global,203,10.0,227,39053455.32069202
Physics-Aligned MoE,global,203,10.0,228,9604114.933939416
Physics-Aligned MoE,global,203,10.0,229,2255276.710321426
Physics-Aligned MoE,global,203,10.0,230,8648400.864811424
Physics-Aligned MoE,global,203,10.0,231,9639657.832459211
Physics-Aligned MoE,global,203,10.0,232,7556332.867248431
Physics-Aligned MoE,global,203,10.0,233,8937308.959517775
Physics-Aligned MoE,global,203,10.0,234,13244693.265180217
Physics-Aligned MoE,global,203,10.0,235,10258966.869597752
Physics-Aligned MoE,global,203,10.0,236,35871754.5662574
Physics-Aligned MoE,global,203,10.0,237,12750821.295786025
Physics-Aligned MoE,global,203,10.0,238,8474389.215548433
Physics-Aligned MoE,global,203,10.0,239,40443828.39833567
Physics-Aligned MoE,global,203,10.0,240,6762145.038300353
Physics-Aligned MoE,global,203,10.0,241,44911348.56406556
Physics-Aligned MoE,global,203,10.0,242,10552459.87120948
Physics-Aligned MoE,global,203,10.0,243,12850194.188993134
Physics-Aligned MoE,global,203,10.0,244,47847053.22137088
Physics-Aligned MoE,global,203,10.0,245,27845725.420551747
Physics-Aligned MoE,physical-bin,203,10.0,211,13094732.891481608
Physics-Aligned MoE,physical-bin,203,10.0,212,5940883.2582477005
Physics-Aligned MoE,physical-bin,203,10.0,213,21489672.076100126
Physics-Aligned MoE,physical-bin,203,10.0,214,10412966.273849133
Physics-Aligned MoE,physical-bin,203,10.0,215,17398592.0055827
Physics-Aligned MoE,physical-bin,203,10.0,216,33600801.11186192
Physics-Aligned MoE,physical-bin,203,10.0,217,16864616.381782558
Physics-Aligned MoE,physical-bin,203,10.0,218,15263832.96028003
Physics-Aligned MoE,physical-bin,203,10.0,219,8586753.546820655
Physics-Aligned MoE,physical-bin,203,10.0,220,6756021.96876722
Physics-Aligned MoE,physical-bin,203,10.0,221,26954944.566481035
Physics-Aligned MoE,physical-bin,203,10.0,222,42315736.62385378
Physics-Aligned MoE,physical-bin,203,10.0,223,10272004.242925644
Physics-Aligned MoE,physical-bin,203,10.0,224,8609335.792709837
Physics-Aligned MoE,physical-bin,203,10.0,225,17129913.16403091
Physics-Aligned MoE,physical-bin,203,10.0,226,20829971.231725164
Physics-Aligned MoE,physical-bin,203,10.0,227,44042573.99924824
Physics-Aligned MoE,physical-bin,203,10.0,228,8111718.736319641
Physics-Aligned MoE,physical-bin,203,10.0,229,1819000.7513514156
Physics-Aligned MoE,physical-bin,203,10.0,230,7381334.202524724
Physics-Aligned MoE,physical-bin,203,10.0,231,7916259.940581098
Physics-Aligned MoE,physical-bin,203,10.0,232,6201567.032180031
Physics-Aligned MoE,physical-bin,203,10.0,233,7566992.627946982
Physics-Aligned MoE,physical-bin,203,10.0,234,12448277.113275962
Physics-Aligned MoE,physical-bin,203,10.0,235,9928336.46124935
Physics-Aligned MoE,physical-bin,203,10.0,236,30705203.390452188
Physics-Aligned MoE,physical-bin,203,10.0,237,10579849.907207614
Physics-Aligned MoE,physical-bin,203,10.0,238,7084124.00405695
Physics-Aligned MoE,physical-bin,203,10.0,239,42403343.21824752
Physics-Aligned MoE,physical-bin,203,10.0,240,5454030.030604327
Physics-Aligned MoE,physical-bin,203,10.0,241,48975818.2120907
Physics-Aligned MoE,physical-bin,203,10.0,242,8981663.771273294
Physics-Aligned MoE,physical-bin,203,10.0,243,14319953.348830516
Physics-Aligned MoE,physical-bin,203,10.0,244,51760181.73616269
Physics-Aligned MoE,physical-bin,203,10.0,245,30258620.794853758
Physics-Aligned MoE,gate-bin,203,10.0,211,13723051.98587075
Physics-Aligned MoE,gate-bin,203,10.0,212,5933737.052829831
Physics-Aligned MoE,gate-bin,203,10.0,213,22000339.512218643
Physics-Aligned MoE,gate-bin,203,10.0,214,11046385.497191925
Physics-Aligned MoE,gate-bin,203,10.0,215,15742616.691654578
Physics-Aligned MoE,gate-bin,203,10.0,216,34077259.049961865
Physics-Aligned MoE,gate-bin,203,10.0,217,17289481.756087024
Physics-Aligned MoE,gate-bin,203,10.0,218,15105801.738864215
Physics-Aligned MoE,gate-bin,203,10.0,219,7153627.46930475
Physics-Aligned MoE,gate-bin,203,10.0,220,6281813.3613096345
Physics-Aligned MoE,gate-bin,203,10.0,221,24116623.92178166
Physics-Aligned MoE,gate-bin,203,10.0,222,44654161.03137295
Physics-Aligned MoE,gate-bin,203,10.0,223,8621265.424287498
Physics-Aligned MoE,gate-bin,203,10.0,224,7409504.317892756
Physics-Aligned MoE,gate-bin,203,10.0,225,14616876.056596503
Physics-Aligned MoE,gate-bin,203,10.0,226,21151054.994411908
Physics-Aligned MoE,gate-bin,203,10.0,227,35485133.18341222
Physics-Aligned MoE,gate-bin,203,10.0,228,7695114.218627706
Physics-Aligned MoE,gate-bin,203,10.0,229,1201352.0288845017
Physics-Aligned MoE,gate-bin,203,10.0,230,6144854.678847491
Physics-Aligned MoE,gate-bin,203,10.0,231,5682105.958006425
Physics-Aligned MoE,gate-bin,203,10.0,232,5090874.142828945
Physics-Aligned MoE,gate-bin,203,10.0,233,5998614.764153904
Physics-Aligned MoE,gate-bin,203,10.0,234,10734188.003494103
Physics-Aligned MoE,gate-bin,203,10.0,235,8097995.321853407
Physics-Aligned MoE,gate-bin,203,10.0,236,33123035.44653245
Physics-Aligned MoE,gate-bin,203,10.0,237,9799474.788664766
Physics-Aligned MoE,gate-bin,203,10.0,238,6846542.777856856
Physics-Aligned MoE,gate-bin,203,10.0,239,39538037.96935984
Physics-Aligned MoE,gate-bin,203,10.0,240,3526150.1029614955
Physics-Aligned MoE,gate-bin,203,10.0,241,55359336.248818256
Physics-Aligned MoE,gate-bin,203,10.0,242,9291767.108437443
Physics-Aligned MoE,gate-bin,203,10.0,243,19447853.66225337
Physics-Aligned MoE,gate-bin,203,10.0,244,47952021.35688583
Physics-Aligned MoE,gate-bin,203,10.0,245,28705472.73497417
Physics-Aligned MoE,global,204,10.0,211,12510489.134464744
Physics-Aligned MoE,global,204,10.0,212,5895609.949428625
Physics-Aligned MoE,global,204,10.0,213,18576631.121031847
Physics-Aligned MoE,global,204,10.0,214,10960141.393885003
Physics-Aligned MoE,global,204,10.0,215,11443984.610210458
Physics-Aligned MoE,global,204,10.0,216,18575652.759252526
Physics-Aligned MoE,global,204,10.0,217,10845648.597035557
Physics-Aligned MoE,global,204,10.0,218,11426972.66614196
Physics-Aligned MoE,global,204,10.0,219,9226188.374594014
Physics-Aligned MoE,global,204,10.0,220,7697848.91462978
Physics-Aligned MoE,global,204,10.0,221,18625882.644725647
Physics-Aligned MoE,global,204,10.0,222,25402175.86450822
Physics-Aligned MoE,global,204,10.0,223,10847302.527387911
Physics-Aligned MoE,global,204,10.0,224,9087332.465716649
Physics-Aligned MoE,global,204,10.0,225,11849853.608190019
Physics-Aligned MoE,global,204,10.0,226,11139695.821523914
Physics-Aligned MoE,global,204,10.0,227,18708543.27634049
Physics-Aligned MoE,global,204,10.0,228,8873514.75110251
Physics-Aligned MoE,global,204,10.0,229,1917482.6583065093
Physics-Aligned MoE,global,204,10.0,230,7449028.367480537
Physics-Aligned MoE,global,204,10.0,231,8909320.374841388
Physics-Aligned MoE,global,204,10.0,232,6902469.630431607
Physics-Aligned MoE,global,204,10.0,233,7907454.924222901
Physics-Aligned MoE,global,204,10.0,234,12540632.95141862
Physics-Aligned MoE,global,204,10.0,235,8727463.10943149
Physics-Aligned MoE,global,204,10.0,236,17977118.54993957
Physics-Aligned MoE,global,204,10.0,237,11402952.296153815
Physics-Aligned MoE,global,204,10.0,238,7554097.046144852
Physics-Aligned MoE,global,204,10.0,239,20109513.11679831
Physics-Aligned MoE,global,204,10.0,240,5776661.923229632
Physics-Aligned MoE,global,204,10.0,241,18278511.10100769
Physics-Aligned MoE,global,204,10.0,242,9508881.982401088
Physics-Aligned MoE,global,204,10.0,243,10854540.562857041
Physics-Aligned MoE,global,204,10.0,244,32900368.65444757
Physics-Aligned MoE,global,204,10.0,245,18950736.81632134
Physics-Aligned MoE,physical-bin,204,10.0,211,12802477.263172716
Physics-Aligned MoE,physical-bin,204,10.0,212,5691007.530429936
Physics-Aligned MoE,physical-bin,204,10.0,213,18567602.84775322
Physics-Aligned MoE,physical-bin,204,10.0,214,10254861.23336401
Physics-Aligned MoE,physical-bin,204,10.0,215,10898818.531130027
Physics-Aligned MoE,physical-bin,204,10.0,216,19288493.276675846
Physics-Aligned MoE,physical-bin,204,10.0,217,10190619.286886662
Physics-Aligned MoE,physical-bin,204,10.0,218,11226553.526977167
Physics-Aligned MoE,physical-bin,204,10.0,219,8703956.649245491
Physics-Aligned MoE,physical-bin,204,10.0,220,7438322.4081473965
Physics-Aligned MoE,physical-bin,204,10.0,221,17710632.864826117
Physics-Aligned MoE,physical-bin,204,10.0,222,23852273.202747785
Physics-Aligned MoE,physical-bin,204,10.0,223,10072871.614255678
Physics-Aligned MoE,physical-bin,204,10.0,224,8805190.175560234
Physics-Aligned MoE,physical-bin,204,10.0,225,11367436.138459794
Physics-Aligned MoE,physical-bin,204,10.0,226,13691854.45404318
Physics-Aligned MoE,physical-bin,204,10.0,227,20689755.175358854
Physics-Aligned MoE,physical-bin,204,10.0,228,8680426.474160608
Physics-Aligned MoE,physical-bin,204,10.0,229,1770610.2958568577
Physics-Aligned MoE,physical-bin,204,10.0,230,7085127.129011405
Physics-Aligned MoE,physical-bin,204,10.0,231,8567636.380397271
Physics-Aligned MoE,physical-bin,204,10.0,232,6737116.058536658
Physics-Aligned MoE,physical-bin,204,10.0,233,7516685.083064835
Physics-Aligned MoE,physical-bin,204,10.0,234,12507746.124768294
Physics-Aligned MoE,physical-bin,204,10.0,235,9119648.094103973
Physics-Aligned MoE,physical-bin,204,10.0,236,14328151.679982733
Physics-Aligned MoE,physical-bin,204,10.0,237,10983406.691439226
Physics-Aligned MoE,physical-bin,204,10.0,238,7358854.898935804
Physics-Aligned MoE,physical-bin,204,10.0,239,20493091.795880478
Physics-Aligned MoE,physical-bin,204,10.0,240,5393500.544656141
Physics-Aligned MoE,physical-bin,204,10.0,241,18777837.07804683
Physics-Aligned MoE,physical-bin,204,10.0,242,9295975.21975068
Physics-Aligned MoE,physical-bin,204,10.0,243,12583497.641031202
Physics-Aligned MoE,physical-bin,204,10.0,244,35580368.307061866
Physics-Aligned MoE,physical-bin,204,10.0,245,19744196.017265204
Physics-Aligned MoE,gate-bin,204,10.0,211,13173979.091036055
Physics-Aligned MoE,gate-bin,204,10.0,212,5512679.0669833915
Physics-Aligned MoE,gate-bin,204,10.0,213,18111914.00085924
Physics-Aligned MoE,gate-bin,204,10.0,214,9699633.348963182
Physics-Aligned MoE,gate-bin,204,10.0,215,10682999.4516541
Physics-Aligned MoE,gate-bin,204,10.0,216,20430208.963740766
Physics-Aligned MoE,gate-bin,204,10.0,217,14458190.109830474
Physics-Aligned MoE,gate-bin,204,10.0,218,11726109.980209615
Physics-Aligned MoE,gate-bin,204,10.0,219,7938440.4567889245
Physics-Aligned MoE,gate-bin,204,10.0,220,7340292.82908663
Physics-Aligned MoE,gate-bin,204,10.0,221,17679695.46889072
Physics-Aligned MoE,gate-bin,204,10.0,222,21010201.323793173
Physics-Aligned MoE,gate-bin,204,10.0,223,9039717.57354129
Physics-Aligned MoE,gate-bin,204,10.0,224,8676889.888956029
Physics-Aligned MoE,gate-bin,204,10.0,225,11003800.110709662
Physics-Aligned MoE,gate-bin,204,10.0,226,14633513.15059304
Physics-Aligned MoE,gate-bin,204,10.0,227,19678895.92942078
Physics-Aligned MoE,gate-bin,204,10.0,228,8746631.899594283
Physics-Aligned MoE,gate-bin,204,10.0,229,1466686.457527041
Physics-Aligned MoE,gate-bin,204,10.0,230,6637699.779939204
Physics-Aligned MoE,gate-bin,204,10.0,231,8008951.426009203
Physics-Aligned MoE,gate-bin,204,10.0,232,6738028.327494157
Physics-Aligned MoE,gate-bin,204,10.0,233,6766264.911432968
Physics-Aligned MoE,gate-bin,204,10.0,234,12401752.815642402
Physics-Aligned MoE,gate-bin,204,10.0,235,8848017.181293905
Physics-Aligned MoE,gate-bin,204,10.0,236,15106196.23782738
Physics-Aligned MoE,gate-bin,204,10.0,237,11180178.563281791
Physics-Aligned MoE,gate-bin,204,10.0,238,7413814.982538758
Physics-Aligned MoE,gate-bin,204,10.0,239,20315361.561242167
Physics-Aligned MoE,gate-bin,204,10.0,240,4778799.429618455
Physics-Aligned MoE,gate-bin,204,10.0,241,19070477.213981025
Physics-Aligned MoE,gate-bin,204,10.0,242,10474653.322709776
Physics-Aligned MoE,gate-bin,204,10.0,243,17150960.186553955
Physics-Aligned MoE,gate-bin,204,10.0,244,32774553.574763596
Physics-Aligned MoE,gate-bin,204,10.0,245,19248996.7364583
Physics-Aligned MoE,global,205,10.0,211,11559140.813435229
Physics-Aligned MoE,global,205,10.0,212,5934780.752723286
Physics-Aligned MoE,global,205,10.0,213,23593873.854561374
Physics-Aligned MoE,global,205,10.0,214,11034422.954783628
Physics-Aligned MoE,global,205,10.0,215,13150772.658504564
Physics-Aligned MoE,global,205,10.0,216,21772421.134693407
Physics-Aligned MoE,global,205,10.0,217,11049437.996967355
Physics-Aligned MoE,global,205,10.0,218,11675713.48464759
Physics-Aligned MoE,global,205,10.0,219,9181908.94839912
Physics-Aligned MoE,global,205,10.0,220,7464730.401926607
Physics-Aligned MoE,global,205,10.0,221,18713004.957630314
Physics-Aligned MoE,global,205,10.0,222,25572083.73773177
Physics-Aligned MoE,global,205,10.0,223,10989704.192897597
Physics-Aligned MoE,global,205,10.0,224,9172041.875331977
Physics-Aligned MoE,global,205,10.0,225,12167567.544963876
Physics-Aligned MoE,global,205,10.0,226,11414766.643090565
Physics-Aligned MoE,global,205,10.0,227,33544395.10878426
Physics-Aligned MoE,global,205,10.0,228,9765254.209689515
Physics-Aligned MoE,global,205,10.0,229,1930694.6273835897
Physics-Aligned MoE,global,205,10.0,230,8080707.730997498
Physics-Aligned MoE,global,205,10.0,231,8669371.98006481
Physics-Aligned MoE,global,205,10.0,232,7038901.824752929
Physics-Aligned MoE,global,205,10.0,233,8169481.145337025
Physics-Aligned MoE,global,205,10.0,234,12168100.027381785
Physics-Aligned MoE,global,205,10.0,235,8667483.726277888
Physics-Aligned MoE,global,205,10.0,236,20359459.71132168
Physics-Aligned MoE,global,205,10.0,237,11721129.164642815
Physics-Aligned MoE,global,205,10.0,238,7713540.438174505
Physics-Aligned MoE,global,205,10.0,239,33377813.306522515
Physics-Aligned MoE,global,205,10.0,240,5831739.855664508
Physics-Aligned MoE,global,205,10.0,241,22414474.173983004
Physics-Aligned MoE,global,205,10.0,242,10502504.925950805
Physics-Aligned MoE,global,205,10.0,243,11000101.04308031
Physics-Aligned MoE,global,205,10.0,244,40868687.19185371
Physics-Aligned MoE,global,205,10.0,245,17978164.482477
Physics-Aligned MoE,physical-bin,205,10.0,211,11846531.882047344
Physics-Aligned MoE,physical-bin,205,10.0,212,5728995.542726692
Physics-Aligned MoE,physical-bin,205,10.0,213,24293180.803629473
Physics-Aligned MoE,physical-bin,205,10.0,214,10444130.527633253
Physics-Aligned MoE,physical-bin,205,10.0,215,12926767.09197731
Physics-Aligned MoE,physical-bin,205,10.0,216,22576603.764009334
Physics-Aligned MoE,physical-bin,205,10.0,217,10413633.634923108
Physics-Aligned MoE,physical-bin,205,10.0,218,11582636.9649432
Physics-Aligned MoE,physical-bin,205,10.0,219,8656862.316396302
Physics-Aligned MoE,physical-bin,205,10.0,220,7192779.904063147
Physics-Aligned MoE,physical-bin,205,10.0,221,19129916.4179515
Physics-Aligned MoE,physical-bin,205,10.0,222,24840837.7181879
Physics-Aligned MoE,physical-bin,205,10.0,223,10352294.986389525
Physics-Aligned MoE,physical-bin,205,10.0,224,8973016.93058726
Physics-Aligned MoE,physical-bin,205,10.0,225,11797253.894841345
Physics-Aligned MoE,physical-bin,205,10.0,226,13502547.521722857
Physics-Aligned MoE,physical-bin,205,10.0,227,35823784.061704725
Physics-Aligned MoE,physical-bin,205,10.0,228,9761216.404052112
Physics-Aligned MoE,physical-bin,205,10.0,229,1800872.1924556731
Physics-Aligned MoE,physical-bin,205,10.0,230,7914048.910913585
Physics-Aligned MoE,physical-bin,205,10.0,231,8367163.533002315
Physics-Aligned MoE,physical-bin,205,10.0,232,7036248.094231973
Physics-Aligned MoE,physical-bin,205,10.0,233,7892077.661208907
Physics-Aligned MoE,physical-bin,205,10.0,234,12158004.617811004
Physics-Aligned MoE,physical-bin,205,10.0,235,8985122.443933805
Physics-Aligned MoE,physical-bin,205,10.0,236,17930722.025053173
Physics-Aligned MoE,physical-bin,205,10.0,237,11392036.327951271
Physics-Aligned MoE,physical-bin,205,10.0,238,7607960.525149405
Physics-Aligned MoE,physical-bin,205,10.0,239,34409374.36190874
Physics-Aligned MoE,physical-bin,205,10.0,240,5508773.051206315
Physics-Aligned MoE,physical-bin,205,10.0,241,23306095.03500443
Physics-Aligned MoE,physical-bin,205,10.0,242,10646366.14683023
Physics-Aligned MoE,physical-bin,205,10.0,243,12340878.206367433
Physics-Aligned MoE,physical-bin,205,10.0,244,42272119.02089203
Physics-Aligned MoE,physical-bin,205,10.0,245,18709430.45311813
Physics-Aligned MoE,gate-bin,205,10.0,211,12066545.659845633
Physics-Aligned MoE,gate-bin,205,10.0,212,5767093.30905447
Physics-Aligned MoE,gate-bin,205,10.0,213,24635462.487399004
Physics-Aligned MoE,gate-bin,205,10.0,214,10254229.869642127
Physics-Aligned MoE,gate-bin,205,10.0,215,13013368.77776273
Physics-Aligned MoE,gate-bin,205,10.0,216,22682186.740879536
Physics-Aligned MoE,gate-bin,205,10.0,217,13194673.66807556
Physics-Aligned MoE,gate-bin,205,10.0,218,11632273.924946185
Physics-Aligned MoE,gate-bin,205,10.0,219,8195051.810491992
Physics-Aligned MoE,gate-bin,205,10.0,220,7047923.549910542
Physics-Aligned MoE,gate-bin,205,10.0,221,16888627.921143167
Physics-Aligned MoE,gate-bin,205,10.0,222,22610774.839694247
Physics-Aligned MoE,gate-bin,205,10.0,223,9845584.852722738
Physics-Aligned MoE,gate-bin,205,10.0,224,8906963.767213915
Physics-Aligned MoE,gate-bin,205,10.0,225,11922833.808375843
Physics-Aligned MoE,gate-bin,205,10.0,226,14053205.743511308
Physics-Aligned MoE,gate-bin,205,10.0,227,31316243.02006749
Physics-Aligned MoE,gate-bin,205,10.0,228,9899965.861626202
Physics-Aligned MoE,gate-bin,205,10.0,229,1653353.257480177
Physics-Aligned MoE,gate-bin,205,10.0,230,7739538.064015102
Physics-Aligned MoE,gate-bin,205,10.0,231,8102954.906093337
Physics-Aligned MoE,gate-bin,205,10.0,232,7109173.798456082
Physics-Aligned MoE,gate-bin,205,10.0,233,7638547.706557862
Physics-Aligned MoE,gate-bin,205,10.0,234,12130546.570157131
Physics-Aligned MoE,gate-bin,205,10.0,235,9062788.985410817
Physics-Aligned MoE,gate-bin,205,10.0,236,17485510.035188045
Physics-Aligned MoE,gate-bin,205,10.0,237,11337484.615500212
Physics-Aligned MoE,gate-bin,205,10.0,238,7639554.854887542
Physics-Aligned MoE,gate-bin,205,10.0,239,31738116.159885675
Physics-Aligned MoE,gate-bin,205,10.0,240,5190525.636619959
Physics-Aligned MoE,gate-bin,205,10.0,241,21492736.061526194
Physics-Aligned MoE,gate-bin,205,10.0,242,10978672.242507368
Physics-Aligned MoE,gate-bin,205,10.0,243,12917750.494555153
Physics-Aligned MoE,gate-bin,205,10.0,244,39091079.33067256
Physics-Aligned MoE,gate-bin,205,10.0,245,15934026.55803673
Boundary-forced router,global,201,10.0,211,13302447.0432446
Boundary-forced router,global,201,10.0,212,5309122.798976898
Boundary-forced router,global,201,10.0,213,15733782.999897368
Boundary-forced router,global,201,10.0,214,9738472.380951246
Boundary-forced router,global,201,10.0,215,10051119.58919843
Boundary-forced router,global,201,10.0,216,12621556.951041829
Boundary-forced router,global,201,10.0,217,9758775.935274761
Boundary-forced router,global,201,10.0,218,11114342.100148898
Boundary-forced router,global,201,10.0,219,8185893.524157399
Boundary-forced router,global,201,10.0,220,6445842.956632922
Boundary-forced router,global,201,10.0,221,12185075.144007957
Boundary-forced router,global,201,10.0,222,21972723.082233205
Boundary-forced router,global,201,10.0,223,9810373.04185301
Boundary-forced router,global,201,10.0,224,8114019.206944605
Boundary-forced router,global,201,10.0,225,9983719.493632913
Boundary-forced router,global,201,10.0,226,10261881.622112393
Boundary-forced router,global,201,10.0,227,15620366.132682165
Boundary-forced router,global,201,10.0,228,8641661.062871654
Boundary-forced router,global,201,10.0,229,1727370.0972747803
Boundary-forced router,global,201,10.0,230,7064266.557944029
Boundary-forced router,global,201,10.0,231,8002427.799161211
Boundary-forced router,global,201,10.0,232,6163068.102521103
Boundary-forced router,global,201,10.0,233,7102088.865138888
Boundary-forced router,global,201,10.0,234,10860242.5478042
Boundary-forced router,global,201,10.0,235,7679074.212506613
Boundary-forced router,global,201,10.0,236,17086656.706992485
Boundary-forced router,global,201,10.0,237,10665296.174883481
Boundary-forced router,global,201,10.0,238,6605355.411963463
Boundary-forced router,global,201,10.0,239,37663049.56506445
Boundary-forced router,global,201,10.0,240,5179287.791665395
Boundary-forced router,global,201,10.0,241,13320628.24862408
Boundary-forced router,global,201,10.0,242,9310747.29424581
Boundary-forced router,global,201,10.0,243,9841289.930229187
Boundary-forced router,global,201,10.0,244,28961318.15496848
Boundary-forced router,global,201,10.0,245,20372577.74259516
Boundary-forced router,physical-bin,201,10.0,211,13721858.801707057
Boundary-forced router,physical-bin,201,10.0,212,5137717.284027385
Boundary-forced router,physical-bin,201,10.0,213,16259928.309443217
Boundary-forced router,physical-bin,201,10.0,214,9210617.124468578
Boundary-forced router,physical-bin,201,10.0,215,9606588.103364432
Boundary-forced router,physical-bin,201,10.0,216,12945024.898240674
Boundary-forced router,physical-bin,201,10.0,217,9273201.770473287
Boundary-forced router,physical-bin,201,10.0,218,11033771.077241454
Boundary-forced router,physical-bin,201,10.0,219,7780803.252514752
Boundary-forced router,physical-bin,201,10.0,220,6091853.102826701
Boundary-forced router,physical-bin,201,10.0,221,12161352.866892286
Boundary-forced router,physical-bin,201,10.0,222,21704570.176672142
Boundary-forced router,physical-bin,201,10.0,223,9284565.817837667
Boundary-forced router,physical-bin,201,10.0,224,7907677.138295094
Boundary-forced router,physical-bin,201,10.0,225,9552156.2956696
Boundary-forced router,physical-bin,201,10.0,226,11905159.437090568
Boundary-forced router,physical-bin,201,10.0,227,15283710.84611905
Boundary-forced router,physical-bin,201,10.0,228,8593534.958106682
Boundary-forced router,physical-bin,201,10.0,229,1623957.313560104
Boundary-forced router,physical-bin,201,10.0,230,6873012.323017586
Boundary-forced router,physical-bin,201,10.0,231,7762572.797249304
Boundary-forced router,physical-bin,201,10.0,232,6014131.315721309
Boundary-forced router,physical-bin,201,10.0,233,6822895.784235911
Boundary-forced router,physical-bin,201,10.0,234,10815446.595894428
Boundary-forced router,physical-bin,201,10.0,235,7782808.060053444
Boundary-forced router,physical-bin,201,10.0,236,14403577.491635418
Boundary-forced router,physical-bin,201,10.0,237,10400602.7662263
Boundary-forced router,physical-bin,201,10.0,238,6333269.064193536
Boundary-forced router,physical-bin,201,10.0,239,38407048.90392402
Boundary-forced router,physical-bin,201,10.0,240,4874465.76707352
Boundary-forced router,physical-bin,201,10.0,241,13873149.77008916
Boundary-forced router,physical-bin,201,10.0,242,9253482.261918915
Boundary-forced router,physical-bin,201,10.0,243,10876564.505176991
Boundary-forced router,physical-bin,201,10.0,244,30746460.420854613
Boundary-forced router,physical-bin,201,10.0,245,20836121.76885264
Boundary-forced router,gate-bin,201,10.0,211,13847357.490556862
Boundary-forced router,gate-bin,201,10.0,212,4750425.106904633
Boundary-forced router,gate-bin,201,10.0,213,16365643.217964726
Boundary-forced router,gate-bin,201,10.0,214,9183460.480788724
Boundary-forced router,gate-bin,201,10.0,215,10090630.159556199
Boundary-forced router,gate-bin,201,10.0,216,13517534.999349657
Boundary-forced router,gate-bin,201,10.0,217,10477505.639538573
Boundary-forced router,gate-bin,201,10.0,218,12075621.341305053
Boundary-forced router,gate-bin,201,10.0,219,7164545.962893245
Boundary-forced router,gate-bin,201,10.0,220,5663667.40055315
Boundary-forced router,gate-bin,201,10.0,221,13820099.099827554
Boundary-forced router,gate-bin,201,10.0,222,20635918.922516823
Boundary-forced router,gate-bin,201,10.0,223,8476133.670535622
Boundary-forced router,gate-bin,201,10.0,224,7816724.323962598
Boundary-forced router,gate-bin,201,10.0,225,8934454.389126917
Boundary-forced router,gate-bin,201,10.0,226,12830948.063214248
Boundary-forced router,gate-bin,201,10.0,227,15181999.462809749
Boundary-forced router,gate-bin,201,10.0,228,8788157.99190562
Boundary-forced router,gate-bin,201,10.0,229,1249466.443639533
Boundary-forced router,gate-bin,201,10.0,230,6378398.459045017
Boundary-forced router,gate-bin,201,10.0,231,6583861.629825916
Boundary-forced router,gate-bin,201,10.0,232,5347307.130318968
Boundary-forced router,gate-bin,201,10.0,233,5994260.020824237
Boundary-forced router,gate-bin,201,10.0,234,10178903.209501546
Boundary-forced router,gate-bin,201,10.0,235,7023449.500472196
Boundary-forced router,gate-bin,201,10.0,236,15281989.516316388
Boundary-forced router,gate-bin,201,10.0,237,10133182.492804335
Boundary-forced router,gate-bin,201,10.0,238,6141678.24283237
Boundary-forced router,gate-bin,201,10.0,239,38885259.44891075
Boundary-forced router,gate-bin,201,10.0,240,3938413.652223205
Boundary-forced router,gate-bin,201,10.0,241,14731400.525166424
Boundary-forced router,gate-bin,201,10.0,242,10499343.788039796
Boundary-forced router,gate-bin,201,10.0,243,12800465.700428769
Boundary-forced router,gate-bin,201,10.0,244,29109386.167931683
Boundary-forced router,gate-bin,201,10.0,245,19392087.07605657
Boundary-forced router,global,202,10.0,211,24970144.666233502
Boundary-forced router,global,202,10.0,212,5939362.36435318
Boundary-forced router,global,202,10.0,213,24540453.082540527
Boundary-forced router,global,202,10.0,214,10806754.033959389
Boundary-forced router,global,202,10.0,215,12174021.894972164
Boundary-forced router,global,202,10.0,216,23480594.700685702
Boundary-forced router,global,202,10.0,217,11555792.462918598
Boundary-forced router,global,202,10.0,218,14049811.272434808
Boundary-forced router,global,202,10.0,219,9123672.782666842
Boundary-forced router,global,202,10.0,220,7170809.106563568
Boundary-forced router,global,202,10.0,221,15854151.622925397
Boundary-forced router,global,202,10.0,222,38932398.57206905
Boundary-forced router,global,202,10.0,223,10927781.534068847
Boundary-forced router,global,202,10.0,224,8816080.318052927
Boundary-forced router,global,202,10.0,225,11209837.097316822
Boundary-forced router,global,202,10.0,226,12421794.549916128
Boundary-forced router,global,202,10.0,227,33310297.87853046
Boundary-forced router,global,202,10.0,228,9522743.308240533
Boundary-forced router,global,202,10.0,229,1932424.1185455318
Boundary-forced router,global,202,10.0,230,7894830.6213232465
Boundary-forced router,global,202,10.0,231,8833082.356685001
Boundary-forced router,global,202,10.0,232,6766845.624009492
Boundary-forced router,global,202,10.0,233,8013572.37136046
Boundary-forced router,global,202,10.0,234,12056873.414739992
Boundary-forced router,global,202,10.0,235,8565225.751223246
Boundary-forced router,global,202,10.0,236,37250092.86003305
Boundary-forced router,global,202,10.0,237,11396211.763680056
Boundary-forced router,global,202,10.0,238,7582651.397198438
Boundary-forced router,global,202,10.0,239,27604172.60699419
Boundary-forced router,global,202,10.0,240,5794114.799887339
Boundary-forced router,global,202,10.0,241,30482452.621173866
Boundary-forced router,global,202,10.0,242,9427673.595771471
Boundary-forced router,global,202,10.0,243,10955913.68705495
Boundary-forced router,global,202,10.0,244,50789133.62380734
Boundary-forced router,global,202,10.0,245,30101626.589238986
Boundary-forced router,physical-bin,202,10.0,211,25616253.100787774
Boundary-forced router,physical-bin,202,10.0,212,5656345.969231226
Boundary-forced router,physical-bin,202,10.0,213,24684700.74719391
Boundary-forced router,physical-bin,202,10.0,214,10049458.320908485
Boundary-forced router,physical-bin,202,10.0,215,12178469.096769143
Boundary-forced router,physical-bin,202,10.0,216,24356959.808041915
Boundary-forced router,physical-bin,202,10.0,217,11178035.61982155
Boundary-forced router,physical-bin,202,10.0,218,14050104.583267592
Boundary-forced router,physical-bin,202,10.0,219,8462845.2563972
Boundary-forced router,physical-bin,202,10.0,220,6639515.195096781
Boundary-forced router,physical-bin,202,10.0,221,15955816.450628491
Boundary-forced router,physical-bin,202,10.0,222,39251326.88384376
Boundary-forced router,physical-bin,202,10.0,223,10163354.017079204
Boundary-forced router,physical-bin,202,10.0,224,8415973.497878008
Boundary-forced router,physical-bin,202,10.0,225,10659950.479154516
Boundary-forced router,physical-bin,202,10.0,226,14299540.329937574
Boundary-forced router,physical-bin,202,10.0,227,35364039.84762315
Boundary-forced router,physical-bin,202,10.0,228,9564719.99622359
Boundary-forced router,physical-bin,202,10.0,229,1789248.4805809027
Boundary-forced router,physical-bin,202,10.0,230,7627393.27354681
Boundary-forced router,physical-bin,202,10.0,231,8495831.727964712
Boundary-forced router,physical-bin,202,10.0,232,6529259.289208502
Boundary-forced router,physical-bin,202,10.0,233,7653864.640095632
Boundary-forced router,physical-bin,202,10.0,234,11885008.147857245
Boundary-forced router,physical-bin,202,10.0,235,8565156.054100802
Boundary-forced router,physical-bin,202,10.0,236,35339610.063529156
Boundary-forced router,physical-bin,202,10.0,237,10879777.136439845
Boundary-forced router,physical-bin,202,10.0,238,7226804.907463671
Boundary-forced router,physical-bin,202,10.0,239,28465669.214295976
Boundary-forced router,physical-bin,202,10.0,240,5365117.627455266
Boundary-forced router,physical-bin,202,10.0,241,31604893.944580276
Boundary-forced router,physical-bin,202,10.0,242,9100687.000894185
Boundary-forced router,physical-bin,202,10.0,243,11881830.382313669
Boundary-forced router,physical-bin,202,10.0,244,52976406.60926551
Boundary-forced router,physical-bin,202,10.0,245,30823259.785982948
Boundary-forced router,gate-bin,202,10.0,211,25856530.150089778
Boundary-forced router,gate-bin,202,10.0,212,5500859.905558567
Boundary-forced router,gate-bin,202,10.0,213,24269304.96763509
Boundary-forced router,gate-bin,202,10.0,214,10030153.989753306
Boundary-forced router,gate-bin,202,10.0,215,13174443.235084519
Boundary-forced router,gate-bin,202,10.0,216,26007703.17900398
Boundary-forced router,gate-bin,202,10.0,217,15451159.481368855
Boundary-forced router,gate-bin,202,10.0,218,13683147.227808446
Boundary-forced router,gate-bin,202,10.0,219,6678950.241220808
Boundary-forced router,gate-bin,202,10.0,220,5843494.060024249
Boundary-forced router,gate-bin,202,10.0,221,16680313.268610736
Boundary-forced router,gate-bin,202,10.0,222,39307971.13900173
Boundary-forced router,gate-bin,202,10.0,223,9043925.273948204
Boundary-forced router,gate-bin,202,10.0,224,7721908.71164772
Boundary-forced router,gate-bin,202,10.0,225,8832217.355591904
Boundary-forced router,gate-bin,202,10.0,226,15767367.09652377
Boundary-forced router,gate-bin,202,10.0,227,36780828.572274625
Boundary-forced router,gate-bin,202,10.0,228,11127066.692574024
Boundary-forced router,gate-bin,202,10.0,229,1207702.6123230138
Boundary-forced router,gate-bin,202,10.0,230,6233097.867319664
Boundary-forced router,gate-bin,202,10.0,231,6637659.497612407
Boundary-forced router,gate-bin,202,10.0,232,5657809.22273602
Boundary-forced router,gate-bin,202,10.0,233,6396934.705315154
Boundary-forced router,gate-bin,202,10.0,234,10513206.232042827
Boundary-forced router,gate-bin,202,10.0,235,8014183.774860898
Boundary-forced router,gate-bin,202,10.0,236,34604686.4998254
Boundary-forced router,gate-bin,202,10.0,237,10692574.241555132
Boundary-forced router,gate-bin,202,10.0,238,6643969.545652889
Boundary-forced router,gate-bin,202,10.0,239,30323470.837468535
Boundary-forced router,gate-bin,202,10.0,240,3833031.207146463
Boundary-forced router,gate-bin,202,10.0,241,35363608.340472504
Boundary-forced router,gate-bin,202,10.0,242,9641806.598525953
Boundary-forced router,gate-bin,202,10.0,243,13455927.292835062
Boundary-forced router,gate-bin,202,10.0,244,51666721.49325279
Boundary-forced router,gate-bin,202,10.0,245,29843893.86474891
Boundary-forced router,global,203,10.0,211,14324319.198590148
Boundary-forced router,global,203,10.0,212,7110541.970471083
Boundary-forced router,global,203,10.0,213,23061420.65174436
Boundary-forced router,global,203,10.0,214,12983951.70440294
Boundary-forced router,global,203,10.0,215,17846974.10656893
Boundary-forced router,global,203,10.0,216,25670599.305689666
Boundary-forced router,global,203,10.0,217,14683290.050122973
Boundary-forced router,global,203,10.0,218,13238799.261859294
Boundary-forced router,global,203,10.0,219,10920975.945077596
Boundary-forced router,global,203,10.0,220,8584817.020170031
Boundary-forced router,global,203,10.0,221,25890679.964075282
Boundary-forced router,global,203,10.0,222,35850117.591846116
Boundary-forced router,global,203,10.0,223,13064345.055793758
Boundary-forced router,global,203,10.0,224,10285937.093587328
Boundary-forced router,global,203,10.0,225,13619869.040619966
Boundary-forced router,global,203,10.0,226,14021641.641364928
Boundary-forced router,global,203,10.0,227,37411454.83524684
Boundary-forced router,global,203,10.0,228,9880016.343993504
Boundary-forced router,global,203,10.0,229,2313477.7702968116
Boundary-forced router,global,203,10.0,230,8872104.085228233
Boundary-forced router,global,203,10.0,231,9960741.353564061
Boundary-forced router,global,203,10.0,232,7748684.897086132
Boundary-forced router,global,203,10.0,233,9259081.92909171
Boundary-forced router,global,203,10.0,234,13126786.381959636
Boundary-forced router,global,203,10.0,235,10431972.36228891
Boundary-forced router,global,203,10.0,236,29670765.13146804
Boundary-forced router,global,203,10.0,237,13043969.846639842
Boundary-forced router,global,203,10.0,238,8799558.87088234
Boundary-forced router,global,203,10.0,239,43271640.87977699
Boundary-forced router,global,203,10.0,240,6936653.1184553085
Boundary-forced router,global,203,10.0,241,29633743.98467609
Boundary-forced router,global,203,10.0,242,10840952.295306204
Boundary-forced router,global,203,10.0,243,13260113.022934236
Boundary-forced router,global,203,10.0,244,48605029.35454072
Boundary-forced router,global,203,10.0,245,24786021.386461828
Boundary-forced router,physical-bin,203,10.0,211,15636135.541971248
Boundary-forced router,physical-bin,203,10.0,212,6047918.213050462
Boundary-forced router,physical-bin,203,10.0,213,21249930.56034392
Boundary-forced router,physical-bin,203,10.0,214,10713932.301855408
Boundary-forced router,physical-bin,203,10.0,215,17845165.901847836
Boundary-forced router,physical-bin,203,10.0,216,28116791.945482783
Boundary-forced router,physical-bin,203,10.0,217,13397004.292578124
Boundary-forced router,physical-bin,203,10.0,218,11391929.177014068
Boundary-forced router,physical-bin,203,10.0,219,8848677.121414967
Boundary-forced router,physical-bin,203,10.0,220,6926064.96168709
Boundary-forced router,physical-bin,203,10.0,221,25951410.710460898
Boundary-forced router,physical-bin,203,10.0,222,36324911.398918055
Boundary-forced router,physical-bin,203,10.0,223,10540061.87036133
Boundary-forced router,physical-bin,203,10.0,224,8884131.424139928
Boundary-forced router,physical-bin,203,10.0,225,12192495.639711777
Boundary-forced router,physical-bin,203,10.0,226,17003426.55203939
Boundary-forced router,physical-bin,203,10.0,227,42040716.66643336
Boundary-forced router,physical-bin,203,10.0,228,8363421.895627221
Boundary-forced router,physical-bin,203,10.0,229,1866469.2895431523
Boundary-forced router,physical-bin,203,10.0,230,7640692.293847831
Boundary-forced router,physical-bin,203,10.0,231,8414455.991185755
Boundary-forced router,physical-bin,203,10.0,232,6490494.607920475
Boundary-forced router,physical-bin,203,10.0,233,7935306.091096899
Boundary-forced router,physical-bin,203,10.0,234,12236195.950522363
Boundary-forced router,physical-bin,203,10.0,235,9722258.081841536
Boundary-forced router,physical-bin,203,10.0,236,25535272.56631638
Boundary-forced router,physical-bin,203,10.0,237,10712940.48467461
Boundary-forced router,physical-bin,203,10.0,238,7531848.464150455
Boundary-forced router,physical-bin,203,10.0,239,45739667.646212116
Boundary-forced router,physical-bin,203,10.0,240,5596358.082208634
Boundary-forced router,physical-bin,203,10.0,241,32585078.036782473
Boundary-forced router,physical-bin,203,10.0,242,9248642.905014873
Boundary-forced router,physical-bin,203,10.0,243,14453086.859291054
Boundary-forced router,physical-bin,203,10.0,244,52222921.406525254
Boundary-forced router,physical-bin,203,10.0,245,27010521.913710218
Boundary-forced router,gate-bin,203,10.0,211,15380825.25089997
Boundary-forced router,gate-bin,203,10.0,212,5207276.454013253
Boundary-forced router,gate-bin,203,10.0,213,20387099.295854107
Boundary-forced router,gate-bin,203,10.0,214,10830824.816762688
Boundary-forced router,gate-bin,203,10.0,215,17779580.804056235
Boundary-forced router,gate-bin,203,10.0,216,23179714.880546067
Boundary-forced router,gate-bin,203,10.0,217,16046283.480948832
Boundary-forced router,gate-bin,203,10.0,218,10974757.225440249
Boundary-forced router,gate-bin,203,10.0,219,6634494.48132766
Boundary-forced router,gate-bin,203,10.0,220,5844903.202128584
Boundary-forced router,gate-bin,203,10.0,221,21308501.58613557
Boundary-forced router,gate-bin,203,10.0,222,34852895.779581465
Boundary-forced router,gate-bin,203,10.0,223,8635128.993616888
Boundary-forced router,gate-bin,203,10.0,224,7620070.1224449
Boundary-forced router,gate-bin,203,10.0,225,10347112.253008975
Boundary-forced router,gate-bin,203,10.0,226,18422118.346652403
Boundary-forced router,gate-bin,203,10.0,227,33212629.34172194
Boundary-forced router,gate-bin,203,10.0,228,7961442.439464092
Boundary-forced router,gate-bin,203,10.0,229,990615.998483785
Boundary-forced router,gate-bin,203,10.0,230,5619945.939334808
Boundary-forced router,gate-bin,203,10.0,231,6061451.074412655
Boundary-forced router,gate-bin,203,10.0,232,4971435.245135038
Boundary-forced router,gate-bin,203,10.0,233,5871811.843396947
Boundary-forced router,gate-bin,203,10.0,234,10124559.668771058
Boundary-forced router,gate-bin,203,10.0,235,8289247.363899678
Boundary-forced router,gate-bin,203,10.0,236,25844298.294973176
Boundary-forced router,gate-bin,203,10.0,237,9962729.615595445
Boundary-forced router,gate-bin,203,10.0,238,6245219.88455989
Boundary-forced router,gate-bin,203,10.0,239,38353467.42775744
Boundary-forced router,gate-bin,203,10.0,240,3368811.699517307
Boundary-forced router,gate-bin,203,10.0,241,37457204.06073275
Boundary-forced router,gate-bin,203,10.0,242,8885348.507234398
Boundary-forced router,gate-bin,203,10.0,243,17301380.834645342
Boundary-forced router,gate-bin,203,10.0,244,47004836.34192461
Boundary-forced router,gate-bin,203,10.0,245,23234669.50892678
Boundary-forced router,global,204,10.0,211,16902336.263840973
Boundary-forced router,global,204,10.0,212,6747620.912541747
Boundary-forced router,global,204,10.0,213,19330094.72993847
Boundary-forced router,global,204,10.0,214,12654781.0388273
Boundary-forced router,global,204,10.0,215,14850124.886685213
Boundary-forced router,global,204,10.0,216,29882522.817911267
Boundary-forced router,global,204,10.0,217,13012835.205829937
Boundary-forced router,global,204,10.0,218,13417477.440109923
Boundary-forced router,global,204,10.0,219,10405463.507781625
Boundary-forced router,global,204,10.0,220,8148537.872872551
Boundary-forced router,global,204,10.0,221,18873430.079362746
Boundary-forced router,global,204,10.0,222,27234974.168810315
Boundary-forced router,global,204,10.0,223,12397542.729263306
Boundary-forced router,global,204,10.0,224,10034672.610258559
Boundary-forced router,global,204,10.0,225,13470045.935845178
Boundary-forced router,global,204,10.0,226,13798495.083146095
Boundary-forced router,global,204,10.0,227,21499197.579859495
Boundary-forced router,global,204,10.0,228,9575364.907536011
Boundary-forced router,global,204,10.0,229,2195398.1916403766
Boundary-forced router,global,204,10.0,230,8724603.405379787
Boundary-forced router,global,204,10.0,231,9874756.540169666
Boundary-forced router,global,204,10.0,232,7655925.991456024
Boundary-forced router,global,204,10.0,233,9295140.849178929
Boundary-forced router,global,204,10.0,234,13445322.523976743
Boundary-forced router,global,204,10.0,235,9799799.80913639
Boundary-forced router,global,204,10.0,236,22476787.661358315
Boundary-forced router,global,204,10.0,237,12473833.456822261
Boundary-forced router,global,204,10.0,238,8725762.466501791
Boundary-forced router,global,204,10.0,239,21409606.37154109
Boundary-forced router,global,204,10.0,240,6582607.322974006
Boundary-forced router,global,204,10.0,241,21176882.09879358
Boundary-forced router,global,204,10.0,242,10567627.017538795
Boundary-forced router,global,204,10.0,243,12466222.75980115
Boundary-forced router,global,204,10.0,244,41329782.1636686
Boundary-forced router,global,204,10.0,245,16274247.775415529
Boundary-forced router,physical-bin,204,10.0,211,17732796.442872494
Boundary-forced router,physical-bin,204,10.0,212,6264285.470039178
Boundary-forced router,physical-bin,204,10.0,213,18448907.607167948
Boundary-forced router,physical-bin,204,10.0,214,11562643.76167844
Boundary-forced router,physical-bin,204,10.0,215,14661894.48499317
Boundary-forced router,physical-bin,204,10.0,216,31861010.13917826
Boundary-forced router,physical-bin,204,10.0,217,12349898.733876163
Boundary-forced router,physical-bin,204,10.0,218,12880740.326236382
Boundary-forced router,physical-bin,204,10.0,219,9308840.515048435
Boundary-forced router,physical-bin,204,10.0,220,7241105.864588868
Boundary-forced router,physical-bin,204,10.0,221,18935173.162854936
Boundary-forced router,physical-bin,204,10.0,222,26447250.151403084
Boundary-forced router,physical-bin,204,10.0,223,10976447.479174804
Boundary-forced router,physical-bin,204,10.0,224,9300144.1925968
Boundary-forced router,physical-bin,204,10.0,225,12696112.346520692
Boundary-forced router,physical-bin,204,10.0,226,17017293.37264544
Boundary-forced router,physical-bin,204,10.0,227,23989211.053909518
Boundary-forced router,physical-bin,204,10.0,228,8856427.106584854
Boundary-forced router,physical-bin,204,10.0,229,1943745.9077705385
Boundary-forced router,physical-bin,204,10.0,230,8164390.028533338
Boundary-forced router,physical-bin,204,10.0,231,9146573.722145451
Boundary-forced router,physical-bin,204,10.0,232,7254424.741812246
Boundary-forced router,physical-bin,204,10.0,233,8671150.40277173
Boundary-forced router,physical-bin,204,10.0,234,13032502.693211252
Boundary-forced router,physical-bin,204,10.0,235,9918467.885259755
Boundary-forced router,physical-bin,204,10.0,236,18199705.481809128
Boundary-forced router,physical-bin,204,10.0,237,11343057.810321994
Boundary-forced router,physical-bin,204,10.0,238,8136852.2273358945
Boundary-forced router,physical-bin,204,10.0,239,21490117.46538716
Boundary-forced router,physical-bin,204,10.0,240,5828061.667906761
Boundary-forced router,physical-bin,204,10.0,241,22665626.554799184
Boundary-forced router,physical-bin,204,10.0,242,9865556.300510023
Boundary-forced router,physical-bin,204,10.0,243,14257065.125426738
Boundary-forced router,physical-bin,204,10.0,244,44929829.85293814
Boundary-forced router,physical-bin,204,10.0,245,16920148.048849035
Boundary-forced router,gate-bin,204,10.0,211,17686371.82622066
Boundary-forced router,gate-bin,204,10.0,212,5713909.820273824
Boundary-forced router,gate-bin,204,10.0,213,18937000.72031942
Boundary-forced router,gate-bin,204,10.0,214,11493087.002068233
Boundary-forced router,gate-bin,204,10.0,215,14483546.218703318
Boundary-forced router,gate-bin,204,10.0,216,30948957.68615903
Boundary-forced router,gate-bin,204,10.0,217,14137500.363436557
Boundary-forced router,gate-bin,204,10.0,218,12954049.424389934
Boundary-forced router,gate-bin,204,10.0,219,7464599.287380244
Boundary-forced router,gate-bin,204,10.0,220,6373895.852464449
Boundary-forced router,gate-bin,204,10.0,221,18719887.439708546
Boundary-forced router,gate-bin,204,10.0,222,24384342.903927762
Boundary-forced router,gate-bin,204,10.0,223,9149616.306524593
Boundary-forced router,gate-bin,204,10.0,224,8011350.651052294
Boundary-forced router,gate-bin,204,10.0,225,11170671.031655619
Boundary-forced router,gate-bin,204,10.0,226,17392140.051219955
Boundary-forced router,gate-bin,204,10.0,227,23144609.943549715
Boundary-forced router,gate-bin,204,10.0,228,8582572.310315734
Boundary-forced router,gate-bin,204,10.0,229,1325355.4140542943
Boundary-forced router,gate-bin,204,10.0,230,6556565.096011272
Boundary-forced router,gate-bin,204,10.0,231,7064368.286406042
Boundary-forced router,gate-bin,204,10.0,232,6513889.388660757
Boundary-forced router,gate-bin,204,10.0,233,6881117.52145416
Boundary-forced router,gate-bin,204,10.0,234,11685363.084708616
Boundary-forced router,gate-bin,204,10.0,235,8613763.34959068
Boundary-forced router,gate-bin,204,10.0,236,19562056.791010946
Boundary-forced router,gate-bin,204,10.0,237,10424905.282633739
Boundary-forced router,gate-bin,204,10.0,238,7432166.597772247
Boundary-forced router,gate-bin,204,10.0,239,22100555.86239573
Boundary-forced router,gate-bin,204,10.0,240,3993571.9651438175
Boundary-forced router,gate-bin,204,10.0,241,25365724.46836358
Boundary-forced router,gate-bin,204,10.0,242,10010577.661977436
Boundary-forced router,gate-bin,204,10.0,243,14808648.04220082
Boundary-forced router,gate-bin,204,10.0,244,42960594.44263932
Boundary-forced router,gate-bin,204,10.0,245,14953158.882245986
Boundary-forced router,global,205,10.0,211,17156675.512917496
Boundary-forced router,global,205,10.0,212,5832736.7872982025
Boundary-forced router,global,205,10.0,213,15794961.33352921
Boundary-forced router,global,205,10.0,214,11209042.465441385
Boundary-forced router,global,205,10.0,215,14437236.63436222
Boundary-forced router,global,205,10.0,216,16884069.1027844
Boundary-forced router,global,205,10.0,217,10734948.779107412
Boundary-forced router,global,205,10.0,218,12463328.20497625
Boundary-forced router,global,205,10.0,219,9266675.586077962
Boundary-forced router,global,205,10.0,220,7300245.39128376
Boundary-forced router,global,205,10.0,221,13514912.039742108
Boundary-forced router,global,205,10.0,222,22911798.98192807
Boundary-forced router,global,205,10.0,223,10740868.045499666
Boundary-forced router,global,205,10.0,224,10009319.49852553
Boundary-forced router,global,205,10.0,225,13622473.485862097
Boundary-forced router,global,205,10.0,226,12372728.365062851
Boundary-forced router,global,205,10.0,227,15606074.748064954
Boundary-forced router,global,205,10.0,228,9208559.80116242
Boundary-forced router,global,205,10.0,229,1897732.5432357788
Boundary-forced router,global,205,10.0,230,8763475.672888827
Boundary-forced router,global,205,10.0,231,9105683.620979158
Boundary-forced router,global,205,10.0,232,7750201.9099893
Boundary-forced router,global,205,10.0,233,8465885.096907219
Boundary-forced router,global,205,10.0,234,14228263.736195035
Boundary-forced router,global,205,10.0,235,8611344.011701107
Boundary-forced router,global,205,10.0,236,17759821.317373473
Boundary-forced router,global,205,10.0,237,11657866.327895993
Boundary-forced router,global,205,10.0,238,8031291.592004275
Boundary-forced router,global,205,10.0,239,22042621.33092526
Boundary-forced router,global,205,10.0,240,5698605.112103571
Boundary-forced router,global,205,10.0,241,17542598.864132173
Boundary-forced router,global,205,10.0,242,11925892.457938401
Boundary-forced router,global,205,10.0,243,10770454.456190744
Boundary-forced router,global,205,10.0,244,28993062.81703373
Boundary-forced router,global,205,10.0,245,11857067.302405033
Boundary-forced router,physical-bin,205,10.0,211,17371941.630720478
Boundary-forced router,physical-bin,205,10.0,212,5781610.054761028
Boundary-forced router,physical-bin,205,10.0,213,15924400.644379003
Boundary-forced router,physical-bin,205,10.0,214,11059141.732423812
Boundary-forced router,physical-bin,205,10.0,215,14408711.507202081
Boundary-forced router,physical-bin,205,10.0,216,17069238.969463844
Boundary-forced router,physical-bin,205,10.0,217,10554809.408570224
Boundary-forced router,physical-bin,205,10.0,218,12486105.208278738
Boundary-forced router,physical-bin,205,10.0,219,9140810.559394035
Boundary-forced router,physical-bin,205,10.0,220,7212668.869483863
Boundary-forced router,physical-bin,205,10.0,221,13600786.54118543
Boundary-forced router,physical-bin,205,10.0,222,22567708.90007729
Boundary-forced router,physical-bin,205,10.0,223,10528306.291346742
Boundary-forced router,physical-bin,205,10.0,224,9980430.847870044
Boundary-forced router,physical-bin,205,10.0,225,13579539.097296173
Boundary-forced router,physical-bin,205,10.0,226,13248082.187010225
Boundary-forced router,physical-bin,205,10.0,227,16431655.474297736
Boundary-forced router,physical-bin,205,10.0,228,9197722.351139178
Boundary-forced router,physical-bin,205,10.0,229,1858111.8525363924
Boundary-forced router,physical-bin,205,10.0,230,8733861.56093293
Boundary-forced router,physical-bin,205,10.0,231,9023800.826037537
Boundary-forced router,physical-bin,205,10.0,232,7750709.50471852
Boundary-forced router,physical-bin,205,10.0,233,8406627.24311312
Boundary-forced router,physical-bin,205,10.0,234,14243571.881760458
Boundary-forced router,physical-bin,205,10.0,235,8740186.319808673
Boundary-forced router,physical-bin,205,10.0,236,16816341.757036913
Boundary-forced router,physical-bin,205,10.0,237,11556372.594417144
Boundary-forced router,physical-bin,205,10.0,238,7961417.9660993945
Boundary-forced router,physical-bin,205,10.0,239,22212603.313937485
Boundary-forced router,physical-bin,205,10.0,240,5584914.427024037
Boundary-forced router,physical-bin,205,10.0,241,17672040.398516692
Boundary-forced router,physical-bin,205,10.0,242,11993155.149626706
Boundary-forced router,physical-bin,205,10.0,243,11327085.951776758
Boundary-forced router,physical-bin,205,10.0,244,29763920.10735659
Boundary-forced router,physical-bin,205,10.0,245,11986694.571375918
Boundary-forced router,gate-bin,205,10.0,211,16396396.47543926
Boundary-forced router,gate-bin,205,10.0,212,5174267.770394706
Boundary-forced router,gate-bin,205,10.0,213,16764218.709572319
Boundary-forced router,gate-bin,205,10.0,214,11594045.938194767
Boundary-forced router,gate-bin,205,10.0,215,14460100.80691393
Boundary-forced router,gate-bin,205,10.0,216,17094422.07080571
Boundary-forced router,gate-bin,205,10.0,217,11793108.55357113
Boundary-forced router,gate-bin,205,10.0,218,12384298.452504672
Boundary-forced router,gate-bin,205,10.0,219,8098829.01723555
Boundary-forced router,gate-bin,205,10.0,220,7086617.645650672
Boundary-forced router,gate-bin,205,10.0,221,14263584.35663985
Boundary-forced router,gate-bin,205,10.0,222,21914577.274047084
Boundary-forced router,gate-bin,205,10.0,223,9510261.287405794
Boundary-forced router,gate-bin,205,10.0,224,9569549.280830365
Boundary-forced router,gate-bin,205,10.0,225,12088768.858692314
Boundary-forced router,gate-bin,205,10.0,226,13746933.272530276
Boundary-forced router,gate-bin,205,10.0,227,15651055.871970203
Boundary-forced router,gate-bin,205,10.0,228,9568748.552819323
Boundary-forced router,gate-bin,205,10.0,229,1336628.895988464
Boundary-forced router,gate-bin,205,10.0,230,7655595.527834374
Boundary-forced router,gate-bin,205,10.0,231,7553635.034205677
Boundary-forced router,gate-bin,205,10.0,232,7622595.312503934
Boundary-forced router,gate-bin,205,10.0,233,7298424.218519177
Boundary-forced router,gate-bin,205,10.0,234,13424966.104694258
Boundary-forced router,gate-bin,205,10.0,235,8383219.991543133
Boundary-forced router,gate-bin,205,10.0,236,16757334.961763298
Boundary-forced router,gate-bin,205,10.0,237,11169713.576426608
Boundary-forced router,gate-bin,205,10.0,238,7455658.364769738
Boundary-forced router,gate-bin,205,10.0,239,23072721.182069503
Boundary-forced router,gate-bin,205,10.0,240,4567267.832117451
Boundary-forced router,gate-bin,205,10.0,241,17420990.792100213
Boundary-forced router,gate-bin,205,10.0,242,12275605.644132242
Boundary-forced router,gate-bin,205,10.0,243,12446944.294449981
Boundary-forced router,gate-bin,205,10.0,244,27881094.652664836
Boundary-forced router,gate-bin,205,10.0,245,12307314.303511731
