model,source_model,seed,run_dir,variant_key,experiment_group,overall_rmse,policy,subset,cost_ratio,status,score_source,threshold_low,threshold_high,best_quantile,reserve,total_cost,mean_cost,violation_rate,mean_reserve,reserve_energy,shortage_energy,valid_cells
Graph WaveNet,Graph WaveNet,201,artifacts\strictmask_baseline_rerun_wtb_full\wtb_graph_wavenet_seed201,graph_wavenet,strong_baselines,224.93014417203187,global,full,2.0,applicable,global,,,all=0.500,all=0,164948765.6714154,1669.7923314647655,0.6101291707159054,0.0,0.0,82474382.83570768,98784
Graph WaveNet,Graph WaveNet,201,artifacts\strictmask_baseline_rerun_wtb_full\wtb_graph_wavenet_seed201,graph_wavenet,strong_baselines,224.93014417203187,physical-bin,full,2.0,applicable,physical,0.0,0.0,low=0.500;mid=0.500;high=0.500,low=268.271;mid=0;high=0,163963675.61358035,1659.8201693956546,0.5738378684807256,250.93418169183795,4131380.36737442,79916147.62310296,98784
Graph WaveNet,Graph WaveNet,201,artifacts\strictmask_baseline_rerun_wtb_full\wtb_graph_wavenet_seed201,graph_wavenet,strong_baselines,224.93014417203187,gate-bin,full,2.0,not_applicable,gate,,,,,,,,,,,0
Graph WaveNet,Graph WaveNet,201,artifacts\strictmask_baseline_rerun_wtb_full\wtb_graph_wavenet_seed201,graph_wavenet,strong_baselines,224.93014417203187,global,full,5.0,applicable,global,,,all=0.800,all=8085.98,299723302.36834705,3034.1280204116765,0.22307256235827663,8085.977295380086,133127530.19113773,33319154.43544187,98784
Graph WaveNet,Graph WaveNet,201,artifacts\strictmask_baseline_rerun_wtb_full\wtb_graph_wavenet_seed201,graph_wavenet,strong_baselines,224.93014417203187,physical-bin,full,5.0,applicable,physical,0.0,0.0,low=0.800;mid=0.800;high=0.800,low=7819.92;mid=8085.98;high=10494.4,300956736.8154036,3046.6141967869653,0.22919703595724003,7992.762068866064,131592834.70181087,33872780.42271854,98784
Graph WaveNet,Graph WaveNet,201,artifacts\strictmask_baseline_rerun_wtb_full\wtb_graph_wavenet_seed201,graph_wavenet,strong_baselines,224.93014417203187,gate-bin,full,5.0,not_applicable,gate,,,,,,,,,,,0
Graph WaveNet,Graph WaveNet,201,artifacts\strictmask_baseline_rerun_wtb_full\wtb_graph_wavenet_seed201,graph_wavenet,strong_baselines,224.93014417203187,global,full,10.0,applicable,global,,,all=0.900,all=16155.8,410634222.8907841,4156.890011447037,0.08253360868156787,16155.785095214844,265988845.8076172,14464537.708316702,98784
Graph WaveNet,Graph WaveNet,201,artifacts\strictmask_baseline_rerun_wtb_full\wtb_graph_wavenet_seed201,graph_wavenet,strong_baselines,224.93014417203187,physical-bin,full,10.0,applicable,physical,0.0,0.0,low=0.900;mid=0.900;high=0.900,low=14389.6;mid=16155.8;high=32069.7,410665889.5453433,4157.210576058302,0.09775874635568513,15532.215272260197,255722392.24249187,15494349.730285132,98784
Graph WaveNet,Graph WaveNet,201,artifacts\strictmask_baseline_rerun_wtb_full\wtb_graph_wavenet_seed201,graph_wavenet,strong_baselines,224.93014417203187,gate-bin,full,10.0,not_applicable,gate,,,,,,,,,,,0
Graph WaveNet,Graph WaveNet,201,artifacts\strictmask_baseline_rerun_wtb_full\wtb_graph_wavenet_seed201,graph_wavenet,strong_baselines,224.93014417203187,global,full,20.0,applicable,global,,,all=0.950,all=26062.9,556700508.538203,5635.533168713588,0.0296100583090379,26062.94847202301,429100383.64338684,6380006.24474082,98784
Graph WaveNet,Graph WaveNet,201,artifacts\strictmask_baseline_rerun_wtb_full\wtb_graph_wavenet_seed201,graph_wavenet,strong_baselines,224.93014417203187,physical-bin,full,20.0,applicable,physical,0.0,0.0,low=0.950;mid=0.950;high=0.950,low=21049.4;mid=26062.9;high=51553,532101775.45777273,5386.5178111614505,0.0418488824101069,23020.734083546737,379013365.9515134,7654420.475312961,98784
Graph WaveNet,Graph WaveNet,201,artifacts\strictmask_baseline_rerun_wtb_full\wtb_graph_wavenet_seed201,graph_wavenet,strong_baselines,224.93014417203187,gate-bin,full,20.0,not_applicable,gate,,,,,,,,,,,0
Graph WaveNet,Graph WaveNet,201,artifacts\strictmask_baseline_rerun_wtb_full\wtb_graph_wavenet_seed201,graph_wavenet,strong_baselines,224.93014417203187,global,full,50.0,applicable,global,,,all=0.975,all=39306.3,759271331.5635607,7686.177230761669,0.011246760609005507,39306.341243863106,647139602.2389622,2242634.5864919703,98784
Graph WaveNet,Graph WaveNet,201,artifacts\strictmask_baseline_rerun_wtb_full\wtb_graph_wavenet_seed201,graph_wavenet,strong_baselines,224.93014417203187,physical-bin,full,50.0,applicable,physical,0.0,0.0,low=0.975;mid=0.975;high=0.975,low=28151.7;mid=39306.3;high=68949.7,704581193.2523146,7132.543663470952,0.021541950113378686,30788.32771587112,506899027.5141021,3953643.3147642487,98784
Graph WaveNet,Graph WaveNet,201,artifacts\strictmask_baseline_rerun_wtb_full\wtb_graph_wavenet_seed201,graph_wavenet,strong_baselines,224.93014417203187,gate-bin,full,50.0,not_applicable,gate,,,,,,,,,,,0
Graph WaveNet,Graph WaveNet,201,artifacts\strictmask_baseline_rerun_wtb_full\wtb_graph_wavenet_seed201,graph_wavenet,strong_baselines,224.93014417203187,global,non_overlap,2.0,applicable,global,,,all=0.500,all=0,6772265.015866554,1640.9655962846025,0.6064938211776109,0.0,0.0,3386132.5079332776,4127
Graph WaveNet,Graph WaveNet,201,artifacts\strictmask_baseline_rerun_wtb_full\wtb_graph_wavenet_seed201,graph_wavenet,strong_baselines,224.93014417203187,physical-bin,non_overlap,2.0,applicable,physical,0.0,0.0,low=0.500;mid=0.500;high=0.500,low=360.357;mid=0;high=0,6720193.780450402,1628.348383923044,0.5580324691058881,335.2096194943649,230568.34994220734,3244812.715254098,4127
Graph WaveNet,Graph WaveNet,201,artifacts\strictmask_baseline_rerun_wtb_full\wtb_graph_wavenet_seed201,graph_wavenet,strong_baselines,224.93014417203187,gate-bin,non_overlap,2.0,not_applicable,gate,,,,,,,,,,,0
Graph WaveNet,Graph WaveNet,201,artifacts\strictmask_baseline_rerun_wtb_full\wtb_graph_wavenet_seed201,graph_wavenet,strong_baselines,224.93014417203187,global,non_overlap,5.0,applicable,global,,,all=0.800,all=7782.16,12382082.625510726,3000.262327480186,0.23237218318391084,7782.159510231024,5352828.716453906,1405850.781811364,4127
Graph WaveNet,Graph WaveNet,201,artifacts\strictmask_baseline_rerun_wtb_full\wtb_graph_wavenet_seed201,graph_wavenet,strong_baselines,224.93014417203187,physical-bin,non_overlap,5.0,applicable,physical,0.0,0.0,low=0.800;mid=0.800;high=0.800,low=8026.96;mid=7782.16;high=3674.25,12282295.930676583,2976.0833367280306,0.22825296825781438,7723.211901148358,5312282.586006545,1394002.6689340072,4127
Graph WaveNet,Graph WaveNet,201,artifacts\strictmask_baseline_rerun_wtb_full\wtb_graph_wavenet_seed201,graph_wavenet,strong_baselines,224.93014417203187,gate-bin,non_overlap,5.0,not_applicable,gate,,,,,,,,,,,0
Graph WaveNet,Graph WaveNet,201,artifacts\strictmask_baseline_rerun_wtb_full\wtb_graph_wavenet_seed201,graph_wavenet,strong_baselines,224.93014417203187,global,non_overlap,10.0,applicable,global,,,all=0.900,all=15838.2,16930697.349112928,4102.422425275728,0.08286891204264599,15838.190640258785,10894035.462058,603666.1887054928,4127
Graph WaveNet,Graph WaveNet,201,artifacts\strictmask_baseline_rerun_wtb_full\wtb_graph_wavenet_seed201,graph_wavenet,strong_baselines,224.93014417203187,physical-bin,non_overlap,10.0,applicable,physical,0.0,0.0,low=0.900;mid=0.900;high=0.900,low=15056.7;mid=15838.2;high=24498.9,17041207.77466422,4129.199848476913,0.0881996607705355,15715.61587921801,10809724.455588788,623148.3319075431,4127
Graph WaveNet,Graph WaveNet,201,artifacts\strictmask_baseline_rerun_wtb_full\wtb_graph_wavenet_seed201,graph_wavenet,strong_baselines,224.93014417203187,gate-bin,non_overlap,10.0,not_applicable,gate,,,,,,,,,,,0
Graph WaveNet,Graph WaveNet,201,artifacts\strictmask_baseline_rerun_wtb_full\wtb_graph_wavenet_seed201,graph_wavenet,strong_baselines,224.93014417203187,global,non_overlap,20.0,applicable,global,,,all=0.950,all=23236,22073433.814355392,5348.542237546739,0.040949842500605765,23236.007571887963,15982500.54153027,304546.6636412563,4127
Graph WaveNet,Graph WaveNet,201,artifacts\strictmask_baseline_rerun_wtb_full\wtb_graph_wavenet_seed201,graph_wavenet,strong_baselines,224.93014417203187,physical-bin,non_overlap,20.0,applicable,physical,0.0,0.0,low=0.950;mid=0.950;high=0.950,low=20555;mid=23236;high=52228.8,22701379.577581264,5500.697741114917,0.04967288587351587,22765.356031244723,15658770.723491162,352130.4427045051,4127
Graph WaveNet,Graph WaveNet,201,artifacts\strictmask_baseline_rerun_wtb_full\wtb_graph_wavenet_seed201,graph_wavenet,strong_baselines,224.93014417203187,gate-bin,non_overlap,20.0,not_applicable,gate,,,,,,,,,,,0
Graph WaveNet,Graph WaveNet,201,artifacts\strictmask_baseline_rerun_wtb_full\wtb_graph_wavenet_seed201,graph_wavenet,strong_baselines,224.93014417203187,global,non_overlap,50.0,applicable,global,,,all=0.975,all=35440,27896416.61505116,6759.49033560726,0.013569178580082384,35440.03295784001,24376836.00283429,70391.61224433748,4127
Graph WaveNet,Graph WaveNet,201,artifacts\strictmask_baseline_rerun_wtb_full\wtb_graph_wavenet_seed201,graph_wavenet,strong_baselines,224.93014417203187,physical-bin,non_overlap,50.0,applicable,physical,0.0,0.0,low=0.975;mid=0.975;high=0.975,low=27123.7;mid=35440;high=78782.1,30090852.836187296,7291.217067164355,0.031257572086261204,30728.652097095033,21136191.200785197,179093.23270804185,4127
Graph WaveNet,Graph WaveNet,201,artifacts\strictmask_baseline_rerun_wtb_full\wtb_graph_wavenet_seed201,graph_wavenet,strong_baselines,224.93014417203187,gate-bin,non_overlap,50.0,not_applicable,gate,,,,,,,,,,,0
Graph WaveNet,Graph WaveNet,201,artifacts\strictmask_baseline_rerun_wtb_full\wtb_graph_wavenet_seed201,graph_wavenet,strong_baselines,224.93014417203187,global,boundary,2.0,applicable,global,,,all=0.500,all=0,23402199.84177957,2188.1439777260002,0.3083683964469378,0.0,0.0,11701099.920889787,10695
Graph WaveNet,Graph WaveNet,201,artifacts\strictmask_baseline_rerun_wtb_full\wtb_graph_wavenet_seed201,graph_wavenet,strong_baselines,224.93014417203187,physical-bin,boundary,2.0,applicable,physical,0.016305305834655375,0.8461538461538461,low=0.500;mid=0.500;high=0.500,low=0;mid=0;high=0,23402199.84177957,2188.1439777260002,0.3083683964469378,0.0,0.0,11701099.920889787,10695
Graph WaveNet,Graph WaveNet,201,artifacts\strictmask_baseline_rerun_wtb_full\wtb_graph_wavenet_seed201,graph_wavenet,strong_baselines,224.93014417203187,gate-bin,boundary,2.0,not_applicable,gate,,,,,,,,,,,0
Graph WaveNet,Graph WaveNet,201,artifacts\strictmask_baseline_rerun_wtb_full\wtb_graph_wavenet_seed201,graph_wavenet,strong_baselines,224.93014417203187,global,boundary,5.0,applicable,global,,,all=0.800,all=8493.62,53886439.88987374,5038.470302933496,0.2152407667134175,8493.622203916311,15139881.578480825,7749311.662278585,10695
Graph WaveNet,Graph WaveNet,201,artifacts\strictmask_baseline_rerun_wtb_full\wtb_graph_wavenet_seed201,graph_wavenet,strong_baselines,224.93014417203187,physical-bin,boundary,5.0,applicable,physical,0.016305305834655375,0.8461538461538461,low=0.800;mid=0.800;high=0.800,low=12349;mid=4276.38;high=8008.37,53697185.13458115,5020.774673640126,0.20261804581580178,8974.188609114512,15996491.195746616,7540138.7877669055,10695
Graph WaveNet,Graph WaveNet,201,artifacts\strictmask_baseline_rerun_wtb_full\wtb_graph_wavenet_seed201,graph_wavenet,strong_baselines,224.93014417203187,gate-bin,boundary,5.0,not_applicable,gate,,,,,,,,,,,0
Graph WaveNet,Graph WaveNet,201,artifacts\strictmask_baseline_rerun_wtb_full\wtb_graph_wavenet_seed201,graph_wavenet,strong_baselines,224.93014417203187,global,boundary,10.0,applicable,global,,,all=0.900,all=25468.8,77773348.2682239,7271.935321947069,0.09481065918653576,25468.78670501709,45398112.30169296,3237523.5966530936,10695
Graph WaveNet,Graph WaveNet,201,artifacts\strictmask_baseline_rerun_wtb_full\wtb_graph_wavenet_seed201,graph_wavenet,strong_baselines,224.93014417203187,physical-bin,boundary,10.0,applicable,physical,0.016305305834655375,0.8461538461538461,low=0.900;mid=0.900;high=0.900,low=27749.3;mid=26998.5;high=19331.3,74636365.61121508,6978.6223105390445,0.0871435250116877,25385.20517481069,45249128.22410005,2938723.7387115047,10695
Graph WaveNet,Graph WaveNet,201,artifacts\strictmask_baseline_rerun_wtb_full\wtb_graph_wavenet_seed201,graph_wavenet,strong_baselines,224.93014417203187,gate-bin,boundary,10.0,not_applicable,gate,,,,,,,,,,,0
Graph WaveNet,Graph WaveNet,201,artifacts\strictmask_baseline_rerun_wtb_full\wtb_graph_wavenet_seed201,graph_wavenet,strong_baselines,224.93014417203187,global,boundary,20.0,applicable,global,,,all=0.950,all=42921.3,100719336.30054897,9417.422748999435,0.042730247779336136,42921.277938991785,76507177.92625286,1210607.9187148057,10695
Graph WaveNet,Graph WaveNet,201,artifacts\strictmask_baseline_rerun_wtb_full\wtb_graph_wavenet_seed201,graph_wavenet,strong_baselines,224.93014417203187,physical-bin,boundary,20.0,applicable,physical,0.016305305834655375,0.8461538461538461,low=0.950;mid=0.950;high=0.950,low=39908.7;mid=49602;high=40500.4,98524364.86574647,9212.18932826054,0.04039270687237027,42779.07638146821,76253703.64996707,1113533.06078897,10695
Graph WaveNet,Graph WaveNet,201,artifacts\strictmask_baseline_rerun_wtb_full\wtb_graph_wavenet_seed201,graph_wavenet,strong_baselines,224.93014417203187,gate-bin,boundary,20.0,not_applicable,gate,,,,,,,,,,,0
Graph WaveNet,Graph WaveNet,201,artifacts\strictmask_baseline_rerun_wtb_full\wtb_graph_wavenet_seed201,graph_wavenet,strong_baselines,224.93014417203187,global,boundary,50.0,applicable,global,,,all=0.975,all=58052,122853118.75439955,11486.967625469804,0.020944366526414213,58052.00662577525,103477701.81044437,387508.3388791034,10695
Graph WaveNet,Graph WaveNet,201,artifacts\strictmask_baseline_rerun_wtb_full\wtb_graph_wavenet_seed201,graph_wavenet,strong_baselines,224.93014417203187,physical-bin,boundary,50.0,applicable,physical,0.016305305834655375,0.8461538461538461,low=0.975;mid=0.975;high=0.975,low=53175.3;mid=63417.8;high=56062.1,121072985.30391125,11320.522235054816,0.021131369798971483,56786.86998325158,101222595.74514593,397007.7911753069,10695
Graph WaveNet,Graph WaveNet,201,artifacts\strictmask_baseline_rerun_wtb_full\wtb_graph_wavenet_seed201,graph_wavenet,strong_baselines,224.93014417203187,gate-bin,boundary,50.0,not_applicable,gate,,,,,,,,,,,0
Graph WaveNet,Graph WaveNet,201,artifacts\strictmask_baseline_rerun_wtb_full\wtb_graph_wavenet_seed201,graph_wavenet,strong_baselines,224.93014417203187,global,non_boundary,2.0,applicable,global,,,all=0.500,all=556.513,139767385.69799167,1586.6610552735492,0.5760197073414388,556.513207256794,8170448.652340621,65798468.52282554,88089
Graph WaveNet,Graph WaveNet,201,artifacts\strictmask_baseline_rerun_wtb_full\wtb_graph_wavenet_seed201,graph_wavenet,strong_baselines,224.93014417203187,physical-bin,non_boundary,2.0,applicable,physical,0.0,0.0,low=0.500;mid=0.500;high=0.500,low=534.155;mid=556.513;high=8104.59,139936737.71210352,1588.5835656223082,0.5777679392432653,542.4053729125307,7963324.4824153185,65986706.61484409,88089
Graph WaveNet,Graph WaveNet,201,artifacts\strictmask_baseline_rerun_wtb_full\wtb_graph_wavenet_seed201,graph_wavenet,strong_baselines,224.93014417203187,gate-bin,non_boundary,2.0,not_applicable,gate,,,,,,,,,,,0
Graph WaveNet,Graph WaveNet,201,artifacts\strictmask_baseline_rerun_wtb_full\wtb_graph_wavenet_seed201,graph_wavenet,strong_baselines,224.93014417203187,global,non_boundary,5.0,applicable,global,,,all=0.800,all=8041.41,245853056.91217634,2790.9620601003116,0.2249088989544665,8041.413214111332,118060008.10297552,25558609.76184017,88089
Graph WaveNet,Graph WaveNet,201,artifacts\strictmask_baseline_rerun_wtb_full\wtb_graph_wavenet_seed201,graph_wavenet,strong_baselines,224.93014417203187,physical-bin,non_boundary,5.0,applicable,physical,0.0,0.0,low=0.800;mid=0.800;high=0.800,low=7638.81;mid=8041.41;high=45430.3,247365754.7148039,2808.1344403365224,0.2366243231277458,7679.991680124685,112753797.85175057,26922391.372610666,88089
Graph WaveNet,Graph WaveNet,201,artifacts\strictmask_baseline_rerun_wtb_full\wtb_graph_wavenet_seed201,graph_wavenet,strong_baselines,224.93014417203187,gate-bin,non_boundary,5.0,not_applicable,gate,,,,,,,,,,,0
Graph WaveNet,Graph WaveNet,201,artifacts\strictmask_baseline_rerun_wtb_full\wtb_graph_wavenet_seed201,graph_wavenet,strong_baselines,224.93014417203187,global,non_boundary,10.0,applicable,global,,,all=0.900,all=14393.5,324910116.0962157,3688.4300661401053,0.094381818388221,14393.471574270721,211317752.9176556,11359236.317856016,88089
Graph WaveNet,Graph WaveNet,201,artifacts\strictmask_baseline_rerun_wtb_full\wtb_graph_wavenet_seed201,graph_wavenet,strong_baselines,224.93014417203187,physical-bin,non_boundary,10.0,applicable,physical,0.0,0.0,low=0.900;mid=0.900;high=0.900,low=13563.1;mid=14393.5;high=70354.5,325873494.20725536,3699.366483979332,0.10660808954580027,13625.020645670164,200035740.6094065,12583775.35978489,88089
Graph WaveNet,Graph WaveNet,201,artifacts\strictmask_baseline_rerun_wtb_full\wtb_graph_wavenet_seed201,graph_wavenet,strong_baselines,224.93014417203187,gate-bin,non_boundary,10.0,not_applicable,gate,,,,,,,,,,,0
Graph WaveNet,Graph WaveNet,201,artifacts\strictmask_baseline_rerun_wtb_full\wtb_graph_wavenet_seed201,graph_wavenet,strong_baselines,224.93014417203187,global,non_boundary,20.0,applicable,global,,,all=0.950,all=20860.7,414940471.09596837,4710.468629408534,0.03799566347671105,20860.65755081172,306265743.83224225,5433736.363186307,88089
Graph WaveNet,Graph WaveNet,201,artifacts\strictmask_baseline_rerun_wtb_full\wtb_graph_wavenet_seed201,graph_wavenet,strong_baselines,224.93014417203187,physical-bin,non_boundary,20.0,applicable,physical,0.0,0.0,low=0.950;mid=0.950;high=0.950,low=18979;mid=20860.7;high=91147.7,412640803.3248991,4684.362443947588,0.050040300150983666,19057.674796748946,279795252.5284697,6642277.539821472,88089
Graph WaveNet,Graph WaveNet,201,artifacts\strictmask_baseline_rerun_wtb_full\wtb_graph_wavenet_seed201,graph_wavenet,strong_baselines,224.93014417203187,gate-bin,non_boundary,20.0,not_applicable,gate,,,,,,,,,,,0
Graph WaveNet,Graph WaveNet,201,artifacts\strictmask_baseline_rerun_wtb_full\wtb_graph_wavenet_seed201,graph_wavenet,strong_baselines,224.93014417203187,global,non_boundary,50.0,applicable,global,,,all=0.975,all=28442.1,544836718.7552228,6185.070993599914,0.017993166002565588,28442.09349267482,417572595.61270535,2545282.4628503453,88089
Graph WaveNet,Graph WaveNet,201,artifacts\strictmask_baseline_rerun_wtb_full\wtb_graph_wavenet_seed201,graph_wavenet,strong_baselines,224.93014417203187,physical-bin,non_boundary,50.0,applicable,physical,0.0,0.0,low=0.975;mid=0.975;high=0.975,low=24664.7;mid=28442.1;high=100003,549480355.6263218,6237.786280084027,0.024929332833838504,24746.774281046335,363319766.6071818,3723211.780382802,88089
Graph WaveNet,Graph WaveNet,201,artifacts\strictmask_baseline_rerun_wtb_full\wtb_graph_wavenet_seed201,graph_wavenet,strong_baselines,224.93014417203187,gate-bin,non_boundary,50.0,not_applicable,gate,,,,,,,,,,,0
Graph WaveNet,Graph WaveNet,201,artifacts\strictmask_baseline_rerun_wtb_full\wtb_graph_wavenet_seed201,graph_wavenet,strong_baselines,224.93014417203187,global,late_period,2.0,applicable,global,,,all=0.500,all=0,83043368.12904215,1842.4602442545738,0.7147674831380901,0.0,0.0,41521684.064521074,45072
Graph WaveNet,Graph WaveNet,201,artifacts\strictmask_baseline_rerun_wtb_full\wtb_graph_wavenet_seed201,graph_wavenet,strong_baselines,224.93014417203187,physical-bin,late_period,2.0,applicable,physical,0.0,0.0,low=0.500;mid=0.500;high=0.500,low=0;mid=0;high=0,83043368.12904215,1842.4602442545738,0.7147674831380901,0.0,0.0,41521684.064521074,45072
Graph WaveNet,Graph WaveNet,201,artifacts\strictmask_baseline_rerun_wtb_full\wtb_graph_wavenet_seed201,graph_wavenet,strong_baselines,224.93014417203187,gate-bin,late_period,2.0,not_applicable,gate,,,,,,,,,,,0
Graph WaveNet,Graph WaveNet,201,artifacts\strictmask_baseline_rerun_wtb_full\wtb_graph_wavenet_seed201,graph_wavenet,strong_baselines,224.93014417203187,global,late_period,5.0,applicable,global,,,all=0.800,all=7124.35,146215419.91547278,3244.0410879364745,0.26883652822151227,7124.347663879395,53518099.65106202,18539464.052882154,45072
Graph WaveNet,Graph WaveNet,201,artifacts\strictmask_baseline_rerun_wtb_full\wtb_graph_wavenet_seed201,graph_wavenet,strong_baselines,224.93014417203187,physical-bin,late_period,5.0,applicable,physical,0.0,0.0,low=0.800;mid=0.800;high=0.800,low=7054.99;mid=7124.35;high=7446.54,146440714.3612405,3249.0396335028513,0.2707223997160099,7083.969944912283,53214782.22618107,18645186.42701189,45072
Graph WaveNet,Graph WaveNet,201,artifacts\strictmask_baseline_rerun_wtb_full\wtb_graph_wavenet_seed201,graph_wavenet,strong_baselines,224.93014417203187,gate-bin,late_period,5.0,not_applicable,gate,,,,,,,,,,,0
Graph WaveNet,Graph WaveNet,201,artifacts\strictmask_baseline_rerun_wtb_full\wtb_graph_wavenet_seed201,graph_wavenet,strong_baselines,224.93014417203187,global,late_period,10.0,applicable,global,,,all=0.900,all=16821.1,198043746.76559985,4393.941843397228,0.07749822506212282,16821.0933748752,126360053.4320625,7168369.33335373,45072
Graph WaveNet,Graph WaveNet,201,artifacts\strictmask_baseline_rerun_wtb_full\wtb_graph_wavenet_seed201,graph_wavenet,strong_baselines,224.93014417203187,physical-bin,late_period,10.0,applicable,physical,0.0,0.0,low=0.900;mid=0.900;high=0.900,low=14308.6;mid=16821.1;high=28988.6,196295253.85503244,4355.148514710518,0.10345669151579695,15395.100396819606,115647994.18090887,8064725.967412361,45072
Graph WaveNet,Graph WaveNet,201,artifacts\strictmask_baseline_rerun_wtb_full\wtb_graph_wavenet_seed201,graph_wavenet,strong_baselines,224.93014417203187,gate-bin,late_period,10.0,not_applicable,gate,,,,,,,,,,,0
Graph WaveNet,Graph WaveNet,201,artifacts\strictmask_baseline_rerun_wtb_full\wtb_graph_wavenet_seed201,graph_wavenet,strong_baselines,224.93014417203187,global,late_period,20.0,applicable,global,,,all=0.950,all=30185.1,284500141.7999313,6312.1259717769635,0.026269080582179624,30185.135574962933,226750738.43912154,2887470.1680404865,45072
Graph WaveNet,Graph WaveNet,201,artifacts\strictmask_baseline_rerun_wtb_full\wtb_graph_wavenet_seed201,graph_wavenet,strong_baselines,224.93014417203187,physical-bin,late_period,20.0,applicable,physical,0.0,0.0,low=0.950;mid=0.950;high=0.950,low=22136.4;mid=30185.1;high=48279.3,259096324.02566642,5748.4984918722585,0.03778399006034789,24071.384152219507,180824237.75147295,3913604.3137096735,45072
Graph WaveNet,Graph WaveNet,201,artifacts\strictmask_baseline_rerun_wtb_full\wtb_graph_wavenet_seed201,graph_wavenet,strong_baselines,224.93014417203187,gate-bin,late_period,20.0,not_applicable,gate,,,,,,,,,,,0
Graph WaveNet,Graph WaveNet,201,artifacts\strictmask_baseline_rerun_wtb_full\wtb_graph_wavenet_seed201,graph_wavenet,strong_baselines,224.93014417203187,global,late_period,50.0,applicable,global,,,all=0.975,all=43494.6,378400542.09844345,8395.46818642269,0.012224884629037983,43494.648222732496,326731797.4491665,1033374.8929855383,45072
Graph WaveNet,Graph WaveNet,201,artifacts\strictmask_baseline_rerun_wtb_full\wtb_graph_wavenet_seed201,graph_wavenet,strong_baselines,224.93014417203187,physical-bin,late_period,50.0,applicable,physical,0.0,0.0,low=0.975;mid=0.975;high=0.975,low=30701;mid=43494.6;high=68960.8,353862222.63754606,7851.043278255815,0.020145544905928292,33532.77139378284,251898178.71009666,2039280.8785489893,45072
Graph WaveNet,Graph WaveNet,201,artifacts\strictmask_baseline_rerun_wtb_full\wtb_graph_wavenet_seed201,graph_wavenet,strong_baselines,224.93014417203187,gate-bin,late_period,50.0,not_applicable,gate,,,,,,,,,,,0
Graph WaveNet,Graph WaveNet,202,artifacts\strictmask_baseline_rerun_wtb_full\wtb_graph_wavenet_seed202,graph_wavenet,strong_baselines,229.6574560259042,global,full,2.0,applicable,global,,,all=0.500,all=0,163879472.36372447,1658.9677717416228,0.5975056689342404,0.0,0.0,81939736.18186224,98784
Graph WaveNet,Graph WaveNet,202,artifacts\strictmask_baseline_rerun_wtb_full\wtb_graph_wavenet_seed202,graph_wavenet,strong_baselines,229.6574560259042,physical-bin,full,2.0,applicable,physical,0.0,0.0,low=0.500;mid=0.500;high=0.500,low=368.539;mid=0;high=0,162734490.1584354,1647.3770059770347,0.5494614512471655,344.72148134594875,5675494.4688797,78529497.84477785,98784
Graph WaveNet,Graph WaveNet,202,artifacts\strictmask_baseline_rerun_wtb_full\wtb_graph_wavenet_seed202,graph_wavenet,strong_baselines,229.6574560259042,gate-bin,full,2.0,not_applicable,gate,,,,,,,,,,,0
Graph WaveNet,Graph WaveNet,202,artifacts\strictmask_baseline_rerun_wtb_full\wtb_graph_wavenet_seed202,graph_wavenet,strong_baselines,229.6574560259042,global,full,5.0,applicable,global,,,all=0.800,all=8287.01,301788465.48031044,3055.0338666212183,0.21652291869128604,8287.012504577637,136437373.8753662,33070218.32098884,98784
Graph WaveNet,Graph WaveNet,202,artifacts\strictmask_baseline_rerun_wtb_full\wtb_graph_wavenet_seed202,graph_wavenet,strong_baselines,229.6574560259042,physical-bin,full,5.0,applicable,physical,0.0,0.0,low=0.800;mid=0.800;high=0.800,low=8200.76;mid=8287.01;high=9253.7,302246600.32466215,3059.67161002452,0.21817298347910594,8268.807386781735,136137644.81597447,33221791.101737536,98784
Graph WaveNet,Graph WaveNet,202,artifacts\strictmask_baseline_rerun_wtb_full\wtb_graph_wavenet_seed202,graph_wavenet,strong_baselines,229.6574560259042,gate-bin,full,5.0,not_applicable,gate,,,,,,,,,,,0
Graph WaveNet,Graph WaveNet,202,artifacts\strictmask_baseline_rerun_wtb_full\wtb_graph_wavenet_seed202,graph_wavenet,strong_baselines,229.6574560259042,global,full,10.0,applicable,global,,,all=0.900,all=16932.9,417041880.39857507,4221.755349029955,0.07492103984450924,16932.85094833374,278782458.0133667,13825942.23852084,98784
Graph WaveNet,Graph WaveNet,202,artifacts\strictmask_baseline_rerun_wtb_full\wtb_graph_wavenet_seed202,graph_wavenet,strong_baselines,229.6574560259042,physical-bin,full,10.0,applicable,physical,0.0,0.0,low=0.900;mid=0.900;high=0.900,low=15059.2;mid=16932.9;high=35272.5,415126235.7337681,4202.363092543004,0.09205944282474894,16365.504319244179,269441663.1120361,14568457.262173202,98784
Graph WaveNet,Graph WaveNet,202,artifacts\strictmask_baseline_rerun_wtb_full\wtb_graph_wavenet_seed202,graph_wavenet,strong_baselines,229.6574560259042,gate-bin,full,10.0,not_applicable,gate,,,,,,,,,,,0
Graph WaveNet,Graph WaveNet,202,artifacts\strictmask_baseline_rerun_wtb_full\wtb_graph_wavenet_seed202,graph_wavenet,strong_baselines,229.6574560259042,global,full,20.0,applicable,global,,,all=0.950,all=27309.3,577321541.7028668,5844.2818847471935,0.02656300615484289,27309.332308262587,449620847.1232352,6385034.7289815815,98784
Graph WaveNet,Graph WaveNet,202,artifacts\strictmask_baseline_rerun_wtb_full\wtb_graph_wavenet_seed202,graph_wavenet,strong_baselines,229.6574560259042,physical-bin,full,20.0,applicable,physical,0.0,0.0,low=0.950;mid=0.950;high=0.950,low=21848.4;mid=27309.3;high=57851.5,543980848.4353558,5506.770817494288,0.03635204081632653,24175.124491079976,398019249.6211407,7298079.940710761,98784
Graph WaveNet,Graph WaveNet,202,artifacts\strictmask_baseline_rerun_wtb_full\wtb_graph_wavenet_seed202,graph_wavenet,strong_baselines,229.6574560259042,gate-bin,full,20.0,not_applicable,gate,,,,,,,,,,,0
Graph WaveNet,Graph WaveNet,202,artifacts\strictmask_baseline_rerun_wtb_full\wtb_graph_wavenet_seed202,graph_wavenet,strong_baselines,229.6574560259042,global,full,50.0,applicable,global,,,all=0.975,all=43167,818029492.1295693,8280.991781356994,0.008847586653709104,43167.04285335541,710702193.5376434,2146545.9718385157,98784
Graph WaveNet,Graph WaveNet,202,artifacts\strictmask_baseline_rerun_wtb_full\wtb_graph_wavenet_seed202,graph_wavenet,strong_baselines,229.6574560259042,physical-bin,full,50.0,applicable,physical,0.0,0.0,low=0.975;mid=0.975;high=0.975,low=28804.4;mid=43167;high=75108.7,727192126.2145109,7361.436327892279,0.01914277615808228,31796.833112528693,523503060.3646724,4073781.3169967653,98784
Graph WaveNet,Graph WaveNet,202,artifacts\strictmask_baseline_rerun_wtb_full\wtb_graph_wavenet_seed202,graph_wavenet,strong_baselines,229.6574560259042,gate-bin,full,50.0,not_applicable,gate,,,,,,,,,,,0
Graph WaveNet,Graph WaveNet,202,artifacts\strictmask_baseline_rerun_wtb_full\wtb_graph_wavenet_seed202,graph_wavenet,strong_baselines,229.6574560259042,global,non_overlap,2.0,applicable,global,,,all=0.500,all=0,6798560.166815463,1647.3370891241734,0.5909861885146596,0.0,0.0,3399280.083407732,4127
Graph WaveNet,Graph WaveNet,202,artifacts\strictmask_baseline_rerun_wtb_full\wtb_graph_wavenet_seed202,graph_wavenet,strong_baselines,229.6574560259042,physical-bin,non_overlap,2.0,applicable,physical,0.0,0.0,low=0.500;mid=0.500;high=0.500,low=445.535;mid=0;high=0,6743877.633891298,1634.0871417231158,0.5374363944754058,414.4438508590356,285068.2954158733,3229404.669237713,4127
Graph WaveNet,Graph WaveNet,202,artifacts\strictmask_baseline_rerun_wtb_full\wtb_graph_wavenet_seed202,graph_wavenet,strong_baselines,229.6574560259042,gate-bin,non_overlap,2.0,not_applicable,gate,,,,,,,,,,,0
Graph WaveNet,Graph WaveNet,202,artifacts\strictmask_baseline_rerun_wtb_full\wtb_graph_wavenet_seed202,graph_wavenet,strong_baselines,229.6574560259042,global,non_overlap,5.0,applicable,global,,,all=0.800,all=7839.14,12584078.838689895,3049.207375500338,0.23091834262175914,7839.140603160862,5392022.211540813,1438411.3254298163,4127
Graph WaveNet,Graph WaveNet,202,artifacts\strictmask_baseline_rerun_wtb_full\wtb_graph_wavenet_seed202,graph_wavenet,strong_baselines,229.6574560259042,physical-bin,non_overlap,5.0,applicable,physical,0.0,0.0,low=0.800;mid=0.800;high=0.800,low=8451.06;mid=7839.14;high=1395.3,12383688.03989556,3000.651330238808,0.22098376544705597,7958.681926803182,5474246.718652789,1381888.2642485544,4127
Graph WaveNet,Graph WaveNet,202,artifacts\strictmask_baseline_rerun_wtb_full\wtb_graph_wavenet_seed202,graph_wavenet,strong_baselines,229.6574560259042,gate-bin,non_overlap,5.0,not_applicable,gate,,,,,,,,,,,0
Graph WaveNet,Graph WaveNet,202,artifacts\strictmask_baseline_rerun_wtb_full\wtb_graph_wavenet_seed202,graph_wavenet,strong_baselines,229.6574560259042,global,non_overlap,10.0,applicable,global,,,all=0.900,all=15841.2,17076023.37530658,4137.635903878502,0.08601889992730798,15841.209908795361,10896112.215599742,617991.1159706843,4127
Graph WaveNet,Graph WaveNet,202,artifacts\strictmask_baseline_rerun_wtb_full\wtb_graph_wavenet_seed202,graph_wavenet,strong_baselines,229.6574560259042,physical-bin,non_overlap,10.0,applicable,physical,0.0,0.0,low=0.900;mid=0.900;high=0.900,low=15083.9;mid=15841.2;high=28904.9,17276111.987292234,4186.118727233398,0.09377271625878363,16048.347289962552,11038588.210945908,623752.3776346326,4127
Graph WaveNet,Graph WaveNet,202,artifacts\strictmask_baseline_rerun_wtb_full\wtb_graph_wavenet_seed202,graph_wavenet,strong_baselines,229.6574560259042,gate-bin,non_overlap,10.0,not_applicable,gate,,,,,,,,,,,0
Graph WaveNet,Graph WaveNet,202,artifacts\strictmask_baseline_rerun_wtb_full\wtb_graph_wavenet_seed202,graph_wavenet,strong_baselines,229.6574560259042,global,non_overlap,20.0,applicable,global,,,all=0.950,all=25061.7,22695290.878601175,5499.222408190253,0.03707293433486794,25061.664570236164,17238248.28022744,272852.1299186866,4127
Graph WaveNet,Graph WaveNet,202,artifacts\strictmask_baseline_rerun_wtb_full\wtb_graph_wavenet_seed202,graph_wavenet,strong_baselines,229.6574560259042,physical-bin,non_overlap,20.0,applicable,physical,0.0,0.0,low=0.950;mid=0.950;high=0.950,low=22079.7;mid=25061.7;high=59415.1,23064084.958167452,5588.583706849395,0.04143445602132299,24685.091292074918,16979228.627065532,304242.81655509595,4127
Graph WaveNet,Graph WaveNet,202,artifacts\strictmask_baseline_rerun_wtb_full\wtb_graph_wavenet_seed202,graph_wavenet,strong_baselines,229.6574560259042,gate-bin,non_overlap,20.0,not_applicable,gate,,,,,,,,,,,0
Graph WaveNet,Graph WaveNet,202,artifacts\strictmask_baseline_rerun_wtb_full\wtb_graph_wavenet_seed202,graph_wavenet,strong_baselines,229.6574560259042,global,non_overlap,50.0,applicable,global,,,all=0.975,all=41759.5,30805789.017851405,7464.450937206543,0.007753816331475648,41759.4746425629,28723558.641642846,41644.60752417089,4127
Graph WaveNet,Graph WaveNet,202,artifacts\strictmask_baseline_rerun_wtb_full\wtb_graph_wavenet_seed202,graph_wavenet,strong_baselines,229.6574560259042,physical-bin,non_overlap,50.0,applicable,physical,0.0,0.0,low=0.975;mid=0.975;high=0.975,low=28688.8;mid=41759.5;high=80182.5,29740973.618150234,7206.43896732499,0.025199903077295856,32282.295683142773,22204839.047388367,150722.69141523726,4127
Graph WaveNet,Graph WaveNet,202,artifacts\strictmask_baseline_rerun_wtb_full\wtb_graph_wavenet_seed202,graph_wavenet,strong_baselines,229.6574560259042,gate-bin,non_overlap,50.0,not_applicable,gate,,,,,,,,,,,0
Graph WaveNet,Graph WaveNet,202,artifacts\strictmask_baseline_rerun_wtb_full\wtb_graph_wavenet_seed202,graph_wavenet,strong_baselines,229.6574560259042,global,boundary,2.0,applicable,global,,,all=0.500,all=0,24163992.597594738,2259.372846899929,0.2787283777466106,0.0,0.0,12081996.29879737,10695
Graph WaveNet,Graph WaveNet,202,artifacts\strictmask_baseline_rerun_wtb_full\wtb_graph_wavenet_seed202,graph_wavenet,strong_baselines,229.6574560259042,physical-bin,boundary,2.0,applicable,physical,0.016305305834655375,0.8461538461538461,low=0.500;mid=0.500;high=0.500,low=0;mid=0;high=0,24163992.597594738,2259.372846899929,0.2787283777466106,0.0,0.0,12081996.29879737,10695
Graph WaveNet,Graph WaveNet,202,artifacts\strictmask_baseline_rerun_wtb_full\wtb_graph_wavenet_seed202,graph_wavenet,strong_baselines,229.6574560259042,gate-bin,boundary,2.0,not_applicable,gate,,,,,,,,,,,0
Graph WaveNet,Graph WaveNet,202,artifacts\strictmask_baseline_rerun_wtb_full\wtb_graph_wavenet_seed202,graph_wavenet,strong_baselines,229.6574560259042,global,boundary,5.0,applicable,global,,,all=0.800,all=7775.39,57340784.347369894,5361.45716197942,0.2096306685366994,7775.3863525390625,13859626.173400879,8696231.634793803,10695
Graph WaveNet,Graph WaveNet,202,artifacts\strictmask_baseline_rerun_wtb_full\wtb_graph_wavenet_seed202,graph_wavenet,strong_baselines,229.6574560259042,physical-bin,boundary,5.0,applicable,physical,0.016305305834655375,0.8461538461538461,low=0.800;mid=0.800;high=0.800,low=13954.4;mid=5919.38;high=2341.91,54125109.82465455,5060.786332366017,0.18354371201496025,8729.844477650711,15560947.781412393,7712832.408648431,10695
Graph WaveNet,Graph WaveNet,202,artifacts\strictmask_baseline_rerun_wtb_full\wtb_graph_wavenet_seed202,graph_wavenet,strong_baselines,229.6574560259042,gate-bin,boundary,5.0,not_applicable,gate,,,,,,,,,,,0
Graph WaveNet,Graph WaveNet,202,artifacts\strictmask_baseline_rerun_wtb_full\wtb_graph_wavenet_seed202,graph_wavenet,strong_baselines,229.6574560259042,global,boundary,10.0,applicable,global,,,all=0.900,all=27657.3,84613144.28767373,7911.467441577721,0.09686769518466573,27657.2879486084,49299115.76839447,3531402.8519279268,10695
Graph WaveNet,Graph WaveNet,202,artifacts\strictmask_baseline_rerun_wtb_full\wtb_graph_wavenet_seed202,graph_wavenet,strong_baselines,229.6574560259042,physical-bin,boundary,10.0,applicable,physical,0.016305305834655375,0.8461538461538461,low=0.900;mid=0.900;high=0.900,low=31689.9;mid=29515.6;high=18339.1,79670721.39257407,7449.342813704916,0.08574100046750818,27664.57313569291,49312101.61437261,3035861.9778201454,10695
Graph WaveNet,Graph WaveNet,202,artifacts\strictmask_baseline_rerun_wtb_full\wtb_graph_wavenet_seed202,graph_wavenet,strong_baselines,229.6574560259042,gate-bin,boundary,10.0,not_applicable,gate,,,,,,,,,,,0
Graph WaveNet,Graph WaveNet,202,artifacts\strictmask_baseline_rerun_wtb_full\wtb_graph_wavenet_seed202,graph_wavenet,strong_baselines,229.6574560259042,global,boundary,20.0,applicable,global,,,all=0.950,all=48520.4,109415421.71239725,10230.520964226016,0.037868162692847124,48520.36169433594,86487544.72015381,1146393.849612172,10695
Graph WaveNet,Graph WaveNet,202,artifacts\strictmask_baseline_rerun_wtb_full\wtb_graph_wavenet_seed202,graph_wavenet,strong_baselines,229.6574560259042,physical-bin,boundary,20.0,applicable,physical,0.016305305834655375,0.8461538461538461,low=0.950;mid=0.950;high=0.950,low=48210.9;mid=55613.2;high=41258,105782272.10914265,9890.815531476639,0.03375409069658719,48508.59053366572,86466562.62625915,965785.4741441753,10695
Graph WaveNet,Graph WaveNet,202,artifacts\strictmask_baseline_rerun_wtb_full\wtb_graph_wavenet_seed202,graph_wavenet,strong_baselines,229.6574560259042,gate-bin,boundary,20.0,not_applicable,gate,,,,,,,,,,,0
Graph WaveNet,Graph WaveNet,202,artifacts\strictmask_baseline_rerun_wtb_full\wtb_graph_wavenet_seed202,graph_wavenet,strong_baselines,229.6574560259042,global,boundary,50.0,applicable,global,,,all=0.975,all=63910.1,132131215.00656873,12354.484806598291,0.020944366526414213,63910.10613545403,113919764.1864468,364229.0164024383,10695
Graph WaveNet,Graph WaveNet,202,artifacts\strictmask_baseline_rerun_wtb_full\wtb_graph_wavenet_seed202,graph_wavenet,strong_baselines,229.6574560259042,physical-bin,boundary,50.0,applicable,physical,0.016305305834655375,0.8461538461538461,low=0.975;mid=0.975;high=0.975,low=59839.1;mid=70522.2;high=60031.9,129605458.70051093,12118.322459140807,0.01991584852734923,62885.069148652095,112092635.75747235,350256.45886077156,10695
Graph WaveNet,Graph WaveNet,202,artifacts\strictmask_baseline_rerun_wtb_full\wtb_graph_wavenet_seed202,graph_wavenet,strong_baselines,229.6574560259042,gate-bin,boundary,50.0,not_applicable,gate,,,,,,,,,,,0
Graph WaveNet,Graph WaveNet,202,artifacts\strictmask_baseline_rerun_wtb_full\wtb_graph_wavenet_seed202,graph_wavenet,strong_baselines,229.6574560259042,global,non_boundary,2.0,applicable,global,,,all=0.500,all=623.765,138005175.30915046,1566.6561694326244,0.5580833021149065,623.7647955417633,9157802.845746398,64423686.23170204,88089
Graph WaveNet,Graph WaveNet,202,artifacts\strictmask_baseline_rerun_wtb_full\wtb_graph_wavenet_seed202,graph_wavenet,strong_baselines,229.6574560259042,physical-bin,non_boundary,2.0,applicable,physical,0.0,0.0,low=0.500;mid=0.500;high=0.500,low=609.081;mid=623.765;high=12657.4,138223284.7286751,1569.132181415104,0.5594342085844998,622.2117540020579,9135001.866381213,64544141.43114695,88089
Graph WaveNet,Graph WaveNet,202,artifacts\strictmask_baseline_rerun_wtb_full\wtb_graph_wavenet_seed202,graph_wavenet,strong_baselines,229.6574560259042,gate-bin,non_boundary,2.0,not_applicable,gate,,,,,,,,,,,0
Graph WaveNet,Graph WaveNet,202,artifacts\strictmask_baseline_rerun_wtb_full\wtb_graph_wavenet_seed202,graph_wavenet,strong_baselines,229.6574560259042,global,non_boundary,5.0,applicable,global,,,all=0.800,all=8367.13,244380058.3807657,2774.240352152547,0.21592934418599372,8367.134819269193,122842089.84910066,24307593.70633302,88089
Graph WaveNet,Graph WaveNet,202,artifacts\strictmask_baseline_rerun_wtb_full\wtb_graph_wavenet_seed202,graph_wavenet,strong_baselines,229.6574560259042,physical-bin,non_boundary,5.0,applicable,physical,0.0,0.0,low=0.800;mid=0.800;high=0.800,low=7970.22;mid=8367.13;high=54241.5,245732032.1171856,2789.5881678437217,0.2265095528386064,8020.648736643674,117755154.4270341,25595375.53803029,88089
Graph WaveNet,Graph WaveNet,202,artifacts\strictmask_baseline_rerun_wtb_full\wtb_graph_wavenet_seed202,graph_wavenet,strong_baselines,229.6574560259042,gate-bin,non_boundary,5.0,not_applicable,gate,,,,,,,,,,,0
Graph WaveNet,Graph WaveNet,202,artifacts\strictmask_baseline_rerun_wtb_full\wtb_graph_wavenet_seed202,graph_wavenet,strong_baselines,229.6574560259042,global,non_boundary,10.0,applicable,global,,,all=0.900,all=15111.1,322308139.0437088,3658.8920187958634,0.08715049552157478,15111.107594156261,221853726.14360514,10045441.290010365,88089
Graph WaveNet,Graph WaveNet,202,artifacts\strictmask_baseline_rerun_wtb_full\wtb_graph_wavenet_seed202,graph_wavenet,strong_baselines,229.6574560259042,physical-bin,non_boundary,10.0,applicable,physical,0.0,0.0,low=0.900;mid=0.900;high=0.900,low=14184.4;mid=15111.1;high=80272.4,322472003.17277586,3660.752229821838,0.09979679642180068,14256.387644866876,209305155.208113,11316684.79646628,88089
Graph WaveNet,Graph WaveNet,202,artifacts\strictmask_baseline_rerun_wtb_full\wtb_graph_wavenet_seed202,graph_wavenet,strong_baselines,229.6574560259042,gate-bin,non_boundary,10.0,not_applicable,gate,,,,,,,,,,,0
Graph WaveNet,Graph WaveNet,202,artifacts\strictmask_baseline_rerun_wtb_full\wtb_graph_wavenet_seed202,graph_wavenet,strong_baselines,229.6574560259042,global,non_boundary,20.0,applicable,global,,,all=0.950,all=21847.6,414574030.32264614,4706.30873687573,0.031434117767258116,21847.63831477164,320756101.9183198,4690896.420216311,88089
Graph WaveNet,Graph WaveNet,202,artifacts\strictmask_baseline_rerun_wtb_full\wtb_graph_wavenet_seed202,graph_wavenet,strong_baselines,229.6574560259042,physical-bin,non_boundary,20.0,applicable,physical,0.0,0.0,low=0.950;mid=0.950;high=0.950,low=19572.3;mid=21847.6;high=100542,407068274.9139962,4621.102236533463,0.04320630271657074,19660.499823333037,288645628.15626395,5921132.337886613,88089
Graph WaveNet,Graph WaveNet,202,artifacts\strictmask_baseline_rerun_wtb_full\wtb_graph_wavenet_seed202,graph_wavenet,strong_baselines,229.6574560259042,gate-bin,non_boundary,20.0,not_applicable,gate,,,,,,,,,,,0
Graph WaveNet,Graph WaveNet,202,artifacts\strictmask_baseline_rerun_wtb_full\wtb_graph_wavenet_seed202,graph_wavenet,strong_baselines,229.6574560259042,global,non_boundary,50.0,applicable,global,,,all=0.975,all=28936.1,544799977.1296678,6184.653896964068,0.015030253493625766,28936.10652809145,424825447.9921746,2399490.582749862,88089
Graph WaveNet,Graph WaveNet,202,artifacts\strictmask_baseline_rerun_wtb_full\wtb_graph_wavenet_seed202,graph_wavenet,strong_baselines,229.6574560259042,physical-bin,non_boundary,50.0,applicable,physical,0.0,0.0,low=0.975;mid=0.975;high=0.975,low=25021.5;mid=28936.1;high=112498,542142948.4484153,6154.490894985926,0.022306984981098663,25116.861789372368,368753206.3606704,3467794.8417548994,88089
Graph WaveNet,Graph WaveNet,202,artifacts\strictmask_baseline_rerun_wtb_full\wtb_graph_wavenet_seed202,graph_wavenet,strong_baselines,229.6574560259042,gate-bin,non_boundary,50.0,not_applicable,gate,,,,,,,,,,,0
Graph WaveNet,Graph WaveNet,202,artifacts\strictmask_baseline_rerun_wtb_full\wtb_graph_wavenet_seed202,graph_wavenet,strong_baselines,229.6574560259042,global,late_period,2.0,applicable,global,,,all=0.500,all=0,82285426.91925797,1825.644012230608,0.6873890663826766,0.0,0.0,41142713.459628984,45072
Graph WaveNet,Graph WaveNet,202,artifacts\strictmask_baseline_rerun_wtb_full\wtb_graph_wavenet_seed202,graph_wavenet,strong_baselines,229.6574560259042,physical-bin,late_period,2.0,applicable,physical,0.0,0.0,low=0.500;mid=0.500;high=0.500,low=0;mid=0;high=0,82285426.91925797,1825.644012230608,0.6873890663826766,0.0,0.0,41142713.459628984,45072
Graph WaveNet,Graph WaveNet,202,artifacts\strictmask_baseline_rerun_wtb_full\wtb_graph_wavenet_seed202,graph_wavenet,strong_baselines,229.6574560259042,gate-bin,late_period,2.0,not_applicable,gate,,,,,,,,,,,0
Graph WaveNet,Graph WaveNet,202,artifacts\strictmask_baseline_rerun_wtb_full\wtb_graph_wavenet_seed202,graph_wavenet,strong_baselines,229.6574560259042,global,late_period,5.0,applicable,global,,,all=0.800,all=7021.39,150195310.38976893,3332.3418173093924,0.26124866879659214,7021.388530731202,52744670.64285279,19490127.94938323,45072
Graph WaveNet,Graph WaveNet,202,artifacts\strictmask_baseline_rerun_wtb_full\wtb_graph_wavenet_seed202,graph_wavenet,strong_baselines,229.6574560259042,physical-bin,late_period,5.0,applicable,physical,0.0,0.0,low=0.800;mid=0.800;high=0.800,low=7595.17;mid=7021.39;high=3629.33,148383824.09714296,3292.1508718748437,0.24691604543840964,7301.634543846226,54849878.693372846,18706789.080754027,45072
Graph WaveNet,Graph WaveNet,202,artifacts\strictmask_baseline_rerun_wtb_full\wtb_graph_wavenet_seed202,graph_wavenet,strong_baselines,229.6574560259042,gate-bin,late_period,5.0,not_applicable,gate,,,,,,,,,,,0
Graph WaveNet,Graph WaveNet,202,artifacts\strictmask_baseline_rerun_wtb_full\wtb_graph_wavenet_seed202,graph_wavenet,strong_baselines,229.6574560259042,global,late_period,10.0,applicable,global,,,all=0.900,all=17463.5,207654668.24124753,4607.176700418165,0.07212903798367057,17463.487481689455,131185717.96245119,7646895.027879635,45072
Graph WaveNet,Graph WaveNet,202,artifacts\strictmask_baseline_rerun_wtb_full\wtb_graph_wavenet_seed202,graph_wavenet,strong_baselines,229.6574560259042,physical-bin,late_period,10.0,applicable,physical,0.0,0.0,low=0.900;mid=0.900;high=0.900,low=14928.8;mid=17463.5;high=31370,204483098.83721614,4536.8099671018845,0.09939652112176074,16145.658439602972,121286186.19829752,8319691.263891863,45072
Graph WaveNet,Graph WaveNet,202,artifacts\strictmask_baseline_rerun_wtb_full\wtb_graph_wavenet_seed202,graph_wavenet,strong_baselines,229.6574560259042,gate-bin,late_period,10.0,not_applicable,gate,,,,,,,,,,,0
Graph WaveNet,Graph WaveNet,202,artifacts\strictmask_baseline_rerun_wtb_full\wtb_graph_wavenet_seed202,graph_wavenet,strong_baselines,229.6574560259042,global,late_period,20.0,applicable,global,,,all=0.950,all=30849.6,300338928.774406,6663.5367583955895,0.027822151224707135,30849.567961358953,231741954.52572846,3429848.7124338807,45072
Graph WaveNet,Graph WaveNet,202,artifacts\strictmask_baseline_rerun_wtb_full\wtb_graph_wavenet_seed202,graph_wavenet,strong_baselines,229.6574560259042,physical-bin,late_period,20.0,applicable,physical,0.0,0.0,low=0.950;mid=0.950;high=0.950,low=22318.5;mid=30849.6;high=53470.3,274162289.1168927,6082.762893079799,0.037628682996095134,24624.225032773506,184977178.44619456,4459255.533534905,45072
Graph WaveNet,Graph WaveNet,202,artifacts\strictmask_baseline_rerun_wtb_full\wtb_graph_wavenet_seed202,graph_wavenet,strong_baselines,229.6574560259042,gate-bin,late_period,20.0,not_applicable,gate,,,,,,,,,,,0
Graph WaveNet,Graph WaveNet,202,artifacts\strictmask_baseline_rerun_wtb_full\wtb_graph_wavenet_seed202,graph_wavenet,strong_baselines,229.6574560259042,global,late_period,50.0,applicable,global,,,all=0.975,all=46038.5,408225426.9961457,9057.184660013883,0.0115814696485623,46038.51398200985,345841317.03285795,1247682.1992657552,45072
Graph WaveNet,Graph WaveNet,202,artifacts\strictmask_baseline_rerun_wtb_full\wtb_graph_wavenet_seed202,graph_wavenet,strong_baselines,229.6574560259042,physical-bin,late_period,50.0,applicable,physical,0.0,0.0,low=0.975;mid=0.975;high=0.975,low=29961.3;mid=46038.5;high=73365.5,383910170.1866604,8517.708781209185,0.022497337593184237,33173.88519196866,249202225.56206852,2694158.892491839,45072
Graph WaveNet,Graph WaveNet,202,artifacts\strictmask_baseline_rerun_wtb_full\wtb_graph_wavenet_seed202,graph_wavenet,strong_baselines,229.6574560259042,gate-bin,late_period,50.0,not_applicable,gate,,,,,,,,,,,0
Graph WaveNet,Graph WaveNet,203,artifacts\strictmask_baseline_rerun_wtb_full\wtb_graph_wavenet_seed203,graph_wavenet,strong_baselines,223.67755946218065,global,full,2.0,applicable,global,,,all=0.500,all=0,199048420.0640975,2014.9864356990756,0.621568270165209,0.0,0.0,99524210.03204873,98784
Graph WaveNet,Graph WaveNet,203,artifacts\strictmask_baseline_rerun_wtb_full\wtb_graph_wavenet_seed203,graph_wavenet,strong_baselines,223.67755946218065,physical-bin,full,2.0,applicable,physical,0.0,0.0,low=0.500;mid=0.500;high=0.500,low=385.639;mid=0;high=0,197596152.73451775,2000.2849928583348,0.5749007936507936,360.7168879030513,5938842.842435837,95828654.94604094,98784
Graph WaveNet,Graph WaveNet,203,artifacts\strictmask_baseline_rerun_wtb_full\wtb_graph_wavenet_seed203,graph_wavenet,strong_baselines,223.67755946218065,gate-bin,full,2.0,not_applicable,gate,,,,,,,,,,,0
Graph WaveNet,Graph WaveNet,203,artifacts\strictmask_baseline_rerun_wtb_full\wtb_graph_wavenet_seed203,graph_wavenet,strong_baselines,223.67755946218065,global,full,5.0,applicable,global,,,all=0.800,all=9557.54,360199310.8395841,3646.332511738582,0.2314342403628118,9557.541496798396,157355363.2032888,40568789.52725906,98784
Graph WaveNet,Graph WaveNet,203,artifacts\strictmask_baseline_rerun_wtb_full\wtb_graph_wavenet_seed203,graph_wavenet,strong_baselines,223.67755946218065,physical-bin,full,5.0,applicable,physical,0.0,0.0,low=0.800;mid=0.800;high=0.800,low=8915.16;mid=9557.54;high=13441,362773088.5349004,3672.3871126386907,0.2431264172335601,9207.64544773041,151594674.65143347,42235682.7766934,98784
Graph WaveNet,Graph WaveNet,203,artifacts\strictmask_baseline_rerun_wtb_full\wtb_graph_wavenet_seed203,graph_wavenet,strong_baselines,223.67755946218065,gate-bin,full,5.0,not_applicable,gate,,,,,,,,,,,0
Graph WaveNet,Graph WaveNet,203,artifacts\strictmask_baseline_rerun_wtb_full\wtb_graph_wavenet_seed203,graph_wavenet,strong_baselines,223.67755946218065,global,full,10.0,applicable,global,,,all=0.900,all=18318.2,484593479.0591712,4905.586725169776,0.09425615484288953,18318.17303097248,301590400.7819309,18300307.827724025,98784
Graph WaveNet,Graph WaveNet,203,artifacts\strictmask_baseline_rerun_wtb_full\wtb_graph_wavenet_seed203,graph_wavenet,strong_baselines,223.67755946218065,physical-bin,full,10.0,applicable,physical,0.0,0.0,low=0.900;mid=0.900;high=0.900,low=16342.9;mid=18318.2;high=37413.6,485015361.49984705,4909.857481979339,0.11161726595400065,17704.639261366396,291489180.7991363,19352618.07007107,98784
Graph WaveNet,Graph WaveNet,203,artifacts\strictmask_baseline_rerun_wtb_full\wtb_graph_wavenet_seed203,graph_wavenet,strong_baselines,223.67755946218065,gate-bin,full,10.0,not_applicable,gate,,,,,,,,,,,0
Graph WaveNet,Graph WaveNet,203,artifacts\strictmask_baseline_rerun_wtb_full\wtb_graph_wavenet_seed203,graph_wavenet,strong_baselines,223.67755946218065,global,full,20.0,applicable,global,,,all=0.950,all=28572.6,642311945.3672005,6502.1860358681615,0.03384151279559443,28572.636707544327,470419890.7530098,8594602.730709534,98784
Graph WaveNet,Graph WaveNet,203,artifacts\strictmask_baseline_rerun_wtb_full\wtb_graph_wavenet_seed203,graph_wavenet,strong_baselines,223.67755946218065,physical-bin,full,20.0,applicable,physical,0.0,0.0,low=0.950;mid=0.950;high=0.950,low=22815.3;mid=28572.6;high=57703.9,616884460.3262556,6244.781141948652,0.05253887269193391,25069.97155082015,412752011.61270297,10206622.435677633,98784
Graph WaveNet,Graph WaveNet,203,artifacts\strictmask_baseline_rerun_wtb_full\wtb_graph_wavenet_seed203,graph_wavenet,strong_baselines,223.67755946218065,gate-bin,full,20.0,not_applicable,gate,,,,,,,,,,,0
Graph WaveNet,Graph WaveNet,203,artifacts\strictmask_baseline_rerun_wtb_full\wtb_graph_wavenet_seed203,graph_wavenet,strong_baselines,223.67755946218065,global,full,50.0,applicable,global,,,all=0.975,all=43953.1,885331659.2709757,8962.298138068672,0.012775348234531908,43953.11759567261,723644128.0951538,3233750.6235164376,98784
Graph WaveNet,Graph WaveNet,203,artifacts\strictmask_baseline_rerun_wtb_full\wtb_graph_wavenet_seed203,graph_wavenet,strong_baselines,223.67755946218065,physical-bin,full,50.0,applicable,physical,0.0,0.0,low=0.975;mid=0.975;high=0.975,low=29773.8;mid=43953.1;high=77754.6,825531381.6102763,8356.934135186633,0.025682296728215096,32874.56477414152,541246834.441466,5685690.943376206,98784
Graph WaveNet,Graph WaveNet,203,artifacts\strictmask_baseline_rerun_wtb_full\wtb_graph_wavenet_seed203,graph_wavenet,strong_baselines,223.67755946218065,gate-bin,full,50.0,not_applicable,gate,,,,,,,,,,,0
Graph WaveNet,Graph WaveNet,203,artifacts\strictmask_baseline_rerun_wtb_full\wtb_graph_wavenet_seed203,graph_wavenet,strong_baselines,223.67755946218065,global,non_overlap,2.0,applicable,global,,,all=0.500,all=0,7830915.974679975,1897.483880465223,0.6166707051126726,0.0,0.0,3915457.987339987,4127
Graph WaveNet,Graph WaveNet,203,artifacts\strictmask_baseline_rerun_wtb_full\wtb_graph_wavenet_seed203,graph_wavenet,strong_baselines,223.67755946218065,physical-bin,non_overlap,2.0,applicable,physical,0.0,0.0,low=0.500;mid=0.500;high=0.500,low=398.469;mid=0;high=0,7769234.684561901,1882.5380868819725,0.568693966561667,370.66183677336653,254953.56672728062,3757140.55891731,4127
Graph WaveNet,Graph WaveNet,203,artifacts\strictmask_baseline_rerun_wtb_full\wtb_graph_wavenet_seed203,graph_wavenet,strong_baselines,223.67755946218065,gate-bin,non_overlap,2.0,not_applicable,gate,,,,,,,,,,,0
Graph WaveNet,Graph WaveNet,203,artifacts\strictmask_baseline_rerun_wtb_full\wtb_graph_wavenet_seed203,graph_wavenet,strong_baselines,223.67755946218065,global,non_overlap,5.0,applicable,global,,,all=0.800,all=8894.37,14080462.875508321,3411.791343714156,0.2403683062757451,8894.36885693074,6117843.37875886,1592523.899349893,4127
Graph WaveNet,Graph WaveNet,203,artifacts\strictmask_baseline_rerun_wtb_full\wtb_graph_wavenet_seed203,graph_wavenet,strong_baselines,223.67755946218065,physical-bin,non_overlap,5.0,applicable,physical,0.0,0.0,low=0.800;mid=0.800;high=0.800,low=9132.31;mid=8894.37;high=7405.84,14023374.636438884,3397.9584774506625,0.23455294402713836,9011.831956871169,6198638.414334551,1564947.2444208667,4127
Graph WaveNet,Graph WaveNet,203,artifacts\strictmask_baseline_rerun_wtb_full\wtb_graph_wavenet_seed203,graph_wavenet,strong_baselines,223.67755946218065,gate-bin,non_overlap,5.0,not_applicable,gate,,,,,,,,,,,0
Graph WaveNet,Graph WaveNet,203,artifacts\strictmask_baseline_rerun_wtb_full\wtb_graph_wavenet_seed203,graph_wavenet,strong_baselines,223.67755946218065,global,non_overlap,10.0,applicable,global,,,all=0.900,all=16611.4,18617257.121893864,4511.087259969437,0.10661497455779016,16611.437345123275,11425900.320553958,719135.6801339897,4127
Graph WaveNet,Graph WaveNet,203,artifacts\strictmask_baseline_rerun_wtb_full\wtb_graph_wavenet_seed203,graph_wavenet,strong_baselines,223.67755946218065,physical-bin,non_overlap,10.0,applicable,physical,0.0,0.0,low=0.900;mid=0.900;high=0.900,low=15950;mid=16611.4;high=26095.7,18751159.12204391,4543.532619831333,0.11194572328567967,16658.038731812056,11457954.307698058,729320.4814345852,4127
Graph WaveNet,Graph WaveNet,203,artifacts\strictmask_baseline_rerun_wtb_full\wtb_graph_wavenet_seed203,graph_wavenet,strong_baselines,223.67755946218065,gate-bin,non_overlap,10.0,not_applicable,gate,,,,,,,,,,,0
Graph WaveNet,Graph WaveNet,203,artifacts\strictmask_baseline_rerun_wtb_full\wtb_graph_wavenet_seed203,graph_wavenet,strong_baselines,223.67755946218065,global,non_overlap,20.0,applicable,global,,,all=0.950,all=25622.4,23684929.69382444,5739.01858343214,0.04046522897988854,25622.35728926658,17623911.422133863,303050.91358452913,4127
Graph WaveNet,Graph WaveNet,203,artifacts\strictmask_baseline_rerun_wtb_full\wtb_graph_wavenet_seed203,graph_wavenet,strong_baselines,223.67755946218065,physical-bin,non_overlap,20.0,applicable,physical,0.0,0.0,low=0.950;mid=0.950;high=0.950,low=22615.3;mid=25622.4;high=58216.6,23855290.329738077,5780.298117213007,0.04918827235279864,25099.74400243443,17264440.583007812,329542.4873365131,4127
Graph WaveNet,Graph WaveNet,203,artifacts\strictmask_baseline_rerun_wtb_full\wtb_graph_wavenet_seed203,graph_wavenet,strong_baselines,223.67755946218065,gate-bin,non_overlap,20.0,not_applicable,gate,,,,,,,,,,,0
Graph WaveNet,Graph WaveNet,203,artifacts\strictmask_baseline_rerun_wtb_full\wtb_graph_wavenet_seed203,graph_wavenet,strong_baselines,223.67755946218065,global,non_overlap,50.0,applicable,global,,,all=0.975,all=39151.4,30975839.313309018,7505.655273396903,0.0121153380179307,39151.35401878365,26929606.33925335,80924.65948111318,4127
Graph WaveNet,Graph WaveNet,203,artifacts\strictmask_baseline_rerun_wtb_full\wtb_graph_wavenet_seed203,graph_wavenet,strong_baselines,223.67755946218065,physical-bin,non_overlap,50.0,applicable,physical,0.0,0.0,low=0.975;mid=0.975;high=0.975,low=28333.1;mid=39151.4;high=84879.1,31045839.349159732,7522.616755308876,0.028834504482675067,32279.10822940482,22202646.610458948,176863.85477401564,4127
Graph WaveNet,Graph WaveNet,203,artifacts\strictmask_baseline_rerun_wtb_full\wtb_graph_wavenet_seed203,graph_wavenet,strong_baselines,223.67755946218065,gate-bin,non_overlap,50.0,not_applicable,gate,,,,,,,,,,,0
Graph WaveNet,Graph WaveNet,203,artifacts\strictmask_baseline_rerun_wtb_full\wtb_graph_wavenet_seed203,graph_wavenet,strong_baselines,223.67755946218065,global,boundary,2.0,applicable,global,,,all=0.500,all=0,31164357.248549588,2913.918396311322,0.34567554932211314,0.0,0.0,15582178.624274792,10695
Graph WaveNet,Graph WaveNet,203,artifacts\strictmask_baseline_rerun_wtb_full\wtb_graph_wavenet_seed203,graph_wavenet,strong_baselines,223.67755946218065,physical-bin,boundary,2.0,applicable,physical,0.016305305834655375,0.8461538461538461,low=0.500;mid=0.500;high=0.500,low=0;mid=0;high=0,31164357.248549588,2913.918396311322,0.34567554932211314,0.0,0.0,15582178.624274792,10695
Graph WaveNet,Graph WaveNet,203,artifacts\strictmask_baseline_rerun_wtb_full\wtb_graph_wavenet_seed203,graph_wavenet,strong_baselines,223.67755946218065,gate-bin,boundary,2.0,not_applicable,gate,,,,,,,,,,,0
Graph WaveNet,Graph WaveNet,203,artifacts\strictmask_baseline_rerun_wtb_full\wtb_graph_wavenet_seed203,graph_wavenet,strong_baselines,223.67755946218065,global,boundary,5.0,applicable,global,,,all=0.800,all=11491.6,69118011.36999473,6462.647159419797,0.2327255726975222,11491.582412719727,20483745.650672913,9726853.143864362,10695
Graph WaveNet,Graph WaveNet,203,artifacts\strictmask_baseline_rerun_wtb_full\wtb_graph_wavenet_seed203,graph_wavenet,strong_baselines,223.67755946218065,physical-bin,boundary,5.0,applicable,physical,0.016305305834655375,0.8461538461538461,low=0.800;mid=0.800;high=0.800,low=14715.2;mid=11390;high=9438.46,67360042.4791227,6298.274191596325,0.21580177653108928,12432.551622727064,22161023.267510988,9039803.842322342,10695
Graph WaveNet,Graph WaveNet,203,artifacts\strictmask_baseline_rerun_wtb_full\wtb_graph_wavenet_seed203,graph_wavenet,strong_baselines,223.67755946218065,gate-bin,boundary,5.0,not_applicable,gate,,,,,,,,,,,0
Graph WaveNet,Graph WaveNet,203,artifacts\strictmask_baseline_rerun_wtb_full\wtb_graph_wavenet_seed203,graph_wavenet,strong_baselines,223.67755946218065,global,boundary,10.0,applicable,global,,,all=0.900,all=30752,96961554.48719218,9066.06400067248,0.1032258064516129,30751.961936950684,54815372.15261459,4214618.233457759,10695
Graph WaveNet,Graph WaveNet,203,artifacts\strictmask_baseline_rerun_wtb_full\wtb_graph_wavenet_seed203,graph_wavenet,strong_baselines,223.67755946218065,physical-bin,boundary,10.0,applicable,physical,0.016305305834655375,0.8461538461538461,low=0.900;mid=0.900;high=0.900,low=33340.3;mid=33571.6;high=21424.7,92003712.16817221,8602.497631432652,0.09770920991117345,30356.948053748863,54111259.905807346,3789245.226236486,10695
Graph WaveNet,Graph WaveNet,203,artifacts\strictmask_baseline_rerun_wtb_full\wtb_graph_wavenet_seed203,graph_wavenet,strong_baselines,223.67755946218065,gate-bin,boundary,10.0,not_applicable,gate,,,,,,,,,,,0
Graph WaveNet,Graph WaveNet,203,artifacts\strictmask_baseline_rerun_wtb_full\wtb_graph_wavenet_seed203,graph_wavenet,strong_baselines,223.67755946218065,global,boundary,20.0,applicable,global,,,all=0.950,all=49896.6,122397172.08036417,11444.335865391695,0.04974287050023375,49896.57730484009,88940649.04587746,1672826.1517243378,10695
Graph WaveNet,Graph WaveNet,203,artifacts\strictmask_baseline_rerun_wtb_full\wtb_graph_wavenet_seed203,graph_wavenet,strong_baselines,223.67755946218065,physical-bin,boundary,20.0,applicable,physical,0.016305305834655375,0.8461538461538461,low=0.950;mid=0.950;high=0.950,low=48470.9;mid=56120.3;high=46188.9,118848290.71704897,11112.509650962971,0.045348293595137916,50032.801653542774,89183468.94743998,1483241.0884804488,10695
Graph WaveNet,Graph WaveNet,203,artifacts\strictmask_baseline_rerun_wtb_full\wtb_graph_wavenet_seed203,graph_wavenet,strong_baselines,223.67755946218065,gate-bin,boundary,20.0,not_applicable,gate,,,,,,,,,,,0
Graph WaveNet,Graph WaveNet,203,artifacts\strictmask_baseline_rerun_wtb_full\wtb_graph_wavenet_seed203,graph_wavenet,strong_baselines,223.67755946218065,global,boundary,50.0,applicable,global,,,all=0.975,all=65516.4,148944359.66741115,13926.541343376452,0.026741467975689576,65516.38897705078,116782963.35159302,643227.926316363,10695
Graph WaveNet,Graph WaveNet,203,artifacts\strictmask_baseline_rerun_wtb_full\wtb_graph_wavenet_seed203,graph_wavenet,strong_baselines,223.67755946218065,physical-bin,boundary,50.0,applicable,physical,0.016305305834655375,0.8461538461538461,low=0.975;mid=0.975;high=0.975,low=59914.5;mid=73552.9;high=62098,146553344.8981102,13702.977550080432,0.025151940158952783,64298.69936846164,114612431.62428287,638818.265476547,10695
Graph WaveNet,Graph WaveNet,203,artifacts\strictmask_baseline_rerun_wtb_full\wtb_graph_wavenet_seed203,graph_wavenet,strong_baselines,223.67755946218065,gate-bin,boundary,50.0,not_applicable,gate,,,,,,,,,,,0
Graph WaveNet,Graph WaveNet,203,artifacts\strictmask_baseline_rerun_wtb_full\wtb_graph_wavenet_seed203,graph_wavenet,strong_baselines,223.67755946218065,global,non_boundary,2.0,applicable,global,,,all=0.500,all=656.311,165707216.04891676,1881.1340354518356,0.5766554280330121,656.31090259552,9635628.516456127,78035793.76623031,88089
Graph WaveNet,Graph WaveNet,203,artifacts\strictmask_baseline_rerun_wtb_full\wtb_graph_wavenet_seed203,graph_wavenet,strong_baselines,223.67755946218065,physical-bin,non_boundary,2.0,applicable,physical,0.0,0.0,low=0.500;mid=0.500;high=0.500,low=646.131;mid=656.311;high=7054.4,165832768.96685398,1882.5593316629088,0.577370613811032,653.1148748987398,9588706.035825849,78122031.46551406,88089
Graph WaveNet,Graph WaveNet,203,artifacts\strictmask_baseline_rerun_wtb_full\wtb_graph_wavenet_seed203,graph_wavenet,strong_baselines,223.67755946218065,gate-bin,non_boundary,2.0,not_applicable,gate,,,,,,,,,,,0
Graph WaveNet,Graph WaveNet,203,artifacts\strictmask_baseline_rerun_wtb_full\wtb_graph_wavenet_seed203,graph_wavenet,strong_baselines,223.67755946218065,global,non_boundary,5.0,applicable,global,,,all=0.800,all=9092.61,291535116.18047726,3309.551887074178,0.23955317917106564,9092.612722396854,133493193.68386942,31608384.499321572,88089
Graph WaveNet,Graph WaveNet,203,artifacts\strictmask_baseline_rerun_wtb_full\wtb_graph_wavenet_seed203,graph_wavenet,strong_baselines,223.67755946218065,physical-bin,non_boundary,5.0,applicable,physical,0.0,0.0,low=0.800;mid=0.800;high=0.800,low=8681.87;mid=9092.61;high=48651.9,293509900.27727365,3331.9699426406664,0.24922521540714504,8725.426088784503,128102343.12248969,33081511.43095678,88089
Graph WaveNet,Graph WaveNet,203,artifacts\strictmask_baseline_rerun_wtb_full\wtb_graph_wavenet_seed203,graph_wavenet,strong_baselines,223.67755946218065,gate-bin,non_boundary,5.0,not_applicable,gate,,,,,,,,,,,0
Graph WaveNet,Graph WaveNet,203,artifacts\strictmask_baseline_rerun_wtb_full\wtb_graph_wavenet_seed203,graph_wavenet,strong_baselines,223.67755946218065,global,non_boundary,10.0,applicable,global,,,all=0.900,all=16317.6,378238460.9279488,4293.8217135845425,0.10777736153208686,16317.575171434875,239566479.87942111,13867198.104852758,88089
Graph WaveNet,Graph WaveNet,203,artifacts\strictmask_baseline_rerun_wtb_full\wtb_graph_wavenet_seed203,graph_wavenet,strong_baselines,223.67755946218065,physical-bin,non_boundary,10.0,applicable,physical,0.0,0.0,low=0.900;mid=0.900;high=0.900,low=15380.8;mid=16317.6;high=72732.6,381051107.5426602,4325.75131449625,0.12045771889793278,15443.292305746456,226730695.98681659,15432041.155584361,88089
Graph WaveNet,Graph WaveNet,203,artifacts\strictmask_baseline_rerun_wtb_full\wtb_graph_wavenet_seed203,graph_wavenet,strong_baselines,223.67755946218065,gate-bin,non_boundary,10.0,not_applicable,gate,,,,,,,,,,,0
Graph WaveNet,Graph WaveNet,203,artifacts\strictmask_baseline_rerun_wtb_full\wtb_graph_wavenet_seed203,graph_wavenet,strong_baselines,223.67755946218065,global,non_boundary,20.0,applicable,global,,,all=0.950,all=22535.8,471642817.70898724,5354.162468741696,0.049291057907343706,22535.789302873596,330859190.6501387,7039181.3529424295,88089
Graph WaveNet,Graph WaveNet,203,artifacts\strictmask_baseline_rerun_wtb_full\wtb_graph_wavenet_seed203,graph_wavenet,strong_baselines,223.67755946218065,physical-bin,non_boundary,20.0,applicable,physical,0.0,0.0,low=0.950;mid=0.950;high=0.950,low=20856.9;mid=22535.8;high=91827.6,475148102.26084304,5393.955003017892,0.061051890701449674,20934.23602395014,307345986.18562394,8390105.803760957,88089
Graph WaveNet,Graph WaveNet,203,artifacts\strictmask_baseline_rerun_wtb_full\wtb_graph_wavenet_seed203,graph_wavenet,strong_baselines,223.67755946218065,gate-bin,non_boundary,20.0,not_applicable,gate,,,,,,,,,,,0
Graph WaveNet,Graph WaveNet,203,artifacts\strictmask_baseline_rerun_wtb_full\wtb_graph_wavenet_seed203,graph_wavenet,strong_baselines,223.67755946218065,global,non_boundary,50.0,applicable,global,,,all=0.975,all=29264.4,615721766.1780728,6989.769053775985,0.02256808455085198,29264.424796104435,429645652.64400727,3721522.2706813104,88089
Graph WaveNet,Graph WaveNet,203,artifacts\strictmask_baseline_rerun_wtb_full\wtb_graph_wavenet_seed203,graph_wavenet,strong_baselines,223.67755946218065,physical-bin,non_boundary,50.0,applicable,physical,0.0,0.0,low=0.975;mid=0.975;high=0.975,low=26075.7;mid=29264.4;high=101401,632821090.3494557,7183.8832356986195,0.03158169578494477,26157.7797330046,384035443.150107,4975712.943986971,88089
Graph WaveNet,Graph WaveNet,203,artifacts\strictmask_baseline_rerun_wtb_full\wtb_graph_wavenet_seed203,graph_wavenet,strong_baselines,223.67755946218065,gate-bin,non_boundary,50.0,not_applicable,gate,,,,,,,,,,,0
Graph WaveNet,Graph WaveNet,203,artifacts\strictmask_baseline_rerun_wtb_full\wtb_graph_wavenet_seed203,graph_wavenet,strong_baselines,223.67755946218065,global,late_period,2.0,applicable,global,,,all=0.500,all=0,100341943.02294442,2226.2589417586178,0.7154774582889599,0.0,0.0,50170971.511472225,45072
Graph WaveNet,Graph WaveNet,203,artifacts\strictmask_baseline_rerun_wtb_full\wtb_graph_wavenet_seed203,graph_wavenet,strong_baselines,223.67755946218065,physical-bin,late_period,2.0,applicable,physical,0.0,0.0,low=0.500;mid=0.500;high=0.500,low=0;mid=0;high=0,100341943.02294442,2226.2589417586178,0.7154774582889599,0.0,0.0,50170971.511472225,45072
Graph WaveNet,Graph WaveNet,203,artifacts\strictmask_baseline_rerun_wtb_full\wtb_graph_wavenet_seed203,graph_wavenet,strong_baselines,223.67755946218065,gate-bin,late_period,2.0,not_applicable,gate,,,,,,,,,,,0
Graph WaveNet,Graph WaveNet,203,artifacts\strictmask_baseline_rerun_wtb_full\wtb_graph_wavenet_seed203,graph_wavenet,strong_baselines,223.67755946218065,global,late_period,5.0,applicable,global,,,all=0.800,all=8792.63,179310602.60509378,3978.3147542841184,0.25925186368477104,8792.627001953124,66050214.03867186,22652077.713284373,45072
Graph WaveNet,Graph WaveNet,203,artifacts\strictmask_baseline_rerun_wtb_full\wtb_graph_wavenet_seed203,graph_wavenet,strong_baselines,223.67755946218065,physical-bin,late_period,5.0,applicable,physical,0.0,0.0,low=0.800;mid=0.800;high=0.800,low=7903.42;mid=8792.63;high=11737.8,182022913.14852667,4038.4920382615965,0.2802848775292865,8187.224876649392,61502433.27339023,24104095.975027293,45072
Graph WaveNet,Graph WaveNet,203,artifacts\strictmask_baseline_rerun_wtb_full\wtb_graph_wavenet_seed203,graph_wavenet,strong_baselines,223.67755946218065,gate-bin,late_period,5.0,not_applicable,gate,,,,,,,,,,,0
Graph WaveNet,Graph WaveNet,203,artifacts\strictmask_baseline_rerun_wtb_full\wtb_graph_wavenet_seed203,graph_wavenet,strong_baselines,223.67755946218065,global,late_period,10.0,applicable,global,,,all=0.900,all=19198,243963910.28031975,5412.759812751148,0.08828097266595669,19197.954113006595,144215031.29690552,9974887.898341421,45072
Graph WaveNet,Graph WaveNet,203,artifacts\strictmask_baseline_rerun_wtb_full\wtb_graph_wavenet_seed203,graph_wavenet,strong_baselines,223.67755946218065,physical-bin,late_period,10.0,applicable,physical,0.0,0.0,low=0.900;mid=0.900;high=0.900,low=15917.9;mid=19198;high=33586.3,244078303.10846624,5415.297814795576,0.12373535676251331,17225.650682415762,129399087.9263072,11467921.51821591,45072
Graph WaveNet,Graph WaveNet,203,artifacts\strictmask_baseline_rerun_wtb_full\wtb_graph_wavenet_seed203,graph_wavenet,strong_baselines,223.67755946218065,gate-bin,late_period,10.0,not_applicable,gate,,,,,,,,,,,0
Graph WaveNet,Graph WaveNet,203,artifacts\strictmask_baseline_rerun_wtb_full\wtb_graph_wavenet_seed203,graph_wavenet,strong_baselines,223.67755946218065,global,late_period,20.0,applicable,global,,,all=0.950,all=32329.4,339791241.480536,7538.854310448526,0.03352413915512957,32329.368762206992,242858218.1416989,4846651.166941854,45072
Graph WaveNet,Graph WaveNet,203,artifacts\strictmask_baseline_rerun_wtb_full\wtb_graph_wavenet_seed203,graph_wavenet,strong_baselines,223.67755946218065,physical-bin,late_period,20.0,applicable,physical,0.0,0.0,low=0.950;mid=0.950;high=0.950,low=23230.2;mid=32329.4;high=52771.4,316922514.2698971,7031.472183836908,0.05515619453319134,25416.695647874738,190930217.70683503,6299614.828153098,45072
Graph WaveNet,Graph WaveNet,203,artifacts\strictmask_baseline_rerun_wtb_full\wtb_graph_wavenet_seed203,graph_wavenet,strong_baselines,223.67755946218065,gate-bin,late_period,20.0,not_applicable,gate,,,,,,,,,,,0
Graph WaveNet,Graph WaveNet,203,artifacts\strictmask_baseline_rerun_wtb_full\wtb_graph_wavenet_seed203,graph_wavenet,strong_baselines,223.67755946218065,global,late_period,50.0,applicable,global,,,all=0.975,all=47390.9,454748529.9715167,10089.379880447212,0.01774937877174299,47390.94746952055,356000797.39103836,1974954.651609566,45072
Graph WaveNet,Graph WaveNet,203,artifacts\strictmask_baseline_rerun_wtb_full\wtb_graph_wavenet_seed203,graph_wavenet,strong_baselines,223.67755946218065,physical-bin,late_period,50.0,applicable,physical,0.0,0.0,low=0.975;mid=0.975;high=0.975,low=30762.6;mid=47390.9;high=75957,449438538.3255087,9971.568564197478,0.02864305999290025,34107.657440360934,256216722.69199133,3864436.3126703473,45072
Graph WaveNet,Graph WaveNet,203,artifacts\strictmask_baseline_rerun_wtb_full\wtb_graph_wavenet_seed203,graph_wavenet,strong_baselines,223.67755946218065,gate-bin,late_period,50.0,not_applicable,gate,,,,,,,,,,,0
Graph WaveNet,Graph WaveNet,204,artifacts\strictmask_baseline_rerun_wtb_full\wtb_graph_wavenet_seed204,graph_wavenet,strong_baselines,223.44455460351745,global,full,2.0,applicable,global,,,all=0.500,all=625.173,251566772.16517442,2546.634800829835,0.6472606899902819,625.1731700897217,10292851.072357178,120636960.54640861,98784
Graph WaveNet,Graph WaveNet,204,artifacts\strictmask_baseline_rerun_wtb_full\wtb_graph_wavenet_seed204,graph_wavenet,strong_baselines,223.44455460351745,physical-bin,full,2.0,applicable,physical,0.0,0.0,low=0.500;mid=0.500;high=0.500,low=1395.71;mid=625.173;high=0,247712571.03145596,2507.618349443796,0.5977587463556852,1305.511203428515,21493936.45324707,113109317.28910446,98784
Graph WaveNet,Graph WaveNet,204,artifacts\strictmask_baseline_rerun_wtb_full\wtb_graph_wavenet_seed204,graph_wavenet,strong_baselines,223.44455460351745,gate-bin,full,2.0,not_applicable,gate,,,,,,,,,,,0
Graph WaveNet,Graph WaveNet,204,artifacts\strictmask_baseline_rerun_wtb_full\wtb_graph_wavenet_seed204,graph_wavenet,strong_baselines,223.44455460351745,global,full,5.0,applicable,global,,,all=0.800,all=11389.4,431032478.9744697,4363.383533512206,0.2403830579850988,11389.447998046875,187515871.83984375,48703321.4269252,98784
Graph WaveNet,Graph WaveNet,204,artifacts\strictmask_baseline_rerun_wtb_full\wtb_graph_wavenet_seed204,graph_wavenet,strong_baselines,223.44455460351745,physical-bin,full,5.0,applicable,physical,0.0,0.0,low=0.800;mid=0.800;high=0.800,low=11067.3;mid=11389.4;high=13934.6,432588949.6503521,4379.139836920474,0.24686183997408487,11252.606440686855,185262912.43946838,49465207.44217674,98784
Graph WaveNet,Graph WaveNet,204,artifacts\strictmask_baseline_rerun_wtb_full\wtb_graph_wavenet_seed204,graph_wavenet,strong_baselines,223.44455460351745,gate-bin,full,5.0,not_applicable,gate,,,,,,,,,,,0
Graph WaveNet,Graph WaveNet,204,artifacts\strictmask_baseline_rerun_wtb_full\wtb_graph_wavenet_seed204,graph_wavenet,strong_baselines,223.44455460351745,global,full,10.0,applicable,global,,,all=0.900,all=20117.3,581906046.0482724,5890.691266280697,0.10711248785228378,20117.261489868164,331210593.16918945,25069545.287908293,98784
Graph WaveNet,Graph WaveNet,204,artifacts\strictmask_baseline_rerun_wtb_full\wtb_graph_wavenet_seed204,graph_wavenet,strong_baselines,223.44455460351745,physical-bin,full,10.0,applicable,physical,0.0,0.0,low=0.900;mid=0.900;high=0.900,low=18261.6;mid=20117.3;high=36108,585767684.3651153,5929.783004991854,0.12201368642695173,19414.976145229863,319648167.2550645,26611951.71100507,98784
Graph WaveNet,Graph WaveNet,204,artifacts\strictmask_baseline_rerun_wtb_full\wtb_graph_wavenet_seed204,graph_wavenet,strong_baselines,223.44455460351745,gate-bin,full,10.0,not_applicable,gate,,,,,,,,,,,0
Graph WaveNet,Graph WaveNet,204,artifacts\strictmask_baseline_rerun_wtb_full\wtb_graph_wavenet_seed204,graph_wavenet,strong_baselines,223.44455460351745,global,full,20.0,applicable,global,,,all=0.950,all=31390.3,753960492.1700485,7632.415089184974,0.047062277291869126,31390.32490191236,516810309.1850851,11857509.149248177,98784
Graph WaveNet,Graph WaveNet,204,artifacts\strictmask_baseline_rerun_wtb_full\wtb_graph_wavenet_seed204,graph_wavenet,strong_baselines,223.44455460351745,physical-bin,full,20.0,applicable,physical,0.0,0.0,low=0.950;mid=0.950;high=0.950,low=25679.2;mid=31390.3;high=60735,758557651.935031,7678.952582756631,0.06357304826692582,27944.715459369458,460081795.3230587,14923792.830598617,98784
Graph WaveNet,Graph WaveNet,204,artifacts\strictmask_baseline_rerun_wtb_full\wtb_graph_wavenet_seed204,graph_wavenet,strong_baselines,223.44455460351745,gate-bin,full,20.0,not_applicable,gate,,,,,,,,,,,0
Graph WaveNet,Graph WaveNet,204,artifacts\strictmask_baseline_rerun_wtb_full\wtb_graph_wavenet_seed204,graph_wavenet,strong_baselines,223.44455460351745,global,full,50.0,applicable,global,,,all=0.975,all=47190,973362278.6734917,9853.440624731655,0.018110220278587625,47190.04140663147,776936841.7187805,3928508.7390942276,98784
Graph WaveNet,Graph WaveNet,204,artifacts\strictmask_baseline_rerun_wtb_full\wtb_graph_wavenet_seed204,graph_wavenet,strong_baselines,223.44455460351745,physical-bin,full,50.0,applicable,physical,0.0,0.0,low=0.975;mid=0.975;high=0.975,low=34323;mid=47190;high=78973.9,1012443277.6789025,10249.061362962651,0.03517776158082281,37208.59269580064,612602270.1436616,7996820.15070482,98784
Graph WaveNet,Graph WaveNet,204,artifacts\strictmask_baseline_rerun_wtb_full\wtb_graph_wavenet_seed204,graph_wavenet,strong_baselines,223.44455460351745,gate-bin,full,50.0,not_applicable,gate,,,,,,,,,,,0
Graph WaveNet,Graph WaveNet,204,artifacts\strictmask_baseline_rerun_wtb_full\wtb_graph_wavenet_seed204,graph_wavenet,strong_baselines,223.44455460351745,global,non_overlap,2.0,applicable,global,,,all=0.500,all=813.146,9948334.223253563,2410.5486366012997,0.6171553186333899,813.1458177566528,559308.7983136177,4694512.712469973,4127
Graph WaveNet,Graph WaveNet,204,artifacts\strictmask_baseline_rerun_wtb_full\wtb_graph_wavenet_seed204,graph_wavenet,strong_baselines,223.44455460351745,physical-bin,non_overlap,2.0,applicable,physical,0.0,0.0,low=0.500;mid=0.500;high=0.500,low=1625.01;mid=813.146;high=0,9798329.69696585,2374.2015257973953,0.5713593409256118,1511.6063277563114,1039733.2191083828,4379298.238928733,4127
Graph WaveNet,Graph WaveNet,204,artifacts\strictmask_baseline_rerun_wtb_full\wtb_graph_wavenet_seed204,graph_wavenet,strong_baselines,223.44455460351745,gate-bin,non_overlap,2.0,not_applicable,gate,,,,,,,,,,,0
Graph WaveNet,Graph WaveNet,204,artifacts\strictmask_baseline_rerun_wtb_full\wtb_graph_wavenet_seed204,graph_wavenet,strong_baselines,223.44455460351745,global,non_overlap,5.0,applicable,global,,,all=0.800,all=10596.3,17333075.326021884,4199.921329300189,0.24981826992973105,10596.323705530169,7288504.655453835,2008914.1341136103,4127
Graph WaveNet,Graph WaveNet,204,artifacts\strictmask_baseline_rerun_wtb_full\wtb_graph_wavenet_seed204,graph_wavenet,strong_baselines,223.44455460351745,physical-bin,non_overlap,5.0,applicable,physical,0.0,0.0,low=0.800;mid=0.800;high=0.800,low=11121.6;mid=10596.3;high=7189.94,17203227.717571154,4168.45837595618,0.23770293191180034,10847.210436264486,7461072.911743922,1948430.961165447,4127
Graph WaveNet,Graph WaveNet,204,artifacts\strictmask_baseline_rerun_wtb_full\wtb_graph_wavenet_seed204,graph_wavenet,strong_baselines,223.44455460351745,gate-bin,non_overlap,5.0,not_applicable,gate,,,,,,,,,,,0
Graph WaveNet,Graph WaveNet,204,artifacts\strictmask_baseline_rerun_wtb_full\wtb_graph_wavenet_seed204,graph_wavenet,strong_baselines,223.44455460351745,global,non_overlap,10.0,applicable,global,,,all=0.900,all=18303.9,23679964.114539,5737.815390002181,0.1124303368063969,18303.928329277034,12590052.035821052,1108991.207871794,4127
Graph WaveNet,Graph WaveNet,204,artifacts\strictmask_baseline_rerun_wtb_full\wtb_graph_wavenet_seed204,graph_wavenet,strong_baselines,223.44455460351745,physical-bin,non_overlap,10.0,applicable,physical,0.0,0.0,low=0.900;mid=0.900;high=0.900,low=18113.8;mid=18303.9;high=22662.9,23731123.962076455,5750.211766919422,0.11388417736854858,18431.277156762117,12677646.804326208,1105347.7157750246,4127
Graph WaveNet,Graph WaveNet,204,artifacts\strictmask_baseline_rerun_wtb_full\wtb_graph_wavenet_seed204,graph_wavenet,strong_baselines,223.44455460351745,gate-bin,non_overlap,10.0,not_applicable,gate,,,,,,,,,,,0
Graph WaveNet,Graph WaveNet,204,artifacts\strictmask_baseline_rerun_wtb_full\wtb_graph_wavenet_seed204,graph_wavenet,strong_baselines,223.44455460351745,global,non_overlap,20.0,applicable,global,,,all=0.950,all=29165.3,30756117.785365485,7452.415261779861,0.05136903319602617,29165.266180801376,20060842.254694544,534763.776533547,4127
Graph WaveNet,Graph WaveNet,204,artifacts\strictmask_baseline_rerun_wtb_full\wtb_graph_wavenet_seed204,graph_wavenet,strong_baselines,223.44455460351745,physical-bin,non_overlap,20.0,applicable,physical,0.0,0.0,low=0.950;mid=0.950;high=0.950,low=25577;mid=29165.3;high=64277.8,31791498.186247867,7703.294932456473,0.06275745093288103,28277.68196494928,19450332.244890943,617058.2970678462,4127
Graph WaveNet,Graph WaveNet,204,artifacts\strictmask_baseline_rerun_wtb_full\wtb_graph_wavenet_seed204,graph_wavenet,strong_baselines,223.44455460351745,gate-bin,non_overlap,20.0,not_applicable,gate,,,,,,,,,,,0
Graph WaveNet,Graph WaveNet,204,artifacts\strictmask_baseline_rerun_wtb_full\wtb_graph_wavenet_seed204,graph_wavenet,strong_baselines,223.44455460351745,global,non_overlap,50.0,applicable,global,,,all=0.975,all=46283.8,38270104.06718092,9273.104935105626,0.021322994911558032,46283.8080669403,31835545.982043765,128691.16170274283,4127
Graph WaveNet,Graph WaveNet,204,artifacts\strictmask_baseline_rerun_wtb_full\wtb_graph_wavenet_seed204,graph_wavenet,strong_baselines,223.44455460351745,physical-bin,non_overlap,50.0,applicable,physical,0.0,0.0,low=0.975;mid=0.975;high=0.975,low=34369.6;mid=46283.8;high=86380.5,42632733.167985365,10330.199459167765,0.03561909377271626,37999.187917652365,26137108.089358553,329912.5015725363,4127
Graph WaveNet,Graph WaveNet,204,artifacts\strictmask_baseline_rerun_wtb_full\wtb_graph_wavenet_seed204,graph_wavenet,strong_baselines,223.44455460351745,gate-bin,non_overlap,50.0,not_applicable,gate,,,,,,,,,,,0
Graph WaveNet,Graph WaveNet,204,artifacts\strictmask_baseline_rerun_wtb_full\wtb_graph_wavenet_seed204,graph_wavenet,strong_baselines,223.44455460351745,global,boundary,2.0,applicable,global,,,all=0.500,all=0,34971367.62110154,3269.8800954746653,0.37064048620850865,0.0,0.0,17485683.81055077,10695
Graph WaveNet,Graph WaveNet,204,artifacts\strictmask_baseline_rerun_wtb_full\wtb_graph_wavenet_seed204,graph_wavenet,strong_baselines,223.44455460351745,physical-bin,boundary,2.0,applicable,physical,0.016305305834655375,0.8461538461538461,low=0.500;mid=0.500;high=0.500,low=0;mid=0;high=0,34971367.62110154,3269.8800954746653,0.37064048620850865,0.0,0.0,17485683.81055077,10695
Graph WaveNet,Graph WaveNet,204,artifacts\strictmask_baseline_rerun_wtb_full\wtb_graph_wavenet_seed204,graph_wavenet,strong_baselines,223.44455460351745,gate-bin,boundary,2.0,not_applicable,gate,,,,,,,,,,,0
Graph WaveNet,Graph WaveNet,204,artifacts\strictmask_baseline_rerun_wtb_full\wtb_graph_wavenet_seed204,graph_wavenet,strong_baselines,223.44455460351745,global,boundary,5.0,applicable,global,,,all=0.800,all=14004.3,73813499.18287124,6901.682953050139,0.24834034595605423,14004.275686264038,24962621.410765648,9770175.55442112,10695
Graph WaveNet,Graph WaveNet,204,artifacts\strictmask_baseline_rerun_wtb_full\wtb_graph_wavenet_seed204,graph_wavenet,strong_baselines,223.44455460351745,physical-bin,boundary,5.0,applicable,physical,0.016305305834655375,0.8461538461538461,low=0.800;mid=0.800;high=0.800,low=21425.4;mid=12576.5;high=9285.75,69457297.1105977,6494.370931332183,0.21000467508181392,15837.6619140762,28230632.36184082,8245332.949751378,10695
Graph WaveNet,Graph WaveNet,204,artifacts\strictmask_baseline_rerun_wtb_full\wtb_graph_wavenet_seed204,graph_wavenet,strong_baselines,223.44455460351745,gate-bin,boundary,5.0,not_applicable,gate,,,,,,,,,,,0
Graph WaveNet,Graph WaveNet,204,artifacts\strictmask_baseline_rerun_wtb_full\wtb_graph_wavenet_seed204,graph_wavenet,strong_baselines,223.44455460351745,global,boundary,10.0,applicable,global,,,all=0.900,all=33458.6,98540764.81218828,9213.72275008773,0.10490883590462834,33458.5742149353,59639908.53812218,3890085.627406611,10695
Graph WaveNet,Graph WaveNet,204,artifacts\strictmask_baseline_rerun_wtb_full\wtb_graph_wavenet_seed204,graph_wavenet,strong_baselines,223.44455460351745,physical-bin,boundary,10.0,applicable,physical,0.016305305834655375,0.8461538461538461,low=0.900;mid=0.900;high=0.900,low=37639.3;mid=33877.8;high=23096,93346964.1811225,8728.093892578074,0.09836372136512389,32863.69084286501,58579528.927406885,3476743.5253715627,10695
Graph WaveNet,Graph WaveNet,204,artifacts\strictmask_baseline_rerun_wtb_full\wtb_graph_wavenet_seed204,graph_wavenet,strong_baselines,223.44455460351745,gate-bin,boundary,10.0,not_applicable,gate,,,,,,,,,,,0
Graph WaveNet,Graph WaveNet,204,artifacts\strictmask_baseline_rerun_wtb_full\wtb_graph_wavenet_seed204,graph_wavenet,strong_baselines,223.44455460351745,global,boundary,20.0,applicable,global,,,all=0.950,all=53678.1,121565195.26127157,11366.544671460642,0.042636746143057506,53678.09080505371,95681196.86000824,1294199.9200631652,10695
Graph WaveNet,Graph WaveNet,204,artifacts\strictmask_baseline_rerun_wtb_full\wtb_graph_wavenet_seed204,graph_wavenet,strong_baselines,223.44455460351745,physical-bin,boundary,20.0,applicable,physical,0.016305305834655375,0.8461538461538461,low=0.950;mid=0.950;high=0.950,low=53682;mid=58354.1;high=47925.2,118266328.79640174,11058.095259130598,0.038990182328190744,53519.82891720742,95399095.04492223,1143361.687573977,10695
Graph WaveNet,Graph WaveNet,204,artifacts\strictmask_baseline_rerun_wtb_full\wtb_graph_wavenet_seed204,graph_wavenet,strong_baselines,223.44455460351745,gate-bin,boundary,20.0,not_applicable,gate,,,,,,,,,,,0
Graph WaveNet,Graph WaveNet,204,artifacts\strictmask_baseline_rerun_wtb_full\wtb_graph_wavenet_seed204,graph_wavenet,strong_baselines,223.44455460351745,global,boundary,50.0,applicable,global,,,all=0.975,all=67586.7,145705320.22056064,13623.685855124884,0.02318840579710145,67586.67890167236,120473255.14223099,504641.30156659335,10695
Graph WaveNet,Graph WaveNet,204,artifacts\strictmask_baseline_rerun_wtb_full\wtb_graph_wavenet_seed204,graph_wavenet,strong_baselines,223.44455460351745,physical-bin,boundary,50.0,applicable,physical,0.016305305834655375,0.8461538461538461,low=0.975;mid=0.975;high=0.975,low=62570.9;mid=71373.2;high=67671.1,146341527.36298344,13683.172263953571,0.024029920523609163,66344.69794269219,118259424.08284882,561642.0656026922,10695
Graph WaveNet,Graph WaveNet,204,artifacts\strictmask_baseline_rerun_wtb_full\wtb_graph_wavenet_seed204,graph_wavenet,strong_baselines,223.44455460351745,gate-bin,boundary,50.0,not_applicable,gate,,,,,,,,,,,0
Graph WaveNet,Graph WaveNet,204,artifacts\strictmask_baseline_rerun_wtb_full\wtb_graph_wavenet_seed204,graph_wavenet,strong_baselines,223.44455460351745,global,non_boundary,2.0,applicable,global,,,all=0.500,all=1597.1,212110454.91733107,2407.910805178071,0.6121422652090499,1597.1026921272278,23447863.174465895,94331295.87143257,88089
Graph WaveNet,Graph WaveNet,204,artifacts\strictmask_baseline_rerun_wtb_full\wtb_graph_wavenet_seed204,graph_wavenet,strong_baselines,223.44455460351745,physical-bin,non_boundary,2.0,applicable,physical,0.0,0.0,low=0.500;mid=0.500;high=0.500,low=1604.38;mid=1597.1;high=0,212063611.08959723,2407.379026775162,0.61180170055285,1602.6315752547034,23529035.472101927,94267287.80874766,88089
Graph WaveNet,Graph WaveNet,204,artifacts\strictmask_baseline_rerun_wtb_full\wtb_graph_wavenet_seed204,graph_wavenet,strong_baselines,223.44455460351745,gate-bin,non_boundary,2.0,not_applicable,gate,,,,,,,,,,,0
Graph WaveNet,Graph WaveNet,204,artifacts\strictmask_baseline_rerun_wtb_full\wtb_graph_wavenet_seed204,graph_wavenet,strong_baselines,223.44455460351745,global,non_boundary,5.0,applicable,global,,,all=0.800,all=10875.5,357443487.7275846,4057.7539502955487,0.2492706240279717,10875.484752941135,159668429.40030527,39555011.66545588,88089
Graph WaveNet,Graph WaveNet,204,artifacts\strictmask_baseline_rerun_wtb_full\wtb_graph_wavenet_seed204,graph_wavenet,strong_baselines,223.44455460351745,physical-bin,non_boundary,5.0,applicable,physical,0.0,0.0,low=0.800;mid=0.800;high=0.800,low=10563.8;mid=10875.5;high=44372.6,359204471.3725606,4077.744909949717,0.2573306542247046,10600.63221056928,155633181.79947287,40714257.91461753,88089
Graph WaveNet,Graph WaveNet,204,artifacts\strictmask_baseline_rerun_wtb_full\wtb_graph_wavenet_seed204,graph_wavenet,strong_baselines,223.44455460351745,gate-bin,non_boundary,5.0,not_applicable,gate,,,,,,,,,,,0
Graph WaveNet,Graph WaveNet,204,artifacts\strictmask_baseline_rerun_wtb_full\wtb_graph_wavenet_seed204,graph_wavenet,strong_baselines,223.44455460351745,global,non_boundary,10.0,applicable,global,,,all=0.900,all=17655.3,476029765.4856357,5403.963780785747,0.12401094347761922,17655.335661399356,259206810.5128346,21682295.4972801,88089
Graph WaveNet,Graph WaveNet,204,artifacts\strictmask_baseline_rerun_wtb_full\wtb_graph_wavenet_seed204,graph_wavenet,strong_baselines,223.44455460351745,physical-bin,non_boundary,10.0,applicable,physical,0.0,0.0,low=0.900;mid=0.900;high=0.900,low=16966.8;mid=17655.3;high=83852.3,479996245.40845853,5448.9918764937565,0.13350134523039198,17039.741276555327,250168961.55174702,22982728.385671154,88089
Graph WaveNet,Graph WaveNet,204,artifacts\strictmask_baseline_rerun_wtb_full\wtb_graph_wavenet_seed204,graph_wavenet,strong_baselines,223.44455460351745,gate-bin,non_boundary,10.0,not_applicable,gate,,,,,,,,,,,0
Graph WaveNet,Graph WaveNet,204,artifacts\strictmask_baseline_rerun_wtb_full\wtb_graph_wavenet_seed204,graph_wavenet,strong_baselines,223.44455460351745,global,non_boundary,20.0,applicable,global,,,all=0.950,all=24059.3,614853537.6396468,6979.912788652917,0.0671820545130493,24059.31899757383,353226891.86288023,13081332.28883833,88089
Graph WaveNet,Graph WaveNet,204,artifacts\strictmask_baseline_rerun_wtb_full\wtb_graph_wavenet_seed204,graph_wavenet,strong_baselines,223.44455460351745,physical-bin,non_boundary,20.0,applicable,physical,0.0,0.0,low=0.950;mid=0.950;high=0.950,low=22567.5;mid=24059.3;high=98492.8,625493105.7827809,7100.694817545674,0.07626377867838209,22650.20822069856,332539031.9921859,14647703.689529741,88089
Graph WaveNet,Graph WaveNet,204,artifacts\strictmask_baseline_rerun_wtb_full\wtb_graph_wavenet_seed204,graph_wavenet,strong_baselines,223.44455460351745,gate-bin,non_boundary,20.0,not_applicable,gate,,,,,,,,,,,0
Graph WaveNet,Graph WaveNet,204,artifacts\strictmask_baseline_rerun_wtb_full\wtb_graph_wavenet_seed204,graph_wavenet,strong_baselines,223.44455460351745,global,non_boundary,50.0,applicable,global,,,all=0.975,all=31846.4,832890256.6630735,9455.09946375908,0.037530225113237746,31846.421769142155,467553241.20366055,7306740.309188258,88089
Graph WaveNet,Graph WaveNet,204,artifacts\strictmask_baseline_rerun_wtb_full\wtb_graph_wavenet_seed204,graph_wavenet,strong_baselines,223.44455460351745,physical-bin,non_boundary,50.0,applicable,physical,0.0,0.0,low=0.975;mid=0.975;high=0.975,low=29035;mid=31846.4;high=107833,878614645.0174115,9974.169817087395,0.045942172121377245,29120.849023934574,427537744.9448954,9021538.001450323,88089
Graph WaveNet,Graph WaveNet,204,artifacts\strictmask_baseline_rerun_wtb_full\wtb_graph_wavenet_seed204,graph_wavenet,strong_baselines,223.44455460351745,gate-bin,non_boundary,50.0,not_applicable,gate,,,,,,,,,,,0
Graph WaveNet,Graph WaveNet,204,artifacts\strictmask_baseline_rerun_wtb_full\wtb_graph_wavenet_seed204,graph_wavenet,strong_baselines,223.44455460351745,global,late_period,2.0,applicable,global,,,all=0.500,all=0,122555552.63113242,2719.1061552878155,0.79419595314164,0.0,0.0,61277776.31556621,45072
Graph WaveNet,Graph WaveNet,204,artifacts\strictmask_baseline_rerun_wtb_full\wtb_graph_wavenet_seed204,graph_wavenet,strong_baselines,223.44455460351745,physical-bin,late_period,2.0,applicable,physical,0.0,0.0,low=0.500;mid=0.500;high=0.500,low=397.018;mid=0;high=0,120839910.19436404,2681.041670978968,0.7348242811501597,367.6331789597028,2761660.4403452873,59039124.87700937,45072
Graph WaveNet,Graph WaveNet,204,artifacts\strictmask_baseline_rerun_wtb_full\wtb_graph_wavenet_seed204,graph_wavenet,strong_baselines,223.44455460351745,gate-bin,late_period,2.0,not_applicable,gate,,,,,,,,,,,0
Graph WaveNet,Graph WaveNet,204,artifacts\strictmask_baseline_rerun_wtb_full\wtb_graph_wavenet_seed204,graph_wavenet,strong_baselines,223.44455460351745,global,late_period,5.0,applicable,global,,,all=0.800,all=10976.9,201614024.71898264,4473.154613040971,0.25849751508697194,10976.863727092748,82458200.31792071,23831164.880212385,45072
Graph WaveNet,Graph WaveNet,204,artifacts\strictmask_baseline_rerun_wtb_full\wtb_graph_wavenet_seed204,graph_wavenet,strong_baselines,223.44455460351745,physical-bin,late_period,5.0,applicable,physical,0.0,0.0,low=0.800;mid=0.800;high=0.800,low=11162.4;mid=10976.9;high=10394.6,201156141.06786382,4462.9956750946,0.2539270500532481,11105.540315407326,83424818.84933983,23546264.44370479,45072
Graph WaveNet,Graph WaveNet,204,artifacts\strictmask_baseline_rerun_wtb_full\wtb_graph_wavenet_seed204,graph_wavenet,strong_baselines,223.44455460351745,gate-bin,late_period,5.0,not_applicable,gate,,,,,,,,,,,0
Graph WaveNet,Graph WaveNet,204,artifacts\strictmask_baseline_rerun_wtb_full\wtb_graph_wavenet_seed204,graph_wavenet,strong_baselines,223.44455460351745,global,late_period,10.0,applicable,global,,,all=0.900,all=21596.1,275073947.6079786,6102.989607915748,0.08663915512957046,21596.053294363992,162229552.3472623,11284439.526071627,45072
Graph WaveNet,Graph WaveNet,204,artifacts\strictmask_baseline_rerun_wtb_full\wtb_graph_wavenet_seed204,graph_wavenet,strong_baselines,223.44455460351745,physical-bin,late_period,10.0,applicable,physical,0.0,0.0,low=0.900;mid=0.900;high=0.900,low=19512.3;mid=21596.1;high=30951.7,273403873.3892967,6065.936133060363,0.10418885339013134,20358.979708758365,152936655.57219282,12046721.781710386,45072
Graph WaveNet,Graph WaveNet,204,artifacts\strictmask_baseline_rerun_wtb_full\wtb_graph_wavenet_seed204,graph_wavenet,strong_baselines,223.44455460351745,gate-bin,late_period,10.0,not_applicable,gate,,,,,,,,,,,0
Graph WaveNet,Graph WaveNet,204,artifacts\strictmask_baseline_rerun_wtb_full\wtb_graph_wavenet_seed204,graph_wavenet,strong_baselines,223.44455460351745,global,late_period,20.0,applicable,global,,,all=0.950,all=34901,374343468.80462754,8305.455023176863,0.03931487397941072,34900.96900253295,262176079.1470275,5608369.482880002,45072
Graph WaveNet,Graph WaveNet,204,artifacts\strictmask_baseline_rerun_wtb_full\wtb_graph_wavenet_seed204,graph_wavenet,strong_baselines,223.44455460351745,physical-bin,late_period,20.0,applicable,physical,0.0,0.0,low=0.950;mid=0.950;high=0.950,low=28806.4;mid=34901;high=54266.8,361774153.3626908,8026.5830973262955,0.0474795882144125,30690.877124646082,230549868.96034136,6561214.220117474,45072
Graph WaveNet,Graph WaveNet,204,artifacts\strictmask_baseline_rerun_wtb_full\wtb_graph_wavenet_seed204,graph_wavenet,strong_baselines,223.44455460351745,gate-bin,late_period,20.0,not_applicable,gate,,,,,,,,,,,0
Graph WaveNet,Graph WaveNet,204,artifacts\strictmask_baseline_rerun_wtb_full\wtb_graph_wavenet_seed204,graph_wavenet,strong_baselines,223.44455460351745,global,late_period,50.0,applicable,global,,,all=0.975,all=49696.9,489526835.97564054,10860.996538330683,0.021143947461838834,49696.91978620884,373323261.4340008,2324071.4908327954,45072
Graph WaveNet,Graph WaveNet,204,artifacts\strictmask_baseline_rerun_wtb_full\wtb_graph_wavenet_seed204,graph_wavenet,strong_baselines,223.44455460351745,physical-bin,late_period,50.0,applicable,physical,0.0,0.0,low=0.975;mid=0.975;high=0.975,low=36690;mid=49696.9;high=79777.5,505633791.1031677,11218.357097603117,0.0298411430599929,39879.107344360054,299571854.3708327,4121238.7346466994,45072
Graph WaveNet,Graph WaveNet,204,artifacts\strictmask_baseline_rerun_wtb_full\wtb_graph_wavenet_seed204,graph_wavenet,strong_baselines,223.44455460351745,gate-bin,late_period,50.0,not_applicable,gate,,,,,,,,,,,0
Graph WaveNet,Graph WaveNet,205,artifacts\strictmask_baseline_rerun_wtb_full\wtb_graph_wavenet_seed205,graph_wavenet,strong_baselines,226.97871872193755,global,full,2.0,applicable,global,,,all=0.500,all=0,168194736.0445083,1702.6516039491041,0.5999554583738257,0.0,0.0,84097368.02225415,98784
Graph WaveNet,Graph WaveNet,205,artifacts\strictmask_baseline_rerun_wtb_full\wtb_graph_wavenet_seed205,graph_wavenet,strong_baselines,226.97871872193755,physical-bin,full,2.0,applicable,physical,0.0,0.0,low=0.500;mid=0.500;high=0.500,low=184.761;mid=0;high=0,167551562.22754884,1696.1406931036286,0.5745971007450599,172.82063977248004,2845319.0132141113,82353121.60716736,98784
Graph WaveNet,Graph WaveNet,205,artifacts\strictmask_baseline_rerun_wtb_full\wtb_graph_wavenet_seed205,graph_wavenet,strong_baselines,226.97871872193755,gate-bin,full,2.0,not_applicable,gate,,,,,,,,,,,0
Graph WaveNet,Graph WaveNet,205,artifacts\strictmask_baseline_rerun_wtb_full\wtb_graph_wavenet_seed205,graph_wavenet,strong_baselines,226.97871872193755,global,full,5.0,applicable,global,,,all=0.800,all=7807.13,312125025.91818404,3159.6718691102205,0.2312115322319404,7807.1265869140625,128536532.12695312,36717698.75824617,98784
Graph WaveNet,Graph WaveNet,205,artifacts\strictmask_baseline_rerun_wtb_full\wtb_graph_wavenet_seed205,graph_wavenet,strong_baselines,226.97871872193755,physical-bin,full,5.0,applicable,physical,0.0,0.0,low=0.800;mid=0.800;high=0.800,low=7596.29;mid=7807.13;high=9619.12,313025766.47616714,3168.790153022424,0.23565557175251053,7727.015442183271,127217582.24010536,37161636.84721236,98784
Graph WaveNet,Graph WaveNet,205,artifacts\strictmask_baseline_rerun_wtb_full\wtb_graph_wavenet_seed205,graph_wavenet,strong_baselines,226.97871872193755,gate-bin,full,5.0,not_applicable,gate,,,,,,,,,,,0
Graph WaveNet,Graph WaveNet,205,artifacts\strictmask_baseline_rerun_wtb_full\wtb_graph_wavenet_seed205,graph_wavenet,strong_baselines,226.97871872193755,global,full,10.0,applicable,global,,,all=0.900,all=15943.6,426188117.5590057,4314.343593689319,0.09170513443472628,15943.578575789928,262495077.67180538,16369303.988720039,98784
Graph WaveNet,Graph WaveNet,205,artifacts\strictmask_baseline_rerun_wtb_full\wtb_graph_wavenet_seed205,graph_wavenet,strong_baselines,226.97871872193755,physical-bin,full,10.0,applicable,physical,0.0,0.0,low=0.900;mid=0.900;high=0.900,low=14456.8;mid=15943.6;high=29887.7,425564286.7283937,4308.028493768157,0.10487528344671201,15454.069743235585,254435804.25263065,17112848.2475763,98784
Graph WaveNet,Graph WaveNet,205,artifacts\strictmask_baseline_rerun_wtb_full\wtb_graph_wavenet_seed205,graph_wavenet,strong_baselines,226.97871872193755,gate-bin,full,10.0,not_applicable,gate,,,,,,,,,,,0
Graph WaveNet,Graph WaveNet,205,artifacts\strictmask_baseline_rerun_wtb_full\wtb_graph_wavenet_seed205,graph_wavenet,strong_baselines,226.97871872193755,global,full,20.0,applicable,global,,,all=0.950,all=25884.1,572179507.7454478,5792.228576950192,0.03188775510204082,25884.143505096436,426156538.6679077,7301148.453877003,98784
Graph WaveNet,Graph WaveNet,205,artifacts\strictmask_baseline_rerun_wtb_full\wtb_graph_wavenet_seed205,graph_wavenet,strong_baselines,226.97871872193755,physical-bin,full,20.0,applicable,physical,0.0,0.0,low=0.950;mid=0.950;high=0.950,low=21408.5;mid=25884.1;high=54635.1,548276157.112717,5550.252643269326,0.044825072886297376,23555.83557002074,387823276.8248215,8022644.014394786,98784
Graph WaveNet,Graph WaveNet,205,artifacts\strictmask_baseline_rerun_wtb_full\wtb_graph_wavenet_seed205,graph_wavenet,strong_baselines,226.97871872193755,gate-bin,full,20.0,not_applicable,gate,,,,,,,,,,,0
Graph WaveNet,Graph WaveNet,205,artifacts\strictmask_baseline_rerun_wtb_full\wtb_graph_wavenet_seed205,graph_wavenet,strong_baselines,226.97871872193755,global,full,50.0,applicable,global,,,all=0.975,all=40061.1,796811690.9195342,8066.201924598459,0.011540330417881437,40061.06940950453,659565446.7580826,2744924.8832290326,98784
Graph WaveNet,Graph WaveNet,205,artifacts\strictmask_baseline_rerun_wtb_full\wtb_graph_wavenet_seed205,graph_wavenet,strong_baselines,226.97871872193755,physical-bin,full,50.0,applicable,physical,0.0,0.0,low=0.975;mid=0.975;high=0.975,low=28633.7;mid=40061.1;high=72985.5,722891345.6065896,7317.899109234183,0.020975056689342405,31499.967168242965,518615459.45795214,4085517.722972743,98784
Graph WaveNet,Graph WaveNet,205,artifacts\strictmask_baseline_rerun_wtb_full\wtb_graph_wavenet_seed205,graph_wavenet,strong_baselines,226.97871872193755,gate-bin,full,50.0,not_applicable,gate,,,,,,,,,,,0
Graph WaveNet,Graph WaveNet,205,artifacts\strictmask_baseline_rerun_wtb_full\wtb_graph_wavenet_seed205,graph_wavenet,strong_baselines,226.97871872193755,global,non_overlap,2.0,applicable,global,,,all=0.500,all=0,6768787.990803133,1640.1230896057991,0.5948630966803974,0.0,0.0,3384393.995401566,4127
Graph WaveNet,Graph WaveNet,205,artifacts\strictmask_baseline_rerun_wtb_full\wtb_graph_wavenet_seed205,graph_wavenet,strong_baselines,226.97871872193755,physical-bin,non_overlap,2.0,applicable,physical,0.0,0.0,low=0.500;mid=0.500;high=0.500,low=269.47;mid=0;high=0,6732541.656865756,1631.3403578545567,0.5570632420644536,250.66549792034388,172416.08498620987,3280062.7859397726,4127
Graph WaveNet,Graph WaveNet,205,artifacts\strictmask_baseline_rerun_wtb_full\wtb_graph_wavenet_seed205,graph_wavenet,strong_baselines,226.97871872193755,gate-bin,non_overlap,2.0,not_applicable,gate,,,,,,,,,,,0
Graph WaveNet,Graph WaveNet,205,artifacts\strictmask_baseline_rerun_wtb_full\wtb_graph_wavenet_seed205,graph_wavenet,strong_baselines,226.97871872193755,global,non_overlap,5.0,applicable,global,,,all=0.800,all=7270.32,12624216.751438245,3058.9330631059474,0.24497213472255877,7270.324860382082,5000771.783132808,1524688.9936610882,4127
Graph WaveNet,Graph WaveNet,205,artifacts\strictmask_baseline_rerun_wtb_full\wtb_graph_wavenet_seed205,graph_wavenet,strong_baselines,226.97871872193755,physical-bin,non_overlap,5.0,applicable,physical,0.0,0.0,low=0.800;mid=0.800;high=0.800,low=7618.39;mid=7270.32;high=3888.24,12517797.896248883,3033.1470550639406,0.23842985219287618,7358.079641455569,5061132.446714522,1491333.0899068725,4127
Graph WaveNet,Graph WaveNet,205,artifacts\strictmask_baseline_rerun_wtb_full\wtb_graph_wavenet_seed205,graph_wavenet,strong_baselines,226.97871872193755,gate-bin,non_overlap,5.0,not_applicable,gate,,,,,,,,,,,0
Graph WaveNet,Graph WaveNet,205,artifacts\strictmask_baseline_rerun_wtb_full\wtb_graph_wavenet_seed205,graph_wavenet,strong_baselines,226.97871872193755,global,non_overlap,10.0,applicable,global,,,all=0.900,all=14997.9,17026490.33726609,4125.633713900192,0.0969227041434456,14997.949342739572,10316089.489581035,671040.0847685058,4127
Graph WaveNet,Graph WaveNet,205,artifacts\strictmask_baseline_rerun_wtb_full\wtb_graph_wavenet_seed205,graph_wavenet,strong_baselines,226.97871872193755,physical-bin,non_overlap,10.0,applicable,physical,0.0,0.0,low=0.900;mid=0.900;high=0.900,low=14635.2;mid=14997.9;high=19944.7,17081563.998045117,4138.978434224647,0.09910346498667313,15005.746508160075,10321452.639862772,676011.1358182343,4127
Graph WaveNet,Graph WaveNet,205,artifacts\strictmask_baseline_rerun_wtb_full\wtb_graph_wavenet_seed205,graph_wavenet,strong_baselines,226.97871872193755,gate-bin,non_overlap,10.0,not_applicable,gate,,,,,,,,,,,0
Graph WaveNet,Graph WaveNet,205,artifacts\strictmask_baseline_rerun_wtb_full\wtb_graph_wavenet_seed205,graph_wavenet,strong_baselines,226.97871872193755,global,non_overlap,20.0,applicable,global,,,all=0.950,all=23218.6,22337455.330237865,5412.5164357251915,0.04167676278168161,23218.59243926999,15970521.832811207,318346.6748713333,4127
Graph WaveNet,Graph WaveNet,205,artifacts\strictmask_baseline_rerun_wtb_full\wtb_graph_wavenet_seed205,graph_wavenet,strong_baselines,226.97871872193755,physical-bin,non_overlap,20.0,applicable,physical,0.0,0.0,low=0.950;mid=0.950;high=0.950,low=20839;mid=23218.6;high=55095.8,22687065.352061756,5497.229307502243,0.04603828446813666,23229.589676284137,15978086.099004105,335448.96265288256,4127
Graph WaveNet,Graph WaveNet,205,artifacts\strictmask_baseline_rerun_wtb_full\wtb_graph_wavenet_seed205,graph_wavenet,strong_baselines,226.97871872193755,gate-bin,non_overlap,20.0,not_applicable,gate,,,,,,,,,,,0
Graph WaveNet,Graph WaveNet,205,artifacts\strictmask_baseline_rerun_wtb_full\wtb_graph_wavenet_seed205,graph_wavenet,strong_baselines,226.97871872193755,global,non_overlap,50.0,applicable,global,,,all=0.975,all=37347.8,29224243.0192949,7081.231649938188,0.013084565059365156,37347.84017219545,25689089.39844177,70703.07241706249,4127
Graph WaveNet,Graph WaveNet,205,artifacts\strictmask_baseline_rerun_wtb_full\wtb_graph_wavenet_seed205,graph_wavenet,strong_baselines,226.97871872193755,physical-bin,non_overlap,50.0,applicable,physical,0.0,0.0,low=0.975;mid=0.975;high=0.975,low=27437.7;mid=37347.8;high=83120.1,30036835.903891735,7278.128399295308,0.02713835716016477,31323.441798354812,21545307.38363505,169830.57040513368,4127
Graph WaveNet,Graph WaveNet,205,artifacts\strictmask_baseline_rerun_wtb_full\wtb_graph_wavenet_seed205,graph_wavenet,strong_baselines,226.97871872193755,gate-bin,non_overlap,50.0,not_applicable,gate,,,,,,,,,,,0
Graph WaveNet,Graph WaveNet,205,artifacts\strictmask_baseline_rerun_wtb_full\wtb_graph_wavenet_seed205,graph_wavenet,strong_baselines,226.97871872193755,global,boundary,2.0,applicable,global,,,all=0.500,all=0,25386147.067481082,2373.6462896195494,0.31510051425899954,0.0,0.0,12693073.533740543,10695
Graph WaveNet,Graph WaveNet,205,artifacts\strictmask_baseline_rerun_wtb_full\wtb_graph_wavenet_seed205,graph_wavenet,strong_baselines,226.97871872193755,physical-bin,boundary,2.0,applicable,physical,0.016305305834655375,0.8461538461538461,low=0.500;mid=0.500;high=0.500,low=0;mid=0;high=0,25386147.067481082,2373.6462896195494,0.31510051425899954,0.0,0.0,12693073.533740543,10695
Graph WaveNet,Graph WaveNet,205,artifacts\strictmask_baseline_rerun_wtb_full\wtb_graph_wavenet_seed205,graph_wavenet,strong_baselines,226.97871872193755,gate-bin,boundary,2.0,not_applicable,gate,,,,,,,,,,,0
Graph WaveNet,Graph WaveNet,205,artifacts\strictmask_baseline_rerun_wtb_full\wtb_graph_wavenet_seed205,graph_wavenet,strong_baselines,226.97871872193755,global,boundary,5.0,applicable,global,,,all=0.800,all=7854.88,58885710.32820067,5505.910269116472,0.22131837307152874,7854.879708766937,14001323.080877066,8976877.44946472,10695
Graph WaveNet,Graph WaveNet,205,artifacts\strictmask_baseline_rerun_wtb_full\wtb_graph_wavenet_seed205,graph_wavenet,strong_baselines,226.97871872193755,physical-bin,boundary,5.0,applicable,physical,0.016305305834655375,0.8461538461538461,low=0.800;mid=0.800;high=0.800,low=11769.1;mid=4874.15;high=6598.86,58459679.7810089,5466.07571584936,0.2096306685366994,8512.363402956498,15173287.765769958,8657278.403047787,10695
Graph WaveNet,Graph WaveNet,205,artifacts\strictmask_baseline_rerun_wtb_full\wtb_graph_wavenet_seed205,graph_wavenet,strong_baselines,226.97871872193755,gate-bin,boundary,5.0,not_applicable,gate,,,,,,,,,,,0
Graph WaveNet,Graph WaveNet,205,artifacts\strictmask_baseline_rerun_wtb_full\wtb_graph_wavenet_seed205,graph_wavenet,strong_baselines,226.97871872193755,global,boundary,10.0,applicable,global,,,all=0.900,all=23805,86100499.76823124,8050.537612737844,0.1109864422627396,23804.97402191162,42432366.194057465,4366813.357417379,10695
Graph WaveNet,Graph WaveNet,205,artifacts\strictmask_baseline_rerun_wtb_full\wtb_graph_wavenet_seed205,graph_wavenet,strong_baselines,226.97871872193755,physical-bin,boundary,10.0,applicable,physical,0.016305305834655375,0.8461538461538461,low=0.900;mid=0.900;high=0.900,low=28727.5;mid=26691.1;high=16220,81913999.34251472,7659.092972652148,0.09630668536699392,24956.587619310783,44485117.431421466,3742888.1911093257,10695
Graph WaveNet,Graph WaveNet,205,artifacts\strictmask_baseline_rerun_wtb_full\wtb_graph_wavenet_seed205,graph_wavenet,strong_baselines,226.97871872193755,gate-bin,boundary,10.0,not_applicable,gate,,,,,,,,,,,0
Graph WaveNet,Graph WaveNet,205,artifacts\strictmask_baseline_rerun_wtb_full\wtb_graph_wavenet_seed205,graph_wavenet,strong_baselines,226.97871872193755,global,boundary,20.0,applicable,global,,,all=0.950,all=44653.7,111371963.1139602,10413.460786719046,0.04862085086489014,44653.686175346375,79595195.60755491,1588838.375320265,10695
Graph WaveNet,Graph WaveNet,205,artifacts\strictmask_baseline_rerun_wtb_full\wtb_graph_wavenet_seed205,graph_wavenet,strong_baselines,226.97871872193755,physical-bin,boundary,20.0,applicable,physical,0.016305305834655375,0.8461538461538461,low=0.950;mid=0.950;high=0.950,low=41915;mid=51055.9;high=36629.7,105650665.73833957,9878.510120461859,0.04703132304815334,43126.99639567025,76873871.07528222,1438839.7331528687,10695
Graph WaveNet,Graph WaveNet,205,artifacts\strictmask_baseline_rerun_wtb_full\wtb_graph_wavenet_seed205,graph_wavenet,strong_baselines,226.97871872193755,gate-bin,boundary,20.0,not_applicable,gate,,,,,,,,,,,0
Graph WaveNet,Graph WaveNet,205,artifacts\strictmask_baseline_rerun_wtb_full\wtb_graph_wavenet_seed205,graph_wavenet,strong_baselines,226.97871872193755,global,boundary,50.0,applicable,global,,,all=0.975,all=60816,134865958.63259423,12610.187810434243,0.026180458158017766,60815.996965289116,108404514.59062785,529228.8808393279,10695
Graph WaveNet,Graph WaveNet,205,artifacts\strictmask_baseline_rerun_wtb_full\wtb_graph_wavenet_seed205,graph_wavenet,strong_baselines,226.97871872193755,physical-bin,boundary,50.0,applicable,physical,0.016305305834655375,0.8461538461538461,low=0.975;mid=0.975;high=0.975,low=53286.2;mid=66021.8;high=61512.2,135339873.84682605,12654.499658422257,0.026554464703132306,58962.986970986654,105101524.27578372,604766.9914208469,10695
Graph WaveNet,Graph WaveNet,205,artifacts\strictmask_baseline_rerun_wtb_full\wtb_graph_wavenet_seed205,graph_wavenet,strong_baselines,226.97871872193755,gate-bin,boundary,50.0,not_applicable,gate,,,,,,,,,,,0
Graph WaveNet,Graph WaveNet,205,artifacts\strictmask_baseline_rerun_wtb_full\wtb_graph_wavenet_seed205,graph_wavenet,strong_baselines,226.97871872193755,global,non_boundary,2.0,applicable,global,,,all=0.500,all=407.232,141558220.438243,1606.9908891943717,0.5752137043217654,407.23152470588684,5978769.629969478,67789725.40413676,88089
Graph WaveNet,Graph WaveNet,205,artifacts\strictmask_baseline_rerun_wtb_full\wtb_graph_wavenet_seed205,graph_wavenet,strong_baselines,226.97871872193755,physical-bin,non_boundary,2.0,applicable,physical,0.0,0.0,low=0.500;mid=0.500;high=0.500,low=399.326;mid=407.232;high=5781.86,141660595.73620093,1608.1530694661187,0.5760878202726788,405.1917062710564,5948822.035618514,67855886.8502912,88089
Graph WaveNet,Graph WaveNet,205,artifacts\strictmask_baseline_rerun_wtb_full\wtb_graph_wavenet_seed205,graph_wavenet,strong_baselines,226.97871872193755,gate-bin,non_boundary,2.0,not_applicable,gate,,,,,,,,,,,0
Graph WaveNet,Graph WaveNet,205,artifacts\strictmask_baseline_rerun_wtb_full\wtb_graph_wavenet_seed205,graph_wavenet,strong_baselines,226.97871872193755,global,non_boundary,5.0,applicable,global,,,all=0.800,all=7799.53,253248272.40736026,2874.9136941883808,0.23260566018458603,7799.531985259061,114508828.8415809,27747888.713155873,88089
Graph WaveNet,Graph WaveNet,205,artifacts\strictmask_baseline_rerun_wtb_full\wtb_graph_wavenet_seed205,graph_wavenet,strong_baselines,226.97871872193755,physical-bin,non_boundary,5.0,applicable,physical,0.0,0.0,low=0.800;mid=0.800;high=0.800,low=7454.77;mid=7799.53;high=47351.8,254830329.01652366,2892.873446361335,0.24215282271339214,7498.251472294019,110085578.99048463,28948950.00520781,88089
Graph WaveNet,Graph WaveNet,205,artifacts\strictmask_baseline_rerun_wtb_full\wtb_graph_wavenet_seed205,graph_wavenet,strong_baselines,226.97871872193755,gate-bin,non_boundary,5.0,not_applicable,gate,,,,,,,,,,,0
Graph WaveNet,Graph WaveNet,205,artifacts\strictmask_baseline_rerun_wtb_full\wtb_graph_wavenet_seed205,graph_wavenet,strong_baselines,226.97871872193755,global,non_boundary,10.0,applicable,global,,,all=0.900,all=14471.1,333373872.3445791,3784.511940702915,0.10146556323718058,14471.070573559397,212457022.62571228,12091684.971886696,88089
Graph WaveNet,Graph WaveNet,205,artifacts\strictmask_baseline_rerun_wtb_full\wtb_graph_wavenet_seed205,graph_wavenet,strong_baselines,226.97871872193755,physical-bin,non_boundary,10.0,applicable,physical,0.0,0.0,low=0.900;mid=0.900;high=0.900,low=13616.9;mid=14471.1;high=75317.3,335302263.8086732,3806.4033399025216,0.11377129948120651,13684.110542780065,200903268.93382552,13439899.487484768,88089
Graph WaveNet,Graph WaveNet,205,artifacts\strictmask_baseline_rerun_wtb_full\wtb_graph_wavenet_seed205,graph_wavenet,strong_baselines,226.97871872193755,gate-bin,non_boundary,10.0,not_applicable,gate,,,,,,,,,,,0
Graph WaveNet,Graph WaveNet,205,artifacts\strictmask_baseline_rerun_wtb_full\wtb_graph_wavenet_seed205,graph_wavenet,strong_baselines,226.97871872193755,global,non_boundary,20.0,applicable,global,,,all=0.950,all=21198.7,420892004.9600377,4778.031365551178,0.04125373202102419,21198.685445880892,311228500.37370026,5483175.229316875,88089
Graph WaveNet,Graph WaveNet,205,artifacts\strictmask_baseline_rerun_wtb_full\wtb_graph_wavenet_seed205,graph_wavenet,strong_baselines,226.97871872193755,physical-bin,non_boundary,20.0,applicable,physical,0.0,0.0,low=0.950;mid=0.950;high=0.950,low=19500.8;mid=21198.7;high=94056.3,420290344.56486636,4771.201223363489,0.051731771276776896,19582.022701508857,287493466.29220223,6639843.913633205,88089
Graph WaveNet,Graph WaveNet,205,artifacts\strictmask_baseline_rerun_wtb_full\wtb_graph_wavenet_seed205,graph_wavenet,strong_baselines,226.97871872193755,gate-bin,non_boundary,20.0,not_applicable,gate,,,,,,,,,,,0
Graph WaveNet,Graph WaveNet,205,artifacts\strictmask_baseline_rerun_wtb_full\wtb_graph_wavenet_seed205,graph_wavenet,strong_baselines,226.97871872193755,global,non_boundary,50.0,applicable,global,,,all=0.975,all=28673,545108178.9503428,6188.152651867347,0.017618544880745608,28673.00247201921,420962685.79295,2482909.863147855,88089
Graph WaveNet,Graph WaveNet,205,artifacts\strictmask_baseline_rerun_wtb_full\wtb_graph_wavenet_seed205,graph_wavenet,strong_baselines,226.97871872193755,physical-bin,non_boundary,50.0,applicable,physical,0.0,0.0,low=0.975;mid=0.975;high=0.975,low=25237.8;mid=28673;high=101735,549529737.2457714,6238.346867892375,0.025474236283758472,25321.173840230218,371752813.73533994,3555538.470208631,88089
Graph WaveNet,Graph WaveNet,205,artifacts\strictmask_baseline_rerun_wtb_full\wtb_graph_wavenet_seed205,graph_wavenet,strong_baselines,226.97871872193755,gate-bin,non_boundary,50.0,not_applicable,gate,,,,,,,,,,,0
Graph WaveNet,Graph WaveNet,205,artifacts\strictmask_baseline_rerun_wtb_full\wtb_graph_wavenet_seed205,graph_wavenet,strong_baselines,226.97871872193755,global,late_period,2.0,applicable,global,,,all=0.500,all=0,85964083.437164,1907.261347114927,0.6987486687965921,0.0,0.0,42982041.718582004,45072
Graph WaveNet,Graph WaveNet,205,artifacts\strictmask_baseline_rerun_wtb_full\wtb_graph_wavenet_seed205,graph_wavenet,strong_baselines,226.97871872193755,physical-bin,late_period,2.0,applicable,physical,0.0,0.0,low=0.500;mid=0.500;high=0.500,low=0;mid=0;high=0,85964083.437164,1907.261347114927,0.6987486687965921,0.0,0.0,42982041.718582004,45072
Graph WaveNet,Graph WaveNet,205,artifacts\strictmask_baseline_rerun_wtb_full\wtb_graph_wavenet_seed205,graph_wavenet,strong_baselines,226.97871872193755,gate-bin,late_period,2.0,not_applicable,gate,,,,,,,,,,,0
Graph WaveNet,Graph WaveNet,205,artifacts\strictmask_baseline_rerun_wtb_full\wtb_graph_wavenet_seed205,graph_wavenet,strong_baselines,226.97871872193755,global,late_period,5.0,applicable,global,,,all=0.800,all=6840.08,157307773.66392368,3490.144073125747,0.27480475683351085,6840.084526729582,51382714.96479262,21185011.73982621,45072
Graph WaveNet,Graph WaveNet,205,artifacts\strictmask_baseline_rerun_wtb_full\wtb_graph_wavenet_seed205,graph_wavenet,strong_baselines,226.97871872193755,physical-bin,late_period,5.0,applicable,physical,0.0,0.0,low=0.800;mid=0.800;high=0.800,low=6914.36;mid=6840.08;high=6617.19,157084098.62541625,3485.1814569004314,0.27251952431664894,6892.36303484515,51775431.11775676,21061733.5015319,45072
Graph WaveNet,Graph WaveNet,205,artifacts\strictmask_baseline_rerun_wtb_full\wtb_graph_wavenet_seed205,graph_wavenet,strong_baselines,226.97871872193755,gate-bin,late_period,5.0,not_applicable,gate,,,,,,,,,,,0
Graph WaveNet,Graph WaveNet,205,artifacts\strictmask_baseline_rerun_wtb_full\wtb_graph_wavenet_seed205,graph_wavenet,strong_baselines,226.97871872193755,global,late_period,10.0,applicable,global,,,all=0.900,all=16451.2,214190710.44591933,4752.190061366688,0.0909877529286475,16451.22446460724,123581598.17812958,9060911.22677897,45072
Graph WaveNet,Graph WaveNet,205,artifacts\strictmask_baseline_rerun_wtb_full\wtb_graph_wavenet_seed205,graph_wavenet,strong_baselines,226.97871872193755,physical-bin,late_period,10.0,applicable,physical,0.0,0.0,low=0.900;mid=0.900;high=0.900,low=14449;mid=16451.2;high=24577.5,213327600.11314633,4733.040471093946,0.1125754348597799,15198.642960058482,114172205.91595931,9915539.419718705,45072
Graph WaveNet,Graph WaveNet,205,artifacts\strictmask_baseline_rerun_wtb_full\wtb_graph_wavenet_seed205,graph_wavenet,strong_baselines,226.97871872193755,gate-bin,late_period,10.0,not_applicable,gate,,,,,,,,,,,0
Graph WaveNet,Graph WaveNet,205,artifacts\strictmask_baseline_rerun_wtb_full\wtb_graph_wavenet_seed205,graph_wavenet,strong_baselines,226.97871872193755,global,late_period,20.0,applicable,global,,,all=0.950,all=28373.6,298987785.48882854,6633.5593159573245,0.032769790557330494,28373.623357772805,213142658.6635893,4292256.341261964,45072
Graph WaveNet,Graph WaveNet,205,artifacts\strictmask_baseline_rerun_wtb_full\wtb_graph_wavenet_seed205,graph_wavenet,strong_baselines,226.97871872193755,physical-bin,late_period,20.0,applicable,physical,0.0,0.0,low=0.950;mid=0.950;high=0.950,low=22175.6;mid=28373.6;high=49643.1,279350068.4656009,6197.862718885359,0.04523872914447994,24208.63752551134,181855285.0916412,4874739.168697988,45072
Graph WaveNet,Graph WaveNet,205,artifacts\strictmask_baseline_rerun_wtb_full\wtb_graph_wavenet_seed205,graph_wavenet,strong_baselines,226.97871872193755,gate-bin,late_period,20.0,not_applicable,gate,,,,,,,,,,,0
Graph WaveNet,Graph WaveNet,205,artifacts\strictmask_baseline_rerun_wtb_full\wtb_graph_wavenet_seed205,graph_wavenet,strong_baselines,226.97871872193755,global,late_period,50.0,applicable,global,,,all=0.975,all=43968.6,409350790.4572488,9082.15278792263,0.014931664891728789,43968.622197723365,330292289.9492979,1581170.010159017,45072
Graph WaveNet,Graph WaveNet,205,artifacts\strictmask_baseline_rerun_wtb_full\wtb_graph_wavenet_seed205,graph_wavenet,strong_baselines,226.97871872193755,physical-bin,late_period,50.0,applicable,physical,0.0,0.0,low=0.975;mid=0.975;high=0.975,low=29933.6;mid=43968.6;high=72138.1,384502739.70445454,8530.855957234082,0.024139155129570464,33057.378391919105,248327026.48009634,2723514.2644871664,45072
Graph WaveNet,Graph WaveNet,205,artifacts\strictmask_baseline_rerun_wtb_full\wtb_graph_wavenet_seed205,graph_wavenet,strong_baselines,226.97871872193755,gate-bin,late_period,50.0,not_applicable,gate,,,,,,,,,,,0
PatchTST,PatchTST,201,artifacts\strictmask_baseline_rerun_wtb_full\wtb_patchtst_seed201,patchtst,strong_baselines,232.20304007362623,global,full,2.0,applicable,global,,,all=0.500,all=932.688,235027245.79017857,2379.2035733537673,0.6353761742792355,932.6878185272217,15355772.244232178,109835736.7729732,98784
PatchTST,PatchTST,201,artifacts\strictmask_baseline_rerun_wtb_full\wtb_patchtst_seed201,patchtst,strong_baselines,232.20304007362623,physical-bin,full,2.0,applicable,physical,0.0,0.0,low=0.500;mid=0.500;high=0.500,low=1862.08;mid=932.688;high=0,230621843.31040043,2334.607257353422,0.5867346938775511,1741.7459228411824,28676104.873657227,100972869.2183716,98784
PatchTST,PatchTST,201,artifacts\strictmask_baseline_rerun_wtb_full\wtb_patchtst_seed201,patchtst,strong_baselines,232.20304007362623,gate-bin,full,2.0,not_applicable,gate,,,,,,,,,,,0
PatchTST,PatchTST,201,artifacts\strictmask_baseline_rerun_wtb_full\wtb_patchtst_seed201,patchtst,strong_baselines,232.20304007362623,global,full,5.0,applicable,global,,,all=0.800,all=11358.4,383737328.86123955,3884.6101480122243,0.2390873015873016,11358.372966766357,187004252.5248413,39346615.267279655,98784
PatchTST,PatchTST,201,artifacts\strictmask_baseline_rerun_wtb_full\wtb_patchtst_seed201,patchtst,strong_baselines,232.20304007362623,physical-bin,full,5.0,applicable,physical,0.0,0.0,low=0.800;mid=0.800;high=0.800,low=11607.7;mid=11358.4;high=9781.86,382715759.31854856,3874.268700584594,0.2332766439909297,11489.66678558902,189165873.9579376,38709977.072122194,98784
PatchTST,PatchTST,201,artifacts\strictmask_baseline_rerun_wtb_full\wtb_patchtst_seed201,patchtst,strong_baselines,232.20304007362623,gate-bin,full,5.0,not_applicable,gate,,,,,,,,,,,0
PatchTST,PatchTST,201,artifacts\strictmask_baseline_rerun_wtb_full\wtb_patchtst_seed201,patchtst,strong_baselines,232.20304007362623,global,full,10.0,applicable,global,,,all=0.900,all=19065.8,509551641.8556682,5158.240624551225,0.09273769031422092,19065.813217163086,313899548.80737305,19565209.304829523,98784
PatchTST,PatchTST,201,artifacts\strictmask_baseline_rerun_wtb_full\wtb_patchtst_seed201,patchtst,strong_baselines,232.20304007362623,physical-bin,full,10.0,applicable,physical,0.0,0.0,low=0.900;mid=0.900;high=0.900,low=18150.5;mid=19065.8;high=29305,508089295.1594593,5143.437147305832,0.10076530612244898,18871.346105013738,310697842.2729461,19739145.28865131,98784
PatchTST,PatchTST,201,artifacts\strictmask_baseline_rerun_wtb_full\wtb_patchtst_seed201,patchtst,strong_baselines,232.20304007362623,gate-bin,full,10.0,not_applicable,gate,,,,,,,,,,,0
PatchTST,PatchTST,201,artifacts\strictmask_baseline_rerun_wtb_full\wtb_patchtst_seed201,patchtst,strong_baselines,232.20304007362623,global,full,20.0,applicable,global,,,all=0.950,all=28501.1,677977925.9047405,6863.236211377758,0.03950032393909945,28501.13989150524,469242767.1737423,10436757.936549913,98784
PatchTST,PatchTST,201,artifacts\strictmask_baseline_rerun_wtb_full\wtb_patchtst_seed201,patchtst,strong_baselines,232.20304007362623,physical-bin,full,20.0,applicable,physical,0.0,0.0,low=0.950;mid=0.950;high=0.950,low=24858.2;mid=28501.1;high=56386.1,661429887.2361392,6695.718813129041,0.04557418205377389,26895.709527155163,442810961.6550826,10930946.279052831,98784
PatchTST,PatchTST,201,artifacts\strictmask_baseline_rerun_wtb_full\wtb_patchtst_seed201,patchtst,strong_baselines,232.20304007362623,gate-bin,full,20.0,not_applicable,gate,,,,,,,,,,,0
PatchTST,PatchTST,201,artifacts\strictmask_baseline_rerun_wtb_full\wtb_patchtst_seed201,patchtst,strong_baselines,232.20304007362623,global,full,50.0,applicable,global,,,all=0.975,all=42414.7,916797573.6301255,9280.830636845294,0.016612001943634595,42414.69090652466,698315471.085022,4369642.050902069,98784
PatchTST,PatchTST,201,artifacts\strictmask_baseline_rerun_wtb_full\wtb_patchtst_seed201,patchtst,strong_baselines,232.20304007362623,physical-bin,full,50.0,applicable,physical,0.0,0.0,low=0.975;mid=0.975;high=0.975,low=32526.7;mid=42414.7;high=76899.1,895057926.2602303,9060.75808086563,0.02628968253968254,35394.300919679394,582731770.3416015,6246523.118372579,98784
PatchTST,PatchTST,201,artifacts\strictmask_baseline_rerun_wtb_full\wtb_patchtst_seed201,patchtst,strong_baselines,232.20304007362623,gate-bin,full,50.0,not_applicable,gate,,,,,,,,,,,0
PatchTST,PatchTST,201,artifacts\strictmask_baseline_rerun_wtb_full\wtb_patchtst_seed201,patchtst,strong_baselines,232.20304007362623,global,non_overlap,2.0,applicable,global,,,all=0.500,all=1073.66,9604421.399419796,2327.2162344123567,0.6249091349648656,1073.658108472824,738497.8356112242,4432961.781904286,4127
PatchTST,PatchTST,201,artifacts\strictmask_baseline_rerun_wtb_full\wtb_patchtst_seed201,patchtst,strong_baselines,232.20304007362623,physical-bin,non_overlap,2.0,applicable,physical,0.0,0.0,low=0.500;mid=0.500;high=0.500,low=2118.27;mid=1073.66;high=0,9404567.772803117,2278.790349600949,0.570632420644536,1970.4487753139842,1355340.349286802,4024613.7117581563,4127
PatchTST,PatchTST,201,artifacts\strictmask_baseline_rerun_wtb_full\wtb_patchtst_seed201,patchtst,strong_baselines,232.20304007362623,gate-bin,non_overlap,2.0,not_applicable,gate,,,,,,,,,,,0
PatchTST,PatchTST,201,artifacts\strictmask_baseline_rerun_wtb_full\wtb_patchtst_seed201,patchtst,strong_baselines,232.20304007362623,global,non_overlap,5.0,applicable,global,,,all=0.800,all=11277.9,15659228.695646424,3794.3369749567296,0.23939907923431064,11277.921298968791,7757330.2001407,1580379.6991011444,4127
PatchTST,PatchTST,201,artifacts\strictmask_baseline_rerun_wtb_full\wtb_patchtst_seed201,patchtst,strong_baselines,232.20304007362623,physical-bin,non_overlap,5.0,applicable,physical,0.0,0.0,low=0.800;mid=0.800;high=0.800,low=11794.6;mid=11277.9;high=4103.26,15484237.279138105,3751.935371732034,0.23140295614247638,11257.82219321006,7743505.365229653,1548146.3827816902,4127
PatchTST,PatchTST,201,artifacts\strictmask_baseline_rerun_wtb_full\wtb_patchtst_seed201,patchtst,strong_baselines,232.20304007362623,gate-bin,non_overlap,5.0,not_applicable,gate,,,,,,,,,,,0
PatchTST,PatchTST,201,artifacts\strictmask_baseline_rerun_wtb_full\wtb_patchtst_seed201,patchtst,strong_baselines,232.20304007362623,global,non_overlap,10.0,applicable,global,,,all=0.900,all=18417.9,20854276.34816116,5053.132141546198,0.093530409498425,18417.932217741007,12668467.71043619,818580.8637724972,4127
PatchTST,PatchTST,201,artifacts\strictmask_baseline_rerun_wtb_full\wtb_patchtst_seed201,patchtst,strong_baselines,232.20304007362623,physical-bin,non_overlap,10.0,applicable,physical,0.0,0.0,low=0.900;mid=0.900;high=0.900,low=18192.2;mid=18417.9;high=25724,21012016.524632256,5091.353652685306,0.09595347710201114,18717.83044490195,12874747.707685057,813726.8816947198,4127
PatchTST,PatchTST,201,artifacts\strictmask_baseline_rerun_wtb_full\wtb_patchtst_seed201,patchtst,strong_baselines,232.20304007362623,gate-bin,non_overlap,10.0,not_applicable,gate,,,,,,,,,,,0
PatchTST,PatchTST,201,artifacts\strictmask_baseline_rerun_wtb_full\wtb_patchtst_seed201,patchtst,strong_baselines,232.20304007362623,global,non_overlap,20.0,applicable,global,,,all=0.950,all=30967.1,27807722.929916665,6737.999256098053,0.038526774897019625,30967.051856613136,21300170.5020404,325377.6213938135,4127
PatchTST,PatchTST,201,artifacts\strictmask_baseline_rerun_wtb_full\wtb_patchtst_seed201,patchtst,strong_baselines,232.20304007362623,physical-bin,non_overlap,20.0,applicable,physical,0.0,0.0,low=0.950;mid=0.950;high=0.950,low=26556.3;mid=30967.1;high=59843.2,27683538.07627695,6707.908426527005,0.042645989823116064,28879.22010827514,19864090.231141917,390972.39225675154,4127
PatchTST,PatchTST,201,artifacts\strictmask_baseline_rerun_wtb_full\wtb_patchtst_seed201,patchtst,strong_baselines,232.20304007362623,gate-bin,non_overlap,20.0,not_applicable,gate,,,,,,,,,,,0
PatchTST,PatchTST,201,artifacts\strictmask_baseline_rerun_wtb_full\wtb_patchtst_seed201,patchtst,strong_baselines,232.20304007362623,global,non_overlap,50.0,applicable,global,,,all=0.975,all=43316,35357464.970277876,8567.35279144121,0.014780712381875455,43315.9711255491,29794168.805856854,111265.92328842051,4127
PatchTST,PatchTST,201,artifacts\strictmask_baseline_rerun_wtb_full\wtb_patchtst_seed201,patchtst,strong_baselines,232.20304007362623,physical-bin,non_overlap,50.0,applicable,physical,0.0,0.0,low=0.975;mid=0.975;high=0.975,low=37167.4;mid=43316;high=84710,35185406.34197302,8525.661822624914,0.021565301671916646,40485.12784787311,27847020.438028723,146767.71807888584,4127
PatchTST,PatchTST,201,artifacts\strictmask_baseline_rerun_wtb_full\wtb_patchtst_seed201,patchtst,strong_baselines,232.20304007362623,gate-bin,non_overlap,50.0,not_applicable,gate,,,,,,,,,,,0
PatchTST,PatchTST,201,artifacts\strictmask_baseline_rerun_wtb_full\wtb_patchtst_seed201,patchtst,strong_baselines,232.20304007362623,global,boundary,2.0,applicable,global,,,all=0.500,all=0,31392942.09387382,2935.2914533776366,0.3533426834969612,0.0,0.0,15696471.04693691,10695
PatchTST,PatchTST,201,artifacts\strictmask_baseline_rerun_wtb_full\wtb_patchtst_seed201,patchtst,strong_baselines,232.20304007362623,physical-bin,boundary,2.0,applicable,physical,0.016305305834655375,0.8461538461538461,low=0.500;mid=0.500;high=0.500,low=0;mid=0;high=0,31392942.09387382,2935.2914533776366,0.3533426834969612,0.0,0.0,15696471.04693691,10695
PatchTST,PatchTST,201,artifacts\strictmask_baseline_rerun_wtb_full\wtb_patchtst_seed201,patchtst,strong_baselines,232.20304007362623,gate-bin,boundary,2.0,not_applicable,gate,,,,,,,,,,,0
PatchTST,PatchTST,201,artifacts\strictmask_baseline_rerun_wtb_full\wtb_patchtst_seed201,patchtst,strong_baselines,232.20304007362623,global,boundary,5.0,applicable,global,,,all=0.800,all=9741.18,69922451.70273185,6537.863646819247,0.24918186068256196,9741.175170898438,17363644.742126465,10511761.392121078,10695
PatchTST,PatchTST,201,artifacts\strictmask_baseline_rerun_wtb_full\wtb_patchtst_seed201,patchtst,strong_baselines,232.20304007362623,physical-bin,boundary,5.0,applicable,physical,0.016305305834655375,0.8461538461538461,low=0.800;mid=0.800;high=0.800,low=15229.4;mid=9623.01;high=3763.71,65479036.29194828,6122.397035245281,0.2278634876110332,10723.610933617463,19114836.48917313,9272839.960555032,10695
PatchTST,PatchTST,201,artifacts\strictmask_baseline_rerun_wtb_full\wtb_patchtst_seed201,patchtst,strong_baselines,232.20304007362623,gate-bin,boundary,5.0,not_applicable,gate,,,,,,,,,,,0
PatchTST,PatchTST,201,artifacts\strictmask_baseline_rerun_wtb_full\wtb_patchtst_seed201,patchtst,strong_baselines,232.20304007362623,global,boundary,10.0,applicable,global,,,all=0.900,all=24833.5,97839995.5877078,9148.199680945096,0.14137447405329592,24833.496063232422,44265706.73271179,5357428.885499602,10695
PatchTST,PatchTST,201,artifacts\strictmask_baseline_rerun_wtb_full\wtb_patchtst_seed201,patchtst,strong_baselines,232.20304007362623,physical-bin,boundary,10.0,applicable,physical,0.016305305834655375,0.8461538461538461,low=0.900;mid=0.900;high=0.900,low=32970.8;mid=25452.3;high=15194.6,90412213.75164238,8453.689925352255,0.11491351098644226,26314.276076636128,46905197.1066039,4350701.664503847,10695
PatchTST,PatchTST,201,artifacts\strictmask_baseline_rerun_wtb_full\wtb_patchtst_seed201,patchtst,strong_baselines,232.20304007362623,gate-bin,boundary,10.0,not_applicable,gate,,,,,,,,,,,0
PatchTST,PatchTST,201,artifacts\strictmask_baseline_rerun_wtb_full\wtb_patchtst_seed201,patchtst,strong_baselines,232.20304007362623,global,boundary,20.0,applicable,global,,,all=0.950,all=47125.8,119716954.21145551,11193.731109065498,0.05600748013090229,47125.80050420761,84001739.39875007,1785760.7406352726,10695
PatchTST,PatchTST,201,artifacts\strictmask_baseline_rerun_wtb_full\wtb_patchtst_seed201,patchtst,strong_baselines,232.20304007362623,physical-bin,boundary,20.0,applicable,physical,0.016305305834655375,0.8461538461538461,low=0.950;mid=0.950;high=0.950,low=48802.7;mid=48094;high=37889.7,114797412.89139435,10733.745945899425,0.05292192613370734,45812.10879898101,81660083.93418366,1656866.4478605362,10695
PatchTST,PatchTST,201,artifacts\strictmask_baseline_rerun_wtb_full\wtb_patchtst_seed201,patchtst,strong_baselines,232.20304007362623,gate-bin,boundary,20.0,not_applicable,gate,,,,,,,,,,,0
PatchTST,PatchTST,201,artifacts\strictmask_baseline_rerun_wtb_full\wtb_patchtst_seed201,patchtst,strong_baselines,232.20304007362623,global,boundary,50.0,applicable,global,,,all=0.975,all=65593,143814418.61753356,13446.88346119996,0.024590930341280973,65593.00678825378,116919534.60006237,537897.6803494245,10695
PatchTST,PatchTST,201,artifacts\strictmask_baseline_rerun_wtb_full\wtb_patchtst_seed201,patchtst,strong_baselines,232.20304007362623,physical-bin,boundary,50.0,applicable,physical,0.016305305834655375,0.8461538461538461,low=0.975;mid=0.975;high=0.975,low=61372.4;mid=72700.7;high=64712.9,142853063.8245193,13356.995215008817,0.024590930341280973,65404.60109726847,116583701.45588103,525387.2473727656,10695
PatchTST,PatchTST,201,artifacts\strictmask_baseline_rerun_wtb_full\wtb_patchtst_seed201,patchtst,strong_baselines,232.20304007362623,gate-bin,boundary,50.0,not_applicable,gate,,,,,,,,,,,0
PatchTST,PatchTST,201,artifacts\strictmask_baseline_rerun_wtb_full\wtb_patchtst_seed201,patchtst,strong_baselines,232.20304007362623,global,non_boundary,2.0,applicable,global,,,all=0.500,all=2188.87,198176926.24107438,2249.7352250686736,0.5969076729217042,2188.8741812109947,32135956.29144922,83020484.9748126,88089
PatchTST,PatchTST,201,artifacts\strictmask_baseline_rerun_wtb_full\wtb_patchtst_seed201,patchtst,strong_baselines,232.20304007362623,physical-bin,non_boundary,2.0,applicable,physical,0.0,0.0,low=0.500;mid=0.500;high=0.500,low=2181.44;mid=2188.87;high=3673.57,198218534.52119428,2250.207568722477,0.5973958155955909,2183.0648852475974,32050667.1127626,83083933.70421582,88089
PatchTST,PatchTST,201,artifacts\strictmask_baseline_rerun_wtb_full\wtb_patchtst_seed201,patchtst,strong_baselines,232.20304007362623,gate-bin,non_boundary,2.0,not_applicable,gate,,,,,,,,,,,0
PatchTST,PatchTST,201,artifacts\strictmask_baseline_rerun_wtb_full\wtb_patchtst_seed201,patchtst,strong_baselines,232.20304007362623,global,non_boundary,5.0,applicable,global,,,all=0.800,all=11739.4,313463397.9219022,3558.4851448183335,0.22906378776010625,11739.373563575748,172351612.97363734,28222356.989652976,88089
PatchTST,PatchTST,201,artifacts\strictmask_baseline_rerun_wtb_full\wtb_patchtst_seed201,patchtst,strong_baselines,232.20304007362623,physical-bin,non_boundary,5.0,applicable,physical,0.0,0.0,low=0.800;mid=0.800;high=0.800,low=11362.4;mid=11739.4;high=49161.1,315009190.58299065,3576.033223024335,0.2394283054637923,11403.566117988132,167421455.96124274,29517546.924349584,88089
PatchTST,PatchTST,201,artifacts\strictmask_baseline_rerun_wtb_full\wtb_patchtst_seed201,patchtst,strong_baselines,232.20304007362623,gate-bin,non_boundary,5.0,not_applicable,gate,,,,,,,,,,,0
PatchTST,PatchTST,201,artifacts\strictmask_baseline_rerun_wtb_full\wtb_patchtst_seed201,patchtst,strong_baselines,232.20304007362623,global,non_boundary,10.0,applicable,global,,,all=0.900,all=18180.8,404135872.66735613,4587.813151101229,0.09332606795400107,18180.828414583204,266921832.36870328,13721404.02986528,88089
PatchTST,PatchTST,201,artifacts\strictmask_baseline_rerun_wtb_full\wtb_patchtst_seed201,patchtst,strong_baselines,232.20304007362623,physical-bin,non_boundary,10.0,applicable,physical,0.0,0.0,low=0.900;mid=0.900;high=0.900,low=17422.4;mid=18180.8;high=72991.8,404875534.03559446,4596.209901753845,0.10415602402116042,17482.983263552775,256676418.78385,14819911.525174433,88089
PatchTST,PatchTST,201,artifacts\strictmask_baseline_rerun_wtb_full\wtb_patchtst_seed201,patchtst,strong_baselines,232.20304007362623,gate-bin,non_boundary,10.0,not_applicable,gate,,,,,,,,,,,0
PatchTST,PatchTST,201,artifacts\strictmask_baseline_rerun_wtb_full\wtb_patchtst_seed201,patchtst,strong_baselines,232.20304007362623,global,non_boundary,20.0,applicable,global,,,all=0.950,all=24728.9,519435951.2609944,5896.717538636996,0.03970983891291762,24728.850131639832,363056613.2076702,7818966.902666207,88089
PatchTST,PatchTST,201,artifacts\strictmask_baseline_rerun_wtb_full\wtb_patchtst_seed201,patchtst,strong_baselines,232.20304007362623,physical-bin,non_boundary,20.0,applicable,physical,0.0,0.0,low=0.950;mid=0.950;high=0.950,low=23152.4;mid=24728.9;high=97090.9,517370347.41636217,5873.268483197246,0.0466914143650172,23232.990017396853,341095142.94041187,8813760.223797511,88089
PatchTST,PatchTST,201,artifacts\strictmask_baseline_rerun_wtb_full\wtb_patchtst_seed201,patchtst,strong_baselines,232.20304007362623,gate-bin,non_boundary,20.0,not_applicable,gate,,,,,,,,,,,0
PatchTST,PatchTST,201,artifacts\strictmask_baseline_rerun_wtb_full\wtb_patchtst_seed201,patchtst,strong_baselines,232.20304007362623,global,non_boundary,50.0,applicable,global,,,all=0.975,all=32134.3,698915516.4860965,7934.197419497287,0.023169748776805277,32134.259727215805,471779134.1851188,4542727.646019553,88089
PatchTST,PatchTST,201,artifacts\strictmask_baseline_rerun_wtb_full\wtb_patchtst_seed201,patchtst,strong_baselines,232.20304007362623,physical-bin,non_boundary,50.0,applicable,physical,0.0,0.0,low=0.975;mid=0.975;high=0.975,low=28628.5;mid=32134.3;high=105083,715990353.7567387,8128.033622322182,0.029277208277991577,28711.84993475755,421533024.81714296,5889146.578791917,88089
PatchTST,PatchTST,201,artifacts\strictmask_baseline_rerun_wtb_full\wtb_patchtst_seed201,patchtst,strong_baselines,232.20304007362623,gate-bin,non_boundary,50.0,not_applicable,gate,,,,,,,,,,,0
PatchTST,PatchTST,201,artifacts\strictmask_baseline_rerun_wtb_full\wtb_patchtst_seed201,patchtst,strong_baselines,232.20304007362623,global,late_period,2.0,applicable,global,,,all=0.500,all=0,122730105.28340796,2722.978906713879,0.7935525381611643,0.0,0.0,61365052.64170398,45072
PatchTST,PatchTST,201,artifacts\strictmask_baseline_rerun_wtb_full\wtb_patchtst_seed201,patchtst,strong_baselines,232.20304007362623,physical-bin,late_period,2.0,applicable,physical,0.0,0.0,low=0.500;mid=0.500;high=0.500,low=652.414;mid=0;high=0,120071746.807228,2663.9986423328896,0.7147231096911608,604.1259773100019,4538194.341552734,57766776.23283763,45072
PatchTST,PatchTST,201,artifacts\strictmask_baseline_rerun_wtb_full\wtb_patchtst_seed201,patchtst,strong_baselines,232.20304007362623,gate-bin,late_period,2.0,not_applicable,gate,,,,,,,,,,,0
PatchTST,PatchTST,201,artifacts\strictmask_baseline_rerun_wtb_full\wtb_patchtst_seed201,patchtst,strong_baselines,232.20304007362623,global,late_period,5.0,applicable,global,,,all=0.800,all=9884.66,197988255.06359732,4392.710664350313,0.3036253106141285,9884.659492492678,74253562.10760498,24746938.591198463,45072
PatchTST,PatchTST,201,artifacts\strictmask_baseline_rerun_wtb_full\wtb_patchtst_seed201,patchtst,strong_baselines,232.20304007362623,physical-bin,late_period,5.0,applicable,physical,0.0,0.0,low=0.800;mid=0.800;high=0.800,low=10702.9;mid=9884.66;high=6598.4,194772269.6928596,4321.358486263303,0.28179357472488464,10399.128376756411,78118252.36619416,23330803.465333078,45072
PatchTST,PatchTST,201,artifacts\strictmask_baseline_rerun_wtb_full\wtb_patchtst_seed201,patchtst,strong_baselines,232.20304007362623,gate-bin,late_period,5.0,not_applicable,gate,,,,,,,,,,,0
PatchTST,PatchTST,201,artifacts\strictmask_baseline_rerun_wtb_full\wtb_patchtst_seed201,patchtst,strong_baselines,232.20304007362623,global,late_period,10.0,applicable,global,,,all=0.900,all=18717.1,260694327.8453719,5783.952960715564,0.1051650692225772,18717.06615753174,140602600.97537842,12009172.686999345,45072
PatchTST,PatchTST,201,artifacts\strictmask_baseline_rerun_wtb_full\wtb_patchtst_seed201,patchtst,strong_baselines,232.20304007362623,physical-bin,late_period,10.0,applicable,physical,0.0,0.0,low=0.900;mid=0.900;high=0.900,low=17630.4;mid=18717.1;high=24550.8,260891936.95911348,5788.337259476249,0.11934238551650692,18142.578413240324,136287049.0402613,12460488.791885216,45072
PatchTST,PatchTST,201,artifacts\strictmask_baseline_rerun_wtb_full\wtb_patchtst_seed201,patchtst,strong_baselines,232.20304007362623,gate-bin,late_period,10.0,not_applicable,gate,,,,,,,,,,,0
PatchTST,PatchTST,201,artifacts\strictmask_baseline_rerun_wtb_full\wtb_patchtst_seed201,patchtst,strong_baselines,232.20304007362623,global,late_period,20.0,applicable,global,,,all=0.950,all=30215.1,355658026.0984303,7890.886273039366,0.044484380546680864,30215.115707015975,226975949.191104,6434103.84536631,45072
PatchTST,PatchTST,201,artifacts\strictmask_baseline_rerun_wtb_full\wtb_patchtst_seed201,patchtst,strong_baselines,232.20304007362623,physical-bin,late_period,20.0,applicable,physical,0.0,0.0,low=0.950;mid=0.950;high=0.950,low=25317.4;mid=30215.1;high=50947.2,343801584.82621586,7627.83068925754,0.05065228966986156,27214.37832864993,204434410.00481826,6968358.741069879,45072
PatchTST,PatchTST,201,artifacts\strictmask_baseline_rerun_wtb_full\wtb_patchtst_seed201,patchtst,strong_baselines,232.20304007362623,gate-bin,late_period,20.0,not_applicable,gate,,,,,,,,,,,0
PatchTST,PatchTST,201,artifacts\strictmask_baseline_rerun_wtb_full\wtb_patchtst_seed201,patchtst,strong_baselines,232.20304007362623,global,late_period,50.0,applicable,global,,,all=0.975,all=46751.6,481261693.16767293,10677.620100454227,0.020944266950656727,46751.55300884246,351197666.2024245,2601280.539304967,45072
PatchTST,PatchTST,201,artifacts\strictmask_baseline_rerun_wtb_full\wtb_patchtst_seed201,patchtst,strong_baselines,232.20304007362623,physical-bin,late_period,50.0,applicable,physical,0.0,0.0,low=0.975;mid=0.975;high=0.975,low=33026.3;mid=46751.6;high=75371.6,488051826.93931055,10828.270920733727,0.03283635072772453,36160.50609736553,271637721.8034098,4328282.102718015,45072
PatchTST,PatchTST,201,artifacts\strictmask_baseline_rerun_wtb_full\wtb_patchtst_seed201,patchtst,strong_baselines,232.20304007362623,gate-bin,late_period,50.0,not_applicable,gate,,,,,,,,,,,0
PatchTST,PatchTST,202,artifacts\strictmask_baseline_rerun_wtb_full\wtb_patchtst_seed202,patchtst,strong_baselines,227.36815880100448,global,full,2.0,applicable,global,,,all=0.500,all=207.176,211149800.78680742,2137.48988486807,0.6241091674765145,207.17600673437119,3410945.774874687,103869427.50596638,98784
PatchTST,PatchTST,202,artifacts\strictmask_baseline_rerun_wtb_full\wtb_patchtst_seed202,patchtst,strong_baselines,227.36815880100448,physical-bin,full,2.0,applicable,physical,0.0,0.0,low=0.500;mid=0.500;high=0.500,low=1104.37;mid=207.176;high=0,208021321.24148273,2105.819983413131,0.5502409297052154,1032.9972566390525,17007266.83330536,95507027.2040887,98784
PatchTST,PatchTST,202,artifacts\strictmask_baseline_rerun_wtb_full\wtb_patchtst_seed202,patchtst,strong_baselines,227.36815880100448,gate-bin,full,2.0,not_applicable,gate,,,,,,,,,,,0
PatchTST,PatchTST,202,artifacts\strictmask_baseline_rerun_wtb_full\wtb_patchtst_seed202,patchtst,strong_baselines,227.36815880100448,global,full,5.0,applicable,global,,,all=0.800,all=10827.2,371628919.5932099,3762.035548198189,0.2178591674765144,10827.236640930176,178259624.0562744,38673859.1073871,98784
PatchTST,PatchTST,202,artifacts\strictmask_baseline_rerun_wtb_full\wtb_patchtst_seed202,patchtst,strong_baselines,227.36815880100448,physical-bin,full,5.0,applicable,physical,0.0,0.0,low=0.800;mid=0.800;high=0.800,low=10927.2;mid=10827.2;high=9810.84,371135620.3960414,3757.041832645382,0.21597627146096535,10855.046362403953,178717483.31061867,38483627.41708456,98784
PatchTST,PatchTST,202,artifacts\strictmask_baseline_rerun_wtb_full\wtb_patchtst_seed202,patchtst,strong_baselines,227.36815880100448,gate-bin,full,5.0,not_applicable,gate,,,,,,,,,,,0
PatchTST,PatchTST,202,artifacts\strictmask_baseline_rerun_wtb_full\wtb_patchtst_seed202,patchtst,strong_baselines,227.36815880100448,global,full,10.0,applicable,global,,,all=0.900,all=19809.7,501943374.4106135,5081.22139628496,0.0876356494978944,19809.689771413803,326146732.39655685,17579664.201405667,98784
PatchTST,PatchTST,202,artifacts\strictmask_baseline_rerun_wtb_full\wtb_patchtst_seed202,patchtst,strong_baselines,227.36815880100448,physical-bin,full,10.0,applicable,physical,0.0,0.0,low=0.900;mid=0.900;high=0.900,low=18509.5;mid=19809.7;high=30510.4,501649013.0629266,5078.241547851136,0.09665532879818595,19285.05562402408,317509155.79393244,18413985.72689942,98784
PatchTST,PatchTST,202,artifacts\strictmask_baseline_rerun_wtb_full\wtb_patchtst_seed202,patchtst,strong_baselines,227.36815880100448,gate-bin,full,10.0,not_applicable,gate,,,,,,,,,,,0
PatchTST,PatchTST,202,artifacts\strictmask_baseline_rerun_wtb_full\wtb_patchtst_seed202,patchtst,strong_baselines,227.36815880100448,global,full,20.0,applicable,global,,,all=0.950,all=30363.2,651054776.148566,6590.690558679199,0.037698412698412696,30363.21576011181,499899984.2744808,7557739.593704257,98784
PatchTST,PatchTST,202,artifacts\strictmask_baseline_rerun_wtb_full\wtb_patchtst_seed202,patchtst,strong_baselines,227.36815880100448,physical-bin,full,20.0,applicable,physical,0.0,0.0,low=0.950;mid=0.950;high=0.950,low=26437.6;mid=30363.2;high=53907.3,643114127.9035958,6510.30660738172,0.04610058309037901,28212.848988231985,464496345.7422514,8930889.108067237,98784
PatchTST,PatchTST,202,artifacts\strictmask_baseline_rerun_wtb_full\wtb_patchtst_seed202,patchtst,strong_baselines,227.36815880100448,gate-bin,full,20.0,not_applicable,gate,,,,,,,,,,,0
PatchTST,PatchTST,202,artifacts\strictmask_baseline_rerun_wtb_full\wtb_patchtst_seed202,patchtst,strong_baselines,227.36815880100448,global,full,50.0,applicable,global,,,all=0.975,all=43606.6,839321807.8174459,8496.535955392026,0.012532393909944931,43606.625462293625,717939481.6112022,2427646.5241248743,98784
PatchTST,PatchTST,202,artifacts\strictmask_baseline_rerun_wtb_full\wtb_patchtst_seed202,patchtst,strong_baselines,227.36815880100448,physical-bin,full,50.0,applicable,physical,0.0,0.0,low=0.975;mid=0.975;high=0.975,low=34851.7;mid=43606.6;high=72089.7,816339599.7284117,8263.88483690083,0.023941124068675088,37258.21850002424,613419309.384399,4058405.806880249,98784
PatchTST,PatchTST,202,artifacts\strictmask_baseline_rerun_wtb_full\wtb_patchtst_seed202,patchtst,strong_baselines,227.36815880100448,gate-bin,full,50.0,not_applicable,gate,,,,,,,,,,,0
PatchTST,PatchTST,202,artifacts\strictmask_baseline_rerun_wtb_full\wtb_patchtst_seed202,patchtst,strong_baselines,227.36815880100448,global,non_overlap,2.0,applicable,global,,,all=0.500,all=243.405,8577686.32788911,2078.4313854831867,0.6149745577901623,243.40519523620605,167422.2067899704,4205132.06054957,4127
PatchTST,PatchTST,202,artifacts\strictmask_baseline_rerun_wtb_full\wtb_patchtst_seed202,patchtst,strong_baselines,227.36815880100448,physical-bin,non_overlap,2.0,applicable,physical,0.0,0.0,low=0.500;mid=0.500;high=0.500,low=1330.59;mid=243.405;high=0,8431628.273706751,2043.040531549976,0.5340440998303853,1237.7372289981702,851356.9240125746,3790135.6748470888,4127
PatchTST,PatchTST,202,artifacts\strictmask_baseline_rerun_wtb_full\wtb_patchtst_seed202,patchtst,strong_baselines,227.36815880100448,gate-bin,non_overlap,2.0,not_applicable,gate,,,,,,,,,,,0
PatchTST,PatchTST,202,artifacts\strictmask_baseline_rerun_wtb_full\wtb_patchtst_seed202,patchtst,strong_baselines,227.36815880100448,global,non_overlap,5.0,applicable,global,,,all=0.800,all=10814.8,15097183.803247444,3658.1496979034273,0.20523382602374607,10814.831622314461,7438801.684215297,1531676.423806429,4127
PatchTST,PatchTST,202,artifacts\strictmask_baseline_rerun_wtb_full\wtb_patchtst_seed202,patchtst,strong_baselines,227.36815880100448,physical-bin,non_overlap,5.0,applicable,physical,0.0,0.0,low=0.800;mid=0.800;high=0.800,low=11717.8;mid=10814.8;high=1160.89,14948085.680336434,3622.02221476531,0.19045311364187062,10981.065372829204,7553142.798944354,1478988.5762784164,4127
PatchTST,PatchTST,202,artifacts\strictmask_baseline_rerun_wtb_full\wtb_patchtst_seed202,patchtst,strong_baselines,227.36815880100448,gate-bin,non_overlap,5.0,not_applicable,gate,,,,,,,,,,,0
PatchTST,PatchTST,202,artifacts\strictmask_baseline_rerun_wtb_full\wtb_patchtst_seed202,patchtst,strong_baselines,227.36815880100448,global,non_overlap,10.0,applicable,global,,,all=0.900,all=19125.1,20836889.63980004,5048.919224569915,0.08674582020838381,19125.14951004982,13154915.337995935,768197.4301804105,4127
PatchTST,PatchTST,202,artifacts\strictmask_baseline_rerun_wtb_full\wtb_patchtst_seed202,patchtst,strong_baselines,227.36815880100448,physical-bin,non_overlap,10.0,applicable,physical,0.0,0.0,low=0.900;mid=0.900;high=0.900,low=18926.2;mid=19125.1;high=21276,20856500.04050318,5053.670957233628,0.08868427429125272,19090.170748375054,13130855.779757308,772564.426074587,4127
PatchTST,PatchTST,202,artifacts\strictmask_baseline_rerun_wtb_full\wtb_patchtst_seed202,patchtst,strong_baselines,227.36815880100448,gate-bin,non_overlap,10.0,not_applicable,gate,,,,,,,,,,,0
PatchTST,PatchTST,202,artifacts\strictmask_baseline_rerun_wtb_full\wtb_patchtst_seed202,patchtst,strong_baselines,227.36815880100448,global,non_overlap,20.0,applicable,global,,,all=0.950,all=29223.6,26893438.58378703,6516.461978140788,0.043857523624909134,29223.579744523755,20100952.267608255,339624.3158089386,4127
PatchTST,PatchTST,202,artifacts\strictmask_baseline_rerun_wtb_full\wtb_patchtst_seed202,patchtst,strong_baselines,227.36815880100448,physical-bin,non_overlap,20.0,applicable,physical,0.0,0.0,low=0.950;mid=0.950;high=0.950,low=27260.4;mid=29223.6;high=50517.3,27203066.21453297,6591.48684626435,0.04773443179064696,28883.389233316633,19866957.89431629,366805.4160108338,4127
PatchTST,PatchTST,202,artifacts\strictmask_baseline_rerun_wtb_full\wtb_patchtst_seed202,patchtst,strong_baselines,227.36815880100448,gate-bin,non_overlap,20.0,not_applicable,gate,,,,,,,,,,,0
PatchTST,PatchTST,202,artifacts\strictmask_baseline_rerun_wtb_full\wtb_patchtst_seed202,patchtst,strong_baselines,227.36815880100448,global,non_overlap,50.0,applicable,global,,,all=0.975,all=43055.2,33736439.31388116,8174.567316181527,0.015023019142234069,43055.17392101139,29614783.795335665,82433.1103709098,4127
PatchTST,PatchTST,202,artifacts\strictmask_baseline_rerun_wtb_full\wtb_patchtst_seed202,patchtst,strong_baselines,227.36815880100448,physical-bin,non_overlap,50.0,applicable,physical,0.0,0.0,low=0.975;mid=0.975;high=0.975,low=36018.6;mid=43055.2;high=74192.4,34417340.854255855,8339.554362552908,0.022534528713351102,38682.540833566105,26607141.003354553,156203.9970180262,4127
PatchTST,PatchTST,202,artifacts\strictmask_baseline_rerun_wtb_full\wtb_patchtst_seed202,patchtst,strong_baselines,227.36815880100448,gate-bin,non_overlap,50.0,not_applicable,gate,,,,,,,,,,,0
PatchTST,PatchTST,202,artifacts\strictmask_baseline_rerun_wtb_full\wtb_patchtst_seed202,patchtst,strong_baselines,227.36815880100448,global,boundary,2.0,applicable,global,,,all=0.500,all=0,26082307.8179493,2438.7384589012904,0.31294997662459095,0.0,0.0,13041153.90897465,10695
PatchTST,PatchTST,202,artifacts\strictmask_baseline_rerun_wtb_full\wtb_patchtst_seed202,patchtst,strong_baselines,227.36815880100448,physical-bin,boundary,2.0,applicable,physical,0.016305305834655375,0.8461538461538461,low=0.500;mid=0.500;high=0.500,low=0;mid=0;high=0,26082307.8179493,2438.7384589012904,0.31294997662459095,0.0,0.0,13041153.90897465,10695
PatchTST,PatchTST,202,artifacts\strictmask_baseline_rerun_wtb_full\wtb_patchtst_seed202,patchtst,strong_baselines,227.36815880100448,gate-bin,boundary,2.0,not_applicable,gate,,,,,,,,,,,0
PatchTST,PatchTST,202,artifacts\strictmask_baseline_rerun_wtb_full\wtb_patchtst_seed202,patchtst,strong_baselines,227.36815880100448,global,boundary,5.0,applicable,global,,,all=0.800,all=10421.1,59411904.47521727,5555.1102828627645,0.21654978962131838,10421.087463378906,18575588.4034729,8167263.214348875,10695
PatchTST,PatchTST,202,artifacts\strictmask_baseline_rerun_wtb_full\wtb_patchtst_seed202,patchtst,strong_baselines,227.36815880100448,physical-bin,boundary,5.0,applicable,physical,0.016305305834655375,0.8461538461538461,low=0.800;mid=0.800;high=0.800,low=18295.5;mid=8596;high=364.458,53470104.525797516,4999.542265151708,0.18532024310425432,10987.61943899693,19585431.650012024,6776934.5751571,10695
PatchTST,PatchTST,202,artifacts\strictmask_baseline_rerun_wtb_full\wtb_patchtst_seed202,patchtst,strong_baselines,227.36815880100448,gate-bin,boundary,5.0,not_applicable,gate,,,,,,,,,,,0
PatchTST,PatchTST,202,artifacts\strictmask_baseline_rerun_wtb_full\wtb_patchtst_seed202,patchtst,strong_baselines,227.36815880100448,global,boundary,10.0,applicable,global,,,all=0.900,all=28125.6,83183082.90416753,7777.754362241004,0.1016362786348761,28125.629617214203,50133934.79268432,3304914.8111483213,10695
PatchTST,PatchTST,202,artifacts\strictmask_baseline_rerun_wtb_full\wtb_patchtst_seed202,patchtst,strong_baselines,227.36815880100448,physical-bin,boundary,10.0,applicable,physical,0.016305305834655375,0.8461538461538461,low=0.900;mid=0.900;high=0.900,low=35328.8;mid=29569;high=18214.3,78017524.03129485,7294.766155333787,0.08115942028985507,29334.931929616607,52289516.1645416,2572800.786675327,10695
PatchTST,PatchTST,202,artifacts\strictmask_baseline_rerun_wtb_full\wtb_patchtst_seed202,patchtst,strong_baselines,227.36815880100448,gate-bin,boundary,10.0,not_applicable,gate,,,,,,,,,,,0
PatchTST,PatchTST,202,artifacts\strictmask_baseline_rerun_wtb_full\wtb_patchtst_seed202,patchtst,strong_baselines,227.36815880100448,global,boundary,20.0,applicable,global,,,all=0.950,all=48358.6,107076660.55463804,10011.842969110616,0.035904628330995794,48358.550872802734,86199116.93077087,1043877.1811933585,10695
PatchTST,PatchTST,202,artifacts\strictmask_baseline_rerun_wtb_full\wtb_patchtst_seed202,patchtst,strong_baselines,227.36815880100448,physical-bin,boundary,20.0,applicable,physical,0.016305305834655375,0.8461538461538461,low=0.950;mid=0.950;high=0.950,low=49912.7;mid=52988.2;high=35389.4,101256545.49311304,9467.652687528102,0.03141654978962132,47060.04397133204,83884528.37889935,868600.8557106832,10695
PatchTST,PatchTST,202,artifacts\strictmask_baseline_rerun_wtb_full\wtb_patchtst_seed202,patchtst,strong_baselines,227.36815880100448,gate-bin,boundary,20.0,not_applicable,gate,,,,,,,,,,,0
PatchTST,PatchTST,202,artifacts\strictmask_baseline_rerun_wtb_full\wtb_patchtst_seed202,patchtst,strong_baselines,227.36815880100448,global,boundary,50.0,applicable,global,,,all=0.975,all=63800.1,128993915.04346284,12061.14212655099,0.01916783543712015,63800.09818506241,113723675.01487374,305404.8005717819,10695
PatchTST,PatchTST,202,artifacts\strictmask_baseline_rerun_wtb_full\wtb_patchtst_seed202,patchtst,strong_baselines,227.36815880100448,physical-bin,boundary,50.0,applicable,physical,0.016305305834655375,0.8461538461538461,low=0.975;mid=0.975;high=0.975,low=60573.3;mid=70185.5;high=59497.2,126671070.39031388,11843.952350660484,0.017017297802711547,62994.26496854303,112287277.30642796,287675.86167771823,10695
PatchTST,PatchTST,202,artifacts\strictmask_baseline_rerun_wtb_full\wtb_patchtst_seed202,patchtst,strong_baselines,227.36815880100448,gate-bin,boundary,50.0,not_applicable,gate,,,,,,,,,,,0
PatchTST,PatchTST,202,artifacts\strictmask_baseline_rerun_wtb_full\wtb_patchtst_seed202,patchtst,strong_baselines,227.36815880100448,global,non_boundary,2.0,applicable,global,,,all=0.500,all=1319.04,181428537.70473945,2059.604918942654,0.5645653827379128,1319.0436234287918,19365538.957369804,81031499.37368482,88089
PatchTST,PatchTST,202,artifacts\strictmask_baseline_rerun_wtb_full\wtb_patchtst_seed202,patchtst,strong_baselines,227.36815880100448,physical-bin,non_boundary,2.0,applicable,physical,0.0,0.0,low=0.500;mid=0.500;high=0.500,low=1317.26;mid=1319.04;high=1902.14,181439327.06466976,2059.7274014311633,0.5647243129108062,1317.9000394799805,19348749.429625332,81045288.8175222,88089
PatchTST,PatchTST,202,artifacts\strictmask_baseline_rerun_wtb_full\wtb_patchtst_seed202,patchtst,strong_baselines,227.36815880100448,gate-bin,non_boundary,2.0,not_applicable,gate,,,,,,,,,,,0
PatchTST,PatchTST,202,artifacts\strictmask_baseline_rerun_wtb_full\wtb_patchtst_seed202,patchtst,strong_baselines,227.36815880100448,global,non_boundary,5.0,applicable,global,,,all=0.800,all=10909.8,312165292.8659768,3543.748854748911,0.216496951946327,10909.79779391289,160172196.3113321,30398619.31092895,88089
PatchTST,PatchTST,202,artifacts\strictmask_baseline_rerun_wtb_full\wtb_patchtst_seed202,patchtst,strong_baselines,227.36815880100448,physical-bin,non_boundary,5.0,applicable,physical,0.0,0.0,low=0.800;mid=0.800;high=0.800,low=10588.2;mid=10909.8;high=40808.6,313114612.67808855,3554.5256805967665,0.22385314852024657,10621.138291989908,155934241.83384982,31436074.168847755,88089
PatchTST,PatchTST,202,artifacts\strictmask_baseline_rerun_wtb_full\wtb_patchtst_seed202,patchtst,strong_baselines,227.36815880100448,gate-bin,non_boundary,5.0,not_applicable,gate,,,,,,,,,,,0
PatchTST,PatchTST,202,artifacts\strictmask_baseline_rerun_wtb_full\wtb_patchtst_seed202,patchtst,strong_baselines,227.36815880100448,global,non_boundary,10.0,applicable,global,,,all=0.900,all=18087.4,412453121.1752403,4682.231847055141,0.09683388391286085,18087.434235000605,265550665.72116137,14690245.545407893,88089
PatchTST,PatchTST,202,artifacts\strictmask_baseline_rerun_wtb_full\wtb_patchtst_seed202,patchtst,strong_baselines,227.36815880100448,physical-bin,non_boundary,10.0,applicable,physical,0.0,0.0,low=0.900;mid=0.900;high=0.900,low=17363.9;mid=18087.4;high=66445.9,413321177.3069488,4692.086154990394,0.10495067488562704,17417.389590002276,255713405.26561844,15760777.204133037,88089
PatchTST,PatchTST,202,artifacts\strictmask_baseline_rerun_wtb_full\wtb_patchtst_seed202,patchtst,strong_baselines,227.36815880100448,gate-bin,non_boundary,10.0,not_applicable,gate,,,,,,,,,,,0
PatchTST,PatchTST,202,artifacts\strictmask_baseline_rerun_wtb_full\wtb_patchtst_seed202,patchtst,strong_baselines,227.36815880100448,global,non_boundary,20.0,applicable,global,,,all=0.950,all=25540,521751280.898267,5923.0015200339085,0.046101102294270564,25539.96573982236,374965007.009202,7339313.694453252,88089
PatchTST,PatchTST,202,artifacts\strictmask_baseline_rerun_wtb_full\wtb_patchtst_seed202,patchtst,strong_baselines,227.36815880100448,physical-bin,non_boundary,20.0,applicable,physical,0.0,0.0,low=0.950;mid=0.950;high=0.950,low=24063.8;mid=25540;high=84429.3,522346901.1913923,5929.7630940457075,0.052549126451656845,24129.545996109075,354257929.54187536,8404448.582475856,88089
PatchTST,PatchTST,202,artifacts\strictmask_baseline_rerun_wtb_full\wtb_patchtst_seed202,patchtst,strong_baselines,227.36815880100448,gate-bin,non_boundary,20.0,not_applicable,gate,,,,,,,,,,,0
PatchTST,PatchTST,202,artifacts\strictmask_baseline_rerun_wtb_full\wtb_patchtst_seed202,patchtst,strong_baselines,227.36815880100448,global,non_boundary,50.0,applicable,global,,,all=0.975,all=33553.7,659770691.661825,7489.8192925544045,0.02406656903813189,33553.6822458178,492618385.891974,3343046.1153970184,88089
PatchTST,PatchTST,202,artifacts\strictmask_baseline_rerun_wtb_full\wtb_patchtst_seed202,patchtst,strong_baselines,227.36815880100448,physical-bin,non_boundary,50.0,applicable,physical,0.0,0.0,low=0.975;mid=0.975;high=0.975,low=30404.7;mid=33553.7;high=91997.7,678154037.7048383,7698.509890052541,0.03124113112874479,30471.853389348482,447372515.5357197,4615630.443382377,88089
PatchTST,PatchTST,202,artifacts\strictmask_baseline_rerun_wtb_full\wtb_patchtst_seed202,patchtst,strong_baselines,227.36815880100448,gate-bin,non_boundary,50.0,not_applicable,gate,,,,,,,,,,,0
PatchTST,PatchTST,202,artifacts\strictmask_baseline_rerun_wtb_full\wtb_patchtst_seed202,patchtst,strong_baselines,227.36815880100448,global,late_period,2.0,applicable,global,,,all=0.500,all=0,101119453.38681532,2243.5093491927432,0.731008164714235,0.0,0.0,50559726.69340766,45072
PatchTST,PatchTST,202,artifacts\strictmask_baseline_rerun_wtb_full\wtb_patchtst_seed202,patchtst,strong_baselines,227.36815880100448,physical-bin,late_period,2.0,applicable,physical,0.0,0.0,low=0.500;mid=0.500;high=0.500,low=170.314;mid=0;high=0,100495676.32119438,2229.669779934203,0.7031860134895279,157.70776288931808,1184700.7148245573,49655487.803184904,45072
PatchTST,PatchTST,202,artifacts\strictmask_baseline_rerun_wtb_full\wtb_patchtst_seed202,patchtst,strong_baselines,227.36815880100448,gate-bin,late_period,2.0,not_applicable,gate,,,,,,,,,,,0
PatchTST,PatchTST,202,artifacts\strictmask_baseline_rerun_wtb_full\wtb_patchtst_seed202,patchtst,strong_baselines,227.36815880100448,global,late_period,5.0,applicable,global,,,all=0.800,all=9431.01,176240909.47566986,3910.2083217001655,0.2534167554135605,9431.005654430393,70845714.4760811,21079038.999917753,45072
PatchTST,PatchTST,202,artifacts\strictmask_baseline_rerun_wtb_full\wtb_patchtst_seed202,patchtst,strong_baselines,227.36815880100448,physical-bin,late_period,5.0,applicable,physical,0.0,0.0,low=0.800;mid=0.800;high=0.800,low=10608.3;mid=9431.01;high=3615.73,173332540.50446725,3845.681143602841,0.22774671636492722,10090.708124128685,75801399.42845467,19506228.215202514,45072
PatchTST,PatchTST,202,artifacts\strictmask_baseline_rerun_wtb_full\wtb_patchtst_seed202,patchtst,strong_baselines,227.36815880100448,gate-bin,late_period,5.0,not_applicable,gate,,,,,,,,,,,0
PatchTST,PatchTST,202,artifacts\strictmask_baseline_rerun_wtb_full\wtb_patchtst_seed202,patchtst,strong_baselines,227.36815880100448,global,late_period,10.0,applicable,global,,,all=0.900,all=20295,239635740.65176234,5316.731910094123,0.08069311324103656,20294.990190601355,152455966.31179738,8717977.433996499,45072
PatchTST,PatchTST,202,artifacts\strictmask_baseline_rerun_wtb_full\wtb_patchtst_seed202,patchtst,strong_baselines,227.36815880100448,physical-bin,late_period,10.0,applicable,physical,0.0,0.0,low=0.900;mid=0.900;high=0.900,low=19219.9;mid=20295;high=25435.2,238248524.19395402,5285.954122159079,0.08888001419950302,19679.93000543247,147835634.2008087,9041288.999314528,45072
PatchTST,PatchTST,202,artifacts\strictmask_baseline_rerun_wtb_full\wtb_patchtst_seed202,patchtst,strong_baselines,227.36815880100448,gate-bin,late_period,10.0,not_applicable,gate,,,,,,,,,,,0
PatchTST,PatchTST,202,artifacts\strictmask_baseline_rerun_wtb_full\wtb_patchtst_seed202,patchtst,strong_baselines,227.36815880100448,global,late_period,20.0,applicable,global,,,all=0.950,all=31446,319218082.1226741,7082.403312980878,0.03844959176428825,31445.95922698973,236222045.71314684,4149801.820476365,45072
PatchTST,PatchTST,202,artifacts\strictmask_baseline_rerun_wtb_full\wtb_patchtst_seed202,patchtst,strong_baselines,227.36815880100448,physical-bin,late_period,20.0,applicable,physical,0.0,0.0,low=0.950;mid=0.950;high=0.950,low=27307.2;mid=31446;high=46353.7,311792037.5179751,6917.643714900051,0.04406283280085197,28716.967090168335,215721856.78134453,4803509.03683153,45072
PatchTST,PatchTST,202,artifacts\strictmask_baseline_rerun_wtb_full\wtb_patchtst_seed202,patchtst,strong_baselines,227.36815880100448,gate-bin,late_period,20.0,not_applicable,gate,,,,,,,,,,,0
PatchTST,PatchTST,202,artifacts\strictmask_baseline_rerun_wtb_full\wtb_patchtst_seed202,patchtst,strong_baselines,227.36815880100448,global,late_period,50.0,applicable,global,,,all=0.975,all=45516.9,411895438.15802497,9138.610182774783,0.015575079872204472,45516.882953381515,341922824.7458019,1399452.268244464,45072
PatchTST,PatchTST,202,artifacts\strictmask_baseline_rerun_wtb_full\wtb_patchtst_seed202,patchtst,strong_baselines,227.36815880100448,physical-bin,late_period,50.0,applicable,physical,0.0,0.0,low=0.975;mid=0.975;high=0.975,low=35578.5;mid=45516.9;high=68955.5,412054681.18885654,9142.14326386352,0.026402200922967696,38048.905371607274,285823377.1515138,2524626.080746855,45072
PatchTST,PatchTST,202,artifacts\strictmask_baseline_rerun_wtb_full\wtb_patchtst_seed202,patchtst,strong_baselines,227.36815880100448,gate-bin,late_period,50.0,not_applicable,gate,,,,,,,,,,,0
PatchTST,PatchTST,203,artifacts\strictmask_baseline_rerun_wtb_full\wtb_patchtst_seed203,patchtst,strong_baselines,228.6736566557386,global,full,2.0,applicable,global,,,all=0.500,all=1415.59,239966490.99187118,2429.20403093488,0.5710843861354066,1415.5885093212128,23306249.217464447,108330120.88720337,98784
PatchTST,PatchTST,203,artifacts\strictmask_baseline_rerun_wtb_full\wtb_patchtst_seed203,patchtst,strong_baselines,228.6736566557386,physical-bin,full,2.0,applicable,physical,0.0,0.0,low=0.500;mid=0.500;high=0.500,low=1963.72;mid=1415.59;high=0,238082400.71987832,2410.1312026226747,0.5443290411402656,1836.810326900612,30241245.222091675,103920577.74889332,98784
PatchTST,PatchTST,203,artifacts\strictmask_baseline_rerun_wtb_full\wtb_patchtst_seed203,patchtst,strong_baselines,228.6736566557386,gate-bin,full,2.0,not_applicable,gate,,,,,,,,,,,0
PatchTST,PatchTST,203,artifacts\strictmask_baseline_rerun_wtb_full\wtb_patchtst_seed203,patchtst,strong_baselines,228.6736566557386,global,full,5.0,applicable,global,,,all=0.800,all=13380.5,402346203.73438036,4072.989590767537,0.21682661159701977,13380.53285741806,220297092.96453094,36409822.1539699,98784
PatchTST,PatchTST,203,artifacts\strictmask_baseline_rerun_wtb_full\wtb_patchtst_seed203,patchtst,strong_baselines,228.6736566557386,physical-bin,full,5.0,applicable,physical,0.0,0.0,low=0.800;mid=0.800;high=0.800,low=12722.9;mid=13380.5;high=17442.8,404877825.1297214,4098.617439359829,0.2277089407191448,13027.961168307349,214492352.67501217,38077094.49094184,98784
PatchTST,PatchTST,203,artifacts\strictmask_baseline_rerun_wtb_full\wtb_patchtst_seed203,patchtst,strong_baselines,228.6736566557386,gate-bin,full,5.0,not_applicable,gate,,,,,,,,,,,0
PatchTST,PatchTST,203,artifacts\strictmask_baseline_rerun_wtb_full\wtb_patchtst_seed203,patchtst,strong_baselines,228.6736566557386,global,full,10.0,applicable,global,,,all=0.900,all=21975.5,519547267.110495,5259.4273071600155,0.08987285390346615,21975.483304977417,361804357.1331482,15774290.997734688,98784
PatchTST,PatchTST,203,artifacts\strictmask_baseline_rerun_wtb_full\wtb_patchtst_seed203,patchtst,strong_baselines,228.6736566557386,physical-bin,full,10.0,applicable,physical,0.0,0.0,low=0.900;mid=0.900;high=0.900,low=19927.5;mid=21975.5;high=39222.1,522215181.77589697,5286.4348657262,0.10797295108519599,21174.406911305017,348615435.3877258,17359974.63881711,98784
PatchTST,PatchTST,203,artifacts\strictmask_baseline_rerun_wtb_full\wtb_patchtst_seed203,patchtst,strong_baselines,228.6736566557386,gate-bin,full,10.0,not_applicable,gate,,,,,,,,,,,0
PatchTST,PatchTST,203,artifacts\strictmask_baseline_rerun_wtb_full\wtb_patchtst_seed203,patchtst,strong_baselines,228.6736566557386,global,full,20.0,applicable,global,,,all=0.950,all=31438.6,659132046.321879,6672.457546990191,0.03348720440557175,31438.648530755192,517605909.4103535,7076306.845576279,98784
PatchTST,PatchTST,203,artifacts\strictmask_baseline_rerun_wtb_full\wtb_patchtst_seed203,patchtst,strong_baselines,228.6736566557386,physical-bin,full,20.0,applicable,physical,0.0,0.0,low=0.950;mid=0.950;high=0.950,low=26545.7;mid=31438.6;high=64071.7,648449655.8740909,6564.318673814493,0.04846938775510204,28970.892227203978,476976769.62868625,8573644.312270228,98784
PatchTST,PatchTST,203,artifacts\strictmask_baseline_rerun_wtb_full\wtb_patchtst_seed203,patchtst,strong_baselines,228.6736566557386,gate-bin,full,20.0,not_applicable,gate,,,,,,,,,,,0
PatchTST,PatchTST,203,artifacts\strictmask_baseline_rerun_wtb_full\wtb_patchtst_seed203,patchtst,strong_baselines,228.6736566557386,global,full,50.0,applicable,global,,,all=0.975,all=47692.5,890176050.8911736,9011.338383657005,0.008877955944282475,47692.50955104828,785209477.2484589,2099331.472854293,98784
PatchTST,PatchTST,203,artifacts\strictmask_baseline_rerun_wtb_full\wtb_patchtst_seed203,patchtst,strong_baselines,228.6736566557386,physical-bin,full,50.0,applicable,physical,0.0,0.0,low=0.975;mid=0.975;high=0.975,low=32892;mid=47692.5;high=86828.3,840549731.5821768,8508.96634659638,0.024750971817298347,36377.71915670057,598922768.1959182,4832539.267725171,98784
PatchTST,PatchTST,203,artifacts\strictmask_baseline_rerun_wtb_full\wtb_patchtst_seed203,patchtst,strong_baselines,228.6736566557386,gate-bin,full,50.0,not_applicable,gate,,,,,,,,,,,0
PatchTST,PatchTST,203,artifacts\strictmask_baseline_rerun_wtb_full\wtb_patchtst_seed203,patchtst,strong_baselines,228.6736566557386,global,non_overlap,2.0,applicable,global,,,all=0.500,all=1365.99,9681432.644317638,2345.8765796747366,0.5679670462805912,1365.9943008422852,939576.4132626851,4370928.115527476,4127
PatchTST,PatchTST,203,artifacts\strictmask_baseline_rerun_wtb_full\wtb_patchtst_seed203,patchtst,strong_baselines,228.6736566557386,physical-bin,non_overlap,2.0,applicable,physical,0.0,0.0,low=0.500;mid=0.500;high=0.500,low=2150.04;mid=1365.99;high=0,9573202.065589113,2319.6515787712897,0.5321056457475164,2000.0032751312312,1375668.9194110986,4098766.5730890073,4127
PatchTST,PatchTST,203,artifacts\strictmask_baseline_rerun_wtb_full\wtb_patchtst_seed203,patchtst,strong_baselines,228.6736566557386,gate-bin,non_overlap,2.0,not_applicable,gate,,,,,,,,,,,0
PatchTST,PatchTST,203,artifacts\strictmask_baseline_rerun_wtb_full\wtb_patchtst_seed203,patchtst,strong_baselines,228.6736566557386,global,non_overlap,5.0,applicable,global,,,all=0.800,all=12624.2,16162708.380549256,3916.3335063119107,0.22267991276956628,12624.170535659794,8683325.300111327,1495876.6160875852,4127
PatchTST,PatchTST,203,artifacts\strictmask_baseline_rerun_wtb_full\wtb_patchtst_seed203,patchtst,strong_baselines,228.6736566557386,physical-bin,non_overlap,5.0,applicable,physical,0.0,0.0,low=0.800;mid=0.800;high=0.800,low=12680.7;mid=12624.2;high=12216.3,16147772.493498882,3912.7144399076524,0.22074145868669737,12648.319486074075,8699935.753171284,1489567.3480655197,4127
PatchTST,PatchTST,203,artifacts\strictmask_baseline_rerun_wtb_full\wtb_patchtst_seed203,patchtst,strong_baselines,228.6736566557386,gate-bin,non_overlap,5.0,not_applicable,gate,,,,,,,,,,,0
PatchTST,PatchTST,203,artifacts\strictmask_baseline_rerun_wtb_full\wtb_patchtst_seed203,patchtst,strong_baselines,228.6736566557386,global,non_overlap,10.0,applicable,global,,,all=0.900,all=20806.5,20992258.053487606,5086.566041552606,0.09013811485340441,20806.534534430488,14311428.003932435,668083.0049555167,4127
PatchTST,PatchTST,203,artifacts\strictmask_baseline_rerun_wtb_full\wtb_patchtst_seed203,patchtst,strong_baselines,228.6736566557386,physical-bin,non_overlap,10.0,applicable,physical,0.0,0.0,low=0.900;mid=0.900;high=0.900,low=19440.6;mid=20806.5;high=31982.7,21267047.756671473,5153.149444310994,0.10491882723527987,20315.848162831797,13973917.56133447,729313.0195337008,4127
PatchTST,PatchTST,203,artifacts\strictmask_baseline_rerun_wtb_full\wtb_patchtst_seed203,patchtst,strong_baselines,228.6736566557386,gate-bin,non_overlap,10.0,not_applicable,gate,,,,,,,,,,,0
PatchTST,PatchTST,203,artifacts\strictmask_baseline_rerun_wtb_full\wtb_patchtst_seed203,patchtst,strong_baselines,228.6736566557386,global,non_overlap,20.0,applicable,global,,,all=0.950,all=30707.7,26673834.997320466,6463.2505445409415,0.0346498667312818,30707.7407645642,21121807.689226076,277601.3654047195,4127
PatchTST,PatchTST,203,artifacts\strictmask_baseline_rerun_wtb_full\wtb_patchtst_seed203,patchtst,strong_baselines,228.6736566557386,physical-bin,non_overlap,20.0,applicable,physical,0.0,0.0,low=0.950;mid=0.950;high=0.950,low=26992.8;mid=30707.7;high=68263.2,27081448.098170966,6562.017954487756,0.045795977707778046,29872.80982779537,20547514.359885246,326696.68691428605,4127
PatchTST,PatchTST,203,artifacts\strictmask_baseline_rerun_wtb_full\wtb_patchtst_seed203,patchtst,strong_baselines,228.6736566557386,gate-bin,non_overlap,20.0,not_applicable,gate,,,,,,,,,,,0
PatchTST,PatchTST,203,artifacts\strictmask_baseline_rerun_wtb_full\wtb_patchtst_seed203,patchtst,strong_baselines,228.6736566557386,global,non_overlap,50.0,applicable,global,,,all=0.975,all=46478.8,34501292.120965555,8359.89632201734,0.010419190695420402,46478.760053235375,31969640.456617065,50633.03328696988,4127
PatchTST,PatchTST,203,artifacts\strictmask_baseline_rerun_wtb_full\wtb_patchtst_seed203,patchtst,strong_baselines,228.6736566557386,physical-bin,non_overlap,50.0,applicable,physical,0.0,0.0,low=0.975;mid=0.975;high=0.975,low=35638.4;mid=46478.8;high=92219.2,34270308.361292675,8303.92739551555,0.02180760843227526,39586.841922718144,27229149.43584296,140823.17850899446,4127
PatchTST,PatchTST,203,artifacts\strictmask_baseline_rerun_wtb_full\wtb_patchtst_seed203,patchtst,strong_baselines,228.6736566557386,gate-bin,non_overlap,50.0,not_applicable,gate,,,,,,,,,,,0
PatchTST,PatchTST,203,artifacts\strictmask_baseline_rerun_wtb_full\wtb_patchtst_seed203,patchtst,strong_baselines,228.6736566557386,global,boundary,2.0,applicable,global,,,all=0.500,all=0,30806096.918147586,2880.4204692050102,0.3825151940158953,0.0,0.0,15403048.459073793,10695
PatchTST,PatchTST,203,artifacts\strictmask_baseline_rerun_wtb_full\wtb_patchtst_seed203,patchtst,strong_baselines,228.6736566557386,physical-bin,boundary,2.0,applicable,physical,0.016305305834655375,0.8461538461538461,low=0.500;mid=0.500;high=0.500,low=0;mid=0;high=0,30806096.918147586,2880.4204692050102,0.3825151940158953,0.0,0.0,15403048.459073793,10695
PatchTST,PatchTST,203,artifacts\strictmask_baseline_rerun_wtb_full\wtb_patchtst_seed203,patchtst,strong_baselines,228.6736566557386,gate-bin,boundary,2.0,not_applicable,gate,,,,,,,,,,,0
PatchTST,PatchTST,203,artifacts\strictmask_baseline_rerun_wtb_full\wtb_patchtst_seed203,patchtst,strong_baselines,228.6736566557386,global,boundary,5.0,applicable,global,,,all=0.800,all=15572.1,65304517.637893915,6106.079255530053,0.2053295932678822,15572.052284240723,27757183.196659088,7509466.8882469665,10695
PatchTST,PatchTST,203,artifacts\strictmask_baseline_rerun_wtb_full\wtb_patchtst_seed203,patchtst,strong_baselines,228.6736566557386,physical-bin,boundary,5.0,applicable,physical,0.016305305834655375,0.8461538461538461,low=0.800;mid=0.800;high=0.800,low=17826.2;mid=17541.8;high=12388.7,63294638.00986219,5918.152221585992,0.1906498363721365,16355.42421588914,29153543.66482239,6828218.869007962,10695
PatchTST,PatchTST,203,artifacts\strictmask_baseline_rerun_wtb_full\wtb_patchtst_seed203,patchtst,strong_baselines,228.6736566557386,gate-bin,boundary,5.0,not_applicable,gate,,,,,,,,,,,0
PatchTST,PatchTST,203,artifacts\strictmask_baseline_rerun_wtb_full\wtb_patchtst_seed203,patchtst,strong_baselines,228.6736566557386,global,boundary,10.0,applicable,global,,,all=0.900,all=31707.4,89220596.18358904,8342.2717329209,0.09901823281907433,31707.436865262687,56518506.212330736,3270208.9971258305,10695
PatchTST,PatchTST,203,artifacts\strictmask_baseline_rerun_wtb_full\wtb_patchtst_seed203,patchtst,strong_baselines,228.6736566557386,physical-bin,boundary,10.0,applicable,physical,0.016305305834655375,0.8461538461538461,low=0.900;mid=0.900;high=0.900,low=34375.4;mid=37113.6;high=22156.8,84009039.92960145,7854.982695614908,0.08592800374006546,32017.721004670784,57071587.69082567,2693745.2238775776,10695
PatchTST,PatchTST,203,artifacts\strictmask_baseline_rerun_wtb_full\wtb_patchtst_seed203,patchtst,strong_baselines,228.6736566557386,gate-bin,boundary,10.0,not_applicable,gate,,,,,,,,,,,0
PatchTST,PatchTST,203,artifacts\strictmask_baseline_rerun_wtb_full\wtb_patchtst_seed203,patchtst,strong_baselines,228.6736566557386,global,boundary,20.0,applicable,global,,,all=0.950,all=53527.3,114346095.7749278,10691.547057029247,0.03412809724170173,53527.285820007324,95412386.97416306,946685.4400382389,10695
PatchTST,PatchTST,203,artifacts\strictmask_baseline_rerun_wtb_full\wtb_patchtst_seed203,patchtst,strong_baselines,228.6736566557386,physical-bin,boundary,20.0,applicable,physical,0.016305305834655375,0.8461538461538461,low=0.950;mid=0.950;high=0.950,low=51439.2;mid=58942.5;high=47036.6,111321312.92720954,10408.72491138004,0.03300607760635811,52417.63852776641,93434440.67574361,894343.6125732961,10695
PatchTST,PatchTST,203,artifacts\strictmask_baseline_rerun_wtb_full\wtb_patchtst_seed203,patchtst,strong_baselines,228.6736566557386,gate-bin,boundary,20.0,not_applicable,gate,,,,,,,,,,,0
PatchTST,PatchTST,203,artifacts\strictmask_baseline_rerun_wtb_full\wtb_patchtst_seed203,patchtst,strong_baselines,228.6736566557386,global,boundary,50.0,applicable,global,,,all=0.975,all=72788.3,137903561.59093934,12894.208657404333,0.01187470780738663,72788.33934402466,129745214.88072395,163166.93420430768,10695
PatchTST,PatchTST,203,artifacts\strictmask_baseline_rerun_wtb_full\wtb_patchtst_seed203,patchtst,strong_baselines,228.6736566557386,physical-bin,boundary,50.0,applicable,physical,0.016305305834655375,0.8461538461538461,low=0.975;mid=0.975;high=0.975,low=66047.4;mid=82797.9;high=71457.9,140869797.3798783,13171.556557258375,0.012155212716222535,72130.13514543536,128571965.89673853,245956.62966279534,10695
PatchTST,PatchTST,203,artifacts\strictmask_baseline_rerun_wtb_full\wtb_patchtst_seed203,patchtst,strong_baselines,228.6736566557386,gate-bin,boundary,50.0,not_applicable,gate,,,,,,,,,,,0
PatchTST,PatchTST,203,artifacts\strictmask_baseline_rerun_wtb_full\wtb_patchtst_seed203,patchtst,strong_baselines,228.6736566557386,global,non_boundary,2.0,applicable,global,,,all=0.500,all=2273.4,206692271.46045876,2346.402745637466,0.5484907309652738,2273.3991136550903,33376909.08712721,86657681.18666579,88089
PatchTST,PatchTST,203,artifacts\strictmask_baseline_rerun_wtb_full\wtb_patchtst_seed203,patchtst,strong_baselines,228.6736566557386,physical-bin,non_boundary,2.0,applicable,physical,0.0,0.0,low=0.500;mid=0.500;high=0.500,low=2257.15;mid=2273.4;high=6328.05,206777277.8730738,2347.367751627034,0.5492853818297404,2261.5855586801435,33203468.37976253,86786904.74665563,88089
PatchTST,PatchTST,203,artifacts\strictmask_baseline_rerun_wtb_full\wtb_patchtst_seed203,patchtst,strong_baselines,228.6736566557386,gate-bin,non_boundary,2.0,not_applicable,gate,,,,,,,,,,,0
PatchTST,PatchTST,203,artifacts\strictmask_baseline_rerun_wtb_full\wtb_patchtst_seed203,patchtst,strong_baselines,228.6736566557386,global,non_boundary,5.0,applicable,global,,,all=0.800,all=12866.6,337543886.3989327,3831.850587461916,0.2262484532688531,12866.619546604164,188901274.87346902,29728522.30509274,88089
PatchTST,PatchTST,203,artifacts\strictmask_baseline_rerun_wtb_full\wtb_patchtst_seed203,patchtst,strong_baselines,228.6736566557386,physical-bin,non_boundary,5.0,applicable,physical,0.0,0.0,low=0.800;mid=0.800;high=0.800,low=12459.4;mid=12866.6;high=57207.2,339185786.4925908,3850.4896921589616,0.2359658981257592,12508.210421839218,183639291.30823246,31109299.03687165,88089
PatchTST,PatchTST,203,artifacts\strictmask_baseline_rerun_wtb_full\wtb_patchtst_seed203,patchtst,strong_baselines,228.6736566557386,gate-bin,non_boundary,5.0,not_applicable,gate,,,,,,,,,,,0
PatchTST,PatchTST,203,artifacts\strictmask_baseline_rerun_wtb_full\wtb_patchtst_seed203,patchtst,strong_baselines,228.6736566557386,global,non_boundary,10.0,applicable,global,,,all=0.900,all=19926.8,423813220.00059897,4811.193452083677,0.1049279705752137,19926.838858798146,292555884.70544493,13125733.529515397,88089
PatchTST,PatchTST,203,artifacts\strictmask_baseline_rerun_wtb_full\wtb_patchtst_seed203,patchtst,strong_baselines,228.6736566557386,physical-bin,non_boundary,10.0,applicable,physical,0.0,0.0,low=0.900;mid=0.900;high=0.900,low=19107.9;mid=19926.8;high=82769,426047435.72261906,4836.5566157252215,0.11503138870914643,19177.298489095934,281551507.7676619,14449592.795495713,88089
PatchTST,PatchTST,203,artifacts\strictmask_baseline_rerun_wtb_full\wtb_patchtst_seed203,patchtst,strong_baselines,228.6736566557386,gate-bin,non_boundary,10.0,not_applicable,gate,,,,,,,,,,,0
PatchTST,PatchTST,203,artifacts\strictmask_baseline_rerun_wtb_full\wtb_patchtst_seed203,patchtst,strong_baselines,228.6736566557386,global,non_boundary,20.0,applicable,global,,,all=0.950,all=26586,513887860.6074804,5833.734752437653,0.044716139359057314,26586.019597220406,390322646.71659136,6178260.694544458,88089
PatchTST,PatchTST,203,artifacts\strictmask_baseline_rerun_wtb_full\wtb_patchtst_seed203,patchtst,strong_baselines,228.6736566557386,physical-bin,non_boundary,20.0,applicable,physical,0.0,0.0,low=0.950;mid=0.950;high=0.950,low=24955.3;mid=26586;high=107293,514967388.21965104,5845.989717440895,0.05487631826902337,25045.030806292245,367698619.78257954,7363438.421853581,88089
PatchTST,PatchTST,203,artifacts\strictmask_baseline_rerun_wtb_full\wtb_patchtst_seed203,patchtst,strong_baselines,228.6736566557386,gate-bin,non_boundary,20.0,not_applicable,gate,,,,,,,,,,,0
PatchTST,PatchTST,203,artifacts\strictmask_baseline_rerun_wtb_full\wtb_patchtst_seed203,patchtst,strong_baselines,228.6736566557386,global,non_boundary,50.0,applicable,global,,,all=0.975,all=33021.6,645356680.9245822,7326.189205514675,0.021671264289525368,33021.595271344515,484806550.97624445,3211002.5989667536,88089
PatchTST,PatchTST,203,artifacts\strictmask_baseline_rerun_wtb_full\wtb_patchtst_seed203,patchtst,strong_baselines,228.6736566557386,physical-bin,non_boundary,50.0,applicable,physical,0.0,0.0,low=0.975;mid=0.975;high=0.975,low=29790.5;mid=33021.6;high=115840,660593805.4376229,7499.163407890008,0.03074163629965149,29884.27361815986,438745963.12501395,4436956.846252179,88089
PatchTST,PatchTST,203,artifacts\strictmask_baseline_rerun_wtb_full\wtb_patchtst_seed203,patchtst,strong_baselines,228.6736566557386,gate-bin,non_boundary,50.0,not_applicable,gate,,,,,,,,,,,0
PatchTST,PatchTST,203,artifacts\strictmask_baseline_rerun_wtb_full\wtb_patchtst_seed203,patchtst,strong_baselines,228.6736566557386,global,late_period,2.0,applicable,global,,,all=0.500,all=0,127782455.9078869,2835.0740128657903,0.7705892793752218,0.0,0.0,63891227.95394345,45072
PatchTST,PatchTST,203,artifacts\strictmask_baseline_rerun_wtb_full\wtb_patchtst_seed203,patchtst,strong_baselines,228.6736566557386,physical-bin,late_period,2.0,applicable,physical,0.0,0.0,low=0.500;mid=0.500;high=0.500,low=1008.08;mid=0;high=0,124456046.59114864,2761.2718892249877,0.6574813631522897,933.4678628652875,7012210.58584404,58721918.0026523,45072
PatchTST,PatchTST,203,artifacts\strictmask_baseline_rerun_wtb_full\wtb_patchtst_seed203,patchtst,strong_baselines,228.6736566557386,gate-bin,late_period,2.0,not_applicable,gate,,,,,,,,,,,0
PatchTST,PatchTST,203,artifacts\strictmask_baseline_rerun_wtb_full\wtb_patchtst_seed203,patchtst,strong_baselines,228.6736566557386,global,late_period,5.0,applicable,global,,,all=0.800,all=12441.7,205775149.0907545,4565.476328779609,0.26404419595314166,12441.748763275154,93462416.70972295,22462546.47620631,45072
PatchTST,PatchTST,203,artifacts\strictmask_baseline_rerun_wtb_full\wtb_patchtst_seed203,patchtst,strong_baselines,228.6736566557386,physical-bin,late_period,5.0,applicable,physical,0.0,0.0,low=0.800;mid=0.800;high=0.800,low=11774.9;mid=12441.7;high=14558.4,207896632.8304286,4612.54510184657,0.277555910543131,11980.957647381709,90000953.84713139,23579135.796659444,45072
PatchTST,PatchTST,203,artifacts\strictmask_baseline_rerun_wtb_full\wtb_patchtst_seed203,patchtst,strong_baselines,228.6736566557386,gate-bin,late_period,5.0,not_applicable,gate,,,,,,,,,,,0
PatchTST,PatchTST,203,artifacts\strictmask_baseline_rerun_wtb_full\wtb_patchtst_seed203,patchtst,strong_baselines,228.6736566557386,global,late_period,10.0,applicable,global,,,all=0.900,all=21991.4,262758233.6397592,5829.744267832783,0.10607472488462903,21991.44251441956,165199716.16831973,9755851.747143943,45072
PatchTST,PatchTST,203,artifacts\strictmask_baseline_rerun_wtb_full\wtb_patchtst_seed203,patchtst,strong_baselines,228.6736566557386,physical-bin,late_period,10.0,applicable,physical,0.0,0.0,low=0.900;mid=0.900;high=0.900,low=19391.6;mid=21991.4;high=33252.4,266116317.30348763,5904.249141451181,0.13633741569045082,20417.466964936786,153376011.84060514,11274030.546288248,45072
PatchTST,PatchTST,203,artifacts\strictmask_baseline_rerun_wtb_full\wtb_patchtst_seed203,patchtst,strong_baselines,228.6736566557386,gate-bin,late_period,10.0,not_applicable,gate,,,,,,,,,,,0
PatchTST,PatchTST,203,artifacts\strictmask_baseline_rerun_wtb_full\wtb_patchtst_seed203,patchtst,strong_baselines,228.6736566557386,global,late_period,20.0,applicable,global,,,all=0.950,all=32916.9,338497543.8168968,7510.151398138463,0.038915512957046504,32916.885765075676,247271645.86724848,4561294.8974824175,45072
PatchTST,PatchTST,203,artifacts\strictmask_baseline_rerun_wtb_full\wtb_patchtst_seed203,patchtst,strong_baselines,228.6736566557386,physical-bin,late_period,20.0,applicable,physical,0.0,0.0,low=0.950;mid=0.950;high=0.950,low=26280.7;mid=32916.9;high=57895.6,332727458.65986085,7382.132114391658,0.05908324458643947,28620.65202896779,214998338.041606,5886456.0309127355,45072
PatchTST,PatchTST,203,artifacts\strictmask_baseline_rerun_wtb_full\wtb_patchtst_seed203,patchtst,strong_baselines,228.6736566557386,gate-bin,late_period,20.0,not_applicable,gate,,,,,,,,,,,0
PatchTST,PatchTST,203,artifacts\strictmask_baseline_rerun_wtb_full\wtb_patchtst_seed203,patchtst,strong_baselines,228.6736566557386,global,late_period,50.0,applicable,global,,,all=0.975,all=51246.1,450809183.1880065,10001.97868273,0.011736776712815051,51246.06313896174,384960426.29988056,1316975.1377625167,45072
PatchTST,PatchTST,203,artifacts\strictmask_baseline_rerun_wtb_full\wtb_patchtst_seed203,patchtst,strong_baselines,228.6736566557386,physical-bin,late_period,50.0,applicable,physical,0.0,0.0,low=0.975;mid=0.975;high=0.975,low=32140.1;mid=51246.1;high=80078.9,459984417.8641332,10205.547077212752,0.033990060347887825,35688.275890074554,268090328.48624003,3837881.7875578627,45072
PatchTST,PatchTST,203,artifacts\strictmask_baseline_rerun_wtb_full\wtb_patchtst_seed203,patchtst,strong_baselines,228.6736566557386,gate-bin,late_period,50.0,not_applicable,gate,,,,,,,,,,,0
PatchTST,PatchTST,204,artifacts\strictmask_baseline_rerun_wtb_full\wtb_patchtst_seed204,patchtst,strong_baselines,221.6144191677373,global,full,2.0,applicable,global,,,all=0.500,all=404.332,216273197.86264172,2189.3545297076626,0.6345966958211856,404.3316843509674,6656916.851154327,104808140.5057437,98784
PatchTST,PatchTST,204,artifacts\strictmask_baseline_rerun_wtb_full\wtb_patchtst_seed204,patchtst,strong_baselines,221.6144191677373,physical-bin,full,2.0,applicable,physical,0.0,0.0,low=0.500;mid=0.500;high=0.500,low=1209.64;mid=404.332;high=0,212852445.4647922,2154.725921857712,0.5777555069646907,1131.4625133259767,18628398.81939888,97112023.32269669,98784
PatchTST,PatchTST,204,artifacts\strictmask_baseline_rerun_wtb_full\wtb_patchtst_seed204,patchtst,strong_baselines,221.6144191677373,gate-bin,full,2.0,not_applicable,gate,,,,,,,,,,,0
PatchTST,PatchTST,204,artifacts\strictmask_baseline_rerun_wtb_full\wtb_patchtst_seed204,patchtst,strong_baselines,221.6144191677373,global,full,5.0,applicable,global,,,all=0.800,all=10669.3,370806223.3229781,3753.707314170089,0.22319403952057013,10669.332752227783,175659894.43267822,39029265.778059974,98784
PatchTST,PatchTST,204,artifacts\strictmask_baseline_rerun_wtb_full\wtb_patchtst_seed204,patchtst,strong_baselines,221.6144191677373,physical-bin,full,5.0,applicable,physical,0.0,0.0,low=0.800;mid=0.800;high=0.800,low=10370.3;mid=10669.3;high=13595.2,371984072.4351466,3765.6307948164335,0.22897432782636865,10578.7408161924,174168388.79779166,39563136.727470994,98784
PatchTST,PatchTST,204,artifacts\strictmask_baseline_rerun_wtb_full\wtb_patchtst_seed204,patchtst,strong_baselines,221.6144191677373,gate-bin,full,5.0,not_applicable,gate,,,,,,,,,,,0
PatchTST,PatchTST,204,artifacts\strictmask_baseline_rerun_wtb_full\wtb_patchtst_seed204,patchtst,strong_baselines,221.6144191677373,global,full,10.0,applicable,global,,,all=0.900,all=18808.8,497686169.1034079,5038.125294616617,0.09737406867508909,18808.799291610718,309668071.53707886,18801809.75663291,98784
PatchTST,PatchTST,204,artifacts\strictmask_baseline_rerun_wtb_full\wtb_patchtst_seed204,patchtst,strong_baselines,221.6144191677373,physical-bin,full,10.0,applicable,physical,0.0,0.0,low=0.900;mid=0.900;high=0.900,low=17069.4;mid=18808.8;high=33820.3,498956313.5653751,5050.983090028498,0.113196469063816,18151.938319973073,298853512.50003666,20010280.10653383,98784
PatchTST,PatchTST,204,artifacts\strictmask_baseline_rerun_wtb_full\wtb_patchtst_seed204,patchtst,strong_baselines,221.6144191677373,gate-bin,full,10.0,not_applicable,gate,,,,,,,,,,,0
PatchTST,PatchTST,204,artifacts\strictmask_baseline_rerun_wtb_full\wtb_patchtst_seed204,patchtst,strong_baselines,221.6144191677373,global,full,20.0,applicable,global,,,all=0.950,all=28651.5,641986257.2417394,6498.889063428686,0.03962180110139294,28651.463936805725,471717702.25556946,8513427.749308497,98784
PatchTST,PatchTST,204,artifacts\strictmask_baseline_rerun_wtb_full\wtb_patchtst_seed204,patchtst,strong_baselines,221.6144191677373,physical-bin,full,20.0,applicable,physical,0.0,0.0,low=0.950;mid=0.950;high=0.950,low=23801.7;mid=28651.5;high=56934.1,632032634.4532449,6398.1275758548445,0.056142695173307416,25942.86903803327,427123395.8421798,10245461.93055326,98784
PatchTST,PatchTST,204,artifacts\strictmask_baseline_rerun_wtb_full\wtb_patchtst_seed204,patchtst,strong_baselines,221.6144191677373,gate-bin,full,20.0,not_applicable,gate,,,,,,,,,,,0
PatchTST,PatchTST,204,artifacts\strictmask_baseline_rerun_wtb_full\wtb_patchtst_seed204,patchtst,strong_baselines,221.6144191677373,global,full,50.0,applicable,global,,,all=0.975,all=43026.4,854778103.1546078,8653.001530152735,0.012704486556527372,43026.396183013916,708386586.7571411,2927830.327949334,98784
PatchTST,PatchTST,204,artifacts\strictmask_baseline_rerun_wtb_full\wtb_patchtst_seed204,patchtst,strong_baselines,221.6144191677373,physical-bin,full,50.0,applicable,physical,0.0,0.0,low=0.975;mid=0.975;high=0.975,low=30727.8;mid=43026.4;high=78742.7,826658606.8274963,8368.345145241095,0.028081470683511498,33830.800677203806,556990302.3494835,5393366.089560257,98784
PatchTST,PatchTST,204,artifacts\strictmask_baseline_rerun_wtb_full\wtb_patchtst_seed204,patchtst,strong_baselines,221.6144191677373,gate-bin,full,50.0,not_applicable,gate,,,,,,,,,,,0
PatchTST,PatchTST,204,artifacts\strictmask_baseline_rerun_wtb_full\wtb_patchtst_seed204,patchtst,strong_baselines,221.6144191677373,global,non_overlap,2.0,applicable,global,,,all=0.500,all=455.776,8393152.8875284,2033.7176853715534,0.6193360794766174,455.7758297920227,313497.80825861293,4039827.5396348946,4127
PatchTST,PatchTST,204,artifacts\strictmask_baseline_rerun_wtb_full\wtb_patchtst_seed204,patchtst,strong_baselines,221.6144191677373,physical-bin,non_overlap,2.0,applicable,physical,0.0,0.0,low=0.500;mid=0.500;high=0.500,low=1386.55;mid=455.776;high=0,8251826.1248470135,1999.4732553542558,0.5548824812212261,1289.7875848517115,887158.8937805021,3682333.6155332555,4127
PatchTST,PatchTST,204,artifacts\strictmask_baseline_rerun_wtb_full\wtb_patchtst_seed204,patchtst,strong_baselines,221.6144191677373,gate-bin,non_overlap,2.0,not_applicable,gate,,,,,,,,,,,0
PatchTST,PatchTST,204,artifacts\strictmask_baseline_rerun_wtb_full\wtb_patchtst_seed204,patchtst,strong_baselines,221.6144191677373,global,non_overlap,5.0,applicable,global,,,all=0.800,all=10231.2,14241153.877703616,3450.7278598748767,0.23261448994426945,10231.157407522202,7037331.103474021,1440764.5548459191,4127
PatchTST,PatchTST,204,artifacts\strictmask_baseline_rerun_wtb_full\wtb_patchtst_seed204,patchtst,strong_baselines,221.6144191677373,physical-bin,non_overlap,5.0,applicable,physical,0.0,0.0,low=0.800;mid=0.800;high=0.800,low=10793.5;mid=10231.2;high=6487.76,14156678.841820948,3430.2589875989697,0.21904531136418706,10493.040027953568,7217462.699227396,1387843.2285187102,4127
PatchTST,PatchTST,204,artifacts\strictmask_baseline_rerun_wtb_full\wtb_patchtst_seed204,patchtst,strong_baselines,221.6144191677373,gate-bin,non_overlap,5.0,not_applicable,gate,,,,,,,,,,,0
PatchTST,PatchTST,204,artifacts\strictmask_baseline_rerun_wtb_full\wtb_patchtst_seed204,patchtst,strong_baselines,221.6144191677373,global,non_overlap,10.0,applicable,global,,,all=0.900,all=17095.4,19053770.94281029,4616.857509767456,0.09716501090380422,17095.35865646303,11758757.529203821,729501.3413606472,4127
PatchTST,PatchTST,204,artifacts\strictmask_baseline_rerun_wtb_full\wtb_patchtst_seed204,patchtst,strong_baselines,221.6144191677373,physical-bin,non_overlap,10.0,applicable,physical,0.0,0.0,low=0.900;mid=0.900;high=0.900,low=16622.7;mid=17095.4;high=26411.2,19164414.5511029,4643.667204047225,0.09910346498667313,17305.80200402151,11903507.478432793,726090.7072670106,4127
PatchTST,PatchTST,204,artifacts\strictmask_baseline_rerun_wtb_full\wtb_patchtst_seed204,patchtst,strong_baselines,221.6144191677373,gate-bin,non_overlap,10.0,not_applicable,gate,,,,,,,,,,,0
PatchTST,PatchTST,204,artifacts\strictmask_baseline_rerun_wtb_full\wtb_patchtst_seed204,patchtst,strong_baselines,221.6144191677373,global,non_overlap,20.0,applicable,global,,,all=0.950,all=27109,24607696.6259998,5962.611249333608,0.03658832081415071,27109.04566843509,18646505.245605268,298059.5690197263,4127
PatchTST,PatchTST,204,artifacts\strictmask_baseline_rerun_wtb_full\wtb_patchtst_seed204,patchtst,strong_baselines,221.6144191677373,physical-bin,non_overlap,20.0,applicable,physical,0.0,0.0,low=0.950;mid=0.950;high=0.950,low=23398;mid=27109;high=56333.8,24522182.098764382,5941.890501275596,0.05161133995638478,25696.385380015734,17674830.410554156,342367.58441051154,4127
PatchTST,PatchTST,204,artifacts\strictmask_baseline_rerun_wtb_full\wtb_patchtst_seed204,patchtst,strong_baselines,221.6144191677373,gate-bin,non_overlap,20.0,not_applicable,gate,,,,,,,,,,,0
PatchTST,PatchTST,204,artifacts\strictmask_baseline_rerun_wtb_full\wtb_patchtst_seed204,patchtst,strong_baselines,221.6144191677373,global,non_overlap,50.0,applicable,global,,,all=0.975,all=43273.2,32292089.767995033,7824.591656892424,0.00969227041434456,43273.178072357194,29764734.317436356,50547.10901117376,4127
PatchTST,PatchTST,204,artifacts\strictmask_baseline_rerun_wtb_full\wtb_patchtst_seed204,patchtst,strong_baselines,221.6144191677373,physical-bin,non_overlap,50.0,applicable,physical,0.0,0.0,low=0.975;mid=0.975;high=0.975,low=31631.9;mid=43273.2;high=82585.6,31226805.953860663,7566.466187027057,0.0242306760358614,35187.67795866826,24203257.82257065,140470.9626258003,4127
PatchTST,PatchTST,204,artifacts\strictmask_baseline_rerun_wtb_full\wtb_patchtst_seed204,patchtst,strong_baselines,221.6144191677373,gate-bin,non_overlap,50.0,not_applicable,gate,,,,,,,,,,,0
PatchTST,PatchTST,204,artifacts\strictmask_baseline_rerun_wtb_full\wtb_patchtst_seed204,patchtst,strong_baselines,221.6144191677373,global,boundary,2.0,applicable,global,,,all=0.500,all=0,31005613.584654335,2899.07560398825,0.3634408602150538,0.0,0.0,15502806.792327167,10695
PatchTST,PatchTST,204,artifacts\strictmask_baseline_rerun_wtb_full\wtb_patchtst_seed204,patchtst,strong_baselines,221.6144191677373,physical-bin,boundary,2.0,applicable,physical,0.016305305834655375,0.8461538461538461,low=0.500;mid=0.500;high=0.500,low=0;mid=0;high=0,31005613.584654335,2899.07560398825,0.3634408602150538,0.0,0.0,15502806.792327167,10695
PatchTST,PatchTST,204,artifacts\strictmask_baseline_rerun_wtb_full\wtb_patchtst_seed204,patchtst,strong_baselines,221.6144191677373,gate-bin,boundary,2.0,not_applicable,gate,,,,,,,,,,,0
PatchTST,PatchTST,204,artifacts\strictmask_baseline_rerun_wtb_full\wtb_patchtst_seed204,patchtst,strong_baselines,221.6144191677373,global,boundary,5.0,applicable,global,,,all=0.800,all=12916.3,66506152.51892292,6218.434083115747,0.23496961196820945,12916.260208129883,23023233.820991516,8696583.739586283,10695
PatchTST,PatchTST,204,artifacts\strictmask_baseline_rerun_wtb_full\wtb_patchtst_seed204,patchtst,strong_baselines,221.6144191677373,physical-bin,boundary,5.0,applicable,physical,0.016305305834655375,0.8461538461538461,low=0.800;mid=0.800;high=0.800,low=18714.4;mid=13582.2;high=4817.28,61296249.86249198,5731.299659887049,0.20598410472183262,13719.62858455107,24455237.95196228,7368202.382105939,10695
PatchTST,PatchTST,204,artifacts\strictmask_baseline_rerun_wtb_full\wtb_patchtst_seed204,patchtst,strong_baselines,221.6144191677373,gate-bin,boundary,5.0,not_applicable,gate,,,,,,,,,,,0
PatchTST,PatchTST,204,artifacts\strictmask_baseline_rerun_wtb_full\wtb_patchtst_seed204,patchtst,strong_baselines,221.6144191677373,global,boundary,10.0,applicable,global,,,all=0.900,all=29138,91105322.28905158,8518.496707718708,0.10995792426367461,29137.960695266724,51938414.939312935,3916690.734973865,10695
PatchTST,PatchTST,204,artifacts\strictmask_baseline_rerun_wtb_full\wtb_patchtst_seed204,patchtst,strong_baselines,221.6144191677373,physical-bin,boundary,10.0,applicable,physical,0.016305305834655375,0.8461538461538461,low=0.900;mid=0.900;high=0.900,low=33878.6;mid=33060.3;high=17767.8,84057613.17876127,7859.524373890722,0.09481065918653576,29527.59215349699,52632933.01360838,3142468.016515287,10695
PatchTST,PatchTST,204,artifacts\strictmask_baseline_rerun_wtb_full\wtb_patchtst_seed204,patchtst,strong_baselines,221.6144191677373,gate-bin,boundary,10.0,not_applicable,gate,,,,,,,,,,,0
PatchTST,PatchTST,204,artifacts\strictmask_baseline_rerun_wtb_full\wtb_patchtst_seed204,patchtst,strong_baselines,221.6144191677373,global,boundary,20.0,applicable,global,,,all=0.950,all=49356.3,114182838.1353569,10676.282200594382,0.042730247779336136,49356.27408981323,87977558.56509209,1310263.97851324,10695
PatchTST,PatchTST,204,artifacts\strictmask_baseline_rerun_wtb_full\wtb_patchtst_seed204,patchtst,strong_baselines,221.6144191677373,physical-bin,boundary,20.0,applicable,physical,0.016305305834655375,0.8461538461538461,low=0.950;mid=0.950;high=0.950,low=49214.5;mid=56855;high=38131.8,107810959.54851559,10080.501126555922,0.036372136512388964,48522.53867492911,86491425.18806112,1065976.7180227225,10695
PatchTST,PatchTST,204,artifacts\strictmask_baseline_rerun_wtb_full\wtb_patchtst_seed204,patchtst,strong_baselines,221.6144191677373,gate-bin,boundary,20.0,not_applicable,gate,,,,,,,,,,,0
PatchTST,PatchTST,204,artifacts\strictmask_baseline_rerun_wtb_full\wtb_patchtst_seed204,patchtst,strong_baselines,221.6144191677373,global,boundary,50.0,applicable,global,,,all=0.975,all=66945.7,137858217.90640596,12889.968948705558,0.019822346891070593,66945.71234378219,119330732.25279173,370549.71307228506,10695
PatchTST,PatchTST,204,artifacts\strictmask_baseline_rerun_wtb_full\wtb_patchtst_seed204,patchtst,strong_baselines,221.6144191677373,physical-bin,boundary,50.0,applicable,physical,0.016305305834655375,0.8461538461538461,low=0.975;mid=0.975;high=0.975,low=60484.4;mid=77237.9;high=63516.4,137083695.19774085,12817.549808110412,0.018326320710612437,65959.48514883194,117572782.27779293,390218.2583989587,10695
PatchTST,PatchTST,204,artifacts\strictmask_baseline_rerun_wtb_full\wtb_patchtst_seed204,patchtst,strong_baselines,221.6144191677373,gate-bin,boundary,50.0,not_applicable,gate,,,,,,,,,,,0
PatchTST,PatchTST,204,artifacts\strictmask_baseline_rerun_wtb_full\wtb_patchtst_seed204,patchtst,strong_baselines,221.6144191677373,global,non_boundary,2.0,applicable,global,,,all=0.500,all=1411.91,181284797.48329696,2057.9731576393983,0.5903688315226646,1411.906901344657,20728911.17209158,80277943.1556027,88089
PatchTST,PatchTST,204,artifacts\strictmask_baseline_rerun_wtb_full\wtb_patchtst_seed204,patchtst,strong_baselines,221.6144191677373,physical-bin,non_boundary,2.0,applicable,physical,0.0,0.0,low=0.500;mid=0.500;high=0.500,low=1405.03;mid=1411.91;high=3619.05,181330969.53659707,2058.497309954672,0.5908796785069645,1407.440499061233,20663337.686967492,80333815.92481479,88089
PatchTST,PatchTST,204,artifacts\strictmask_baseline_rerun_wtb_full\wtb_patchtst_seed204,patchtst,strong_baselines,221.6144191677373,gate-bin,non_boundary,2.0,not_applicable,gate,,,,,,,,,,,0
PatchTST,PatchTST,204,artifacts\strictmask_baseline_rerun_wtb_full\wtb_patchtst_seed204,patchtst,strong_baselines,221.6144191677373,global,non_boundary,5.0,applicable,global,,,all=0.800,all=10321.2,303978635.79065466,3450.8126530061036,0.22818967180919297,10321.16771059632,151530223.7431199,30489682.409506936,88089
PatchTST,PatchTST,204,artifacts\strictmask_baseline_rerun_wtb_full\wtb_patchtst_seed204,patchtst,strong_baselines,221.6144191677373,physical-bin,non_boundary,5.0,applicable,physical,0.0,0.0,low=0.800;mid=0.800;high=0.800,low=9968.52;mid=10321.2;high=46323.8,305389635.372869,3466.830539259942,0.23753249554427908,10008.143559495396,146934559.66873163,31691015.14082748,88089
PatchTST,PatchTST,204,artifacts\strictmask_baseline_rerun_wtb_full\wtb_patchtst_seed204,patchtst,strong_baselines,221.6144191677373,gate-bin,non_boundary,5.0,not_applicable,gate,,,,,,,,,,,0
PatchTST,PatchTST,204,artifacts\strictmask_baseline_rerun_wtb_full\wtb_patchtst_seed204,patchtst,strong_baselines,221.6144191677373,global,non_boundary,10.0,applicable,global,,,all=0.900,all=16711.9,398580935.74415004,4524.752644985753,0.11141005119821998,16711.85232410431,245355059.89633742,15322587.584781274,88089
PatchTST,PatchTST,204,artifacts\strictmask_baseline_rerun_wtb_full\wtb_patchtst_seed204,patchtst,strong_baselines,221.6144191677373,physical-bin,non_boundary,10.0,applicable,physical,0.0,0.0,low=0.900;mid=0.900;high=0.900,low=15973.6;mid=16711.9;high=70132.2,401156499.6274375,4553.990845933516,0.12020797148338612,16032.65486537589,235383422.4060161,16577307.722142145,88089
PatchTST,PatchTST,204,artifacts\strictmask_baseline_rerun_wtb_full\wtb_patchtst_seed204,patchtst,strong_baselines,221.6144191677373,gate-bin,non_boundary,10.0,not_applicable,gate,,,,,,,,,,,0
PatchTST,PatchTST,204,artifacts\strictmask_baseline_rerun_wtb_full\wtb_patchtst_seed204,patchtst,strong_baselines,221.6144191677373,global,non_boundary,20.0,applicable,global,,,all=0.950,all=23107.9,497305118.5068691,5645.484890359398,0.05476279671695671,23107.913892936685,339258837.81915,7902314.034385957,88089
PatchTST,PatchTST,204,artifacts\strictmask_baseline_rerun_wtb_full\wtb_patchtst_seed204,patchtst,strong_baselines,221.6144191677373,physical-bin,non_boundary,20.0,applicable,physical,0.0,0.0,low=0.950;mid=0.950;high=0.950,low=21552.1;mid=23107.9;high=91271,502702379.9636072,5706.755440107246,0.06416238122807615,21628.053671146965,317532269.97294414,9258505.499533143,88089
PatchTST,PatchTST,204,artifacts\strictmask_baseline_rerun_wtb_full\wtb_patchtst_seed204,patchtst,strong_baselines,221.6144191677373,gate-bin,non_boundary,20.0,not_applicable,gate,,,,,,,,,,,0
PatchTST,PatchTST,204,artifacts\strictmask_baseline_rerun_wtb_full\wtb_patchtst_seed204,patchtst,strong_baselines,221.6144191677373,global,non_boundary,50.0,applicable,global,,,all=0.975,all=30028.5,636877872.109043,7229.936451873026,0.026859199218971723,30028.499570482996,440863416.4440461,3920289.113299939,88089
PatchTST,PatchTST,204,artifacts\strictmask_baseline_rerun_wtb_full\wtb_patchtst_seed204,patchtst,strong_baselines,221.6144191677373,physical-bin,non_boundary,50.0,applicable,physical,0.0,0.0,low=0.975;mid=0.975;high=0.975,low=26996.1;mid=30028.5;high=99439.1,663261595.830328,7529.448578486848,0.036383657437364485,27075.010546264315,397501767.33497953,5315196.56990697,88089
PatchTST,PatchTST,204,artifacts\strictmask_baseline_rerun_wtb_full\wtb_patchtst_seed204,patchtst,strong_baselines,221.6144191677373,gate-bin,non_boundary,50.0,not_applicable,gate,,,,,,,,,,,0
PatchTST,PatchTST,204,artifacts\strictmask_baseline_rerun_wtb_full\wtb_patchtst_seed204,patchtst,strong_baselines,221.6144191677373,global,late_period,2.0,applicable,global,,,all=0.500,all=0,103880256.0089231,2304.7625135100084,0.7691915157969471,0.0,0.0,51940128.00446154,45072
PatchTST,PatchTST,204,artifacts\strictmask_baseline_rerun_wtb_full\wtb_patchtst_seed204,patchtst,strong_baselines,221.6144191677373,physical-bin,late_period,2.0,applicable,physical,0.0,0.0,low=0.500;mid=0.500;high=0.500,low=76.2125;mid=0;high=0,103552487.78002027,2297.4904104548336,0.7621361377351793,70.57166767944766,530134.3676080108,51511176.70620614,45072
PatchTST,PatchTST,204,artifacts\strictmask_baseline_rerun_wtb_full\wtb_patchtst_seed204,patchtst,strong_baselines,221.6144191677373,gate-bin,late_period,2.0,not_applicable,gate,,,,,,,,,,,0
PatchTST,PatchTST,204,artifacts\strictmask_baseline_rerun_wtb_full\wtb_patchtst_seed204,patchtst,strong_baselines,221.6144191677373,global,late_period,5.0,applicable,global,,,all=0.800,all=9341.61,174353572.88826573,3868.33450675066,0.2580315938942137,9341.60537109375,70174139.54765625,20835886.668121904,45072
PatchTST,PatchTST,204,artifacts\strictmask_baseline_rerun_wtb_full\wtb_patchtst_seed204,patchtst,strong_baselines,221.6144191677373,physical-bin,late_period,5.0,applicable,physical,0.0,0.0,low=0.800;mid=0.800;high=0.800,low=9403.81;mid=9341.61;high=9011.98,174188908.6541678,3864.6811469242057,0.25590166844160456,9374.81011984432,70423573.62027052,20753067.00677945,45072
PatchTST,PatchTST,204,artifacts\strictmask_baseline_rerun_wtb_full\wtb_patchtst_seed204,patchtst,strong_baselines,221.6144191677373,gate-bin,late_period,5.0,not_applicable,gate,,,,,,,,,,,0
PatchTST,PatchTST,204,artifacts\strictmask_baseline_rerun_wtb_full\wtb_patchtst_seed204,patchtst,strong_baselines,221.6144191677373,global,late_period,10.0,applicable,global,,,all=0.900,all=18753.4,235039156.66321257,5214.748772258,0.09342829250976216,18753.355489528567,140875206.4373386,9416395.022587398,45072
PatchTST,PatchTST,204,artifacts\strictmask_baseline_rerun_wtb_full\wtb_patchtst_seed204,patchtst,strong_baselines,221.6144191677373,physical-bin,late_period,10.0,applicable,physical,0.0,0.0,low=0.900;mid=0.900;high=0.900,low=16359.7;mid=18753.4;high=28480.7,235216924.69089392,5218.692862329027,0.11863241036563721,17256.825130894464,129633270.3832792,10558365.430761473,45072
PatchTST,PatchTST,204,artifacts\strictmask_baseline_rerun_wtb_full\wtb_patchtst_seed204,patchtst,strong_baselines,221.6144191677373,gate-bin,late_period,10.0,not_applicable,gate,,,,,,,,,,,0
PatchTST,PatchTST,204,artifacts\strictmask_baseline_rerun_wtb_full\wtb_patchtst_seed204,patchtst,strong_baselines,221.6144191677373,global,late_period,20.0,applicable,global,,,all=0.950,all=30286.7,316079396.6458055,7012.76616626299,0.036896521121760735,30286.748304074987,227514053.2602113,4428267.169279709,45072
PatchTST,PatchTST,204,artifacts\strictmask_baseline_rerun_wtb_full\wtb_patchtst_seed204,patchtst,strong_baselines,221.6144191677373,physical-bin,late_period,20.0,applicable,physical,0.0,0.0,low=0.950;mid=0.950;high=0.950,low=23714;mid=30286.7;high=50320.3,302877073.0769381,6719.849864149319,0.053492190273340436,25683.30790805092,192933009.0052785,5497203.203582974,45072
PatchTST,PatchTST,204,artifacts\strictmask_baseline_rerun_wtb_full\wtb_patchtst_seed204,patchtst,strong_baselines,221.6144191677373,gate-bin,late_period,20.0,not_applicable,gate,,,,,,,,,,,0
PatchTST,PatchTST,204,artifacts\strictmask_baseline_rerun_wtb_full\wtb_patchtst_seed204,patchtst,strong_baselines,221.6144191677373,global,late_period,50.0,applicable,global,,,all=0.975,all=44660.6,422198595.0460378,9367.203475462322,0.016129747958821442,44660.553385066916,335490077.0286226,1734170.3603483029,45072
PatchTST,PatchTST,204,artifacts\strictmask_baseline_rerun_wtb_full\wtb_patchtst_seed204,patchtst,strong_baselines,221.6144191677373,physical-bin,late_period,50.0,applicable,physical,0.0,0.0,low=0.975;mid=0.975;high=0.975,low=30869.7;mid=44660.6;high=73369.5,416782386.2962779,9247.035549704426,0.028376819311324103,34015.3443058727,255523266.4257157,3225182.3974112445,45072
PatchTST,PatchTST,204,artifacts\strictmask_baseline_rerun_wtb_full\wtb_patchtst_seed204,patchtst,strong_baselines,221.6144191677373,gate-bin,late_period,50.0,not_applicable,gate,,,,,,,,,,,0
PatchTST,PatchTST,205,artifacts\strictmask_baseline_rerun_wtb_full\wtb_patchtst_seed205,patchtst,strong_baselines,230.4889730007501,global,full,2.0,applicable,global,,,all=0.500,all=0,181902997.03486288,1841.4216577063378,0.5816022837706512,0.0,0.0,90951498.51743145,98784
PatchTST,PatchTST,205,artifacts\strictmask_baseline_rerun_wtb_full\wtb_patchtst_seed205,patchtst,strong_baselines,230.4889730007501,physical-bin,full,2.0,applicable,physical,0.0,0.0,low=0.500;mid=0.500;high=0.500,low=257.39;mid=0;high=0,181182580.7605471,1834.1288139835106,0.5476595400064788,240.75588847504181,3963804.9478530884,88609387.90634699,98784
PatchTST,PatchTST,205,artifacts\strictmask_baseline_rerun_wtb_full\wtb_patchtst_seed205,patchtst,strong_baselines,230.4889730007501,gate-bin,full,2.0,not_applicable,gate,,,,,,,,,,,0
PatchTST,PatchTST,205,artifacts\strictmask_baseline_rerun_wtb_full\wtb_patchtst_seed205,patchtst,strong_baselines,230.4889730007501,global,full,5.0,applicable,global,,,all=0.800,all=8947.15,337900352.9492521,3420.5980011869547,0.22742549400712667,8947.154814183712,147305956.86072063,38118879.2177063,98784
PatchTST,PatchTST,205,artifacts\strictmask_baseline_rerun_wtb_full\wtb_patchtst_seed205,patchtst,strong_baselines,230.4889730007501,physical-bin,full,5.0,applicable,physical,0.0,0.0,low=0.800;mid=0.800;high=0.800,low=8898.69;mid=8947.15;high=9420.11,338089372.512513,3422.5114645338617,0.22806324910916748,8932.387988021097,147062835.83477932,38205307.33554672,98784
PatchTST,PatchTST,205,artifacts\strictmask_baseline_rerun_wtb_full\wtb_patchtst_seed205,patchtst,strong_baselines,230.4889730007501,gate-bin,full,5.0,not_applicable,gate,,,,,,,,,,,0
PatchTST,PatchTST,205,artifacts\strictmask_baseline_rerun_wtb_full\wtb_patchtst_seed205,patchtst,strong_baselines,230.4889730007501,global,full,10.0,applicable,global,,,all=0.900,all=17069.2,454842281.4962667,4604.412470605227,0.09605806608357628,17069.17741394043,281026936.94311523,17381534.455315147,98784
PatchTST,PatchTST,205,artifacts\strictmask_baseline_rerun_wtb_full\wtb_patchtst_seed205,patchtst,strong_baselines,230.4889730007501,physical-bin,full,10.0,applicable,physical,0.0,0.0,low=0.900;mid=0.900;high=0.900,low=15592.5;mid=17069.2;high=30827.2,454113579.62202466,4597.035750951821,0.1106859410430839,16577.04014026357,272924388.8692994,18118919.075272523,98784
PatchTST,PatchTST,205,artifacts\strictmask_baseline_rerun_wtb_full\wtb_patchtst_seed205,patchtst,strong_baselines,230.4889730007501,gate-bin,full,10.0,not_applicable,gate,,,,,,,,,,,0
PatchTST,PatchTST,205,artifacts\strictmask_baseline_rerun_wtb_full\wtb_patchtst_seed205,patchtst,strong_baselines,230.4889730007501,global,full,20.0,applicable,global,,,all=0.950,all=25673.4,602581228.3795218,6099.988139572419,0.0348538224813735,25673.42791032791,422687317.11563873,8994695.563194156,98784
PatchTST,PatchTST,205,artifacts\strictmask_baseline_rerun_wtb_full\wtb_patchtst_seed205,patchtst,strong_baselines,230.4889730007501,physical-bin,full,20.0,applicable,physical,0.0,0.0,low=0.950;mid=0.950;high=0.950,low=21440.6;mid=25673.4;high=56652.2,580109887.1607622,5872.50857589045,0.049653790087463553,23716.188475080067,390463327.0537182,9482328.005352184,98784
PatchTST,PatchTST,205,artifacts\strictmask_baseline_rerun_wtb_full\wtb_patchtst_seed205,patchtst,strong_baselines,230.4889730007501,gate-bin,full,20.0,not_applicable,gate,,,,,,,,,,,0
PatchTST,PatchTST,205,artifacts\strictmask_baseline_rerun_wtb_full\wtb_patchtst_seed205,patchtst,strong_baselines,230.4889730007501,global,full,50.0,applicable,global,,,all=0.975,all=42267.4,857505980.1989428,8680.616093688683,0.01211734693877551,42267.39483213425,695890388.5162582,3232311.8336536903,98784
PatchTST,PatchTST,205,artifacts\strictmask_baseline_rerun_wtb_full\wtb_patchtst_seed205,patchtst,strong_baselines,230.4889730007501,physical-bin,full,50.0,applicable,physical,0.0,0.0,low=0.975;mid=0.975;high=0.975,low=28192.2;mid=42267.4;high=78965,787821788.1879518,7975.196268504533,0.022928814382896016,31473.43517610662,518178636.73941934,5392863.0289706495,98784
PatchTST,PatchTST,205,artifacts\strictmask_baseline_rerun_wtb_full\wtb_patchtst_seed205,patchtst,strong_baselines,230.4889730007501,gate-bin,full,50.0,not_applicable,gate,,,,,,,,,,,0
PatchTST,PatchTST,205,artifacts\strictmask_baseline_rerun_wtb_full\wtb_patchtst_seed205,patchtst,strong_baselines,230.4889730007501,global,non_overlap,2.0,applicable,global,,,all=0.500,all=0,7152344.361705291,1733.061391254008,0.5747516355706325,0.0,0.0,3576172.180852645,4127
PatchTST,PatchTST,205,artifacts\strictmask_baseline_rerun_wtb_full\wtb_patchtst_seed205,patchtst,strong_baselines,230.4889730007501,physical-bin,non_overlap,2.0,applicable,physical,0.0,0.0,low=0.500;mid=0.500;high=0.500,low=328.931;mid=0;high=0,7117059.019053539,1724.5115141879185,0.5340440998303853,305.9765924671848,210460.89951867858,3453299.0597674297,4127
PatchTST,PatchTST,205,artifacts\strictmask_baseline_rerun_wtb_full\wtb_patchtst_seed205,patchtst,strong_baselines,230.4889730007501,gate-bin,non_overlap,2.0,not_applicable,gate,,,,,,,,,,,0
PatchTST,PatchTST,205,artifacts\strictmask_baseline_rerun_wtb_full\wtb_patchtst_seed205,patchtst,strong_baselines,230.4889730007501,global,non_overlap,5.0,applicable,global,,,all=0.800,all=8418.76,13158346.317938834,3188.356267976456,0.23746062515144173,8418.759611797333,5790703.486314599,1473528.5663248473,4127
PatchTST,PatchTST,205,artifacts\strictmask_baseline_rerun_wtb_full\wtb_patchtst_seed205,patchtst,strong_baselines,230.4889730007501,physical-bin,non_overlap,5.0,applicable,physical,0.0,0.0,low=0.800;mid=0.800;high=0.800,low=9024.09;mid=8418.76;high=840.972,12967091.82107262,3142.014010436787,0.22825296825781438,8453.04050383331,5814283.026553345,1430561.7589038548,4127
PatchTST,PatchTST,205,artifacts\strictmask_baseline_rerun_wtb_full\wtb_patchtst_seed205,patchtst,strong_baselines,230.4889730007501,gate-bin,non_overlap,5.0,not_applicable,gate,,,,,,,,,,,0
PatchTST,PatchTST,205,artifacts\strictmask_baseline_rerun_wtb_full\wtb_patchtst_seed205,patchtst,strong_baselines,230.4889730007501,global,non_overlap,10.0,applicable,global,,,all=0.900,all=15668,17387032.803791456,4212.995590935657,0.10007269202810759,15668.047939562794,10777005.64109594,661002.716269552,4127
PatchTST,PatchTST,205,artifacts\strictmask_baseline_rerun_wtb_full\wtb_patchtst_seed205,patchtst,strong_baselines,230.4889730007501,physical-bin,non_overlap,10.0,applicable,physical,0.0,0.0,low=0.900;mid=0.900;high=0.900,low=15339.5;mid=15668;high=23092.2,17497897.15092037,4239.858771727737,0.10273806639205234,15880.497450866322,10923135.496620884,657476.1654299484,4127
PatchTST,PatchTST,205,artifacts\strictmask_baseline_rerun_wtb_full\wtb_patchtst_seed205,patchtst,strong_baselines,230.4889730007501,gate-bin,non_overlap,10.0,not_applicable,gate,,,,,,,,,,,0
PatchTST,PatchTST,205,artifacts\strictmask_baseline_rerun_wtb_full\wtb_patchtst_seed205,patchtst,strong_baselines,230.4889730007501,global,non_overlap,20.0,applicable,global,,,all=0.950,all=24963.4,22839711.082807347,5534.21640000178,0.03392294645020596,24963.382906055427,17170646.875548456,283453.21036294464,4127
PatchTST,PatchTST,205,artifacts\strictmask_baseline_rerun_wtb_full\wtb_patchtst_seed205,patchtst,strong_baselines,230.4889730007501,physical-bin,non_overlap,20.0,applicable,physical,0.0,0.0,low=0.950;mid=0.950;high=0.950,low=21617.5;mid=24963.4;high=56208.3,22588411.53669346,5473.324821103334,0.04409983038526775,24031.41354641262,16529607.284340814,302940.2126176326,4127
PatchTST,PatchTST,205,artifacts\strictmask_baseline_rerun_wtb_full\wtb_patchtst_seed205,patchtst,strong_baselines,230.4889730007501,gate-bin,non_overlap,20.0,not_applicable,gate,,,,,,,,,,,0
PatchTST,PatchTST,205,artifacts\strictmask_baseline_rerun_wtb_full\wtb_patchtst_seed205,patchtst,strong_baselines,230.4889730007501,global,non_overlap,50.0,applicable,global,,,all=0.975,all=41488.3,32123553.24373846,7783.754117697713,0.007026896050399806,41488.26750884061,28537013.334830865,71730.79817815206,4127
PatchTST,PatchTST,205,artifacts\strictmask_baseline_rerun_wtb_full\wtb_patchtst_seed205,patchtst,strong_baselines,230.4889730007501,physical-bin,non_overlap,50.0,applicable,physical,0.0,0.0,low=0.975;mid=0.975;high=0.975,low=31404.1;mid=41488.3;high=83521.7,29429067.077340383,7130.861903886694,0.017446086745820207,35041.08352628588,24102425.28549697,106532.83583686835,4127
PatchTST,PatchTST,205,artifacts\strictmask_baseline_rerun_wtb_full\wtb_patchtst_seed205,patchtst,strong_baselines,230.4889730007501,gate-bin,non_overlap,50.0,not_applicable,gate,,,,,,,,,,,0
PatchTST,PatchTST,205,artifacts\strictmask_baseline_rerun_wtb_full\wtb_patchtst_seed205,patchtst,strong_baselines,230.4889730007501,global,boundary,2.0,applicable,global,,,all=0.500,all=0,30089860.03779181,2813.4511489286406,0.32931276297335205,0.0,0.0,15044930.018895905,10695
PatchTST,PatchTST,205,artifacts\strictmask_baseline_rerun_wtb_full\wtb_patchtst_seed205,patchtst,strong_baselines,230.4889730007501,physical-bin,boundary,2.0,applicable,physical,0.016305305834655375,0.8461538461538461,low=0.500;mid=0.500;high=0.500,low=0;mid=0;high=0,30089860.03779181,2813.4511489286406,0.32931276297335205,0.0,0.0,15044930.018895905,10695
PatchTST,PatchTST,205,artifacts\strictmask_baseline_rerun_wtb_full\wtb_patchtst_seed205,patchtst,strong_baselines,230.4889730007501,gate-bin,boundary,2.0,not_applicable,gate,,,,,,,,,,,0
PatchTST,PatchTST,205,artifacts\strictmask_baseline_rerun_wtb_full\wtb_patchtst_seed205,patchtst,strong_baselines,230.4889730007501,global,boundary,5.0,applicable,global,,,all=0.800,all=8600.74,68325787.72804958,6388.572952599306,0.25348293595137916,8600.743324279785,15330824.975528717,10598992.550504172,10695
PatchTST,PatchTST,205,artifacts\strictmask_baseline_rerun_wtb_full\wtb_patchtst_seed205,patchtst,strong_baselines,230.4889730007501,physical-bin,boundary,5.0,applicable,physical,0.016305305834655375,0.8461538461538461,low=0.800;mid=0.800;high=0.500,low=15019.3;mid=8747.39;high=0,62240684.35521576,5819.605830314704,0.22730247779336138,9417.741700023422,16787124.580291748,9090711.954984803,10695
PatchTST,PatchTST,205,artifacts\strictmask_baseline_rerun_wtb_full\wtb_patchtst_seed205,patchtst,strong_baselines,230.4889730007501,gate-bin,boundary,5.0,not_applicable,gate,,,,,,,,,,,0
PatchTST,PatchTST,205,artifacts\strictmask_baseline_rerun_wtb_full\wtb_patchtst_seed205,patchtst,strong_baselines,230.4889730007501,global,boundary,10.0,applicable,global,,,all=0.900,all=26075,93947589.44597608,8784.253337632172,0.12641421224871435,26075.03174495697,46478744.0853858,4746884.53605903,10695
PatchTST,PatchTST,205,artifacts\strictmask_baseline_rerun_wtb_full\wtb_patchtst_seed205,patchtst,strong_baselines,230.4889730007501,physical-bin,boundary,10.0,applicable,physical,0.016305305834655375,0.8461538461538461,low=0.900;mid=0.900;high=0.900,low=32216.3;mid=29548;high=16545.6,87221060.96901526,8155.311918561501,0.10341280972417018,27458.945571990804,48945570.482073605,3827549.048694166,10695
PatchTST,PatchTST,205,artifacts\strictmask_baseline_rerun_wtb_full\wtb_patchtst_seed205,patchtst,strong_baselines,230.4889730007501,gate-bin,boundary,10.0,not_applicable,gate,,,,,,,,,,,0
PatchTST,PatchTST,205,artifacts\strictmask_baseline_rerun_wtb_full\wtb_patchtst_seed205,patchtst,strong_baselines,230.4889730007501,global,boundary,20.0,applicable,global,,,all=0.950,all=48665.6,117564829.34844348,10992.50391289794,0.04862085086489014,48665.55972290039,86746360.20606995,1540923.457118677,10695
PatchTST,PatchTST,205,artifacts\strictmask_baseline_rerun_wtb_full\wtb_patchtst_seed205,patchtst,strong_baselines,230.4889730007501,physical-bin,boundary,20.0,applicable,physical,0.016305305834655375,0.8461538461538461,low=0.950;mid=0.950;high=0.950,low=48971.7;mid=52981.9;high=39384.1,111938168.78578445,10466.401943504858,0.04366526414212249,47643.85427754594,84925170.24972564,1350649.926802941,10695
PatchTST,PatchTST,205,artifacts\strictmask_baseline_rerun_wtb_full\wtb_patchtst_seed205,patchtst,strong_baselines,230.4889730007501,gate-bin,boundary,20.0,not_applicable,gate,,,,,,,,,,,0
PatchTST,PatchTST,205,artifacts\strictmask_baseline_rerun_wtb_full\wtb_patchtst_seed205,patchtst,strong_baselines,230.4889730007501,global,boundary,50.0,applicable,global,,,all=0.975,all=67860.8,141861293.00450814,13264.26302052437,0.020757363253856943,67860.76485443115,120961813.35302353,417989.59302969277,10695
PatchTST,PatchTST,205,artifacts\strictmask_baseline_rerun_wtb_full\wtb_patchtst_seed205,patchtst,strong_baselines,230.4889730007501,physical-bin,boundary,50.0,applicable,physical,0.016305305834655375,0.8461538461538461,low=0.975;mid=0.975;high=0.975,low=62362.8;mid=77562;high=62523.8,138749125.27934328,12973.270245847898,0.019074333800841514,66667.42489215481,118834684.87026596,398288.8081815466,10695
PatchTST,PatchTST,205,artifacts\strictmask_baseline_rerun_wtb_full\wtb_patchtst_seed205,patchtst,strong_baselines,230.4889730007501,gate-bin,boundary,50.0,not_applicable,gate,,,,,,,,,,,0
PatchTST,PatchTST,205,artifacts\strictmask_baseline_rerun_wtb_full\wtb_patchtst_seed205,patchtst,strong_baselines,230.4889730007501,global,non_boundary,2.0,applicable,global,,,all=0.500,all=482.268,150678249.9495568,1710.5228796961799,0.5503297801087537,482.26751041412354,7080410.454144955,71798919.7477059,88089
PatchTST,PatchTST,205,artifacts\strictmask_baseline_rerun_wtb_full\wtb_patchtst_seed205,patchtst,strong_baselines,230.4889730007501,physical-bin,non_boundary,2.0,applicable,physical,0.0,0.0,low=0.500;mid=0.500;high=0.500,low=478.698;mid=482.268;high=1037.45,150692478.86653277,1710.684408570114,0.5506362882993336,479.30712494664056,7036947.554904103,71827765.65581432,88089
PatchTST,PatchTST,205,artifacts\strictmask_baseline_rerun_wtb_full\wtb_patchtst_seed205,patchtst,strong_baselines,230.4889730007501,gate-bin,non_boundary,2.0,not_applicable,gate,,,,,,,,,,,0
PatchTST,PatchTST,205,artifacts\strictmask_baseline_rerun_wtb_full\wtb_patchtst_seed205,patchtst,strong_baselines,230.4889730007501,global,non_boundary,5.0,applicable,global,,,all=0.800,all=8976.71,269684370.1486816,3061.4988267397925,0.22395531791710657,8976.710129165649,131791569.76134546,27578560.07746721,88089
PatchTST,PatchTST,205,artifacts\strictmask_baseline_rerun_wtb_full\wtb_patchtst_seed205,patchtst,strong_baselines,230.4889730007501,physical-bin,non_boundary,5.0,applicable,physical,0.0,0.0,low=0.800;mid=0.800;high=0.800,low=8633.02;mid=8976.71;high=45373.4,270971874.5074195,3076.1147760494446,0.23187912225135943,8673.060814300554,127333542.34515357,28727666.432453193,88089
PatchTST,PatchTST,205,artifacts\strictmask_baseline_rerun_wtb_full\wtb_patchtst_seed205,patchtst,strong_baselines,230.4889730007501,gate-bin,non_boundary,5.0,not_applicable,gate,,,,,,,,,,,0
PatchTST,PatchTST,205,artifacts\strictmask_baseline_rerun_wtb_full\wtb_patchtst_seed205,patchtst,strong_baselines,230.4889730007501,global,non_boundary,10.0,applicable,global,,,all=0.900,all=15419.2,350772289.78462017,3982.0214758326256,0.10611994687191363,15419.247536277777,226377682.7038622,12439460.708075806,88089
PatchTST,PatchTST,205,artifacts\strictmask_baseline_rerun_wtb_full\wtb_patchtst_seed205,patchtst,strong_baselines,230.4889730007501,physical-bin,non_boundary,10.0,applicable,physical,0.0,0.0,low=0.900;mid=0.900;high=0.900,low=14704.4;mid=15419.2;high=73771.1,352916154.58499944,4006.358961788639,0.11667745121411299,14768.799383820568,216828128.15356165,13608802.643143792,88089
PatchTST,PatchTST,205,artifacts\strictmask_baseline_rerun_wtb_full\wtb_patchtst_seed205,patchtst,strong_baselines,230.4889730007501,gate-bin,non_boundary,10.0,not_applicable,gate,,,,,,,,,,,0
PatchTST,PatchTST,205,artifacts\strictmask_baseline_rerun_wtb_full\wtb_patchtst_seed205,patchtst,strong_baselines,230.4889730007501,global,non_boundary,20.0,applicable,global,,,all=0.950,all=20973.7,437008451.13539016,4960.987763913658,0.04631679324319722,20973.682453918456,307925118.94720376,6454166.609409315,88089
PatchTST,PatchTST,205,artifacts\strictmask_baseline_rerun_wtb_full\wtb_patchtst_seed205,patchtst,strong_baselines,230.4889730007501,physical-bin,non_boundary,20.0,applicable,physical,0.0,0.0,low=0.950;mid=0.950;high=0.950,low=19638.6;mid=20973.7;high=93120.2,438894913.41685426,4982.403176524359,0.057612187673829876,19718.65474010738,289499429.5668865,7469774.192498393,88089
PatchTST,PatchTST,205,artifacts\strictmask_baseline_rerun_wtb_full\wtb_patchtst_seed205,patchtst,strong_baselines,230.4889730007501,gate-bin,non_boundary,20.0,not_applicable,gate,,,,,,,,,,,0
PatchTST,PatchTST,205,artifacts\strictmask_baseline_rerun_wtb_full\wtb_patchtst_seed205,patchtst,strong_baselines,230.4889730007501,global,non_boundary,50.0,applicable,global,,,all=0.975,all=27116.1,583091228.2242568,6619.34212244726,0.01974139790439215,27116.099723035102,398105018.0837398,3699724.202810337,88089
PatchTST,PatchTST,205,artifacts\strictmask_baseline_rerun_wtb_full\wtb_patchtst_seed205,patchtst,strong_baselines,230.4889730007501,physical-bin,non_boundary,50.0,applicable,physical,0.0,0.0,low=0.975;mid=0.975;high=0.975,low=24222.1;mid=27116.1;high=100094,592137907.5821416,6722.041430622911,0.028516613879144954,24304.833987594233,356831420.1888647,4706129.747865543,88089
PatchTST,PatchTST,205,artifacts\strictmask_baseline_rerun_wtb_full\wtb_patchtst_seed205,patchtst,strong_baselines,230.4889730007501,gate-bin,non_boundary,50.0,not_applicable,gate,,,,,,,,,,,0
PatchTST,PatchTST,205,artifacts\strictmask_baseline_rerun_wtb_full\wtb_patchtst_seed205,patchtst,strong_baselines,230.4889730007501,global,late_period,2.0,applicable,global,,,all=0.500,all=0,92459992.93524365,2051.3842948004003,0.6758297834575789,0.0,0.0,46229996.46762182,45072
PatchTST,PatchTST,205,artifacts\strictmask_baseline_rerun_wtb_full\wtb_patchtst_seed205,patchtst,strong_baselines,230.4889730007501,physical-bin,late_period,2.0,applicable,physical,0.0,0.0,low=0.500;mid=0.500;high=0.500,low=0;mid=0;high=0,92459992.93524365,2051.3842948004003,0.6758297834575789,0.0,0.0,46229996.46762182,45072
PatchTST,PatchTST,205,artifacts\strictmask_baseline_rerun_wtb_full\wtb_patchtst_seed205,patchtst,strong_baselines,230.4889730007501,gate-bin,late_period,2.0,not_applicable,gate,,,,,,,,,,,0
PatchTST,PatchTST,205,artifacts\strictmask_baseline_rerun_wtb_full\wtb_patchtst_seed205,patchtst,strong_baselines,230.4889730007501,global,late_period,5.0,applicable,global,,,all=0.800,all=6492.68,173101642.56602436,3840.558274894044,0.3103257011004615,6492.684002494813,48773042.22674103,24865720.06785667,45072
PatchTST,PatchTST,205,artifacts\strictmask_baseline_rerun_wtb_full\wtb_patchtst_seed205,patchtst,strong_baselines,230.4889730007501,physical-bin,late_period,5.0,applicable,physical,0.0,0.0,low=0.800;mid=0.800;high=0.800,low=6957.11;mid=6492.68;high=4181.52,171050289.8335367,3795.0454790898275,0.2975683351082712,6751.678285266036,50718607.27891846,24066336.510923654,45072
PatchTST,PatchTST,205,artifacts\strictmask_baseline_rerun_wtb_full\wtb_patchtst_seed205,patchtst,strong_baselines,230.4889730007501,gate-bin,late_period,5.0,not_applicable,gate,,,,,,,,,,,0
PatchTST,PatchTST,205,artifacts\strictmask_baseline_rerun_wtb_full\wtb_patchtst_seed205,patchtst,strong_baselines,230.4889730007501,global,late_period,10.0,applicable,global,,,all=0.900,all=16397,223240158.7703751,4952.967668849288,0.11304135605253816,16396.977684703477,123174096.36749251,10006606.240288258,45072
PatchTST,PatchTST,205,artifacts\strictmask_baseline_rerun_wtb_full\wtb_patchtst_seed205,patchtst,strong_baselines,230.4889730007501,physical-bin,late_period,10.0,applicable,physical,0.0,0.0,low=0.900;mid=0.900;high=0.900,low=14319.3;mid=16397;high=25596,226193622.7048204,5018.495356425728,0.14228345757898472,15153.941265569862,113836406.7869608,11235721.59178596,45072
PatchTST,PatchTST,205,artifacts\strictmask_baseline_rerun_wtb_full\wtb_patchtst_seed205,patchtst,strong_baselines,230.4889730007501,gate-bin,late_period,10.0,not_applicable,gate,,,,,,,,,,,0
PatchTST,PatchTST,205,artifacts\strictmask_baseline_rerun_wtb_full\wtb_patchtst_seed205,patchtst,strong_baselines,230.4889730007501,global,late_period,20.0,applicable,global,,,all=0.950,all=27537.3,304195965.62622076,6749.111768419879,0.03268104366347178,27537.266064882235,206859942.67939535,4866801.147341264,45072
PatchTST,PatchTST,205,artifacts\strictmask_baseline_rerun_wtb_full\wtb_patchtst_seed205,patchtst,strong_baselines,230.4889730007501,physical-bin,late_period,20.0,applicable,physical,0.0,0.0,low=0.950;mid=0.950;high=0.950,low=20727.4;mid=27537.3;high=49771.4,285399892.8493706,6332.088499497928,0.05946041888533901,22877.090850090077,171852706.46587664,5677359.319174696,45072
PatchTST,PatchTST,205,artifacts\strictmask_baseline_rerun_wtb_full\wtb_patchtst_seed205,patchtst,strong_baselines,230.4889730007501,gate-bin,late_period,20.0,not_applicable,gate,,,,,,,,,,,0
PatchTST,PatchTST,205,artifacts\strictmask_baseline_rerun_wtb_full\wtb_patchtst_seed205,patchtst,strong_baselines,230.4889730007501,global,late_period,50.0,applicable,global,,,all=0.975,all=45038.8,430811841.53274035,9558.303193395908,0.015308839190628329,45038.808668422695,338331530.7171912,1849606.2163109826,45072
PatchTST,PatchTST,205,artifacts\strictmask_baseline_rerun_wtb_full\wtb_patchtst_seed205,patchtst,strong_baselines,230.4889730007501,physical-bin,late_period,50.0,applicable,physical,0.0,0.0,low=0.975;mid=0.975;high=0.975,low=28497.9;mid=45038.8;high=76164.1,400004568.6608873,8874.790749487205,0.023651047213347532,32025.904214208953,240578592.45713764,3188519.524074992,45072
PatchTST,PatchTST,205,artifacts\strictmask_baseline_rerun_wtb_full\wtb_patchtst_seed205,patchtst,strong_baselines,230.4889730007501,gate-bin,late_period,50.0,not_applicable,gate,,,,,,,,,,,0
Physics-Aligned MoE,Physics-Aligned MoE,201,artifacts\strictmask_ablation_rerun_wtb_full\wtb_full_seed201,full,ablation,247.79129232293613,global,full,2.0,applicable,global,,,all=0.500,all=127.246,166416866.21825355,1684.6540554973838,0.5892452218982831,127.24569058418274,2094973.0497779846,82160946.58423778,98784
Physics-Aligned MoE,Physics-Aligned MoE,201,artifacts\strictmask_ablation_rerun_wtb_full\wtb_full_seed201,full,ablation,247.79129232293613,physical-bin,full,2.0,applicable,physical,0.0,0.0,low=0.500;mid=0.500;high=0.500,low=994.116;mid=127.246;high=0,164493578.98325598,1665.1844325321508,0.5102648202137998,929.8704484693047,15309387.063598633,74592095.95982867,98784
Physics-Aligned MoE,Physics-Aligned MoE,201,artifacts\strictmask_ablation_rerun_wtb_full\wtb_full_seed201,full,ablation,247.79129232293613,gate-bin,full,2.0,applicable,gate,1.1917014025197974e-08,0.000115932951528743,low=0.500;mid=0.500;high=0.500,low=2015.05;mid=433.208;high=0,162297995.7172097,1642.9583304706198,0.4851190476190476,891.5923145015262,14679175.865953127,73809409.92562829,98784
Physics-Aligned MoE,Physics-Aligned MoE,201,artifacts\strictmask_ablation_rerun_wtb_full\wtb_full_seed201,full,ablation,247.79129232293613,global,full,5.0,applicable,global,,,all=0.800,all=9503.8,298539601.8268044,3022.145305179021,0.20481049562682216,9503.799628257751,156470557.07963562,28413808.94943375,98784
Physics-Aligned MoE,Physics-Aligned MoE,201,artifacts\strictmask_ablation_rerun_wtb_full\wtb_full_seed201,full,ablation,247.79129232293613,physical-bin,full,5.0,applicable,physical,0.0,0.0,low=0.800;mid=0.800;high=0.800,low=9839.29;mid=9503.8;high=6150.32,296974383.4391097,3006.300447836792,0.19926303854875282,9600.889203067702,158069039.83930662,27781068.719960608,98784
Physics-Aligned MoE,Physics-Aligned MoE,201,artifacts\strictmask_ablation_rerun_wtb_full\wtb_full_seed201,full,ablation,247.79129232293613,gate-bin,full,5.0,applicable,gate,1.1917014025197974e-08,0.000115932951528743,low=0.800;mid=0.800;high=0.800,low=7806.18;mid=10719.9;high=9435.36,301462403.0641293,3051.7331052005316,0.20988216715257532,9585.860526048831,157821607.70086795,28728159.072652258,98784
Physics-Aligned MoE,Physics-Aligned MoE,201,artifacts\strictmask_ablation_rerun_wtb_full\wtb_full_seed201,full,ablation,247.79129232293613,global,full,10.0,applicable,global,,,all=0.900,all=17859.5,398073192.2753076,4029.7334818928935,0.0735442986718497,17859.539108276367,294039451.8786621,10403374.039664548,98784
Physics-Aligned MoE,Physics-Aligned MoE,201,artifacts\strictmask_ablation_rerun_wtb_full\wtb_full_seed201,full,ablation,247.79129232293613,physical-bin,full,10.0,applicable,physical,0.0,0.0,low=0.900;mid=0.900;high=0.900,low=16898.1;mid=17859.5;high=29152.2,400107082.4170105,4050.3227487954578,0.08117711370262391,17690.07657571391,291249420.7425538,10885766.167445682,98784
Physics-Aligned MoE,Physics-Aligned MoE,201,artifacts\strictmask_ablation_rerun_wtb_full\wtb_full_seed201,full,ablation,247.79129232293613,gate-bin,full,10.0,applicable,gate,1.1917014025197974e-08,0.000115932951528743,low=0.900;mid=0.900;high=0.900,low=12949.3;mid=17440.8;high=25735,401749760.0572638,4066.951733653869,0.09962139617751863,17121.97298750034,281896163.26620555,11985359.679105818,98784
Physics-Aligned MoE,Physics-Aligned MoE,201,artifacts\strictmask_ablation_rerun_wtb_full\wtb_full_seed201,full,ablation,247.79129232293613,global,full,20.0,applicable,global,,,all=0.950,all=27225.4,526859509.44391596,5333.449844548874,0.021926627793974734,27225.414825439453,448239229.68603516,3931013.9878940405,98784
Physics-Aligned MoE,Physics-Aligned MoE,201,artifacts\strictmask_ablation_rerun_wtb_full\wtb_full_seed201,full,ablation,247.79129232293613,physical-bin,full,20.0,applicable,physical,0.0,0.0,low=0.950;mid=0.950;high=0.950,low=23636.5;mid=27225.4;high=53032.8,514905042.4992553,5212.433617784816,0.03140184645286686,25536.224920213135,420428407.08638906,4723831.77064331,98784
Physics-Aligned MoE,Physics-Aligned MoE,201,artifacts\strictmask_ablation_rerun_wtb_full\wtb_full_seed201,full,ablation,247.79129232293613,gate-bin,full,20.0,applicable,gate,1.1917014025197974e-08,0.000115932951528743,low=0.950;mid=0.950;high=0.950,low=17073.1;mid=23428.1;high=43795.4,504344549.7281191,5105.528726596605,0.04548307418205377,24177.793966452984,398063199.8636819,5314067.493221862,98784
Physics-Aligned MoE,Physics-Aligned MoE,201,artifacts\strictmask_ablation_rerun_wtb_full\wtb_full_seed201,full,ablation,247.79129232293613,global,full,50.0,applicable,global,,,all=0.975,all=40179.2,725493351.790388,7344.239469857345,0.007329122125040492,40179.173060417175,661509905.2667084,1279668.9304735926,98784
Physics-Aligned MoE,Physics-Aligned MoE,201,artifacts\strictmask_ablation_rerun_wtb_full\wtb_full_seed201,full,ablation,247.79129232293613,physical-bin,full,50.0,applicable,physical,0.0,0.0,low=0.975;mid=0.975;high=0.975,low=30185.9;mid=40179.2;high=70034.7,661471368.6137047,6696.138733131931,0.013139779721412375,32761.188880708913,539380213.7319915,2441823.097634262,98784
Physics-Aligned MoE,Physics-Aligned MoE,201,artifacts\strictmask_ablation_rerun_wtb_full\wtb_full_seed201,full,ablation,247.79129232293613,gate-bin,full,50.0,applicable,gate,1.1917014025197974e-08,0.000115932951528743,low=0.975;mid=0.975;high=0.975,low=21136.5;mid=28588.6;high=59753.1,635364100.7645845,6431.852332003002,0.02020570132815031,30480.574809669415,501832183.6663972,2670638.341963748,98784
Physics-Aligned MoE,Physics-Aligned MoE,201,artifacts\strictmask_ablation_rerun_wtb_full\wtb_full_seed201,full,ablation,247.79129232293613,global,non_overlap,2.0,applicable,global,,,all=0.500,all=127.225,6889818.216299079,1669.4495314511944,0.5883208141507148,127.22494101524353,87509.55526165167,3401154.3305187137,4127
Physics-Aligned MoE,Physics-Aligned MoE,201,artifacts\strictmask_ablation_rerun_wtb_full\wtb_full_seed201,full,ablation,247.79129232293613,physical-bin,non_overlap,2.0,applicable,physical,0.0,0.0,low=0.500;mid=0.500;high=0.500,low=1122.09;mid=127.225;high=0,6794148.573753656,1646.2681303013462,0.502786527744124,1043.7817939763383,717947.9106233914,3038100.3315651324,4127
Physics-Aligned MoE,Physics-Aligned MoE,201,artifacts\strictmask_ablation_rerun_wtb_full\wtb_full_seed201,full,ablation,247.79129232293613,gate-bin,non_overlap,2.0,applicable,gate,1.339669427428161e-08,7.483155407583032e-05,low=0.500;mid=0.500;high=0.500,low=2592.57;mid=0;high=0,6728995.619488939,1630.4811290256696,0.47855585170826265,827.9627567314484,569500.3828384478,3079747.6183252456,4127
Physics-Aligned MoE,Physics-Aligned MoE,201,artifacts\strictmask_ablation_rerun_wtb_full\wtb_full_seed201,full,ablation,247.79129232293613,global,non_overlap,5.0,applicable,global,,,all=0.800,all=9604.6,12381032.654123046,3000.0079123147675,0.19699539617155318,9604.599538421635,6606363.715844348,1154933.78765574,4127
Physics-Aligned MoE,Physics-Aligned MoE,201,artifacts\strictmask_ablation_rerun_wtb_full\wtb_full_seed201,full,ablation,247.79129232293613,physical-bin,non_overlap,5.0,applicable,physical,0.0,0.0,low=0.800;mid=0.800;high=0.800,low=10207.4;mid=9604.6;high=638.38,12116407.319752578,2935.8874048346443,0.1885146595590017,9539.615265148877,6561665.366544902,1110948.3906415352,4127
Physics-Aligned MoE,Physics-Aligned MoE,201,artifacts\strictmask_ablation_rerun_wtb_full\wtb_full_seed201,full,ablation,247.79129232293613,gate-bin,non_overlap,5.0,applicable,gate,1.339669427428161e-08,7.483155407583032e-05,low=0.800;mid=0.800;high=0.800,low=9082.47;mid=9668.4;high=10072.4,12405511.799584653,3005.939374747917,0.19990307729585655,9545.011098878102,6565376.800844987,1168026.9997479331,4127
Physics-Aligned MoE,Physics-Aligned MoE,201,artifacts\strictmask_ablation_rerun_wtb_full\wtb_full_seed201,full,ablation,247.79129232293613,global,non_overlap,10.0,applicable,global,,,all=0.900,all=17137.5,16715803.94675621,4050.3523011282314,0.07753816331475648,17137.5126281321,11787752.436050195,492805.15107060113,4127
Physics-Aligned MoE,Physics-Aligned MoE,201,artifacts\strictmask_ablation_rerun_wtb_full\wtb_full_seed201,full,ablation,247.79129232293613,physical-bin,non_overlap,10.0,applicable,physical,0.0,0.0,low=0.900;mid=0.900;high=0.900,low=16880.5;mid=17137.5;high=22711.3,16821788.36563935,4076.0330423162955,0.07899200387690816,17287.3551758234,11890819.13510386,493096.9230535489,4127
Physics-Aligned MoE,Physics-Aligned MoE,201,artifacts\strictmask_ablation_rerun_wtb_full\wtb_full_seed201,full,ablation,247.79129232293613,gate-bin,non_overlap,10.0,applicable,gate,1.339669427428161e-08,7.483155407583032e-05,low=0.900;mid=0.900;high=0.900,low=14304.3;mid=16717.9;high=22292.9,16591802.910403501,4020.3060117284954,0.08698812696874243,16826.514693565725,11573837.690057624,501796.52203458763,4127
Physics-Aligned MoE,Physics-Aligned MoE,201,artifacts\strictmask_ablation_rerun_wtb_full\wtb_full_seed201,full,ablation,247.79129232293613,global,non_overlap,20.0,applicable,global,,,all=0.950,all=25049.6,21460798.59447318,5200.096582135493,0.03561909377271626,25049.55766189843,17229920.745109133,211543.8924682025,4127
Physics-Aligned MoE,Physics-Aligned MoE,201,artifacts\strictmask_ablation_rerun_wtb_full\wtb_full_seed201,full,ablation,247.79129232293613,physical-bin,non_overlap,20.0,applicable,physical,0.0,0.0,low=0.950;mid=0.950;high=0.950,low=23018.7;mid=25049.6;high=56129.7,22116254.39785321,5358.917954410761,0.03949600193845408,25329.315755849177,17422347.68739826,234695.3355227475,4127
Physics-Aligned MoE,Physics-Aligned MoE,201,artifacts\strictmask_ablation_rerun_wtb_full\wtb_full_seed201,full,ablation,247.79129232293613,gate-bin,non_overlap,20.0,applicable,gate,1.339669427428161e-08,7.483155407583032e-05,low=0.950;mid=0.950;high=0.950,low=17859.8;mid=22894.9;high=41882.2,20515270.24238635,4970.988670314114,0.04531136418706082,24281.98190136609,16701956.551156307,190665.6845615022,4127
Physics-Aligned MoE,Physics-Aligned MoE,201,artifacts\strictmask_ablation_rerun_wtb_full\wtb_full_seed201,full,ablation,247.79129232293613,global,non_overlap,50.0,applicable,global,,,all=0.975,all=39567.8,29730913.19628345,7204.001259094608,0.00848073661255149,39567.79868888856,27216050.86484051,50297.24662885873,4127
Physics-Aligned MoE,Physics-Aligned MoE,201,artifacts\strictmask_ablation_rerun_wtb_full\wtb_full_seed201,full,ablation,247.79129232293613,physical-bin,non_overlap,50.0,applicable,physical,0.0,0.0,low=0.975;mid=0.975;high=0.975,low=30657.8;mid=39567.8;high=78175.1,28432229.760290265,6889.321482987707,0.01453840562151684,33973.73441015122,23368266.98511568,101279.2555034918,4127
Physics-Aligned MoE,Physics-Aligned MoE,201,artifacts\strictmask_ablation_rerun_wtb_full\wtb_full_seed201,full,ablation,247.79129232293613,gate-bin,non_overlap,50.0,applicable,gate,1.339669427428161e-08,7.483155407583032e-05,low=0.975;mid=0.975;high=0.975,low=22236.9;mid=28334.1;high=63531.1,25177900.633939754,6100.775535241036,0.016234552944027137,31938.89953081012,21968639.727275558,64185.21813328391,4127
Physics-Aligned MoE,Physics-Aligned MoE,201,artifacts\strictmask_ablation_rerun_wtb_full\wtb_full_seed201,full,ablation,247.79129232293613,global,boundary,2.0,applicable,global,,,all=0.500,all=0,16117877.750830892,1507.0479430416917,0.22496493688639552,0.0,0.0,8058938.875415446,10695
Physics-Aligned MoE,Physics-Aligned MoE,201,artifacts\strictmask_ablation_rerun_wtb_full\wtb_full_seed201,full,ablation,247.79129232293613,physical-bin,boundary,2.0,applicable,physical,0.016305305834655375,0.8461538461538461,low=0.500;mid=0.500;high=0.500,low=0;mid=0;high=0,16117877.750830892,1507.0479430416917,0.22496493688639552,0.0,0.0,8058938.875415446,10695
Physics-Aligned MoE,Physics-Aligned MoE,201,artifacts\strictmask_ablation_rerun_wtb_full\wtb_full_seed201,full,ablation,247.79129232293613,gate-bin,boundary,2.0,applicable,gate,0.02546234326718272,0.5208367903519704,low=0.500;mid=0.500;high=0.500,low=0;mid=0;high=0,16117877.750830892,1507.0479430416917,0.22496493688639552,0.0,0.0,8058938.875415446,10695
Physics-Aligned MoE,Physics-Aligned MoE,201,artifacts\strictmask_ablation_rerun_wtb_full\wtb_full_seed201,full,ablation,247.79129232293613,global,boundary,5.0,applicable,global,,,all=0.800,all=5158.69,40190192.25432398,3757.8487381322097,0.18008415147265078,5158.6937255859375,9195371.565856934,6198964.13769341,10695
Physics-Aligned MoE,Physics-Aligned MoE,201,artifacts\strictmask_ablation_rerun_wtb_full\wtb_full_seed201,full,ablation,247.79129232293613,physical-bin,boundary,5.0,applicable,physical,0.016305305834655375,0.8461538461538461,low=0.800;mid=0.800;high=0.800,low=9757.81;mid=1912.11;high=2935.77,39606886.155253485,3703.3086634178107,0.1691444600280505,5811.834901258731,10359595.711493688,5849458.088751959,10695
Physics-Aligned MoE,Physics-Aligned MoE,201,artifacts\strictmask_ablation_rerun_wtb_full\wtb_full_seed201,full,ablation,247.79129232293613,gate-bin,boundary,5.0,applicable,gate,0.02546234326718272,0.5208367903519704,low=0.800;mid=0.800;high=0.800,low=10065.6;mid=544.348;high=3343.24,39956901.37606354,3736.0356592859785,0.17456755493221132,5295.533843733052,9439289.076454164,6103522.459921876,10695
Physics-Aligned MoE,Physics-Aligned MoE,201,artifacts\strictmask_ablation_rerun_wtb_full\wtb_full_seed201,full,ablation,247.79129232293613,global,boundary,10.0,applicable,global,,,all=0.900,all=23088.9,63898352.93371904,5974.600554812439,0.07657784011220196,23088.92083233595,41156001.38363883,2274235.1550080217,10695
Physics-Aligned MoE,Physics-Aligned MoE,201,artifacts\strictmask_ablation_rerun_wtb_full\wtb_full_seed201,full,ablation,247.79129232293613,physical-bin,boundary,10.0,applicable,physical,0.016305305834655375,0.8461538461538461,low=0.900;mid=0.900;high=0.900,low=27077.5;mid=23199.5;high=14254,60726933.468624726,5678.0676455002085,0.07115474520804115,22709.166990244594,40479090.16011099,2024784.3308513728,10695
Physics-Aligned MoE,Physics-Aligned MoE,201,artifacts\strictmask_ablation_rerun_wtb_full\wtb_full_seed201,full,ablation,247.79129232293613,gate-bin,boundary,10.0,applicable,gate,0.02546234326718272,0.5208367903519704,low=0.900;mid=0.900;high=0.900,low=26257.1;mid=20516.4;high=18211.1,62483766.95174172,5842.33445084074,0.07807386629266012,22261.03758181323,39680299.489582084,2280346.7462159637,10695
Physics-Aligned MoE,Physics-Aligned MoE,201,artifacts\strictmask_ablation_rerun_wtb_full\wtb_full_seed201,full,ablation,247.79129232293613,global,boundary,20.0,applicable,global,,,all=0.950,all=43546.9,88867751.21770152,8309.280151257739,0.026928471248246846,43546.927629470825,77622398.49953175,562267.6359084893,10695
Physics-Aligned MoE,Physics-Aligned MoE,201,artifacts\strictmask_ablation_rerun_wtb_full\wtb_full_seed201,full,ablation,247.79129232293613,physical-bin,boundary,20.0,applicable,physical,0.016305305834655375,0.8461538461538461,low=0.950;mid=0.950;high=0.950,low=41754.7;mid=49211.5;high=39238.1,87737332.45984074,8203.584147717695,0.024216923796166433,43202.56712777243,77008575.90525435,536437.827729319,10695
Physics-Aligned MoE,Physics-Aligned MoE,201,artifacts\strictmask_ablation_rerun_wtb_full\wtb_full_seed201,full,ablation,247.79129232293613,gate-bin,boundary,20.0,applicable,gate,0.02546234326718272,0.5208367903519704,low=0.950;mid=0.950;high=0.950,low=41302.6;mid=46269.5;high=44675.2,89439038.12198526,8362.696411592824,0.025525946704067323,43753.311284887684,77990277.3653123,572438.0378336487,10695
Physics-Aligned MoE,Physics-Aligned MoE,201,artifacts\strictmask_ablation_rerun_wtb_full\wtb_full_seed201,full,ablation,247.79129232293613,global,boundary,50.0,applicable,global,,,all=0.975,all=58827.4,109791534.02949353,10265.688081299068,0.009630668536699392,58827.44987869263,104859929.40876961,98632.09241447845,10695
Physics-Aligned MoE,Physics-Aligned MoE,201,artifacts\strictmask_ablation_rerun_wtb_full\wtb_full_seed201,full,ablation,247.79129232293613,physical-bin,boundary,50.0,applicable,physical,0.016305305834655375,0.8461538461538461,low=0.975;mid=0.975;high=0.975,low=51827.5;mid=63440.3;high=62106.1,112172739.60475433,10488.334698901761,0.01187470780738663,57714.402846473306,102875923.07383867,185936.3306183137,10695
Physics-Aligned MoE,Physics-Aligned MoE,201,artifacts\strictmask_ablation_rerun_wtb_full\wtb_full_seed201,full,ablation,247.79129232293613,gate-bin,boundary,50.0,applicable,gate,0.02546234326718272,0.5208367903519704,low=0.975;mid=0.975;high=0.975,low=50893.9;mid=63513.7;high=63221,113135313.80769841,10578.336961916635,0.0120617110799439,58174.82792038096,103696630.76807906,188773.6607923869,10695
Physics-Aligned MoE,Physics-Aligned MoE,201,artifacts\strictmask_ablation_rerun_wtb_full\wtb_full_seed201,full,ablation,247.79129232293613,global,non_boundary,2.0,applicable,global,,,all=0.500,all=1358.32,147741269.56593037,1677.1818225423194,0.5201557515694355,1358.3172022998333,19942134.005565003,63899567.78018269,88089
Physics-Aligned MoE,Physics-Aligned MoE,201,artifacts\strictmask_ablation_rerun_wtb_full\wtb_full_seed201,full,ablation,247.79129232293613,physical-bin,non_boundary,2.0,applicable,physical,0.0,0.0,low=0.500;mid=0.500;high=0.500,low=1358.84;mid=1358.32;high=1185.4,147738415.14125794,1677.1494186704122,0.5201216951038155,1358.6535484740757,19947072.07192214,63895671.53466791,88089
Physics-Aligned MoE,Physics-Aligned MoE,201,artifacts\strictmask_ablation_rerun_wtb_full\wtb_full_seed201,full,ablation,247.79129232293613,gate-bin,non_boundary,2.0,applicable,gate,9.943865371383182e-10,1.6711890899691597e-06,low=0.500;mid=0.500;high=0.500,low=1962.14;mid=2056.33;high=0,145041383.31128567,1646.5322947392488,0.4891189592344107,1517.9284856902232,22285467.06266101,61377958.12431234,88089
Physics-Aligned MoE,Physics-Aligned MoE,201,artifacts\strictmask_ablation_rerun_wtb_full\wtb_full_seed201,full,ablation,247.79129232293613,global,non_boundary,5.0,applicable,global,,,all=0.800,all=10230.3,256742174.84788105,2914.577016970122,0.19547276050358162,10230.287431335459,150195964.92315152,21309241.984945893,88089
Physics-Aligned MoE,Physics-Aligned MoE,201,artifacts\strictmask_ablation_rerun_wtb_full\wtb_full_seed201,full,ablation,247.79129232293613,physical-bin,non_boundary,5.0,applicable,physical,0.0,0.0,low=0.800;mid=0.800;high=0.800,low=9883.69;mid=10230.3;high=42966.1,257255821.5246661,2920.4080137663736,0.20332845190659446,9919.745183418232,145636738.91035476,22323816.522862256,88089
Physics-Aligned MoE,Physics-Aligned MoE,201,artifacts\strictmask_ablation_rerun_wtb_full\wtb_full_seed201,full,ablation,247.79129232293613,gate-bin,non_boundary,5.0,applicable,gate,9.943865371383182e-10,1.6711890899691597e-06,low=0.800;mid=0.800;high=0.800,low=7615.74;mid=9613.5;high=12983.7,261857042.6015545,2972.641789571394,0.20981053252960075,10101.685944290062,148307902.19109455,22709828.082092002,88089
Physics-Aligned MoE,Physics-Aligned MoE,201,artifacts\strictmask_ablation_rerun_wtb_full\wtb_full_seed201,full,ablation,247.79129232293613,global,non_boundary,10.0,applicable,global,,,all=0.900,all=17125.5,332454556.4647513,3774.0757241511574,0.07877260497905528,17125.4570586443,251427397.80648628,8102715.865826514,88089
Physics-Aligned MoE,Physics-Aligned MoE,201,artifacts\strictmask_ablation_rerun_wtb_full\wtb_full_seed201,full,ablation,247.79129232293613,physical-bin,non_boundary,10.0,applicable,physical,0.0,0.0,low=0.900;mid=0.900;high=0.900,low=16398.2;mid=17125.5;high=71895.6,331529049.0067519,3763.569219843021,0.08749106017777475,16458.687985186236,241638227.65451172,8989082.135224013,88089
Physics-Aligned MoE,Physics-Aligned MoE,201,artifacts\strictmask_ablation_rerun_wtb_full\wtb_full_seed201,full,ablation,247.79129232293613,gate-bin,non_boundary,10.0,applicable,gate,9.943865371383182e-10,1.6711890899691597e-06,low=0.900;mid=0.900;high=0.900,low=13388.4;mid=14899.3;high=22388.1,336331319.8157698,3818.0853434114338,0.10029629125089398,16520.46970503468,242545275.97446662,9378604.384130323,88089
Physics-Aligned MoE,Physics-Aligned MoE,201,artifacts\strictmask_ablation_rerun_wtb_full\wtb_full_seed201,full,ablation,247.79129232293613,global,non_boundary,20.0,applicable,global,,,all=0.950,all=23728.1,414847094.16436696,4709.408599988273,0.029197743191544914,23728.14211664198,348364718.4854792,3324118.7839443833,88089
Physics-Aligned MoE,Physics-Aligned MoE,201,artifacts\strictmask_ablation_rerun_wtb_full\wtb_full_seed201,full,ablation,247.79129232293613,physical-bin,non_boundary,20.0,applicable,physical,0.0,0.0,low=0.950;mid=0.950;high=0.950,low=22341.8;mid=23728.1;high=91109.1,408611087.1504854,4638.616480496831,0.03506680743339123,22416.703242638345,329110828.65679485,3975012.9246845236,88089
Physics-Aligned MoE,Physics-Aligned MoE,201,artifacts\strictmask_ablation_rerun_wtb_full\wtb_full_seed201,full,ablation,247.79129232293613,gate-bin,non_boundary,20.0,applicable,gate,9.943865371383182e-10,1.6711890899691597e-06,low=0.950;mid=0.950;high=0.950,low=17291.9;mid=19271.2;high=30950.3,405943393.7934207,4608.332411463641,0.04753147385031048,21868.560294450443,321063267.9629742,4244006.291522329,88089
Physics-Aligned MoE,Physics-Aligned MoE,201,artifacts\strictmask_ablation_rerun_wtb_full\wtb_full_seed201,full,ablation,247.79129232293613,global,non_boundary,50.0,applicable,global,,,all=0.975,all=30367.8,522589131.8625053,5932.512934219997,0.010818603911952685,30367.78273539542,445844602.22970784,1534890.5926559467,88089
Physics-Aligned MoE,Physics-Aligned MoE,201,artifacts\strictmask_ablation_rerun_wtb_full\wtb_full_seed201,full,ablation,247.79129232293613,physical-bin,non_boundary,50.0,applicable,physical,0.0,0.0,low=0.975;mid=0.975;high=0.975,low=27844.6;mid=30367.8;high=99658.5,510711071.09582174,5797.671344842395,0.015507044012305736,27922.86327092126,409949517.1120305,2015231.0796758218,88089
Physics-Aligned MoE,Physics-Aligned MoE,201,artifacts\strictmask_ablation_rerun_wtb_full\wtb_full_seed201,full,ablation,247.79129232293613,gate-bin,non_boundary,50.0,applicable,gate,9.943865371383182e-10,1.6711890899691597e-06,low=0.975;mid=0.975;high=0.975,low=21113.4;mid=23872.2;high=40664.2,496140051.54300356,5632.258869359438,0.021512334116632042,27622.577962794086,405540878.3607614,1811983.463644845,88089
Physics-Aligned MoE,Physics-Aligned MoE,201,artifacts\strictmask_ablation_rerun_wtb_full\wtb_full_seed201,full,ablation,247.79129232293613,global,late_period,2.0,applicable,global,,,all=0.500,all=0,89567630.18667999,1987.2122423384803,0.7124600638977636,0.0,0.0,44783815.093339995,45072
Physics-Aligned MoE,Physics-Aligned MoE,201,artifacts\strictmask_ablation_rerun_wtb_full\wtb_full_seed201,full,ablation,247.79129232293613,physical-bin,late_period,2.0,applicable,physical,0.0,0.0,low=0.500;mid=0.500;high=0.500,low=0;mid=0;high=0,89567630.18667999,1987.2122423384803,0.7124600638977636,0.0,0.0,44783815.093339995,45072
Physics-Aligned MoE,Physics-Aligned MoE,201,artifacts\strictmask_ablation_rerun_wtb_full\wtb_full_seed201,full,ablation,247.79129232293613,gate-bin,late_period,2.0,applicable,gate,1.6544476568487586e-06,0.022581509439912627,low=0.500;mid=0.500;high=0.500,low=1778.47;mid=0;high=0,85531823.69094238,1897.670919660596,0.5327254171104011,1317.8307909690475,9899544.901759485,37816139.39459144,45072
Physics-Aligned MoE,Physics-Aligned MoE,201,artifacts\strictmask_ablation_rerun_wtb_full\wtb_full_seed201,full,ablation,247.79129232293613,global,late_period,5.0,applicable,global,,,all=0.800,all=7462.03,156386252.43766427,3469.698536511898,0.28986954206602766,7462.0261956214945,56054740.78150866,20066302.33123112,45072
Physics-Aligned MoE,Physics-Aligned MoE,201,artifacts\strictmask_ablation_rerun_wtb_full\wtb_full_seed201,full,ablation,247.79129232293613,physical-bin,late_period,5.0,applicable,physical,0.0,0.0,low=0.800;mid=0.800;high=0.800,low=8569.67;mid=7462.03;high=1956.88,151991000.4436628,3372.1822959634096,0.26415512957046505,8080.224455620867,60698646.110623956,18258470.866607767,45072
Physics-Aligned MoE,Physics-Aligned MoE,201,artifacts\strictmask_ablation_rerun_wtb_full\wtb_full_seed201,full,ablation,247.79129232293613,gate-bin,late_period,5.0,applicable,gate,1.6544476568487586e-06,0.022581509439912627,low=0.800;mid=0.800;high=0.800,low=8518.32;mid=8336.11;high=4424.37,152540414.05901855,3384.371983915037,0.26517571884984026,8160.771496160694,61303715.47915913,18247339.715971887,45072
Physics-Aligned MoE,Physics-Aligned MoE,201,artifacts\strictmask_ablation_rerun_wtb_full\wtb_full_seed201,full,ablation,247.79129232293613,global,late_period,10.0,applicable,global,,,all=0.900,all=17318.5,194919655.0175898,4324.628483705844,0.09773251686190983,17318.505310058594,130096611.88916016,6482304.312842963,45072
Physics-Aligned MoE,Physics-Aligned MoE,201,artifacts\strictmask_ablation_rerun_wtb_full\wtb_full_seed201,full,ablation,247.79129232293613,physical-bin,late_period,10.0,applicable,physical,0.0,0.0,low=0.900;mid=0.900;high=0.900,low=16221.3;mid=17318.5;high=23201.1,196474423.26402488,4359.123696841163,0.11126641817536387,16737.8856668253,125734997.12919165,7073942.613483322,45072
Physics-Aligned MoE,Physics-Aligned MoE,201,artifacts\strictmask_ablation_rerun_wtb_full\wtb_full_seed201,full,ablation,247.79129232293613,gate-bin,late_period,10.0,applicable,gate,1.6544476568487586e-06,0.022581509439912627,low=0.900;mid=0.900;high=0.900,low=13933.1;mid=19429.2;high=21292.7,195994510.80222422,4348.476011763938,0.1364927227547036,15504.449555624948,116469425.0618546,7952508.574036964,45072
Physics-Aligned MoE,Physics-Aligned MoE,201,artifacts\strictmask_ablation_rerun_wtb_full\wtb_full_seed201,full,ablation,247.79129232293613,global,late_period,20.0,applicable,global,,,all=0.950,all=28979.2,259454070.73034048,5756.435719079262,0.02229765708200213,28979.199172791847,217691744.18601233,2088116.327216414,45072
Physics-Aligned MoE,Physics-Aligned MoE,201,artifacts\strictmask_ablation_rerun_wtb_full\wtb_full_seed201,full,ablation,247.79129232293613,physical-bin,late_period,20.0,applicable,physical,0.0,0.0,low=0.950;mid=0.950;high=0.950,low=23872.9;mid=28979.2;high=46016.4,249257614.08410004,5530.209755149539,0.03895988640397586,25511.80549510837,191644682.87925404,2880646.560242299,45072
Physics-Aligned MoE,Physics-Aligned MoE,201,artifacts\strictmask_ablation_rerun_wtb_full\wtb_full_seed201,full,ablation,247.79129232293613,gate-bin,late_period,20.0,applicable,gate,1.6544476568487586e-06,0.022581509439912627,low=0.950;mid=0.950;high=0.950,low=18421.5;mid=28889.2;high=42484.3,237168525.42955112,5261.992488231078,0.06529552715654952,22211.31891739108,166851427.70744178,3515854.8861054704,45072
Physics-Aligned MoE,Physics-Aligned MoE,201,artifacts\strictmask_ablation_rerun_wtb_full\wtb_full_seed201,full,ablation,247.79129232293613,global,late_period,50.0,applicable,global,,,all=0.975,all=42603.7,354838463.1790328,7872.702857184789,0.008564075257365992,42603.68179893494,320038857.67359924,695992.110108671,45072
Physics-Aligned MoE,Physics-Aligned MoE,201,artifacts\strictmask_ablation_rerun_wtb_full\wtb_full_seed201,full,ablation,247.79129232293613,physical-bin,late_period,50.0,applicable,physical,0.0,0.0,low=0.975;mid=0.975;high=0.975,low=31377.6;mid=42603.7;high=67058.8,330814455.1324577,7339.68883414221,0.014443556975505858,34018.50792068678,255547031.50019908,1505348.4726451724,45072
Physics-Aligned MoE,Physics-Aligned MoE,201,artifacts\strictmask_ablation_rerun_wtb_full\wtb_full_seed201,full,ablation,247.79129232293613,gate-bin,late_period,50.0,applicable,gate,1.6544476568487586e-06,0.022581509439912627,low=0.975;mid=0.975;high=0.975,low=22953.4;mid=37370.4;high=63718.4,299194431.877295,6638.144122233205,0.02913116790912318,28777.928505383556,216179798.93244126,1660292.6588970742,45072
Physics-Aligned MoE,Physics-Aligned MoE,202,artifacts\strictmask_ablation_rerun_wtb_full\wtb_full_seed202,full,ablation,243.11949690811625,global,full,2.0,applicable,global,,,all=0.500,all=400.311,211284651.0342841,2138.8549869845738,0.5648283122772919,400.31119537353516,6590723.520629883,102346963.75682712,98784
Physics-Aligned MoE,Physics-Aligned MoE,202,artifacts\strictmask_ablation_rerun_wtb_full\wtb_full_seed202,full,ablation,243.11949690811625,physical-bin,full,2.0,applicable,physical,0.0,0.0,low=0.500;mid=0.500;high=0.500,low=1063.34;mid=400.311;high=0,209964416.82063586,2125.490128164843,0.5117225461613216,994.6198840530551,16375421.7710495,96794497.52479316,98784
Physics-Aligned MoE,Physics-Aligned MoE,202,artifacts\strictmask_ablation_rerun_wtb_full\wtb_full_seed202,full,ablation,243.11949690811625,gate-bin,full,2.0,applicable,gate,3.273586540857686e-08,0.002817153803686682,low=0.500;mid=0.500;high=0.500,low=1665.53;mid=0;high=0,209791906.64723766,2123.7437909705786,0.4939970035633301,704.4921446975512,11598758.670300484,99096573.9884686,98784
Physics-Aligned MoE,Physics-Aligned MoE,202,artifacts\strictmask_ablation_rerun_wtb_full\wtb_full_seed202,full,ablation,243.11949690811625,global,full,5.0,applicable,global,,,all=0.800,all=10524.6,412750106.801839,4178.309309218486,0.18807701652089406,10524.601463362575,173277038.49280143,47894613.661807515,98784
Physics-Aligned MoE,Physics-Aligned MoE,202,artifacts\strictmask_ablation_rerun_wtb_full\wtb_full_seed202,full,ablation,243.11949690811625,physical-bin,full,5.0,applicable,physical,0.0,0.0,low=0.800;mid=0.800;high=0.800,low=10110.6;mid=10524.6;high=13136.2,412906159.11878765,4179.88904193784,0.19420149011985746,10306.174864259066,169680862.96516126,48645059.23072529,98784
Physics-Aligned MoE,Physics-Aligned MoE,202,artifacts\strictmask_ablation_rerun_wtb_full\wtb_full_seed202,full,ablation,243.11949690811625,gate-bin,full,5.0,applicable,gate,3.273586540857686e-08,0.002817153803686682,low=0.800;mid=0.800;high=0.800,low=5945.41;mid=11233.6;high=15809.6,399711191.3616952,4046.3151052973676,0.230310576611597,9696.767978727788,159647588.0017743,48012720.67198418,98784
Physics-Aligned MoE,Physics-Aligned MoE,202,artifacts\strictmask_ablation_rerun_wtb_full\wtb_full_seed202,full,ablation,243.11949690811625,global,full,10.0,applicable,global,,,all=0.900,all=20864.5,607641546.6728673,6151.214231787206,0.08442662779397474,20864.515586853027,343513384.62194824,26412816.205091912,98784
Physics-Aligned MoE,Physics-Aligned MoE,202,artifacts\strictmask_ablation_rerun_wtb_full\wtb_full_seed202,full,ablation,243.11949690811625,physical-bin,full,10.0,applicable,physical,0.0,0.0,low=0.900;mid=0.900;high=0.900,low=18879.1;mid=20864.5;high=35812.6,601254164.2459062,6086.554140811328,0.09262633624878523,19973.444383447353,328842788.3290772,27241137.59168291,98784
Physics-Aligned MoE,Physics-Aligned MoE,202,artifacts\strictmask_ablation_rerun_wtb_full\wtb_full_seed202,full,ablation,243.11949690811625,gate-bin,full,10.0,applicable,gate,3.273586540857686e-08,0.002817153803686682,low=0.900;mid=0.900;high=0.900,low=9688.38;mid=19890.4;high=33684.1,544229056.0717146,5509.283447437992,0.11925008098477487,17685.15373571829,291168371.1048659,25306068.496684868,98784
Physics-Aligned MoE,Physics-Aligned MoE,202,artifacts\strictmask_ablation_rerun_wtb_full\wtb_full_seed202,full,ablation,243.11949690811625,global,full,20.0,applicable,global,,,all=0.950,all=33048.7,825553834.9463168,8357.161432482151,0.04429867184969226,33048.66220664978,544113174.570282,14072033.018801743,98784
Physics-Aligned MoE,Physics-Aligned MoE,202,artifacts\strictmask_ablation_rerun_wtb_full\wtb_full_seed202,full,ablation,243.11949690811625,physical-bin,full,20.0,applicable,physical,0.0,0.0,low=0.950;mid=0.950;high=0.950,low=28081.5;mid=33048.7;high=57519.3,812520491.2139106,8225.223631498124,0.05187074829931973,29983.931792345054,493655453.02916896,15943251.909237081,98784
Physics-Aligned MoE,Physics-Aligned MoE,202,artifacts\strictmask_ablation_rerun_wtb_full\wtb_full_seed202,full,ablation,243.11949690811625,gate-bin,full,20.0,applicable,gate,3.273586540857686e-08,0.002817153803686682,low=0.950;mid=0.950;high=0.950,low=13782.8;mid=27437.9;high=50000.3,687442510.6698635,6959.047119673869,0.06465621963070943,25113.391324099543,413466874.75997484,13698781.79549443,98784
Physics-Aligned MoE,Physics-Aligned MoE,202,artifacts\strictmask_ablation_rerun_wtb_full\wtb_full_seed202,full,ablation,243.11949690811625,global,full,50.0,applicable,global,,,all=0.975,all=45946.2,1098274521.8407333,11117.93936103755,0.02601635892452219,45946.222209483385,756458602.4569345,6836318.387675976,98784
Physics-Aligned MoE,Physics-Aligned MoE,202,artifacts\strictmask_ablation_rerun_wtb_full\wtb_full_seed202,full,ablation,243.11949690811625,physical-bin,full,50.0,applicable,physical,0.0,0.0,low=0.975;mid=0.975;high=0.975,low=36474.8;mid=45946.2;high=85486.3,1136439997.8565063,11504.29217136891,0.033011418853255585,39642.25638671883,652670109.1509387,9675397.774111357,98784
Physics-Aligned MoE,Physics-Aligned MoE,202,artifacts\strictmask_ablation_rerun_wtb_full\wtb_full_seed202,full,ablation,243.11949690811625,gate-bin,full,50.0,applicable,gate,3.273586540857686e-08,0.002817153803686682,low=0.975;mid=0.975;high=0.975,low=17282.6;mid=33273.5;high=65920,923314315.4792714,9346.800245781416,0.037941367022999675,31503.56132784,518674633.70155776,8092793.635554274,98784
Physics-Aligned MoE,Physics-Aligned MoE,202,artifacts\strictmask_ablation_rerun_wtb_full\wtb_full_seed202,full,ablation,243.11949690811625,global,non_overlap,2.0,applicable,global,,,all=0.500,all=408.598,8723799.266567219,2113.8355383007556,0.5628786043130604,408.5979223251343,281047.2709059715,4221375.997830624,4127
Physics-Aligned MoE,Physics-Aligned MoE,202,artifacts\strictmask_ablation_rerun_wtb_full\wtb_full_seed202,full,ablation,243.11949690811625,physical-bin,non_overlap,2.0,applicable,physical,0.0,0.0,low=0.500;mid=0.500;high=0.500,low=1172.69;mid=408.598;high=0,8660683.349562462,2098.54212492427,0.5035134480251999,1090.8579579371935,750328.4654011328,3955177.4420806644,4127
Physics-Aligned MoE,Physics-Aligned MoE,202,artifacts\strictmask_ablation_rerun_wtb_full\wtb_full_seed202,full,ablation,243.11949690811625,gate-bin,non_overlap,2.0,applicable,gate,9.135958418023033e-09,0.002140903133568535,low=0.500;mid=0.500;high=0.500,low=1738.6;mid=0;high=0,8656568.822873615,2097.545147291886,0.49188272352798645,682.4658764174119,469422.77866244316,4093573.022105586,4127
Physics-Aligned MoE,Physics-Aligned MoE,202,artifacts\strictmask_ablation_rerun_wtb_full\wtb_full_seed202,full,ablation,243.11949690811625,global,non_overlap,5.0,applicable,global,,,all=0.800,all=10097.9,17192975.878644757,4165.974286078206,0.1868185122364914,10097.905079460146,6945675.7104886705,2049460.0336312172,4127
Physics-Aligned MoE,Physics-Aligned MoE,202,artifacts\strictmask_ablation_rerun_wtb_full\wtb_full_seed202,full,ablation,243.11949690811625,physical-bin,non_overlap,5.0,applicable,physical,0.0,0.0,low=0.800;mid=0.800;high=0.800,low=10246.8;mid=10097.9;high=8605.65,17172210.898286995,4160.942790958807,0.18463775139326388,10132.247549296097,6969297.605990832,2040582.6584592324,4127
Physics-Aligned MoE,Physics-Aligned MoE,202,artifacts\strictmask_ablation_rerun_wtb_full\wtb_full_seed202,full,ablation,243.11949690811625,gate-bin,non_overlap,5.0,applicable,gate,9.135958418023033e-09,0.002140903133568535,low=0.800;mid=0.800;high=0.800,low=6189.44;mid=10842.4;high=13844.2,16760500.68787666,4061.1826236677152,0.21565301671916645,9467.640268765092,6512158.564865589,2049668.4246022142,4127
Physics-Aligned MoE,Physics-Aligned MoE,202,artifacts\strictmask_ablation_rerun_wtb_full\wtb_full_seed202,full,ablation,243.11949690811625,global,non_overlap,10.0,applicable,global,,,all=0.900,all=18883.5,25707101.227448814,6229.004416634071,0.09183426217591471,18883.483817291264,12988689.618993508,1271841.1608455312,4127
Physics-Aligned MoE,Physics-Aligned MoE,202,artifacts\strictmask_ablation_rerun_wtb_full\wtb_full_seed202,full,ablation,243.11949690811625,physical-bin,non_overlap,10.0,applicable,physical,0.0,0.0,low=0.900;mid=0.900;high=0.900,low=18451.7;mid=18883.5;high=21961.4,25670205.59404819,6220.064355233388,0.09401502301914223,18696.630485756697,12860165.669119649,1281003.9924928546,4127
Physics-Aligned MoE,Physics-Aligned MoE,202,artifacts\strictmask_ablation_rerun_wtb_full\wtb_full_seed202,full,ablation,243.11949690811625,gate-bin,non_overlap,10.0,applicable,gate,9.135958418023033e-09,0.002140903133568535,low=0.900;mid=0.900;high=0.900,low=10031.1;mid=17264.5;high=29865.9,23442298.76210457,5680.227468404306,0.12309183426217592,16321.279130469415,11226319.828574546,1221597.8933530024,4127
Physics-Aligned MoE,Physics-Aligned MoE,202,artifacts\strictmask_ablation_rerun_wtb_full\wtb_full_seed202,full,ablation,243.11949690811625,global,non_overlap,20.0,applicable,global,,,all=0.950,all=29806.8,35073176.98549227,8498.46789083893,0.05621516840319845,29806.81846389768,20502123.300084285,728552.6842703996,4127
Physics-Aligned MoE,Physics-Aligned MoE,202,artifacts\strictmask_ablation_rerun_wtb_full\wtb_full_seed202,full,ablation,243.11949690811625,physical-bin,non_overlap,20.0,applicable,physical,0.0,0.0,low=0.950;mid=0.950;high=0.950,low=26882.7;mid=29806.8;high=57845,35291054.96075737,8551.261197178912,0.06106130361037073,29043.37772461791,19977003.311583016,765702.5824587174,4127
Physics-Aligned MoE,Physics-Aligned MoE,202,artifacts\strictmask_ablation_rerun_wtb_full\wtb_full_seed202,full,ablation,243.11949690811625,gate-bin,non_overlap,20.0,applicable,gate,9.135958418023033e-09,0.002140903133568535,low=0.950;mid=0.950;high=0.950,low=15546.5;mid=23686.7;high=48765.6,29795806.558317445,7219.725359417845,0.07002665374363945,24265.073429870095,16690326.340845646,655274.0108735899,4127
Physics-Aligned MoE,Physics-Aligned MoE,202,artifacts\strictmask_ablation_rerun_wtb_full\wtb_full_seed202,full,ablation,243.11949690811625,global,non_overlap,50.0,applicable,global,,,all=0.975,all=45663.1,45952821.19050455,11134.679232009827,0.028107584201599225,45663.12842841148,31408621.83734236,290883.98706324375,4127
Physics-Aligned MoE,Physics-Aligned MoE,202,artifacts\strictmask_ablation_rerun_wtb_full\wtb_full_seed202,full,ablation,243.11949690811625,physical-bin,non_overlap,50.0,applicable,physical,0.0,0.0,low=0.975;mid=0.975;high=0.975,low=38623.6;mid=45663.1;high=104704,47930875.91348052,11613.975263746188,0.033680639689847344,43234.93552639212,29738429.819570042,363848.92187820934,4127
Physics-Aligned MoE,Physics-Aligned MoE,202,artifacts\strictmask_ablation_rerun_wtb_full\wtb_full_seed202,full,ablation,243.11949690811625,gate-bin,non_overlap,50.0,applicable,gate,9.135958418023033e-09,0.002140903133568535,low=0.975;mid=0.975;high=0.975,low=19022.6;mid=30734.4;high=66417,38216698.555440985,9260.164418570628,0.04070753574024715,31506.340482915057,21671111.195498407,330911.7471988516,4127
Physics-Aligned MoE,Physics-Aligned MoE,202,artifacts\strictmask_ablation_rerun_wtb_full\wtb_full_seed202,full,ablation,243.11949690811625,global,boundary,2.0,applicable,global,,,all=0.500,all=0,34843747.242048696,3257.9473812107244,0.3602618045815802,0.0,0.0,17421873.62102435,10695
Physics-Aligned MoE,Physics-Aligned MoE,202,artifacts\strictmask_ablation_rerun_wtb_full\wtb_full_seed202,full,ablation,243.11949690811625,physical-bin,boundary,2.0,applicable,physical,0.016305305834655375,0.8461538461538461,low=0.500;mid=0.500;high=0.500,low=0;mid=0;high=0,34843747.242048696,3257.9473812107244,0.3602618045815802,0.0,0.0,17421873.62102435,10695
Physics-Aligned MoE,Physics-Aligned MoE,202,artifacts\strictmask_ablation_rerun_wtb_full\wtb_full_seed202,full,ablation,243.11949690811625,gate-bin,boundary,2.0,applicable,gate,0.1391532300108697,0.8157275253872094,low=0.500;mid=0.500;high=0.500,low=0;mid=0;high=0,34843747.242048696,3257.9473812107244,0.3602618045815802,0.0,0.0,17421873.62102435,10695
Physics-Aligned MoE,Physics-Aligned MoE,202,artifacts\strictmask_ablation_rerun_wtb_full\wtb_full_seed202,full,ablation,243.11949690811625,global,boundary,5.0,applicable,global,,,all=0.800,all=12943.4,77115668.12729678,7210.441152622419,0.22608695652173913,12943.436023712158,23071674.712266922,10808798.683005974,10695
Physics-Aligned MoE,Physics-Aligned MoE,202,artifacts\strictmask_ablation_rerun_wtb_full\wtb_full_seed202,full,ablation,243.11949690811625,physical-bin,boundary,5.0,applicable,physical,0.016305305834655375,0.8461538461538461,low=0.800;mid=0.800;high=0.800,low=20062.3;mid=10423.2;high=9379.27,74825391.62905666,6996.2965525064665,0.19504441327723235,14625.558232709505,26070057.54980469,9751066.815850396,10695
Physics-Aligned MoE,Physics-Aligned MoE,202,artifacts\strictmask_ablation_rerun_wtb_full\wtb_full_seed202,full,ablation,243.11949690811625,gate-bin,boundary,5.0,applicable,gate,0.1391532300108697,0.8157275253872094,low=0.800;mid=0.800;high=0.800,low=16899.2;mid=12012.4;high=10059.7,75159384.38196594,7027.52542140869,0.20738662926601215,13802.82379112469,24603533.40767976,10111170.194857234,10695
Physics-Aligned MoE,Physics-Aligned MoE,202,artifacts\strictmask_ablation_rerun_wtb_full\wtb_full_seed202,full,ablation,243.11949690811625,global,boundary,10.0,applicable,global,,,all=0.900,all=31000.6,109057483.20669483,10197.053128255711,0.1230481533426835,31000.639263153076,55258639.48657036,5379884.372012448,10695
Physics-Aligned MoE,Physics-Aligned MoE,202,artifacts\strictmask_ablation_rerun_wtb_full\wtb_full_seed202,full,ablation,243.11949690811625,physical-bin,boundary,10.0,applicable,physical,0.016305305834655375,0.8461538461538461,low=0.900;mid=0.900;high=0.900,low=36078.8;mid=31276.6;high=19744.3,103200391.8307012,9649.405500766827,0.11519401589527817,30553.07833101228,54460862.125029385,4873952.970567182,10695
Physics-Aligned MoE,Physics-Aligned MoE,202,artifacts\strictmask_ablation_rerun_wtb_full\wtb_full_seed202,full,ablation,243.11949690811625,gate-bin,boundary,10.0,applicable,gate,0.1391532300108697,0.8157275253872094,low=0.900;mid=0.900;high=0.900,low=31588.1;mid=36100.5;high=21060.8,104365821.80563043,9758.375110390876,0.1187470780738663,30440.89236155307,54260890.63446835,5010493.117116207,10695
Physics-Aligned MoE,Physics-Aligned MoE,202,artifacts\strictmask_ablation_rerun_wtb_full\wtb_full_seed202,full,ablation,243.11949690811625,global,boundary,20.0,applicable,global,,,all=0.950,all=49092.8,135991295.84762645,12715.408681404997,0.06489013557737261,49092.833435058594,87507975.59799194,2424166.0124817253,10695
Physics-Aligned MoE,Physics-Aligned MoE,202,artifacts\strictmask_ablation_rerun_wtb_full\wtb_full_seed202,full,ablation,243.11949690811625,physical-bin,boundary,20.0,applicable,physical,0.016305305834655375,0.8461538461538461,low=0.950;mid=0.950;high=0.950,low=47867.8;mid=52473;high=46446,133805119.97709256,12510.99766031721,0.06414212248714353,48795.85428861448,86978610.26945531,2341325.4853818617,10695
Physics-Aligned MoE,Physics-Aligned MoE,202,artifacts\strictmask_ablation_rerun_wtb_full\wtb_full_seed202,full,ablation,243.11949690811625,gate-bin,boundary,20.0,applicable,gate,0.1391532300108697,0.8157275253872094,low=0.950;mid=0.950;high=0.950,low=43685.6;mid=55659.7;high=49005.9,136092486.26569766,12724.870151070374,0.06713417484805984,48551.775248584185,86543539.3806013,2477447.3442548173,10695
Physics-Aligned MoE,Physics-Aligned MoE,202,artifacts\strictmask_ablation_rerun_wtb_full\wtb_full_seed202,full,ablation,243.11949690811625,global,boundary,50.0,applicable,global,,,all=0.975,all=62477.9,171702770.2428709,16054.489971282926,0.039364188873305284,62477.94347381592,111366934.24207687,1206716.720015881,10695
Physics-Aligned MoE,Physics-Aligned MoE,202,artifacts\strictmask_ablation_rerun_wtb_full\wtb_full_seed202,full,ablation,243.11949690811625,physical-bin,boundary,50.0,applicable,physical,0.016305305834655375,0.8461538461538461,low=0.975;mid=0.975;high=0.975,low=56611.9;mid=65720.1;high=78490.4,183447867.03999248,17152.675740064748,0.04375876577840112,64763.7628924749,115441407.35583651,1360129.1936831195,10695
Physics-Aligned MoE,Physics-Aligned MoE,202,artifacts\strictmask_ablation_rerun_wtb_full\wtb_full_seed202,full,ablation,243.11949690811625,gate-bin,boundary,50.0,applicable,gate,0.1391532300108697,0.8157275253872094,low=0.975;mid=0.975;high=0.975,low=52205.1;mid=67964.7;high=80033.5,188240140.38900667,17600.76113969207,0.0463768115942029,63563.52289969405,113301979.56870463,1498763.2164060408,10695
Physics-Aligned MoE,Physics-Aligned MoE,202,artifacts\strictmask_ablation_rerun_wtb_full\wtb_full_seed202,full,ablation,243.11949690811625,global,non_boundary,2.0,applicable,global,,,all=0.500,all=1227.71,174969933.76850754,1986.2858446401656,0.5176469252687623,1227.7101836204529,18024627.06082368,78472653.35384195,88089
Physics-Aligned MoE,Physics-Aligned MoE,202,artifacts\strictmask_ablation_rerun_wtb_full\wtb_full_seed202,full,ablation,243.11949690811625,physical-bin,non_boundary,2.0,applicable,physical,0.0,0.0,low=0.500;mid=0.500;high=0.500,low=1209.57;mid=1227.71;high=8282.28,175092831.41865838,1987.6809978392123,0.5189524231175289,1217.2821530384433,17871527.929833904,78610651.74441223,88089
Physics-Aligned MoE,Physics-Aligned MoE,202,artifacts\strictmask_ablation_rerun_wtb_full\wtb_full_seed202,full,ablation,243.11949690811625,gate-bin,non_boundary,2.0,applicable,gate,8.568356738622357e-11,1.8222688744649044e-05,low=0.500;mid=0.500;high=0.500,low=1498.78;mid=1295.15;high=0,174854365.196665,1984.9738922755962,0.5100182769698828,1056.487352425717,15510819.064638164,79671773.06601343,88089
Physics-Aligned MoE,Physics-Aligned MoE,202,artifacts\strictmask_ablation_rerun_wtb_full\wtb_full_seed202,full,ablation,243.11949690811625,global,non_boundary,5.0,applicable,global,,,all=0.800,all=9962.15,334305618.6113717,3795.0892689367765,0.19107947643860188,9962.15447807312,146259370.9698305,37609249.528308235,88089
Physics-Aligned MoE,Physics-Aligned MoE,202,artifacts\strictmask_ablation_rerun_wtb_full\wtb_full_seed202,full,ablation,243.11949690811625,physical-bin,non_boundary,5.0,applicable,physical,0.0,0.0,low=0.800;mid=0.800;high=0.800,low=9469;mid=9962.15;high=51249.6,334825909.2389456,3800.995688893569,0.20096720362360795,9514.529541080381,139687565.4573716,39027668.75631479,88089
Physics-Aligned MoE,Physics-Aligned MoE,202,artifacts\strictmask_ablation_rerun_wtb_full\wtb_full_seed202,full,ablation,243.11949690811625,gate-bin,non_boundary,5.0,applicable,gate,8.568356738622357e-11,1.8222688744649044e-05,low=0.800;mid=0.800;high=0.800,low=5609.82;mid=7949.77;high=17371.8,317757660.25342333,3607.234277303901,0.22952922612357957,9467.327045080463,138994562.0123488,35752619.64821491,88089
Physics-Aligned MoE,Physics-Aligned MoE,202,artifacts\strictmask_ablation_rerun_wtb_full\wtb_full_seed202,full,ablation,243.11949690811625,global,non_boundary,10.0,applicable,global,,,all=0.900,all=18511.9,483538427.9861964,5489.203282886585,0.08872844509530134,18511.94388847351,271783104.1986238,21175532.378757264,88089
Physics-Aligned MoE,Physics-Aligned MoE,202,artifacts\strictmask_ablation_rerun_wtb_full\wtb_full_seed202,full,ablation,243.11949690811625,physical-bin,non_boundary,10.0,applicable,physical,0.0,0.0,low=0.900;mid=0.900;high=0.900,low=17275.2;mid=18511.9;high=103315,483673071.5554947,5490.73177758284,0.0977193520189808,17368.997953766608,255002943.45822445,22867012.80972703,88089
Physics-Aligned MoE,Physics-Aligned MoE,202,artifacts\strictmask_ablation_rerun_wtb_full\wtb_full_seed202,full,ablation,243.11949690811625,gate-bin,non_boundary,10.0,applicable,gate,8.568356738622357e-11,1.8222688744649044e-05,low=0.900;mid=0.900;high=0.900,low=9697.17;mid=13048;high=28263.8,424859662.75344235,4823.072832628845,0.1211842568311594,15607.73983313325,229145032.3601458,19571463.039329655,88089
Physics-Aligned MoE,Physics-Aligned MoE,202,artifacts\strictmask_ablation_rerun_wtb_full\wtb_full_seed202,full,ablation,243.11949690811625,global,non_boundary,20.0,applicable,global,,,all=0.950,all=27621.9,654149552.105738,7426.007243875377,0.048360181180397095,27621.89447394605,405530843.7192389,12430935.419324953,88089
Physics-Aligned MoE,Physics-Aligned MoE,202,artifacts\strictmask_ablation_rerun_wtb_full\wtb_full_seed202,full,ablation,243.11949690811625,physical-bin,non_boundary,20.0,applicable,physical,0.0,0.0,low=0.950;mid=0.950;high=0.950,low=25446;mid=27621.9;high=120569,656685661.4178929,7454.79755040803,0.05533040447729001,25549.626178696515,375106836.74253285,14078941.233768005,88089
Physics-Aligned MoE,Physics-Aligned MoE,202,artifacts\strictmask_ablation_rerun_wtb_full\wtb_full_seed202,full,ablation,243.11949690811625,gate-bin,non_boundary,20.0,applicable,gate,8.568356738622357e-11,1.8222688744649044e-05,low=0.950;mid=0.950;high=0.950,low=13740.9;mid=18749.4;high=38504.6,526100036.65351814,5972.369270323402,0.06436672002179614,21905.180155680908,321600902.4556292,10224956.709894445,88089
Physics-Aligned MoE,Physics-Aligned MoE,202,artifacts\strictmask_ablation_rerun_wtb_full\wtb_full_seed202,full,ablation,243.11949690811625,global,non_boundary,50.0,applicable,global,,,all=0.975,all=36342.7,910070230.1096134,10331.25850117056,0.030378367333038177,36342.744807148025,533566007.8861437,7530084.444469396,88089
Physics-Aligned MoE,Physics-Aligned MoE,202,artifacts\strictmask_ablation_rerun_wtb_full\wtb_full_seed202,full,ablation,243.11949690811625,physical-bin,non_boundary,50.0,applicable,physical,0.0,0.0,low=0.975;mid=0.975;high=0.975,low=32481.9;mid=36342.7;high=130472,949826625.2123655,10782.579268834537,0.03672422209356446,32588.685231531806,478450782.2267342,9427516.859712625,88089
Physics-Aligned MoE,Physics-Aligned MoE,202,artifacts\strictmask_ablation_rerun_wtb_full\wtb_full_seed202,full,ablation,243.11949690811625,gate-bin,non_boundary,50.0,applicable,gate,8.568356738622357e-11,1.8222688744649044e-05,low=0.975;mid=0.975;high=0.975,low=17035.7;mid=24980.9;high=47774.3,662146009.2540681,7516.7842665266735,0.035361963468764544,28070.283424382214,412113866.0950675,5000642.863180013,88089
Physics-Aligned MoE,Physics-Aligned MoE,202,artifacts\strictmask_ablation_rerun_wtb_full\wtb_full_seed202,full,ablation,243.11949690811625,global,late_period,2.0,applicable,global,,,all=0.500,all=0,98355805.39810717,2182.19305551356,0.6924920127795527,0.0,0.0,49177902.699053586,45072
Physics-Aligned MoE,Physics-Aligned MoE,202,artifacts\strictmask_ablation_rerun_wtb_full\wtb_full_seed202,full,ablation,243.11949690811625,physical-bin,late_period,2.0,applicable,physical,0.0,0.0,low=0.500;mid=0.500;high=0.500,low=0;mid=0;high=0,98355805.39810717,2182.19305551356,0.6924920127795527,0.0,0.0,49177902.699053586,45072
Physics-Aligned MoE,Physics-Aligned MoE,202,artifacts\strictmask_ablation_rerun_wtb_full\wtb_full_seed202,full,ablation,243.11949690811625,gate-bin,late_period,2.0,applicable,gate,3.042846306520984e-05,0.09275708822157745,low=0.500;mid=0.500;high=0.500,low=622.32;mid=0;high=0,96950729.8478694,2151.019032833453,0.5849973375931843,478.2827248673173,3592859.8292032876,46678935.00933305,45072
Physics-Aligned MoE,Physics-Aligned MoE,202,artifacts\strictmask_ablation_rerun_wtb_full\wtb_full_seed202,full,ablation,243.11949690811625,global,late_period,5.0,applicable,global,,,all=0.800,all=9812.86,190705359.1931761,4231.127067651227,0.19382321618743345,9812.863374713066,73714229.67084455,23398225.90446631,45072
Physics-Aligned MoE,Physics-Aligned MoE,202,artifacts\strictmask_ablation_rerun_wtb_full\wtb_full_seed202,full,ablation,243.11949690811625,physical-bin,late_period,5.0,applicable,physical,0.0,0.0,low=0.800;mid=0.800;high=0.800,low=9699.73;mid=9812.86;high=10093.1,190728457.4926939,4231.639543235133,0.19568690095846644,9728.84458904587,73083080.55291256,23529075.38795627,45072
Physics-Aligned MoE,Physics-Aligned MoE,202,artifacts\strictmask_ablation_rerun_wtb_full\wtb_full_seed202,full,ablation,243.11949690811625,gate-bin,late_period,5.0,applicable,gate,3.042846306520984e-05,0.09275708822157745,low=0.800;mid=0.800;high=0.800,low=6370.52;mid=14350.3;high=9988.87,187400215.18586266,4157.796751550023,0.2553470003549876,7873.7512510166625,59147619.397637166,25650519.157645106,45072
Physics-Aligned MoE,Physics-Aligned MoE,202,artifacts\strictmask_ablation_rerun_wtb_full\wtb_full_seed202,full,ablation,243.11949690811625,global,late_period,10.0,applicable,global,,,all=0.900,all=21826.3,288878852.60124135,6409.275217457432,0.0758564075257366,21826.266219329842,163958911.83960575,12491994.076163553,45072
Physics-Aligned MoE,Physics-Aligned MoE,202,artifacts\strictmask_ablation_rerun_wtb_full\wtb_full_seed202,full,ablation,243.11949690811625,physical-bin,late_period,10.0,applicable,physical,0.0,0.0,low=0.900;mid=0.900;high=0.900,low=19602.6;mid=21826.3;high=30505.3,284664902.3105429,6315.781467663802,0.08564075257365993,20409.539443680264,153316460.30092615,13134844.200961674,45072
Physics-Aligned MoE,Physics-Aligned MoE,202,artifacts\strictmask_ablation_rerun_wtb_full\wtb_full_seed202,full,ablation,243.11949690811625,gate-bin,late_period,10.0,applicable,gate,3.042846306520984e-05,0.09275708822157745,low=0.900;mid=0.900;high=0.900,low=11001.1;mid=25124.3;high=30540.1,263204179.13124448,5839.638337132687,0.15615015974440893,14696.741813674684,110401924.50432421,15280225.462692026,45072
Physics-Aligned MoE,Physics-Aligned MoE,202,artifacts\strictmask_ablation_rerun_wtb_full\wtb_full_seed202,full,ablation,243.11949690811625,global,late_period,20.0,applicable,global,,,all=0.950,all=34241.6,399218206.326651,8857.343945834464,0.04495030173943912,34241.552777481025,257222544.46443748,7099783.093110681,45072
Physics-Aligned MoE,Physics-Aligned MoE,202,artifacts\strictmask_ablation_rerun_wtb_full\wtb_full_seed202,full,ablation,243.11949690811625,physical-bin,late_period,20.0,applicable,physical,0.0,0.0,low=0.950;mid=0.950;high=0.950,low=28719;mid=34241.6;high=50493.2,388745735.7246514,8624.994136595922,0.051561945331913384,30330.61391028359,227843571.69405034,8045108.201530054,45072
Physics-Aligned MoE,Physics-Aligned MoE,202,artifacts\strictmask_ablation_rerun_wtb_full\wtb_full_seed202,full,ablation,243.11949690811625,gate-bin,late_period,20.0,applicable,gate,3.042846306520984e-05,0.09275708822157745,low=0.950;mid=0.950;high=0.950,low=15998.1;mid=32610.1;high=49762.6,341307853.0412866,7572.502951750235,0.09396077387291445,21194.7219621121,159214751.3793861,9104655.083095022,45072
Physics-Aligned MoE,Physics-Aligned MoE,202,artifacts\strictmask_ablation_rerun_wtb_full\wtb_full_seed202,full,ablation,243.11949690811625,global,late_period,50.0,applicable,global,,,all=0.975,all=45956.7,538637597.6509483,11950.60342676048,0.029730209442669506,45956.71758222575,345226862.4776798,3868214.7034653695,45072
Physics-Aligned MoE,Physics-Aligned MoE,202,artifacts\strictmask_ablation_rerun_wtb_full\wtb_full_seed202,full,ablation,243.11949690811625,physical-bin,late_period,50.0,applicable,physical,0.0,0.0,low=0.975;mid=0.975;high=0.975,low=35743.3;mid=45956.7;high=69026.8,558414624.4900551,12389.39085219327,0.03780617678381257,38206.76661310572,287009230.79765016,5428107.873848097,45072
Physics-Aligned MoE,Physics-Aligned MoE,202,artifacts\strictmask_ablation_rerun_wtb_full\wtb_full_seed202,full,ablation,243.11949690811625,gate-bin,late_period,50.0,applicable,gate,3.042846306520984e-05,0.09275708822157745,low=0.975;mid=0.975;high=0.975,low=23534.2;mid=39580.4;high=67716,472665731.0589637,10486.90386623544,0.048744231451899184,29465.422590240894,221344254.49788958,5026429.531221481,45072
Physics-Aligned MoE,Physics-Aligned MoE,203,artifacts\strictmask_ablation_rerun_wtb_full\wtb_full_seed203,full,ablation,236.84837784879835,global,full,2.0,applicable,global,,,all=0.500,all=698.098,237520697.65022963,2404.445028043303,0.5871497408487204,698.098456889391,11493492.994226933,113013602.32800135,98784
Physics-Aligned MoE,Physics-Aligned MoE,203,artifacts\strictmask_ablation_rerun_wtb_full\wtb_full_seed203,full,ablation,236.84837784879835,physical-bin,full,2.0,applicable,physical,0.0,0.0,low=0.500;mid=0.500;high=0.500,low=881.517;mid=698.098;high=0,236889262.48222458,2398.0529486781725,0.5741719306770328,824.5479446284625,13575357.360363007,111656952.56093079,98784
Physics-Aligned MoE,Physics-Aligned MoE,203,artifacts\strictmask_ablation_rerun_wtb_full\wtb_full_seed203,full,ablation,236.84837784879835,gate-bin,full,2.0,applicable,gate,2.928610284189445e-09,1.1843154378388723e-05,low=0.500;mid=0.500;high=0.500,low=1506.09;mid=437.476;high=0,236051987.43538016,2389.5771322823553,0.550939423388403,801.437115138343,13194860.663637677,111428563.38587123,98784
Physics-Aligned MoE,Physics-Aligned MoE,203,artifacts\strictmask_ablation_rerun_wtb_full\wtb_full_seed203,full,ablation,236.84837784879835,global,full,5.0,applicable,global,,,all=0.800,all=11807.7,444401823.91899216,4498.7227073108215,0.1952644152899255,11807.73318362236,194402519.13515854,49999860.956766725,98784
Physics-Aligned MoE,Physics-Aligned MoE,203,artifacts\strictmask_ablation_rerun_wtb_full\wtb_full_seed203,full,ablation,236.84837784879835,physical-bin,full,5.0,applicable,physical,0.0,0.0,low=0.800;mid=0.800;high=0.800,low=9847.68;mid=11807.7;high=21278.8,445724239.6103008,4512.109649440201,0.22686872367994818,10586.426493747222,174294925.79305422,54285862.763449326,98784
Physics-Aligned MoE,Physics-Aligned MoE,203,artifacts\strictmask_ablation_rerun_wtb_full\wtb_full_seed203,full,ablation,236.84837784879835,gate-bin,full,5.0,applicable,gate,2.928610284189445e-09,1.1843154378388723e-05,low=0.800;mid=0.800;high=0.800,low=6364.67;mid=11373;high=18087.7,441455862.961005,4468.9004591938465,0.25428206997084546,10375.923304549595,170829201.2861045,54125332.334980085,98784
Physics-Aligned MoE,Physics-Aligned MoE,203,artifacts\strictmask_ablation_rerun_wtb_full\wtb_full_seed203,full,ablation,236.84837784879835,global,full,10.0,applicable,global,,,all=0.900,all=22110.6,638447897.59255,6463.069905982245,0.09066245545837383,22110.555983543396,364028193.7130585,27441970.387949158,98784
Physics-Aligned MoE,Physics-Aligned MoE,203,artifacts\strictmask_ablation_rerun_wtb_full\wtb_full_seed203,full,ablation,236.84837784879835,physical-bin,full,10.0,applicable,physical,0.0,0.0,low=0.900;mid=0.900;high=0.900,low=17833.3;mid=22110.6;high=47010.9,631459627.374957,6392.326969701136,0.11336856171039844,19718.966558365373,324653065.41692746,30680656.195802957,98784
Physics-Aligned MoE,Physics-Aligned MoE,203,artifacts\strictmask_ablation_rerun_wtb_full\wtb_full_seed203,full,ablation,236.84837784879835,gate-bin,full,10.0,applicable,gate,2.928610284189445e-09,1.1843154378388723e-05,low=0.900;mid=0.900;high=0.900,low=10339.4;mid=19621.6;high=37478.1,608643524.3584896,6161.357348948105,0.13588232912212503,18595.997089710396,306164496.08499193,30247902.82734977,98784
Physics-Aligned MoE,Physics-Aligned MoE,203,artifacts\strictmask_ablation_rerun_wtb_full\wtb_full_seed203,full,ablation,236.84837784879835,global,full,20.0,applicable,global,,,all=0.950,all=38591.6,860100616.8216945,8706.881851531569,0.03709102688694525,38591.55834412575,635371416.5776863,11236460.012200411,98784
Physics-Aligned MoE,Physics-Aligned MoE,203,artifacts\strictmask_ablation_rerun_wtb_full\wtb_full_seed203,full,ablation,236.84837784879835,physical-bin,full,20.0,applicable,physical,0.0,0.0,low=0.950;mid=0.950;high=0.950,low=28161.6;mid=38591.6;high=78686.1,835720009.0281241,8460.074597385448,0.05711451247165533,31426.75730552476,517410132.2781596,15915493.837498218,98784
Physics-Aligned MoE,Physics-Aligned MoE,203,artifacts\strictmask_ablation_rerun_wtb_full\wtb_full_seed203,full,ablation,236.84837784879835,gate-bin,full,20.0,applicable,gate,2.928610284189445e-09,1.1843154378388723e-05,low=0.950;mid=0.950;high=0.950,low=14282;mid=29487.5;high=63755.9,790000928.52489,7997.2559172020765,0.07015306122448979,28569.784595363613,470372933.57806647,15981399.747341173,98784
Physics-Aligned MoE,Physics-Aligned MoE,203,artifacts\strictmask_ablation_rerun_wtb_full\wtb_full_seed203,full,ablation,236.84837784879835,global,full,50.0,applicable,global,,,all=0.975,all=58882.9,1135279775.3481052,11492.547126539775,0.01362568837058633,58882.91860860586,969448371.9720869,3316628.067520367,98784
Physics-Aligned MoE,Physics-Aligned MoE,203,artifacts\strictmask_ablation_rerun_wtb_full\wtb_full_seed203,full,ablation,236.84837784879835,physical-bin,full,50.0,applicable,physical,0.0,0.0,low=0.975;mid=0.975;high=0.975,low=41458.5;mid=58882.9;high=105962,1105690024.4167476,11193.007211863738,0.02591512795594428,45627.08242851965,751204285.1031475,7089714.7862720005,98784
Physics-Aligned MoE,Physics-Aligned MoE,203,artifacts\strictmask_ablation_rerun_wtb_full\wtb_full_seed203,full,ablation,236.84837784879835,gate-bin,full,50.0,applicable,gate,2.928610284189445e-09,1.1843154378388723e-05,low=0.975;mid=0.975;high=0.975,low=18445.5;mid=40800.5;high=89530,1059727754.2872444,10727.726699538836,0.037252996436669905,39200.30867028261,645393881.9475329,8286677.446794229,98784
Physics-Aligned MoE,Physics-Aligned MoE,203,artifacts\strictmask_ablation_rerun_wtb_full\wtb_full_seed203,full,ablation,236.84837784879835,global,non_overlap,2.0,applicable,global,,,all=0.500,all=741.238,9669307.832633406,2342.9386558355723,0.5703901138841774,741.2380091547966,509848.21063030756,4579729.8110015495,4127
Physics-Aligned MoE,Physics-Aligned MoE,203,artifacts\strictmask_ablation_rerun_wtb_full\wtb_full_seed203,full,ablation,236.84837784879835,physical-bin,non_overlap,2.0,applicable,physical,0.0,0.0,low=0.500;mid=0.500;high=0.500,low=1069.14;mid=741.238;high=0,9629245.663255889,2333.2313213607677,0.5473709716501091,994.532426691363,684072.5541592091,4472586.55454834,4127
Physics-Aligned MoE,Physics-Aligned MoE,203,artifacts\strictmask_ablation_rerun_wtb_full\wtb_full_seed203,full,ablation,236.84837784879835,gate-bin,non_overlap,2.0,applicable,gate,3.6530780647797523e-09,3.695949105150592e-06,low=0.500;mid=0.500;high=0.500,low=1830.3;mid=0;high=0,9620071.95616781,2331.0084701157766,0.5311364187060819,776.5581068605553,534142.5511689186,4542964.7024994455,4127
Physics-Aligned MoE,Physics-Aligned MoE,203,artifacts\strictmask_ablation_rerun_wtb_full\wtb_full_seed203,full,ablation,236.84837784879835,global,non_overlap,5.0,applicable,global,,,all=0.800,all=11099.6,18269271.528508108,4426.767998184664,0.19578386236976011,11099.567671203626,7634652.629842893,2126923.779733043,4127
Physics-Aligned MoE,Physics-Aligned MoE,203,artifacts\strictmask_ablation_rerun_wtb_full\wtb_full_seed203,full,ablation,236.84837784879835,physical-bin,non_overlap,5.0,applicable,physical,0.0,0.0,low=0.800;mid=0.800;high=0.800,low=9977.52;mid=11099.6;high=17563.9,18310439.24726182,4436.74321474723,0.2144414829173734,10506.924841106722,7227013.13654124,2216685.222144116,4127
Physics-Aligned MoE,Physics-Aligned MoE,203,artifacts\strictmask_ablation_rerun_wtb_full\wtb_full_seed203,full,ablation,236.84837784879835,gate-bin,non_overlap,5.0,applicable,gate,3.6530780647797523e-09,3.695949105150592e-06,low=0.800;mid=0.800;high=0.800,low=6898.07;mid=10913;high=14883.6,18234474.969317123,4418.336556655469,0.24157984007753816,9906.100577871934,6813746.180812911,2284145.757700843,4127
Physics-Aligned MoE,Physics-Aligned MoE,203,artifacts\strictmask_ablation_rerun_wtb_full\wtb_full_seed203,full,ablation,236.84837784879835,global,non_overlap,10.0,applicable,global,,,all=0.900,all=20613.8,26385455.310550526,6393.374196886485,0.10104191906954205,20613.842497599115,14178887.997931924,1220656.73126186,4127
Physics-Aligned MoE,Physics-Aligned MoE,203,artifacts\strictmask_ablation_rerun_wtb_full\wtb_full_seed203,full,ablation,236.84837784879835,physical-bin,non_overlap,10.0,applicable,physical,0.0,0.0,low=0.900;mid=0.900;high=0.900,low=17574.9;mid=20613.8;high=39349,26562229.94961919,6436.207886992776,0.11485340440998304,19094.34936350243,13133729.970529089,1342849.9979090104,4127
Physics-Aligned MoE,Physics-Aligned MoE,203,artifacts\strictmask_ablation_rerun_wtb_full\wtb_full_seed203,full,ablation,236.84837784879835,gate-bin,non_overlap,10.0,applicable,gate,3.6530780647797523e-09,3.695949105150592e-06,low=0.900;mid=0.900;high=0.900,low=11591;mid=19815.8;high=32465.1,25676506.415943764,6221.5910869745,0.12575720862612066,18545.240218279425,12756034.39680653,1292047.2019137233,4127
Physics-Aligned MoE,Physics-Aligned MoE,203,artifacts\strictmask_ablation_rerun_wtb_full\wtb_full_seed203,full,ablation,236.84837784879835,global,non_overlap,20.0,applicable,global,,,all=0.950,all=36232.1,35200049.97470215,8529.210073831391,0.04022292221952992,36232.13352984782,24921669.179613657,513919.0397544253,4127
Physics-Aligned MoE,Physics-Aligned MoE,203,artifacts\strictmask_ablation_rerun_wtb_full\wtb_full_seed203,full,ablation,236.84837784879835,physical-bin,non_overlap,20.0,applicable,physical,0.0,0.0,low=0.950;mid=0.950;high=0.950,low=29150.7;mid=36232.1;high=85243.4,35199090.902353644,8528.977684117675,0.053549794039253695,33065.120476691845,22743292.034551207,622789.9433901218,4127
Physics-Aligned MoE,Physics-Aligned MoE,203,artifacts\strictmask_ablation_rerun_wtb_full\wtb_full_seed203,full,ablation,236.84837784879835,gate-bin,non_overlap,20.0,applicable,gate,3.6530780647797523e-09,3.695949105150592e-06,low=0.950;mid=0.950;high=0.950,low=15238.9;mid=29910.8;high=61078.6,33791010.50606454,8187.790284968389,0.0760843227526048,29153.622256196923,20052833.17522078,686908.866542188,4127
Physics-Aligned MoE,Physics-Aligned MoE,203,artifacts\strictmask_ablation_rerun_wtb_full\wtb_full_seed203,full,ablation,236.84837784879835,global,non_overlap,50.0,applicable,global,,,all=0.975,all=59257.7,45949467.46467568,11133.866601569101,0.014053792100799612,59257.73361372949,40759444.43731026,103800.46054730797,4127
Physics-Aligned MoE,Physics-Aligned MoE,203,artifacts\strictmask_ablation_rerun_wtb_full\wtb_full_seed203,full,ablation,236.84837784879835,physical-bin,non_overlap,50.0,applicable,physical,0.0,0.0,low=0.975;mid=0.975;high=0.975,low=44034.9;mid=59257.7;high=111882,46020217.91983993,11151.009915153849,0.026411436879088927,48769.563894152896,33545331.698528163,249497.72442623536,4127
Physics-Aligned MoE,Physics-Aligned MoE,203,artifacts\strictmask_ablation_rerun_wtb_full\wtb_full_seed203,full,ablation,236.84837784879835,gate-bin,non_overlap,50.0,applicable,gate,3.6530780647797523e-09,3.695949105150592e-06,low=0.975;mid=0.975;high=0.975,low=21343.3;mid=41831.4;high=89095.8,43144255.02209146,10454.144662488845,0.04119214926096438,41430.348419720896,28497174.65469802,292941.60734786873,4127
Physics-Aligned MoE,Physics-Aligned MoE,203,artifacts\strictmask_ablation_rerun_wtb_full\wtb_full_seed203,full,ablation,236.84837784879835,global,boundary,2.0,applicable,global,,,all=0.500,all=0,47962996.00328948,4484.618607133191,0.4946236559139785,0.0,0.0,23981498.001644738,10695
Physics-Aligned MoE,Physics-Aligned MoE,203,artifacts\strictmask_ablation_rerun_wtb_full\wtb_full_seed203,full,ablation,236.84837784879835,physical-bin,boundary,2.0,applicable,physical,0.016305305834655375,0.8461538461538461,low=0.500;mid=0.500;high=0.500,low=0;mid=0;high=0,47962996.00328948,4484.618607133191,0.4946236559139785,0.0,0.0,23981498.001644738,10695
Physics-Aligned MoE,Physics-Aligned MoE,203,artifacts\strictmask_ablation_rerun_wtb_full\wtb_full_seed203,full,ablation,236.84837784879835,gate-bin,boundary,2.0,applicable,gate,0.026254102624196158,0.5513203470533936,low=0.500;mid=0.500;high=0.500,low=0;mid=0;high=0,47962996.00328948,4484.618607133191,0.4946236559139785,0.0,0.0,23981498.001644738,10695
Physics-Aligned MoE,Physics-Aligned MoE,203,artifacts\strictmask_ablation_rerun_wtb_full\wtb_full_seed203,full,ablation,236.84837784879835,global,boundary,5.0,applicable,global,,,all=0.800,all=19284.2,92279757.08760886,8628.308283086382,0.2515194015895278,19284.193328857422,34374074.608688354,11581136.4957841,10695
Physics-Aligned MoE,Physics-Aligned MoE,203,artifacts\strictmask_ablation_rerun_wtb_full\wtb_full_seed203,full,ablation,236.84837784879835,physical-bin,boundary,5.0,applicable,physical,0.016305305834655375,0.8461538461538461,low=0.800;mid=0.800;high=0.800,low=23866.6;mid=18888.5;high=17298.2,89653890.5481055,8382.785464993502,0.2327255726975222,20789.88176625434,37057964.248348355,10519185.259951431,10695
Physics-Aligned MoE,Physics-Aligned MoE,203,artifacts\strictmask_ablation_rerun_wtb_full\wtb_full_seed203,full,ablation,236.84837784879835,gate-bin,boundary,5.0,applicable,gate,0.026254102624196158,0.5513203470533936,low=0.800;mid=0.800;high=0.800,low=21870;mid=20218.1;high=17144.7,90403999.90054429,8452.921916834435,0.24086021505376345,19915.27889778037,35498984.635293506,10981003.053050157,10695
Physics-Aligned MoE,Physics-Aligned MoE,203,artifacts\strictmask_ablation_rerun_wtb_full\wtb_full_seed203,full,ablation,236.84837784879835,global,boundary,10.0,applicable,global,,,all=0.900,all=37660.8,121350282.67741412,11346.449993213102,0.12875175315568022,37660.76986694336,67130322.28782654,5421996.03895876,10695
Physics-Aligned MoE,Physics-Aligned MoE,203,artifacts\strictmask_ablation_rerun_wtb_full\wtb_full_seed203,full,ablation,236.84837784879835,physical-bin,boundary,10.0,applicable,physical,0.016305305834655375,0.8461538461538461,low=0.900;mid=0.900;high=0.900,low=44168;mid=40517.3;high=27599.8,114329502.97085169,10689.99560269768,0.11042543244506779,38905.4840472044,69349025.31414184,4498047.765670983,10695
Physics-Aligned MoE,Physics-Aligned MoE,203,artifacts\strictmask_ablation_rerun_wtb_full\wtb_full_seed203,full,ablation,236.84837784879835,gate-bin,boundary,10.0,applicable,gate,0.026254102624196158,0.5513203470533936,low=0.900;mid=0.900;high=0.900,low=45185.6;mid=39321.9;high=27753.4,116945431.5482721,10934.58920507453,0.1171575502571295,38048.91596358506,67822192.70509037,4912323.884318173,10695
Physics-Aligned MoE,Physics-Aligned MoE,203,artifacts\strictmask_ablation_rerun_wtb_full\wtb_full_seed203,full,ablation,236.84837784879835,global,boundary,20.0,applicable,global,,,all=0.950,all=64707,145893739.0428059,13641.30332331051,0.04441327723235157,64707.0036522001,115340234.01004668,1527675.2516379617,10695
Physics-Aligned MoE,Physics-Aligned MoE,203,artifacts\strictmask_ablation_rerun_wtb_full\wtb_full_seed203,full,ablation,236.84837784879835,physical-bin,boundary,20.0,applicable,physical,0.016305305834655375,0.8461538461538461,low=0.950;mid=0.950;high=0.950,low=65623.5;mid=68612.9;high=54073.8,140133282.40124997,13102.6912016129,0.04039270687237027,63507.37306294507,113201892.48469958,1346569.4958275196,10695
Physics-Aligned MoE,Physics-Aligned MoE,203,artifacts\strictmask_ablation_rerun_wtb_full\wtb_full_seed203,full,ablation,236.84837784879835,gate-bin,boundary,20.0,applicable,gate,0.026254102624196158,0.5513203470533936,low=0.950;mid=0.950;high=0.950,low=67164.1;mid=65877.6;high=56107.5,142901455.0579831,13361.519874519225,0.04525479195885928,63423.66313994797,113052679.54695725,1492438.7755512942,10695
Physics-Aligned MoE,Physics-Aligned MoE,203,artifacts\strictmask_ablation_rerun_wtb_full\wtb_full_seed203,full,ablation,236.84837784879835,global,boundary,50.0,applicable,global,,,all=0.975,all=87867,172019665.55616072,16084.120201604555,0.016549789621318374,87867.03143715858,156622983.53673518,307933.6403885111,10695
Physics-Aligned MoE,Physics-Aligned MoE,203,artifacts\strictmask_ablation_rerun_wtb_full\wtb_full_seed203,full,ablation,236.84837784879835,physical-bin,boundary,50.0,applicable,physical,0.016305305834655375,0.8461538461538461,low=0.975;mid=0.975;high=0.975,low=80571.1;mid=92354.9;high=91174.2,173415097.55690643,16214.595376989848,0.01804581580177653,86588.97043792451,154344839.80560043,381405.1550261195,10695
Physics-Aligned MoE,Physics-Aligned MoE,203,artifacts\strictmask_ablation_rerun_wtb_full\wtb_full_seed203,full,ablation,236.84837784879835,gate-bin,boundary,50.0,applicable,gate,0.026254102624196158,0.5513203470533936,low=0.975;mid=0.975;high=0.975,low=83125.7;mid=90913.7;high=91325,172789961.29089156,16156.144113220342,0.016643291257597007,88107.84758693009,157052238.32370287,314754.45934377343,10695
Physics-Aligned MoE,Physics-Aligned MoE,203,artifacts\strictmask_ablation_rerun_wtb_full\wtb_full_seed203,full,ablation,236.84837784879835,global,non_boundary,2.0,applicable,global,,,all=0.500,all=1045.02,188662090.803809,2141.721336418951,0.5712404499994324,1045.0187514424324,15342442.799302071,86659824.00225347,88089
Physics-Aligned MoE,Physics-Aligned MoE,203,artifacts\strictmask_ablation_rerun_wtb_full\wtb_full_seed203,full,ablation,236.84837784879835,physical-bin,non_boundary,2.0,applicable,physical,0.0,0.0,low=0.500;mid=0.500;high=0.500,low=1032.72;mid=1045.02;high=16996.3,188931539.77889842,2144.7801630044432,0.572069157329519,1050.122004400363,15417366.207603931,86757086.78564724,88089
Physics-Aligned MoE,Physics-Aligned MoE,203,artifacts\strictmask_ablation_rerun_wtb_full\wtb_full_seed203,full,ablation,236.84837784879835,gate-bin,non_boundary,2.0,applicable,gate,2.658705211433008e-10,2.524048464481616e-07,low=0.500;mid=0.500;high=0.500,low=1518.71;mid=1436.81;high=0,187199464.2790261,2125.117373100229,0.5459137917333606,1188.0427540111448,17442249.69301462,84878607.29300572,88089
Physics-Aligned MoE,Physics-Aligned MoE,203,artifacts\strictmask_ablation_rerun_wtb_full\wtb_full_seed203,full,ablation,236.84837784879835,global,non_boundary,5.0,applicable,global,,,all=0.800,all=9601,346469055.2792245,3933.170489836694,0.22452292567743987,9600.995636892318,140957017.44303456,41102407.56723798,88089
Physics-Aligned MoE,Physics-Aligned MoE,203,artifacts\strictmask_ablation_rerun_wtb_full\wtb_full_seed203,full,ablation,236.84837784879835,physical-bin,non_boundary,5.0,applicable,physical,0.0,0.0,low=0.800;mid=0.800;high=0.800,low=9199.27;mid=9601;high=68828.8,348281946.5845399,3953.750713307449,0.23391115803335263,9264.256266918754,136013178.38276768,42453753.64035444,88089
Physics-Aligned MoE,Physics-Aligned MoE,203,artifacts\strictmask_ablation_rerun_wtb_full\wtb_full_seed203,full,ablation,236.84837784879835,gate-bin,non_boundary,5.0,applicable,gate,2.658705211433008e-10,2.524048464481616e-07,low=0.800;mid=0.800;high=0.800,low=6241.72;mid=9768.59;high=12125.9,346251257.1486978,3930.6980116552327,0.24315181237157873,9286.80185795612,136344181.47758275,41981415.13422301,88089
Physics-Aligned MoE,Physics-Aligned MoE,203,artifacts\strictmask_ablation_rerun_wtb_full\wtb_full_seed203,full,ablation,236.84837784879835,global,non_boundary,10.0,applicable,global,,,all=0.900,all=17211.2,487670002.2826241,5536.105555547504,0.10851525162052016,17211.21554298401,252686460.99431974,23498354.128830433,88089
Physics-Aligned MoE,Physics-Aligned MoE,203,artifacts\strictmask_ablation_rerun_wtb_full\wtb_full_seed203,full,ablation,236.84837784879835,physical-bin,non_boundary,10.0,applicable,physical,0.0,0.0,low=0.900;mid=0.900;high=0.900,low=15984.1;mid=17211.2;high=127843,492071668.84831166,5586.073957569182,0.12063935338123943,16106.040968212435,236460840.47481087,25561082.837350074,88089
Physics-Aligned MoE,Physics-Aligned MoE,203,artifacts\strictmask_ablation_rerun_wtb_full\wtb_full_seed203,full,ablation,236.84837784879835,gate-bin,non_boundary,10.0,applicable,gate,2.658705211433008e-10,2.524048464481616e-07,low=0.900;mid=0.900;high=0.900,low=10041.9;mid=16587.4;high=23151.5,485542542.926181,5511.954306737289,0.1284269318530123,16105.020521486975,236445858.786211,24909668.41399701,88089
Physics-Aligned MoE,Physics-Aligned MoE,203,artifacts\strictmask_ablation_rerun_wtb_full\wtb_full_seed203,full,ablation,236.84837784879835,global,non_boundary,20.0,applicable,global,,,all=0.950,all=27695.6,647413068.2815013,7349.533633955446,0.05144796739661025,27695.596099090555,406612894.128798,12040008.707635166,88089
Physics-Aligned MoE,Physics-Aligned MoE,203,artifacts\strictmask_ablation_rerun_wtb_full\wtb_full_seed203,full,ablation,236.84837784879835,physical-bin,non_boundary,20.0,applicable,physical,0.0,0.0,low=0.950;mid=0.950;high=0.950,low=23702.6;mid=27695.6;high=139482,658780609.0003235,7478.579720513611,0.06589926097469605,23828.82709611259,349842925.01157695,15446884.199437328,88089
Physics-Aligned MoE,Physics-Aligned MoE,203,artifacts\strictmask_ablation_rerun_wtb_full\wtb_full_seed203,full,ablation,236.84837784879835,gate-bin,non_boundary,20.0,applicable,gate,2.658705211433008e-10,2.524048464481616e-07,low=0.950;mid=0.950;high=0.950,low=13448.9;mid=24118.4;high=41415.6,653443560.2107301,7417.992714308598,0.07021307995322912,24572.99588639649,360768439.10613,14633756.055230001,88089
Physics-Aligned MoE,Physics-Aligned MoE,203,artifacts\strictmask_ablation_rerun_wtb_full\wtb_full_seed203,full,ablation,236.84837784879835,global,non_boundary,50.0,applicable,global,,,all=0.975,all=42507.8,857292646.948095,9732.119185688282,0.02114906515001873,42507.822976772506,624078603.0334855,4664280.878292184,88089
Physics-Aligned MoE,Physics-Aligned MoE,203,artifacts\strictmask_ablation_rerun_wtb_full\wtb_full_seed203,full,ablation,236.84837784879835,physical-bin,non_boundary,50.0,applicable,physical,0.0,0.0,low=0.975;mid=0.975;high=0.975,low=34168.7;mid=42507.8;high=152119,903186948.5621712,10253.118420712815,0.03457866475950459,34297.28502842425,503535590.1448107,7993027.168347213,88089
Physics-Aligned MoE,Physics-Aligned MoE,203,artifacts\strictmask_ablation_rerun_wtb_full\wtb_full_seed203,full,ablation,236.84837784879835,gate-bin,non_boundary,50.0,applicable,gate,2.658705211433008e-10,2.524048464481616e-07,low=0.975;mid=0.975;high=0.975,low=16787.7;mid=34000.9;high=57728.3,912103176.9350444,10354.336829059752,0.03863138416828435,33948.40852652852,498413559.78222835,8273792.343056319,88089
Physics-Aligned MoE,Physics-Aligned MoE,203,artifacts\strictmask_ablation_rerun_wtb_full\wtb_full_seed203,full,ablation,236.84837784879835,global,late_period,2.0,applicable,global,,,all=0.500,all=0,113274556.54442306,2513.1912616352292,0.742478700745474,0.0,0.0,56637278.27221153,45072
Physics-Aligned MoE,Physics-Aligned MoE,203,artifacts\strictmask_ablation_rerun_wtb_full\wtb_full_seed203,full,ablation,236.84837784879835,physical-bin,late_period,2.0,applicable,physical,0.0,0.0,low=0.500;mid=0.500;high=0.500,low=115.069;mid=0;high=0,112859005.84968345,2503.9715532854866,0.7232649982250621,106.55262920308037,800423.3505735397,56029291.24955495,45072
Physics-Aligned MoE,Physics-Aligned MoE,203,artifacts\strictmask_ablation_rerun_wtb_full\wtb_full_seed203,full,ablation,236.84837784879835,gate-bin,late_period,2.0,applicable,gate,1.300891836916949e-07,0.009075493125919733,low=0.500;mid=0.500;high=0.500,low=1165.2;mid=0;high=0,110387073.05042958,2449.127463845172,0.5871716364927227,892.6410238355783,6705519.371052863,51840776.83968836,45072
Physics-Aligned MoE,Physics-Aligned MoE,203,artifacts\strictmask_ablation_rerun_wtb_full\wtb_full_seed203,full,ablation,236.84837784879835,global,late_period,5.0,applicable,global,,,all=0.800,all=13729.2,212352334.92344758,4711.402532025372,0.15519613063542775,13729.19655609131,103133724.52935793,21843722.07881793,45072
Physics-Aligned MoE,Physics-Aligned MoE,203,artifacts\strictmask_ablation_rerun_wtb_full\wtb_full_seed203,full,ablation,236.84837784879835,physical-bin,late_period,5.0,applicable,physical,0.0,0.0,low=0.800;mid=0.800;high=0.800,low=10638.7;mid=13729.2;high=20106,210194416.5066307,4663.525392852119,0.20112264820731274,11339.416155040544,85181694.15666457,25002544.469993223,45072
Physics-Aligned MoE,Physics-Aligned MoE,203,artifacts\strictmask_ablation_rerun_wtb_full\wtb_full_seed203,full,ablation,236.84837784879835,gate-bin,late_period,5.0,applicable,gate,1.300891836916949e-07,0.009075493125919733,low=0.800;mid=0.800;high=0.800,low=8603.54;mid=13508.7;high=18836,210881365.0622152,4678.766530489333,0.23462460063897764,10190.621085817433,76551945.59666055,26865883.893110935,45072
Physics-Aligned MoE,Physics-Aligned MoE,203,artifacts\strictmask_ablation_rerun_wtb_full\wtb_full_seed203,full,ablation,236.84837784879835,global,late_period,10.0,applicable,global,,,all=0.900,all=26872.5,322418191.11816406,7153.403246320644,0.06569488817891374,26872.5150314331,201866332.91612545,12055185.820203856,45072
Physics-Aligned MoE,Physics-Aligned MoE,203,artifacts\strictmask_ablation_rerun_wtb_full\wtb_full_seed203,full,ablation,236.84837784879835,physical-bin,late_period,10.0,applicable,physical,0.0,0.0,low=0.900;mid=0.900;high=0.900,low=21800.6;mid=26872.5;high=40964.4,309667818.579831,6870.514256741015,0.08231274405395811,23219.010865050826,174421209.6182618,13524660.896156924,45072
Physics-Aligned MoE,Physics-Aligned MoE,203,artifacts\strictmask_ablation_rerun_wtb_full\wtb_full_seed203,full,ablation,236.84837784879835,gate-bin,late_period,10.0,applicable,gate,1.300891836916949e-07,0.009075493125919733,low=0.900;mid=0.900;high=0.900,low=16023.5;mid=26905.3;high=37159.6,304744431.9876708,6761.280439911048,0.1126863684771033,19415.247048210633,145847335.8261583,15889709.616151253,45072
Physics-Aligned MoE,Physics-Aligned MoE,203,artifacts\strictmask_ablation_rerun_wtb_full\wtb_full_seed203,full,ablation,236.84837784879835,global,late_period,20.0,applicable,global,,,all=0.950,all=44111.3,445307620.05338144,9879.917022838601,0.03656372026979056,44111.275529336934,331363901.776379,5697185.913850127,45072
Physics-Aligned MoE,Physics-Aligned MoE,203,artifacts\strictmask_ablation_rerun_wtb_full\wtb_full_seed203,full,ablation,236.84837784879835,physical-bin,late_period,20.0,applicable,physical,0.0,0.0,low=0.950;mid=0.950;high=0.950,low=33976.5;mid=44111.3;high=68497.7,419285584.29763615,9302.573311537899,0.04506123535676251,36531.62445373597,274425562.8964646,7243001.070058582,45072
Physics-Aligned MoE,Physics-Aligned MoE,203,artifacts\strictmask_ablation_rerun_wtb_full\wtb_full_seed203,full,ablation,236.84837784879835,gate-bin,late_period,20.0,applicable,gate,1.300891836916949e-07,0.009075493125919733,low=0.950;mid=0.950;high=0.950,low=26949.4;mid=41293.8;high=64582.3,403717780.8319274,8957.174761091752,0.0547790202342918,32226.84899940981,242088089.68356648,8081484.557418048,45072
Physics-Aligned MoE,Physics-Aligned MoE,203,artifacts\strictmask_ablation_rerun_wtb_full\wtb_full_seed203,full,ablation,236.84837784879835,global,late_period,50.0,applicable,global,,,all=0.975,all=61778,567449047.2923763,12589.835092571358,0.018126553070642527,61777.981734073146,464076198.78635746,2067456.9701203732,45072
Physics-Aligned MoE,Physics-Aligned MoE,203,artifacts\strictmask_ablation_rerun_wtb_full\wtb_full_seed203,full,ablation,236.84837784879835,physical-bin,late_period,50.0,applicable,physical,0.0,0.0,low=0.975;mid=0.975;high=0.975,low=45370.2;mid=61778;high=101640,570203810.7687576,12650.954268032428,0.0277555910543131,49534.977115646274,372106748.0927348,3961941.253520454,45072
Physics-Aligned MoE,Physics-Aligned MoE,203,artifacts\strictmask_ablation_rerun_wtb_full\wtb_full_seed203,full,ablation,236.84837784879835,gate-bin,late_period,50.0,applicable,gate,1.300891836916949e-07,0.009075493125919733,low=0.975;mid=0.975;high=0.975,low=38275.5;mid=52310.1;high=97765.8,547441307.2042818,12145.92889608364,0.03052893148739794,45310.06768804484,340369228.4725928,4141441.5746337795,45072
Physics-Aligned MoE,Physics-Aligned MoE,204,artifacts\strictmask_ablation_rerun_wtb_full\wtb_full_seed204,full,ablation,240.8016132610445,global,full,2.0,applicable,global,,,all=0.500,all=123.22,180498316.38041434,1827.2019393870903,0.5908547942986718,123.21979278326035,2028690.6683835983,89234812.85601538,98784
Physics-Aligned MoE,Physics-Aligned MoE,204,artifacts\strictmask_ablation_rerun_wtb_full\wtb_full_seed204,full,ablation,240.8016132610445,physical-bin,full,2.0,applicable,physical,0.0,0.0,low=0.500;mid=0.500;high=0.500,low=881.824;mid=123.22;high=0,178728054.1612544,1809.2814034788469,0.5196691771946874,824.8351006280808,13580085.096740723,82573984.53225681,98784
Physics-Aligned MoE,Physics-Aligned MoE,204,artifacts\strictmask_ablation_rerun_wtb_full\wtb_full_seed204,full,ablation,240.8016132610445,gate-bin,full,2.0,applicable,gate,2.0029546484310947e-11,5.197026614002542e-05,low=0.500;mid=0.500;high=0.500,low=1887.86;mid=0;high=0,176385155.64787504,1785.5640148999337,0.4932985098801425,727.5943555637089,11979113.470000902,82203021.08893707,98784
Physics-Aligned MoE,Physics-Aligned MoE,204,artifacts\strictmask_ablation_rerun_wtb_full\wtb_full_seed204,full,ablation,240.8016132610445,global,full,5.0,applicable,global,,,all=0.800,all=10278.2,326191794.0209301,3302.0711250904005,0.20275550696469063,10278.175178527832,169219876.13928223,31394383.576329578,98784
Physics-Aligned MoE,Physics-Aligned MoE,204,artifacts\strictmask_ablation_rerun_wtb_full\wtb_full_seed204,full,ablation,240.8016132610445,physical-bin,full,5.0,applicable,physical,0.0,0.0,low=0.800;mid=0.800;high=0.800,low=10231.7;mid=10278.2;high=10717.9,326317984.970286,3303.348568293307,0.20360584710074506,10263.092025655635,168971547.11039436,31469287.57197833,98784
Physics-Aligned MoE,Physics-Aligned MoE,204,artifacts\strictmask_ablation_rerun_wtb_full\wtb_full_seed204,full,ablation,240.8016132610445,gate-bin,full,5.0,applicable,gate,2.0029546484310947e-11,5.197026614002542e-05,low=0.800;mid=0.800;high=0.800,low=8265.72;mid=10099.6;high=13490.9,330557813.6165104,3346.268764339472,0.22176668286362164,10023.921698004722,165033846.83594972,33104793.356112145,98784
Physics-Aligned MoE,Physics-Aligned MoE,204,artifacts\strictmask_ablation_rerun_wtb_full\wtb_full_seed204,full,ablation,240.8016132610445,global,full,10.0,applicable,global,,,all=0.900,all=18798.8,439360702.5456038,4447.690947376132,0.07584224165856819,18798.849591240287,309504259.6701801,12985644.287542377,98784
Physics-Aligned MoE,Physics-Aligned MoE,204,artifacts\strictmask_ablation_rerun_wtb_full\wtb_full_seed204,full,ablation,240.8016132610445,physical-bin,full,10.0,applicable,physical,0.0,0.0,low=0.900;mid=0.900;high=0.900,low=17358.9;mid=18798.8;high=36701.1,437776601.69298416,4431.654941012554,0.08542881438289601,18608.931101638776,306377441.6573808,13139916.003560346,98784
Physics-Aligned MoE,Physics-Aligned MoE,204,artifacts\strictmask_ablation_rerun_wtb_full\wtb_full_seed204,full,ablation,240.8016132610445,gate-bin,full,10.0,applicable,gate,2.0029546484310947e-11,5.197026614002542e-05,low=0.900;mid=0.900;high=0.900,low=14093.9;mid=16277.4;high=30783.3,437925185.3529654,4433.159067794029,0.1059989471979268,18135.423807709445,298581617.57012826,13934356.778283715,98784
Physics-Aligned MoE,Physics-Aligned MoE,204,artifacts\strictmask_ablation_rerun_wtb_full\wtb_full_seed204,full,ablation,240.8016132610445,global,full,20.0,applicable,global,,,all=0.950,all=29069.4,590265345.7380378,5975.313266703492,0.02517614188532556,29069.380193710327,478598275.5092468,5583353.511439554,98784
Physics-Aligned MoE,Physics-Aligned MoE,204,artifacts\strictmask_ablation_rerun_wtb_full\wtb_full_seed204,full,ablation,240.8016132610445,physical-bin,full,20.0,applicable,physical,0.0,0.0,low=0.950;mid=0.950;high=0.950,low=23851.6;mid=29069.4;high=64345.7,564454555.8545513,5714.028140736874,0.03504616132167153,26468.5635641245,435778430.5197457,6433806.266740267,98784
Physics-Aligned MoE,Physics-Aligned MoE,204,artifacts\strictmask_ablation_rerun_wtb_full\wtb_full_seed204,full,ablation,240.8016132610445,gate-bin,full,20.0,applicable,gate,2.0029546484310947e-11,5.197026614002542e-05,low=0.950;mid=0.950;high=0.950,low=18544.8;mid=21559.6;high=49411.6,544919938.9443815,5516.277321675388,0.04869209588597344,25580.99875536522,421165563.50833297,6187718.771802427,98784
Physics-Aligned MoE,Physics-Aligned MoE,204,artifacts\strictmask_ablation_rerun_wtb_full\wtb_full_seed204,full,ablation,240.8016132610445,global,full,50.0,applicable,global,,,all=0.975,all=43460.5,803069803.1572447,8129.553400927728,0.009151279559442825,43460.524318452924,715534072.3790089,1750714.6155647144,98784
Physics-Aligned MoE,Physics-Aligned MoE,204,artifacts\strictmask_ablation_rerun_wtb_full\wtb_full_seed204,full,ablation,240.8016132610445,physical-bin,full,50.0,applicable,physical,0.0,0.0,low=0.975;mid=0.975;high=0.975,low=30694.5;mid=43460.5;high=88682.5,741652847.4245543,7507.823609335058,0.017857142857142856,34442.005515025085,567053178.7993729,3491993.3725036243,98784
Physics-Aligned MoE,Physics-Aligned MoE,204,artifacts\strictmask_ablation_rerun_wtb_full\wtb_full_seed204,full,ablation,240.8016132610445,gate-bin,full,50.0,applicable,gate,2.0029546484310947e-11,5.197026614002542e-05,low=0.975;mid=0.975;high=0.975,low=22100.6;mid=26481;high=71023.3,698718035.21573,7073.190346774072,0.02339447683835439,33082.214831695645,544665584.989037,3081049.0045338594,98784
Physics-Aligned MoE,Physics-Aligned MoE,204,artifacts\strictmask_ablation_rerun_wtb_full\wtb_full_seed204,full,ablation,240.8016132610445,global,non_overlap,2.0,applicable,global,,,all=0.500,all=55.8711,7444091.470005213,1803.7536879101558,0.593166949357887,55.871097564697266,38430.0032749176,3702830.7333651483,4127
Physics-Aligned MoE,Physics-Aligned MoE,204,artifacts\strictmask_ablation_rerun_wtb_full\wtb_full_seed204,full,ablation,240.8016132610445,physical-bin,non_overlap,2.0,applicable,physical,0.0,0.0,low=0.500;mid=0.500;high=0.500,low=937.457;mid=55.8711;high=0,7358934.916124137,1783.1196792159285,0.5081172764720135,872.0367396469985,599815.9374205271,3379559.4893518044,4127
Physics-Aligned MoE,Physics-Aligned MoE,204,artifacts\strictmask_ablation_rerun_wtb_full\wtb_full_seed204,full,ablation,240.8016132610445,gate-bin,non_overlap,2.0,applicable,gate,9.008466359694229e-12,3.4420710212394245e-05,low=0.500;mid=0.500;high=0.500,low=2148.89;mid=0;high=0,7298354.377632888,1768.4406051933336,0.484613520717228,761.2508989790608,523613.743347764,3387370.317142562,4127
Physics-Aligned MoE,Physics-Aligned MoE,204,artifacts\strictmask_ablation_rerun_wtb_full\wtb_full_seed204,full,ablation,240.8016132610445,global,non_overlap,5.0,applicable,global,,,all=0.800,all=9604.45,13525501.129894543,3277.32036101152,0.21250302883450448,9604.453281211852,6606263.115260218,1383847.6029268645,4127
Physics-Aligned MoE,Physics-Aligned MoE,204,artifacts\strictmask_ablation_rerun_wtb_full\wtb_full_seed204,full,ablation,240.8016132610445,physical-bin,non_overlap,5.0,applicable,physical,0.0,0.0,low=0.800;mid=0.800;high=0.800,low=10098.9;mid=9604.45;high=2676.87,13363978.810705572,3238.1824111232304,0.2088684274291253,9580.943951339112,6590092.614529418,1354777.2392352307,4127
Physics-Aligned MoE,Physics-Aligned MoE,204,artifacts\strictmask_ablation_rerun_wtb_full\wtb_full_seed204,full,ablation,240.8016132610445,gate-bin,non_overlap,5.0,applicable,gate,9.008466359694229e-12,3.4420710212394245e-05,low=0.800;mid=0.800;high=0.800,low=9003.2;mid=9297.44;high=10920.5,13559203.1990106,3285.4866001964137,0.2144414829173734,9522.382946612075,6549812.403444672,1401878.1591131855,4127
Physics-Aligned MoE,Physics-Aligned MoE,204,artifacts\strictmask_ablation_rerun_wtb_full\wtb_full_seed204,full,ablation,240.8016132610445,global,non_overlap,10.0,applicable,global,,,all=0.900,all=17526.9,18423834.10365673,4464.219555041612,0.08068815119941847,17526.903875076765,12055588.71540697,636824.5388249761,4127
Physics-Aligned MoE,Physics-Aligned MoE,204,artifacts\strictmask_ablation_rerun_wtb_full\wtb_full_seed204,full,ablation,240.8016132610445,physical-bin,non_overlap,10.0,applicable,physical,0.0,0.0,low=0.900;mid=0.900;high=0.900,low=17093;mid=17526.9;high=20872.5,18396791.918682482,4457.667050807483,0.08408044584443906,17356.719232551855,11938530.045456918,645826.1873225562,4127
Physics-Aligned MoE,Physics-Aligned MoE,204,artifacts\strictmask_ablation_rerun_wtb_full\wtb_full_seed204,full,ablation,240.8016132610445,gate-bin,non_overlap,10.0,applicable,gate,9.008466359694229e-12,3.4420710212394245e-05,low=0.900;mid=0.900;high=0.900,low=14745.9;mid=14196.5;high=25623.4,17854572.604830362,4326.283645464106,0.10637266779743154,16708.638126846192,11492758.258249039,636181.4346581321,4127
Physics-Aligned MoE,Physics-Aligned MoE,204,artifacts\strictmask_ablation_rerun_wtb_full\wtb_full_seed204,full,ablation,240.8016132610445,global,non_overlap,20.0,applicable,global,,,all=0.950,all=26174.8,24139660.363357432,5849.202898802382,0.039738308698812695,26174.805562019326,18003903.759075627,306787.83021409076,4127
Physics-Aligned MoE,Physics-Aligned MoE,204,artifacts\strictmask_ablation_rerun_wtb_full\wtb_full_seed204,full,ablation,240.8016132610445,physical-bin,non_overlap,20.0,applicable,physical,0.0,0.0,low=0.950;mid=0.950;high=0.950,low=23400.7;mid=26174.8;high=63842,24805569.8547279,6010.557270348413,0.042645989823116064,26222.856663117578,18036954.908114374,338430.7473306765,4127
Physics-Aligned MoE,Physics-Aligned MoE,204,artifacts\strictmask_ablation_rerun_wtb_full\wtb_full_seed204,full,ablation,240.8016132610445,gate-bin,non_overlap,20.0,applicable,gate,9.008466359694229e-12,3.4420710212394245e-05,low=0.950;mid=0.950;high=0.950,low=19235.2;mid=20088.7;high=44531.1,22217410.42237031,5383.428743002256,0.043372910104191906,24743.560588517077,17019445.758134995,259898.23321176588,4127
Physics-Aligned MoE,Physics-Aligned MoE,204,artifacts\strictmask_ablation_rerun_wtb_full\wtb_full_seed204,full,ablation,240.8016132610445,global,non_overlap,50.0,applicable,global,,,all=0.975,all=39329.6,30672372.56939041,7432.123229801407,0.011388417736854858,39329.55986978412,27052182.263766512,72403.80611247773,4127
Physics-Aligned MoE,Physics-Aligned MoE,204,artifacts\strictmask_ablation_rerun_wtb_full\wtb_full_seed204,full,ablation,240.8016132610445,physical-bin,non_overlap,50.0,applicable,physical,0.0,0.0,low=0.975;mid=0.975;high=0.975,low=32036.4;mid=39329.6;high=99090.8,32410863.347606473,7853.371298184267,0.0242306760358614,36715.70182335838,25254283.57083334,143131.59553546272,4127
Physics-Aligned MoE,Physics-Aligned MoE,204,artifacts\strictmask_ablation_rerun_wtb_full\wtb_full_seed204,full,ablation,240.8016132610445,gate-bin,non_overlap,50.0,applicable,gate,9.008466359694229e-12,3.4420710212394245e-05,low=0.975;mid=0.975;high=0.975,low=23276.8;mid=24604;high=70154.8,29884356.272484824,7241.181553788423,0.021322994911558032,33372.03154792991,22954395.69971779,138599.21145534067,4127
Physics-Aligned MoE,Physics-Aligned MoE,204,artifacts\strictmask_ablation_rerun_wtb_full\wtb_full_seed204,full,ablation,240.8016132610445,global,boundary,2.0,applicable,global,,,all=0.500,all=0,25478460.05508344,2382.277705010139,0.2976157082748948,0.0,0.0,12739230.02754172,10695
Physics-Aligned MoE,Physics-Aligned MoE,204,artifacts\strictmask_ablation_rerun_wtb_full\wtb_full_seed204,full,ablation,240.8016132610445,physical-bin,boundary,2.0,applicable,physical,0.016305305834655375,0.8461538461538461,low=0.500;mid=0.500;high=0.500,low=0;mid=0;high=0,25478460.05508344,2382.277705010139,0.2976157082748948,0.0,0.0,12739230.02754172,10695
Physics-Aligned MoE,Physics-Aligned MoE,204,artifacts\strictmask_ablation_rerun_wtb_full\wtb_full_seed204,full,ablation,240.8016132610445,gate-bin,boundary,2.0,applicable,gate,0.0466717535622176,0.701446085238877,low=0.500;mid=0.500;high=0.500,low=0;mid=0;high=0,25478460.05508344,2382.277705010139,0.2976157082748948,0.0,0.0,12739230.02754172,10695
Physics-Aligned MoE,Physics-Aligned MoE,204,artifacts\strictmask_ablation_rerun_wtb_full\wtb_full_seed204,full,ablation,240.8016132610445,global,boundary,5.0,applicable,global,,,all=0.800,all=9957.99,58886445.2831074,5505.978988602842,0.21505376344086022,9957.990607738495,17750118.258293867,8227265.404962707,10695
Physics-Aligned MoE,Physics-Aligned MoE,204,artifacts\strictmask_ablation_rerun_wtb_full\wtb_full_seed204,full,ablation,240.8016132610445,physical-bin,boundary,5.0,applicable,physical,0.016305305834655375,0.8461538461538461,low=0.800;mid=0.800;high=0.800,low=16108.5;mid=9255.29;high=3927.13,55371362.567465015,5177.313003035532,0.19186535764375875,11069.881128701349,19732063.111910153,7127859.8911109725,10695
Physics-Aligned MoE,Physics-Aligned MoE,204,artifacts\strictmask_ablation_rerun_wtb_full\wtb_full_seed204,full,ablation,240.8016132610445,gate-bin,boundary,5.0,applicable,gate,0.0466717535622176,0.701446085238877,low=0.800;mid=0.800;high=0.800,low=15440.6;mid=8698.44;high=5097.71,55980054.48858339,5234.226693649686,0.19850397381954185,10793.588618148924,19239571.711850457,7348096.555346588,10695
Physics-Aligned MoE,Physics-Aligned MoE,204,artifacts\strictmask_ablation_rerun_wtb_full\wtb_full_seed204,full,ablation,240.8016132610445,global,boundary,10.0,applicable,global,,,all=0.900,all=27827.1,82370525.79943246,7701.778943378444,0.09724170172978028,27827.110969543457,49601825.30321121,3276870.0496221264,10695
Physics-Aligned MoE,Physics-Aligned MoE,204,artifacts\strictmask_ablation_rerun_wtb_full\wtb_full_seed204,full,ablation,240.8016132610445,physical-bin,boundary,10.0,applicable,physical,0.016305305834655375,0.8461538461538461,low=0.900;mid=0.900;high=0.900,low=31472.4;mid=30350.8;high=18249.2,77647743.82254502,7260.191100752223,0.08611500701262272,27775.042849068777,49509013.87846509,2813872.9944079947,10695
Physics-Aligned MoE,Physics-Aligned MoE,204,artifacts\strictmask_ablation_rerun_wtb_full\wtb_full_seed204,full,ablation,240.8016132610445,gate-bin,boundary,10.0,applicable,gate,0.0466717535622176,0.701446085238877,low=0.900;mid=0.900;high=0.900,low=30365.3;mid=29301.7;high=20249.8,78856128.55636463,7373.1770506184785,0.0906030855539972,27595.14417792323,49188344.497148156,2966778.4059216483,10695
Physics-Aligned MoE,Physics-Aligned MoE,204,artifacts\strictmask_ablation_rerun_wtb_full\wtb_full_seed204,full,ablation,240.8016132610445,global,boundary,20.0,applicable,global,,,all=0.950,all=47641.8,105781923.829534,9890.782966763347,0.03506311360448808,47641.8235244751,84921550.43237686,1043018.6698578565,10695
Physics-Aligned MoE,Physics-Aligned MoE,204,artifacts\strictmask_ablation_rerun_wtb_full\wtb_full_seed204,full,ablation,240.8016132610445,physical-bin,boundary,20.0,applicable,physical,0.016305305834655375,0.8461538461538461,low=0.950;mid=0.950;high=0.950,low=43326.7;mid=56754.5;high=44083.6,104073352.29406461,9731.02873249786,0.03758765778401122,47286.918866818974,84288932.88010481,989220.9706979903,10695
Physics-Aligned MoE,Physics-Aligned MoE,204,artifacts\strictmask_ablation_rerun_wtb_full\wtb_full_seed204,full,ablation,240.8016132610445,gate-bin,boundary,20.0,applicable,gate,0.0466717535622176,0.701446085238877,low=0.950;mid=0.950;high=0.950,low=42742.6;mid=55161.8;high=46175.7,105544916.07350612,9868.622353764013,0.03908368396446938,47552.21346650495,84761820.50404507,1039154.778473051,10695
Physics-Aligned MoE,Physics-Aligned MoE,204,artifacts\strictmask_ablation_rerun_wtb_full\wtb_full_seed204,full,ablation,240.8016132610445,global,boundary,50.0,applicable,global,,,all=0.975,all=68871.1,134755840.12394774,12599.891549691234,0.013183730715287518,68871.12371826172,122762778.02780151,239861.2419229249,10695
Physics-Aligned MoE,Physics-Aligned MoE,204,artifacts\strictmask_ablation_rerun_wtb_full\wtb_full_seed204,full,ablation,240.8016132610445,physical-bin,boundary,50.0,applicable,physical,0.016305305834655375,0.8461538461538461,low=0.975;mid=0.975;high=0.975,low=56981.1;mid=73496.2;high=77993.8,137800941.23881856,12884.61348656555,0.014866760168302946,66989.15782390864,119408173.82111713,367855.3483540284,10695
Physics-Aligned MoE,Physics-Aligned MoE,204,artifacts\strictmask_ablation_rerun_wtb_full\wtb_full_seed204,full,ablation,240.8016132610445,gate-bin,boundary,50.0,applicable,gate,0.0466717535622176,0.701446085238877,low=0.975;mid=0.975;high=0.975,low=58663.8;mid=71941.4;high=78101,137715155.96807343,12876.592423382275,0.014960261804581581,67591.63856096726,120482095.73492414,344661.20466298633,10695
Physics-Aligned MoE,Physics-Aligned MoE,204,artifacts\strictmask_ablation_rerun_wtb_full\wtb_full_seed204,full,ablation,240.8016132610445,global,non_boundary,2.0,applicable,global,,,all=0.500,all=1160.86,152842105.41601154,1735.0873027961668,0.528635811508815,1160.8609864711761,17043180.572876573,67899462.4215675,88089
Physics-Aligned MoE,Physics-Aligned MoE,204,artifacts\strictmask_ablation_rerun_wtb_full\wtb_full_seed204,full,ablation,240.8016132610445,physical-bin,non_boundary,2.0,applicable,physical,0.0,0.0,low=0.500;mid=0.500;high=0.500,low=1155.38;mid=1160.86;high=3777.97,152886146.5706408,1735.587264818999,0.528942319699395,1158.2430723456828,17004745.666643143,67940700.45199883,88089
Physics-Aligned MoE,Physics-Aligned MoE,204,artifacts\strictmask_ablation_rerun_wtb_full\wtb_full_seed204,full,ablation,240.8016132610445,gate-bin,non_boundary,2.0,applicable,gate,2.477055286042937e-13,2.8047753366473763e-08,low=0.500;mid=0.500;high=0.500,low=1768.34;mid=2091.33;high=0,150373701.4097207,1707.065597403997,0.4911396428611972,1396.6042349735233,20504245.07576378,64934728.166978456,88089
Physics-Aligned MoE,Physics-Aligned MoE,204,artifacts\strictmask_ablation_rerun_wtb_full\wtb_full_seed204,full,ablation,240.8016132610445,global,non_boundary,5.0,applicable,global,,,all=0.800,all=10322.5,267341036.3643235,3034.8969379187356,0.2006152868122013,10322.531066274647,151550239.8495112,23158159.30296246,88089
Physics-Aligned MoE,Physics-Aligned MoE,204,artifacts\strictmask_ablation_rerun_wtb_full\wtb_full_seed204,full,ablation,240.8016132610445,physical-bin,non_boundary,5.0,applicable,physical,0.0,0.0,low=0.800;mid=0.800;high=0.800,low=9946.48;mid=10322.5;high=54739.3,268193835.3043658,3044.578043846176,0.20917481183802744,9995.294686891362,146745918.9455955,24289583.27175406,88089
Physics-Aligned MoE,Physics-Aligned MoE,204,artifacts\strictmask_ablation_rerun_wtb_full\wtb_full_seed204,full,ablation,240.8016132610445,gate-bin,non_boundary,5.0,applicable,gate,2.477055286042937e-13,2.8047753366473763e-08,low=0.800;mid=0.800;high=0.800,low=8195.88;mid=9616.35;high=12796,268990216.6080059,3053.6186880087853,0.21234206314068726,10233.860363111247,150248420.92101777,23748359.137397632,88089
Physics-Aligned MoE,Physics-Aligned MoE,204,artifacts\strictmask_ablation_rerun_wtb_full\wtb_full_seed204,full,ablation,240.8016132610445,global,non_boundary,10.0,applicable,global,,,all=0.900,all=17334.3,347050674.32440877,3939.773119508778,0.08133819205576179,17334.31747398377,254493781.99429274,9255689.23301162,88089
Physics-Aligned MoE,Physics-Aligned MoE,204,artifacts\strictmask_ablation_rerun_wtb_full\wtb_full_seed204,full,ablation,240.8016132610445,physical-bin,non_boundary,10.0,applicable,physical,0.0,0.0,low=0.900;mid=0.900;high=0.900,low=16486.2;mid=17334.3;high=110047,346874744.02849716,3937.775931484035,0.09197516148440782,16588.165868078177,243539157.19218975,10333558.68363074,88089
Physics-Aligned MoE,Physics-Aligned MoE,204,artifacts\strictmask_ablation_rerun_wtb_full\wtb_full_seed204,full,ablation,240.8016132610445,gate-bin,non_boundary,10.0,applicable,gate,2.477055286042937e-13,2.8047753366473763e-08,low=0.900;mid=0.900;high=0.900,low=14251;mid=14932.1;high=22691.9,342055665.9923521,3883.0690096646813,0.09763988693253414,17078.472352196357,250737591.8387708,9131807.415358122,88089
Physics-Aligned MoE,Physics-Aligned MoE,204,artifacts\strictmask_ablation_rerun_wtb_full\wtb_full_seed204,full,ablation,240.8016132610445,global,non_boundary,20.0,applicable,global,,,all=0.950,all=23831.9,435656933.78260064,4945.645129160288,0.030945975093371478,23831.87733907327,349887707.1536042,4288461.331449826,88089
Physics-Aligned MoE,Physics-Aligned MoE,204,artifacts\strictmask_ablation_rerun_wtb_full\wtb_full_seed204,full,ablation,240.8016132610445,physical-bin,non_boundary,20.0,applicable,physical,0.0,0.0,low=0.950;mid=0.950;high=0.950,low=22062.4;mid=23831.9;high=124614,429506937.75609386,4875.829419747004,0.03984606477539761,22174.11312308024,325549241.8165025,5197884.796979567,88089
Physics-Aligned MoE,Physics-Aligned MoE,204,artifacts\strictmask_ablation_rerun_wtb_full\wtb_full_seed204,full,ablation,240.8016132610445,gate-bin,non_boundary,20.0,applicable,gate,2.477055286042937e-13,2.8047753366473763e-08,low=0.950;mid=0.950;high=0.950,low=18653.8;mid=19142.5;high=32592.9,407086399.28251463,4621.307987177906,0.04394419280500403,23021.66709993092,337992605.5276358,3454689.6877439395,88089
Physics-Aligned MoE,Physics-Aligned MoE,204,artifacts\strictmask_ablation_rerun_wtb_full\wtb_full_seed204,full,ablation,240.8016132610445,global,non_boundary,50.0,applicable,global,,,all=0.975,all=31159,559271451.2041517,6348.936316726853,0.014303715560399142,31158.978580629842,457460544.031517,2036218.1434526949,88089
Physics-Aligned MoE,Physics-Aligned MoE,204,artifacts\strictmask_ablation_rerun_wtb_full\wtb_full_seed204,full,ablation,240.8016132610445,physical-bin,non_boundary,50.0,applicable,physical,0.0,0.0,low=0.975;mid=0.975;high=0.975,low=27763.6;mid=31159;high=133369,552595151.0936291,6273.145921665919,0.019548411265878828,27878.730933777944,409301588.2042609,2865871.2577873664,88089
Physics-Aligned MoE,Physics-Aligned MoE,204,artifacts\strictmask_ablation_rerun_wtb_full\wtb_full_seed204,full,ablation,240.8016132610445,gate-bin,non_boundary,50.0,applicable,gate,2.477055286042937e-13,2.8047753366473763e-08,low=0.975;mid=0.975;high=0.975,low=22115.5;mid=22900.4;high=44409.1,476139120.7359766,5405.205198560281,0.015677326340405726,29102.862210900756,427273671.5493394,977308.9837327428,88089
Physics-Aligned MoE,Physics-Aligned MoE,204,artifacts\strictmask_ablation_rerun_wtb_full\wtb_full_seed204,full,ablation,240.8016132610445,global,late_period,2.0,applicable,global,,,all=0.500,all=0,91642074.86782548,2033.237372821829,0.697373091941782,0.0,0.0,45821037.43391273,45072
Physics-Aligned MoE,Physics-Aligned MoE,204,artifacts\strictmask_ablation_rerun_wtb_full\wtb_full_seed204,full,ablation,240.8016132610445,physical-bin,late_period,2.0,applicable,physical,0.0,0.0,low=0.500;mid=0.500;high=0.500,low=0;mid=0;high=0,91642074.86782548,2033.237372821829,0.697373091941782,0.0,0.0,45821037.43391273,45072
Physics-Aligned MoE,Physics-Aligned MoE,204,artifacts\strictmask_ablation_rerun_wtb_full\wtb_full_seed204,full,ablation,240.8016132610445,gate-bin,late_period,2.0,applicable,gate,4.731789447563915e-08,0.04147580843565065,low=0.500;mid=0.500;high=0.500,low=1431.78;mid=0;high=0,88369907.24056596,1960.638694545748,0.5418441604543841,1023.7402166769062,7690336.507676919,40339785.36644451,45072
Physics-Aligned MoE,Physics-Aligned MoE,204,artifacts\strictmask_ablation_rerun_wtb_full\wtb_full_seed204,full,ablation,240.8016132610445,global,late_period,5.0,applicable,global,,,all=0.800,all=8519.33,161153601.34975415,3575.4703884840733,0.261670216542421,8519.332687377932,63997227.147583015,19431274.840434223,45072
Physics-Aligned MoE,Physics-Aligned MoE,204,artifacts\strictmask_ablation_rerun_wtb_full\wtb_full_seed204,full,ablation,240.8016132610445,physical-bin,late_period,5.0,applicable,physical,0.0,0.0,low=0.800;mid=0.800;high=0.800,low=9163.1;mid=8519.33;high=5516.89,159211258.028714,3532.37615434669,0.24873535676251332,8893.229664443223,66805941.23929749,18481063.357883304,45072
Physics-Aligned MoE,Physics-Aligned MoE,204,artifacts\strictmask_ablation_rerun_wtb_full\wtb_full_seed204,full,ablation,240.8016132610445,gate-bin,late_period,5.0,applicable,gate,4.731789447563915e-08,0.04147580843565065,low=0.800;mid=0.800;high=0.800,low=8190.67;mid=10777.4;high=5860.49,160252111.7842341,3555.4692887875867,0.26424387646432373,8535.133655151607,64115924.017498866,19227237.55334705,45072
Physics-Aligned MoE,Physics-Aligned MoE,204,artifacts\strictmask_ablation_rerun_wtb_full\wtb_full_seed204,full,ablation,240.8016132610445,global,late_period,10.0,applicable,global,,,all=0.900,all=18426.4,211292429.98293528,4687.8867142113795,0.08581824636137735,18426.399375796344,138419112.11098212,7287331.787195317,45072
Physics-Aligned MoE,Physics-Aligned MoE,204,artifacts\strictmask_ablation_rerun_wtb_full\wtb_full_seed204,full,ablation,240.8016132610445,physical-bin,late_period,10.0,applicable,physical,0.0,0.0,low=0.900;mid=0.900;high=0.900,low=16358.8;mid=18426.4;high=30578.2,211060198.7211008,4682.7342634252045,0.10811590344337949,17411.22124652814,130793094.0039194,8026710.47171814,45072
Physics-Aligned MoE,Physics-Aligned MoE,204,artifacts\strictmask_ablation_rerun_wtb_full\wtb_full_seed204,full,ablation,240.8016132610445,gate-bin,late_period,10.0,applicable,gate,4.731789447563915e-08,0.04147580843565065,low=0.900;mid=0.900;high=0.900,low=13019.8;mid=21133.9;high=27221.6,210725825.71312672,4675.31562196323,0.15038161164359248,15818.4549695753,118828233.73144963,9189759.198167708,45072
Physics-Aligned MoE,Physics-Aligned MoE,204,artifacts\strictmask_ablation_rerun_wtb_full\wtb_full_seed204,full,ablation,240.8016132610445,global,late_period,20.0,applicable,global,,,all=0.950,all=32001.1,293185087.6993219,6504.816464752439,0.025914093006744764,32001.09829530102,240392250.39430124,2639641.8652510373,45072
Physics-Aligned MoE,Physics-Aligned MoE,204,artifacts\strictmask_ablation_rerun_wtb_full\wtb_full_seed204,full,ablation,240.8016132610445,physical-bin,late_period,20.0,applicable,physical,0.0,0.0,low=0.950;mid=0.950;high=0.950,low=24347.4;mid=32001.1;high=55089.6,272719964.49198914,6050.762435480767,0.03813897763578275,26622.769686632273,199990245.88598162,3636485.9303003745,45072
Physics-Aligned MoE,Physics-Aligned MoE,204,artifacts\strictmask_ablation_rerun_wtb_full\wtb_full_seed204,full,ablation,240.8016132610445,gate-bin,late_period,20.0,applicable,gate,4.731789447563915e-08,0.04147580843565065,low=0.950;mid=0.950;high=0.950,low=16927.2;mid=30775.8;high=49236.2,251080745.66337052,5570.659071338537,0.0822239971600994,22348.380720128145,167881035.9696026,4159985.4846883975,45072
Physics-Aligned MoE,Physics-Aligned MoE,204,artifacts\strictmask_ablation_rerun_wtb_full\wtb_full_seed204,full,ablation,240.8016132610445,global,late_period,50.0,applicable,global,,,all=0.975,all=47308.5,389130100.3439652,8633.521928114244,0.008386581469648562,47308.4752960205,355381266.42370594,674976.6784051864,45072
Physics-Aligned MoE,Physics-Aligned MoE,204,artifacts\strictmask_ablation_rerun_wtb_full\wtb_full_seed204,full,ablation,240.8016132610445,physical-bin,late_period,50.0,applicable,physical,0.0,0.0,low=0.975;mid=0.975;high=0.975,low=32265.3;mid=47308.5;high=83529.5,368966031.6726012,8186.147312579899,0.020323038693645722,36059.65184725824,270880104.67660385,1961718.5399199466,45072
Physics-Aligned MoE,Physics-Aligned MoE,204,artifacts\strictmask_ablation_rerun_wtb_full\wtb_full_seed204,full,ablation,240.8016132610445,gate-bin,late_period,50.0,applicable,gate,4.731789447563915e-08,0.04147580843565065,low=0.975;mid=0.975;high=0.975,low=20572;mid=40172.5;high=75735.3,298839768.6870951,6630.275308109139,0.04004703585374512,28998.421657477407,217836143.49097028,1620072.5039224953,45072
Physics-Aligned MoE,Physics-Aligned MoE,205,artifacts\strictmask_ablation_rerun_wtb_full\wtb_full_seed205,full,ablation,238.52463618029503,global,full,2.0,applicable,global,,,all=0.500,all=219.643,214817540.3308417,2174.6187675214783,0.6191589731130548,219.64297199249268,3616201.8908843994,105600669.21997865,98784
Physics-Aligned MoE,Physics-Aligned MoE,205,artifacts\strictmask_ablation_rerun_wtb_full\wtb_full_seed205,full,ablation,238.52463618029503,physical-bin,full,2.0,applicable,physical,0.0,0.0,low=0.500;mid=0.500;high=0.500,low=1096.96;mid=219.643;high=0,211859782.7662605,2144.6771012133595,0.5516075477810172,1026.063980608165,16893117.376732826,97483332.69476385,98784
Physics-Aligned MoE,Physics-Aligned MoE,205,artifacts\strictmask_ablation_rerun_wtb_full\wtb_full_seed205,full,ablation,238.52463618029503,gate-bin,full,2.0,applicable,gate,1.4058116566875967e-10,3.2977426179794976e-06,low=0.500;mid=0.500;high=0.500,low=2707.79;mid=0;high=0,210123161.53338236,2127.097116267638,0.516298185941043,898.6480234899605,14795341.058738708,97663910.23732181,98784
Physics-Aligned MoE,Physics-Aligned MoE,205,artifacts\strictmask_ablation_rerun_wtb_full\wtb_full_seed205,full,ablation,238.52463618029503,global,full,5.0,applicable,global,,,all=0.800,all=10510.4,376500465.3477317,3811.3506777183725,0.2381863459669582,10510.409610271454,173043383.82350922,40691416.3048445,98784
Physics-Aligned MoE,Physics-Aligned MoE,205,artifacts\strictmask_ablation_rerun_wtb_full\wtb_full_seed205,full,ablation,238.52463618029503,physical-bin,full,5.0,applicable,physical,0.0,0.0,low=0.800;mid=0.800;high=0.800,low=10510.6;mid=10510.4;high=10490.9,376494375.22694254,3811.2890268357482,0.2381863459669582,10509.313498345526,173025337.43676072,40693807.55803636,98784
Physics-Aligned MoE,Physics-Aligned MoE,205,artifacts\strictmask_ablation_rerun_wtb_full\wtb_full_seed205,full,ablation,238.52463618029503,gate-bin,full,5.0,applicable,gate,1.4058116566875967e-10,3.2977426179794976e-06,low=0.800;mid=0.800;high=0.800,low=10135.1;mid=10459.4;high=11090.9,376508564.267182,3811.432663864411,0.2405855199222546,10472.416228839806,172417860.79161853,40818140.69511268,98784
Physics-Aligned MoE,Physics-Aligned MoE,205,artifacts\strictmask_ablation_rerun_wtb_full\wtb_full_seed205,full,ablation,238.52463618029503,global,full,10.0,applicable,global,,,all=0.900,all=18928.4,494248376.6266284,5003.324188397194,0.09891277939747327,18928.378699839115,311636826.9141512,18261154.97124772,98784
Physics-Aligned MoE,Physics-Aligned MoE,205,artifacts\strictmask_ablation_rerun_wtb_full\wtb_full_seed205,full,ablation,238.52463618029503,physical-bin,full,10.0,applicable,physical,0.0,0.0,low=0.900;mid=0.900;high=0.900,low=17655.6;mid=18928.4;high=33286.6,498120282.9748248,5042.519871384281,0.11143505021056041,18665.773303325812,307313291.66595614,19080699.130886868,98784
Physics-Aligned MoE,Physics-Aligned MoE,205,artifacts\strictmask_ablation_rerun_wtb_full\wtb_full_seed205,full,ablation,238.52463618029503,gate-bin,full,10.0,applicable,gate,1.4058116566875967e-10,3.2977426179794976e-06,low=0.900;mid=0.900;high=0.900,low=16134.6;mid=16910.1;high=27546.8,481175368.8899126,4870.984864855773,0.11524133462908973,18685.002237125726,307629876.8320379,17354549.205787476,98784
Physics-Aligned MoE,Physics-Aligned MoE,205,artifacts\strictmask_ablation_rerun_wtb_full\wtb_full_seed205,full,ablation,238.52463618029503,global,full,20.0,applicable,global,,,all=0.950,all=27548.3,639763990.7301979,6476.392844288527,0.03935860058309038,27548.280559122562,453554891.12539387,9310454.980240203,98784
Physics-Aligned MoE,Physics-Aligned MoE,205,artifacts\strictmask_ablation_rerun_wtb_full\wtb_full_seed205,full,ablation,238.52463618029503,physical-bin,full,20.0,applicable,physical,0.0,0.0,low=0.950;mid=0.950;high=0.950,low=23435.7;mid=27548.3;high=59965.9,638229652.9886701,6460.860594718478,0.05439139941690962,25796.48537951169,424713335.2882805,10675815.885019492,98784
Physics-Aligned MoE,Physics-Aligned MoE,205,artifacts\strictmask_ablation_rerun_wtb_full\wtb_full_seed205,full,ablation,238.52463618029503,gate-bin,full,20.0,applicable,gate,1.4058116566875967e-10,3.2977426179794976e-06,low=0.950;mid=0.950;high=0.950,low=20535.2;mid=21813.9;high=47968.7,581594476.1384406,5887.537213905497,0.05243764172335601,26386.77526911371,434431868.0306881,7358130.405387623,98784
Physics-Aligned MoE,Physics-Aligned MoE,205,artifacts\strictmask_ablation_rerun_wtb_full\wtb_full_seed205,full,ablation,238.52463618029503,global,full,50.0,applicable,global,,,all=0.975,all=42119,861888961.0256269,8724.985433123045,0.015174522189828312,42119.02086544037,693447559.5286102,3368828.0299403337,98784
Physics-Aligned MoE,Physics-Aligned MoE,205,artifacts\strictmask_ablation_rerun_wtb_full\wtb_full_seed205,full,ablation,238.52463618029503,physical-bin,full,50.0,applicable,physical,0.0,0.0,low=0.975;mid=0.975;high=0.975,low=29676.1;mid=42119;high=80235.5,867039216.2770954,8777.121965876007,0.028537010042112083,32943.513609676615,542382008.0697157,6493144.164147593,98784
Physics-Aligned MoE,Physics-Aligned MoE,205,artifacts\strictmask_ablation_rerun_wtb_full\wtb_full_seed205,full,ablation,238.52463618029503,gate-bin,full,50.0,applicable,gate,1.4058116566875967e-10,3.2977426179794976e-06,low=0.975;mid=0.975;high=0.975,low=24359.2;mid=26062.7;high=66902.1,727531755.7761235,7364.874430840253,0.026188451571104634,33300.263068352964,548255531.1573632,3585524.4923752034,98784
Physics-Aligned MoE,Physics-Aligned MoE,205,artifacts\strictmask_ablation_rerun_wtb_full\wtb_full_seed205,full,ablation,238.52463618029503,global,non_overlap,2.0,applicable,global,,,all=0.500,all=152.226,8819399.58660869,2137.0001421392512,0.6190937727162588,152.2256407737732,104705.86991222699,4357346.858348232,4127
Physics-Aligned MoE,Physics-Aligned MoE,205,artifacts\strictmask_ablation_rerun_wtb_full\wtb_full_seed205,full,ablation,238.52463618029503,physical-bin,non_overlap,2.0,applicable,physical,0.0,0.0,low=0.500;mid=0.500;high=0.500,low=1118.31;mid=152.226;high=0,8683984.797219014,2104.188223217595,0.5391325417979161,1040.2661034567811,715529.7014943559,3984227.547862329,4127
Physics-Aligned MoE,Physics-Aligned MoE,205,artifacts\strictmask_ablation_rerun_wtb_full\wtb_full_seed205,full,ablation,238.52463618029503,gate-bin,non_overlap,2.0,applicable,gate,1.3723015526528118e-10,3.2176534796391927e-06,low=0.500;mid=0.500;high=0.500,low=3012.72;mid=0;high=0,8635541.660985509,2092.4501238152434,0.4972134722558759,986.232958953036,678363.9035998632,3978588.878692823,4127
Physics-Aligned MoE,Physics-Aligned MoE,205,artifacts\strictmask_ablation_rerun_wtb_full\wtb_full_seed205,full,ablation,238.52463618029503,global,non_overlap,5.0,applicable,global,,,all=0.800,all=10079.1,15596847.975244021,3779.221704687187,0.2389144657135934,10079.057154632363,6932711.47952796,1732827.299143212,4127
Physics-Aligned MoE,Physics-Aligned MoE,205,artifacts\strictmask_ablation_rerun_wtb_full\wtb_full_seed205,full,ablation,238.52463618029503,physical-bin,non_overlap,5.0,applicable,physical,0.0,0.0,low=0.800;mid=0.800;high=0.800,low=10445.9;mid=10079.1;high=3854.55,15390164.17355368,3729.1408222809982,0.23503755754785557,9985.918576951579,6868647.66117986,1704303.3024747637,4127
Physics-Aligned MoE,Physics-Aligned MoE,205,artifacts\strictmask_ablation_rerun_wtb_full\wtb_full_seed205,full,ablation,238.52463618029503,gate-bin,non_overlap,5.0,applicable,gate,1.3723015526528118e-10,3.2176534796391927e-06,low=0.800;mid=0.800;high=0.800,low=10850.6;mid=10336.3;high=7989.02,15619249.5807644,3784.6497651476616,0.23285679670462806,10067.886175602678,6925027.707785375,1738844.3745958046,4127
Physics-Aligned MoE,Physics-Aligned MoE,205,artifacts\strictmask_ablation_rerun_wtb_full\wtb_full_seed205,full,ablation,238.52463618029503,global,non_overlap,10.0,applicable,global,,,all=0.900,all=17308.1,20841311.894199237,5049.990766706866,0.11388417736854858,17308.13922564983,11905115.09737614,893619.6796823094,4127
Physics-Aligned MoE,Physics-Aligned MoE,205,artifacts\strictmask_ablation_rerun_wtb_full\wtb_full_seed205,full,ablation,238.52463618029503,physical-bin,non_overlap,10.0,applicable,physical,0.0,0.0,low=0.900;mid=0.900;high=0.900,low=16961.5;mid=17308.1;high=24067.6,21039310.44064884,5097.967153052784,0.11703416525321056,17457.439517004565,12007808.814446304,903150.1626202534,4127
Physics-Aligned MoE,Physics-Aligned MoE,205,artifacts\strictmask_ablation_rerun_wtb_full\wtb_full_seed205,full,ablation,238.52463618029503,gate-bin,non_overlap,10.0,applicable,gate,1.3723015526528118e-10,3.2176534796391927e-06,low=0.900;mid=0.900;high=0.900,low=16168.6;mid=17000.9;high=19765.7,20620544.949195065,4996.497443468637,0.11558032469105887,17242.937066253555,11860266.87873807,876027.8070456998,4127
Physics-Aligned MoE,Physics-Aligned MoE,205,artifacts\strictmask_ablation_rerun_wtb_full\wtb_full_seed205,full,ablation,238.52463618029503,global,non_overlap,20.0,applicable,global,,,all=0.950,all=27097.7,27173975.263332672,6584.437912123255,0.044584443905984976,27097.728335196505,18638720.806559328,426762.722838667,4127
Physics-Aligned MoE,Physics-Aligned MoE,205,artifacts\strictmask_ablation_rerun_wtb_full\wtb_full_seed205,full,ablation,238.52463618029503,physical-bin,non_overlap,20.0,applicable,physical,0.0,0.0,low=0.950;mid=0.950;high=0.950,low=24024.8;mid=27097.7;high=57539.2,28220438.861975126,6838.003116543525,0.05306518051853647,26363.605368395307,18133766.559227906,504333.6151373611,4127
Physics-Aligned MoE,Physics-Aligned MoE,205,artifacts\strictmask_ablation_rerun_wtb_full\wtb_full_seed205,full,ablation,238.52463618029503,gate-bin,non_overlap,20.0,applicable,gate,1.3723015526528118e-10,3.2176534796391927e-06,low=0.950;mid=0.950;high=0.950,low=20307.8;mid=26041;high=42984.6,25069338.376264036,6074.470166286415,0.03925369517809547,27317.258988551817,18789721.30762556,313980.85343192413,4127
Physics-Aligned MoE,Physics-Aligned MoE,205,artifacts\strictmask_ablation_rerun_wtb_full\wtb_full_seed205,full,ablation,238.52463618029503,global,non_overlap,50.0,applicable,global,,,all=0.975,all=42526.5,34963599.579999164,8471.916544705395,0.016234552944027137,42526.46719160081,29251121.683289424,114249.55793419492,4127
Physics-Aligned MoE,Physics-Aligned MoE,205,artifacts\strictmask_ablation_rerun_wtb_full\wtb_full_seed205,full,ablation,238.52463618029503,physical-bin,non_overlap,50.0,applicable,physical,0.0,0.0,low=0.975;mid=0.975;high=0.975,low=32957.8;mid=42526.5;high=91537.8,38416012.19152601,9308.459460025688,0.030530651805185365,37045.77597574179,25481319.57531439,258693.85232423246,4127
Physics-Aligned MoE,Physics-Aligned MoE,205,artifacts\strictmask_ablation_rerun_wtb_full\wtb_full_seed205,full,ablation,238.52463618029503,gate-bin,non_overlap,50.0,applicable,gate,1.3723015526528118e-10,3.2176534796391927e-06,low=0.975;mid=0.975;high=0.975,low=23663.3;mid=33986.4;high=63811.7,31868406.950694725,7721.930446012776,0.022049915192633874,36157.30713680377,24870201.09226486,139964.11716859724,4127
Physics-Aligned MoE,Physics-Aligned MoE,205,artifacts\strictmask_ablation_rerun_wtb_full\wtb_full_seed205,full,ablation,238.52463618029503,global,boundary,2.0,applicable,global,,,all=0.500,all=0,27434090.410941206,2565.1323432390095,0.3236091631603553,0.0,0.0,13717045.205470603,10695
Physics-Aligned MoE,Physics-Aligned MoE,205,artifacts\strictmask_ablation_rerun_wtb_full\wtb_full_seed205,full,ablation,238.52463618029503,physical-bin,boundary,2.0,applicable,physical,0.016305305834655375,0.8461538461538461,low=0.500;mid=0.500;high=0.500,low=0;mid=0;high=0,27434090.410941206,2565.1323432390095,0.3236091631603553,0.0,0.0,13717045.205470603,10695
Physics-Aligned MoE,Physics-Aligned MoE,205,artifacts\strictmask_ablation_rerun_wtb_full\wtb_full_seed205,full,ablation,238.52463618029503,gate-bin,boundary,2.0,applicable,gate,0.042336192414823136,0.6660650734676204,low=0.500;mid=0.500;high=0.500,low=0;mid=0;high=0,27434090.410941206,2565.1323432390095,0.3236091631603553,0.0,0.0,13717045.205470603,10695
Physics-Aligned MoE,Physics-Aligned MoE,205,artifacts\strictmask_ablation_rerun_wtb_full\wtb_full_seed205,full,ablation,238.52463618029503,global,boundary,5.0,applicable,global,,,all=0.800,all=8311.36,62921065.381427415,5883.22256955843,0.23562412342215988,8311.36328125,14815005.048828125,9621212.066519858,10695
Physics-Aligned MoE,Physics-Aligned MoE,205,artifacts\strictmask_ablation_rerun_wtb_full\wtb_full_seed205,full,ablation,238.52463618029503,physical-bin,boundary,5.0,applicable,physical,0.016305305834655375,0.8461538461538461,low=0.800;mid=0.800;high=0.800,low=11328.5;mid=9291.61;high=2817.2,59242597.51663776,5539.279805202222,0.21972884525479197,8579.786554530334,15293469.53345032,8789825.596637487,10695
Physics-Aligned MoE,Physics-Aligned MoE,205,artifacts\strictmask_ablation_rerun_wtb_full\wtb_full_seed205,full,ablation,238.52463618029503,gate-bin,boundary,5.0,applicable,gate,0.042336192414823136,0.6660650734676204,low=0.800;mid=0.800;high=0.800,low=10536.9;mid=11906.5;high=1883.98,59787193.60897083,5590.200430946314,0.22402992052360915,8509.394236881104,15167995.227240566,8923839.67634605,10695
Physics-Aligned MoE,Physics-Aligned MoE,205,artifacts\strictmask_ablation_rerun_wtb_full\wtb_full_seed205,full,ablation,238.52463618029503,global,boundary,10.0,applicable,global,,,all=0.900,all=25242.4,88310530.23805916,8257.179077892395,0.12473118279569892,25242.36356818676,44994513.0602929,4331601.717776626,10695
Physics-Aligned MoE,Physics-Aligned MoE,205,artifacts\strictmask_ablation_rerun_wtb_full\wtb_full_seed205,full,ablation,238.52463618029503,physical-bin,boundary,10.0,applicable,physical,0.016305305834655375,0.8461538461538461,low=0.900;mid=0.900;high=0.900,low=29152;mid=27399.6;high=18030.7,82993923.51327161,7760.067649674766,0.10397381954184198,25815.367621710837,46015892.78569956,3697803.0727572055,10695
Physics-Aligned MoE,Physics-Aligned MoE,205,artifacts\strictmask_ablation_rerun_wtb_full\wtb_full_seed205,full,ablation,238.52463618029503,gate-bin,boundary,10.0,applicable,gate,0.042336192414823136,0.6660650734676204,low=0.900;mid=0.900;high=0.900,low=26516.9;mid=32374.4;high=17363.2,84121495.61636135,7865.4974863357975,0.10668536699392239,25846.14878762437,46070760.21394044,3805073.5402420918,10695
Physics-Aligned MoE,Physics-Aligned MoE,205,artifacts\strictmask_ablation_rerun_wtb_full\wtb_full_seed205,full,ablation,238.52463618029503,global,boundary,20.0,applicable,global,,,all=0.950,all=47397,110903534.34134577,10369.661929999605,0.047311827956989246,47396.96229553223,84485085.2917862,1320922.452477979,10695
Physics-Aligned MoE,Physics-Aligned MoE,205,artifacts\strictmask_ablation_rerun_wtb_full\wtb_full_seed205,full,ablation,238.52463618029503,physical-bin,boundary,20.0,applicable,physical,0.016305305834655375,0.8461538461538461,low=0.950;mid=0.950;high=0.950,low=46245.9;mid=54202.2;high=39262.1,106739458.45909849,9980.314021421083,0.043478260869565216,46691.0727616381,83226837.1976199,1175631.063073929,10695
Physics-Aligned MoE,Physics-Aligned MoE,205,artifacts\strictmask_ablation_rerun_wtb_full\wtb_full_seed205,full,ablation,238.52463618029503,gate-bin,boundary,20.0,applicable,gate,0.042336192414823136,0.6660650734676204,low=0.950;mid=0.950;high=0.950,low=43872.7;mid=55384.8;high=38511.8,107728961.58679016,10072.834182963083,0.04749883122954652,46182.0398855004,82319486.09590447,1270473.7745442856,10695
Physics-Aligned MoE,Physics-Aligned MoE,205,artifacts\strictmask_ablation_rerun_wtb_full\wtb_full_seed205,full,ablation,238.52463618029503,global,boundary,50.0,applicable,global,,,all=0.975,all=66079.4,133256168.79291765,12459.669826359763,0.015427769985974754,66079.36934924126,117786475.86502254,309393.8585579023,10695
Physics-Aligned MoE,Physics-Aligned MoE,205,artifacts\strictmask_ablation_rerun_wtb_full\wtb_full_seed205,full,ablation,238.52463618029503,physical-bin,boundary,50.0,applicable,physical,0.016305305834655375,0.8461538461538461,low=0.975;mid=0.975;high=0.975,low=56278;mid=70177.9;high=71691.8,139648928.34646475,13057.403304952291,0.02169237961664329,64120.14265905746,114294154.28976992,507095.4811338973,10695
Physics-Aligned MoE,Physics-Aligned MoE,205,artifacts\strictmask_ablation_rerun_wtb_full\wtb_full_seed205,full,ablation,238.52463618029503,gate-bin,boundary,50.0,applicable,gate,0.042336192414823136,0.6660650734676204,low=0.975;mid=0.975;high=0.975,low=55871.3;mid=70724.4;high=70467.3,135124694.62618482,12634.380049199142,0.01954184198223469,65030.12127489611,115916191.17250231,384170.06907364936,10695
Physics-Aligned MoE,Physics-Aligned MoE,205,artifacts\strictmask_ablation_rerun_wtb_full\wtb_full_seed205,full,ablation,238.52463618029503,global,non_boundary,2.0,applicable,global,,,all=0.500,all=1469.3,183619317.81060869,2084.4749947281575,0.55596044909126,1469.302800655365,21571569.06782174,81023874.37139347,88089
Physics-Aligned MoE,Physics-Aligned MoE,205,artifacts\strictmask_ablation_rerun_wtb_full\wtb_full_seed205,full,ablation,238.52463618029503,physical-bin,non_boundary,2.0,applicable,physical,0.0,0.0,low=0.500;mid=0.500;high=0.500,low=1465.15;mid=1469.3;high=4439.61,183670837.9156922,2085.0598589573297,0.5563123659026666,1468.393565321701,21558220.129270554,81056308.89321083,88089
Physics-Aligned MoE,Physics-Aligned MoE,205,artifacts\strictmask_ablation_rerun_wtb_full\wtb_full_seed205,full,ablation,238.52463618029503,gate-bin,non_boundary,2.0,applicable,gate,7.356221180016524e-12,4.383812277302177e-08,low=0.500;mid=0.500;high=0.500,low=2279.41;mid=2828.37;high=0,179591065.40964726,2038.7456482608186,0.5025145023782766,1845.332703164664,27092252.08151201,76249406.66406763,88089
Physics-Aligned MoE,Physics-Aligned MoE,205,artifacts\strictmask_ablation_rerun_wtb_full\wtb_full_seed205,full,ablation,238.52463618029503,global,non_boundary,5.0,applicable,global,,,all=0.800,all=10915.8,313009406.2842005,3553.3313612846155,0.23131151449102613,10915.802482956658,160260354.15352815,30549810.426134467,88089
Physics-Aligned MoE,Physics-Aligned MoE,205,artifacts\strictmask_ablation_rerun_wtb_full\wtb_full_seed205,full,ablation,238.52463618029503,physical-bin,non_boundary,5.0,applicable,physical,0.0,0.0,low=0.800;mid=0.800;high=0.800,low=10523.6;mid=10915.8;high=53340.6,314728705.1702485,3572.8491090856805,0.2404613515875989,10570.307930625013,155187975.88347113,31908145.857355475,88089
Physics-Aligned MoE,Physics-Aligned MoE,205,artifacts\strictmask_ablation_rerun_wtb_full\wtb_full_seed205,full,ablation,238.52463618029503,gate-bin,non_boundary,5.0,applicable,gate,7.356221180016524e-12,4.383812277302177e-08,low=0.800;mid=0.800;high=0.800,low=9780.03;mid=10905;high=11683.5,313171288.4640774,3555.1690729157717,0.23330949380739935,10927.02915554413,160425178.54712114,30549221.983391255,88089
Physics-Aligned MoE,Physics-Aligned MoE,205,artifacts\strictmask_ablation_rerun_wtb_full\wtb_full_seed205,full,ablation,238.52463618029503,global,non_boundary,10.0,applicable,global,,,all=0.900,all=17975.3,400906924.7489474,4551.157633177211,0.10422413695240042,17975.26795272827,263903896.44798008,13700302.83009673,88089
Physics-Aligned MoE,Physics-Aligned MoE,205,artifacts\strictmask_ablation_rerun_wtb_full\wtb_full_seed205,full,ablation,238.52463618029503,physical-bin,non_boundary,10.0,applicable,physical,0.0,0.0,low=0.900;mid=0.900;high=0.900,low=17184.3;mid=17975.3;high=92055.2,403239622.0667819,4577.638775179442,0.11506544517476643,17265.846763840345,253488529.26332203,14975109.280346,88089
Physics-Aligned MoE,Physics-Aligned MoE,205,artifacts\strictmask_ablation_rerun_wtb_full\wtb_full_seed205,full,ablation,238.52463618029503,gate-bin,non_boundary,10.0,applicable,gate,7.356221180016524e-12,4.383812277302177e-08,low=0.900;mid=0.900;high=0.900,low=16664.6;mid=15857.9;high=21725.9,397838229.7774615,4516.321331578989,0.11575792664237305,17832.680663516105,261810501.16141167,13602772.861604989,88089
Physics-Aligned MoE,Physics-Aligned MoE,205,artifacts\strictmask_ablation_rerun_wtb_full\wtb_full_seed205,full,ablation,238.52463618029503,global,non_boundary,20.0,applicable,global,,,all=0.950,all=23711.7,500864821.1521463,5685.895187278165,0.04824665962833044,23711.697867840525,348123292.24670064,7637076.445272279,88089
Physics-Aligned MoE,Physics-Aligned MoE,205,artifacts\strictmask_ablation_rerun_wtb_full\wtb_full_seed205,full,ablation,238.52463618029503,physical-bin,non_boundary,20.0,applicable,physical,0.0,0.0,low=0.950;mid=0.950;high=0.950,low=22183.9;mid=23711.7;high=111294,503599543.50496316,5716.940179874481,0.058009513106063185,22281.015147204555,327118723.8836837,8824040.981063973,88089
Physics-Aligned MoE,Physics-Aligned MoE,205,artifacts\strictmask_ablation_rerun_wtb_full\wtb_full_seed205,full,ablation,238.52463618029503,gate-bin,non_boundary,20.0,applicable,gate,7.356221180016524e-12,4.383812277302177e-08,low=0.950;mid=0.950;high=0.950,low=20712.3;mid=20046.4;high=30535.7,478510477.39357257,5432.125207387671,0.05788463939878986,23425.222405714798,343917402.7495018,6729653.732203536,88089
Physics-Aligned MoE,Physics-Aligned MoE,205,artifacts\strictmask_ablation_rerun_wtb_full\wtb_full_seed205,full,ablation,238.52463618029503,global,non_boundary,50.0,applicable,global,,,all=0.975,all=30170.5,663190633.8330529,7528.643006880006,0.024021160417305225,30170.514784973893,442948412.8155942,4404844.420349175,88089
Physics-Aligned MoE,Physics-Aligned MoE,205,artifacts\strictmask_ablation_rerun_wtb_full\wtb_full_seed205,full,ablation,238.52463618029503,physical-bin,non_boundary,50.0,applicable,physical,0.0,0.0,low=0.975;mid=0.975;high=0.975,low=26924.6;mid=30170.5;high=119260,684184738.5325468,7766.971341853657,0.03311423673784468,27025.251765277888,396771233.79192734,5748270.09481239,88089
Physics-Aligned MoE,Physics-Aligned MoE,205,artifacts\strictmask_ablation_rerun_wtb_full\wtb_full_seed205,full,ablation,238.52463618029503,gate-bin,non_boundary,50.0,applicable,gate,7.356221180016524e-12,4.383812277302177e-08,low=0.975;mid=0.975;high=0.975,low=24095.7;mid=23538.8;high=41769.4,579142016.129125,6574.510053799282,0.028891235000964934,29294.27678830501,430083924.6675,2981161.829232499,88089
Physics-Aligned MoE,Physics-Aligned MoE,205,artifacts\strictmask_ablation_rerun_wtb_full\wtb_full_seed205,full,ablation,238.52463618029503,global,late_period,2.0,applicable,global,,,all=0.500,all=0,110243237.00825107,2445.936213353103,0.741924032658857,0.0,0.0,55121618.504125535,45072
Physics-Aligned MoE,Physics-Aligned MoE,205,artifacts\strictmask_ablation_rerun_wtb_full\wtb_full_seed205,full,ablation,238.52463618029503,physical-bin,late_period,2.0,applicable,physical,0.0,0.0,low=0.500;mid=0.500;high=0.500,low=0;mid=0;high=0,110243237.00825107,2445.936213353103,0.741924032658857,0.0,0.0,55121618.504125535,45072
Physics-Aligned MoE,Physics-Aligned MoE,205,artifacts\strictmask_ablation_rerun_wtb_full\wtb_full_seed205,full,ablation,238.52463618029503,gate-bin,late_period,2.0,applicable,gate,8.158632357886022e-08,0.020508779685366872,low=0.500;mid=0.500;high=0.500,low=1978.56;mid=0;high=0,105371802.44084838,2337.855041729863,0.557729854455094,1419.8323934762238,10665780.939793393,47353010.7505275,45072
Physics-Aligned MoE,Physics-Aligned MoE,205,artifacts\strictmask_ablation_rerun_wtb_full\wtb_full_seed205,full,ablation,238.52463618029503,global,late_period,5.0,applicable,global,,,all=0.800,all=8191.17,193087381.24872112,4283.97633228437,0.3141418175363862,8191.169680786139,61532066.64206547,26311062.921331126,45072
Physics-Aligned MoE,Physics-Aligned MoE,205,artifacts\strictmask_ablation_rerun_wtb_full\wtb_full_seed205,full,ablation,238.52463618029503,physical-bin,late_period,5.0,applicable,physical,0.0,0.0,low=0.800;mid=0.800;high=0.800,low=8593.33;mid=8191.17;high=6525.73,191115330.37523556,4240.222984896068,0.30462371317003906,8440.298274565232,63403520.63853402,25542361.94734031,45072
Physics-Aligned MoE,Physics-Aligned MoE,205,artifacts\strictmask_ablation_rerun_wtb_full\wtb_full_seed205,full,ablation,238.52463618029503,gate-bin,late_period,5.0,applicable,gate,8.158632357886022e-08,0.020508779685366872,low=0.800;mid=0.800;high=0.800,low=9099.53;mid=8186.68;high=6532.74,190310132.857984,4222.358290246361,0.29617057152999643,8707.000704015889,65406989.28856735,24980628.71388333,45072
Physics-Aligned MoE,Physics-Aligned MoE,205,artifacts\strictmask_ablation_rerun_wtb_full\wtb_full_seed205,full,ablation,238.52463618029503,global,late_period,10.0,applicable,global,,,all=0.900,all=17866.9,242588986.9977734,5382.254770096144,0.12610933617323394,17866.939003399017,134216445.79353341,10837254.120424006,45072
Physics-Aligned MoE,Physics-Aligned MoE,205,artifacts\strictmask_ablation_rerun_wtb_full\wtb_full_seed205,full,ablation,238.52463618029503,physical-bin,late_period,10.0,applicable,physical,0.0,0.0,low=0.900;mid=0.900;high=0.900,low=16054.6;mid=17866.9;high=28234.9,247475808.0979783,5490.677318467747,0.15251153709620163,16956.171000074417,127374756.55255902,12010105.154541928,45072
Physics-Aligned MoE,Physics-Aligned MoE,205,artifacts\strictmask_ablation_rerun_wtb_full\wtb_full_seed205,full,ablation,238.52463618029503,gate-bin,late_period,10.0,applicable,gate,8.158632357886022e-08,0.020508779685366872,low=0.900;mid=0.900;high=0.900,low=14211.8;mid=18492.3;high=26278.7,246147896.92644185,5461.215320519211,0.17283457578984734,16054.930688030468,120604639.32848486,12554325.7597957,45072
Physics-Aligned MoE,Physics-Aligned MoE,205,artifacts\strictmask_ablation_rerun_wtb_full\wtb_full_seed205,full,ablation,238.52463618029503,global,late_period,20.0,applicable,global,,,all=0.950,all=28772.4,318117044.68176854,7057.974899755248,0.037628682996095134,28772.368051528898,216138028.8030851,5098950.793934171,45072
Physics-Aligned MoE,Physics-Aligned MoE,205,artifacts\strictmask_ablation_rerun_wtb_full\wtb_full_seed205,full,ablation,238.52463618029503,physical-bin,late_period,20.0,applicable,physical,0.0,0.0,low=0.950;mid=0.950;high=0.950,low=22199.4;mid=28772.4;high=51734.2,313348149.24617416,6952.168735493747,0.06727014554490593,24385.410296216294,183183202.1451768,6508247.355049868,45072
Physics-Aligned MoE,Physics-Aligned MoE,205,artifacts\strictmask_ablation_rerun_wtb_full\wtb_full_seed205,full,ablation,238.52463618029503,gate-bin,late_period,20.0,applicable,gate,8.158632357886022e-08,0.020508779685366872,low=0.950;mid=0.950;high=0.950,low=17991.5;mid=26813.3;high=49618.4,296008165.95042527,6567.4513212288175,0.10179268725594603,22340.618189919292,167822723.84267372,6409272.105387578,45072
Physics-Aligned MoE,Physics-Aligned MoE,205,artifacts\strictmask_ablation_rerun_wtb_full\wtb_full_seed205,full,ablation,238.52463618029503,global,late_period,50.0,applicable,global,,,all=0.975,all=45019.8,433436114.79404664,9616.527218540261,0.016906283280085196,45019.80397934914,338188767.49287075,1904946.9460235175,45072
Physics-Aligned MoE,Physics-Aligned MoE,205,artifacts\strictmask_ablation_rerun_wtb_full\wtb_full_seed205,full,ablation,238.52463618029503,physical-bin,late_period,50.0,applicable,physical,0.0,0.0,low=0.975;mid=0.975;high=0.975,low=28565.2;mid=45019.8;high=76319.2,445201025.3950429,9877.552036631232,0.03177138800141995,32099.689633426417,241132868.52629924,4081363.137374871,45072
Physics-Aligned MoE,Physics-Aligned MoE,205,artifacts\strictmask_ablation_rerun_wtb_full\wtb_full_seed205,full,ablation,238.52463618029503,gate-bin,late_period,50.0,applicable,gate,8.158632357886022e-08,0.020508779685366872,low=0.975;mid=0.975;high=0.975,low=20753.6;mid=34969.6;high=73558.2,379248589.4061408,8414.283577523536,0.058062655307064254,27911.884826554193,209674078.81707507,3391490.2117813136,45072
Boundary-forced router,MoE + L_bal + L_align + L_force,201,artifacts\strictmask_ablation_rerun_wtb_full\wtb_bal_align_force_seed201,bal_align_force,ablation,245.05650076454495,global,full,2.0,applicable,global,,,all=0.500,all=160.965,165202761.36486477,1672.3635544710153,0.5931122448979592,160.96472001075745,2650123.1502571106,81276319.10730383,98784
Boundary-forced router,MoE + L_bal + L_align + L_force,201,artifacts\strictmask_ablation_rerun_wtb_full\wtb_bal_align_force_seed201,bal_align_force,ablation,245.05650076454495,physical-bin,full,2.0,applicable,physical,0.0,0.0,low=0.500;mid=0.500;high=0.500,low=1035.64;mid=160.965;high=0,163283978.46441114,1652.9395293206505,0.5126133786848073,968.7104697637006,15948849.174189568,73667564.64511079,98784
Boundary-forced router,MoE + L_bal + L_align + L_force,201,artifacts\strictmask_ablation_rerun_wtb_full\wtb_bal_align_force_seed201,bal_align_force,ablation,245.05650076454495,gate-bin,full,2.0,applicable,gate,2.8604902465156232e-08,7.226084866293282e-05,low=0.500;mid=0.500;high=0.500,low=1862.03;mid=89.7052;high=0,161730002.94986954,1637.2084846723108,0.4979753806284419,701.0223760870009,11541632.399896383,75094185.27498658,98784
Boundary-forced router,MoE + L_bal + L_align + L_force,201,artifacts\strictmask_ablation_rerun_wtb_full\wtb_bal_align_force_seed201,bal_align_force,ablation,245.05650076454495,global,full,5.0,applicable,global,,,all=0.800,all=9190.45,299222388.7007406,3029.0572228371047,0.20254292193067702,9190.448565483093,151311545.18211365,29582168.703725375,98784
Boundary-forced router,MoE + L_bal + L_align + L_force,201,artifacts\strictmask_ablation_rerun_wtb_full\wtb_bal_align_force_seed201,bal_align_force,ablation,245.05650076454495,physical-bin,full,5.0,applicable,physical,0.0,0.0,low=0.800;mid=0.800;high=0.800,low=9445.86;mid=9190.45;high=6508.17,298568827.61911535,3022.4411607053303,0.19849368318756075,9256.011164643167,152390967.81468508,29235571.96088605,98784
Boundary-forced router,MoE + L_bal + L_align + L_force,201,artifacts\strictmask_ablation_rerun_wtb_full\wtb_bal_align_force_seed201,bal_align_force,ablation,245.05650076454495,gate-bin,full,5.0,applicable,gate,2.8604902465156232e-08,7.226084866293282e-05,low=0.800;mid=0.800;high=0.800,low=7258.65;mid=10144.8;high=9986.25,300398597.71332264,3040.9641005964795,0.21474125364431487,9102.820075816391,149868829.72824106,30105953.597016312,98784
Boundary-forced router,MoE + L_bal + L_align + L_force,201,artifacts\strictmask_ablation_rerun_wtb_full\wtb_bal_align_force_seed201,bal_align_force,ablation,245.05650076454495,global,full,10.0,applicable,global,,,all=0.900,all=16935,406455920.2694451,4114.5926493100615,0.07796809199870425,16935.000953674316,278817855.70129395,12763806.456815112,98784
Boundary-forced router,MoE + L_bal + L_align + L_force,201,artifacts\strictmask_ablation_rerun_wtb_full\wtb_bal_align_force_seed201,bal_align_force,ablation,245.05650076454495,physical-bin,full,10.0,applicable,physical,0.0,0.0,low=0.900;mid=0.900;high=0.900,low=15921.2;mid=16935;high=28124.2,405153658.1706678,4101.409723949909,0.08541869128603823,16709.78324792239,275109871.3937942,13004378.677687362,98784
Boundary-forced router,MoE + L_bal + L_align + L_force,201,artifacts\strictmask_ablation_rerun_wtb_full\wtb_bal_align_force_seed201,bal_align_force,ablation,245.05650076454495,gate-bin,full,10.0,applicable,gate,2.8604902465156232e-08,7.226084866293282e-05,low=0.900;mid=0.900;high=0.900,low=11640.4;mid=16187.6;high=25799.7,403289680.72764766,4082.540499753479,0.10477405247813411,16050.896816268754,264261965.18304875,13902771.554459885,98784
Boundary-forced router,MoE + L_bal + L_align + L_force,201,artifacts\strictmask_ablation_rerun_wtb_full\wtb_bal_align_force_seed201,bal_align_force,ablation,245.05650076454495,global,full,20.0,applicable,global,,,all=0.950,all=26310,546791519.7079408,5535.223515022077,0.024842079689018463,26310.024848960336,433168249.113283,5681163.529732896,98784
Boundary-forced router,MoE + L_bal + L_align + L_force,201,artifacts\strictmask_ablation_rerun_wtb_full\wtb_bal_align_force_seed201,bal_align_force,ablation,245.05650076454495,physical-bin,full,20.0,applicable,physical,0.0,0.0,low=0.950;mid=0.950;high=0.950,low=22829;mid=26310;high=57362.2,533448553.73372865,5400.151378094921,0.032302802073210235,25060.756551748116,412600295.86798096,6042412.893287381,98784
Boundary-forced router,MoE + L_bal + L_align + L_force,201,artifacts\strictmask_ablation_rerun_wtb_full\wtb_bal_align_force_seed201,bal_align_force,ablation,245.05650076454495,gate-bin,full,20.0,applicable,gate,2.8604902465156232e-08,7.226084866293282e-05,low=0.950;mid=0.950;high=0.950,low=15636.9;mid=22386.1;high=45654.6,514118244.79196835,5204.468788386463,0.04626255264010366,23556.902706572233,387840846.16100526,6313869.931548156,98784
Boundary-forced router,MoE + L_bal + L_align + L_force,201,artifacts\strictmask_ablation_rerun_wtb_full\wtb_bal_align_force_seed201,bal_align_force,ablation,245.05650076454495,global,full,50.0,applicable,global,,,all=0.975,all=40520.3,777714153.6322075,7872.875704893581,0.00880709426627794,40520.34282192588,667126924.2201877,2211744.588240395,98784
Boundary-forced router,MoE + L_bal + L_align + L_force,201,artifacts\strictmask_ablation_rerun_wtb_full\wtb_bal_align_force_seed201,bal_align_force,ablation,245.05650076454495,physical-bin,full,50.0,applicable,physical,0.0,0.0,low=0.975;mid=0.975;high=0.975,low=29229.9;mid=40520.3;high=75063.2,714280859.6875529,7230.734326283132,0.015063168124392614,32191.9628030378,530008475.5892143,3685447.6819667714,98784
Boundary-forced router,MoE + L_bal + L_align + L_force,201,artifacts\strictmask_ablation_rerun_wtb_full\wtb_bal_align_force_seed201,bal_align_force,ablation,245.05650076454495,gate-bin,full,50.0,applicable,gate,2.8604902465156232e-08,7.226084866293282e-05,low=0.975;mid=0.975;high=0.975,low=19236.8;mid=26827.9;high=64744.2,674373192.7536116,6826.745148542391,0.02342484612892776,29937.14404052949,492885139.48327744,3629761.0654066824,98784
Boundary-forced router,MoE + L_bal + L_align + L_force,201,artifacts\strictmask_ablation_rerun_wtb_full\wtb_bal_align_force_seed201,bal_align_force,ablation,245.05650076454495,global,non_overlap,2.0,applicable,global,,,all=0.500,all=242.24,6793658.463803705,1646.149373347154,0.5766900896535013,242.24027639627457,166620.9367812375,3313518.763511234,4127
Boundary-forced router,MoE + L_bal + L_align + L_force,201,artifacts\strictmask_ablation_rerun_wtb_full\wtb_bal_align_force_seed201,bal_align_force,ablation,245.05650076454495,physical-bin,non_overlap,2.0,applicable,physical,0.0,0.0,low=0.500;mid=0.500;high=0.500,low=1315.44;mid=242.24;high=0,6710500.591446274,1625.9996586979098,0.49236733704870367,1223.641641564828,841661.5091230074,2934419.541161633,4127
Boundary-forced router,MoE + L_bal + L_align + L_force,201,artifacts\strictmask_ablation_rerun_wtb_full\wtb_bal_align_force_seed201,bal_align_force,ablation,245.05650076454495,gate-bin,non_overlap,2.0,applicable,gate,2.2409786322625878e-08,8.317083199221532e-05,low=0.500;mid=0.500;high=0.500,low=1989.45;mid=584.037;high=0,6653683.402166672,1612.2324696308874,0.48049430579113156,965.3184016155874,663978.1739112549,2994852.614127709,4127
Boundary-forced router,MoE + L_bal + L_align + L_force,201,artifacts\strictmask_ablation_rerun_wtb_full\wtb_bal_align_force_seed201,bal_align_force,ablation,245.05650076454495,global,non_overlap,5.0,applicable,global,,,all=0.800,all=9638.12,12292444.90686417,2978.5425022690015,0.19142234068330508,9638.115007877352,6629416.772918304,1132605.6267891733,4127
Boundary-forced router,MoE + L_bal + L_align + L_force,201,artifacts\strictmask_ablation_rerun_wtb_full\wtb_bal_align_force_seed201,bal_align_force,ablation,245.05650076454495,physical-bin,non_overlap,5.0,applicable,physical,0.0,0.0,low=0.800;mid=0.800;high=0.800,low=10272.4;mid=9638.12;high=1933.82,12111839.899122253,2934.7806879385153,0.18051853646716742,9690.506478873822,6665453.373052043,1089277.3052140418,4127
Boundary-forced router,MoE + L_bal + L_align + L_force,201,artifacts\strictmask_ablation_rerun_wtb_full\wtb_bal_align_force_seed201,bal_align_force,ablation,245.05650076454495,gate-bin,non_overlap,5.0,applicable,gate,2.2409786322625878e-08,8.317083199221532e-05,low=0.800;mid=0.800;high=0.800,low=7435.29;mid=11047.2;high=9496.2,12329487.582117539,2987.5181929046616,0.19748000969227042,9641.358986128203,6631648.089291849,1139567.8985651375,4127
Boundary-forced router,MoE + L_bal + L_align + L_force,201,artifacts\strictmask_ablation_rerun_wtb_full\wtb_bal_align_force_seed201,bal_align_force,ablation,245.05650076454495,global,non_overlap,10.0,applicable,global,,,all=0.900,all=16457.1,16576196.605254315,4016.524498486628,0.07971892415798401,16457.122225177292,11319757.23721778,525643.9368036541,4127
Boundary-forced router,MoE + L_bal + L_align + L_force,201,artifacts\strictmask_ablation_rerun_wtb_full\wtb_bal_align_force_seed201,bal_align_force,ablation,245.05650076454495,physical-bin,non_overlap,10.0,applicable,physical,0.0,0.0,low=0.900;mid=0.900;high=0.900,low=16292.9;mid=16457.1;high=17769.9,16586744.60045418,4019.0803490317858,0.0811727647201357,16395.92729295094,11277665.323001422,530907.9277452758,4127
Boundary-forced router,MoE + L_bal + L_align + L_force,201,artifacts\strictmask_ablation_rerun_wtb_full\wtb_bal_align_force_seed201,bal_align_force,ablation,245.05650076454495,gate-bin,non_overlap,10.0,applicable,gate,2.2409786322625878e-08,8.317083199221532e-05,low=0.900;mid=0.900;high=0.900,low=11846;mid=17758.1;high=18973,16656273.462098517,4035.927662248247,0.09934577174703174,15980.853231874116,10992163.547990747,566410.9914107767,4127
Boundary-forced router,MoE + L_bal + L_align + L_force,201,artifacts\strictmask_ablation_rerun_wtb_full\wtb_bal_align_force_seed201,bal_align_force,ablation,245.05650076454495,global,non_overlap,20.0,applicable,global,,,all=0.950,all=24738.7,21537457.14226601,5218.671466504969,0.031984492367337046,24738.657889056198,17016073.518022485,226069.181212176,4127
Boundary-forced router,MoE + L_bal + L_align + L_force,201,artifacts\strictmask_ablation_rerun_wtb_full\wtb_bal_align_force_seed201,bal_align_force,ablation,245.05650076454495,physical-bin,non_overlap,20.0,applicable,physical,0.0,0.0,low=0.950;mid=0.950;high=0.950,low=22652.1;mid=24738.7;high=62592.2,22663033.541252922,5491.406237279603,0.03779985461594378,25439.275386263966,17497981.586518563,258252.5977367178,4127
Boundary-forced router,MoE + L_bal + L_align + L_force,201,artifacts\strictmask_ablation_rerun_wtb_full\wtb_bal_align_force_seed201,bal_align_force,ablation,245.05650076454495,gate-bin,non_overlap,20.0,applicable,gate,2.2409786322625878e-08,8.317083199221532e-05,low=0.950;mid=0.950;high=0.950,low=15083.4;mid=24594.3;high=38400.4,21523026.39835113,5215.17479969739,0.05403440755997092,23389.304430509983,16087943.230785782,271754.1583782675,4127
Boundary-forced router,MoE + L_bal + L_align + L_force,201,artifacts\strictmask_ablation_rerun_wtb_full\wtb_bal_align_force_seed201,bal_align_force,ablation,245.05650076454495,global,non_overlap,50.0,applicable,global,,,all=0.975,all=39566.5,29478785.53122872,7142.909021378416,0.009934577174703174,39566.53972480296,27215184.907376967,45272.012477034914,4127
Boundary-forced router,MoE + L_bal + L_align + L_force,201,artifacts\strictmask_ablation_rerun_wtb_full\wtb_bal_align_force_seed201,bal_align_force,ablation,245.05650076454495,physical-bin,non_overlap,50.0,applicable,physical,0.0,0.0,low=0.975;mid=0.975;high=0.975,low=29615.7;mid=39566.5;high=84845.6,29590235.619576763,7169.914131227711,0.01889992730797189,33469.84854110012,23021677.488186695,131371.1626278013,4127
Boundary-forced router,MoE + L_bal + L_align + L_force,201,artifacts\strictmask_ablation_rerun_wtb_full\wtb_bal_align_force_seed201,bal_align_force,ablation,245.05650076454495,gate-bin,non_overlap,50.0,applicable,gate,2.2409786322625878e-08,8.317083199221532e-05,low=0.975;mid=0.975;high=0.975,low=19402.2;mid=32595.8;high=64822.8,28301418.186708786,6857.624954375766,0.022292221952992488,32749.078095779845,22525907.550213903,115510.21272989758,4127
Boundary-forced router,MoE + L_bal + L_align + L_force,201,artifacts\strictmask_ablation_rerun_wtb_full\wtb_bal_align_force_seed201,bal_align_force,ablation,245.05650076454495,global,boundary,2.0,applicable,global,,,all=0.500,all=0,22066910.41959127,2063.292231845841,0.2861150070126227,0.0,0.0,11033455.209795635,10695
Boundary-forced router,MoE + L_bal + L_align + L_force,201,artifacts\strictmask_ablation_rerun_wtb_full\wtb_bal_align_force_seed201,bal_align_force,ablation,245.05650076454495,physical-bin,boundary,2.0,applicable,physical,0.016305305834655375,0.8461538461538461,low=0.500;mid=0.500;high=0.500,low=0;mid=0;high=0,22066910.41959127,2063.292231845841,0.2861150070126227,0.0,0.0,11033455.209795635,10695
Boundary-forced router,MoE + L_bal + L_align + L_force,201,artifacts\strictmask_ablation_rerun_wtb_full\wtb_bal_align_force_seed201,bal_align_force,ablation,245.05650076454495,gate-bin,boundary,2.0,applicable,gate,0.02553288902400856,0.6095969545588034,low=0.500;mid=0.500;high=0.500,low=0;mid=0;high=0,22066910.41959127,2063.292231845841,0.2861150070126227,0.0,0.0,11033455.209795635,10695
Boundary-forced router,MoE + L_bal + L_align + L_force,201,artifacts\strictmask_ablation_rerun_wtb_full\wtb_bal_align_force_seed201,bal_align_force,ablation,245.05650076454495,global,boundary,5.0,applicable,global,,,all=0.800,all=5380.21,52575275.85003435,4915.874319778808,0.22337540906965872,5380.214614868164,9590232.551002502,8597008.659806369,10695
Boundary-forced router,MoE + L_bal + L_align + L_force,201,artifacts\strictmask_ablation_rerun_wtb_full\wtb_bal_align_force_seed201,bal_align_force,ablation,245.05650076454495,physical-bin,boundary,5.0,applicable,physical,0.016305305834655375,0.8461538461538461,low=0.800;mid=0.800;high=0.800,low=9547.22;mid=1604.94;high=3857.85,52317072.83527055,4891.731915406316,0.21860682561944833,5863.915153081823,10452428.760368347,8372928.81498044,10695
Boundary-forced router,MoE + L_bal + L_align + L_force,201,artifacts\strictmask_ablation_rerun_wtb_full\wtb_bal_align_force_seed201,bal_align_force,ablation,245.05650076454495,gate-bin,boundary,5.0,applicable,gate,0.02553288902400856,0.6095969545588034,low=0.800;mid=0.800;high=0.800,low=8300.35;mid=3132.76;high=3891.05,52018602.85797354,4863.824484148999,0.22393641888733054,5557.706609203452,9906612.030905154,8422398.165413678,10695
Boundary-forced router,MoE + L_bal + L_align + L_force,201,artifacts\strictmask_ablation_rerun_wtb_full\wtb_bal_align_force_seed201,bal_align_force,ablation,245.05650076454495,global,boundary,10.0,applicable,global,,,all=0.900,all=21251.6,78185642.91074269,7310.48554565149,0.11145395044413277,21251.61846190691,37881009.90834907,4030463.300239362,10695
Boundary-forced router,MoE + L_bal + L_align + L_force,201,artifacts\strictmask_ablation_rerun_wtb_full\wtb_bal_align_force_seed201,bal_align_force,ablation,245.05650076454495,physical-bin,boundary,10.0,applicable,physical,0.016305305834655375,0.8461538461538461,low=0.900;mid=0.900;high=0.900,low=26359.6;mid=22080.1;high=14108.1,74526944.19442138,6968.391229024907,0.10191678354371202,22025.002888340434,39259567.648466825,3526737.6545954556,10695
Boundary-forced router,MoE + L_bal + L_align + L_force,201,artifacts\strictmask_ablation_rerun_wtb_full\wtb_bal_align_force_seed201,bal_align_force,ablation,245.05650076454495,gate-bin,boundary,10.0,applicable,gate,0.02553288902400856,0.6095969545588034,low=0.900;mid=0.900;high=0.900,low=22817.7;mid=25781.7;high=14110.6,75906644.90109831,7097.395502673989,0.1072463768115942,21213.784832896865,37813571.46463866,3809307.3436459657,10695
Boundary-forced router,MoE + L_bal + L_align + L_force,201,artifacts\strictmask_ablation_rerun_wtb_full\wtb_bal_align_force_seed201,bal_align_force,ablation,245.05650076454495,global,boundary,20.0,applicable,global,,,all=0.950,all=44066.1,101565611.96285191,9496.550908167546,0.038242169237961664,44066.09829521179,78547820.21121502,1150889.5875818455,10695
Boundary-forced router,MoE + L_bal + L_align + L_force,201,artifacts\strictmask_ablation_rerun_wtb_full\wtb_bal_align_force_seed201,bal_align_force,ablation,245.05650076454495,physical-bin,boundary,20.0,applicable,physical,0.016305305834655375,0.8461538461538461,low=0.950;mid=0.950;high=0.950,low=41781.7;mid=50571.4;high=38994.3,100338007.49438629,9381.767881663047,0.03870967741935484,43534.19921879071,77599710.10749443,1136914.8693445926,10695
Boundary-forced router,MoE + L_bal + L_align + L_force,201,artifacts\strictmask_ablation_rerun_wtb_full\wtb_bal_align_force_seed201,bal_align_force,ablation,245.05650076454495,gate-bin,boundary,20.0,applicable,gate,0.02553288902400856,0.6095969545588034,low=0.950;mid=0.950;high=0.950,low=37611.6;mid=55165.9;high=45079,105525359.34731847,9866.793767865214,0.04216923796166433,44804.6215242959,79864237.86705744,1283056.0740130518,10695
Boundary-forced router,MoE + L_bal + L_align + L_force,201,artifacts\strictmask_ablation_rerun_wtb_full\wtb_bal_align_force_seed201,bal_align_force,ablation,245.05650076454495,global,boundary,50.0,applicable,global,,,all=0.975,all=63740.7,128440001.79821968,12009.350331764346,0.012342215988779803,63740.67296600342,113617749.56190109,296445.04472637177,10695
Boundary-forced router,MoE + L_bal + L_align + L_force,201,artifacts\strictmask_ablation_rerun_wtb_full\wtb_bal_align_force_seed201,bal_align_force,ablation,245.05650076454495,physical-bin,boundary,50.0,applicable,physical,0.016305305834655375,0.8461538461538461,low=0.975;mid=0.975;high=0.975,low=53346;mid=67240.8;high=70899.8,137150881.7933712,12823.83186473784,0.017391304347826087,61734.18142581311,110041178.39151187,542194.0680371863,10695
Boundary-forced router,MoE + L_bal + L_align + L_force,201,artifacts\strictmask_ablation_rerun_wtb_full\wtb_bal_align_force_seed201,bal_align_force,ablation,245.05650076454495,gate-bin,boundary,50.0,applicable,gate,0.02553288902400856,0.6095969545588034,low=0.975;mid=0.975;high=0.975,low=47097.9;mid=70833.9;high=70990.9,144553369.94999117,13515.976619915022,0.022533894343151006,60724.74417156431,108241856.48581338,726230.269283556,10695
Boundary-forced router,MoE + L_bal + L_align + L_force,201,artifacts\strictmask_ablation_rerun_wtb_full\wtb_bal_align_force_seed201,bal_align_force,ablation,245.05650076454495,global,non_boundary,2.0,applicable,global,,,all=0.500,all=1390.98,140710886.67051426,1597.3718247512659,0.5135374450839492,1390.980785369873,20421684.40040779,60144601.13505325,88089
Boundary-forced router,MoE + L_bal + L_align + L_force,201,artifacts\strictmask_ablation_rerun_wtb_full\wtb_bal_align_force_seed201,bal_align_force,ablation,245.05650076454495,physical-bin,non_boundary,2.0,applicable,physical,0.0,0.0,low=0.500;mid=0.500;high=0.500,low=1385.03;mid=1390.98;high=3021.53,140738362.08024776,1597.6837298669273,0.5140255877578358,1386.8144175302502,20360515.87097037,60188923.1046387,88089
Boundary-forced router,MoE + L_bal + L_align + L_force,201,artifacts\strictmask_ablation_rerun_wtb_full\wtb_bal_align_force_seed201,bal_align_force,ablation,245.05650076454495,gate-bin,non_boundary,2.0,applicable,gate,2.354009470437346e-09,2.2586378348649486e-06,low=0.500;mid=0.500;high=0.500,low=1718.7;mid=1939.17;high=0,138489951.78768897,1572.1594272575346,0.4907423174289639,1423.8238881073555,20903870.41324814,58793040.687220424,88089
Boundary-forced router,MoE + L_bal + L_align + L_force,201,artifacts\strictmask_ablation_rerun_wtb_full\wtb_bal_align_force_seed201,bal_align_force,ablation,245.05650076454495,global,non_boundary,5.0,applicable,global,,,all=0.800,all=9837.27,246945200.28951448,2803.3602412277864,0.18910420143264198,9837.27049682141,144425886.7990835,20503862.6980862,88089
Boundary-forced router,MoE + L_bal + L_align + L_force,201,artifacts\strictmask_ablation_rerun_wtb_full\wtb_bal_align_force_seed201,bal_align_force,ablation,245.05650076454495,physical-bin,non_boundary,5.0,applicable,physical,0.0,0.0,low=0.800;mid=0.800;high=0.800,low=9468.77;mid=9837.27;high=48329.7,247391643.4481319,2808.4283332553655,0.1978794174073948,9511.11718984471,139637467.0227051,21550835.28508536,88089
Boundary-forced router,MoE + L_bal + L_align + L_force,201,artifacts\strictmask_ablation_rerun_wtb_full\wtb_bal_align_force_seed201,bal_align_force,ablation,245.05650076454495,gate-bin,non_boundary,5.0,applicable,gate,2.354009470437346e-09,2.2586378348649486e-06,low=0.800;mid=0.800;high=0.800,low=6619.75;mid=8985.59;high=13549.4,250853191.2047307,2847.7243606435613,0.20951537649422744,9624.636719247317,141304103.9936295,21909817.44222024,88089
Boundary-forced router,MoE + L_bal + L_align + L_force,201,artifacts\strictmask_ablation_rerun_wtb_full\wtb_bal_align_force_seed201,bal_align_force,ablation,245.05650076454495,global,non_boundary,10.0,applicable,global,,,all=0.900,all=16306.5,324026681.1003915,3678.4011749525084,0.07753522006152869,16306.548356276755,239404589.69267717,8462209.140771436,88089
Boundary-forced router,MoE + L_bal + L_align + L_force,201,artifacts\strictmask_ablation_rerun_wtb_full\wtb_bal_align_force_seed201,bal_align_force,ablation,245.05650076454495,physical-bin,non_boundary,10.0,applicable,physical,0.0,0.0,low=0.900;mid=0.900;high=0.900,low=15478.9;mid=16306.5;high=77700.7,322884274.5066885,3665.432397991673,0.08742294724653475,15546.663038845028,228248333.40480328,9463594.110188518,88089
Boundary-forced router,MoE + L_bal + L_align + L_force,201,artifacts\strictmask_ablation_rerun_wtb_full\wtb_bal_align_force_seed201,bal_align_force,ablation,245.05650076454495,gate-bin,non_boundary,10.0,applicable,gate,2.354009470437346e-09,2.2586378348649486e-06,low=0.900;mid=0.900;high=0.900,low=11325.3;mid=13475.8;high=23213.6,327606302.64806885,3719.0375943428676,0.10610859471670697,15415.659443219494,226325004.115627,10128129.853244184,88089
Boundary-forced router,MoE + L_bal + L_align + L_force,201,artifacts\strictmask_ablation_rerun_wtb_full\wtb_bal_align_force_seed201,bal_align_force,ablation,245.05650076454495,global,non_boundary,20.0,applicable,global,,,all=0.950,all=23189.5,411428899.8055038,4670.604727099908,0.027415454824098354,23189.48692321777,340456452.2632216,3548622.3771141097,88089
Boundary-forced router,MoE + L_bal + L_align + L_force,201,artifacts\strictmask_ablation_rerun_wtb_full\wtb_bal_align_force_seed201,bal_align_force,ablation,245.05650076454495,physical-bin,non_boundary,20.0,applicable,physical,0.0,0.0,low=0.950;mid=0.950;high=0.950,low=21564.9;mid=23189.5;high=97816.8,403684864.6477021,4582.693238062665,0.03546413286562454,21648.035824771832,317825637.96138763,4292961.334315719,88089
Boundary-forced router,MoE + L_bal + L_align + L_force,201,artifacts\strictmask_ablation_rerun_wtb_full\wtb_bal_align_force_seed201,bal_align_force,ablation,245.05650076454495,gate-bin,non_boundary,20.0,applicable,gate,2.354009470437346e-09,2.2586378348649486e-06,low=0.950;mid=0.950;high=0.950,low=15103.2;mid=17628.1;high=31975.3,402790446.82116854,4572.539668076247,0.05271940877975684,20614.24161262926,302647988.2358165,5007122.929267602,88089
Boundary-forced router,MoE + L_bal + L_align + L_force,201,artifacts\strictmask_ablation_rerun_wtb_full\wtb_bal_align_force_seed201,bal_align_force,ablation,245.05650076454495,global,non_boundary,50.0,applicable,global,,,all=0.975,all=29878.2,531045258.0069149,6028.508190658481,0.010841308222366015,29878.180940246577,438656513.4742301,1847774.8906536961,88089
Boundary-forced router,MoE + L_bal + L_align + L_force,201,artifacts\strictmask_ablation_rerun_wtb_full\wtb_bal_align_force_seed201,bal_align_force,ablation,245.05650076454495,physical-bin,non_boundary,50.0,applicable,physical,0.0,0.0,low=0.975;mid=0.975;high=0.975,low=26731.3;mid=29878.2;high=105198,516233275.9220729,5860.360271112998,0.01585896082371238,26816.82309299691,393711188.23983413,2450441.7536447756,88089
Boundary-forced router,MoE + L_bal + L_align + L_force,201,artifacts\strictmask_ablation_rerun_wtb_full\wtb_bal_align_force_seed201,bal_align_force,ablation,245.05650076454495,gate-bin,non_boundary,50.0,applicable,gate,2.354009470437346e-09,2.2586378348649486e-06,low=0.975;mid=0.975;high=0.975,low=18943.8;mid=21294.7;high=42734,514427188.9890712,5839.857291932832,0.025565053525411798,26039.829039884036,382303750.0490575,2642468.7788002742,88089
Boundary-forced router,MoE + L_bal + L_align + L_force,201,artifacts\strictmask_ablation_rerun_wtb_full\wtb_bal_align_force_seed201,bal_align_force,ablation,245.05650076454495,global,late_period,2.0,applicable,global,,,all=0.500,all=0,90244319.35241842,2002.2257577302632,0.726792687255946,0.0,0.0,45122159.67620921,45072
Boundary-forced router,MoE + L_bal + L_align + L_force,201,artifacts\strictmask_ablation_rerun_wtb_full\wtb_bal_align_force_seed201,bal_align_force,ablation,245.05650076454495,physical-bin,late_period,2.0,applicable,physical,0.0,0.0,low=0.500;mid=0.500;high=0.500,low=0;mid=0;high=0,90244319.35241842,2002.2257577302632,0.726792687255946,0.0,0.0,45122159.67620921,45072
Boundary-forced router,MoE + L_bal + L_align + L_force,201,artifacts\strictmask_ablation_rerun_wtb_full\wtb_bal_align_force_seed201,bal_align_force,ablation,245.05650076454495,gate-bin,late_period,2.0,applicable,gate,2.5935502338644296e-06,0.03522777755140998,low=0.500;mid=0.500;high=0.500,low=1144.94;mid=0;high=0,87314836.2812944,1937.2301269367767,0.5806487397941072,869.98202550754,6535304.97561264,40389765.65284088,45072
Boundary-forced router,MoE + L_bal + L_align + L_force,201,artifacts\strictmask_ablation_rerun_wtb_full\wtb_bal_align_force_seed201,bal_align_force,ablation,245.05650076454495,global,late_period,5.0,applicable,global,,,all=0.800,all=7219.2,160783415.2937318,3567.2571728286257,0.28565406460773873,7219.195585632334,54230597.23927009,21310563.610892344,45072
Boundary-forced router,MoE + L_bal + L_align + L_force,201,artifacts\strictmask_ablation_rerun_wtb_full\wtb_bal_align_force_seed201,bal_align_force,ablation,245.05650076454495,physical-bin,late_period,5.0,applicable,physical,0.0,0.0,low=0.800;mid=0.800;high=0.800,low=8320.67;mid=7219.2;high=2454.08,157627472.42391723,3497.2371411057247,0.25681132410365637,7886.456401213144,59243060.485913135,19676882.387600817,45072
Boundary-forced router,MoE + L_bal + L_align + L_force,201,artifacts\strictmask_ablation_rerun_wtb_full\wtb_bal_align_force_seed201,bal_align_force,ablation,245.05650076454495,gate-bin,late_period,5.0,applicable,gate,2.5935502338644296e-06,0.03522777755140998,low=0.800;mid=0.800;high=0.800,low=7319.73;mid=8258.15;high=5790.57,159640259.62846854,3541.8942942063486,0.28083954561590346,7346.688492668423,55188323.95692519,20890387.134308666,45072
Boundary-forced router,MoE + L_bal + L_align + L_force,201,artifacts\strictmask_ablation_rerun_wtb_full\wtb_bal_align_force_seed201,bal_align_force,ablation,245.05650076454495,global,late_period,10.0,applicable,global,,,all=0.900,all=15966.1,211807162.1061111,4699.306933486669,0.10811590344337949,15966.09335623981,119937293.29207344,9186986.881403768,45072
Boundary-forced router,MoE + L_bal + L_align + L_force,201,artifacts\strictmask_ablation_rerun_wtb_full\wtb_bal_align_force_seed201,bal_align_force,ablation,245.05650076454495,physical-bin,late_period,10.0,applicable,physical,0.0,0.0,low=0.900;mid=0.900;high=0.900,low=15010.6;mid=15966.1;high=22122.8,212149305.8908756,4706.897983024397,0.11734558040468583,15536.994974256604,116713906.2466156,9543539.964426,45072
Boundary-forced router,MoE + L_bal + L_align + L_force,201,artifacts\strictmask_ablation_rerun_wtb_full\wtb_bal_align_force_seed201,bal_align_force,ablation,245.05650076454495,gate-bin,late_period,10.0,applicable,gate,2.5935502338644296e-06,0.03522777755140998,low=0.900;mid=0.900;high=0.900,low=11782.7;mid=17153.8;high=24247.6,216783458.85776582,4809.71465339381,0.159322861199858,13642.95107604297,102485848.48323478,11429761.037453102,45072
Boundary-forced router,MoE + L_bal + L_align + L_force,201,artifacts\strictmask_ablation_rerun_wtb_full\wtb_bal_align_force_seed201,bal_align_force,ablation,245.05650076454495,global,late_period,20.0,applicable,global,,,all=0.950,all=26966.4,286450606.1956848,6355.400385953248,0.031904508342208024,26966.366604042043,202571345.92956382,4193963.013306046,45072
Boundary-forced router,MoE + L_bal + L_align + L_force,201,artifacts\strictmask_ablation_rerun_wtb_full\wtb_bal_align_force_seed201,bal_align_force,ablation,245.05650076454495,physical-bin,late_period,20.0,applicable,physical,0.0,0.0,low=0.950;mid=0.950;high=0.950,low=22157.8;mid=26966.4;high=46914.3,277551304.95720816,6157.954050346294,0.04537184948526802,23990.154363633883,180214039.57961774,4866863.26887952,45072
Boundary-forced router,MoE + L_bal + L_align + L_force,201,artifacts\strictmask_ablation_rerun_wtb_full\wtb_bal_align_force_seed201,bal_align_force,ablation,245.05650076454495,gate-bin,late_period,20.0,applicable,gate,2.5935502338644296e-06,0.03522777755140998,low=0.950;mid=0.950;high=0.950,low=15490.2;mid=25327.8;high=44706.1,281568830.9561287,6247.089788696501,0.09358359957401491,19410.807499594594,145813985.93695456,6787742.250958707,45072
Boundary-forced router,MoE + L_bal + L_align + L_force,201,artifacts\strictmask_ablation_rerun_wtb_full\wtb_bal_align_force_seed201,bal_align_force,ablation,245.05650076454495,global,late_period,50.0,applicable,global,,,all=0.975,all=40958.4,401735784.74305797,8913.20076195993,0.01457667731629393,40958.352714538574,307679145.59161377,1881132.7830288843,45072
Boundary-forced router,MoE + L_bal + L_align + L_force,201,artifacts\strictmask_ablation_rerun_wtb_full\wtb_bal_align_force_seed201,bal_align_force,ablation,245.05650076454495,physical-bin,late_period,50.0,applicable,physical,0.0,0.0,low=0.975;mid=0.975;high=0.975,low=28853;mid=40958.4;high=68172.8,396425793.5349007,8795.38945542467,0.022918885339013133,31763.20450464363,238605192.23888293,3156412.025920356,45072
Boundary-forced router,MoE + L_bal + L_align + L_force,201,artifacts\strictmask_ablation_rerun_wtb_full\wtb_bal_align_force_seed201,bal_align_force,ablation,245.05650076454495,gate-bin,late_period,50.0,applicable,gate,2.5935502338644296e-06,0.03522777755140998,low=0.975;mid=0.975;high=0.975,low=18877.2;mid=32548;high=66047.8,403620974.5401456,8955.026946666347,0.056243343982960596,24853.785253542457,186701634.82461095,4338386.794310693,45072
Boundary-forced router,MoE + L_bal + L_align + L_force,202,artifacts\strictmask_ablation_rerun_wtb_full\wtb_bal_align_force_seed202,bal_align_force,ablation,244.3904892509043,global,full,2.0,applicable,global,,,all=0.500,all=161.56,226717231.5750956,2295.0804945648647,0.6479085681891804,161.56026113033295,2659928.1392498016,112028651.71792293,98784
Boundary-forced router,MoE + L_bal + L_align + L_force,202,artifacts\strictmask_ablation_rerun_wtb_full\wtb_bal_align_force_seed202,bal_align_force,ablation,244.3904892509043,physical-bin,full,2.0,applicable,physical,0.0,0.0,low=0.500;mid=0.500;high=0.500,low=877.623;mid=161.56;high=0,223634706.369681,2263.8757933438715,0.579668772270813,820.906320640019,13515401.663017273,105059652.35333188,98784
Boundary-forced router,MoE + L_bal + L_align + L_force,202,artifacts\strictmask_ablation_rerun_wtb_full\wtb_bal_align_force_seed202,bal_align_force,ablation,244.3904892509043,gate-bin,full,2.0,applicable,gate,4.6027466131660735e-27,2.440696269282803e-16,low=0.500;mid=0.500;high=0.500,low=1672.59;mid=393.957;high=0,222025228.51625893,2247.5828931432106,0.5483681567865242,875.172652357365,14408842.548411656,103808192.98392363,98784
Boundary-forced router,MoE + L_bal + L_align + L_force,202,artifacts\strictmask_ablation_rerun_wtb_full\wtb_bal_align_force_seed202,bal_align_force,ablation,244.3904892509043,global,full,5.0,applicable,global,,,all=0.800,all=9837.04,406035568.6332546,4110.337388982574,0.24200275348234532,9837.038436442614,161957000.8175912,48815713.56313268,98784
Boundary-forced router,MoE + L_bal + L_align + L_force,202,artifacts\strictmask_ablation_rerun_wtb_full\wtb_bal_align_force_seed202,bal_align_force,ablation,244.3904892509043,physical-bin,full,5.0,applicable,physical,0.0,0.0,low=0.800;mid=0.800;high=0.800,low=9874.33;mid=9837.04;high=9510.57,405822084.52935433,4108.176268721193,0.2412840136054422,9850.823405213907,162183956.54344174,48727625.5971825,98784
Boundary-forced router,MoE + L_bal + L_align + L_force,202,artifacts\strictmask_ablation_rerun_wtb_full\wtb_bal_align_force_seed202,bal_align_force,ablation,244.3904892509043,gate-bin,full,5.0,applicable,gate,4.6027466131660735e-27,2.440696269282803e-16,low=0.800;mid=0.800;high=0.800,low=6532.03;mid=11396.7;high=12150.9,408221278.10821855,4132.463537700625,0.27518626498218335,9451.411121276975,155608032.7007041,50522649.0815029,98784
Boundary-forced router,MoE + L_bal + L_align + L_force,202,artifacts\strictmask_ablation_rerun_wtb_full\wtb_bal_align_force_seed202,bal_align_force,ablation,244.3904892509043,global,full,10.0,applicable,global,,,all=0.900,all=18945.3,560253399.0511751,5671.49942350153,0.09928733398121153,18945.334495544434,311915987.13464355,24833741.191653162,98784
Boundary-forced router,MoE + L_bal + L_align + L_force,202,artifacts\strictmask_ablation_rerun_wtb_full\wtb_bal_align_force_seed202,bal_align_force,ablation,244.3904892509043,physical-bin,full,10.0,applicable,physical,0.0,0.0,low=0.900;mid=0.900;high=0.900,low=17541.7;mid=18945.3;high=30628.2,562757227.485459,5696.845921257076,0.11118197278911565,18387.378710593657,302729803.09121394,26002742.439424492,98784
Boundary-forced router,MoE + L_bal + L_align + L_force,202,artifacts\strictmask_ablation_rerun_wtb_full\wtb_bal_align_force_seed202,bal_align_force,ablation,244.3904892509043,gate-bin,full,10.0,applicable,gate,4.6027466131660735e-27,2.440696269282803e-16,low=0.900;mid=0.900;high=0.900,low=10555.8;mid=18577.1;high=31222.3,562487628.3814139,5694.116743414054,0.1460864107547781,17122.459398184164,281904171.53170407,28058345.684970994,98784
Boundary-forced router,MoE + L_bal + L_align + L_force,202,artifacts\strictmask_ablation_rerun_wtb_full\wtb_bal_align_force_seed202,bal_align_force,ablation,244.3904892509043,global,full,20.0,applicable,global,,,all=0.950,all=30486.1,747886156.2724116,7570.923998546441,0.04530085843861354,30486.14796924591,501923940.1656647,12298110.805337349,98784
Boundary-forced router,MoE + L_bal + L_align + L_force,202,artifacts\strictmask_ablation_rerun_wtb_full\wtb_bal_align_force_seed202,bal_align_force,ablation,244.3904892509043,physical-bin,full,20.0,applicable,physical,0.0,0.0,low=0.950;mid=0.950;high=0.950,low=25824.2;mid=30486.1;high=61841,751097773.9310555,7603.435515175084,0.05471533851635892,28151.806454015856,463491341.458917,14380321.623606935,98784
Boundary-forced router,MoE + L_bal + L_align + L_force,202,artifacts\strictmask_ablation_rerun_wtb_full\wtb_bal_align_force_seed202,bal_align_force,ablation,244.3904892509043,gate-bin,full,20.0,applicable,gate,4.6027466131660735e-27,2.440696269282803e-16,low=0.950;mid=0.950;high=0.950,low=14258.6;mid=24789.4;high=52192.6,744621819.9268613,7537.878805544028,0.08322197926789764,24540.45946390544,404034124.61373913,17029384.765656106,98784
Boundary-forced router,MoE + L_bal + L_align + L_force,202,artifacts\strictmask_ablation_rerun_wtb_full\wtb_bal_align_force_seed202,bal_align_force,ablation,244.3904892509043,global,full,50.0,applicable,global,,,all=0.975,all=46686.9,969193548.1388924,9811.240161755875,0.018737852283770652,46686.90127372742,768653142.5706482,4010808.1113648834,98784
Boundary-forced router,MoE + L_bal + L_align + L_force,202,artifacts\strictmask_ablation_rerun_wtb_full\wtb_bal_align_force_seed202,bal_align_force,ablation,244.3904892509043,physical-bin,full,50.0,applicable,physical,0.0,0.0,low=0.975;mid=0.975;high=0.975,low=35698.3;mid=46686.9;high=84449.1,1013331261.2580113,10258.050506742098,0.031573939099449305,38848.87207364028,639607829.8204136,7474468.628751958,98784
Boundary-forced router,MoE + L_bal + L_align + L_force,202,artifacts\strictmask_ablation_rerun_wtb_full\wtb_bal_align_force_seed202,bal_align_force,ablation,244.3904892509043,gate-bin,full,50.0,applicable,gate,4.6027466131660735e-27,2.440696269282803e-16,low=0.975;mid=0.975;high=0.975,low=16992.4;mid=30645.3;high=71069,1085200548.3935905,10985.590261515938,0.056517249757045675,31075.40633262289,511625489.8603032,11471501.170665745,98784
Boundary-forced router,MoE + L_bal + L_align + L_force,202,artifacts\strictmask_ablation_rerun_wtb_full\wtb_bal_align_force_seed202,bal_align_force,ablation,244.3904892509043,global,non_overlap,2.0,applicable,global,,,all=0.500,all=201.856,9379765.109756496,2272.780496669856,0.635328325660286,201.8558932542801,138843.211910069,4620460.948923213,4127
Boundary-forced router,MoE + L_bal + L_align + L_force,202,artifacts\strictmask_ablation_rerun_wtb_full\wtb_bal_align_force_seed202,bal_align_force,ablation,244.3904892509043,physical-bin,non_overlap,2.0,applicable,physical,0.0,0.0,low=0.500;mid=0.500;high=0.500,low=974;mid=201.856;high=0,9243062.461966354,2239.6565209513824,0.5682093530409499,906.0303946775358,623197.906472365,4309932.277746994,4127
Boundary-forced router,MoE + L_bal + L_align + L_force,202,artifacts\strictmask_ablation_rerun_wtb_full\wtb_bal_align_force_seed202,bal_align_force,ablation,244.3904892509043,gate-bin,non_overlap,2.0,applicable,gate,8.758957275608209e-27,4.233783042756355e-17,low=0.500;mid=0.500;high=0.500,low=1668.25;mid=128.747;high=0,9209780.30330133,2231.592028907519,0.5388902350375575,820.8235399797577,564589.7915827433,4322595.255859293,4127
Boundary-forced router,MoE + L_bal + L_align + L_force,202,artifacts\strictmask_ablation_rerun_wtb_full\wtb_bal_align_force_seed202,bal_align_force,ablation,244.3904892509043,global,non_overlap,5.0,applicable,global,,,all=0.800,all=9544.87,16928593.28571782,4101.91259649087,0.2403683062757451,9544.868237876897,6565278.536286325,2072662.949886298,4127
Boundary-forced router,MoE + L_bal + L_align + L_force,202,artifacts\strictmask_ablation_rerun_wtb_full\wtb_bal_align_force_seed202,bal_align_force,ablation,244.3904892509043,physical-bin,non_overlap,5.0,applicable,physical,0.0,0.0,low=0.800;mid=0.800;high=0.800,low=10092.9;mid=9544.87;high=5141.55,16748643.088408528,4058.309447154962,0.2318875696631936,9747.339421777007,6704544.965612285,2008819.624559249,4127
Boundary-forced router,MoE + L_bal + L_align + L_force,202,artifacts\strictmask_ablation_rerun_wtb_full\wtb_bal_align_force_seed202,bal_align_force,ablation,244.3904892509043,gate-bin,non_overlap,5.0,applicable,gate,8.758957275608209e-27,4.233783042756355e-17,low=0.800;mid=0.800;high=0.800,low=6034.05;mid=12106.8;high=10134.5,17001242.29269097,4119.515942013804,0.26532590259268235,8911.696535293953,6129761.933526357,2174296.0718329223,4127
Boundary-forced router,MoE + L_bal + L_align + L_force,202,artifacts\strictmask_ablation_rerun_wtb_full\wtb_bal_align_force_seed202,bal_align_force,ablation,244.3904892509043,global,non_overlap,10.0,applicable,global,,,all=0.900,all=17538.5,23976286.995915238,5809.616427408587,0.1020111461109765,17538.507333278656,12063569.960740168,1191271.7035175068,4127
Boundary-forced router,MoE + L_bal + L_align + L_force,202,artifacts\strictmask_ablation_rerun_wtb_full\wtb_bal_align_force_seed202,bal_align_force,ablation,244.3904892509043,physical-bin,non_overlap,10.0,applicable,physical,0.0,0.0,low=0.900;mid=0.900;high=0.900,low=17190.1;mid=17538.5;high=21919.2,24079520.941559926,5834.630710336788,0.10443421371456264,17520.06941013606,12050887.742605254,1202863.3198954668,4127
Boundary-forced router,MoE + L_bal + L_align + L_force,202,artifacts\strictmask_ablation_rerun_wtb_full\wtb_bal_align_force_seed202,bal_align_force,ablation,244.3904892509043,gate-bin,non_overlap,10.0,applicable,gate,8.758957275608209e-27,4.233783042756355e-17,low=0.900;mid=0.900;high=0.900,low=9476.43;mid=18529.7;high=23751.8,24320490.213992737,5893.019194085955,0.15095711170341652,15297.24948061746,10521958.10108471,1379853.211290803,4127
Boundary-forced router,MoE + L_bal + L_align + L_force,202,artifacts\strictmask_ablation_rerun_wtb_full\wtb_bal_align_force_seed202,bal_align_force,ablation,244.3904892509043,global,non_overlap,20.0,applicable,global,,,all=0.950,all=27490.1,33121938.848949187,8025.669699284998,0.05306518051853647,27490.138476513326,18908633.58209508,710665.2633427052,4127
Boundary-forced router,MoE + L_bal + L_align + L_force,202,artifacts\strictmask_ablation_rerun_wtb_full\wtb_bal_align_force_seed202,bal_align_force,ablation,244.3904892509043,physical-bin,non_overlap,20.0,applicable,physical,0.0,0.0,low=0.950;mid=0.950;high=0.950,low=25012.5;mid=27490.1;high=58432.9,33704731.26702251,8166.884242069908,0.05451902108068815,27344.685500360283,18808586.17666448,744807.2545179019,4127
Boundary-forced router,MoE + L_bal + L_align + L_force,202,artifacts\strictmask_ablation_rerun_wtb_full\wtb_bal_align_force_seed202,bal_align_force,ablation,244.3904892509043,gate-bin,non_overlap,20.0,applicable,gate,8.758957275608209e-27,4.233783042756355e-17,low=0.950;mid=0.950;high=0.950,low=13049;mid=25609.2;high=54344.2,32970265.569823086,7988.918238386985,0.09207656893627332,25154.97094675219,17302427.516207714,783391.9026807686,4127
Boundary-forced router,MoE + L_bal + L_align + L_force,202,artifacts\strictmask_ablation_rerun_wtb_full\wtb_bal_align_force_seed202,bal_align_force,ablation,244.3904892509043,global,non_overlap,50.0,applicable,global,,,all=0.975,all=50338.4,43451208.68149653,10528.521609279509,0.019142234068330505,50338.3509110812,34624395.70167202,176536.25959648995,4127
Boundary-forced router,MoE + L_bal + L_align + L_force,202,artifacts\strictmask_ablation_rerun_wtb_full\wtb_bal_align_force_seed202,bal_align_force,ablation,244.3904892509043,physical-bin,non_overlap,50.0,applicable,physical,0.0,0.0,low=0.975;mid=0.975;high=0.975,low=38930.5;mid=50338.4;high=90378,46251748.054810844,11207.111232084042,0.030046038284468137,42520.74828400718,29247188.028016273,340091.2005358916,4127
Boundary-forced router,MoE + L_bal + L_align + L_force,202,artifacts\strictmask_ablation_rerun_wtb_full\wtb_bal_align_force_seed202,bal_align_force,ablation,244.3904892509043,gate-bin,non_overlap,50.0,applicable,gate,8.758957275608209e-27,4.233783042756355e-17,low=0.975;mid=0.975;high=0.975,low=15645.1;mid=31594.5;high=72248.3,49935968.63246227,12099.822784701302,0.06299975769323964,31798.80268744975,21872276.448517516,561273.8436788952,4127
Boundary-forced router,MoE + L_bal + L_align + L_force,202,artifacts\strictmask_ablation_rerun_wtb_full\wtb_bal_align_force_seed202,bal_align_force,ablation,244.3904892509043,global,boundary,2.0,applicable,global,,,all=0.500,all=0,28279362.239401046,2644.166642300238,0.3141654978962132,0.0,0.0,14139681.119700523,10695
Boundary-forced router,MoE + L_bal + L_align + L_force,202,artifacts\strictmask_ablation_rerun_wtb_full\wtb_bal_align_force_seed202,bal_align_force,ablation,244.3904892509043,physical-bin,boundary,2.0,applicable,physical,0.016305305834655375,0.8461538461538461,low=0.500;mid=0.500;high=0.500,low=0;mid=0;high=0,28279362.239401046,2644.166642300238,0.3141654978962132,0.0,0.0,14139681.119700523,10695
Boundary-forced router,MoE + L_bal + L_align + L_force,202,artifacts\strictmask_ablation_rerun_wtb_full\wtb_bal_align_force_seed202,bal_align_force,ablation,244.3904892509043,gate-bin,boundary,2.0,applicable,gate,3.758810789377221e-06,0.0007310743873541469,low=0.500;mid=0.500;high=0.500,low=0;mid=0;high=0,28279362.239401046,2644.166642300238,0.3141654978962132,0.0,0.0,14139681.119700523,10695
Boundary-forced router,MoE + L_bal + L_align + L_force,202,artifacts\strictmask_ablation_rerun_wtb_full\wtb_bal_align_force_seed202,bal_align_force,ablation,244.3904892509043,global,boundary,5.0,applicable,global,,,all=0.800,all=9355.29,65009665.371525764,6078.510086164167,0.2275829827021973,9355.287365049124,16675799.728200063,9666773.128665142,10695
Boundary-forced router,MoE + L_bal + L_align + L_force,202,artifacts\strictmask_ablation_rerun_wtb_full\wtb_bal_align_force_seed202,bal_align_force,ablation,244.3904892509043,physical-bin,boundary,5.0,applicable,physical,0.016305305834655375,0.8461538461538461,low=0.800;mid=0.800;high=0.800,low=14916;mid=5146.93;high=7449.33,63223826.81871247,5911.531259346655,0.2120617110799439,10265.607687580798,18298445.70311277,8985076.22311994,10695
Boundary-forced router,MoE + L_bal + L_align + L_force,202,artifacts\strictmask_ablation_rerun_wtb_full\wtb_bal_align_force_seed202,bal_align_force,ablation,244.3904892509043,gate-bin,boundary,5.0,applicable,gate,3.758810789377221e-06,0.0007310743873541469,low=0.800;mid=0.800;high=0.800,low=13930.7;mid=11412.7;high=3941.21,61733429.086317986,5772.1766326618035,0.21355773726040206,10372.188210202685,18488425.484686285,8649000.720326344,10695
Boundary-forced router,MoE + L_bal + L_align + L_force,202,artifacts\strictmask_ablation_rerun_wtb_full\wtb_bal_align_force_seed202,bal_align_force,ablation,244.3904892509043,global,boundary,10.0,applicable,global,,,all=0.900,all=27830.5,92870513.91655746,8683.545013235855,0.108835904628331,27830.45254611969,49607781.66345835,4326273.225309911,10695
Boundary-forced router,MoE + L_bal + L_align + L_force,202,artifacts\strictmask_ablation_rerun_wtb_full\wtb_bal_align_force_seed202,bal_align_force,ablation,244.3904892509043,physical-bin,boundary,10.0,applicable,physical,0.016305305834655375,0.8461538461538461,low=0.900;mid=0.900;high=0.900,low=38209.5;mid=25517.8;high=19536.2,88458068.47933756,8270.974144865597,0.09172510518934081,29872.39942817718,53247551.980725825,3521051.649861173,10695
Boundary-forced router,MoE + L_bal + L_align + L_force,202,artifacts\strictmask_ablation_rerun_wtb_full\wtb_bal_align_force_seed202,bal_align_force,ablation,244.3904892509043,gate-bin,boundary,10.0,applicable,gate,3.758810789377221e-06,0.0007310743873541469,low=0.900;mid=0.900;high=0.900,low=34815.3;mid=33998.2;high=15710.7,87608674.37587783,8191.554406346688,0.0933146330060776,29068.519330930605,51814635.7073838,3579403.866849404,10695
Boundary-forced router,MoE + L_bal + L_align + L_force,202,artifacts\strictmask_ablation_rerun_wtb_full\wtb_bal_align_force_seed202,bal_align_force,ablation,244.3904892509043,global,boundary,20.0,applicable,global,,,all=0.950,all=52287,116744221.57061233,10915.775742927754,0.04441327723235157,52287.02001094818,93201613.16951513,1177130.420054859,10695
Boundary-forced router,MoE + L_bal + L_align + L_force,202,artifacts\strictmask_ablation_rerun_wtb_full\wtb_bal_align_force_seed202,bal_align_force,ablation,244.3904892509043,physical-bin,boundary,20.0,applicable,physical,0.016305305834655375,0.8461538461538461,low=0.950;mid=0.950;high=0.950,low=55056.8;mid=52730.2;high=41921.6,111785603.89691876,10452.136876757248,0.04123422159887798,51043.89940331619,90985750.6864111,1039992.6605253839,10695
Boundary-forced router,MoE + L_bal + L_align + L_force,202,artifacts\strictmask_ablation_rerun_wtb_full\wtb_bal_align_force_seed202,bal_align_force,ablation,244.3904892509043,gate-bin,boundary,20.0,applicable,gate,3.758810789377221e-06,0.0007310743873541469,low=0.950;mid=0.950;high=0.950,low=52288.8;mid=59097.1;high=40013.6,113201601.10715336,10584.534932880164,0.04403927068723703,50538.18365334756,90084312.36209202,1155864.4372530673,10695
Boundary-forced router,MoE + L_bal + L_align + L_force,202,artifacts\strictmask_ablation_rerun_wtb_full\wtb_bal_align_force_seed202,bal_align_force,ablation,244.3904892509043,global,boundary,50.0,applicable,global,,,all=0.975,all=71462.7,138342391.58242488,12935.23997965637,0.013090229079008883,71462.72640419006,127382309.81546879,219201.635339121,10695
Boundary-forced router,MoE + L_bal + L_align + L_force,202,artifacts\strictmask_ablation_rerun_wtb_full\wtb_bal_align_force_seed202,bal_align_force,ablation,244.3904892509043,physical-bin,boundary,50.0,applicable,physical,0.016305305834655375,0.8461538461538461,low=0.975;mid=0.975;high=0.975,low=64701.2;mid=77029;high=79849,143069883.4465401,13377.268204445076,0.015895278167367927,72034.31905318557,128401173.71230328,293374.1946847362,10695
Boundary-forced router,MoE + L_bal + L_align + L_force,202,artifacts\strictmask_ablation_rerun_wtb_full\wtb_bal_align_force_seed202,bal_align_force,ablation,244.3904892509043,gate-bin,boundary,50.0,applicable,gate,3.758810789377221e-06,0.0007310743873541469,low=0.975;mid=0.975;high=0.975,low=62809.7;mid=77717;high=82123.3,147618413.08865052,13802.563168644276,0.018700327255726974,72348.01807612,128960342.22068389,373161.41735933285,10695
Boundary-forced router,MoE + L_bal + L_align + L_force,202,artifacts\strictmask_ablation_rerun_wtb_full\wtb_bal_align_force_seed202,bal_align_force,ablation,244.3904892509043,global,non_boundary,2.0,applicable,global,,,all=0.500,all=1115.46,194567622.7082138,2208.7618511756723,0.5949551022261577,1115.4645569324493,16376692.892603755,89095464.90780503,88089
Boundary-forced router,MoE + L_bal + L_align + L_force,202,artifacts\strictmask_ablation_rerun_wtb_full\wtb_bal_align_force_seed202,bal_align_force,ablation,244.3904892509043,physical-bin,non_boundary,2.0,applicable,physical,0.0,0.0,low=0.500;mid=0.500;high=0.500,low=1116.55;mid=1115.46;high=715.178,194559659.16353604,2208.6714477804953,0.5948983414501243,1116.1081431066536,16386141.703020334,89086758.73025785,88089
Boundary-forced router,MoE + L_bal + L_align + L_force,202,artifacts\strictmask_ablation_rerun_wtb_full\wtb_bal_align_force_seed202,bal_align_force,ablation,244.3904892509043,gate-bin,non_boundary,2.0,applicable,gate,5.985093486445047e-29,1.905877051019044e-22,low=0.500;mid=0.500;high=0.500,low=1438.6;mid=2189.03;high=0,191384773.5704776,2172.629653764688,0.5570389038358933,1480.7207315039714,21739201.419575557,84822786.07545103,88089
Boundary-forced router,MoE + L_bal + L_align + L_force,202,artifacts\strictmask_ablation_rerun_wtb_full\wtb_bal_align_force_seed202,bal_align_force,ablation,244.3904892509043,global,non_boundary,5.0,applicable,global,,,all=0.800,all=9928.22,340847254.8064699,3869.3509383290752,0.2419371317644655,9928.2202041626,145761164.92741323,39017217.97581136,88089
Boundary-forced router,MoE + L_bal + L_align + L_force,202,artifacts\strictmask_ablation_rerun_wtb_full\wtb_bal_align_force_seed202,bal_align_force,ablation,244.3904892509043,physical-bin,non_boundary,5.0,applicable,physical,0.0,0.0,low=0.800;mid=0.800;high=0.800,low=9566.98;mid=9928.22;high=43034.9,342573426.4438758,3888.9467066702514,0.25127995549955157,9603.449429469963,140993042.79876328,40316076.7290225,88089
Boundary-forced router,MoE + L_bal + L_align + L_force,202,artifacts\strictmask_ablation_rerun_wtb_full\wtb_bal_align_force_seed202,bal_align_force,ablation,244.3904892509043,gate-bin,non_boundary,5.0,applicable,gate,5.985093486445047e-29,1.905877051019044e-22,low=0.800;mid=0.800;high=0.800,low=5872.21;mid=9491.59;high=13738.6,341238842.8540093,3873.796306621817,0.2708964796966704,9521.57771204767,139791043.17942786,40289559.93491627,88089
Boundary-forced router,MoE + L_bal + L_align + L_force,202,artifacts\strictmask_ablation_rerun_wtb_full\wtb_bal_align_force_seed202,bal_align_force,ablation,244.3904892509043,global,non_boundary,10.0,applicable,global,,,all=0.900,all=17332.4,463092833.32113504,5257.101718956226,0.10985480593490674,17332.37968094349,254465332.28577185,20862750.103536323,88089
Boundary-forced router,MoE + L_bal + L_align + L_force,202,artifacts\strictmask_ablation_rerun_wtb_full\wtb_bal_align_force_seed202,bal_align_force,ablation,244.3904892509043,physical-bin,non_boundary,10.0,applicable,physical,0.0,0.0,low=0.900;mid=0.900;high=0.900,low=16513.4;mid=17332.4;high=77244.7,465800675.6810647,5287.841565701333,0.11964036372305283,16579.562079499447,243412840.67017108,22238783.501089357,88089
Boundary-forced router,MoE + L_bal + L_align + L_force,202,artifacts\strictmask_ablation_rerun_wtb_full\wtb_bal_align_force_seed202,bal_align_force,ablation,244.3904892509043,gate-bin,non_boundary,10.0,applicable,gate,5.985093486445047e-29,1.905877051019044e-22,low=0.900;mid=0.900;high=0.900,low=10390.8;mid=15284.1;high=24585.8,456507219.9624704,5182.340813977573,0.13728161291421176,16153.265880381183,237154173.02281633,21935304.693965413,88089
Boundary-forced router,MoE + L_bal + L_align + L_force,202,artifacts\strictmask_ablation_rerun_wtb_full\wtb_bal_align_force_seed202,bal_align_force,ablation,244.3904892509043,global,non_boundary,20.0,applicable,global,,,all=0.950,all=24969.2,610731585.4516654,6933.119747660496,0.05466062732009672,24969.237999704485,366585867.69266135,12207285.887950206,88089
Boundary-forced router,MoE + L_bal + L_align + L_force,202,artifacts\strictmask_ablation_rerun_wtb_full\wtb_bal_align_force_seed202,bal_align_force,ablation,244.3904892509043,physical-bin,non_boundary,20.0,applicable,physical,0.0,0.0,low=0.950;mid=0.950;high=0.950,low=23415.7;mid=24969.2;high=92711.7,615400091.1076924,6986.117348450912,0.06124487733996299,23491.252985702973,344886830.7095982,13525663.019904707,88089
Boundary-forced router,MoE + L_bal + L_align + L_force,202,artifacts\strictmask_ablation_rerun_wtb_full\wtb_bal_align_force_seed202,bal_align_force,ablation,244.3904892509043,gate-bin,non_boundary,20.0,applicable,gate,5.985093486445047e-29,1.905877051019044e-22,low=0.950;mid=0.950;high=0.950,low=13666.9;mid=20287.6;high=35559.8,589571878.503583,6692.911470258295,0.07924939549773524,22089.07244034062,324300717.03286076,13263558.07353611,88089
Boundary-forced router,MoE + L_bal + L_align + L_force,202,artifacts\strictmask_ablation_rerun_wtb_full\wtb_bal_align_force_seed202,bal_align_force,ablation,244.3904892509043,global,non_boundary,50.0,applicable,global,,,all=0.975,all=34082.8,829060859.6250434,9411.627554235414,0.03262609406395804,34082.78850166202,500386459.387151,6573488.004757849,88089
Boundary-forced router,MoE + L_bal + L_align + L_force,202,artifacts\strictmask_ablation_rerun_wtb_full\wtb_bal_align_force_seed202,bal_align_force,ablation,244.3904892509043,physical-bin,non_boundary,50.0,applicable,physical,0.0,0.0,low=0.975;mid=0.975;high=0.975,low=30456.9;mid=34082.8;high=100707,872048811.4886543,9899.63345580781,0.03916493546299765,30533.458183897914,448276966.3268972,8475436.90323514,88089
Boundary-forced router,MoE + L_bal + L_align + L_force,202,artifacts\strictmask_ablation_rerun_wtb_full\wtb_bal_align_force_seed202,bal_align_force,ablation,244.3904892509043,gate-bin,non_boundary,50.0,applicable,gate,5.985093486445047e-29,1.905877051019044e-22,low=0.975;mid=0.975;high=0.975,low=15991.7;mid=24571.2;high=47019.9,824805934.2709138,9363.324981222557,0.051765827742396894,27524.384896126834,404099256.85248613,8414133.548368556,88089
Boundary-forced router,MoE + L_bal + L_align + L_force,202,artifacts\strictmask_ablation_rerun_wtb_full\wtb_bal_align_force_seed202,bal_align_force,ablation,244.3904892509043,global,late_period,2.0,applicable,global,,,all=0.500,all=0,110991805.94482303,2462.544505343074,0.7447195598154065,0.0,0.0,55495902.97241151,45072
Boundary-forced router,MoE + L_bal + L_align + L_force,202,artifacts\strictmask_ablation_rerun_wtb_full\wtb_bal_align_force_seed202,bal_align_force,ablation,244.3904892509043,physical-bin,late_period,2.0,applicable,physical,0.0,0.0,low=0.500;mid=0.500;high=0.500,low=0;mid=0;high=0,110991805.94482303,2462.544505343074,0.7447195598154065,0.0,0.0,55495902.97241151,45072
Boundary-forced router,MoE + L_bal + L_align + L_force,202,artifacts\strictmask_ablation_rerun_wtb_full\wtb_bal_align_force_seed202,bal_align_force,ablation,244.3904892509043,gate-bin,late_period,2.0,applicable,gate,6.692710681053502e-23,4.5747909456740576e-07,low=0.500;mid=0.500;high=0.500,low=1683.8;mid=0;high=0,106683349.12873843,2366.953965405095,0.5615681576144835,1280.6308838779046,9620099.199690819,48531624.96452381,45072
Boundary-forced router,MoE + L_bal + L_align + L_force,202,artifacts\strictmask_ablation_rerun_wtb_full\wtb_bal_align_force_seed202,bal_align_force,ablation,244.3904892509043,global,late_period,5.0,applicable,global,,,all=0.800,all=8540.1,200646298.4777062,4451.683938536257,0.27405040823571175,8540.097051239025,64153209.048907556,27298617.88575972,45072
Boundary-forced router,MoE + L_bal + L_align + L_force,202,artifacts\strictmask_ablation_rerun_wtb_full\wtb_bal_align_force_seed202,bal_align_force,ablation,244.3904892509043,physical-bin,late_period,5.0,applicable,physical,0.0,0.0,low=0.800;mid=0.800;high=0.800,low=9447.86;mid=8540.1;high=5702.02,198040750.04799634,4393.875356052457,0.2540823571175009,9170.6152432881,68889661.70758021,25830217.66808323,45072
Boundary-forced router,MoE + L_bal + L_align + L_force,202,artifacts\strictmask_ablation_rerun_wtb_full\wtb_bal_align_force_seed202,bal_align_force,ablation,244.3904892509043,gate-bin,late_period,5.0,applicable,gate,6.692710681053502e-23,4.5747909456740576e-07,low=0.800;mid=0.800;high=0.800,low=8342.87;mid=12070.1;high=4914.07,198240251.25001508,4398.301634052517,0.2747381966631168,8720.899655692156,65511398.21355946,26545770.60729112,45072
Boundary-forced router,MoE + L_bal + L_align + L_force,202,artifacts\strictmask_ablation_rerun_wtb_full\wtb_bal_align_force_seed202,bal_align_force,ablation,244.3904892509043,global,late_period,10.0,applicable,global,,,all=0.900,all=19904.5,279277031.0291004,6196.2422574791535,0.09538072417465389,19904.457875061034,149522287.55745846,12975474.347164199,45072
Boundary-forced router,MoE + L_bal + L_align + L_force,202,artifacts\strictmask_ablation_rerun_wtb_full\wtb_bal_align_force_seed202,bal_align_force,ablation,244.3904892509043,physical-bin,late_period,10.0,applicable,physical,0.0,0.0,low=0.900;mid=0.900;high=0.900,low=18847.4;mid=19904.5;high=23877.9,278905159.0639174,6187.991637023371,0.10321263755768548,19219.701770025225,144378399.6964295,13452675.936748797,45072
Boundary-forced router,MoE + L_bal + L_align + L_force,202,artifacts\strictmask_ablation_rerun_wtb_full\wtb_bal_align_force_seed202,bal_align_force,ablation,244.3904892509043,gate-bin,late_period,10.0,applicable,gate,6.692710681053502e-23,4.5747909456740576e-07,low=0.900;mid=0.900;high=0.900,low=14014.6;mid=24347.2;high=21997.9,273456192.58757263,6067.096924644406,0.1473198438054668,16319.744730285265,122593922.41390291,15086227.017366976,45072
Boundary-forced router,MoE + L_bal + L_align + L_force,202,artifacts\strictmask_ablation_rerun_wtb_full\wtb_bal_align_force_seed202,bal_align_force,ablation,244.3904892509043,global,late_period,20.0,applicable,global,,,all=0.950,all=32202.5,376188289.81680703,8346.385556815918,0.05171725239616613,32202.47665214537,241905004.61091602,6714164.26029455,45072
Boundary-forced router,MoE + L_bal + L_align + L_force,202,artifacts\strictmask_ablation_rerun_wtb_full\wtb_bal_align_force_seed202,bal_align_force,ablation,244.3904892509043,physical-bin,late_period,20.0,applicable,physical,0.0,0.0,low=0.950;mid=0.950;high=0.950,low=27673.1;mid=32202.5;high=48317.9,373778996.14803684,8292.931224441712,0.05708643947461839,29201.097036921055,219358640.94135097,7721017.760334298,45072
Boundary-forced router,MoE + L_bal + L_align + L_force,202,artifacts\strictmask_ablation_rerun_wtb_full\wtb_bal_align_force_seed202,bal_align_force,ablation,244.3904892509043,gate-bin,late_period,20.0,applicable,gate,6.692710681053502e-23,4.5747909456740576e-07,low=0.950;mid=0.950;high=0.950,low=19470.1;mid=34801;high=44297.4,350642325.40698475,7779.604308816665,0.0838880014199503,23823.59105993487,178962816.04223076,8583975.4682377,45072
Boundary-forced router,MoE + L_bal + L_align + L_force,202,artifacts\strictmask_ablation_rerun_wtb_full\wtb_bal_align_force_seed202,bal_align_force,ablation,244.3904892509043,global,late_period,50.0,applicable,global,,,all=0.975,all=47450.1,470039595.35015786,10428.638519483446,0.025159744408945688,47450.1090570688,356445219.23670083,2271887.522269143,45072
Boundary-forced router,MoE + L_bal + L_align + L_force,202,artifacts\strictmask_ablation_rerun_wtb_full\wtb_bal_align_force_seed202,bal_align_force,ablation,244.3904892509043,physical-bin,late_period,50.0,applicable,physical,0.0,0.0,low=0.975;mid=0.975;high=0.975,low=36157.1;mid=47450.1;high=75507.1,514661218.2348157,11418.64612697053,0.03966986155484558,39069.57188316264,293490623.9863177,4423411.884969961,45072
Boundary-forced router,MoE + L_bal + L_align + L_force,202,artifacts\strictmask_ablation_rerun_wtb_full\wtb_bal_align_force_seed202,bal_align_force,ablation,244.3904892509043,gate-bin,late_period,50.0,applicable,gate,6.692710681053502e-23,4.5747909456740576e-07,low=0.975;mid=0.975;high=0.975,low=24219.2;mid=45577.4;high=72482.8,476133201.3636467,10563.835671007426,0.051051650692225774,31267.277109292147,234879785.6450026,4825068.31437288,45072
Boundary-forced router,MoE + L_bal + L_align + L_force,203,artifacts\strictmask_ablation_rerun_wtb_full\wtb_bal_align_force_seed203,bal_align_force,ablation,228.08975312048003,global,full,2.0,applicable,global,,,all=0.500,all=840.188,225576658.21475446,2283.5343599647153,0.5733317136378361,840.1884527206421,13832862.685592651,105871897.7645809,98784
Boundary-forced router,MoE + L_bal + L_align + L_force,203,artifacts\strictmask_ablation_rerun_wtb_full\wtb_bal_align_force_seed203,bal_align_force,ablation,228.08975312048003,physical-bin,full,2.0,applicable,physical,0.0,0.0,low=0.500;mid=0.500;high=0.500,low=1040.7;mid=840.188;high=0,224982940.15373302,2277.5240945267756,0.5591492549400713,973.4392132736793,16026703.207337856,104478118.47319758,98784
Boundary-forced router,MoE + L_bal + L_align + L_force,203,artifacts\strictmask_ablation_rerun_wtb_full\wtb_bal_align_force_seed203,bal_align_force,ablation,228.08975312048003,gate-bin,full,2.0,applicable,gate,8.915955785448526e-09,1.6138234082816682e-06,low=0.500;mid=0.500;high=0.500,low=1414.71;mid=551.447;high=0,225214531.9002306,2279.8685202080355,0.5485503725299644,783.5384181135627,12900176.515821695,106157177.69220445,98784
Boundary-forced router,MoE + L_bal + L_align + L_force,203,artifacts\strictmask_ablation_rerun_wtb_full\wtb_bal_align_force_seed203,bal_align_force,ablation,228.08975312048003,global,full,5.0,applicable,global,,,all=0.800,all=12369,420343142.3587897,4255.174343606148,0.18056567865241335,12368.999633789062,203643209.97070312,43339986.47761731,98784
Boundary-forced router,MoE + L_bal + L_align + L_force,203,artifacts\strictmask_ablation_rerun_wtb_full\wtb_bal_align_force_seed203,bal_align_force,ablation,228.08975312048003,physical-bin,full,5.0,applicable,physical,0.0,0.0,low=0.800;mid=0.800;high=0.800,low=10421.7;mid=12369;high=22716.2,419043848.20120823,4242.021463002189,0.21135001619695498,11216.221318008787,184663867.77969664,46875996.084302306,98784
Boundary-forced router,MoE + L_bal + L_align + L_force,203,artifacts\strictmask_ablation_rerun_wtb_full\wtb_bal_align_force_seed203,bal_align_force,ablation,228.08975312048003,gate-bin,full,5.0,applicable,gate,8.915955785448526e-09,1.6138234082816682e-06,low=0.800;mid=0.800;high=0.800,low=5928.09;mid=11648.5;high=20463.8,402898278.4362174,4078.5782964469695,0.23751822157434402,10925.124389842365,179871247.9543647,44605406.09637055,98784
Boundary-forced router,MoE + L_bal + L_align + L_force,203,artifacts\strictmask_ablation_rerun_wtb_full\wtb_bal_align_force_seed203,bal_align_force,ablation,228.08975312048003,global,full,10.0,applicable,global,,,all=0.900,all=22681.2,599011047.4518819,6063.846852242083,0.08193634596695822,22681.15461075306,373422529.51143837,22558851.794044353,98784
Boundary-forced router,MoE + L_bal + L_align + L_force,203,artifacts\strictmask_ablation_rerun_wtb_full\wtb_bal_align_force_seed203,bal_align_force,ablation,228.08975312048003,physical-bin,full,10.0,applicable,physical,0.0,0.0,low=0.900;mid=0.900;high=0.900,low=18298.7;mid=22681.2;high=44237.9,586416336.845782,5936.349376880689,0.10306324910916748,19975.058988140394,328869371.18074346,25754696.566503853,98784
Boundary-forced router,MoE + L_bal + L_align + L_force,203,artifacts\strictmask_ablation_rerun_wtb_full\wtb_bal_align_force_seed203,bal_align_force,ablation,228.08975312048003,gate-bin,full,10.0,applicable,gate,8.915955785448526e-09,1.6138234082816682e-06,low=0.900;mid=0.900;high=0.900,low=9681.39;mid=19024.5;high=38043.9,534212692.06390494,5407.886824424046,0.12326895043731778,18572.39847229425,305775968.4478525,22843672.361605242,98784
Boundary-forced router,MoE + L_bal + L_align + L_force,203,artifacts\strictmask_ablation_rerun_wtb_full\wtb_bal_align_force_seed203,bal_align_force,ablation,228.08975312048003,global,full,20.0,applicable,global,,,all=0.950,all=35652.3,795612794.9471409,8054.065384547507,0.038032474894719795,35652.26262664795,586978851.8851318,10431697.153100453,98784
Boundary-forced router,MoE + L_bal + L_align + L_force,203,artifacts\strictmask_ablation_rerun_wtb_full\wtb_bal_align_force_seed203,bal_align_force,ablation,228.08975312048003,physical-bin,full,20.0,applicable,physical,0.0,0.0,low=0.950;mid=0.950;high=0.950,low=27087.5;mid=35652.3;high=74136.8,774415805.1211102,7839.486203444993,0.05395610625202462,30128.1226411138,496029411.16329765,13919319.697890624,98784
Boundary-forced router,MoE + L_bal + L_align + L_force,203,artifacts\strictmask_ablation_rerun_wtb_full\wtb_bal_align_force_seed203,bal_align_force,ablation,228.08975312048003,gate-bin,full,20.0,applicable,gate,8.915955785448526e-09,1.6138234082816682e-06,low=0.950;mid=0.950;high=0.950,low=13048.5;mid=26090;high=61317.8,669992254.1918843,6782.396483153995,0.06225704567541302,26828.88593758545,441710778.07640684,11414073.80577387,98784
Boundary-forced router,MoE + L_bal + L_align + L_force,203,artifacts\strictmask_ablation_rerun_wtb_full\wtb_bal_align_force_seed203,bal_align_force,ablation,228.08975312048003,global,full,50.0,applicable,global,,,all=0.975,all=54670.2,1053659244.199131,10666.294584134384,0.012319808875931326,54670.248233795166,900090966.9212036,3071365.545558545,98784
Boundary-forced router,MoE + L_bal + L_align + L_force,203,artifacts\strictmask_ablation_rerun_wtb_full\wtb_bal_align_force_seed203,bal_align_force,ablation,228.08975312048003,physical-bin,full,50.0,applicable,physical,0.0,0.0,low=0.975;mid=0.975;high=0.975,low=36975.6;mid=54670.2;high=97515.2,1036486783.7232685,10492.456103450644,0.02874959507612569,40888.03812284468,673180659.6545148,7266122.481375073,98784
Boundary-forced router,MoE + L_bal + L_align + L_force,203,artifacts\strictmask_ablation_rerun_wtb_full\wtb_bal_align_force_seed203,bal_align_force,ablation,228.08975312048003,gate-bin,full,50.0,applicable,gate,8.915955785448526e-09,1.6138234082816682e-06,low=0.975;mid=0.975;high=0.975,low=16018.8;mid=32680.4;high=84526.6,878401742.0969496,8892.145915299538,0.035167638483965015,34703.85278891613,571364232.3167151,6140750.195604689,98784
Boundary-forced router,MoE + L_bal + L_align + L_force,203,artifacts\strictmask_ablation_rerun_wtb_full\wtb_bal_align_force_seed203,bal_align_force,ablation,228.08975312048003,global,non_overlap,2.0,applicable,global,,,all=0.500,all=938.38,8829643.726673767,2139.48236653108,0.5565786285437364,938.3798849582672,645448.9642037947,4092097.3812349867,4127
Boundary-forced router,MoE + L_bal + L_align + L_force,203,artifacts\strictmask_ablation_rerun_wtb_full\wtb_bal_align_force_seed203,bal_align_force,ablation,228.08975312048003,physical-bin,non_overlap,2.0,applicable,physical,0.0,0.0,low=0.500;mid=0.500;high=0.500,low=1223.67;mid=938.38;high=0,8798827.129865542,2132.0152967932013,0.53670947419433,1138.2758988111684,782944.1057322819,4007941.5120666297,4127
Boundary-forced router,MoE + L_bal + L_align + L_force,203,artifacts\strictmask_ablation_rerun_wtb_full\wtb_bal_align_force_seed203,bal_align_force,ablation,228.08975312048003,gate-bin,non_overlap,2.0,applicable,gate,6.459910699760249e-09,1.2120476824616482e-06,low=0.500;mid=0.500;high=0.500,low=1543.46;mid=7.96729;high=0,8860013.989725167,2146.8412865823034,0.544220983765447,545.0796297498324,374923.9386629263,4242545.025531121,4127
Boundary-forced router,MoE + L_bal + L_align + L_force,203,artifacts\strictmask_ablation_rerun_wtb_full\wtb_bal_align_force_seed203,bal_align_force,ablation,228.08975312048003,global,non_overlap,5.0,applicable,global,,,all=0.800,all=11924.8,16556854.379048306,4011.837746316527,0.1693724254906712,11924.831005859374,8202296.260196939,1670911.6237702735,4127
Boundary-forced router,MoE + L_bal + L_align + L_force,203,artifacts\strictmask_ablation_rerun_wtb_full\wtb_bal_align_force_seed203,bal_align_force,ablation,228.08975312048003,physical-bin,non_overlap,5.0,applicable,physical,0.0,0.0,low=0.800;mid=0.800;high=0.800,low=10889.2;mid=11924.8;high=16709.9,16513375.709419958,4001.3025707341794,0.18996850012115338,11295.408399023803,7769358.410461873,1748803.4597916177,4127
Boundary-forced router,MoE + L_bal + L_align + L_force,203,artifacts\strictmask_ablation_rerun_wtb_full\wtb_bal_align_force_seed203,bal_align_force,ablation,228.08975312048003,gate-bin,non_overlap,5.0,applicable,gate,6.459910699760249e-09,1.2120476824616482e-06,low=0.800;mid=0.800;high=0.800,low=5777.42;mid=11263.7;high=16946.2,15851111.896926595,3840.831571826168,0.22631451417494547,10237.86707888493,7041946.239093018,1761833.131566715,4127
Boundary-forced router,MoE + L_bal + L_align + L_force,203,artifacts\strictmask_ablation_rerun_wtb_full\wtb_bal_align_force_seed203,bal_align_force,ablation,228.08975312048003,global,non_overlap,10.0,applicable,global,,,all=0.900,all=20450.6,23712057.376444206,5745.591804323772,0.08408044584443906,20450.60907497406,14066610.608736325,964544.6767707883,4127
Boundary-forced router,MoE + L_bal + L_align + L_force,203,artifacts\strictmask_ablation_rerun_wtb_full\wtb_bal_align_force_seed203,bal_align_force,ablation,228.08975312048003,physical-bin,non_overlap,10.0,applicable,physical,0.0,0.0,low=0.900;mid=0.900;high=0.900,low=18243.1;mid=20450.6;high=33359.5,23521028.816006437,5699.304292708126,0.09740731766416283,19298.016683798312,13273819.14233927,1024720.9673667168,4127
Boundary-forced router,MoE + L_bal + L_align + L_force,203,artifacts\strictmask_ablation_rerun_wtb_full\wtb_bal_align_force_seed203,bal_align_force,ablation,228.08975312048003,gate-bin,non_overlap,10.0,applicable,gate,6.459910699760249e-09,1.2120476824616482e-06,low=0.900;mid=0.900;high=0.900,low=9585.41;mid=18599.5;high=33067.8,21251183.813778345,5149.305503702046,0.11533801793070027,17724.731506719214,12191661.154705033,905952.2659073314,4127
Boundary-forced router,MoE + L_bal + L_align + L_force,203,artifacts\strictmask_ablation_rerun_wtb_full\wtb_bal_align_force_seed203,bal_align_force,ablation,228.08975312048003,global,non_overlap,20.0,applicable,global,,,all=0.950,all=33706.1,31447208.77897238,7619.871281553763,0.04288829658347468,33706.05568222994,23184148.63342716,413153.00727726036,4127
Boundary-forced router,MoE + L_bal + L_align + L_force,203,artifacts\strictmask_ablation_rerun_wtb_full\wtb_bal_align_force_seed203,bal_align_force,ablation,228.08975312048003,physical-bin,non_overlap,20.0,applicable,physical,0.0,0.0,low=0.950;mid=0.950;high=0.950,low=27529.1;mid=33706.1;high=80540.3,32114158.723972343,7781.47776204806,0.05039980615459171,31228.42649268679,21479952.689219728,531710.3017376304,4127
Boundary-forced router,MoE + L_bal + L_align + L_force,203,artifacts\strictmask_ablation_rerun_wtb_full\wtb_bal_align_force_seed203,bal_align_force,ablation,228.08975312048003,gate-bin,non_overlap,20.0,applicable,gate,6.459910699760249e-09,1.2120476824616482e-06,low=0.950;mid=0.950;high=0.950,low=13534.4;mid=26709;high=56158.8,26514000.12609125,6424.521474701054,0.05451902108068815,26742.370816124367,18394294.059690878,405985.3033200188,4127
Boundary-forced router,MoE + L_bal + L_align + L_force,203,artifacts\strictmask_ablation_rerun_wtb_full\wtb_bal_align_force_seed203,bal_align_force,ablation,228.08975312048003,global,non_overlap,50.0,applicable,global,,,all=0.975,all=53467.2,39799529.47278645,9643.695050348062,0.011146110976496244,53467.18051853185,36776508.999996826,60460.40945579222,4127
Boundary-forced router,MoE + L_bal + L_align + L_force,203,artifacts\strictmask_ablation_rerun_wtb_full\wtb_bal_align_force_seed203,bal_align_force,ablation,228.08975312048003,physical-bin,non_overlap,50.0,applicable,physical,0.0,0.0,low=0.975;mid=0.975;high=0.975,low=39360.3;mid=53467.2;high=105456,41518435.270528294,10060.197545560526,0.027622970680881997,43972.759888509034,30245930.00997946,225450.10521097668,4127
Boundary-forced router,MoE + L_bal + L_align + L_force,203,artifacts\strictmask_ablation_rerun_wtb_full\wtb_bal_align_force_seed203,bal_align_force,ablation,228.08975312048003,gate-bin,non_overlap,50.0,applicable,gate,6.459910699760249e-09,1.2120476824616482e-06,low=0.975;mid=0.975;high=0.975,low=17086.7;mid=34968.3;high=86667.6,34675795.883135885,8402.17976329922,0.02786527744124061,36866.36560304709,25357915.14062922,186357.6148501333,4127
Boundary-forced router,MoE + L_bal + L_align + L_force,203,artifacts\strictmask_ablation_rerun_wtb_full\wtb_bal_align_force_seed203,bal_align_force,ablation,228.08975312048003,global,boundary,2.0,applicable,global,,,all=0.500,all=0,47438728.5451652,4435.598741950931,0.5140719962599345,0.0,0.0,23719364.272582598,10695
Boundary-forced router,MoE + L_bal + L_align + L_force,203,artifacts\strictmask_ablation_rerun_wtb_full\wtb_bal_align_force_seed203,bal_align_force,ablation,228.08975312048003,physical-bin,boundary,2.0,applicable,physical,0.016305305834655375,0.8461538461538461,low=0.500;mid=0.500;high=0.500,low=0;mid=0;high=0,47438728.5451652,4435.598741950931,0.5140719962599345,0.0,0.0,23719364.272582598,10695
Boundary-forced router,MoE + L_bal + L_align + L_force,203,artifacts\strictmask_ablation_rerun_wtb_full\wtb_bal_align_force_seed203,bal_align_force,ablation,228.08975312048003,gate-bin,boundary,2.0,applicable,gate,0.028190391141610635,0.5030173772540718,low=0.500;mid=0.500;high=0.500,low=0;mid=0;high=0,47438728.5451652,4435.598741950931,0.5140719962599345,0.0,0.0,23719364.272582598,10695
Boundary-forced router,MoE + L_bal + L_align + L_force,203,artifacts\strictmask_ablation_rerun_wtb_full\wtb_bal_align_force_seed203,bal_align_force,ablation,228.08975312048003,global,boundary,5.0,applicable,global,,,all=0.800,all=20382.4,88124147.66351491,8239.752002198682,0.24890135577372605,20382.360229492188,36331557.109069824,10358518.11088902,10695
Boundary-forced router,MoE + L_bal + L_align + L_force,203,artifacts\strictmask_ablation_rerun_wtb_full\wtb_bal_align_force_seed203,bal_align_force,ablation,228.08975312048003,physical-bin,boundary,5.0,applicable,physical,0.016305305834655375,0.8461538461538461,low=0.800;mid=0.800;high=0.800,low=23826.5;mid=18433.3;high=18814.9,86740079.25269476,8110.339341065428,0.2388966806919121,21031.631812287877,37488883.705403134,9850239.109458325,10695
Boundary-forced router,MoE + L_bal + L_align + L_force,203,artifacts\strictmask_ablation_rerun_wtb_full\wtb_bal_align_force_seed203,bal_align_force,ablation,228.08975312048003,gate-bin,boundary,5.0,applicable,gate,0.028190391141610635,0.5030173772540718,low=0.800;mid=0.800;high=0.800,low=23996.1;mid=20189;high=17522.1,86097782.02568588,8050.2834993628685,0.23927068723702666,21062.679074665935,37544225.450592026,9710711.31501877,10695
Boundary-forced router,MoE + L_bal + L_align + L_force,203,artifacts\strictmask_ablation_rerun_wtb_full\wtb_bal_align_force_seed203,bal_align_force,ablation,228.08975312048003,global,boundary,10.0,applicable,global,,,all=0.900,all=38106.6,114196726.9747577,10677.580829804367,0.12052360916316035,38106.57642364502,67924972.47514725,4627175.449961046,10695
Boundary-forced router,MoE + L_bal + L_align + L_force,203,artifacts\strictmask_ablation_rerun_wtb_full\wtb_bal_align_force_seed203,bal_align_force,ablation,228.08975312048003,physical-bin,boundary,10.0,applicable,physical,0.016305305834655375,0.8461538461538461,low=0.900;mid=0.900;high=0.900,low=45068.9;mid=40411.9;high=31579.8,109023512.5452516,10193.8768158253,0.1005142589995325,40311.79429260254,71855773.32656403,3716773.921868757,10695
Boundary-forced router,MoE + L_bal + L_align + L_force,203,artifacts\strictmask_ablation_rerun_wtb_full\wtb_bal_align_force_seed203,bal_align_force,ablation,228.08975312048003,gate-bin,boundary,10.0,applicable,gate,0.028190391141610635,0.5030173772540718,low=0.900;mid=0.900;high=0.900,low=46703;mid=40267;high=30202.1,109199572.93717104,10210.338750553627,0.10229079008882655,40260.16514009346,71763744.36221659,3743582.857495443,10695
Boundary-forced router,MoE + L_bal + L_align + L_force,203,artifacts\strictmask_ablation_rerun_wtb_full\wtb_bal_align_force_seed203,bal_align_force,ablation,228.08975312048003,global,boundary,20.0,applicable,global,,,all=0.950,all=62109.5,138895468.71289545,12986.953596343661,0.041608228143992516,62109.45923137665,110710111.07992887,1409267.8816483293,10695
Boundary-forced router,MoE + L_bal + L_align + L_force,203,artifacts\strictmask_ablation_rerun_wtb_full\wtb_bal_align_force_seed203,bal_align_force,ablation,228.08975312048003,physical-bin,boundary,20.0,applicable,physical,0.016305305834655375,0.8461538461538461,low=0.950;mid=0.950;high=0.950,low=61529.8;mid=67335.9;high=52331,134040839.26098923,12533.037799063977,0.037868162692847124,60805.174320555845,108385223.2263908,1282780.801729921,10695
Boundary-forced router,MoE + L_bal + L_align + L_force,203,artifacts\strictmask_ablation_rerun_wtb_full\wtb_bal_align_force_seed203,bal_align_force,ablation,228.08975312048003,gate-bin,boundary,20.0,applicable,gate,0.028190391141610635,0.5030173772540718,low=0.950;mid=0.950;high=0.950,low=64163.2;mid=64759.1;high=51474.8,134176478.33971527,12545.720274868188,0.038990182328190744,60963.42102662686,108667297.97996236,1275459.0179876452,10695
Boundary-forced router,MoE + L_bal + L_align + L_force,203,artifacts\strictmask_ablation_rerun_wtb_full\wtb_bal_align_force_seed203,bal_align_force,ablation,228.08975312048003,global,boundary,50.0,applicable,global,,,all=0.975,all=83142.6,165106693.40583378,15437.745994000354,0.017391304347826087,83142.57652378082,148201642.65363932,338101.01504388946,10695
Boundary-forced router,MoE + L_bal + L_align + L_force,203,artifacts\strictmask_ablation_rerun_wtb_full\wtb_bal_align_force_seed203,bal_align_force,ablation,228.08975312048003,physical-bin,boundary,50.0,applicable,physical,0.016305305834655375,0.8461538461538461,low=0.975;mid=0.975;high=0.975,low=74801.5;mid=88392;high=88936.6,170518485.4159472,15943.7574021456,0.019261337073398783,82229.75011888979,146574529.58692104,478879.11658052343,10695
Boundary-forced router,MoE + L_bal + L_align + L_force,203,artifacts\strictmask_ablation_rerun_wtb_full\wtb_bal_align_force_seed203,bal_align_force,ablation,228.08975312048003,gate-bin,boundary,50.0,applicable,gate,0.028190391141610635,0.5030173772540718,low=0.975;mid=0.975;high=0.975,low=78639.6;mid=86474.8;high=88946.9,168577386.80856633,15762.26150617731,0.017952314165497897,83871.18042366361,149500379.10518038,381540.1540677191,10695
Boundary-forced router,MoE + L_bal + L_align + L_force,203,artifacts\strictmask_ablation_rerun_wtb_full\wtb_bal_align_force_seed203,bal_align_force,ablation,228.08975312048003,global,non_boundary,2.0,applicable,global,,,all=0.500,all=1145.46,177537294.2113034,2015.430918858239,0.5568345650421732,1145.4607095718384,16817081.407578945,80360106.40186223,88089
Boundary-forced router,MoE + L_bal + L_align + L_force,203,artifacts\strictmask_ablation_rerun_wtb_full\wtb_bal_align_force_seed203,bal_align_force,ablation,228.08975312048003,physical-bin,non_boundary,2.0,applicable,physical,0.0,0.0,low=0.500;mid=0.500;high=0.500,low=1133.75;mid=1145.46;high=10043,177692009.31539536,2017.1872687327061,0.5577654417691199,1143.4559222290213,16787648.122205377,80452180.59659499,88089
Boundary-forced router,MoE + L_bal + L_align + L_force,203,artifacts\strictmask_ablation_rerun_wtb_full\wtb_bal_align_force_seed203,bal_align_force,ablation,228.08975312048003,gate-bin,non_boundary,2.0,applicable,gate,2.05249615422457e-10,2.3117532429715932e-07,low=0.500;mid=0.500;high=0.500,low=1185.76;mid=1762.59;high=0,176216233.37999284,2000.4340312637542,0.5380694524855544,1225.5634172847135,17993109.31086552,79111562.03456368,88089
Boundary-forced router,MoE + L_bal + L_align + L_force,203,artifacts\strictmask_ablation_rerun_wtb_full\wtb_bal_align_force_seed203,bal_align_force,ablation,228.08975312048003,global,non_boundary,5.0,applicable,global,,,all=0.800,all=10033.2,323234541.6970207,3669.4086855001274,0.20929968554530076,10033.214301872256,147302635.77293754,35186381.18481664,88089
Boundary-forced router,MoE + L_bal + L_align + L_force,203,artifacts\strictmask_ablation_rerun_wtb_full\wtb_bal_align_force_seed203,bal_align_force,ablation,228.08975312048003,physical-bin,non_boundary,5.0,applicable,physical,0.0,0.0,low=0.800;mid=0.800;high=0.800,low=9585.44;mid=10033.2;high=60786.9,324531582.7096036,3684.1328963843794,0.21952797738650684,9641.241124052516,141547881.562777,36596740.229365304,88089
Boundary-forced router,MoE + L_bal + L_align + L_force,203,artifacts\strictmask_ablation_rerun_wtb_full\wtb_bal_align_force_seed203,bal_align_force,ablation,228.08975312048003,gate-bin,non_boundary,5.0,applicable,gate,2.05249615422457e-10,2.3117532429715932e-07,low=0.800;mid=0.800;high=0.800,low=5371.15;mid=8620.56;high=15477.2,322663582.0580053,3662.927063061282,0.24007537831057227,9504.766459833738,139544228.78004903,36623870.65559126,88089
Boundary-forced router,MoE + L_bal + L_align + L_force,203,artifacts\strictmask_ablation_rerun_wtb_full\wtb_bal_align_force_seed203,bal_align_force,ablation,228.08975312048003,global,non_boundary,10.0,applicable,global,,,all=0.900,all=17561.8,449110262.7008742,5098.369407086858,0.09853670719386075,17561.79497652053,257833492.94778615,19127676.975308806,88089
Boundary-forced router,MoE + L_bal + L_align + L_force,203,artifacts\strictmask_ablation_rerun_wtb_full\wtb_bal_align_force_seed203,bal_align_force,ablation,228.08975312048003,physical-bin,non_boundary,10.0,applicable,physical,0.0,0.0,low=0.900;mid=0.900;high=0.900,low=16465.3;mid=17561.8;high=110774,451238256.0529281,5122.526717898127,0.1094007197266401,16568.04912682074,243243813.2554187,20799444.279750932,88089
Boundary-forced router,MoE + L_bal + L_align + L_force,203,artifacts\strictmask_ablation_rerun_wtb_full\wtb_bal_align_force_seed203,bal_align_force,ablation,228.08975312048003,gate-bin,non_boundary,10.0,applicable,gate,2.05249615422457e-10,2.3117532429715932e-07,low=0.900;mid=0.900;high=0.900,low=9585.76;mid=14009.7;high=26075.6,442271459.9762421,5020.734257129064,0.1289264266821056,15849.514403648604,232694645.71716696,20957681.425907515,88089
Boundary-forced router,MoE + L_bal + L_align + L_force,203,artifacts\strictmask_ablation_rerun_wtb_full\wtb_bal_align_force_seed203,bal_align_force,ablation,228.08975312048003,global,non_boundary,20.0,applicable,global,,,all=0.950,all=26120.4,590146902.120017,6699.439227599553,0.049381875148997036,26120.398502206783,383486630.6101489,10333013.57549341,88089
Boundary-forced router,MoE + L_bal + L_align + L_force,203,artifacts\strictmask_ablation_rerun_wtb_full\wtb_bal_align_force_seed203,bal_align_force,ablation,228.08975312048003,physical-bin,non_boundary,20.0,applicable,physical,0.0,0.0,low=0.950;mid=0.950;high=0.950,low=23658.5;mid=26120.4;high=123056,594770247.1647974,6751.92415812187,0.059394476041276435,23766.811986345554,348932450.17753226,12291889.849363256,88089
Boundary-forced router,MoE + L_bal + L_align + L_force,203,artifacts\strictmask_ablation_rerun_wtb_full\wtb_bal_align_force_seed203,bal_align_force,ablation,228.08975312048003,gate-bin,non_boundary,20.0,applicable,gate,2.05249615422457e-10,2.3117532429715932e-07,low=0.950;mid=0.950;high=0.950,low=12701.5;mid=19232.3;high=37657.4,575390749.0072687,6531.925087210307,0.07374360022250225,22091.116248191578,324330723.1978246,12553001.290472198,88089
Boundary-forced router,MoE + L_bal + L_align + L_force,203,artifacts\strictmask_ablation_rerun_wtb_full\wtb_bal_align_force_seed203,bal_align_force,ablation,228.08975312048003,global,non_boundary,50.0,applicable,global,,,all=0.975,all=35820.8,784910927.827066,8910.430676101056,0.02596237895764511,35820.820026016234,525903369.2119573,5180151.172302172,88089
Boundary-forced router,MoE + L_bal + L_align + L_force,203,artifacts\strictmask_ablation_rerun_wtb_full\wtb_bal_align_force_seed203,bal_align_force,ablation,228.08975312048003,physical-bin,non_boundary,50.0,applicable,physical,0.0,0.0,low=0.975;mid=0.975;high=0.975,low=30676.3;mid=35820.8;high=132849,827037122.412041,9388.653775295905,0.03625878373009116,30787.6381724689,452008709.82910216,7500568.251658777,88089
Boundary-forced router,MoE + L_bal + L_align + L_force,203,artifacts\strictmask_ablation_rerun_wtb_full\wtb_bal_align_force_seed203,bal_align_force,ablation,228.08975312048003,gate-bin,non_boundary,50.0,applicable,gate,2.05249615422457e-10,2.3117532429715932e-07,low=0.975;mid=0.975;high=0.975,low=15337.7;mid=24766.5;high=52086.8,788715446.1275117,8953.620158334317,0.04383067125293737,29061.373316175013,426664552.3414234,7241017.875721768,88089
Boundary-forced router,MoE + L_bal + L_align + L_force,203,artifacts\strictmask_ablation_rerun_wtb_full\wtb_bal_align_force_seed203,bal_align_force,ablation,228.08975312048003,global,late_period,2.0,applicable,global,,,all=0.500,all=0,110329189.55731586,2447.843218790288,0.7467163649272276,0.0,0.0,55164594.77865792,45072
Boundary-forced router,MoE + L_bal + L_align + L_force,203,artifacts\strictmask_ablation_rerun_wtb_full\wtb_bal_align_force_seed203,bal_align_force,ablation,228.08975312048003,physical-bin,late_period,2.0,applicable,physical,0.0,0.0,low=0.500;mid=0.500;high=0.500,low=264.962;mid=0;high=0,109445894.30747916,2428.245791344497,0.6853922612708555,245.3504720140443,1843072.7457695007,53801410.78085482,45072
Boundary-forced router,MoE + L_bal + L_align + L_force,203,artifacts\strictmask_ablation_rerun_wtb_full\wtb_bal_align_force_seed203,bal_align_force,ablation,228.08975312048003,gate-bin,late_period,2.0,applicable,gate,2.08237943879864e-07,0.011238690999896512,low=0.500;mid=0.500;high=0.500,low=1409.95;mid=0;high=0,107380250.78679395,2382.4159297744486,0.5632321618743344,1071.6936242797558,8050562.505589524,49664844.14060221,45072
Boundary-forced router,MoE + L_bal + L_align + L_force,203,artifacts\strictmask_ablation_rerun_wtb_full\wtb_bal_align_force_seed203,bal_align_force,ablation,228.08975312048003,global,late_period,5.0,applicable,global,,,all=0.800,all=13661,203410272.57292277,4513.007467450363,0.1601659566915158,13661.027689361568,102621640.0024841,20157726.514087725,45072
Boundary-forced router,MoE + L_bal + L_align + L_force,203,artifacts\strictmask_ablation_rerun_wtb_full\wtb_bal_align_force_seed203,bal_align_force,ablation,228.08975312048003,physical-bin,late_period,5.0,applicable,physical,0.0,0.0,low=0.800;mid=0.800;high=0.800,low=10866.6;mid=13661;high=21771.4,201465647.70694512,4469.862613306379,0.20216542421015266,11673.700380310742,87692837.25689429,22754562.090010166,45072
Boundary-forced router,MoE + L_bal + L_align + L_force,203,artifacts\strictmask_ablation_rerun_wtb_full\wtb_bal_align_force_seed203,bal_align_force,ablation,228.08975312048003,gate-bin,late_period,5.0,applicable,gate,2.08237943879864e-07,0.011238690999896512,low=0.800;mid=0.800;high=0.800,low=7920.02;mid=15099.2;high=20015.2,200859890.64593872,4456.422848907054,0.24871317003904864,10034.989825707065,75382843.57071146,25095409.415045448,45072
Boundary-forced router,MoE + L_bal + L_align + L_force,203,artifacts\strictmask_ablation_rerun_wtb_full\wtb_bal_align_force_seed203,bal_align_force,ablation,228.08975312048003,global,late_period,10.0,applicable,global,,,all=0.900,all=25980.4,301295030.4504268,6684.749521885579,0.06727014554490593,25980.403277969366,195164789.42410588,10613024.1026321,45072
Boundary-forced router,MoE + L_bal + L_align + L_force,203,artifacts\strictmask_ablation_rerun_wtb_full\wtb_bal_align_force_seed203,bal_align_force,ablation,228.08975312048003,physical-bin,late_period,10.0,applicable,physical,0.0,0.0,low=0.900;mid=0.900;high=0.900,low=19860.7;mid=25980.4;high=38581,289004515.63922834,6412.06326853098,0.09198615548455805,21246.261507149655,159601916.4417082,12940259.919752024,45072
Boundary-forced router,MoE + L_bal + L_align + L_force,203,artifacts\strictmask_ablation_rerun_wtb_full\wtb_bal_align_force_seed203,bal_align_force,ablation,228.08975312048003,gate-bin,late_period,10.0,applicable,gate,2.08237943879864e-07,0.011238690999896512,low=0.900;mid=0.900;high=0.900,low=12912.2;mid=26257.4;high=36611,282393777.21569663,6265.392643230756,0.14317092651757188,16940.73969931709,127258836.62126997,15513494.059442665,45072
Boundary-forced router,MoE + L_bal + L_align + L_force,203,artifacts\strictmask_ablation_rerun_wtb_full\wtb_bal_align_force_seed203,bal_align_force,ablation,228.08975312048003,global,late_period,20.0,applicable,global,,,all=0.950,all=39564.3,406981111.15729356,9029.57736859455,0.03785055023074192,39564.308640289295,297207086.5058532,5488701.232572016,45072
Boundary-forced router,MoE + L_bal + L_align + L_force,203,artifacts\strictmask_ablation_rerun_wtb_full\wtb_bal_align_force_seed203,bal_align_force,ablation,228.08975312048003,physical-bin,late_period,20.0,applicable,physical,0.0,0.0,low=0.950;mid=0.950;high=0.950,low=29364.6;mid=39564.3;high=64152.6,387497593.0411388,8597.301940032366,0.050474795882144124,31939.431665483116,239929010.67110914,7378429.118501489,45072
Boundary-forced router,MoE + L_bal + L_align + L_force,203,artifacts\strictmask_ablation_rerun_wtb_full\wtb_bal_align_force_seed203,bal_align_force,ablation,228.08975312048003,gate-bin,late_period,20.0,applicable,gate,2.08237943879864e-07,0.011238690999896512,low=0.950;mid=0.950;high=0.950,low=17518.1;mid=37441.9;high=60825.2,371292150.79035604,8237.756274191428,0.08666134185303515,24165.626683477687,181532187.64628437,9487998.157203583,45072
Boundary-forced router,MoE + L_bal + L_align + L_force,203,artifacts\strictmask_ablation_rerun_wtb_full\wtb_bal_align_force_seed203,bal_align_force,ablation,228.08975312048003,global,late_period,50.0,applicable,global,,,all=0.975,all=58552.9,528712150.457164,11730.390274608715,0.014709797657082002,58552.920806741655,439849541.10024333,1777252.1871384145,45072
Boundary-forced router,MoE + L_bal + L_align + L_force,203,artifacts\strictmask_ablation_rerun_wtb_full\wtb_bal_align_force_seed203,bal_align_force,ablation,228.08975312048003,physical-bin,late_period,50.0,applicable,physical,0.0,0.0,low=0.975;mid=0.975;high=0.975,low=39955.9;mid=58552.9;high=93718,536454552.96001256,11902.168817891652,0.0298411430599929,43935.082773326845,330040341.79323125,4128284.223335626,45072
Boundary-forced router,MoE + L_bal + L_align + L_force,203,artifacts\strictmask_ablation_rerun_wtb_full\wtb_bal_align_force_seed203,bal_align_force,ablation,228.08975312048003,gate-bin,late_period,50.0,applicable,gate,2.08237943879864e-07,0.011238690999896512,low=0.975;mid=0.975;high=0.975,low=22989.6;mid=50119.3;high=91535.4,528184192.2951767,11718.676612867783,0.050119808306709264,32806.18173030346,246440037.1580396,5634883.10274274,45072
Boundary-forced router,MoE + L_bal + L_align + L_force,204,artifacts\strictmask_ablation_rerun_wtb_full\wtb_bal_align_force_seed204,bal_align_force,ablation,227.7822288819282,global,full,2.0,applicable,global,,,all=0.500,all=543.201,206121728.85079318,2086.5902256518584,0.5802255425979915,543.2014830112457,8943269.21629715,98589229.81724805,98784
Boundary-forced router,MoE + L_bal + L_align + L_force,204,artifacts\strictmask_ablation_rerun_wtb_full\wtb_bal_align_force_seed204,bal_align_force,ablation,227.7822288819282,physical-bin,full,2.0,applicable,physical,0.0,0.0,low=0.500;mid=0.500;high=0.500,low=1166.33;mid=543.201;high=0,204441094.52096677,2069.5770015484973,0.5359673631357305,1090.9571232033425,17961518.07641983,93239788.22227347,98784
Boundary-forced router,MoE + L_bal + L_align + L_force,204,artifacts\strictmask_ablation_rerun_wtb_full\wtb_bal_align_force_seed204,bal_align_force,ablation,227.7822288819282,gate-bin,full,2.0,applicable,gate,5.820055430740404e-09,2.9855494862702084e-05,low=0.500;mid=0.500;high=0.500,low=1784.66;mid=237.055;high=0,203839507.05561322,2063.4870733682906,0.5234045999352122,792.1095683740751,13041291.933710773,95399107.56095123,98784
Boundary-forced router,MoE + L_bal + L_align + L_force,204,artifacts\strictmask_ablation_rerun_wtb_full\wtb_bal_align_force_seed204,bal_align_force,ablation,227.7822288819282,global,full,5.0,applicable,global,,,all=0.800,all=11962.8,370818111.7205864,3753.827661570562,0.18994978943958535,11962.77935218811,196955199.25442505,34772582.49323228,98784
Boundary-forced router,MoE + L_bal + L_align + L_force,204,artifacts\strictmask_ablation_rerun_wtb_full\wtb_bal_align_force_seed204,bal_align_force,ablation,227.7822288819282,physical-bin,full,5.0,applicable,physical,0.0,0.0,low=0.800;mid=0.800;high=0.800,low=11026.3;mid=11962.8;high=17360.4,371567977.9683349,3761.418630226908,0.20555960479429866,11435.660072339722,188276707.4310012,36658254.10746675,98784
Boundary-forced router,MoE + L_bal + L_align + L_force,204,artifacts\strictmask_ablation_rerun_wtb_full\wtb_bal_align_force_seed204,bal_align_force,ablation,227.7822288819282,gate-bin,full,5.0,applicable,gate,5.820055430740404e-09,2.9855494862702084e-05,low=0.800;mid=0.800;high=0.800,low=7330.89;mid=11741.2;high=17377.4,368072728.5354249,3726.035881675422,0.23540249433106575,10830.116337635103,178307035.38282433,37953138.63052011,98784
Boundary-forced router,MoE + L_bal + L_align + L_force,204,artifacts\strictmask_ablation_rerun_wtb_full\wtb_bal_align_force_seed204,bal_align_force,ablation,227.7822288819282,global,full,10.0,applicable,global,,,all=0.900,all=21523.5,506709824.1757738,5129.472628925471,0.0771379980563654,21523.511682748795,354363096.34477615,15234672.78309976,98784
Boundary-forced router,MoE + L_bal + L_align + L_force,204,artifacts\strictmask_ablation_rerun_wtb_full\wtb_bal_align_force_seed204,bal_align_force,ablation,227.7822288819282,physical-bin,full,10.0,applicable,physical,0.0,0.0,low=0.900;mid=0.900;high=0.900,low=19056.3;mid=21523.5;high=43233.4,502297458.12815785,5084.805820053428,0.09081430191124068,20618.79836355424,339467896.257557,16282956.187060092,98784
Boundary-forced router,MoE + L_bal + L_align + L_force,204,artifacts\strictmask_ablation_rerun_wtb_full\wtb_bal_align_force_seed204,bal_align_force,ablation,227.7822288819282,gate-bin,full,10.0,applicable,gate,5.820055430740404e-09,2.9855494862702084e-05,low=0.900;mid=0.900;high=0.900,low=12171;mid=19363.3;high=36520.6,481000490.9766394,4869.214558801419,0.11482628765792031,18954.542390871044,312067585.92330086,16893290.505333845,98784
Boundary-forced router,MoE + L_bal + L_align + L_force,204,artifacts\strictmask_ablation_rerun_wtb_full\wtb_bal_align_force_seed204,bal_align_force,ablation,227.7822288819282,global,full,20.0,applicable,global,,,all=0.950,all=34830.2,682529604.4924674,6909.31329458685,0.024629494655004858,34830.2258682251,573444838.694458,5454238.289900467,98784
Boundary-forced router,MoE + L_bal + L_align + L_force,204,artifacts\strictmask_ablation_rerun_wtb_full\wtb_bal_align_force_seed204,bal_align_force,ablation,227.7822288819282,physical-bin,full,20.0,applicable,physical,0.0,0.0,low=0.950;mid=0.950;high=0.950,low=27385.4;mid=34830.2;high=68843.4,641754918.8385658,6496.547202366434,0.038498137350178166,30064.619573402364,494983896.6564965,7338551.109103471,98784
Boundary-forced router,MoE + L_bal + L_align + L_force,204,artifacts\strictmask_ablation_rerun_wtb_full\wtb_bal_align_force_seed204,bal_align_force,ablation,227.7822288819282,gate-bin,full,20.0,applicable,gate,5.820055430740404e-09,2.9855494862702084e-05,low=0.950;mid=0.950;high=0.950,low=16218.4;mid=26115;high=57385.8,594642604.2834026,6019.624678929812,0.05508989310009718,26588.531286021258,437753579.09305394,7844451.259517425,98784
Boundary-forced router,MoE + L_bal + L_align + L_force,204,artifacts\strictmask_ablation_rerun_wtb_full\wtb_bal_align_force_seed204,bal_align_force,ablation,227.7822288819282,global,full,50.0,applicable,global,,,all=0.975,all=52027,925350750.5125166,9367.415274867555,0.007268383543893748,52026.98755955696,856572323.1805458,1375568.5466394138,98784
Boundary-forced router,MoE + L_bal + L_align + L_force,204,artifacts\strictmask_ablation_rerun_wtb_full\wtb_bal_align_force_seed204,bal_align_force,ablation,227.7822288819282,physical-bin,full,50.0,applicable,physical,0.0,0.0,low=0.975;mid=0.975;high=0.975,low=36966.1;mid=52027;high=94090.3,831416620.0342491,8416.510973783701,0.01665249433106576,40657.811332831676,669390205.7837406,3240528.285010165,98784
Boundary-forced router,MoE + L_bal + L_align + L_force,204,artifacts\strictmask_ablation_rerun_wtb_full\wtb_bal_align_force_seed204,bal_align_force,ablation,227.7822288819282,gate-bin,full,50.0,applicable,gate,5.820055430740404e-09,2.9855494862702084e-05,low=0.975;mid=0.975;high=0.975,low=20480.3;mid=32775.7;high=76781.5,747075150.0360312,7562.71410386329,0.027079284094590216,34061.057090405426,560781243.9364349,3725878.1219919273,98784
Boundary-forced router,MoE + L_bal + L_align + L_force,204,artifacts\strictmask_ablation_rerun_wtb_full\wtb_bal_align_force_seed204,bal_align_force,ablation,227.7822288819282,global,non_overlap,2.0,applicable,global,,,all=0.500,all=536.925,8483637.329515172,2055.642677372225,0.5762054761327841,536.9254930019379,369315.2516031662,4057161.0389560037,4127
Boundary-forced router,MoE + L_bal + L_align + L_force,204,artifacts\strictmask_ablation_rerun_wtb_full\wtb_bal_align_force_seed204,bal_align_force,ablation,227.7822288819282,physical-bin,non_overlap,2.0,applicable,physical,0.0,0.0,low=0.500;mid=0.500;high=0.500,low=1244.72;mid=536.925;high=0,8407271.242968509,2037.1386583398373,0.5287133511024957,1157.8556959582554,796411.7428699533,3805429.750049278,4127
Boundary-forced router,MoE + L_bal + L_align + L_force,204,artifacts\strictmask_ablation_rerun_wtb_full\wtb_bal_align_force_seed204,bal_align_force,ablation,227.7822288819282,gate-bin,non_overlap,2.0,applicable,gate,4.499349322016811e-09,3.7471943602870334e-05,low=0.500;mid=0.500;high=0.500,low=1902.28;mid=0;high=0,8406465.862529285,2036.943509214753,0.5158710928034892,695.0897953739633,478105.93091805774,3964179.9658056134,4127
Boundary-forced router,MoE + L_bal + L_align + L_force,204,artifacts\strictmask_ablation_rerun_wtb_full\wtb_bal_align_force_seed204,bal_align_force,ablation,227.7822288819282,global,non_overlap,5.0,applicable,global,,,all=0.800,all=11095.9,15423700.307240369,3737.266854189573,0.19433002180760844,11095.901145935059,7632130.671545664,1558313.927138941,4127
Boundary-forced router,MoE + L_bal + L_align + L_force,204,artifacts\strictmask_ablation_rerun_wtb_full\wtb_bal_align_force_seed204,bal_align_force,ablation,227.7822288819282,physical-bin,non_overlap,5.0,applicable,physical,0.0,0.0,low=0.800;mid=0.800;high=0.800,low=11015.9;mid=11095.9;high=11526.4,15430278.795720141,3738.8608664211633,0.19626847589047736,11051.553473178428,7601626.8639678955,1565730.3863504494,4127
Boundary-forced router,MoE + L_bal + L_align + L_force,204,artifacts\strictmask_ablation_rerun_wtb_full\wtb_bal_align_force_seed204,bal_align_force,ablation,227.7822288819282,gate-bin,non_overlap,5.0,applicable,gate,4.499349322016811e-09,3.7471943602870334e-05,low=0.800;mid=0.800;high=0.800,low=7349.13;mid=11969.2;high=13853.1,15224392.35683349,3688.973190412767,0.2166222437606009,10535.746464382828,7246837.609751321,1595510.949416434,4127
Boundary-forced router,MoE + L_bal + L_align + L_force,204,artifacts\strictmask_ablation_rerun_wtb_full\wtb_bal_align_force_seed204,bal_align_force,ablation,227.7822288819282,global,non_overlap,10.0,applicable,global,,,all=0.900,all=19469.5,21472118.761737205,5202.839535191956,0.08868427429125272,19469.463122263547,13391745.717596943,808037.3044140261,4127
Boundary-forced router,MoE + L_bal + L_align + L_force,204,artifacts\strictmask_ablation_rerun_wtb_full\wtb_bal_align_force_seed204,bal_align_force,ablation,227.7822288819282,physical-bin,non_overlap,10.0,applicable,physical,0.0,0.0,low=0.900;mid=0.900;high=0.900,low=18073.6;mid=19469.5;high=31963.6,21529859.505983934,5216.830507871076,0.09377271625878363,19042.940983780336,13098369.573343575,843148.9932640359,4127
Boundary-forced router,MoE + L_bal + L_align + L_force,204,artifacts\strictmask_ablation_rerun_wtb_full\wtb_bal_align_force_seed204,bal_align_force,ablation,227.7822288819282,gate-bin,non_overlap,10.0,applicable,gate,4.499349322016811e-09,3.7471943602870334e-05,low=0.900;mid=0.900;high=0.900,low=11396.4;mid=18307.9;high=32939.6,19975060.428302664,4840.092180349568,0.1160649382117761,17760.773365393306,12216451.946496362,775860.8481806305,4127
Boundary-forced router,MoE + L_bal + L_align + L_force,204,artifacts\strictmask_ablation_rerun_wtb_full\wtb_bal_align_force_seed204,bal_align_force,ablation,227.7822288819282,global,non_overlap,20.0,applicable,global,,,all=0.950,all=32224.4,29004284.042330787,7027.934102818218,0.03343833292948873,32224.426528167718,22165034.713624693,341962.4664353044,4127
Boundary-forced router,MoE + L_bal + L_align + L_force,204,artifacts\strictmask_ablation_rerun_wtb_full\wtb_bal_align_force_seed204,bal_align_force,ablation,227.7822288819282,physical-bin,non_overlap,20.0,applicable,physical,0.0,0.0,low=0.950;mid=0.950;high=0.950,low=26464;mid=32224.4;high=76150.4,29398595.89308522,7123.478529945534,0.04119214926096438,29931.344027506864,20587776.1335868,440540.9879749206,4127
Boundary-forced router,MoE + L_bal + L_align + L_force,204,artifacts\strictmask_ablation_rerun_wtb_full\wtb_bal_align_force_seed204,bal_align_force,ablation,227.7822288819282,gate-bin,non_overlap,20.0,applicable,gate,4.499349322016811e-09,3.7471943602870334e-05,low=0.950;mid=0.950;high=0.950,low=16658.4;mid=25344.3;high=52274.8,24652437.37626789,5973.452235587083,0.0467652047492125,25811.666636261165,17754124.701308303,344915.6337479791,4127
Boundary-forced router,MoE + L_bal + L_align + L_force,204,artifacts\strictmask_ablation_rerun_wtb_full\wtb_bal_align_force_seed204,bal_align_force,ablation,227.7822288819282,global,non_overlap,50.0,applicable,global,,,all=0.975,all=49650.2,38893643.15664375,9424.192671830324,0.011388417736854858,49650.204718780515,34151065.81240119,94851.54688485118,4127
Boundary-forced router,MoE + L_bal + L_align + L_force,204,artifacts\strictmask_ablation_rerun_wtb_full\wtb_bal_align_force_seed204,bal_align_force,ablation,227.7822288819282,physical-bin,non_overlap,50.0,applicable,physical,0.0,0.0,low=0.975;mid=0.975;high=0.975,low=38969.4;mid=49650.2;high=101597,39341121.65652078,9532.619737465659,0.019869154349406348,43339.881128372814,29810614.9027991,190610.13507443355,4127
Boundary-forced router,MoE + L_bal + L_align + L_force,204,artifacts\strictmask_ablation_rerun_wtb_full\wtb_bal_align_force_seed204,bal_align_force,ablation,227.7822288819282,gate-bin,non_overlap,50.0,applicable,gate,4.499349322016811e-09,3.7471943602870334e-05,low=0.975;mid=0.975;high=0.975,low=19606;mid=32884.8;high=85452,32891419.360961672,7969.813268951217,0.0242306760358614,35140.19939866541,24170600.486382026,174416.377491593,4127
Boundary-forced router,MoE + L_bal + L_align + L_force,204,artifacts\strictmask_ablation_rerun_wtb_full\wtb_bal_align_force_seed204,bal_align_force,ablation,227.7822288819282,global,boundary,2.0,applicable,global,,,all=0.500,all=0,30799132.417225122,2879.769276972896,0.37484805984104724,0.0,0.0,15399566.208612563,10695
Boundary-forced router,MoE + L_bal + L_align + L_force,204,artifacts\strictmask_ablation_rerun_wtb_full\wtb_bal_align_force_seed204,bal_align_force,ablation,227.7822288819282,physical-bin,boundary,2.0,applicable,physical,0.016305305834655375,0.8461538461538461,low=0.500;mid=0.500;high=0.500,low=0;mid=0;high=0,30799132.417225122,2879.769276972896,0.37484805984104724,0.0,0.0,15399566.208612563,10695
Boundary-forced router,MoE + L_bal + L_align + L_force,204,artifacts\strictmask_ablation_rerun_wtb_full\wtb_bal_align_force_seed204,bal_align_force,ablation,227.7822288819282,gate-bin,boundary,2.0,applicable,gate,0.035171925039285755,0.5651563415575838,low=0.500;mid=0.500;high=0.500,low=0;mid=0;high=0,30799132.417225122,2879.769276972896,0.37484805984104724,0.0,0.0,15399566.208612563,10695
Boundary-forced router,MoE + L_bal + L_align + L_force,204,artifacts\strictmask_ablation_rerun_wtb_full\wtb_bal_align_force_seed204,bal_align_force,ablation,227.7822288819282,global,boundary,5.0,applicable,global,,,all=0.800,all=16037.4,65363602.37364252,6111.6037750016385,0.20748013090229078,16037.396179199219,28586658.689422607,7355388.736843985,10695
Boundary-forced router,MoE + L_bal + L_align + L_force,204,artifacts\strictmask_ablation_rerun_wtb_full\wtb_bal_align_force_seed204,bal_align_force,ablation,227.7822288819282,physical-bin,boundary,5.0,applicable,physical,0.016305305834655375,0.8461538461538461,low=0.800;mid=0.800;high=0.800,low=21068.8;mid=15234.2;high=12591.5,63774357.45588335,5963.006774743651,0.1798971482000935,17263.480767701563,30772154.468428034,6600440.597491063,10695
Boundary-forced router,MoE + L_bal + L_align + L_force,204,artifacts\strictmask_ablation_rerun_wtb_full\wtb_bal_align_force_seed204,bal_align_force,ablation,227.7822288819282,gate-bin,boundary,5.0,applicable,gate,0.035171925039285755,0.5651563415575838,low=0.800;mid=0.800;high=0.800,low=20164.2;mid=16526.8;high=12582.3,63964776.69549376,5980.811285226157,0.18653576437587657,17044.34533623095,30381545.56183166,6716646.22673242,10695
Boundary-forced router,MoE + L_bal + L_align + L_force,204,artifacts\strictmask_ablation_rerun_wtb_full\wtb_bal_align_force_seed204,bal_align_force,ablation,227.7822288819282,global,boundary,10.0,applicable,global,,,all=0.900,all=34820.9,90072424.49078336,8421.91907347203,0.08639551192145863,34820.88284301758,62068223.66767883,2800420.082310452,10695
Boundary-forced router,MoE + L_bal + L_align + L_force,204,artifacts\strictmask_ablation_rerun_wtb_full\wtb_bal_align_force_seed204,bal_align_force,ablation,227.7822288819282,physical-bin,boundary,10.0,applicable,physical,0.016305305834655375,0.8461538461538461,low=0.900;mid=0.900;high=0.900,low=39451;mid=38376.7;high=22335.2,84988974.19133452,7946.608152532446,0.07564282374941561,34771.105695089216,61979495.90149653,2300947.8289837977,10695
Boundary-forced router,MoE + L_bal + L_align + L_force,204,artifacts\strictmask_ablation_rerun_wtb_full\wtb_bal_align_force_seed204,bal_align_force,ablation,227.7822288819282,gate-bin,boundary,10.0,applicable,gate,0.035171925039285755,0.5651563415575838,low=0.900;mid=0.900;high=0.900,low=38547.1;mid=37457;high=24642.8,87340245.30758913,8166.455849236945,0.08031790556334736,34453.70096514947,61413721.970378935,2592652.3337210193,10695
Boundary-forced router,MoE + L_bal + L_align + L_force,204,artifacts\strictmask_ablation_rerun_wtb_full\wtb_bal_align_force_seed204,bal_align_force,ablation,227.7822288819282,global,boundary,20.0,applicable,global,,,all=0.950,all=56228.8,115486976.59270322,10798.221280290156,0.028985507246376812,56228.84250020981,100227911.75662398,762953.2418039615,10695
Boundary-forced router,MoE + L_bal + L_align + L_force,204,artifacts\strictmask_ablation_rerun_wtb_full\wtb_bal_align_force_seed204,bal_align_force,ablation,227.7822288819282,physical-bin,boundary,20.0,applicable,physical,0.016305305834655375,0.8461538461538461,low=0.950;mid=0.950;high=0.950,low=52436.7;mid=62872.3;high=49567.5,111450013.68689924,10420.758643001333,0.029172510518934082,54629.94873435014,97377883.61897911,703606.5033960079,10695
Boundary-forced router,MoE + L_bal + L_align + L_force,204,artifacts\strictmask_ablation_rerun_wtb_full\wtb_bal_align_force_seed204,bal_align_force,ablation,227.7822288819282,gate-bin,boundary,20.0,applicable,gate,0.035171925039285755,0.5651563415575838,low=0.950;mid=0.950;high=0.950,low=50817.4;mid=63638.3;high=56321.2,113961344.23038107,10655.572158053395,0.03066853669939224,56052.00527695625,99912699.40617451,702432.2412103275,10695
Boundary-forced router,MoE + L_bal + L_align + L_force,204,artifacts\strictmask_ablation_rerun_wtb_full\wtb_bal_align_force_seed204,bal_align_force,ablation,227.7822288819282,global,boundary,50.0,applicable,global,,,all=0.975,all=74954.1,141459019.51975733,13226.64979146866,0.009069658719027584,74954.13096237183,133605738.44042778,157065.621586591,10695
Boundary-forced router,MoE + L_bal + L_align + L_force,204,artifacts\strictmask_ablation_rerun_wtb_full\wtb_bal_align_force_seed204,bal_align_force,ablation,227.7822288819282,physical-bin,boundary,50.0,applicable,physical,0.016305305834655375,0.8461538461538461,low=0.975;mid=0.975;high=0.975,low=63071.8;mid=79649.7;high=84342.2,143224222.85819244,13391.699191976853,0.01112669471715755,73163.40144986367,130413763.08438197,256209.1954762095,10695
Boundary-forced router,MoE + L_bal + L_align + L_force,204,artifacts\strictmask_ablation_rerun_wtb_full\wtb_bal_align_force_seed204,bal_align_force,ablation,227.7822288819282,gate-bin,boundary,50.0,applicable,gate,0.035171925039285755,0.5651563415575838,low=0.975;mid=0.975;high=0.975,low=60476.2;mid=83570.5;high=84852.9,143263770.9245577,13395.39700089366,0.010472183263207107,73832.36536794601,131606191.26836374,233151.59312387853,10695
Boundary-forced router,MoE + L_bal + L_align + L_force,204,artifacts\strictmask_ablation_rerun_wtb_full\wtb_bal_align_force_seed204,bal_align_force,ablation,227.7822288819282,global,non_boundary,2.0,applicable,global,,,all=0.500,all=1313.11,173388249.1286525,1968.3303151205316,0.5452667188865806,1313.1086376905441,19278404.464253724,77054922.3321994,88089
Boundary-forced router,MoE + L_bal + L_align + L_force,204,artifacts\strictmask_ablation_rerun_wtb_full\wtb_bal_align_force_seed204,bal_align_force,ablation,227.7822288819282,physical-bin,non_boundary,2.0,applicable,physical,0.0,0.0,low=0.500;mid=0.500;high=0.500,low=1303.2;mid=1313.11;high=14440.8,173595684.62910372,1970.6851551170262,0.5458797352677406,1317.5168501619983,19343123.635653377,77126280.49672517,88089
Boundary-forced router,MoE + L_bal + L_align + L_force,204,artifacts\strictmask_ablation_rerun_wtb_full\wtb_bal_align_force_seed204,bal_align_force,ablation,227.7822288819282,gate-bin,non_boundary,2.0,applicable,gate,5.787657008353684e-10,9.781909796132874e-07,low=0.500;mid=0.500;high=0.500,low=1666.02;mid=1758.22;high=0,172301707.82534316,1955.9957296069108,0.5249123046010286,1435.499871022008,21075291.35640961,75613208.23446679,88089
Boundary-forced router,MoE + L_bal + L_align + L_force,204,artifacts\strictmask_ablation_rerun_wtb_full\wtb_bal_align_force_seed204,bal_align_force,ablation,227.7822288819282,global,non_boundary,5.0,applicable,global,,,all=0.800,all=10865,304128285.0338254,3452.511494441138,0.20604161700098764,10865.029906797412,159514936.5766462,28922669.69143585,88089
Boundary-forced router,MoE + L_bal + L_align + L_force,204,artifacts\strictmask_ablation_rerun_wtb_full\wtb_bal_align_force_seed204,bal_align_force,ablation,227.7822288819282,physical-bin,non_boundary,5.0,applicable,physical,0.0,0.0,low=0.800;mid=0.800;high=0.800,low=10367.1;mid=10865;high=62966.8,305390910.97895813,3466.845020138248,0.21784785841592028,10424.398958549584,153045813.3099457,30469019.533802494,88089
Boundary-forced router,MoE + L_bal + L_align + L_force,204,artifacts\strictmask_ablation_rerun_wtb_full\wtb_bal_align_force_seed204,bal_align_force,ablation,227.7822288819282,gate-bin,non_boundary,5.0,applicable,gate,5.787657008353684e-10,9.781909796132874e-07,low=0.800;mid=0.800;high=0.800,low=6443.54;mid=10162.1;high=15517.6,303630209.12022686,3446.8572593652652,0.23900827572114566,10052.822811642378,147590518.10912755,31207938.202219862,88089
Boundary-forced router,MoE + L_bal + L_align + L_force,204,artifacts\strictmask_ablation_rerun_wtb_full\wtb_bal_align_force_seed204,bal_align_force,ablation,227.7822288819282,global,non_boundary,10.0,applicable,global,,,all=0.900,all=18744.5,403772761.3509585,4583.691055080186,0.08989771708158793,18744.49867076874,275197357.23489124,12857540.411606738,88089
Boundary-forced router,MoE + L_bal + L_align + L_force,204,artifacts\strictmask_ablation_rerun_wtb_full\wtb_bal_align_force_seed204,bal_align_force,ablation,227.7822288819282,physical-bin,non_boundary,10.0,applicable,physical,0.0,0.0,low=0.900;mid=0.900;high=0.900,low=17596;mid=18744.5;high=110461,404419872.61140466,4591.037162544752,0.1005573908206473,17697.240233703284,259822032.49111477,14459784.012028985,88089
Boundary-forced router,MoE + L_bal + L_align + L_force,204,artifacts\strictmask_ablation_rerun_wtb_full\wtb_bal_align_force_seed204,bal_align_force,ablation,227.7822288819282,gate-bin,non_boundary,10.0,applicable,gate,5.787657008353684e-10,9.781909796132874e-07,low=0.900;mid=0.900;high=0.900,low=11340.3;mid=15946.4;high=26386.8,395095446.6524542,4485.184831845681,0.12398823916720589,16455.200194201225,241587021.65116528,15350842.500128895,88089
Boundary-forced router,MoE + L_bal + L_align + L_force,204,artifacts\strictmask_ablation_rerun_wtb_full\wtb_bal_align_force_seed204,bal_align_force,ablation,227.7822288819282,global,non_boundary,20.0,applicable,global,,,all=0.950,all=27176,508837613.9413904,5776.403568452251,0.03646312252381115,27176.0059742927,398984531.71157825,5492654.1114906045,88089
Boundary-forced router,MoE + L_bal + L_align + L_force,204,artifacts\strictmask_ablation_rerun_wtb_full\wtb_bal_align_force_seed204,bal_align_force,ablation,227.7822288819282,physical-bin,non_boundary,20.0,applicable,physical,0.0,0.0,low=0.950;mid=0.950;high=0.950,low=24435.4;mid=27176;high=122812,504371811.4397842,5725.707085331701,0.049415931614617034,24542.647325264108,360322876.70586497,7202446.736695968,88089
Boundary-forced router,MoE + L_bal + L_align + L_force,204,artifacts\strictmask_ablation_rerun_wtb_full\wtb_bal_align_force_seed204,bal_align_force,ablation,227.7822288819282,gate-bin,non_boundary,20.0,applicable,gate,5.787657008353684e-10,9.781909796132874e-07,low=0.950;mid=0.950;high=0.950,low=14891.2;mid=21610.4;high=38762.4,484597454.57848096,5501.225517130186,0.06409426829683615,22677.897965384807,332945558.978797,7582594.779984195,88089
Boundary-forced router,MoE + L_bal + L_align + L_force,204,artifacts\strictmask_ablation_rerun_wtb_full\wtb_bal_align_force_seed204,bal_align_force,ablation,227.7822288819282,global,non_boundary,50.0,applicable,global,,,all=0.975,all=37309,652173989.6988285,7403.580352811684,0.014042615990645824,37309.02170236711,547752402.1233027,2088431.7515105177,88089
Boundary-forced router,MoE + L_bal + L_align + L_force,204,artifacts\strictmask_ablation_rerun_wtb_full\wtb_bal_align_force_seed204,bal_align_force,ablation,227.7822288819282,physical-bin,non_boundary,50.0,applicable,physical,0.0,0.0,low=0.975;mid=0.975;high=0.975,low=31588.9;mid=37309;high=133434,645456846.8441548,7327.326304580082,0.023090283690358614,31699.84302142566,465401245.3190608,3601112.030501877,88089
Boundary-forced router,MoE + L_bal + L_align + L_force,204,artifacts\strictmask_ablation_rerun_wtb_full\wtb_bal_align_force_seed204,bal_align_force,ablation,227.7822288819282,gate-bin,non_boundary,50.0,applicable,gate,5.787657008353684e-10,9.781909796132874e-07,low=0.975;mid=0.975;high=0.975,low=18420.5;mid=27204.1;high=53378.1,607776182.3673818,6899.569553149449,0.03218336001089807,29234.553499385365,429207097.20122623,3571381.7033231114,88089
Boundary-forced router,MoE + L_bal + L_align + L_force,204,artifacts\strictmask_ablation_rerun_wtb_full\wtb_bal_align_force_seed204,bal_align_force,ablation,227.7822288819282,global,late_period,2.0,applicable,global,,,all=0.500,all=0,98472110.62390678,2184.773487395873,0.7259052183173589,0.0,0.0,49236055.311953396,45072
Boundary-forced router,MoE + L_bal + L_align + L_force,204,artifacts\strictmask_ablation_rerun_wtb_full\wtb_bal_align_force_seed204,bal_align_force,ablation,227.7822288819282,physical-bin,late_period,2.0,applicable,physical,0.0,0.0,low=0.500;mid=0.500;high=0.500,low=147.31;mid=0;high=0,97958533.16277266,2173.3788862879983,0.7028532126375577,136.4064410740829,1024685.1853485107,48466923.98871207,45072
Boundary-forced router,MoE + L_bal + L_align + L_force,204,artifacts\strictmask_ablation_rerun_wtb_full\wtb_bal_align_force_seed204,bal_align_force,ablation,227.7822288819282,gate-bin,late_period,2.0,applicable,gate,4.788125499140281e-07,0.02029477395037279,low=0.500;mid=0.500;high=0.500,low=1358.57;mid=0;high=0,95391582.78186369,2116.4266680392193,0.5615681576144835,1049.854806795859,7886509.308650494,43752536.73660659,45072
Boundary-forced router,MoE + L_bal + L_align + L_force,204,artifacts\strictmask_ablation_rerun_wtb_full\wtb_bal_align_force_seed204,bal_align_force,ablation,227.7822288819282,global,late_period,5.0,applicable,global,,,all=0.800,all=11590.2,172041630.0669673,3817.0400707083622,0.19717341143059994,11590.150097656255,87065207.53359377,16995284.506674703,45072
Boundary-forced router,MoE + L_bal + L_align + L_force,204,artifacts\strictmask_ablation_rerun_wtb_full\wtb_bal_align_force_seed204,bal_align_force,ablation,227.7822288819282,physical-bin,late_period,5.0,applicable,physical,0.0,0.0,low=0.800;mid=0.800;high=0.800,low=10640.8;mid=11590.2;high=14440.9,172703678.79218024,3831.7287626948046,0.21463436279730208,10922.03060931226,82046293.9371537,18131476.971005302,45072
Boundary-forced router,MoE + L_bal + L_align + L_force,204,artifacts\strictmask_ablation_rerun_wtb_full\wtb_bal_align_force_seed204,bal_align_force,ablation,227.7822288819282,gate-bin,late_period,5.0,applicable,gate,4.788125499140281e-07,0.02029477395037279,low=0.800;mid=0.800;high=0.800,low=8321.82;mid=13045.2;high=14652.3,174087922.42812258,3862.4405934531987,0.2572994320198793,9515.818231529589,71482826.55525026,20521019.174574465,45072
Boundary-forced router,MoE + L_bal + L_align + L_force,204,artifacts\strictmask_ablation_rerun_wtb_full\wtb_bal_align_force_seed204,bal_align_force,ablation,227.7822288819282,global,late_period,10.0,applicable,global,,,all=0.900,all=22619.1,240979612.54313046,5346.548024119863,0.06908945686900958,22619.10075531006,169914684.87388918,7106492.7669241335,45072
Boundary-forced router,MoE + L_bal + L_align + L_force,204,artifacts\strictmask_ablation_rerun_wtb_full\wtb_bal_align_force_seed204,bal_align_force,ablation,227.7822288819282,physical-bin,late_period,10.0,applicable,physical,0.0,0.0,low=0.900;mid=0.900;high=0.900,low=19018.1;mid=22619.1;high=37767.5,235092085.4254171,5215.923088068359,0.0911874334398296,20405.829422181698,153288590.6194289,8180349.4805988185,45072
Boundary-forced router,MoE + L_bal + L_align + L_force,204,artifacts\strictmask_ablation_rerun_wtb_full\wtb_bal_align_force_seed204,bal_align_force,ablation,227.7822288819282,gate-bin,late_period,10.0,applicable,gate,4.788125499140281e-07,0.02029477395037279,low=0.900;mid=0.900;high=0.900,low=13645;mid=24032.1;high=36818.6,232423104.27462095,5156.707141343205,0.13671458998935038,16965.318553994617,127443472.97760756,10497963.12970134,45072
Boundary-forced router,MoE + L_bal + L_align + L_force,204,artifacts\strictmask_ablation_rerun_wtb_full\wtb_bal_align_force_seed204,bal_align_force,ablation,227.7822288819282,global,late_period,20.0,applicable,global,,,all=0.950,all=39299.1,339642057.6536146,7535.544410135219,0.02194266950656727,39299.10760720664,295214896.34533626,2221358.0654139137,45072
Boundary-forced router,MoE + L_bal + L_align + L_force,204,artifacts\strictmask_ablation_rerun_wtb_full\wtb_bal_align_force_seed204,bal_align_force,ablation,227.7822288819282,physical-bin,late_period,20.0,applicable,physical,0.0,0.0,low=0.950;mid=0.950;high=0.950,low=28270.7;mid=39299.1;high=63973.6,303923865.54185754,6743.074759093396,0.03667465388711395,30913.223840714094,232220137.49144426,3585186.4025206645,45072
Boundary-forced router,MoE + L_bal + L_align + L_force,204,artifacts\strictmask_ablation_rerun_wtb_full\wtb_bal_align_force_seed204,bal_align_force,ablation,227.7822288819282,gate-bin,late_period,20.0,applicable,gate,4.788125499140281e-07,0.02029477395037279,low=0.950;mid=0.950;high=0.950,low=17695.1;mid=35889.6;high=61956.8,293684107.16725445,6515.888071690949,0.08051561945331913,23786.653009287125,178685337.40576488,5749938.488074476,45072
Boundary-forced router,MoE + L_bal + L_align + L_force,204,artifacts\strictmask_ablation_rerun_wtb_full\wtb_bal_align_force_seed204,bal_align_force,ablation,227.7822288819282,global,late_period,50.0,applicable,global,,,all=0.975,all=57547.9,457743106.0110816,10155.81971093099,0.005768548100816472,57547.939132308944,432300118.7619048,508859.74498353415,45072
Boundary-forced router,MoE + L_bal + L_align + L_force,204,artifacts\strictmask_ablation_rerun_wtb_full\wtb_bal_align_force_seed204,bal_align_force,ablation,227.7822288819282,physical-bin,late_period,50.0,applicable,physical,0.0,0.0,low=0.975;mid=0.975;high=0.975,low=39633.9;mid=57547.9;high=92074.7,400232592.83395183,8879.849858758249,0.01577476038338658,43515.274440659196,326886741.59823185,1466917.0247143982,45072
Boundary-forced router,MoE + L_bal + L_align + L_force,204,artifacts\strictmask_ablation_rerun_wtb_full\wtb_bal_align_force_seed204,bal_align_force,ablation,227.7822288819282,gate-bin,late_period,50.0,applicable,gate,4.788125499140281e-07,0.02029477395037279,low=0.975;mid=0.975;high=0.975,low=21744.9;mid=46277.4;high=90144.5,393619159.96476436,8733.11945253737,0.04850017749378772,30613.137766269752,229965890.90021837,3273065.3812909205,45072
Boundary-forced router,MoE + L_bal + L_align + L_force,205,artifacts\strictmask_ablation_rerun_wtb_full\wtb_bal_align_force_seed205,bal_align_force,ablation,235.3334826213029,global,full,2.0,applicable,global,,,all=0.500,all=203.262,202296005.46004492,2047.862057216198,0.6344448493683188,203.26230716705322,3346510.6251983643,99474747.41742326,98784
Boundary-forced router,MoE + L_bal + L_align + L_force,205,artifacts\strictmask_ablation_rerun_wtb_full\wtb_bal_align_force_seed205,bal_align_force,ablation,235.3334826213029,physical-bin,full,2.0,applicable,physical,0.0,0.0,low=0.500;mid=0.500;high=0.500,low=1418.63;mid=203.262;high=0,197886674.0612337,2003.2259683879342,0.5442278101716878,1326.9452993561622,21846827.408599854,88019923.32631692,98784
Boundary-forced router,MoE + L_bal + L_align + L_force,205,artifacts\strictmask_ablation_rerun_wtb_full\wtb_bal_align_force_seed205,bal_align_force,ablation,235.3334826213029,gate-bin,full,2.0,applicable,gate,1.1934129215150568e-18,1.1969011227338074e-13,low=0.500;mid=0.500;high=0.500,low=2082;mid=1771.88;high=0,196098631.1359394,1985.1254366692924,0.5143849206349206,1650.774121344428,27178345.133814663,84460143.00106236,98784
Boundary-forced router,MoE + L_bal + L_align + L_force,205,artifacts\strictmask_ablation_rerun_wtb_full\wtb_bal_align_force_seed205,bal_align_force,ablation,235.3334826213029,global,full,5.0,applicable,global,,,all=0.800,all=10398.9,339454869.13992506,3436.3345191521407,0.23477486232588274,10398.877085208893,171207112.3308792,33649551.36180917,98784
Boundary-forced router,MoE + L_bal + L_align + L_force,205,artifacts\strictmask_ablation_rerun_wtb_full\wtb_bal_align_force_seed205,bal_align_force,ablation,235.3334826213029,physical-bin,full,5.0,applicable,physical,0.0,0.0,low=0.800;mid=0.800;high=0.800,low=11060.6;mid=10398.9;high=2518.98,334105306.74223334,3382.180380853512,0.22195902170391965,10508.562300376178,173012969.7133934,32218467.405767977,98784
Boundary-forced router,MoE + L_bal + L_align + L_force,205,artifacts\strictmask_ablation_rerun_wtb_full\wtb_bal_align_force_seed205,bal_align_force,ablation,235.3334826213029,gate-bin,full,5.0,applicable,gate,1.1934129215150568e-18,1.1969011227338074e-13,low=0.800;mid=0.800;high=0.800,low=7998.83;mid=12870;high=7944.59,336986576.77912486,3411.3477565104154,0.24319727891156462,10336.800796407651,170185088.31205556,33360297.693413857,98784
Boundary-forced router,MoE + L_bal + L_align + L_force,205,artifacts\strictmask_ablation_rerun_wtb_full\wtb_bal_align_force_seed205,bal_align_force,ablation,235.3334826213029,global,full,10.0,applicable,global,,,all=0.900,all=18605.2,434168522.9335251,4395.130010260013,0.09198858114674441,18605.22101211548,306316358.74346924,12785216.419005584,98784
Boundary-forced router,MoE + L_bal + L_align + L_force,205,artifacts\strictmask_ablation_rerun_wtb_full\wtb_bal_align_force_seed205,bal_align_force,ablation,235.3334826213029,physical-bin,full,10.0,applicable,physical,0.0,0.0,low=0.900;mid=0.900;high=0.900,low=18216.8;mid=18605.2;high=24104.2,435775085.7009752,4411.3934007630305,0.09577461937155815,18597.260160292575,306185291.27905697,12958979.442191828,98784
Boundary-forced router,MoE + L_bal + L_align + L_force,205,artifacts\strictmask_ablation_rerun_wtb_full\wtb_bal_align_force_seed205,bal_align_force,ablation,235.3334826213029,gate-bin,full,10.0,applicable,gate,1.1934129215150568e-18,1.1969011227338074e-13,low=0.900;mid=0.900;high=0.900,low=13083.4;mid=19456.5;high=24690,425789494.88451254,4310.308297745713,0.1178024781341108,17723.43611986654,291798652.2774827,13399084.260702984,98784
Boundary-forced router,MoE + L_bal + L_align + L_force,205,artifacts\strictmask_ablation_rerun_wtb_full\wtb_bal_align_force_seed205,bal_align_force,ablation,235.3334826213029,global,full,20.0,applicable,global,,,all=0.950,all=27711.1,548411799.341876,5551.625762693108,0.028982426303854874,27711.11149942875,456235739.7265949,4608802.980764052,98784
Boundary-forced router,MoE + L_bal + L_align + L_force,205,artifacts\strictmask_ablation_rerun_wtb_full\wtb_bal_align_force_seed205,bal_align_force,ablation,235.3334826213029,physical-bin,full,20.0,applicable,physical,0.0,0.0,low=0.950;mid=0.950;high=0.950,low=24992.9;mid=27711.1;high=50180.3,541247049.3576492,5479.096304640926,0.038093213475866534,26620.643059633203,438282267.33380103,5148239.101192413,98784
Boundary-forced router,MoE + L_bal + L_align + L_force,205,artifacts\strictmask_ablation_rerun_wtb_full\wtb_bal_align_force_seed205,bal_align_force,ablation,235.3334826213029,gate-bin,full,20.0,applicable,gate,1.1934129215150568e-18,1.1969011227338074e-13,low=0.950;mid=0.950;high=0.950,low=16919.8;mid=25184;high=41631.3,507528126.7301105,5137.756384942,0.0541990605766116,24244.819112583882,399166701.86958104,5418071.243026476,98784
Boundary-forced router,MoE + L_bal + L_align + L_force,205,artifacts\strictmask_ablation_rerun_wtb_full\wtb_bal_align_force_seed205,bal_align_force,ablation,235.3334826213029,global,full,50.0,applicable,global,,,all=0.975,all=38769.3,712302969.4313728,7210.71195164574,0.009454972465176547,38769.29064655304,638297601.2048492,1480107.3645304732,98784
Boundary-forced router,MoE + L_bal + L_align + L_force,205,artifacts\strictmask_ablation_rerun_wtb_full\wtb_bal_align_force_seed205,bal_align_force,ablation,235.3334826213029,physical-bin,full,50.0,applicable,physical,0.0,0.0,low=0.975;mid=0.975;high=0.975,low=31655.6;mid=38769.3;high=67448.7,672263015.7265908,6805.383622110775,0.01626781665046971,33968.7417348693,559261363.922888,2260033.036074057,98784
Boundary-forced router,MoE + L_bal + L_align + L_force,205,artifacts\strictmask_ablation_rerun_wtb_full\wtb_bal_align_force_seed205,bal_align_force,ablation,235.3334826213029,gate-bin,full,50.0,applicable,gate,1.1934129215150568e-18,1.1969011227338074e-13,low=0.975;mid=0.975;high=0.975,low=20655.8;mid=30271.3;high=56369.3,603130633.8038459,6105.549823897047,0.023688046647230322,30121.1526637806,495914657.4564837,2144319.5269472445,98784
Boundary-forced router,MoE + L_bal + L_align + L_force,205,artifacts\strictmask_ablation_rerun_wtb_full\wtb_bal_align_force_seed205,bal_align_force,ablation,235.3334826213029,global,non_overlap,2.0,applicable,global,,,all=0.500,all=176.304,8343281.553385717,2021.6335239606776,0.6273322025684517,176.30437088012695,121268.02310371399,4111006.7651410014,4127
Boundary-forced router,MoE + L_bal + L_align + L_force,205,artifacts\strictmask_ablation_rerun_wtb_full\wtb_bal_align_force_seed205,bal_align_force,ablation,235.3334826213029,physical-bin,non_overlap,2.0,applicable,physical,0.0,0.0,low=0.500;mid=0.500;high=0.500,low=1494.51;mid=176.304;high=0,8153698.787106418,1975.6963380437164,0.5313787254664405,1390.2126310849005,956234.5880812306,3598732.099512593,4127
Boundary-forced router,MoE + L_bal + L_align + L_force,205,artifacts\strictmask_ablation_rerun_wtb_full\wtb_bal_align_force_seed205,bal_align_force,ablation,235.3334826213029,gate-bin,non_overlap,2.0,applicable,gate,1.0420194296215176e-18,5.4238807082970495e-14,low=0.500;mid=0.500;high=0.500,low=2391.36;mid=602.568;high=0,8088297.177764339,1959.8490859617978,0.5061788223891447,1231.0016140690548,846723.9435438315,3620786.6171102542,4127
Boundary-forced router,MoE + L_bal + L_align + L_force,205,artifacts\strictmask_ablation_rerun_wtb_full\wtb_bal_align_force_seed205,bal_align_force,ablation,235.3334826213029,global,non_overlap,5.0,applicable,global,,,all=0.800,all=10524.4,13991958.954660028,3390.346245374371,0.2333414102253453,10524.413143920898,7239042.174160257,1350583.3560999539,4127
Boundary-forced router,MoE + L_bal + L_align + L_force,205,artifacts\strictmask_ablation_rerun_wtb_full\wtb_bal_align_force_seed205,bal_align_force,ablation,235.3334826213029,physical-bin,non_overlap,5.0,applicable,physical,0.0,0.0,low=0.800;mid=0.800;high=0.500,low=11369.8;mid=10524.4;high=0,13580220.009895325,3290.579115554961,0.2197722316452629,10576.365618692578,7274776.818057378,1261088.6383675896,4127
Boundary-forced router,MoE + L_bal + L_align + L_force,205,artifacts\strictmask_ablation_rerun_wtb_full\wtb_bal_align_force_seed205,bal_align_force,ablation,235.3334826213029,gate-bin,non_overlap,5.0,applicable,gate,1.0420194296215176e-18,5.4238807082970495e-14,low=0.800;mid=0.800;high=0.800,low=8622.68;mid=12188.3;high=7807.3,13844886.813680606,3354.7096713546416,0.24666828204506905,10124.065691454487,6963669.8514387775,1376243.392448366,4127
Boundary-forced router,MoE + L_bal + L_align + L_force,205,artifacts\strictmask_ablation_rerun_wtb_full\wtb_bal_align_force_seed205,bal_align_force,ablation,235.3334826213029,global,non_overlap,10.0,applicable,global,,,all=0.900,all=18142.4,17965712.832805384,4353.21367405025,0.09280348921734917,18142.431392669678,12478969.059591293,548674.3773214091,4127
Boundary-forced router,MoE + L_bal + L_align + L_force,205,artifacts\strictmask_ablation_rerun_wtb_full\wtb_bal_align_force_seed205,bal_align_force,ablation,235.3334826213029,physical-bin,non_overlap,10.0,applicable,physical,0.0,0.0,low=0.900;mid=0.900;high=0.900,low=18285;mid=18142.4;high=16738.7,17936939.21989668,4346.24163312253,0.09134964865519749,18177.058831949744,12502786.9665761,543415.2253320583,4127
Boundary-forced router,MoE + L_bal + L_align + L_force,205,artifacts\strictmask_ablation_rerun_wtb_full\wtb_bal_align_force_seed205,bal_align_force,ablation,235.3334826213029,gate-bin,non_overlap,10.0,applicable,gate,1.0420194296215176e-18,5.4238807082970495e-14,low=0.900;mid=0.900;high=0.900,low=13733.7;mid=18807.2;high=22622.2,17580323.817044765,4259.8313101635,0.11315725708747273,17330.96238430156,11920813.626668755,565951.0190376011,4127
Boundary-forced router,MoE + L_bal + L_align + L_force,205,artifacts\strictmask_ablation_rerun_wtb_full\wtb_bal_align_force_seed205,bal_align_force,ablation,235.3334826213029,global,non_overlap,20.0,applicable,global,,,all=0.950,all=27449.9,22979534.686438877,5568.096604419403,0.029319118003392295,27449.946063327723,18880987.90055892,204927.3392939978,4127
Boundary-forced router,MoE + L_bal + L_align + L_force,205,artifacts\strictmask_ablation_rerun_wtb_full\wtb_bal_align_force_seed205,bal_align_force,ablation,235.3334826213029,physical-bin,non_overlap,20.0,applicable,physical,0.0,0.0,low=0.950;mid=0.950;high=0.950,low=25869.6;mid=27449.9;high=55122.8,23480360.509085655,5689.450087008881,0.03222679912769566,27911.053701007517,19198153.10400967,214110.37025379948,4127
Boundary-forced router,MoE + L_bal + L_align + L_force,205,artifacts\strictmask_ablation_rerun_wtb_full\wtb_bal_align_force_seed205,bal_align_force,ablation,235.3334826213029,gate-bin,non_overlap,20.0,applicable,gate,1.0420194296215176e-18,5.4238807082970495e-14,low=0.950;mid=0.950;high=0.950,low=18327.6;mid=26226.4;high=41336.9,21520356.869160376,5214.527954727496,0.04361521686455052,25261.411324640278,17375640.75613174,207235.80565143173,4127
Boundary-forced router,MoE + L_bal + L_align + L_force,205,artifacts\strictmask_ablation_rerun_wtb_full\wtb_bal_align_force_seed205,bal_align_force,ablation,235.3334826213029,global,non_overlap,50.0,applicable,global,,,all=0.975,all=39295.8,29458712.77620981,7138.045257138311,0.009207656893627332,39295.788066101835,27028952.891467042,48595.1976948552,4127
Boundary-forced router,MoE + L_bal + L_align + L_force,205,artifacts\strictmask_ablation_rerun_wtb_full\wtb_bal_align_force_seed205,bal_align_force,ablation,235.3334826213029,physical-bin,non_overlap,50.0,applicable,physical,0.0,0.0,low=0.975;mid=0.975;high=0.975,low=31503.8;mid=39295.8;high=75286.3,29501954.298134565,7148.522970228874,0.019626847589047734,34559.16983397395,23770948.98413508,114620.1062799897,4127
Boundary-forced router,MoE + L_bal + L_align + L_force,205,artifacts\strictmask_ablation_rerun_wtb_full\wtb_bal_align_force_seed205,bal_align_force,ablation,235.3334826213029,gate-bin,non_overlap,50.0,applicable,gate,1.0420194296215176e-18,5.4238807082970495e-14,low=0.975;mid=0.975;high=0.975,low=21698.5;mid=31011;high=61818,26469246.261477675,6413.677310753011,0.02301914223406833,31762.115191207835,21847041.565685786,92444.09391583783,4127
Boundary-forced router,MoE + L_bal + L_align + L_force,205,artifacts\strictmask_ablation_rerun_wtb_full\wtb_bal_align_force_seed205,bal_align_force,ablation,235.3334826213029,global,boundary,2.0,applicable,global,,,all=0.500,all=0,16540249.465865616,1546.5403895152515,0.2206638616175783,0.0,0.0,8270124.732932808,10695
Boundary-forced router,MoE + L_bal + L_align + L_force,205,artifacts\strictmask_ablation_rerun_wtb_full\wtb_bal_align_force_seed205,bal_align_force,ablation,235.3334826213029,physical-bin,boundary,2.0,applicable,physical,0.016305305834655375,0.8461538461538461,low=0.500;mid=0.500;high=0.500,low=0;mid=0;high=0,16540249.465865616,1546.5403895152515,0.2206638616175783,0.0,0.0,8270124.732932808,10695
Boundary-forced router,MoE + L_bal + L_align + L_force,205,artifacts\strictmask_ablation_rerun_wtb_full\wtb_bal_align_force_seed205,bal_align_force,ablation,235.3334826213029,gate-bin,boundary,2.0,applicable,gate,5.070404037846252e-05,0.00022638409181046295,low=0.500;mid=0.500;high=0.500,low=0;mid=0;high=0,16540249.465865616,1546.5403895152515,0.2206638616175783,0.0,0.0,8270124.732932808,10695
Boundary-forced router,MoE + L_bal + L_align + L_force,205,artifacts\strictmask_ablation_rerun_wtb_full\wtb_bal_align_force_seed205,bal_align_force,ablation,235.3334826213029,global,boundary,5.0,applicable,global,,,all=0.800,all=3401.15,41135632.36069064,3846.2489350809387,0.19205236091631603,3401.1463928222656,6062543.4452056885,7014617.7830969915,10695
Boundary-forced router,MoE + L_bal + L_align + L_force,205,artifacts\strictmask_ablation_rerun_wtb_full\wtb_bal_align_force_seed205,bal_align_force,ablation,235.3334826213029,physical-bin,boundary,5.0,applicable,physical,0.016305305834655375,0.8461538461538461,low=0.800;mid=0.800;high=0.500,low=10696.4;mid=547.531;high=0,39246917.754953146,3669.6510289811263,0.16035530621785882,5113.225075720403,9114323.697471619,6026518.811496306,10695
Boundary-forced router,MoE + L_bal + L_align + L_force,205,artifacts\strictmask_ablation_rerun_wtb_full\wtb_bal_align_force_seed205,bal_align_force,ablation,235.3334826213029,gate-bin,boundary,5.0,applicable,gate,5.070404037846252e-05,0.00022638409181046295,low=0.800;mid=0.500;high=0.800,low=11423.3;mid=0;high=762.727,38665697.87708318,3615.3060193626166,0.15119214586255258,6616.317718549734,11793586.3333149,5374422.308753656,10695
Boundary-forced router,MoE + L_bal + L_align + L_force,205,artifacts\strictmask_ablation_rerun_wtb_full\wtb_bal_align_force_seed205,bal_align_force,ablation,235.3334826213029,global,boundary,10.0,applicable,global,,,all=0.900,all=20542.3,65317959.176615804,6107.3360613946525,0.09181860682561944,20542.280822753906,36616615.56655884,2870134.3610056974,10695
Boundary-forced router,MoE + L_bal + L_align + L_force,205,artifacts\strictmask_ablation_rerun_wtb_full\wtb_bal_align_force_seed205,bal_align_force,ablation,235.3334826213029,physical-bin,boundary,10.0,applicable,physical,0.016305305834655375,0.8461538461538461,low=0.900;mid=0.900;high=0.900,low=27445.3;mid=22963.1;high=12686.9,61880279.544005245,5785.907390743829,0.07040673211781207,22412.519954749034,39950316.81934015,2192996.2724665087,10695
Boundary-forced router,MoE + L_bal + L_align + L_force,205,artifacts\strictmask_ablation_rerun_wtb_full\wtb_bal_align_force_seed205,bal_align_force,ablation,235.3334826213029,gate-bin,boundary,10.0,applicable,gate,5.070404037846252e-05,0.00022638409181046295,low=0.900;mid=0.900;high=0.900,low=29976.2;mid=11708;high=14708.3,62830946.457243994,5874.7963026876105,0.06704067321178121,22736.33714354782,40527520.958373986,2230342.5498870006,10695
Boundary-forced router,MoE + L_bal + L_align + L_force,205,artifacts\strictmask_ablation_rerun_wtb_full\wtb_bal_align_force_seed205,bal_align_force,ablation,235.3334826213029,global,boundary,20.0,applicable,global,,,all=0.950,all=40867.2,88793211.85756622,8302.310599117927,0.03356708742402992,40867.23066711426,72845838.66413116,797368.659671753,10695
Boundary-forced router,MoE + L_bal + L_align + L_force,205,artifacts\strictmask_ablation_rerun_wtb_full\wtb_bal_align_force_seed205,bal_align_force,ablation,235.3334826213029,physical-bin,boundary,20.0,applicable,physical,0.016305305834655375,0.8461538461538461,low=0.950;mid=0.950;high=0.950,low=39809.4;mid=47048.2;high=30150.4,83598244.49448165,7816.572650255414,0.031042543244506778,39368.92089132201,70175101.48878148,671157.1502850081,10695
Boundary-forced router,MoE + L_bal + L_align + L_force,205,artifacts\strictmask_ablation_rerun_wtb_full\wtb_bal_align_force_seed205,bal_align_force,ablation,235.3334826213029,gate-bin,boundary,20.0,applicable,gate,5.070404037846252e-05,0.00022638409181046295,low=0.950;mid=0.950;high=0.950,low=43463.2;mid=40168.9;high=37092.4,87657233.73733917,8196.09478609997,0.031697054698457225,41248.42424816948,73525316.2223621,706595.8757488534,10695
Boundary-forced router,MoE + L_bal + L_align + L_force,205,artifacts\strictmask_ablation_rerun_wtb_full\wtb_bal_align_force_seed205,bal_align_force,ablation,235.3334826213029,global,boundary,50.0,applicable,global,,,all=0.975,all=58013.2,110664412.25210191,10347.303623384938,0.010659186535764377,58013.15305709839,103408445.32427788,145119.33855648089,10695
Boundary-forced router,MoE + L_bal + L_align + L_force,205,artifacts\strictmask_ablation_rerun_wtb_full\wtb_bal_align_force_seed205,bal_align_force,ablation,235.3334826213029,physical-bin,boundary,50.0,applicable,physical,0.016305305834655375,0.8461538461538461,low=0.975;mid=0.975;high=0.975,low=50299.8;mid=66296.4;high=58539.7,109698251.69329914,10256.966030229,0.01150070126227209,56894.833687922976,101415041.0487227,165664.21289152896,10695
Boundary-forced router,MoE + L_bal + L_align + L_force,205,artifacts\strictmask_ablation_rerun_wtb_full\wtb_bal_align_force_seed205,bal_align_force,ablation,235.3334826213029,gate-bin,boundary,50.0,applicable,gate,5.070404037846252e-05,0.00022638409181046295,low=0.975;mid=0.975;high=0.975,low=57583.1;mid=62370.3;high=54130.8,109658221.35372205,10253.223127977752,0.010378681626928472,57607.073226316046,102684608.02590835,139472.26655627426,10695
Boundary-forced router,MoE + L_bal + L_align + L_force,205,artifacts\strictmask_ablation_rerun_wtb_full\wtb_bal_align_force_seed205,bal_align_force,ablation,235.3334826213029,global,non_boundary,2.0,applicable,global,,,all=0.500,all=1780.55,180218701.54976192,2045.870671136713,0.5613754271248397,1780.5469955205917,26141100.714735568,77038800.41751318,88089
Boundary-forced router,MoE + L_bal + L_align + L_force,205,artifacts\strictmask_ablation_rerun_wtb_full\wtb_bal_align_force_seed205,bal_align_force,ablation,235.3334826213029,physical-bin,non_boundary,2.0,applicable,physical,0.0,0.0,low=0.500;mid=0.500;high=0.500,low=1794.3;mid=1780.55;high=0,180168148.25142598,2045.2967822477947,0.560717002122853,1792.3401128890644,26314241.367380798,76926953.44202259,88089
Boundary-forced router,MoE + L_bal + L_align + L_force,205,artifacts\strictmask_ablation_rerun_wtb_full\wtb_bal_align_force_seed205,bal_align_force,ablation,235.3334826213029,gate-bin,non_boundary,2.0,applicable,gate,1.8493627198917184e-20,1.2418515652925305e-16,low=0.500;mid=0.500;high=0.500,low=1829.92;mid=3010.62;high=0,176997121.6483562,2009.2987960852797,0.5360714731691811,1887.4146749804813,27710078.550725937,74643521.54881513,88089
Boundary-forced router,MoE + L_bal + L_align + L_force,205,artifacts\strictmask_ablation_rerun_wtb_full\wtb_bal_align_force_seed205,bal_align_force,ablation,235.3334826213029,global,non_boundary,5.0,applicable,global,,,all=0.800,all=11415,293685899.8936068,3333.967917601594,0.2213783786851934,11415.046569061278,167590006.20367315,25219178.737986717,88089
Boundary-forced router,MoE + L_bal + L_align + L_force,205,artifacts\strictmask_ablation_rerun_wtb_full\wtb_bal_align_force_seed205,bal_align_force,ablation,235.3334826213029,physical-bin,non_boundary,5.0,applicable,physical,0.0,0.0,low=0.800;mid=0.800;high=0.800,low=11112.9;mid=11415;high=37687.8,294666643.69778675,3345.101473484621,0.22864375801745962,11141.903583504682,163579857.46122396,26217357.247312576,88089
Boundary-forced router,MoE + L_bal + L_align + L_force,205,artifacts\strictmask_ablation_rerun_wtb_full\wtb_bal_align_force_seed205,bal_align_force,ablation,235.3334826213029,gate-bin,non_boundary,5.0,applicable,gate,1.8493627198917184e-20,1.2418515652925305e-16,low=0.800;mid=0.800;high=0.800,low=7576.4;mid=11047.4;high=14452.3,296516557.10224533,3366.1019775709265,0.2475337442813518,11018.355987968023,161765993.43735254,26950112.73297856,88089
Boundary-forced router,MoE + L_bal + L_align + L_force,205,artifacts\strictmask_ablation_rerun_wtb_full\wtb_bal_align_force_seed205,bal_align_force,ablation,235.3334826213029,global,non_boundary,10.0,applicable,global,,,all=0.900,all=18351.4,368747552.75977135,4186.079451007178,0.09459750933714765,18351.350738906855,269425355.873261,9932219.688651033,88089
Boundary-forced router,MoE + L_bal + L_align + L_force,205,artifacts\strictmask_ablation_rerun_wtb_full\wtb_bal_align_force_seed205,bal_align_force,ablation,235.3334826213029,physical-bin,non_boundary,10.0,applicable,physical,0.0,0.0,low=0.900;mid=0.900;high=0.900,low=17747.3;mid=18351.4;high=55655.3,369175823.88404846,4190.941251280506,0.10157908478924724,17788.642130866276,261163949.4443132,10801187.443973515,88089
Boundary-forced router,MoE + L_bal + L_align + L_force,205,artifacts\strictmask_ablation_rerun_wtb_full\wtb_bal_align_force_seed205,bal_align_force,ablation,235.3334826213029,gate-bin,non_boundary,10.0,applicable,gate,1.8493627198917184e-20,1.2418515652925305e-16,low=0.900;mid=0.900;high=0.900,low=13021.4;mid=16518.1;high=23720.9,364007889.96398246,4132.274063322123,0.11911816458354618,17496.374902327316,256873028.1285185,10713486.183546402,88089
Boundary-forced router,MoE + L_bal + L_align + L_force,205,artifacts\strictmask_ablation_rerun_wtb_full\wtb_bal_align_force_seed205,bal_align_force,ablation,235.3334826213029,global,non_boundary,20.0,applicable,global,,,all=0.950,all=24988.6,445607001.34638166,5058.599840461144,0.03699667381852444,24988.57855701446,366869816.08480775,3936859.2630787017,88089
Boundary-forced router,MoE + L_bal + L_align + L_force,205,artifacts\strictmask_ablation_rerun_wtb_full\wtb_bal_align_force_seed205,bal_align_force,ablation,235.3334826213029,physical-bin,non_boundary,20.0,applicable,physical,0.0,0.0,low=0.950;mid=0.950;high=0.950,low=23713.6;mid=24988.6;high=75119,442926997.6340283,5028.176022364068,0.044613969962197325,23769.66847617019,348974387.73289263,4697630.4950567875,88089
Boundary-forced router,MoE + L_bal + L_align + L_force,205,artifacts\strictmask_ablation_rerun_wtb_full\wtb_bal_align_force_seed205,bal_align_force,ablation,235.3334826213029,gate-bin,non_boundary,20.0,applicable,gate,1.8493627198917184e-20,1.2418515652925305e-16,low=0.950;mid=0.950;high=0.950,low=16828.8;mid=20848.8;high=31503.9,425429791.9202193,4829.545027417945,0.057192157931183235,22607.565919024648,331912979.04016036,4675840.644002948,88089
Boundary-forced router,MoE + L_bal + L_align + L_force,205,artifacts\strictmask_ablation_rerun_wtb_full\wtb_bal_align_force_seed205,bal_align_force,ablation,235.3334826213029,global,non_boundary,50.0,applicable,global,,,all=0.975,all=31645.2,544297020.774389,6178.944258356764,0.015052957804039096,31645.18138065341,464598730.440063,1593965.8066865192,88089
Boundary-forced router,MoE + L_bal + L_align + L_force,205,artifacts\strictmask_ablation_rerun_wtb_full\wtb_bal_align_force_seed205,bal_align_force,ablation,235.3334826213029,physical-bin,non_boundary,50.0,applicable,physical,0.0,0.0,low=0.975;mid=0.975;high=0.975,low=29326.9;mid=31645.2;high=83147.3,540637208.5945972,6137.3975024645215,0.0200252017845588,29385.554695571907,431424021.26303893,2184263.746631165,88089
Boundary-forced router,MoE + L_bal + L_align + L_force,205,artifacts\strictmask_ablation_rerun_wtb_full\wtb_bal_align_force_seed205,bal_align_force,ablation,235.3334826213029,gate-bin,non_boundary,50.0,applicable,gate,1.8493627198917184e-20,1.2418515652925305e-16,low=0.975;mid=0.975;high=0.975,low=20422;mid=25981.9;high=40666,498758354.3824469,5661.982249570853,0.02242050653316532,28400.3890567281,416960311.93635356,1635960.8489218648,88089
Boundary-forced router,MoE + L_bal + L_align + L_force,205,artifacts\strictmask_ablation_rerun_wtb_full\wtb_bal_align_force_seed205,bal_align_force,ablation,235.3334826213029,global,late_period,2.0,applicable,global,,,all=0.500,all=0,103350750.40218899,2293.014519040402,0.7555688675896344,0.0,0.0,51675375.201094486,45072
Boundary-forced router,MoE + L_bal + L_align + L_force,205,artifacts\strictmask_ablation_rerun_wtb_full\wtb_bal_align_force_seed205,bal_align_force,ablation,235.3334826213029,physical-bin,late_period,2.0,applicable,physical,0.0,0.0,low=0.500;mid=0.500;high=0.500,low=112.715;mid=0;high=0,102877121.8258057,2282.506252791216,0.7462060702875399,104.37196299760613,784042.1860380173,51046539.81988384,45072
Boundary-forced router,MoE + L_bal + L_align + L_force,205,artifacts\strictmask_ablation_rerun_wtb_full\wtb_bal_align_force_seed205,bal_align_force,ablation,235.3334826213029,gate-bin,late_period,2.0,applicable,gate,1.0567145710218147e-16,2.4510517207942355e-05,low=0.500;mid=0.500;high=0.500,low=2289.98;mid=0;high=0,97432931.12819208,2161.7174992942864,0.5532259495917643,1698.84043655929,12761689.359433386,42335620.88437934,45072
Boundary-forced router,MoE + L_bal + L_align + L_force,205,artifacts\strictmask_ablation_rerun_wtb_full\wtb_bal_align_force_seed205,bal_align_force,ablation,235.3334826213029,global,late_period,5.0,applicable,global,,,all=0.800,all=7753,174646201.70670852,3874.8269814232453,0.32880724174653886,7752.9973327636835,58240515.96372078,23281137.148597546,45072
Boundary-forced router,MoE + L_bal + L_align + L_force,205,artifacts\strictmask_ablation_rerun_wtb_full\wtb_bal_align_force_seed205,bal_align_force,ablation,235.3334826213029,physical-bin,late_period,5.0,applicable,physical,0.0,0.0,low=0.800;mid=0.800;high=0.500,low=9678.24;mid=7753;high=0,165116606.29998514,3663.396483404001,0.2763578274760383,8961.90317468166,67321816.64820862,19558957.930355303,45072
Boundary-forced router,MoE + L_bal + L_align + L_force,205,artifacts\strictmask_ablation_rerun_wtb_full\wtb_bal_align_force_seed205,bal_align_force,ablation,235.3334826213029,gate-bin,late_period,5.0,applicable,gate,1.0567145710218147e-16,2.4510517207942355e-05,low=0.800;mid=0.800;high=0.500,low=9415;mid=12619.6;high=0,163726696.6770311,3632.558942958624,0.2765131345402911,9408.994676173874,70680368.00741813,18609265.73392259,45072
Boundary-forced router,MoE + L_bal + L_align + L_force,205,artifacts\strictmask_ablation_rerun_wtb_full\wtb_bal_align_force_seed205,bal_align_force,ablation,235.3334826213029,global,late_period,10.0,applicable,global,,,all=0.900,all=17387.5,210154292.58456653,4662.635174488963,0.11809992900248491,17387.49693670274,130614876.98851098,7953941.559605556,45072
Boundary-forced router,MoE + L_bal + L_align + L_force,205,artifacts\strictmask_ablation_rerun_wtb_full\wtb_bal_align_force_seed205,bal_align_force,ablation,235.3334826213029,physical-bin,late_period,10.0,applicable,physical,0.0,0.0,low=0.900;mid=0.900;high=0.900,low=17341.2;mid=17387.5;high=17552.3,210223942.7040313,4664.180482428809,0.11865459708910188,17356.811134202777,130384365.24013126,7983957.746390006,45072
Boundary-forced router,MoE + L_bal + L_align + L_force,205,artifacts\strictmask_ablation_rerun_wtb_full\wtb_bal_align_force_seed205,bal_align_force,ablation,235.3334826213029,gate-bin,late_period,10.0,applicable,gate,1.0567145710218147e-16,2.4510517207942355e-05,low=0.900;mid=0.900;high=0.900,low=14439;mid=23768.4;high=10308.8,208406851.6312204,4623.865185286218,0.14849574014909478,15958.611860820602,119881092.29848436,8852575.933273606,45072
Boundary-forced router,MoE + L_bal + L_align + L_force,205,artifacts\strictmask_ablation_rerun_wtb_full\wtb_bal_align_force_seed205,bal_align_force,ablation,235.3334826213029,global,late_period,20.0,applicable,global,,,all=0.950,all=28329.6,264905728.71871287,5877.390147291287,0.030950479233226837,28329.562513875953,212811673.60423616,2604702.7557238303,45072
Boundary-forced router,MoE + L_bal + L_align + L_force,205,artifacts\strictmask_ablation_rerun_wtb_full\wtb_bal_align_force_seed205,bal_align_force,ablation,235.3334826213029,physical-bin,late_period,20.0,applicable,physical,0.0,0.0,low=0.950;mid=0.950;high=0.950,low=24998.4;mid=28329.6;high=41767.7,258044226.71187073,5725.1558997131415,0.04304224352147675,26239.53839945643,197111412.4567167,3046640.712757702,45072
Boundary-forced router,MoE + L_bal + L_align + L_force,205,artifacts\strictmask_ablation_rerun_wtb_full\wtb_bal_align_force_seed205,bal_align_force,ablation,235.3334826213029,gate-bin,late_period,20.0,applicable,gate,1.0567145710218147e-16,2.4510517207942355e-05,low=0.950;mid=0.950;high=0.950,low=19069.9;mid=34046.8;high=30168.8,247937576.34237123,5500.922442810863,0.0749245651402201,22679.99549194273,170372126.13547376,3878272.5103448723,45072
Boundary-forced router,MoE + L_bal + L_align + L_force,205,artifacts\strictmask_ablation_rerun_wtb_full\wtb_bal_align_force_seed205,bal_align_force,ablation,235.3334826213029,global,late_period,50.0,applicable,global,,,all=0.975,all=40727.4,344948479.2725997,7653.276519182635,0.011115548455804047,40727.371926724845,305944017.91355705,780089.2271808545,45072
Boundary-forced router,MoE + L_bal + L_align + L_force,205,artifacts\strictmask_ablation_rerun_wtb_full\wtb_bal_align_force_seed205,bal_align_force,ablation,235.3334826213029,physical-bin,late_period,50.0,applicable,physical,0.0,0.0,low=0.975;mid=0.975;high=0.975,low=32438.5;mid=40727.4;high=60143.4,329025448.2481148,7299.996633122888,0.018326233581824634,34489.09382186155,259082072.78982392,1398867.5091658172,45072
Boundary-forced router,MoE + L_bal + L_align + L_force,205,artifacts\strictmask_ablation_rerun_wtb_full\wtb_bal_align_force_seed205,bal_align_force,ablation,235.3334826213029,gate-bin,late_period,50.0,applicable,gate,1.0567145710218147e-16,2.4510517207942355e-05,low=0.975;mid=0.975;high=0.975,low=23801.9;mid=43904.3;high=50682.2,295798151.5178415,6562.7917890894905,0.03237042953496628,29438.728954745908,221143731.90805125,1493088.3921958064,45072
