subset,cost_ratio,model,policy,risk_bin,status,n_runs,total_cost_mean,total_cost_std,mean_cost_mean,mean_cost_std,violation_rate_mean,violation_rate_std,mean_reserve_mean,mean_reserve_std,reserve_energy_mean,reserve_energy_std,shortage_energy_mean,shortage_energy_std
boundary,2.0,Graph WaveNet,global,all,applicable,5,27817612.87530131,5028263.72189719,2600.992321206293,470.15088563788595,0.32370266479663395,0.03541818039020921,0.0,0.0,0.0,0.0,13908806.43765065,2514131.860948594
boundary,2.0,Boundary-forced router,global,all,applicable,5,29024876.617449652,11694581.297243576,2713.8734565170316,1093.462486885795,0.34197288452547914,0.11102715172659147,0.0,0.0,0.0,0.0,14512438.308724826,5847290.648621787
boundary,2.0,PatchTST,global,all,applicable,5,29875364.090483375,2172559.257532571,2793.395426880166,203.1378454915914,0.3483122954651707,0.027547651320500258,0.0,0.0,0.0,0.0,14937682.045241687,1086279.6287662855
boundary,2.0,Physics-Aligned MoE,global,all,applicable,5,30367434.292438738,11886942.485310556,2839.404795926951,1111.4485727265596,0.34021505376344086,0.09952002049260535,0.0,0.0,0.0,0.0,15183717.146219373,5943471.242655276
boundary,2.0,PatchTST,physical-bin,high,applicable,5,748592.9042438547,415311.9016931936,273.60851763298785,151.7952857065766,0.09561403508771929,0.06511728156094891,0.0,0.0,0.0,0.0,374296.4521219273,207655.9508465968
boundary,2.0,Graph WaveNet,physical-bin,high,applicable,5,863552.9548207957,378475.0081208031,315.62607997836096,138.33150881608302,0.10168128654970758,0.04885945445312079,0.0,0.0,0.0,0.0,431776.47741039784,189237.50406040158
boundary,2.0,Physics-Aligned MoE,physical-bin,high,applicable,5,1274341.3277183692,1334248.8349416018,465.76802913683076,487.6640478587725,0.14078947368421052,0.14921424283687132,0.0,0.0,0.0,0.0,637170.6638591846,667124.4174708009
boundary,2.0,Boundary-forced router,physical-bin,high,applicable,5,1387915.0069587824,1219436.331263893,507.27887681242044,445.7004134736451,0.15657894736842107,0.12668378574049152,0.0,0.0,0.0,0.0,693957.5034793913,609718.1656319466
boundary,2.0,Physics-Aligned MoE,gate-bin,high,applicable,5,2746419.741056899,2604986.3674978595,906.2328394615431,783.438384867514,0.18413985501155394,0.15680255737822116,0.0,0.0,0.0,0.0,1373209.8705284495,1302493.18374893
boundary,2.0,Boundary-forced router,gate-bin,high,applicable,5,2932302.7147319233,1187077.1469410073,1004.6320022689233,413.8944807595474,0.20790762747589478,0.11861632185843318,0.0,0.0,0.0,0.0,1466151.3573659617,593538.5734705037
boundary,2.0,Physics-Aligned MoE,gate-bin,low,applicable,5,15492141.330577606,5314191.540240059,3518.3961910126054,1276.8679597216346,0.4260217526397663,0.10169467521106125,0.0,0.0,0.0,0.0,7746070.665288803,2657095.7701200293
boundary,2.0,Graph WaveNet,physical-bin,low,applicable,5,16065188.793393588,3442306.461238555,3239.602499171927,694.1533497153771,0.4204073401895544,0.052836003246164255,0.0,0.0,0.0,0.0,8032594.396696794,1721153.2306192776
boundary,2.0,Boundary-forced router,gate-bin,low,applicable,5,16416044.81088245,4738837.122387962,3435.7962775955107,1240.398130351889,0.4199126924653346,0.10903380403646484,0.0,0.0,0.0,0.0,8208022.405441225,2369418.561193981
boundary,2.0,Boundary-forced router,physical-bin,low,applicable,5,17000689.975182198,6612155.663818213,3428.249642101674,1333.3647234963125,0.4248033877797943,0.11069390041072537,0.0,0.0,0.0,0.0,8500344.987591099,3306077.831909106
boundary,2.0,Physics-Aligned MoE,physical-bin,low,applicable,5,17794281.32867699,6340515.7258722065,3588.280163072594,1278.5875631926208,0.42653760838878807,0.09487745313754647,0.0,0.0,0.0,0.0,8897140.664338496,3170257.8629361033
boundary,2.0,PatchTST,physical-bin,low,applicable,5,17930634.897548795,1046780.6507020594,3615.776345543214,211.08704390039517,0.46251260334744915,0.01844143573677471,0.0,0.0,0.0,0.0,8965317.448774397,523390.3253510293
boundary,2.0,Boundary-forced router,gate-bin,mid,applicable,5,9676529.091835279,6207857.688262082,3138.897922729745,1699.6048494812983,0.336769188144458,0.1446914061485193,0.0,0.0,0.0,0.0,4838264.5459176395,3103928.844131041
boundary,2.0,Boundary-forced router,physical-bin,mid,applicable,5,10636271.635308672,4024834.448497901,3545.4238784362233,1341.6114828326338,0.3741333333333333,0.10524880574672148,0.0,0.0,0.0,0.0,5318135.817654336,2012417.2242489513
boundary,2.0,Graph WaveNet,physical-bin,mid,applicable,5,10888871.12708692,1608674.8191179691,3629.6237090289733,536.2249397059898,0.3663333333333333,0.03838619543533848,0.0,0.0,0.0,0.0,5444435.56354346,804337.4095589851
boundary,2.0,PatchTST,physical-bin,mid,applicable,5,11196136.28869072,924439.9069861923,3732.045429563574,308.14663566206417,0.39,0.02803767306876787,0.0,0.0,0.0,0.0,5598068.14434536,462219.9534930966
boundary,2.0,Physics-Aligned MoE,physical-bin,mid,applicable,5,11298811.636043381,4422315.526561206,3766.270545347794,1474.105175520402,0.3794,0.07672801892978137,0.0,0.0,0.0,0.0,5649405.8180216905,2211157.7632806036
boundary,2.0,Physics-Aligned MoE,gate-bin,mid,applicable,5,12128873.220804239,4785523.252254587,3570.193109333543,1369.7989245573915,0.3553251540877066,0.06982769582556464,0.0,0.0,0.0,0.0,6064436.610402119,2392761.6261272933
boundary,5.0,Boundary-forced router,global,all,applicable,5,62441664.72388164,17507247.937434833,5838.3978236448465,1636.9563288859122,0.21987844787283778,0.021458839417512723,10911.280956286191,7165.792558545192,19449358.304580137,12773025.235606804,8598461.2838603,1439868.217432864
boundary,5.0,Graph WaveNet,global,all,applicable,5,62608889.023662046,8449971.418732941,5854.033569299865,790.0861541592279,0.22545114539504443,0.01539847332389509,9923.949272841215,2740.882353772981,17689439.578839466,4885622.795600338,8983889.888964519,833249.570828147
boundary,5.0,PatchTST,global,all,applicable,5,65894162.81256311,4027461.8898588647,6161.212044185423,376.574276751647,0.23190275829827023,0.020709440993826343,11450.263690185548,2794.559025723152,20410095.027755737,4981301.463351518,9096813.556961475,1396651.020988263
boundary,5.0,Physics-Aligned MoE,global,all,applicable,5,66278625.62675289,19621571.192599103,6197.159946400457,1834.6490128657413,0.22167367928938758,0.026825226732075297,11131.135393428802,5356.170044947704,19841248.83878684,9547373.105119282,9287475.357593209,2141823.578593776
boundary,5.0,PatchTST,physical-bin,high,applicable,5,2995692.4547368004,2136002.2810029434,1094.9168328716376,780.7025880858711,0.04707602339181287,0.010044189495507406,4266.834844551093,4998.889852447378,1945676.6891152982,2279493.772716004,210003.15312430053,92944.52096686845
boundary,5.0,Graph WaveNet,physical-bin,high,applicable,5,4180293.3841992244,1614182.5084256146,1527.885008844746,589.9789869976661,0.04597953216374269,0.014597936744288439,7134.671776733402,2913.572156058589,3253410.3301904313,1328588.9031627167,185376.61080175865,76312.97705563034
boundary,5.0,Physics-Aligned MoE,physical-bin,high,applicable,5,4387175.979682644,2929838.688964504,1603.499992574066,1070.8474740367337,0.03954678362573099,0.00325271863469108,7271.507651367191,6220.948266205397,3315807.489023439,2836752.4093896607,214273.69813184097,32143.634491686185
boundary,5.0,Boundary-forced router,physical-bin,high,applicable,5,4968982.347521277,3394061.7077706163,1816.1485188308761,1240.51963003312,0.049926900584795326,0.018650381431490826,8542.707489013672,7382.944156355931,3895474.6149902344,3366622.535298304,214701.54650620854,98611.65823046626
boundary,5.0,Physics-Aligned MoE,gate-bin,high,applicable,5,7338123.666030714,4742236.51059138,2477.336672979123,1387.4425005454937,0.08008161555808727,0.03135708563007861,7505.860494775401,6208.075505873814,3654578.9065623097,3329637.562710823,736708.9518936806,474749.82246723
boundary,5.0,Boundary-forced router,gate-bin,high,applicable,5,7869106.231133595,2851513.361902288,2692.844327837752,981.5945509554673,0.10150600246398342,0.02197484209241261,7739.874815406799,7018.986411431288,3753360.3682287605,3328291.1863736706,823149.172580967,219704.31997713842
boundary,5.0,Physics-Aligned MoE,gate-bin,low,applicable,5,30509220.00897752,7682392.39747127,6908.487965046794,1749.9139415212003,0.2516458005505478,0.04613529317593016,14962.442763961557,4880.016859147417,11045296.931349017,3556031.2518951898,3892784.615525699,947520.2726210948
boundary,5.0,Graph WaveNet,physical-bin,low,applicable,5,31907512.861356594,4124837.4884901852,6434.263533243919,831.7881606150808,0.23577334139947567,0.016610060575505667,14842.623701620101,3866.6176658500353,12267428.489389013,3195759.500825054,3928016.874393516,387714.8573379129
boundary,5.0,Boundary-forced router,gate-bin,low,applicable,5,32549590.396921147,5271269.137682077,6761.020542780745,1557.4399140816727,0.23315990983638496,0.04046339747505451,15562.937586822509,6419.406036158101,12472757.29142433,4464416.907261742,4015366.6210993626,929391.4552454513
boundary,5.0,Boundary-forced router,physical-bin,low,applicable,5,33046771.10666274,8469730.235803982,6663.999013241124,1707.9512473893894,0.22875579753982658,0.04313279597706617,16010.978406095504,6282.672565458616,13233073.652637934,5192628.875351546,3962739.4908049614,1109026.0965507212
boundary,5.0,PatchTST,physical-bin,low,applicable,5,34026918.45771127,2048107.8532333814,6861.649215106125,413.0082381999154,0.25388183101431744,0.0247996987208344,17016.962422180175,1757.6389927435716,14064519.441931915,1452688.627502562,3992479.803155872,642500.2084723406
boundary,5.0,Physics-Aligned MoE,physical-bin,low,applicable,5,34856295.5304975,8795664.491852984,7028.896053740168,1773.6770501820897,0.24033071183706395,0.046225620296205756,16224.746763467789,5893.497080613477,13409753.200006127,4870975.337127038,4289308.466098274,1069916.0702983192
boundary,5.0,Boundary-forced router,gate-bin,mid,applicable,5,20077361.08045613,11017866.668150062,6570.184577342169,2912.849635115301,0.2466713859353919,0.07482209753766864,10252.241987380981,8591.436967887585,5396761.312612914,4730631.65957746,2936119.9535686425,1334858.3312665008
boundary,5.0,Boundary-forced router,physical-bin,mid,applicable,5,23044697.369318835,5997311.105264263,7681.565789772947,1999.1037017547546,0.29633333333333334,0.037060011392934626,8193.397998657227,8148.282082607766,4096698.999328614,4074141.0413038833,3789599.6739980453,521689.49000011606
boundary,5.0,PatchTST,physical-bin,mid,applicable,5,24133531.696615078,1988656.6405140478,8044.510565538358,662.885546838016,0.2768666666666667,0.030346700351475152,11618.077472410205,3882.7307999299733,5809038.736205102,1941365.3999649861,3664898.592081994,649257.2411032782
boundary,5.0,Physics-Aligned MoE,physical-bin,mid,applicable,5,24496554.173123542,7937909.3565973155,8165.518057707847,2645.9697855324384,0.28573333333333334,0.026133630950686264,9954.138683943751,6034.143140974635,4977069.341971875,3017071.5704873176,3903896.966230334,1045391.6851426688
boundary,5.0,Graph WaveNet,physical-bin,mid,applicable,5,24532056.620437182,2431191.327175836,8177.352206812395,810.397109058612,0.29673333333333335,0.014478720017091756,7807.27530975342,3879.9370569844623,3903637.65487671,1939968.528492231,4125683.7931120945,254957.13064512968
boundary,5.0,Physics-Aligned MoE,gate-bin,mid,applicable,5,26410163.07621737,8492343.151107466,7785.840221187866,2441.6408429541125,0.26308732427359094,0.0162149036022587,10675.954456191068,7087.18978834323,6089998.973792364,4087649.5158269326,4064032.820485001,914890.8981313565
boundary,10.0,Boundary-forced router,global,all,applicable,5,88128653.4938914,18200269.061562292,8240.173304711678,1701.754937967489,0.10380551659654043,0.014231059621300352,28510.36221948862,7882.765327586494,50819720.65623847,14051029.196422925,3730893.2837652937,844722.956468625
boundary,10.0,Graph WaveNet,global,all,applicable,5,88797862.32470186,8773504.980857616,8302.745425404568,820.33707160894,0.10215988779803646,0.0064926771409847634,28228.31696548462,3912.5253683025826,50316974.99097633,6974076.468999353,3848088.733372554,468578.3239799075
boundary,10.0,PatchTST,global,all,applicable,5,91059317.28209841,5471238.298860253,8514.195164291577,511.56973341376806,0.11568022440392707,0.01790957882900247,27975.910997186602,2682.5908194694634,49867061.35248511,4781718.135704317,4119225.59296133,915430.8740402189
boundary,10.0,Physics-Aligned MoE,global,all,applicable,5,92997434.97106393,22602344.85802731,8695.412339510418,2113.356227959543,0.11007012622720898,0.0224648651036722,28963.96090003252,5688.614840706804,51628260.30430797,10139955.95355988,4136917.466675596,1364144.6565623437
boundary,10.0,PatchTST,physical-bin,high,applicable,5,8599861.879733961,1045205.4544342457,3143.224371247793,382.0195374394173,0.014035087719298244,0.009490967511998235,17975.805773687367,2615.438034082111,8196967.4328014385,1192639.7435414426,40289.44469325222,35556.16705767936
boundary,10.0,Graph WaveNet,physical-bin,high,applicable,5,9360124.589844158,1161455.798209876,3421.098168802689,424.50869817612426,0.014473684210526316,0.010094603126288912,19682.207041320806,2674.1679427792455,8975086.410842288,1219420.5819073364,38503.81790018716,35400.20990489717
boundary,10.0,Physics-Aligned MoE,physical-bin,high,applicable,5,9594569.301067403,2391851.910408215,3506.7870252439343,874.2148795351662,0.017836257309941518,0.0052420487176337086,19575.602854461675,4921.420378818421,8926474.901634524,2244167.6927411994,66809.43994328813,39761.972766628845
boundary,10.0,Boundary-forced router,physical-bin,high,applicable,5,9767800.792279635,3320055.5709172683,3570.102628757176,1213.470603405434,0.01739766081871345,0.00978208388035163,20049.241886053085,7548.885325022672,9142454.300040208,3442291.708210338,62534.64922394273,54870.02473350904
boundary,10.0,Physics-Aligned MoE,gate-bin,high,applicable,5,13594130.553962808,5388327.945754533,4638.513600429658,1414.7988679440662,0.041773598034887276,0.01937820613781556,20927.67198803903,4097.362347705994,10093610.61414681,2677905.278704794,350051.99398159963,307526.5157018125
boundary,10.0,Boundary-forced router,gate-bin,high,applicable,5,13708356.329840392,2866486.9304735255,4699.191051391625,946.9082620936002,0.05142779698474731,0.013449511342694162,19874.918426752105,7187.581357097834,9622227.921176154,3380478.878876144,408612.84086642385,161536.1474749003
boundary,10.0,Physics-Aligned MoE,gate-bin,low,applicable,5,40504338.70834913,9250159.181805888,9144.092658649448,1895.6184033183924,0.11586697521824903,0.025409912150899477,31982.602108678828,7741.865508715086,23484112.26842153,4999391.6285931645,1702022.6439927598,636592.1833152473
boundary,10.0,Graph WaveNet,physical-bin,low,applicable,5,42971865.97443212,4583557.970660926,8665.429718578767,924.2907785160164,0.10352893728574308,0.005494088134804826,31829.256349787116,3947.333141757331,26306880.37309905,3262470.8416624325,1666498.5601333063,185355.75914488098
boundary,10.0,PatchTST,physical-bin,low,applicable,5,44201432.92924521,2109315.2226485694,8913.376271273486,425.3509220908589,0.10615043355515223,0.01137565601569179,33753.99094216451,1210.3481616064043,27897673.513698965,1000352.755567693,1630375.9415546246,289846.4017785183
boundary,10.0,Boundary-forced router,gate-bin,low,applicable,5,44353521.09817813,4790901.364883306,9184.034574066025,1597.258696390621,0.10026177816163177,0.026911564751731787,34571.8563906622,8976.4652214513,27959254.46813547,6428922.44970026,1639426.663004266,582022.077978861
boundary,10.0,Boundary-forced router,physical-bin,low,applicable,5,44568027.66065742,8755871.008653646,8987.301403641342,1765.6525526625624,0.094010889292196,0.019156239036171002,35306.87180173397,8104.8437824091925,29181129.544133127,6698653.386161198,1538689.8116524296,521059.24690333556
boundary,10.0,Physics-Aligned MoE,physical-bin,low,applicable,5,46202314.163387045,9560142.474631047,9316.8610936453,1927.8367563280995,0.11070780399274047,0.020635278766860908,33589.747722887994,6794.887614271913,27761926.492966928,5615974.613195736,1844038.7670420115,526198.9448254575
boundary,10.0,Boundary-forced router,gate-bin,mid,applicable,5,26515339.367777534,11929530.60987476,8827.704520375324,2817.0384974574276,0.10973033255538212,0.032442698569023376,29842.37578386667,11502.95381682537,15085156.50328677,7192684.544509594,1143018.2864490764,521981.44854816765
boundary,10.0,Boundary-forced router,physical-bin,mid,applicable,5,29439727.337933004,6058751.694567422,9813.242445977668,2019.5838981891404,0.1426,0.01680343880149404,29869.91458229068,8815.133069569298,14934957.29114534,4407566.534784649,1450477.004678766,337750.211057042
boundary,10.0,PatchTST,physical-bin,mid,applicable,5,31942195.563083865,3240061.365839361,10647.398521027955,1080.020455279787,0.15413333333333332,0.027003703449712233,30948.639890060447,4374.38296544878,15474319.945030224,2187191.482724389,1646787.5618053642,500599.67734819674
boundary,10.0,Graph WaveNet,physical-bin,mid,applicable,5,31982361.97484345,2842721.0552672907,10660.787324947816,947.573685089097,0.14740000000000003,0.008169727317630892,30130.92087336067,3460.5098721522913,15065460.436680336,1730254.9360761456,1691690.1538163114,206613.35367360027
boundary,10.0,Physics-Aligned MoE,physical-bin,mid,applicable,5,31982815.656744402,9519668.126544423,10660.938552248135,3173.2227088481413,0.14786666666666667,0.03610678606577993,30548.750916175853,6400.589692110547,15274375.458087927,3200294.8460552725,1670844.0198656477,673652.3936953816
boundary,10.0,Physics-Aligned MoE,gate-bin,mid,applicable,5,35256059.63336211,10237021.211762777,10401.216338138733,2950.714376889147,0.1343858600915911,0.030310049041070004,31522.98752153398,7221.158265686725,17826774.62547753,4312913.048884267,1742928.5007884577,618304.700475494
boundary,20.0,Boundary-forced router,global,all,applicable,5,112297098.13932583,18741818.31113974,10499.96242536941,1752.3906789284467,0.03736325385694249,0.006186530659338464,51111.73014097214,8704.982594717343,91106658.97628284,15516631.475083664,1059521.9581521496,274399.0526776117
boundary,20.0,Graph WaveNet,global,all,applicable,5,113093817.69370842,9054554.250136977,10574.457007359368,846.6156381614758,0.04431977559607293,0.00487061861267471,47933.99878371358,4274.2821075557595,85442352.83196945,7618907.856718142,1382573.2430869492,234496.63039076264
boundary,20.0,PatchTST,global,all,applicable,5,114577475.60496435,4790877.3860491,10713.181449739535,447.95487480590003,0.04347826086956522,0.009066043244422131,49406.69420194626,2440.9106028993137,88067432.4149692,4350923.149668026,1325502.1594997575,346875.78269682545
boundary,20.0,Physics-Aligned MoE,global,all,applicable,5,117487648.85580273,23177381.295433667,10985.28741054724,2167.123075776874,0.043721365123889674,0.01430431414229445,50477.11010734737,8215.22491976934,89975448.76634668,14643638.419488844,1375610.0044728026,688790.0757910486
boundary,20.0,PatchTST,physical-bin,high,applicable,5,18042241.699257188,2015615.095530331,6594.386585985814,736.7014238049455,0.0,0.0,39566.31951591488,4420.208542829664,18042241.699257188,2015615.0955303262,0.0,0.0
boundary,20.0,Graph WaveNet,physical-bin,high,applicable,5,19380204.311381392,2077699.4158833078,7083.408008545831,759.3930613608582,0.0,0.0,42500.44805127499,4556.358368165153,19380204.311381392,2077699.4158833092,0.0,0.0
boundary,20.0,Boundary-forced router,physical-bin,high,applicable,5,19424330.99806485,4024306.7731155627,7099.536183503234,1470.872358594869,0.00021929824561403506,0.0004903657845394275,42592.96479532715,8827.396215399962,19422391.94666918,4025292.6742223823,96.95256978353765,216.79253662928227
boundary,20.0,Physics-Aligned MoE,physical-bin,high,applicable,5,20347051.79462034,2798629.442100186,7436.787936630241,1022.8908779605943,0.0,0.0,44620.727619781435,6137.345267763562,20347051.79462034,2798629.442100184,0.0,0.0
boundary,20.0,Boundary-forced router,gate-bin,high,applicable,5,23538222.45247709,3788233.9671184868,8066.031418943746,1173.5081354329116,0.009824599792615277,0.006691886792473558,45996.17970095872,7945.623871622698,22349129.081858672,4019755.7231586496,59454.66853092079,66876.97151890525
boundary,20.0,Physics-Aligned MoE,gate-bin,high,applicable,5,24011522.86832866,5308526.588930338,8289.09664786793,1145.3746979011567,0.010512918456068712,0.013097899441225075,46895.224485484345,6423.601209016578,22534193.7165898,4346648.072335,73866.45758694266,98684.15626328331
boundary,20.0,Physics-Aligned MoE,gate-bin,low,applicable,5,50089040.70140314,12010698.808375468,11287.536744371155,2337.5781007953065,0.05834630783406782,0.021748803542358454,47753.525357205865,10898.438725058748,34934071.433259755,6163418.154330783,757748.4634071698,493817.96588976006
boundary,20.0,Graph WaveNet,physical-bin,low,applicable,5,53337071.90193547,4980737.892654026,10755.610385548594,1004.3835234228728,0.05162331115144182,0.005125333747585739,46437.48671213388,5541.684669174411,38380582.767578654,4580202.37907265,747824.4567178411,126726.23951255178
boundary,20.0,Boundary-forced router,gate-bin,low,applicable,5,54514957.679164484,5073981.456982106,11278.502275969238,1798.6940795857654,0.054072942870822725,0.018266126703150424,49668.837383315564,10026.930713804402,40199333.79044931,7100894.480502641,715781.1944357584,293875.43090283696
boundary,20.0,Boundary-forced router,physical-bin,low,applicable,5,54765369.71264108,9876666.305545129,11043.631722653981,1991.6649133988974,0.048437184916313776,0.010629839869252325,50122.862365615365,9161.841383286359,41426545.7451811,7572261.903286176,666941.1983729994,262234.9174452988
boundary,20.0,PatchTST,physical-bin,low,applicable,5,54828007.37682798,2514479.3997205687,11056.262830576321,507.053720451819,0.04726759427303892,0.0068748782363390396,49668.16003564596,1076.627957586504,41050734.269461386,889833.0069452454,688863.6553683296,141365.7681313519
boundary,20.0,Physics-Aligned MoE,physical-bin,low,applicable,5,56877199.678089514,11053129.852332132,11469.489751580866,2228.902974860281,0.05714861867311958,0.017253816023980618,48963.70353978053,9616.16137074433,40468500.9756286,7947757.372920186,820434.9351230452,346930.5978070505
boundary,20.0,Boundary-forced router,gate-bin,mid,applicable,5,32851223.2207399,11622695.579490738,11096.157412642671,2296.529972583958,0.03724571171136902,0.013305909164787412,56565.857217521654,9929.448481139747,27862309.8952217,8856526.188090554,249445.66627590978,185283.9012193738
boundary,20.0,Boundary-forced router,physical-bin,mid,applicable,5,34052841.056029096,5659076.411359018,11350.947018676366,1886.3588037863394,0.04666666666666667,0.011162934699760232,56111.5922675222,8601.823141423713,28055796.1337611,4300911.570711853,299852.24611339974,126557.60061539138
boundary,20.0,PatchTST,physical-bin,mid,applicable,5,36554630.85311823,2516050.341310555,12184.87695103941,838.6834471035186,0.0626,0.021075789164083248,53972.30743320822,4168.836913794244,26986153.716604106,2084418.456897122,478423.8568257062,214294.1831281365
boundary,20.0,Graph WaveNet,physical-bin,mid,applicable,5,36697108.23201902,2436286.0582192894,12232.369410673005,812.0953527397627,0.06120000000000001,0.0109509005210632,54149.10637962816,3672.6795066612194,27074553.189814083,1836339.7533306081,481127.75211024686,97760.55568979496
boundary,20.0,Physics-Aligned MoE,physical-bin,mid,applicable,5,37273457.64555943,8592867.542476425,12424.485881853143,2864.2891808254753,0.05513333333333333,0.026817904466978775,56250.8339543557,7434.614619895539,28125416.977177847,3717307.30994777,457402.0334190787,341266.38879042293
boundary,20.0,Physics-Aligned MoE,gate-bin,mid,applicable,5,42240807.85146065,9832296.436478589,12467.16958721489,2812.9692800507396,0.05442834093048833,0.021269370777948576,55670.66536867141,6944.515692273566,31465295.428714514,4717914.56135837,538775.6211373069,304238.58972694294
boundary,50.0,Boundary-forced router,global,all,applicable,5,136802503.7116675,19863992.6233995,12791.257944054934,1857.3158133145862,0.012510518934081347,0.0031405973419538513,70262.6519826889,9771.502495014507,125243177.15914297,17417703.197363358,231186.53105049083,84756.25207547942
boundary,50.0,Graph WaveNet,global,all,applicable,5,136899994.45630687,10568748.4040249,12800.373488200736,988.195269193539,0.02359981299672744,0.002774967263438922,63176.23552104831,3784.684362706575,112611639.8162686,6746199.876524473,485767.0928007652,113429.8942125874
boundary,50.0,PatchTST,global,all,applicable,5,138086281.23257,5696902.536560688,12911.293242877042,532.6697088883296,0.01924263674614306,0.004624031701542828,67397.58430311084,3379.251795093312,120136194.02029507,6023516.324753829,359001.7442454983,138600.6701262157
boundary,50.0,Physics-Aligned MoE,global,all,applicable,5,144305195.7490781,27033233.98919239,13492.77192604751,2527.651611892696,0.018831229546517062,0.011778534392828688,68824.58357143402,11295.748209271855,122679820.21608114,20134671.18302708,432507.5106599396,441208.82247149467
boundary,50.0,Graph WaveNet,physical-bin,high,applicable,5,28032612.989130646,1909804.0357468277,10245.838080822605,698.027790843139,0.0,0.0,61475.028484935625,4188.1667450588275,28032612.989130646,1909804.035746827,0.0,0.0
boundary,50.0,PatchTST,physical-bin,high,applicable,5,29339779.66794155,2016653.6766619356,10723.6036798032,737.0810221717603,0.0,0.0,64341.622078819215,4422.486133030564,29339779.66794156,2016653.6766619382,0.0,0.0
boundary,50.0,Physics-Aligned MoE,physical-bin,high,applicable,5,34788811.16689598,4845262.045866406,12715.208759830402,1770.9291103312885,0.0,0.0,76291.25255898244,10625.57466198774,34788811.166895986,4845262.0458664065,0.0,0.0
boundary,50.0,Boundary-forced router,physical-bin,high,applicable,5,34890135.231307715,5497209.9091737885,12752.2424091037,2009.2141480898351,0.0,0.0,76513.4544546222,12055.284888539023,34890135.231307715,5497209.909173793,0.0,0.0
boundary,50.0,Physics-Aligned MoE,gate-bin,high,applicable,5,36883621.688779905,7056716.550937478,12798.15682903733,1773.9236218928215,0.0004485463308457711,0.0004819229818360928,76629.55985064516,10576.739117920843,36800277.3002274,6976129.968771363,1666.887771050116,2149.1098264445236
boundary,50.0,Boundary-forced router,gate-bin,high,applicable,5,37224349.009442426,7600807.5776974065,12724.145003736056,2297.8325044366866,0.00042681801402731634,0.0006559094211807631,76208.9554135514,14023.429557638956,37162630.40885776,7711347.088926991,1234.3720116933077,2423.891843615062
boundary,50.0,Physics-Aligned MoE,gate-bin,low,applicable,5,62944340.71885276,20114353.39580405,14101.476687381806,3647.380355442751,0.03283575800688837,0.018933756372232845,60151.948823084924,13202.209942227691,44010554.813931346,7431976.716685435,378675.7180984281,389332.1655329092
boundary,50.0,Graph WaveNet,physical-bin,low,applicable,5,66169447.84028943,7069774.988233163,13343.304666321725,1425.6452890165683,0.03198225448679169,0.0038063945501234883,57757.20004181862,4276.176860686959,47736325.83456309,3534260.175357772,368662.4401145269,105647.69480561148
boundary,50.0,PatchTST,physical-bin,low,applicable,5,66539132.821630344,3942468.003073207,13417.852958586478,795.0127047939517,0.028594474692478323,0.004108985078265789,62168.058057117465,2296.6556506376432,51381899.984207585,1898185.8952520124,303144.6567484552,80112.26405022915
boundary,50.0,Boundary-forced router,gate-bin,low,applicable,5,66670234.74033896,6042020.3611856615,13818.901674290353,2334.9526243789037,0.03016548947076198,0.014436799793258445,61321.30613511979,11392.226073314627,49802433.636512026,9177445.021015827,337356.02207653876,227318.3587465622
boundary,50.0,Boundary-forced router,physical-bin,low,applicable,5,66751261.65984137,12508280.848736709,13460.629493817576,2522.339352437328,0.02690058479532164,0.008090807218016395,61244.05559538342,9762.842216189609,50618211.9495844,8068989.09168071,322660.9942051395,159358.93225084632
boundary,50.0,Physics-Aligned MoE,physical-bin,low,applicable,5,71033201.47111675,15304222.26096113,14324.097896978576,3086.150889486011,0.033313167977414807,0.015743448651035132,60453.911543194205,11438.691418892542,49965157.890450016,9454078.457714688,421360.87161333516,270842.15228714264
boundary,50.0,Boundary-forced router,gate-bin,mid,applicable,5,38839648.67531617,11943597.38737084,13215.22518350589,2003.0490622484367,0.008750152154068727,0.006611569175008299,76193.27959608004,9775.636134989587,37233611.37582016,10556483.66938249,32120.74598992006,40308.10351751728
boundary,50.0,Boundary-forced router,physical-bin,mid,applicable,5,39090948.15032093,5322425.754045192,13030.316050106976,1774.1419180150644,0.009133333333333332,0.00461639590060375,75721.57996775213,9198.352187689074,37860789.983876064,4599176.093844538,24603.163328897306,15673.640011803836
boundary,50.0,PatchTST,physical-bin,mid,applicable,5,41366437.92478723,1241484.2267410352,13788.812641595743,413.82807558034517,0.01773333333333333,0.009976082508791827,76096.8054185443,4869.07335415123,38048402.709272146,2434536.6770756156,66360.7043103016,41256.705911530706
boundary,50.0,Graph WaveNet,physical-bin,mid,applicable,5,41580577.193048306,2307554.456627674,13860.192397682767,769.1848188758911,0.0304,0.004232152066161035,68977.56694682602,4144.461141123957,34488783.473413005,2072230.570561976,141835.87439270594,30671.42915369629
boundary,50.0,Physics-Aligned MoE,physical-bin,mid,applicable,5,43475102.11937457,10232484.585581096,14491.70070645819,3410.8281951936992,0.023533333333333333,0.020662096268825727,73037.8612237731,11480.408741560901,36518930.611886546,5740204.3707804475,139123.4301497605,198582.3281524339
boundary,50.0,Physics-Aligned MoE,gate-bin,mid,applicable,5,49573090.80873831,9983770.181003466,14649.249944024705,2957.4206154795347,0.02494000722135426,0.01734791259158131,73011.57385648861,10518.369360109325,41278994.999423854,6999485.504286743,165881.91618628916,156917.46685927047
full,2.0,Graph WaveNet,global,all,applicable,5,189527633.26178402,37604991.45848111,1918.6065887368804,380.6789708705976,0.6152838516358925,0.020246025924555777,125.03463401794434,279.5859412059312,2058570.2144714356,4603102.936014451,93734531.52365628,16703623.338493377
full,2.0,Physics-Aligned MoE,global,all,applicable,5,202107614.32280466,28463300.715633262,2045.9549554867658,288.1367500367799,0.5902474084872045,0.019319535847976577,313.7036215245724,242.4656244274984,5164816.42478056,3991954.0405743336,98471398.94901206,12536621.906327682
full,2.0,Boundary-forced router,global,all,applicable,5,205182877.09311056,24936217.914340664,2077.0861383737306,252.43174921384698,0.6058045837382572,0.033402396715861704,381.8354448080063,302.208486500462,6286538.7633190155,4975560.521743606,99448169.16489579,11516156.564925237
full,2.0,PatchTST,global,all,applicable,5,216863946.49327236,23015763.271025244,2195.3347353141435,232.990800848571,0.6093537414965987,0.03068706287869965,591.9568037867546,576.2245906633672,9745976.817545127,9486961.660681676,103558984.83786361,7462687.684555595
full,2.0,Graph WaveNet,physical-bin,high,applicable,5,13032393.535852961,1984163.2410943115,2041.41502754589,310.802512702743,0.23762531328320802,0.031409473525283865,0.0,0.0,0.0,0.0,6516196.767926481,992081.6205471557
full,2.0,PatchTST,physical-bin,high,applicable,5,13456781.281486323,1252767.5384604854,2107.891804744098,196.23551667614117,0.249937343358396,0.04031012736725747,0.0,0.0,0.0,0.0,6728390.640743162,626383.7692302428
full,2.0,Boundary-forced router,physical-bin,high,applicable,5,13503903.74507932,5730216.59516165,2115.273143026209,897.5903187909852,0.2674498746867168,0.1097992058256043,0.0,0.0,0.0,0.0,6751951.87253966,2865108.297580825
full,2.0,Physics-Aligned MoE,physical-bin,high,applicable,5,14062374.23125551,6163147.095594098,2202.7528557731066,965.4052468035868,0.2619047619047619,0.1010788135002632,0.0,0.0,0.0,0.0,7031187.115627755,3081573.547797049
full,2.0,Boundary-forced router,gate-bin,high,applicable,5,36413703.697310865,16342935.848078048,2485.529788011935,1002.6727192175082,0.34149575784068387,0.09867333452665847,0.0,0.0,0.0,0.0,18206851.848655432,8171467.924039024
full,2.0,Physics-Aligned MoE,gate-bin,high,applicable,5,41889780.61706616,15853453.13549064,2581.525464392311,999.4377266092157,0.332792623714035,0.08236932720144281,0.0,0.0,0.0,0.0,20944890.30853308,7926726.567745319
full,2.0,Physics-Aligned MoE,gate-bin,low,applicable,5,57880693.6987551,7423423.131091822,1586.2488233459285,282.08343572690956,0.553884592282159,0.03569757903542474,1956.4625996351242,463.70872303236945,11847728.36948467,1814384.6865021416,23016482.664635204,3758298.2230546656
full,2.0,Boundary-forced router,gate-bin,low,applicable,5,58027428.68693991,12047396.497956235,1529.8196553744815,228.8206500665991,0.5724723101220512,0.027549193155698964,1763.198444747925,245.72260920369038,11073844.782469343,1638306.9609641754,23476791.952235274,5432509.810792029
full,2.0,Graph WaveNet,physical-bin,low,applicable,5,174879296.81725472,34763945.53232339,1892.6330824378215,376.2331767567467,0.5973593073593074,0.01659262803733739,520.5840668201447,495.88618587625206,8016994.629030228,7636647.262494281,83431151.09411223,13810238.28285991
full,2.0,Physics-Aligned MoE,physical-bin,low,applicable,5,186324644.81147078,23491031.231873993,2016.5004849726272,254.23193973889605,0.5522510822510822,0.02527507792658263,983.5502424478531,100.12219442189591,15146673.733696938,1541881.7940971972,85588985.5388869,11682995.234290194
full,2.0,Boundary-forced router,physical-bin,low,applicable,5,189341974.9689258,22145965.7344671,2049.155573256773,239.67495383622406,0.5655930735930735,0.026873163253749728,1107.7831107735633,201.69887740257585,17059859.905912876,3106162.711999668,86141057.53150646,11443494.005838498
full,2.0,PatchTST,physical-bin,low,applicable,5,200695337.01793382,21949762.912649542,2172.0274569040457,237.5515466736963,0.5828593073593074,0.02095968375648783,1279.4392298221587,686.9896859958776,19703364.139261246,10579641.164336516,90495986.43933631,5722290.736902353
full,2.0,Physics-Aligned MoE,gate-bin,mid,applicable,5,99159567.08039573,16957215.867010303,2196.352130072548,467.98943738777143,0.5350179393368828,0.031111922504345604,174.1367980003357,238.45140412813154,1401721.576241509,1930865.6245187814,48878922.7520771,8262102.042454176
full,2.0,Boundary-forced router,gate-bin,mid,applicable,5,107340447.92733158,12048037.514898388,2318.738360919799,347.9784597184857,0.5465504792092617,0.028171010912007296,608.8095996141434,672.6563679532803,4740212.92386169,5361027.529981364,51300117.50173494,5814675.824136659
full,2.0,Boundary-forced router,physical-bin,mid,applicable,5,,0.0,,0.0,,0.0,,0.0,,0.0,,0.0
full,2.0,Graph WaveNet,physical-bin,mid,applicable,5,,0.0,,0.0,,0.0,,0.0,,0.0,,0.0
full,2.0,PatchTST,physical-bin,mid,applicable,5,,0.0,,0.0,,0.0,,0.0,,0.0,,0.0
full,2.0,Physics-Aligned MoE,physical-bin,mid,applicable,5,,0.0,,0.0,,0.0,,0.0,,0.0,,0.0
full,5.0,Graph WaveNet,global,all,applicable,5,340973716.7161791,56012346.15675707,3451.7099602787807,567.0184053769545,0.22852486232588273,0.009083965350865851,9025.42117634341,1481.8753935322675,148594534.24731794,24397596.47911525,38475836.49377223,6478522.718104137
full,5.0,Boundary-forced router,global,all,applicable,5,367174816.11065924,49336169.431036934,3716.946227229706,499.4348217427615,0.20996720116618076,0.027211959158349137,10751.628614622354,1367.567832330748,177014813.51114243,22515636.791493434,38032000.51990336,7837290.76504702
full,5.0,Physics-Aligned MoE,global,all,applicable,5,371676758.3832595,60035716.26243734,3762.5198249034206,607.7473706514955,0.2058187560738581,0.01926281645729915,10524.943812808395,829.0642518264356,173282674.9340774,13649713.842070436,39678816.68983641,9625238.490920622
full,5.0,PatchTST,global,all,applicable,5,373283805.692212,23530644.471715555,3778.788120466999,238.20299311341464,0.2248785228377065,0.00901829479520806,11036.526006305217,1592.3299349371916,181705364.1678091,26216120.048805922,38315688.30488058,1158808.5624662198
full,5.0,Boundary-forced router,physical-bin,high,applicable,5,31934143.540843915,10522694.525054442,5002.215466924172,1648.2917489120366,0.15867794486215542,0.0161492859750372,11722.877696204192,8207.235779706662,12473141.868761258,8732498.869607888,3892200.334416532,451471.72386936966
full,5.0,Graph WaveNet,physical-bin,high,applicable,5,32879629.95829501,4042628.669225849,5150.3179759234035,633.2438391644502,0.15648496240601503,0.012785735994137307,11348.585750122083,2189.4758103787967,12074895.238129895,2329602.2622430394,4160946.944033022,446300.58546989766
full,5.0,PatchTST,physical-bin,high,applicable,5,33686840.42187953,2355738.9762841556,5276.760717712959,369.0067318740848,0.15623433583959898,0.017748468397164877,12010.150886230487,3483.399556805099,12778800.542949237,3706337.128440625,4181607.9757860587,753015.5268889555
full,5.0,Physics-Aligned MoE,physical-bin,high,applicable,5,34073713.740794495,11482702.071612211,5337.361174936481,1798.6688708665743,0.15560776942355892,0.016939976554501184,12354.815676727312,5587.900864200455,13145523.88003786,5945526.519509284,4185637.972151328,1183666.8827326049
full,5.0,Boundary-forced router,gate-bin,high,applicable,5,78776111.37657268,26061573.10038858,5390.460654049069,1544.5016425608296,0.1868000213838606,0.023041566359288442,13584.605998306282,5208.711110919615,33083414.42765642,13607265.258453878,9138539.389783254,2731884.2160594426
full,5.0,Physics-Aligned MoE,gate-bin,high,applicable,5,93239204.96260576,29348973.056353603,5743.2761601479415,1797.069172588032,0.19075936410048577,0.04708275809976103,13582.878759536747,3488.2462002609946,36580042.56702274,9154360.994824197,11331832.479116606,4600309.109054293
full,5.0,Physics-Aligned MoE,gate-bin,low,applicable,5,95534529.14181769,12657806.787611729,2609.956768713013,412.282472296408,0.258037833971755,0.026766555499892965,7703.413766893151,1667.5271524165596,46715629.0882011,6659258.51657334,9763780.010723319,2509259.257581849
full,5.0,Boundary-forced router,gate-bin,low,applicable,5,96025311.65686782,20987342.997661605,2528.681244573819,381.4806210178253,0.2713898271828191,0.03148920898666541,7009.699739990235,797.1149818297415,44007088.92383114,5326660.524447956,10403644.546607334,3666873.0100860177
full,5.0,Graph WaveNet,physical-bin,low,applicable,5,309438598.40200204,52976193.97298494,3348.9025801082475,573.3354326080621,0.24,0.011386374385834667,8719.885359196665,1404.4924077036817,134286234.53162864,21629183.078636706,35030472.774074696,6453886.458243918
full,5.0,Boundary-forced router,physical-bin,low,applicable,5,333887465.4712053,42253107.73929615,3613.5007085628276,457.28471579324844,0.21967099567099563,0.01833958140617058,10365.750129070284,708.8598109147596,159632551.98768234,10916441.088087302,34850982.69670458,8289068.465694279
full,5.0,Physics-Aligned MoE,physical-bin,low,applicable,5,337609714.73229086,50234362.590269074,3653.784791475009,543.66193279512,0.21635064935064935,0.020251868128720808,10107.97524343491,281.6694729727278,155662818.74889758,4337709.883780015,36389379.19667866,10091768.055723272
full,5.0,PatchTST,physical-bin,low,applicable,5,340073689.53651464,24196245.641371302,3680.451185460116,261.86413031787123,0.23167532467532465,0.006227668073043508,10905.362751446666,1423.9261179369016,167942586.37227863,21928462.216228284,34426220.632847205,903161.0432123713
full,5.0,Physics-Aligned MoE,gate-bin,mid,applicable,5,181165432.94968092,32237873.14225741,4015.292341184181,897.5834234048394,0.2257215185696059,0.02967234018911672,10777.080954402092,530.7365921240904,81854349.26803918,8304924.840313,19862216.73632835,6341534.128511386
full,5.0,Boundary-forced router,gate-bin,mid,applicable,5,188514068.8810212,18888932.4954334,4071.264947829483,571.4996547090487,0.2334420580088878,0.023111101046955147,11560.253752670289,972.9131061303104,89677543.46415041,9057719.897177614,19767305.083374158,3984790.680602919
full,5.0,Boundary-forced router,physical-bin,mid,applicable,5,,0.0,,0.0,,0.0,,0.0,,0.0,,0.0
full,5.0,Graph WaveNet,physical-bin,mid,applicable,5,,0.0,,0.0,,0.0,,0.0,,0.0,,0.0
full,5.0,PatchTST,physical-bin,mid,applicable,5,,0.0,,0.0,,0.0,,0.0,,0.0,,0.0
full,5.0,Physics-Aligned MoE,physical-bin,mid,applicable,5,,0.0,,0.0,,0.0,,0.0,,0.0,,0.0
full,10.0,Graph WaveNet,global,all,applicable,5,464072749.19116163,72125949.2640783,4697.8533891233565,730.137970360365,0.09010568513119534,0.012216032190709051,17493.529828035833,1737.1150585182893,288013475.08878195,28599862.323445115,17605927.410237983,4524201.880786633
full,10.0,PatchTST,global,all,applicable,5,496714146.7952903,24837951.88413162,5028.285418643609,251.43699267221018,0.09273566569484937,0.00408530865453514,19345.792599821092,1780.4634763844504,318509129.36345446,29313550.675193593,17820501.743183587,1452983.4229149956
full,10.0,Boundary-forced router,global,all,applicable,5,501319742.7763602,81477375.65671252,5074.908312847832,824.8033654915021,0.08566367022999676,0.009636008880742173,19738.044550967217,2324.7860930177344,324967165.48712426,38275278.23544398,17635257.728923596,5680596.116778547
full,10.0,Physics-Aligned MoE,global,all,applicable,5,515554343.1425915,104455869.4677747,5219.006551087134,1057.4168839870295,0.08467768059604794,0.010494471995251773,19712.367793950438,1729.2252365017723,324544423.3596,28469964.293765176,19100991.97829914,7693927.0814304715
full,10.0,Boundary-forced router,physical-bin,high,applicable,5,49739468.66840293,10752733.431903005,7791.270154825022,1684.3254122655085,0.06525689223057643,0.008311309629557086,34065.57199833872,9136.065226060166,36245768.60623239,9720773.400528016,1349370.0062170548,356326.7480306016
full,10.0,PatchTST,physical-bin,high,applicable,5,51921309.53464947,2621939.070225338,8133.037207808501,410.7047415766506,0.07653508771929825,0.01341669857578095,32737.012133502994,3987.9062754660213,34832180.91004719,4243132.277095844,1708912.8624602295,483805.8328668003
full,10.0,Graph WaveNet,physical-bin,high,applicable,5,52066919.6896334,4013718.2364859884,8155.84581604533,628.7152626074541,0.06889097744360903,0.007146016757099156,34150.30935352326,3091.9184375173986,36335929.15214875,3289801.217518511,1573099.0537484644,282280.66258127266
full,10.0,Physics-Aligned MoE,physical-bin,high,applicable,5,53227767.78455247,12416226.301770799,8337.682923645436,1944.8976036608392,0.06453634085213031,0.019875282755824276,36392.68422851564,6619.111355048948,38721816.01914064,7042734.481772082,1450595.1765411827,656831.0525179425
full,10.0,Boundary-forced router,gate-bin,high,applicable,5,113095737.08529067,30417818.361836296,7745.887984235165,1726.422059630686,0.08040034888187061,0.01699652874762127,31255.290774878267,6055.495951707432,75809969.50799784,16760707.229030965,3728576.7577292835,1504809.525342227
full,10.0,Physics-Aligned MoE,gate-bin,high,applicable,5,132793726.35643454,34640400.85387469,8195.16321112237,2108.8041136925526,0.08873323460113577,0.03324824297337009,31045.46248840333,4713.081264156489,83701190.82221457,14464825.176343152,4909253.553421995,2408614.5672553885
full,10.0,Physics-Aligned MoE,gate-bin,low,applicable,5,118748911.76058562,20400751.234611128,3230.849516639787,520.2865125276437,0.1230339055936069,0.019584034280788462,12641.114310337905,2665.81105929474,76705939.34633742,11078239.477148835,4204297.241424823,2352340.415861034
full,10.0,Boundary-forced router,gate-bin,low,applicable,5,120500670.57699493,30458067.911411867,3167.202513571255,563.7158343560765,0.13507063771946723,0.02469307651505005,11426.395933110714,1336.8742544927004,71738639.9946226,8941497.1896541,4876203.058237233,2826504.1677880203
full,10.0,Graph WaveNet,physical-bin,low,applicable,5,412360971.88486004,71138311.81876525,4462.781081004979,769.8951495537366,0.1082056277056277,0.012167307124498386,15702.046258449558,1631.601678883495,241811512.3801232,25126665.854805797,17054945.95047369,4688283.592869196
full,10.0,PatchTST,physical-bin,low,applicable,5,445083367.1024871,26544747.71068283,4816.919557386223,287.2808193796842,0.10788095238095237,0.0075340122253030285,17849.862730827335,1623.7952172711687,274887886.0547409,25006446.345976006,17019548.10477461,945867.1654221978
full,10.0,Boundary-forced router,physical-bin,low,applicable,5,448740484.5978054,69272120.62217024,4856.498751058501,749.6982751317128,0.09946103896103897,0.010433387097736556,17806.92714508057,1182.9391364968726,274226678.0342407,18217262.702051822,17451380.65635647,6284734.7123454865
full,10.0,Physics-Aligned MoE,physical-bin,low,applicable,5,460515783.9565841,88876100.93911383,4983.937055807188,961.8625642761236,0.09903679653679655,0.01512176849585501,17725.025035275226,735.9030037383417,272965385.54323846,11332906.257570462,18755039.841334566,7997667.110809371
full,10.0,Physics-Aligned MoE,gate-bin,mid,applicable,5,243201940.8290491,49910342.32819506,5397.278330396157,1366.1783691944277,0.11916395071861816,0.01933687466806181,18028.05153711021,1633.0457661148318,136680974.8030939,14285899.581943395,10652096.602595516,4418361.792051964
full,10.0,Boundary-forced router,gate-bin,mid,applicable,5,247759589.744538,28095011.45128101,5355.568596365305,848.7157736413611,0.12244715146142002,0.013453519410327368,18521.791375041008,1349.634131755191,143613059.17005736,12258490.825280333,10414653.057448072,2940507.2197763654
full,10.0,Boundary-forced router,physical-bin,mid,applicable,5,,0.0,,0.0,,0.0,,0.0,,0.0,,0.0
full,10.0,Graph WaveNet,physical-bin,mid,applicable,5,,0.0,,0.0,,0.0,,0.0,,0.0,,0.0
full,10.0,PatchTST,physical-bin,mid,applicable,5,,0.0,,0.0,,0.0,,0.0,,0.0,,0.0
full,10.0,Physics-Aligned MoE,physical-bin,mid,applicable,5,,0.0,,0.0,,0.0,,0.0,,0.0,,0.0
full,20.0,Graph WaveNet,global,all,applicable,5,620494799.1047533,81481728.22656342,6281.3289510928225,824.8474269776829,0.033792921930677025,0.00789740216181204,27843.877178967745,2258.6712494624135,458421593.8745249,37186763.45114917,8103660.261511423,2285885.390390909
full,20.0,PatchTST,global,all,applicable,5,646546446.7992893,27930252.35797029,6545.0523040096505,282.7406498822715,0.03703231292517007,0.0027637760092412613,28925.579205901176,2191.6941081717964,476230736.04595697,36084051.79694046,8515785.53766662,1314291.2790467162
full,20.0,Boundary-forced router,global,all,applicable,5,664246374.9523674,113798415.77464499,6724.230391079196,1151.9923851498725,0.0323574667962423,0.00904614005029236,30997.95456250161,4165.058679836414,510350323.9170265,68573526.10482672,7694802.551767044,3437997.331697607
full,20.0,Physics-Aligned MoE,global,all,applicable,5,688508659.5360327,146955281.5288255,6969.839847910922,1487.6425486802061,0.03357021379980564,0.009579077419776665,31096.659225809573,4787.254251513371,511975397.4937288,78817353.99691613,8826663.102115192,4124364.1522851493
full,20.0,Graph WaveNet,physical-bin,high,applicable,5,68962286.85229665,4018746.9201620338,10802.363228743208,629.5029636845295,0.02926065162907268,0.004715406638585109,56495.68642574304,3505.768223579388,60111410.35699059,3730137.389888467,442543.8247653028,88959.01501843636
full,20.0,PatchTST,physical-bin,high,applicable,5,69495758.15880062,2496020.143909901,10885.927029887314,390.9805989833806,0.027349624060150374,0.005754953694496929,57590.268178474835,3818.805351296049,61276045.34189723,4063208.8937789947,410985.640845169,156500.77693259314
full,20.0,Boundary-forced router,physical-bin,high,applicable,5,70336833.39802472,10699043.387407351,11017.674404452495,1675.9153175763397,0.018076441102756892,0.0050010147304817435,62472.74827815466,9410.870284308674,66471004.16795655,10013165.98250443,193291.46150340914,87058.50940670405
full,20.0,Physics-Aligned MoE,physical-bin,high,applicable,5,73243634.85897942,12214184.83604925,11473.00044783512,1913.2495043936801,0.021710526315789475,0.01172491442425772,62709.94028567779,9823.842511889554,66723376.46396117,10452568.432650482,326012.91975091177,300312.08712268714
full,20.0,Boundary-forced router,gate-bin,high,applicable,5,147474494.27479112,33037532.09395018,10107.932816781646,1781.5896984285741,0.030257277690944374,0.00813323662929435,51636.413453445406,8108.313210319474,125341822.95170793,24385249.719012547,1106633.566154161,515920.6738205073
full,20.0,Physics-Aligned MoE,gate-bin,high,applicable,5,170379686.75373507,36322469.42107566,10533.230026603707,2193.3624299176445,0.03865884135535654,0.02297951483196676,50986.36947164535,7538.750546449794,137603670.3226018,24360030.045647502,1638800.8215566638,1048246.6207755384
full,20.0,Physics-Aligned MoE,gate-bin,low,applicable,5,142834186.63727513,35567244.77559119,3869.58156625079,821.168681505441,0.05405373424218309,0.015890334667484393,16843.5764355357,2850.6624178893853,102547490.6710393,11557695.687198479,2014334.79831179,1958470.3836239877
full,20.0,Boundary-forced router,gate-bin,low,applicable,5,146737528.57368922,45645572.11609533,3846.053805219094,892.928284031551,0.06551788243815113,0.020169911002454587,15216.432741368562,1557.1967237022614,95540037.91887638,10680133.665827284,2559874.5327406423,2165154.635283676
full,20.0,Graph WaveNet,physical-bin,low,applicable,5,530997891.8011298,91699444.8992833,5746.730430748158,992.4182348407284,0.04911038961038961,0.011181930575311713,22560.164253873823,1864.719712813817,347426529.50965685,28716683.57733278,9178568.114573648,3167855.269303263
full,20.0,PatchTST,physical-bin,low,applicable,5,563531480.366766,31986993.718152583,6098.825545094869,346.1795856942918,0.0506969696969697,0.004534984591983397,24616.760691070544,2112.2894010302593,379098114.64248645,32529256.775865983,9221668.286213981,856429.0563736291
full,20.0,Boundary-forced router,physical-bin,low,applicable,5,578055986.7983973,104245793.30456404,6256.017173142827,1128.2012262398707,0.045270562770562774,0.010584415584415585,25623.794696632605,1836.7462763443689,394606438.32814205,28285892.655703276,9172477.423512755,4374774.530457268
full,20.0,Physics-Aligned MoE,physical-bin,low,applicable,5,599922315.4579228,134220170.16378075,6492.665751709122,1452.5992441967612,0.047640692640692636,0.012116556097874705,25433.362024440758,2458.515874804937,391673775.17638755,37861144.47199601,10412427.01407676,4978693.743231605
full,20.0,Physics-Aligned MoE,gate-bin,mid,applicable,5,308446607.4101287,70663224.81226584,6853.816876099768,1914.4641490012943,0.0652300272327379,0.014768866150239156,24745.43002443495,3543.150981602289,187348926.95450777,25884966.442234572,6054884.022781049,2727481.61636866
full,20.0,Boundary-forced router,gate-bin,mid,applicable,5,311968587.13636506,44164921.65447228,6755.927242343108,1314.2413489731548,0.06493606614858803,0.013559895493148994,24912.899618639938,1525.1364596728074,193219345.09217292,15213384.919931386,5937462.102209603,2414443.6703289906
full,20.0,Boundary-forced router,physical-bin,mid,applicable,5,,0.0,,0.0,,0.0,,0.0,,0.0,,0.0
full,20.0,Graph WaveNet,physical-bin,mid,applicable,5,,0.0,,0.0,,0.0,,0.0,,0.0,,0.0
full,20.0,PatchTST,physical-bin,mid,applicable,5,,0.0,,0.0,,0.0,,0.0,,0.0,,0.0
full,20.0,Physics-Aligned MoE,physical-bin,mid,applicable,5,,0.0,,0.0,,0.0,,0.0,,0.0,,0.0
full,50.0,Graph WaveNet,global,all,applicable,5,846561290.5114262,84395283.04977164,8569.82193990349,854.3416246535032,0.012504049238743117,0.003441729368101572,42735.522501805426,3178.972701306373,703597642.4697244,52338606.554308124,2859272.9608340366,739052.9070651096
full,50.0,PatchTST,global,all,applicable,5,871715903.1384592,31270283.254545655,8824.464519947149,316.5521061563172,0.012568837058632976,0.0027474241529691756,43801.52338700295,2239.16476972917,721148281.0436165,36865608.76882105,3011352.4418968516,876533.5853050232
full,50.0,Boundary-forced router,global,all,applicable,5,887644133.1828241,140055557.9632542,8985.707535459427,1417.7959787339469,0.011317622287010044,0.004534113498365779,46534.754107111694,6943.515096952181,766148191.6194869,114318032.5562207,2429918.8312667427,1114905.9543928492
full,50.0,Physics-Aligned MoE,global,all,applicable,5,924801282.6324196,182273369.7081085,9361.85295829709,1845.1709761510822,0.014259394233884028,0.007307304018304174,46117.571812479946,7438.0160377599395,759279702.3206698,122459496.04567966,3310431.6062349966,2178992.902135379
full,50.0,Graph WaveNet,physical-bin,high,applicable,5,83209916.46202058,4222600.694768428,13034.134784151092,661.4349459223732,0.009837092731829573,0.0015796744655988354,74754.47709839222,3992.3188630794366,79538763.63268933,4247827.27031652,73423.05658662514,20136.91412968082
full,50.0,PatchTST,physical-bin,high,applicable,5,86237058.50059155,4404051.585439088,13508.311168639024,689.8577044860727,0.007111528822055138,0.0042619759662260925,78704.98229707358,5316.971040737414,83742101.1640863,5657257.187344609,49899.14673010506,28724.507616353803
full,50.0,Boundary-forced router,physical-bin,high,applicable,5,89397430.59423956,13258326.315268883,14003.35692265657,2076.805500512043,0.0015977443609022555,0.0013807581999397875,83713.30706153864,12630.107598418048,89070958.7134771,13438434.484716797,6529.43761524901,5568.887294188097
full,50.0,Physics-Aligned MoE,physical-bin,high,applicable,5,92604516.10156639,14145355.942185115,14505.719940721552,2215.7512440766163,0.002850877192982456,0.0038757324066301924,86080.18476026383,13172.22862991978,91589316.58492072,14015251.262234645,20303.99033291382,36858.78527515467
full,50.0,Boundary-forced router,gate-bin,high,applicable,5,182804717.96473998,37579126.40273023,12531.726392765908,1965.901982371284,0.009543795252367968,0.0039985827731647446,70698.1141492123,10829.754130712205,171758601.09618238,33789657.236417145,220922.33737115114,102384.27826104971
full,50.0,Physics-Aligned MoE,gate-bin,high,applicable,5,210244803.98401922,40410403.42022675,12977.903806887833,2212.3844888895064,0.013173046052340886,0.011262236655577315,70625.71386621422,11310.992267429061,190983113.48082283,37847799.690053605,385233.81006392813,390804.5991640062
full,50.0,Physics-Aligned MoE,gate-bin,low,applicable,5,181457203.3409112,75083392.83889943,4882.67768930895,1747.8282111110484,0.02498315223173035,0.012106376490043542,20664.87281603723,2841.5054812019475,126022587.1669331,10488604.669009555,1108692.3234795616,1535476.6547640527
full,50.0,Boundary-forced router,gate-bin,low,applicable,5,194083061.96176997,91959192.8608287,5049.792828428135,1965.712475826911,0.03462471243303342,0.019963753226418773,18676.818025105,2084.7502932638954,117187249.2361097,13291954.116075411,1537916.2545132048,1846466.7366220022
full,50.0,Graph WaveNet,physical-bin,low,applicable,5,715317948.4104981,125416761.29943815,7741.536238208855,1357.3242564874258,0.025517316017316015,0.006859305310235898,29937.30952932997,2521.517893635592,461034566.7516815,38831375.56198809,5085667.633176331,1743221.8334300986
full,50.0,PatchTST,physical-bin,low,applicable,5,747048472.0166619,39474361.37656132,8084.9401733404975,427.2117032095381,0.02644805194805195,0.0021716251844195603,31838.081573901174,2509.5809655797984,490306456.238078,38647546.8699289,5134840.315571676,800921.7481810277
full,50.0,Boundary-forced router,physical-bin,low,applicable,5,764158277.491695,157019635.09709433,8270.111228265097,1699.3467001850033,0.023047619047619046,0.008370208512779328,34105.113522121894,3490.371907509094,525218748.2406772,53751727.375640064,4778790.585020356,2418036.143520654
full,50.0,Physics-Aligned MoE,physical-bin,low,applicable,5,809854174.8161552,202418222.87254506,8764.65557160341,2190.6734077115266,0.025132034632034634,0.00843744141473622,33697.963791306014,5134.874841846213,518948642.3861126,79077072.56443165,5818110.648600854,2876360.817379522
full,50.0,Physics-Aligned MoE,gate-bin,mid,applicable,5,417229184.97966033,109789504.94843292,9295.76544414232,2976.285101803818,0.038388705463854325,0.012503726779277732,31041.273302367317,6160.839730948659,234758662.44462165,43608874.912952915,3649410.4507007734,1805990.3248925195
full,50.0,Boundary-forced router,gate-bin,mid,applicable,5,420748473.4902959,85592234.47085668,9142.33958087998,2421.9556974298466,0.0391747343753831,0.013292746689327515,30640.12472900592,2418.3028622793286,237568302.27835077,21417113.618357375,3663603.4242389016,1841597.0327460961
full,50.0,Boundary-forced router,physical-bin,mid,applicable,5,,0.0,,0.0,,0.0,,0.0,,0.0,,0.0
full,50.0,Graph WaveNet,physical-bin,mid,applicable,5,,0.0,,0.0,,0.0,,0.0,,0.0,,0.0
full,50.0,PatchTST,physical-bin,mid,applicable,5,,0.0,,0.0,,0.0,,0.0,,0.0,,0.0
full,50.0,Physics-Aligned MoE,physical-bin,mid,applicable,5,,0.0,,0.0,,0.0,,0.0,,0.0,,0.0
late_period,2.0,Graph WaveNet,global,all,applicable,5,94838074.82790819,17131717.220658135,2104.146140129308,380.09667244981654,0.7221157259495918,0.04196898457991402,0.0,0.0,0.0,0.0,47419037.413954094,8565858.610329067
late_period,2.0,Physics-Aligned MoE,global,all,applicable,5,100616660.80105737,10731134.975694375,2232.3540291324402,238.088724167873,0.7173455804046858,0.023854991322113328,0.0,0.0,0.0,0.0,50308330.40052868,5365567.487847189
late_period,2.0,Boundary-forced router,global,all,applicable,5,102677635.17613061,8666005.182007099,2278.08029765998,192.27026051666442,0.7399405395811147,0.013065716050067408,0.0,0.0,0.0,0.0,51338817.588065304,4333002.5910035465
late_period,2.0,PatchTST,global,all,applicable,5,109594452.7044554,15011797.011808291,2431.5418154165645,333.0625890088812,0.7480342563010295,0.046183455836684977,0.0,0.0,0.0,0.0,54797226.35222769,7505898.505904147
late_period,2.0,Graph WaveNet,physical-bin,high,applicable,5,7058314.417981568,1059746.9720673284,2115.801684047233,317.66995565567413,0.22709832134292568,0.037473980606448916,0.0,0.0,0.0,0.0,3529157.208990784,529873.4860336642
late_period,2.0,Boundary-forced router,gate-bin,high,applicable,5,7160469.08250829,3954561.7140204404,2086.377362651201,1059.6129366478538,0.2542848390149427,0.12774726313681023,0.0,0.0,0.0,0.0,3580234.541254145,1977280.8570102206
late_period,2.0,PatchTST,physical-bin,high,applicable,5,7186364.259419384,855039.2878806078,2154.1859290825496,256.3067409714052,0.23375299760191845,0.04782344827320385,0.0,0.0,0.0,0.0,3593182.129709692,427519.6439403036
late_period,2.0,Physics-Aligned MoE,physical-bin,high,applicable,5,7273590.876627898,3404245.5504073123,2180.3329965910966,1020.4572992827675,0.24340527577937648,0.1128826994656652,0.0,0.0,0.0,0.0,3636795.438313949,1702122.7752036564
late_period,2.0,Boundary-forced router,physical-bin,high,applicable,5,7317898.850330146,2909546.726686617,2193.6147632884126,872.1662849780027,0.26600719424460434,0.1226741987306682,0.0,0.0,0.0,0.0,3658949.425165073,1454773.3633433084
late_period,2.0,Physics-Aligned MoE,gate-bin,high,applicable,5,8728284.327434,4356445.195433741,2397.5826418889274,1166.2825117520922,0.2521412622299719,0.11199032227744718,0.0,0.0,0.0,0.0,4364142.163717,2178222.5977168707
late_period,2.0,Physics-Aligned MoE,gate-bin,low,applicable,5,62467634.3326851,8901088.105255583,1870.3083216207044,265.0932446728848,0.6234385099560706,0.012160066967573739,1395.2662564093248,533.5707892522029,7710808.30989719,2805840.148105856,27378413.011393957,4022822.3275543666
late_period,2.0,Boundary-forced router,gate-bin,low,applicable,5,67064441.41745254,3869889.620075823,1961.325849481575,130.6985654261195,0.6168788219651105,0.02217897981617012,1577.4473718106747,442.1662026142135,8970833.069795374,2384669.3137622876,29046804.173828583,989892.4308129638
late_period,2.0,Graph WaveNet,physical-bin,low,applicable,5,87436631.92257296,15637222.561807094,2094.993097627299,374.6698907851039,0.748859497795668,0.01811810969594088,79.40369293689727,177.55205507142222,552332.0880690574,1235052.095076813,43442149.91725195,7261613.845541078
late_period,2.0,Physics-Aligned MoE,physical-bin,low,applicable,5,93259959.78548154,8357651.483302343,2234.5207922532472,200.25041890220294,0.7510782058654398,0.022012606112202786,23.013897371292114,51.46063894941288,160084.67011470796,357960.204532116,46549937.55768341,4096428.522555088
late_period,2.0,Boundary-forced router,physical-bin,low,applicable,5,94985636.06832965,7681114.470827954,2275.8682209203002,184.04050390137908,0.7575761932144911,0.038098236198195676,104.9971281528473,111.22872615026564,730360.0234312058,773707.0191012479,47127638.02244922,3819541.0852863956
late_period,2.0,PatchTST,physical-bin,low,applicable,5,101020825.82754761,13142295.12433602,2420.4721541965596,314.8911041866978,0.7401523864289822,0.04475390943419964,381.40425560176374,432.8222992697658,2653048.0019658683,3010711.913720491,49183888.91279087,5150393.534829359
late_period,2.0,Boundary-forced router,gate-bin,mid,applicable,5,24615679.52141568,4450435.787443829,3297.6730830961633,620.9670000589671,0.460222752729084,0.034131628890711724,0.0,0.0,0.0,0.0,12307839.76070784,2225217.893721915
late_period,2.0,Physics-Aligned MoE,gate-bin,mid,applicable,5,26126348.59401203,6703157.53238907,3320.780149416563,1077.4836811983073,0.4408431216590257,0.040507867453550374,0.0,0.0,0.0,0.0,13063174.297006015,3351578.7661945336
late_period,2.0,Boundary-forced router,physical-bin,mid,applicable,5,,0.0,,0.0,,0.0,,0.0,,0.0,,0.0
late_period,2.0,Graph WaveNet,physical-bin,mid,applicable,5,,0.0,,0.0,,0.0,,0.0,,0.0,,0.0
late_period,2.0,PatchTST,physical-bin,mid,applicable,5,,0.0,,0.0,,0.0,,0.0,,0.0,,0.0
late_period,2.0,Physics-Aligned MoE,physical-bin,mid,applicable,5,,0.0,,0.0,,0.0,,0.0,,0.0,,0.0
late_period,5.0,Graph WaveNet,global,all,applicable,5,166928626.25864834,23227095.09510485,3703.5992691393403,515.3331357628871,0.26452786652467164,0.007055733877605905,8151.06229007721,1763.9251304377206,61230779.92306,13250605.579848152,21139569.267117668,2180346.162208334
late_period,5.0,Boundary-forced router,global,all,applicable,5,182305563.62360734,18768379.795456484,4044.7631261893707,416.4088524018566,0.24917021654242105,0.06877059128936137,9752.693551330573,2763.110089867742,73262233.95759526,20756482.995086476,21808665.93320241,3822632.978977787
late_period,5.0,Physics-Aligned MoE,global,all,applicable,5,182736985.83055264,23494138.61605538,4054.3349713913876,521.2579565152507,0.2429401845935392,0.06658518381315212,9542.917698917987,2490.12347920546,71686397.75427192,18705807.57579142,22210117.615256142,2769544.661971958
late_period,5.0,PatchTST,global,all,applicable,5,185491905.81686234,15253939.813719831,4115.457619294958,338.43494439385495,0.27788871139510113,0.026922960430344856,9518.340656757358,2113.880637594145,71501775.01356126,15879471.349607214,22798026.16066022,1935915.3275273342
late_period,5.0,Boundary-forced router,gate-bin,high,applicable,5,16859972.616869964,7918526.477506991,4926.967088459782,2118.5198204306116,0.15023964951564112,0.03174675103286804,9074.442442626958,8081.643104071536,5284832.195151369,4799443.706598808,2315028.0843437193,708216.8470466295
late_period,5.0,Boundary-forced router,physical-bin,high,applicable,5,17247898.577829625,5338458.771141173,5170.233386639576,1600.2574254020303,0.16330935251798562,0.028080346969699847,8873.67347190857,9046.509068874066,4933762.450381165,5029859.04229398,2462827.225489692,269722.012327631
late_period,5.0,Physics-Aligned MoE,physical-bin,high,applicable,5,17659638.126556497,6821549.236693299,5293.656512756743,2044.8289078816845,0.151378896882494,0.005828004225186918,8839.720623626716,6933.061115663585,4914884.666736454,3854781.9803089523,2548950.691964009,650043.3513794282
late_period,5.0,Graph WaveNet,physical-bin,high,applicable,5,17702868.446622495,2461936.6537138135,5306.6152417933135,737.9906036312392,0.163189448441247,0.011905046873784351,7965.0950209045495,3202.368579090423,4428592.831622928,1780516.9299742752,2654855.122999913,275504.19722006057
late_period,5.0,PatchTST,physical-bin,high,applicable,5,17939229.562229387,1946383.697876373,5377.466895152693,583.4483506823659,0.16618705035971224,0.010671210219843135,7593.212930908206,4443.448978926114,4221826.389584962,2470557.6322829193,2743480.634528884,482098.816766276
late_period,5.0,Physics-Aligned MoE,gate-bin,high,applicable,5,20994560.858678095,8688430.709302507,5773.4614688165575,2329.7467073082894,0.16011653067047665,0.02378527633352992,9128.492150268557,5799.1874383908325,5548596.139890137,3630387.2777531818,3089192.943757591,1155923.201990622
late_period,5.0,Physics-Aligned MoE,gate-bin,low,applicable,5,104942895.93659613,17958347.08137289,3137.1792713068708,494.9376862931974,0.27137116023340413,0.020127072417315692,8156.516264928951,1050.112118143684,45350575.93644555,5258273.896682044,11918464.00003012,2959371.1079790713
late_period,5.0,Boundary-forced router,gate-bin,low,applicable,5,113019505.46805565,5625821.745460044,3303.8821417680883,163.73717525910894,0.27836459642623496,0.01710068305340529,8263.889579639437,765.5590646645791,47089009.37385653,3950158.680235448,13186099.21883982,1125590.6223164515
late_period,5.0,Graph WaveNet,physical-bin,low,applicable,5,149314669.8134156,21621158.32496248,3577.5989508677294,518.045771635099,0.2730017251293847,0.01477970108945357,8126.060379583844,1743.9888234421896,56524876.00038521,12131186.255863868,18557958.762606066,2416096.1614979925
late_period,5.0,Boundary-forced router,physical-bin,low,applicable,5,161742932.47637516,16127207.93395211,3875.3817442106383,386.4100041679152,0.24700498370711133,0.033704243625170986,9790.823973083501,1021.1882155789648,68104971.55676882,7103385.227567282,18727592.18392127,2870374.081219981
late_period,5.0,Physics-Aligned MoE,physical-bin,low,applicable,5,162988454.44283086,18172033.017766003,3905.224612872122,435.40427970495506,0.250177304964539,0.04948643616509207,9332.905674650672,865.7330452385575,64919691.872870065,6022039.0626794025,19613752.513992164,3051405.096357726
late_period,5.0,PatchTST,physical-bin,low,applicable,5,166308898.7408626,15455702.06784008,3984.7828910499948,370.32063608970856,0.2762603028560475,0.02892278038394396,9889.40927524567,1841.7335109687365,68790730.91860887,12811098.30229853,19503633.564450745,1866641.467610294
late_period,5.0,Boundary-forced router,gate-bin,mid,applicable,5,49431526.0409896,9790749.36839637,6622.15201669776,1346.7313248397354,0.2715855511659456,0.022597908169993942,12218.440896930702,2492.434509406515,15275310.491765004,3384795.5327898697,6831243.10984492,1812278.4096581354
late_period,5.0,Physics-Aligned MoE,gate-bin,mid,applicable,5,54339390.99458866,12980585.433399554,6900.857192488952,2098.1791785551695,0.2749271654393458,0.061082832790898295,11031.854762339592,2853.681420978241,14406066.679568917,2454981.711300807,7986664.863003949,2467883.9170391215
late_period,5.0,Boundary-forced router,physical-bin,mid,applicable,5,,0.0,,0.0,,0.0,,0.0,,0.0,,0.0
late_period,5.0,Graph WaveNet,physical-bin,mid,applicable,5,,0.0,,0.0,,0.0,,0.0,,0.0,,0.0
late_period,5.0,PatchTST,physical-bin,mid,applicable,5,,0.0,,0.0,,0.0,,0.0,,0.0,,0.0
late_period,5.0,Physics-Aligned MoE,physical-bin,mid,applicable,5,,0.0,,0.0,,0.0,,0.0,,0.0,,0.0
late_period,10.0,Graph WaveNet,global,all,applicable,5,227785396.66821298,31514198.43535765,5053.811605169795,699.1968058962915,0.0831070287539936,0.007958115135844055,18305.962545708495,2119.846700117229,137514390.64336222,15924288.411280613,9027100.602485076,1684849.569802841
late_period,10.0,PatchTST,global,all,applicable,5,244273523.5140962,17033146.485405285,5419.6291159499515,377.9097108050514,0.09968051118210862,0.012738622770181212,19230.76640735694,2078.224752324663,144461517.25206533,15611624.33946287,9981200.626203088,1232764.8239926752
late_period,10.0,Boundary-forced router,global,all,applicable,5,248702625.74266705,40643724.76369638,5517.896382292046,901.7510819066467,0.09159123180688675,0.022847216266017923,20371.5104402566,4032.416008470053,153030786.4272076,30291509.055627044,9567183.93154595,2319069.154631944
late_period,10.0,Physics-Aligned MoE,global,all,applicable,5,252019623.14354077,53203873.66050713,5591.489686358289,1180.4196321553768,0.0902422790202343,0.023300478602814118,20462.12498800338,3991.0993332148496,153711482.90988138,29981138.19110995,9830814.023365939,2771482.0042769657
late_period,10.0,Boundary-forced router,gate-bin,high,applicable,5,26610929.792240296,9655925.680015579,7820.89040454616,2504.9286785040804,0.09246127784542434,0.019920054052088687,25996.77779403687,11123.598026998363,14873973.29974915,6879576.0376493065,1173695.6492491143,459768.44816896087
late_period,10.0,Boundary-forced router,physical-bin,high,applicable,5,26849114.009638034,5861595.09322299,8048.295566438259,1757.0728696711603,0.09856115107913668,0.010017104769350046,27980.292597081676,9592.292702891944,15557042.68397741,5333314.742807921,1129207.1325660623,293588.3639370199
late_period,10.0,Graph WaveNet,physical-bin,high,applicable,5,28265956.843917716,2875531.127284924,8473.00864625831,861.9697623755768,0.09592326139088729,0.011246002087712271,29894.824896049504,3391.7069429512867,16621522.642203528,1885789.0602809153,1164443.4201714192,301795.1576713455
late_period,10.0,Physics-Aligned MoE,physical-bin,high,applicable,5,28342815.59609599,8626137.723800953,8496.047840556352,2585.772698981101,0.09040767386091128,0.022811927855186945,30696.7985103798,6475.352776911335,17067419.971771166,3600296.143962703,1127539.5624324826,564099.0046068638
late_period,10.0,PatchTST,physical-bin,high,applicable,5,28433316.05888369,2776996.819882824,8523.176276643793,832.4330994852589,0.10497601918465227,0.00931043767620643,27463.030783615115,3557.800502719084,15269445.115690002,1978137.0795118092,1316387.0943193685,385658.37029292
late_period,10.0,Physics-Aligned MoE,gate-bin,high,applicable,5,33125235.01646669,11403753.4434667,9115.50490470945,3047.8340299424863,0.10460733957089166,0.030538415744561977,28498.523152313246,5866.524446128869,17244922.620667122,3781325.0348186605,1588031.2395799567,812762.4692167921
late_period,10.0,Physics-Aligned MoE,gate-bin,low,applicable,5,134095441.88460305,32165066.772195753,4000.841173165763,871.7152090586509,0.14403973987817426,0.02066664329193189,13637.845778888466,1833.1952200152596,75964813.51603945,10705029.939142905,5813062.836856362,2323706.705794961
late_period,10.0,Boundary-forced router,gate-bin,low,applicable,5,147253348.8035636,12091969.900223231,4303.184454472463,331.6018107546005,0.15017653362637312,0.011311495800613561,13358.695399810671,1044.312353431398,76145494.59524341,5664289.582189647,7110785.420832017,1259024.5489384662
late_period,10.0,Graph WaveNet,physical-bin,low,applicable,5,198051669.01671386,29633709.30983395,4745.343804310759,710.0275376134259,0.10968947671075331,0.01002179532938384,15823.3040995586,2156.445812916013,110066903.3165296,15000237.074643783,8798476.570018426,1595761.0837595053
late_period,10.0,PatchTST,physical-bin,low,applicable,5,216900149.11157018,17278432.76468017,5196.955844153014,413.99350116638294,0.1223835537665325,0.022287541438360054,17384.161778995545,2115.604224998868,120924229.33469303,14716142.989092125,9597591.977687716,1048839.3703855982
late_period,10.0,Boundary-forced router,physical-bin,low,applicable,5,218225887.73505598,31865133.412467156,5228.720714372626,763.4927499632731,0.10495016292888634,0.01432300238424931,18015.582657401566,1909.5857613559697,125316392.96488528,13283078.555992125,9290949.477017067,2349313.913465533
late_period,10.0,Physics-Aligned MoE,physical-bin,low,applicable,5,221525814.59859958,39383280.002087004,5307.787392145859,943.6285221891656,0.10937320299022427,0.0311309382677216,18007.57382823468,2581.3952999180856,125260683.54920045,17956185.7062302,9626513.104939917,2456551.3445338453
late_period,10.0,Boundary-forced router,gate-bin,mid,applicable,5,68828398.31757143,15710236.480901089,9234.921810152413,2201.0179406146663,0.1577075748566203,0.02659180980641532,23111.788259601595,3471.186920531883,28913166.66390736,5256510.9259551065,3991523.1653664075,1461857.5276679345
late_period,10.0,Physics-Aligned MoE,gate-bin,mid,applicable,5,76942692.01107185,19057140.838914365,9818.183811642168,3238.5172561591453,0.17307119043664992,0.062175632192838566,22217.009271500116,3648.651314716627,29220575.553747762,2446330.3515785327,4772211.645732408,1898151.0961118757
late_period,10.0,Boundary-forced router,physical-bin,mid,applicable,5,,0.0,,0.0,,0.0,,0.0,,0.0,,0.0
late_period,10.0,Graph WaveNet,physical-bin,mid,applicable,5,,0.0,,0.0,,0.0,,0.0,,0.0,,0.0
late_period,10.0,PatchTST,physical-bin,mid,applicable,5,,0.0,,0.0,,0.0,,0.0,,0.0,,0.0
late_period,10.0,Physics-Aligned MoE,physical-bin,mid,applicable,5,,0.0,,0.0,,0.0,,0.0,,0.0,,0.0
late_period,20.0,Graph WaveNet,global,all,applicable,5,319592313.2696659,36852359.52872051,7090.706275951054,817.6331098846406,0.03194000709975151,0.005164852878431774,31327.73293176693,2451.133624882026,235333929.78343314,18412915.79011378,4212919.174311638,1086877.0175043882
late_period,20.0,PatchTST,global,all,applicable,5,326729802.8620055,20328260.79871606,7249.063783768315,451.01750085898254,0.038285410010649626,0.004248210081226207,30480.395013607726,1977.2886486042912,228968727.3422212,14853392.328315433,4888053.775989214,901930.3644761576
late_period,20.0,Boundary-forced router,global,all,applicable,5,334833558.70842254,59517678.61827876,7428.8595737580445,1320.5022767633732,0.034873091941782036,0.010999843211128249,33272.36440351186,5942.469067854467,249942001.39918107,44639827.637722746,4244577.865462071,1899465.0899816083
late_period,20.0,Physics-Aligned MoE,global,all,applicable,5,343056405.8982927,76986896.91413477,7611.297610452003,1708.0869922376362,0.03347089101881434,0.009227351329021515,33621.09876528794,6287.10176882726,252561693.924843,47228708.48743036,4524735.598672486,2111037.913471589
late_period,20.0,Boundary-forced router,gate-bin,high,applicable,5,33894339.15026084,9561647.785896122,9987.964746262021,2355.1900832784327,0.04069711446330524,0.016510564620204997,48390.86147320742,13238.436008515475,27465112.336376272,8754021.386465106,321461.3406942282,166556.52690056723
late_period,20.0,Boundary-forced router,physical-bin,high,applicable,5,34048396.46671274,5688990.60176685,10206.35385692828,1705.3329141986956,0.03327338129496403,0.01222418975066168,53025.19779159542,10367.242575307091,29482009.972127058,5764186.871870742,228319.32472928418,116180.84908393695
late_period,20.0,PatchTST,physical-bin,high,applicable,5,34719097.85239666,2501654.174466181,10407.403432972622,749.8963352716369,0.04418465227817746,0.013265192906009575,51057.62704864501,4215.8792831899345,28388040.63904662,2344028.8814536035,316552.86066750233,132106.95396857845
late_period,20.0,Graph WaveNet,physical-bin,high,applicable,5,34870529.26128298,2571155.281060961,10452.796541151973,770.7300003180335,0.04394484412470024,0.011798905382863205,51686.19717838762,2588.5013145041967,28737525.631183513,1439206.7308643323,306650.18150497327,105098.02683379424
late_period,20.0,Physics-Aligned MoE,physical-bin,high,applicable,5,36234237.00264856,7979207.855390061,10861.58183532631,2391.848877515006,0.03591127098321343,0.02208726176704685,54366.208162460316,8542.087010676056,30227611.73832793,4749400.377935888,300331.2632160317,269757.5477899577
late_period,20.0,Physics-Aligned MoE,gate-bin,high,applicable,5,41040570.742192,10800483.499115646,11303.130089733353,2869.577502250445,0.05063230644969434,0.02792467206287568,51136.76239390372,8115.615499592649,30945862.994935744,5451640.192455437,504735.3873628128,352796.6643736318
late_period,20.0,Physics-Aligned MoE,gate-bin,low,applicable,5,162688130.94719964,53873397.91469846,4844.188797271553,1479.8177602229234,0.07318621214893214,0.016802852387767814,19257.52453841626,4402.284994974325,107579286.2041935,26943996.656829167,2755442.2371503087,1378653.9576096577
late_period,20.0,Boundary-forced router,gate-bin,low,applicable,5,186265800.39041084,24439269.949909315,5440.958027274589,679.2658138294336,0.08364160193599832,0.009762421032131218,17848.687968654027,1566.4964099571887,101735264.44979152,8546330.667436823,4226526.797030968,1244147.4981594777
late_period,20.0,Graph WaveNet,physical-bin,low,applicable,5,263390540.58686662,39577580.35383711,6310.871683603283,948.2839839428096,0.04471439524631014,0.00712475335304867,23733.443352517756,2870.874844957243,165089831.96011353,19969805.42152258,4915035.431337655,1098402.1311084095
late_period,20.0,PatchTST,physical-bin,low,applicable,5,280600511.53367543,22996287.866497595,6723.224830689942,550.99405468894,0.05408280621046578,0.006935110622099572,24669.35356824873,2570.3285521962034,171600023.42073816,17879205.40907679,5450024.405646861,736585.3966214275
late_period,20.0,Boundary-forced router,physical-bin,low,applicable,5,286110800.81330967,53170859.054424964,6855.252080058216,1273.9807133991035,0.04758961088748323,0.007393969667348487,26492.903717067376,2908.0348851627296,184284638.25592068,20228290.661191948,5091308.1278694505,2047751.4396004928
late_period,20.0,Physics-Aligned MoE,physical-bin,low,applicable,5,292437172.56626165,65452950.32569711,7006.832771857908,1568.261221144746,0.04918056354226567,0.01209144838231311,26623.036423498786,4763.8697211834815,185189841.36185756,33137477.78055231,5362366.560220203,2033075.2024299302
late_period,20.0,Boundary-forced router,gate-bin,mid,applicable,5,88864858.59194735,22243369.82745427,11940.476810947663,3147.4904280819123,0.1053097815207324,0.03409202572983464,33501.40950931549,4744.070655265362,41872913.847173885,7050158.24899019,2349597.2372386726,1100614.2017987045
late_period,20.0,Physics-Aligned MoE,gate-bin,mid,applicable,5,102127912.49392053,30232967.186600298,13107.909369587262,5110.401131006657,0.12247904761927893,0.06031623052961868,32076.450719214678,5585.599914480681,42246456.51740489,4644299.930989403,2994072.798825782,1622796.912104161
late_period,20.0,Boundary-forced router,physical-bin,mid,applicable,5,,0.0,,0.0,,0.0,,0.0,,0.0,,0.0
late_period,20.0,Graph WaveNet,physical-bin,mid,applicable,5,,0.0,,0.0,,0.0,,0.0,,0.0,,0.0
late_period,20.0,PatchTST,physical-bin,mid,applicable,5,,0.0,,0.0,,0.0,,0.0,,0.0,,0.0
late_period,20.0,Physics-Aligned MoE,physical-bin,mid,applicable,5,,0.0,,0.0,,0.0,,0.0,,0.0,,0.0
late_period,50.0,Graph WaveNet,global,all,applicable,5,428050425.09979904,43874695.62726202,9497.036410627421,973.4357389790116,0.015526269080582179,0.003978525577752883,46117.93033163902,2546.4278697459476,346437892.6512723,19128766.157531563,1632250.6489705343,525646.3654245484
late_period,50.0,PatchTST,global,all,applicable,5,439395350.2184965,27425883.887978587,9748.743126963447,608.4905015969688,0.0159389421370252,0.00328927435290949,46642.772230935065,2691.265397989182,350380504.9987842,20216785.669694744,1780296.9043942466,510062.56084279023
late_period,50.0,Boundary-forced router,global,all,applicable,5,440635823.16681224,69971353.32545015,9776.265157233142,1552.4350666810915,0.014266063187788428,0.007090472087492261,49047.33872747656,8657.669761711724,368443608.5208039,65036415.249978475,1443844.2929201662,758749.7165327572
late_period,50.0,Physics-Aligned MoE,global,all,applicable,5,456698264.65207386,92819439.97333232,10132.638104634225,2059.359246834672,0.016342740504082357,0.008754027529033623,48533.33207812069,7600.420926506953,364582390.5708426,57094361.99992023,1842317.4816246233,1307250.5690183558
late_period,50.0,Graph WaveNet,physical-bin,high,applicable,5,42444661.63104234,2324865.5574862096,12723.219913381996,696.9021455294393,0.0068944844124700245,0.003158169590183675,74039.78689972215,4076.2787684601353,41166121.51624552,2266410.9952638363,25570.802295936308,16851.829145230422
late_period,50.0,PatchTST,physical-bin,high,applicable,5,42649986.39722842,2326268.2478272216,12784.768104684777,697.3226162551624,0.006654676258992806,0.004783969812327477,74787.9099735355,4069.9392225650195,41582077.94528573,2262886.2077461514,21358.169038853717,15923.472235704266
late_period,50.0,Boundary-forced router,gate-bin,high,applicable,5,43385188.72300093,11587487.934811372,12784.27289351508,2794.5030003650345,0.006135447640358468,0.003650786298699626,74178.54460604655,17155.423267545983,41986941.21232094,11641084.786832573,27964.950213599706,21169.611730431025
late_period,50.0,Boundary-forced router,physical-bin,high,applicable,5,43910702.53879328,7883507.858901254,13162.680617144268,2363.16182820781,0.003597122302158273,0.00274734753894235,77923.1982031345,14720.492217546882,43325298.200942785,8184593.672956067,11708.08675700987,7700.090685492914
late_period,50.0,Physics-Aligned MoE,physical-bin,high,applicable,5,46684645.59249037,7335701.029236558,13994.198319091836,2198.951147852686,0.008333333333333331,0.013293612552034905,79514.76386334929,13973.060882721695,44210208.70802221,7769021.850793263,49488.73768936322,97550.24675212531
late_period,50.0,Physics-Aligned MoE,gate-bin,high,applicable,5,50710995.72718778,9382416.49174017,13973.825568301405,2435.645595082214,0.013425869879915193,0.015195538864783099,75698.74410678886,13217.313065939708,45827528.97212033,8860803.913260091,97669.33510134906,126743.22174298683
late_period,50.0,Physics-Aligned MoE,gate-bin,low,applicable,5,201867627.14395776,85460124.18175042,6000.854057214381,2379.438281700874,0.03393697231799708,0.011285076942763744,25217.74136375187,7415.826286236241,141255519.11575285,45451734.64491345,1212242.1605640978,820811.4960909548
late_period,50.0,Boundary-forced router,gate-bin,low,applicable,5,258292773.1986122,52442777.044174775,7540.7502490964935,1486.647548852598,0.047666976747434905,0.009567777857928419,22326.58070929527,2146.777140355382,127252792.55054507,11727996.580257036,2620799.612961343,1034481.834093908
late_period,50.0,Graph WaveNet,physical-bin,low,applicable,5,373024830.76042515,59159961.811511904,8937.723566235985,1417.48039609718,0.02650469618554725,0.004344996390701845,31609.70098429724,2867.012731062863,219877080.04677153,19942940.557273272,3062955.014273072,872592.2338680741
late_period,50.0,Boundary-forced router,physical-bin,low,applicable,5,391449218.6235658,82607603.74772608,9379.174300928835,1979.2889531274216,0.02704140310523289,0.010326060099685234,35407.66191494462,4766.78175091378,246295696.28035474,33157733.859356247,2903070.4468642212,1429813.0041760833
late_period,50.0,PatchTST,physical-bin,low,applicable,5,392725589.79266465,36033547.33990719,9409.756320506629,863.3684909887672,0.030841479777649995,0.004742181346530684,32022.509965428075,2618.1283557225174,222748579.31951767,18211700.842405822,3399540.2094629407,682282.8923574873
late_period,50.0,Physics-Aligned MoE,physical-bin,low,applicable,5,408035343.89929247,102094980.19935292,9776.580024422381,2446.209032953635,0.027865631589035843,0.009157770572564436,34664.31685029833,6510.328542991577,241124988.0106752,45285845.34504938,3338207.1177723454,1553098.3699194698
late_period,50.0,Boundary-forced router,gate-bin,mid,applicable,5,117793174.01470181,31858245.876188695,15877.20921352102,4613.932247766276,0.06660666298815225,0.03123061333554826,43685.28116867065,6629.178622856874,54586482.32431853,9497777.145289792,1264133.833807666,667125.2969420367
late_period,50.0,Physics-Aligned MoE,gate-bin,mid,applicable,5,146899342.77560973,59661994.92403114,19043.613003681057,9704.423680210459,0.08797656525983222,0.054955278726863975,40880.59310310361,6709.841482458851,53997652.754320644,6724424.836683091,1858033.8004257814,1282645.1734604063
late_period,50.0,Boundary-forced router,physical-bin,mid,applicable,5,,0.0,,0.0,,0.0,,0.0,,0.0,,0.0
late_period,50.0,Graph WaveNet,physical-bin,mid,applicable,5,,0.0,,0.0,,0.0,,0.0,,0.0,,0.0
late_period,50.0,PatchTST,physical-bin,mid,applicable,5,,0.0,,0.0,,0.0,,0.0,,0.0,,0.0
late_period,50.0,Physics-Aligned MoE,physical-bin,mid,applicable,5,,0.0,,0.0,,0.0,,0.0,,0.0,,0.0
non_boundary,2.0,Graph WaveNet,global,all,applicable,5,159429690.4823266,31542335.796790387,1809.8705909060907,358.07349154594095,0.5796228814040345,0.019765457776053975,768.1846244454384,473.1727772750328,11278102.563795704,6946886.129563393,74075793.95926544,12521570.528791206
non_boundary,2.0,Physics-Aligned MoE,global,all,applicable,5,169566943.47297344,18353245.147474352,1924.9502602251519,208.3488874601181,0.538727877487541,0.02369181872875977,1252.241984897852,166.02794502378498,18384790.701277815,2437539.2748666992,75591076.3858478,9436475.14199241
non_boundary,2.0,Boundary-forced router,global,all,applicable,5,173284550.85368916,19875813.009515606,1967.1531162084843,225.6333141426921,0.5543938516727401,0.029378840328742523,1349.1123370170594,267.0441763034158,19806992.775915958,3920609.074398599,76738779.03888662,10504265.76737488
non_boundary,2.0,PatchTST,global,all,applicable,5,183652156.5678253,21445531.095547315,2084.8477853968743,243.4529974860348,0.5701324796512618,0.022460663809946206,1535.0982660107315,731.9186105312435,22537545.192436554,10745663.080514451,80557305.68769436,5483932.457162846
non_boundary,2.0,PatchTST,physical-bin,high,applicable,5,64770.59575793743,32198.5200131905,674.6937058118482,335.40125013740106,0.054166666666666675,0.050711089352658695,3312.051387107372,2029.9518590020946,52992.822193717955,32479.229744033513,5888.8867821097365,5720.78485467876
non_boundary,2.0,Boundary-forced router,physical-bin,high,applicable,5,101344.56887162526,91536.83225562592,1055.6725924127632,953.5086693294367,0.0375,0.048074919830059695,5644.101519119739,6319.823031660204,90305.62430591583,101117.16850656326,5519.472282854716,9487.471784032963
non_boundary,2.0,Graph WaveNet,physical-bin,high,applicable,5,109053.05520041783,70219.60728356321,1135.9693250043522,731.4542425371168,0.0125,0.027950849718747374,6719.654751193523,4564.00058962034,107514.47601909637,73024.00943392544,769.2895906607309,1720.1838191003817
non_boundary,2.0,Physics-Aligned MoE,physical-bin,high,applicable,5,112733.02800690135,97150.99290766777,1174.302375071889,1011.9895094548726,0.016666666666666666,0.017430417219459905,6936.309945459664,6170.421261800572,110980.95912735462,98726.74018880916,876.0344397733609,1001.70885433062
non_boundary,2.0,Boundary-forced router,gate-bin,high,applicable,5,43521259.965280905,9783509.962126903,2177.22937535809,451.32516252878423,0.42191523822167765,0.04398901957006535,0.0,0.0,0.0,0.0,21760629.982640453,4891754.981063453
non_boundary,2.0,Physics-Aligned MoE,gate-bin,high,applicable,5,50755428.14613247,19024346.29725001,2311.3001571561163,966.6732099299517,0.40836435241368185,0.05879866642155354,0.0,0.0,0.0,0.0,25377714.073066235,9512173.148625005
non_boundary,2.0,Physics-Aligned MoE,gate-bin,low,applicable,5,28989235.620894235,5624291.354726472,1493.9590734321905,351.223898920129,0.5299117620848067,0.03484173368032813,1805.4765342712403,326.66021782440214,5841561.292693114,460286.2153339369,11573837.164100561,2726654.563046868
non_boundary,2.0,Boundary-forced router,gate-bin,low,applicable,5,29462633.6211882,7614060.203030487,1349.8498639963045,214.0331620548551,0.5462395377824133,0.03419747044882885,1567.801395827532,256.791236070594,5674935.597807495,1361592.3148512917,11893849.011690354,3194714.305747667
non_boundary,2.0,Graph WaveNet,physical-bin,low,applicable,5,159434346.59148574,31509970.153963827,1811.898066794924,358.09632759382947,0.5811121339197436,0.019099775124230608,758.6146740615368,482.13131965449475,11125463.502449468,7070696.868392993,74154441.54451813,12438400.186306456
non_boundary,2.0,Physics-Aligned MoE,physical-bin,low,applicable,5,169551221.13702264,18359915.881326176,1926.8716958965215,208.6520050609272,0.5398497607764254,0.023762926435476197,1244.3357159269974,170.12599448589265,18248805.44192738,2494982.772132858,75651207.84754762,9473922.639535023
non_boundary,2.0,Boundary-forced router,physical-bin,low,applicable,5,173249428.11907017,19862312.654084165,1968.9001184079432,225.72605382341965,0.5552214380689373,0.029121346513665745,1346.5636027097703,274.7833087796209,19748028.515540134,4029834.61490753,76750699.801765,10485944.024839759
non_boundary,2.0,PatchTST,physical-bin,low,applicable,5,183626946.97665563,21438972.606429547,2086.835850313725,243.64406948768138,0.571147704931074,0.022438738868728794,1527.9152576189488,727.8748609088444,22407641.210610695,10674648.77265866,80609652.88302246,5514350.960499019
non_boundary,2.0,Physics-Aligned MoE,gate-bin,mid,applicable,5,87667332.15424223,18295241.213141296,1906.0525174715694,330.31101556074555,0.5495108190880248,0.02539017813698488,1941.5977142065763,611.2778594067495,14725445.302824805,4256754.98898924,36470943.42570871,9611064.923314555
non_boundary,2.0,Boundary-forced router,gate-bin,mid,applicable,5,98094064.05590266,10144877.05228251,2127.556442195706,251.09901063658486,0.5687871414245464,0.029357003364498424,2131.9250878453254,521.677188897195,16209374.612357456,2524845.65469003,40942344.721772596,5836809.706290503
non_boundary,2.0,Boundary-forced router,physical-bin,mid,applicable,5,,0.0,,0.0,,0.0,,0.0,,0.0,,0.0
non_boundary,2.0,Graph WaveNet,physical-bin,mid,applicable,5,,0.0,,0.0,,0.0,,0.0,,0.0,,0.0
non_boundary,2.0,PatchTST,physical-bin,mid,applicable,5,,0.0,,0.0,,0.0,,0.0,,0.0,,0.0
non_boundary,2.0,Physics-Aligned MoE,physical-bin,mid,applicable,5,,0.0,,0.0,,0.0,,0.0,,0.0,,0.0
non_boundary,5.0,Graph WaveNet,global,all,applicable,5,278491998.32167286,48139462.09657934,3161.484388762193,546.486645285783,0.2324535413048167,0.012876460964870278,8835.235498795515,1240.041721884436,129714509.97556636,18205672.53984635,29755497.6692213,6139781.828045813
non_boundary,5.0,Boundary-forced router,global,all,applicable,5,301768236.3440875,35582408.65949883,3425.7198554199445,403.9370257296465,0.21355220288571788,0.019616006182502563,10415.756295742991,692.6585495683347,152918926.0559507,10169266.49548751,29769862.057627358,7452138.428746241
non_boundary,5.0,Physics-Aligned MoE,global,all,applicable,5,303573458.27740026,39935862.771029636,3446.2130149893883,453.35811248884244,0.20860039278457015,0.01811353954357903,10206.35421910644,485.6642935523123,149844589.4678112,7130280.325788261,30745773.761917807,8675044.526655894
non_boundary,5.0,PatchTST,global,all,applicable,5,307367116.6252296,24506610.124834612,3489.279213355011,278.20284172637463,0.2247908365403172,0.005035410928293684,10962.733748770956,1465.1492711851079,160949375.5325808,21510589.02490416,29283548.21852976,1316174.0529722874
non_boundary,5.0,PatchTST,physical-bin,high,applicable,5,764396.6212738038,97091.08545063762,7962.464804935456,1011.3654734441419,0.0,0.0,47774.78882961274,6068.192840664862,764396.6212738039,97091.08545063777,0.0,0.0
non_boundary,5.0,Graph WaveNet,physical-bin,high,applicable,5,768153.7489135743,61741.003449597054,8001.601551183066,643.1354525999692,0.0,0.0,48009.6093070984,3858.812715599809,768153.7489135744,61741.003449596945,0.0,0.0
non_boundary,5.0,Boundary-forced router,physical-bin,high,applicable,5,808979.1331823731,176329.35872566028,8426.86597064972,1836.7641533922947,0.0,0.0,50561.19582389831,11020.58492035377,808979.133182373,176329.35872566034,0.0,0.0
non_boundary,5.0,Physics-Aligned MoE,physical-bin,high,applicable,5,867598.2983862304,149652.18685657767,9037.482274856568,1558.8769464226837,0.0,0.0,54224.893649139405,9353.261678536115,867598.2983862305,149652.1868565779,0.0,0.0
non_boundary,5.0,Boundary-forced router,gate-bin,high,applicable,5,88200811.56790772,17380937.057742983,4403.954509849789,749.3612103270864,0.1721105701179001,0.029159887725317885,14547.015890874865,930.726851184797,48691729.193588555,6844349.699628908,7901816.4748638375,2946895.526172976
non_boundary,5.0,Physics-Aligned MoE,gate-bin,high,applicable,5,104792861.51962201,32985831.065210212,4753.949294532389,1635.6494539222685,0.18861678068454416,0.04567810064418569,13392.173128051762,2284.878707610956,49577482.06329109,9611661.222859804,11043075.89126619,5277965.4261771785
non_boundary,5.0,Physics-Aligned MoE,gate-bin,low,applicable,5,49050628.38040267,10310400.884412777,2517.066918350903,561.2798728245774,0.2449315061577307,0.041316199292304685,7488.638565421701,1647.086776821905,24216769.2817168,3540028.832484304,4966771.819737174,1825083.0358826623
non_boundary,5.0,Boundary-forced router,gate-bin,low,applicable,5,49775216.160901204,11708940.42504439,2284.6567636732348,307.07854494838335,0.26065617176336253,0.02417141193807567,6376.607934095263,831.9339120550881,23073820.215198893,5099789.810832872,5340279.1891404595,1539921.5344496558
non_boundary,5.0,Graph WaveNet,physical-bin,low,applicable,5,279360343.7507559,48324810.227594435,3174.80190186442,549.1892562771407,0.24263293671087474,0.011796625548166108,8461.890661029818,1264.8965728022115,124097857.48933282,18550340.688430827,31052497.252284616,6097732.788414974
non_boundary,5.0,Boundary-forced router,physical-bin,low,applicable,5,302101862.3224889,36025451.76302037,3433.2488075470646,409.4127005900511,0.2232791244758106,0.01939408508967926,10020.240243967177,709.3860379807845,146951833.29790062,10403500.940007191,31030005.804917645,7591946.56921549
non_boundary,5.0,Physics-Aligned MoE,physical-bin,low,applicable,5,303789645.2661669,40179455.97072493,3452.4296849313805,456.6210490689594,0.21780596183787346,0.018322981497240917,9804.416979818341,505.5847930859556,143786677.2175259,7414653.783002077,32000593.609728206,8828314.98007708
non_boundary,5.0,PatchTST,physical-bin,low,applicable,5,307969823.3055179,24553661.972447775,3499.93548697644,279.04108250028725,0.23398679440410036,0.006189520354713904,10602.31302050174,1441.0609227515383,155488221.60216826,21133878.962612677,30496320.34066993,1301183.1013198385
non_boundary,5.0,Physics-Aligned MoE,gate-bin,mid,applicable,5,147762003.11512706,37303597.265406825,3206.099206359452,673.1306885545902,0.2367245572129693,0.0159946154918892,9570.649385924638,1054.8609275282456,73069797.68482511,8694626.284927987,14938441.086060395,6759506.839733961
non_boundary,5.0,Boundary-forced router,gate-bin,mid,applicable,5,165004448.73903453,22896443.405392036,3569.5053632183926,451.9402604947736,0.2629028388551598,0.023542951485003207,9661.45229362205,967.038744575989,74233628.09112984,5554158.400604246,18154164.12958094,4737987.623711461
non_boundary,5.0,Boundary-forced router,physical-bin,mid,applicable,5,,0.0,,0.0,,0.0,,0.0,,0.0,,0.0
non_boundary,5.0,Graph WaveNet,physical-bin,mid,applicable,5,,0.0,,0.0,,0.0,,0.0,,0.0,,0.0
non_boundary,5.0,PatchTST,physical-bin,mid,applicable,5,,0.0,,0.0,,0.0,,0.0,,0.0,,0.0
non_boundary,5.0,Physics-Aligned MoE,physical-bin,mid,applicable,5,,0.0,,0.0,,0.0,,0.0,,0.0,,0.0
non_boundary,10.0,Graph WaveNet,global,all,applicable,5,366972070.7796176,65025814.27699341,4165.923904001835,738.183136112266,0.1029572364313365,0.014072207787854996,15589.712114964123,1388.1640646241283,228880358.41584578,20380330.714779127,13809171.236377189,4612674.279308164
non_boundary,10.0,PatchTST,global,all,applicable,5,397951087.87439317,28034113.631618872,4517.602514211685,318.2476090274482,0.10252358410244185,0.007325489548019731,17665.24027375281,1696.4918944017736,259352225.07910186,24907045.74765962,13859886.27952913,1162406.7722488795
non_boundary,10.0,Boundary-forced router,global,all,applicable,5,401750018.24662614,57315148.67610472,4560.728561416591,650.6504634642772,0.09408439192180636,0.011834226784913032,17659.314484683273,949.0668460944169,259265225.60687748,13933724.90093518,14248479.263974866,5513639.419581178
non_boundary,10.0,Physics-Aligned MoE,global,all,applicable,5,410324117.16138566,73312007.57584617,4658.063063054247,832.2492885132782,0.09231572614060779,0.013425962204952124,17631.640383362774,594.6414223316517,258858928.2883405,8730228.04196212,15146518.88730451,6937411.828036417
non_boundary,10.0,PatchTST,physical-bin,high,applicable,5,1171552.3899359135,96982.53716141003,12203.670728499097,1010.234762098021,0.0,0.0,73222.02437099461,6061.408572588132,1171552.3899359137,96982.53716141012,0.0,0.0
non_boundary,10.0,Graph WaveNet,physical-bin,high,applicable,5,1224093.0608111578,88234.6986833515,12750.96938344956,919.1114446182451,0.0,0.0,76505.81630069736,5514.668667709458,1224093.0608111578,88234.69868335122,0.0,0.0
non_boundary,10.0,Boundary-forced router,physical-bin,high,applicable,5,1381872.913530884,381804.25101058575,14394.509515946711,3977.127614693602,0.0,0.0,86367.05709568027,23862.765688161606,1381872.9135308843,381804.2510105857,0.0,0.0
non_boundary,10.0,Physics-Aligned MoE,physical-bin,high,applicable,5,1616502.261883545,333213.302654675,16838.565227953593,3470.971902652864,0.0,0.0,101031.39136772158,20825.831415917175,1616502.261883545,333213.3026546748,0.0,0.0
non_boundary,10.0,Boundary-forced router,gate-bin,high,applicable,5,120810836.063133,24854425.67387209,6032.471284167404,1092.8533714570829,0.07938297284985386,0.017771513575355218,24796.520408431,1402.8639291992904,82922265.03924206,10527702.474946108,3788857.1023890944,1990289.8417165154
non_boundary,10.0,Physics-Aligned MoE,gate-bin,high,applicable,5,145010217.9204206,43063006.31954055,6592.997891491093,2186.1938346312104,0.0973366498008476,0.042043544732901846,23644.252659211757,2633.8156751150154,87596150.74648145,14670957.539046593,5741406.717393914,3481029.3962253346
non_boundary,10.0,Boundary-forced router,gate-bin,low,applicable,5,61179969.35724437,13883539.577683061,2811.963286454422,366.8090516750126,0.12188351601577033,0.01573306690440225,11132.725061459543,1283.625470858136,40299803.70151856,8623862.820701154,2088016.565572581,905588.5705498407
non_boundary,10.0,Physics-Aligned MoE,gate-bin,low,applicable,5,61599982.02029227,15749753.40085284,3132.0946117454023,662.2103644363837,0.109267696843424,0.031219787395789587,12808.619642794136,2942.0059434029563,41324132.90080979,6039618.851678242,2027584.9119482487,1625865.495377043
non_boundary,10.0,Graph WaveNet,physical-bin,low,applicable,5,367714929.7671535,66326643.2550567,4178.9111607418035,753.7718142926905,0.1149523257531849,0.013004632280821887,14742.40028619349,1442.6208207583497,216204671.3971706,21156755.646831572,15151025.83699829,4626970.770169968
non_boundary,10.0,PatchTST,physical-bin,low,applicable,5,398491807.8655839,27808717.038044594,4528.676234082074,316.03328717107706,0.11232711692975579,0.007244090004387823,16914.460747018904,1661.3765235953038,248059024.08540574,24364917.406786926,15043278.378017824,1154136.7499019979
non_boundary,10.0,Boundary-forced router,physical-bin,low,applicable,5,401321907.63369596,58650921.25165742,4560.8390171229075,666.5407617839761,0.10383325946382098,0.01190738826566673,16760.17325966611,930.4301432739458,245796320.9396333,13645223.266184038,15552558.669406261,5768027.944734308
non_boundary,10.0,Physics-Aligned MoE,physical-bin,low,applicable,5,409861128.83928394,74512592.69321497,4657.883341166728,846.8013670770966,0.10268998670348779,0.014557108976337683,16665.605492259267,549.7103065526553,244409437.34672824,8061776.500747966,16545169.14925557,7406011.923276414
non_boundary,10.0,Physics-Aligned MoE,gate-bin,mid,applicable,5,190715284.3123285,60188119.19710194,4129.227772096441,1118.2315664706907,0.12201130109274227,0.014600654028085393,15064.940255806443,1328.518515388572,115216568.37690993,13944506.379041808,7549871.593541858,4989190.693003469
non_boundary,10.0,Boundary-forced router,gate-bin,mid,applicable,5,215106858.42026624,38446679.66828648,4644.474748961751,725.5390334118623,0.14258184022177237,0.01312566366756091,15046.78745872021,1281.9946681163326,115704705.78629819,8357474.537229059,9940215.263396805,3606822.203779088
non_boundary,10.0,Boundary-forced router,physical-bin,mid,applicable,5,,0.0,,0.0,,0.0,,0.0,,0.0,,0.0
non_boundary,10.0,Graph WaveNet,physical-bin,mid,applicable,5,,0.0,,0.0,,0.0,,0.0,,0.0,,0.0
non_boundary,10.0,PatchTST,physical-bin,mid,applicable,5,,0.0,,0.0,,0.0,,0.0,,0.0,,0.0
non_boundary,10.0,Physics-Aligned MoE,physical-bin,mid,applicable,5,,0.0,,0.0,,0.0,,0.0,,0.0,,0.0
non_boundary,20.0,Graph WaveNet,global,all,applicable,5,467380572.34545726,85828497.92640615,5305.776797846011,974.3384296155723,0.045431325137077275,0.01375368067254267,22100.417922382338,1268.9431064330088,324467285.7274563,18629988.217096243,7145664.330900051,3426512.279502872
non_boundary,20.0,PatchTST,global,all,applicable,5,497877732.4818002,35342695.892922446,5651.985293076323,401.21576919845194,0.04632133410527989,0.0054220690826075925,24187.286363107552,2200.525446031706,355105644.7399634,32307014.335914508,7138604.387091838,786947.406655111
non_boundary,20.0,Boundary-forced router,global,all,applicable,5,513350400.5329917,87146892.5419776,5827.63342225467,989.305049915172,0.04098355072710554,0.01093179951202458,25288.74159128724,1487.6550862372972,371276659.6724836,21841008.1485929,7103687.043025406,3928676.0205049478
non_boundary,20.0,Physics-Aligned MoE,global,all,applicable,5,530586293.89727056,114244130.81297565,6023.29795885151,1296.9171044395516,0.04163970529805084,0.010655713652213026,25317.841579318476,2137.5984202124982,371703891.14676416,31383151.2063498,7944120.137525322,4234098.020659965
non_boundary,20.0,PatchTST,physical-bin,high,applicable,5,1514253.868302002,134823.45791226474,15773.477794812521,1404.4110199194238,0.0,0.0,94640.86676887512,8426.466119516535,1514253.8683020019,134823.4579122646,0.0,0.0
non_boundary,20.0,Graph WaveNet,physical-bin,high,applicable,5,1523410.8901615143,66200.22787883665,15868.86343918244,689.585707071215,0.0,0.0,95213.18063509461,4137.51424242728,1523410.8901615138,66200.22787883648,0.0,0.0
non_boundary,20.0,Boundary-forced router,physical-bin,high,applicable,5,1636850.478195286,330081.6158517823,17050.525814534227,3438.3501651227325,0.0,0.0,102303.15488720535,20630.100990736373,1636850.4781952857,330081.615851782,0.0,0.0
non_boundary,20.0,Physics-Aligned MoE,physical-bin,high,applicable,5,1878619.0449549295,286016.21136838314,19568.94838494718,2979.335535087324,0.0,0.0,117413.6903096831,17876.01321052395,1878619.044954929,286016.2113683832,0.0,0.0
non_boundary,20.0,Boundary-forced router,gate-bin,high,applicable,5,152937057.52941567,32850840.02943069,7644.681371387725,1500.6779932961554,0.04094742915098586,0.016935962730365465,35091.753111534104,3273.4065046477617,116851310.60575584,12626560.194979103,1804287.3461829904,1215191.8482298804
non_boundary,20.0,Physics-Aligned MoE,gate-bin,high,applicable,5,185782866.41920027,50594114.262120165,8487.745150805946,2713.618696161803,0.053532626406109715,0.0366480003014698,34799.806620218726,4882.764439590327,127440190.6385766,12888694.400248453,2917133.789031184,2274265.9015028467
non_boundary,20.0,Boundary-forced router,gate-bin,low,applicable,5,72846797.99681641,17962946.02934529,3347.196560630035,526.2762780467743,0.057051357093538015,0.014398373940731036,14638.335580112262,1563.0753718565086,52930724.91787647,10732495.315330127,995803.653946997,690867.4121213154
non_boundary,20.0,Physics-Aligned MoE,gate-bin,low,applicable,5,75560826.25680321,25911092.655148305,3804.2111724019514,964.2714510779355,0.04887520256774795,0.023427842520031054,16769.526726726737,3145.145200130307,54354393.51394787,6578709.373092775,1060321.6371427672,1346079.0296880372
non_boundary,20.0,Graph WaveNet,physical-bin,low,applicable,5,466604715.27931565,92052027.9127094,5302.748119501729,1046.1289865410818,0.05652040503221847,0.012786016027106542,20295.282270688873,1446.0947281761835,297640462.1407876,21207702.23606781,8448212.656926397,3583113.156443181
non_boundary,20.0,PatchTST,physical-bin,low,applicable,5,497742132.1732715,34499190.51279385,5656.610550535513,392.06744301016954,0.05523848487947904,0.006442635010293433,22672.423339990964,2111.7024979543776,332502424.4926375,30969172.98374993,8261985.384031698,829576.5173476588
non_boundary,20.0,Boundary-forced router,physical-bin,low,applicable,5,510593951.92060554,92209324.85244215,5802.665574768512,1047.9165939613622,0.05008125646358232,0.010681009675991173,23357.64796149193,1071.9207372321382,342551586.1792599,15720253.571877906,8402118.287067287,4284525.817651941
non_boundary,20.0,Physics-Aligned MoE,physical-bin,low,applicable,5,529558148.72099686,120381564.03670536,6018.184954723636,1368.0811432353182,0.050885865921152816,0.012937012093338897,23147.324822015154,1444.5063196518172,339467092.1772632,21184407.430853702,9504552.82718668,5143506.315257735
non_boundary,20.0,Physics-Aligned MoE,gate-bin,mid,applicable,5,232873080.79074773,89334842.73910469,5030.771483570238,1698.407102137068,0.06154070434170783,0.01240015720714006,20265.57986304149,2204.602752450362,155273939.40784973,23895143.884113844,3879957.0691448995,3330570.5006503337
non_boundary,20.0,Boundary-forced router,gate-bin,mid,applicable,5,269772208.639912,60352232.52672042,5817.280804716352,1168.977958231036,0.07976222467693601,0.011697420743765783,19921.445295580175,1547.6470052270831,153445557.77345955,14051669.933040552,5816332.543322624,2715398.6651142156
non_boundary,20.0,Boundary-forced router,physical-bin,mid,applicable,5,,0.0,,0.0,,0.0,,0.0,,0.0,,0.0
non_boundary,20.0,Graph WaveNet,physical-bin,mid,applicable,5,,0.0,,0.0,,0.0,,0.0,,0.0,,0.0
non_boundary,20.0,PatchTST,physical-bin,mid,applicable,5,,0.0,,0.0,,0.0,,0.0,,0.0,,0.0
non_boundary,20.0,Physics-Aligned MoE,physical-bin,mid,applicable,5,,0.0,,0.0,,0.0,,0.0,,0.0,,0.0
non_boundary,50.0,Graph WaveNet,global,all,applicable,5,616671379.5352759,124698148.78640677,7000.54921199328,1415.5927390072172,0.022148054808205336,0.009017070547047777,29432.409811606416,1383.7824580427746,432111924.6490995,20316002.157755006,3691189.097723526,2092525.7729741402
non_boundary,50.0,PatchTST,global,all,applicable,5,644802397.8811607,41903619.243105024,7319.89689837733,475.69638936876385,0.02310163584556528,0.002664215632804146,31170.827307579242,2635.207306048097,457634501.1162246,38688796.06374513,3743357.93529872,528169.5362409233
non_boundary,50.0,Boundary-forced router,global,all,applicable,5,668297611.1864483,135939153.40345207,7586.61820643268,1543.2023680987643,0.019705071007730817,0.009197534783779129,33747.19851018907,3020.218711244293,495459494.9273408,44341341.00913309,3456762.325182151,2270199.774950363
non_boundary,50.0,Physics-Aligned MoE,global,all,applicable,5,702482818.7914836,174265405.65584484,7974.69398893714,1978.287932157759,0.020134182474542787,0.007775864199242441,34109.568776983935,5332.467543871777,500779633.9992897,78288622.24535349,4034063.69584388,2397606.419350615
non_boundary,50.0,PatchTST,physical-bin,high,applicable,5,1639850.8071016963,140871.53984743485,17081.779240642667,1467.4118734107794,0.0,0.0,102490.67544385602,8804.471240464663,1639850.807101696,140871.53984743461,0.0,0.0
non_boundary,50.0,Graph WaveNet,physical-bin,high,applicable,5,1675105.0652694595,84800.75726287195,17449.011096556867,883.3412214882496,0.0,0.0,104694.0665793412,5300.047328929505,1675105.065269459,84800.75726287204,0.0,0.0
non_boundary,50.0,Boundary-forced router,physical-bin,high,applicable,5,1777071.1068365276,348348.20008767466,18511.157362880498,3628.6270842466106,0.0,0.0,111066.94417728297,21771.762505479663,1777071.1068365276,348348.2000876745,0.0,0.0
non_boundary,50.0,Physics-Aligned MoE,physical-bin,high,applicable,5,2031611.349802145,308915.24952368916,21162.618227105675,3217.867182538428,0.0,0.0,126975.70936263404,19307.203095230576,2031611.3498021446,308915.2495236891,0.0,0.0
non_boundary,50.0,Boundary-forced router,gate-bin,high,applicable,5,188521886.39112824,40579661.568728775,9423.331934006175,1854.8579888872787,0.018165821114117506,0.012068267339611924,47176.9578418463,5583.889160631152,156680234.86558518,16421834.108320411,636833.0305108612,572817.4011296978
non_boundary,50.0,Physics-Aligned MoE,gate-bin,high,applicable,5,234425206.01666856,65306367.25081511,10770.526205259808,3703.728566470973,0.03034686582186602,0.02918064928760586,46469.06775377958,6864.794806724824,170297429.5558742,19815830.055952832,1282555.529215887,1327570.7756275022
non_boundary,50.0,Boundary-forced router,gate-bin,low,applicable,5,91250557.44948432,31075199.062270865,4178.905489668851,1092.9575909249681,0.029759631841106155,0.015789454434688207,17823.1457756853,2115.3383713375124,64362201.444457196,13033608.63623991,537767.1201005423,594120.1226553337
non_boundary,50.0,Physics-Aligned MoE,gate-bin,low,applicable,5,98786408.05590042,54859159.50503912,4889.550070513874,2099.7343984261256,0.023727445201434456,0.016466469771195074,20229.61232688069,3214.5143863594703,65713979.055227004,6571915.281845136,661448.580013468,1105669.3524177875
non_boundary,50.0,Graph WaveNet,physical-bin,low,applicable,5,628842650.2722057,143588981.37919372,7146.507679840506,1631.8227743024304,0.03007966542793177,0.009523794697981635,26006.933953453303,1770.4523102509208,381404689.8943694,25964568.355984896,4948759.207556725,2357145.4972010707
non_boundary,50.0,PatchTST,physical-bin,low,applicable,5,660387689.2552322,44879227.76685512,7505.002548557638,510.03179533434616,0.0312661234416374,0.0030845401725244906,28008.392989890726,2483.11061458581,410757087.3932425,36416058.7182082,4992612.037239797,600161.4117085607
non_boundary,50.0,Boundary-forced router,physical-bin,low,applicable,5,678505581.9454676,162610069.9170891,7710.9040712950755,1847.9887027046373,0.026908958667166704,0.010278805525029631,29756.050260049105,1872.859780401979,436387355.08875006,27466425.10948523,4842364.537134347,2940780.678880534
non_boundary,50.0,Physics-Aligned MoE,physical-bin,low,applicable,5,718069295.5495048,199472047.07219797,8160.527491385733,2266.908129876217,0.027924948575454866,0.009667061072491956,29836.700483866938,3259.979282757901,437570130.9461505,47809226.171286,5609983.292067083,3190767.0794560076
non_boundary,50.0,Physics-Aligned MoE,gate-bin,mid,applicable,5,291922460.8468746,133686741.85848598,6291.195067719122,2588.3939660681676,0.028766600140190852,0.008886816445763574,25858.637581050385,4613.717769417807,198673771.4798781,44974227.358942725,1864973.7873399288,1793157.8083861705
non_boundary,50.0,Boundary-forced router,gate-bin,mid,applicable,5,367124177.38685256,110881403.59600914,7905.603308160887,2259.6576762056925,0.044637295740447384,0.0133419760715181,24763.699961906204,2208.5433149244905,190804557.366067,20338697.94403419,3526392.400415711,2078348.69644921
non_boundary,50.0,Boundary-forced router,physical-bin,mid,applicable,5,,0.0,,0.0,,0.0,,0.0,,0.0,,0.0
non_boundary,50.0,Graph WaveNet,physical-bin,mid,applicable,5,,0.0,,0.0,,0.0,,0.0,,0.0,,0.0
non_boundary,50.0,PatchTST,physical-bin,mid,applicable,5,,0.0,,0.0,,0.0,,0.0,,0.0,,0.0
non_boundary,50.0,Physics-Aligned MoE,physical-bin,mid,applicable,5,,0.0,,0.0,,0.0,,0.0,,0.0,,0.0
non_overlap,2.0,Graph WaveNet,global,all,applicable,5,7623772.674283737,1376910.9017706683,1847.2916584162194,333.6348199105085,0.6052338260237461,0.012093996225685735,162.62916355133058,363.64986482470624,111861.75966272355,250130.4986885938,3755955.4573105066,571921.1122412211
non_overlap,2.0,Physics-Aligned MoE,global,all,applicable,5,8309283.274422722,1123070.2191206806,2013.3955111273858,272.12750645037096,0.5867700508844197,0.02195023761405599,297.03152216672896,281.836758341227,204308.18199701508,193856.7169457073,4052487.5462128534,486297.68653117743
non_overlap,2.0,Boundary-forced router,global,all,applicable,5,8365997.236626972,965569.4923936741,2027.1376875761987,233.96401560302255,0.5944269445117519,0.034766334072629704,419.1411836981773,324.40658074073605,288299.2775203963,223137.65978616956,4038848.9795532874,467106.4854613245
non_overlap,2.0,PatchTST,global,all,applicable,5,8681807.524172047,1034877.6536069169,2103.6606552391686,250.75785161301596,0.6003876908165738,0.026839452605895854,627.7666868686676,573.4118925788229,431798.8527844985,394411.8134454669,4125004.3356937743,342858.7782269744
non_overlap,2.0,Graph WaveNet,physical-bin,high,applicable,5,364090.1803686777,72602.40016573397,1264.20201516902,252.09166724213185,0.19305555555555554,0.032812040708131804,0.0,0.0,0.0,0.0,182045.09018433886,36301.200082866984
non_overlap,2.0,Boundary-forced router,physical-bin,high,applicable,5,390913.5885949055,216351.0265467957,1357.3388492878662,751.218842176374,0.22222222222222218,0.12202280132503875,0.0,0.0,0.0,0.0,195456.79429745275,108175.51327339785
non_overlap,2.0,PatchTST,physical-bin,high,applicable,5,406090.6067448298,50665.242269285685,1410.0368289751036,175.92098010168638,0.21319444444444446,0.041710046862347916,0.0,0.0,0.0,0.0,203045.3033724149,25332.621134642843
non_overlap,2.0,Physics-Aligned MoE,physical-bin,high,applicable,5,442749.1438913106,264456.6154903168,1537.3234162892732,918.2521371191557,0.20625,0.10544927946706632,0.0,0.0,0.0,0.0,221374.5719456553,132228.3077451584
non_overlap,2.0,Boundary-forced router,gate-bin,high,applicable,5,1486824.6418286623,755492.8454991756,2335.402554438294,1166.7878120497437,0.34389257219724156,0.12879853865061763,0.0,0.0,0.0,0.0,743412.3209143311,377746.4227495878
non_overlap,2.0,Physics-Aligned MoE,gate-bin,high,applicable,5,1843505.5118808416,575816.7364740284,2596.948727004734,971.6628586611992,0.33481419201252455,0.07430275351289498,0.0,0.0,0.0,0.0,921752.7559404208,287908.3682370142
non_overlap,2.0,Physics-Aligned MoE,gate-bin,low,applicable,5,2250581.9553804835,354990.99385173206,1510.2258264055085,232.59168568754347,0.5062422079629525,0.015833078827586836,2264.6163545787335,535.2385839481219,555008.6719234873,77737.54647544037,847786.641728498,170021.45871866232
non_overlap,2.0,Boundary-forced router,gate-bin,low,applicable,5,2333924.4379822286,692715.3831010788,1460.5613853351329,272.36967400674564,0.5444227013270646,0.033303268602512905,1898.9598393425345,327.9728172581301,498641.8129931134,106626.66128815753,917641.3124945574,306152.2021722286
non_overlap,2.0,Graph WaveNet,physical-bin,low,applicable,5,7188745.310178364,1271004.4985005392,1872.5567361756614,331.0769727795099,0.5859338369367023,0.011944854721925852,619.7674965918064,565.649435159017,396547.9032359908,361921.363595911,3396098.703471186,466004.64471703075
non_overlap,2.0,Physics-Aligned MoE,physical-bin,low,applicable,5,7782650.316091719,940636.592417055,2027.259785384663,245.02125356005607,0.5437353477468091,0.018892400535623913,1083.936828058958,89.7075106948937,693538.9138197232,57397.855592949476,3544555.701135999,462697.4051576689
non_overlap,2.0,Boundary-forced router,physical-bin,low,applicable,5,7871758.454075714,861689.215799199,2050.4710742578054,224.4566855429015,0.5546756967960407,0.0299843572392721,1250.4662210822105,187.72401101964863,800089.9704557676,120112.07971740518,3535834.241809973,466879.03667816025
non_overlap,2.0,PatchTST,physical-bin,low,applicable,5,8149566.044455076,990626.1093309905,2122.8356458596186,258.04274793722067,0.5700442823651992,0.017647320318554056,1462.8765780702233,743.4543358417601,935997.1972019313,475686.8658827528,3606784.423626573,263779.4448586949
non_overlap,2.0,Physics-Aligned MoE,gate-bin,mid,applicable,5,4093819.0201684264,586120.1832191525,2174.7795205366715,457.7450643810294,0.5507150577821466,0.027544246633557985,0.0,0.0,0.0,0.0,2046909.5100842132,293060.09160957625
non_overlap,2.0,Boundary-forced router,gate-bin,mid,applicable,5,4422899.067286467,353797.10579717666,2349.2899946945904,381.35543643190675,0.5532289617936905,0.0415310159134184,264.66385688781736,304.38131980292565,87022.54273064931,104966.62381373456,2167938.2622779096,210583.89213656934
non_overlap,2.0,Boundary-forced router,physical-bin,mid,applicable,5,,0.0,,0.0,,0.0,,0.0,,0.0,,0.0
non_overlap,2.0,Graph WaveNet,physical-bin,mid,applicable,5,,0.0,,0.0,,0.0,,0.0,,0.0,,0.0
non_overlap,2.0,PatchTST,physical-bin,mid,applicable,5,,0.0,,0.0,,0.0,,0.0,,0.0,,0.0
non_overlap,2.0,Physics-Aligned MoE,physical-bin,mid,applicable,5,,0.0,,0.0,,0.0,,0.0,,0.0,,0.0
non_overlap,5.0,Graph WaveNet,global,all,applicable,5,13800783.283433815,2087624.1169818533,3344.0230878201633,505.84543663238486,0.23968984734674098,0.008084480725424482,8476.463507246975,1323.9581848915896,5830394.1490680445,910662.5715079318,1594077.8268731544,243191.21429159373
non_overlap,5.0,PatchTST,global,all,applicable,5,14863724.215017116,1190650.8952130969,3601.58086140468,288.5027611371691,0.22747758662466683,0.01401760839154453,10673.368095252517,1538.6630863449611,7341498.354851189,1058343.7595576085,1504445.1720331851,53833.24051884964
non_overlap,5.0,Boundary-forced router,global,all,applicable,5,15038710.366706138,1914569.0401913286,3643.981188928068,463.91302161166203,0.205766900896535,0.030077970634730354,10545.625708293917,1003.8116692085583,7253632.883021498,690455.12647062,1557015.4967369281,354120.13357445877
non_overlap,5.0,Physics-Aligned MoE,global,all,applicable,5,15393125.833282894,2455295.5173321078,3729.8584524552693,594.9347025277702,0.20620305306518052,0.02048674641997985,10097.116544985924,610.4353194748127,6945133.330192817,419877.76057875855,1689598.5006180152,418918.9714143886
non_overlap,5.0,Graph WaveNet,physical-bin,high,applicable,5,941170.7119106802,186672.19789296173,3267.9538608009725,648.1673537950061,0.1451388888888889,0.00752759839884681,4710.713927307126,2556.9989794653434,226114.26851074205,122735.95101433648,143011.2886799876,18040.90252628945
non_overlap,5.0,Boundary-forced router,physical-bin,high,applicable,5,958958.7506493917,454081.5992702186,3329.717884199277,1576.6722196882592,0.12708333333333333,0.022314262518138367,7062.332487335201,6943.892114581894,338991.9593920897,333306.82149993087,123993.35825146043,27646.12585663506
non_overlap,5.0,PatchTST,physical-bin,high,applicable,5,1031390.4849695887,122722.83814156552,3581.2169616999613,426.12096576932464,0.15763888888888888,0.03149977341678257,4961.844228515622,4666.964409796236,238168.52296874984,224014.29167021927,158644.3924001678,32664.367007757297
non_overlap,5.0,Physics-Aligned MoE,physical-bin,high,applicable,5,1088330.4786204274,571524.8175525508,3778.9252729875952,1984.461172057468,0.13194444444444445,0.018208486947398465,6667.8614276123,6757.871221808257,320057.3485253904,324377.81864679634,153654.6260190074,57261.553042005806
non_overlap,5.0,Boundary-forced router,gate-bin,high,applicable,5,3227366.031581924,1274248.9601205871,5066.702332356304,1848.572245527078,0.1961112831249735,0.06830308559367337,11647.454633257395,3694.7573386936438,1225907.6051883386,414250.4524241877,400291.68527871714,186355.6776022836
non_overlap,5.0,Physics-Aligned MoE,gate-bin,high,applicable,5,4123922.9888226637,1029517.8214630623,5801.895128322683,1788.898079154517,0.20697383663701885,0.05102615012952927,11541.973057146075,2812.3134853385095,1373541.1191711572,318734.14821968967,550076.3739303013,185988.46026008207
non_overlap,5.0,Physics-Aligned MoE,gate-bin,low,applicable,5,3749678.23439681,673186.3957222129,2505.737018999658,349.89841251804717,0.22216234699160414,0.025242051720605483,8404.76611044407,1869.3267675021877,2063267.2468659654,283859.4377151675,337282.197506169,130910.97960690339
non_overlap,5.0,Boundary-forced router,gate-bin,low,applicable,5,3903495.476605228,1215744.0919964933,2438.013760287802,452.6959005826218,0.25605484034680126,0.03859938941327301,7043.711405806544,1157.8709575074981,1845899.8838731474,359597.39496313117,411519.1185464163,207464.83235372131
non_overlap,5.0,Graph WaveNet,physical-bin,low,applicable,5,12740906.132255534,1934363.825046177,3318.8085783421548,503.8717960526641,0.23849960927324823,0.007483207889475863,8870.060453732312,1377.6035745442632,5675360.346979723,881436.6871125709,1413109.157055162,218924.21490190373
non_overlap,5.0,PatchTST,physical-bin,low,applicable,5,13709382.738203809,1227225.9115820376,3571.0817239395174,319.67332940402133,0.22250586090127636,0.01805384985905257,11202.13191819191,1388.6958056166666,7167497.405656457,888533.8662937306,1308377.0665094706,79949.50382543182
non_overlap,5.0,Boundary-forced router,physical-bin,low,applicable,5,13917912.749863848,1647533.1180766306,3625.400560006213,429.1568424268379,0.2094295389424329,0.024137371514948987,10728.043959632516,531.9216000165926,6864160.126838204,340341.17041061656,1410750.524605129,344359.6338836951
non_overlap,5.0,Physics-Aligned MoE,physical-bin,low,applicable,5,14182309.611291701,2073809.8440686048,3694.2718445667365,540.1953227581673,0.21187809325345142,0.021737271648225167,10195.289286426454,174.86926288088432,6523285.928431859,111887.18336661917,1531804.736571968,417725.3676965877
non_overlap,5.0,Physics-Aligned MoE,gate-bin,mid,applicable,5,7442186.824091214,1239883.4083155724,3962.808354727355,956.317576832971,0.2246764714602298,0.019270681722220094,10211.508203365505,713.4656528721373,3236415.965513584,297468.43854735274,841154.1717155257,244213.02722480753
non_overlap,5.0,Boundary-forced router,gate-bin,mid,applicable,5,7719362.680262688,686350.1918580638,4089.0574402996817,595.3466451954329,0.2192838598150813,0.02552620826560618,11715.049199153184,522.4160836787048,3730965.255558779,488436.9082545081,797679.4849407815,130277.99661249244
non_overlap,5.0,Boundary-forced router,physical-bin,mid,applicable,5,,0.0,,0.0,,0.0,,0.0,,0.0,,0.0
non_overlap,5.0,Graph WaveNet,physical-bin,mid,applicable,5,,0.0,,0.0,,0.0,,0.0,,0.0,,0.0
non_overlap,5.0,PatchTST,physical-bin,mid,applicable,5,,0.0,,0.0,,0.0,,0.0,,0.0,,0.0
non_overlap,5.0,Physics-Aligned MoE,physical-bin,mid,applicable,5,,0.0,,0.0,,0.0,,0.0,,0.0,,0.0
non_overlap,10.0,Graph WaveNet,global,all,applicable,5,18666086.45962369,2888317.1944975,4522.918938605208,699.8587822867701,0.09697116549551733,0.012755558130447958,16318.543113238808,1248.007900633847,11224437.904722758,858421.4343193141,744164.8554900934,209004.57352459425
non_overlap,10.0,PatchTST,global,all,applicable,5,19824845.557610113,1579897.1482845587,4803.694101674367,382.8197597006442,0.093530409498425,0.005327994530481231,18222.604571649426,1957.4139347337727,12534114.844532862,1346374.5514410464,729073.0713077247,66887.78889495328
non_overlap,10.0,Boundary-forced router,global,all,applicable,5,20740474.51443127,3349500.0865961625,5025.557187892239,811.6065148040133,0.08945965592440028,0.008560667323599874,18411.626629672646,1575.7028833076936,12664130.5167765,1083820.9665684756,807634.3997654768,282124.74750446033
non_overlap,10.0,Physics-Aligned MoE,global,all,applicable,5,21614701.296522304,4309489.265292652,5237.388247279453,1044.218382673286,0.09299733462563606,0.01494013261658832,18293.97640874981,1468.5861699519824,12583206.773151746,1010142.5205653049,903149.4523370555,345016.9089331184
non_overlap,10.0,Boundary-forced router,physical-bin,high,applicable,5,1690208.519220226,461480.8964319327,5868.779580625784,1602.3642237219888,0.0625,0.014731391274719738,24350.16772372485,7846.5884866034885,1168808.0507387929,376636.2473569674,52140.0468481433,19102.027780483175
non_overlap,10.0,Graph WaveNet,physical-bin,high,applicable,5,1724585.8356248096,180725.65475588324,5988.145262586144,627.519634569039,0.061111111111111116,0.014853645580699609,24421.424773540515,3392.7897323268335,1172228.3891299446,162853.907151688,55235.744649486485,20570.68298935038
non_overlap,10.0,PatchTST,physical-bin,high,applicable,5,1888900.5783012458,155384.3213121111,6558.682563545993,539.5288934448303,0.058333333333333334,0.006211299937499415,25697.219000034354,4072.796472963091,1233466.512001649,195494.2307022283,65543.40662995967,13445.923299349313
non_overlap,10.0,Physics-Aligned MoE,physical-bin,high,applicable,5,1972418.7482113969,666704.0414442717,6848.676209067351,2314.9445883481653,0.07083333333333333,0.02582082283691418,25792.356645402942,7666.988664763738,1238033.1189793411,368015.4559086594,73438.56292320555,49503.23993100301
non_overlap,10.0,Boundary-forced router,gate-bin,high,applicable,5,4465452.38125276,1565425.1097630325,6992.737826911085,2055.2788629973297,0.09519235291951822,0.029287556627673808,26270.88823840142,6395.043689931121,2760872.804375689,708460.5531684983,170457.9576877071,92322.19226161292
non_overlap,10.0,Physics-Aligned MoE,gate-bin,high,applicable,5,5866600.742283048,1301836.0379242762,8253.119056183792,2306.9919740169303,0.11868231406028498,0.039261170969027835,26002.602327284818,5231.959169529072,3106366.4375940114,648494.8732430963,276023.4304689036,115894.41793134162
non_overlap,10.0,Physics-Aligned MoE,gate-bin,low,applicable,5,4694481.770628385,985809.3760792674,3125.1906448098134,443.77556683964514,0.10135733702065866,0.01862069960854997,13368.173338810506,2495.567246942992,3293383.7245602086,381914.9939519607,140109.80460681772,92359.75911568938
non_overlap,10.0,Boundary-forced router,gate-bin,low,applicable,5,4942330.132360175,1788522.7312476197,3072.6133708805405,680.9201757857948,0.13693693831772596,0.03846581042425749,11207.584613940722,1764.4325237435396,2934579.0112188086,543777.7785796536,200775.11211413672,163339.70506417856
non_overlap,10.0,Graph WaveNet,physical-bin,low,applicable,5,17051647.53319958,2747281.6328625455,4441.6899018493295,715.6242857156928,0.10440218806980983,0.011166554645117037,15767.926378569007,1395.8168107421377,10088844.894554403,893090.1227398447,696280.2638645174,187200.57087156572
non_overlap,10.0,PatchTST,physical-bin,low,applicable,5,18070674.62646479,1636673.776694566,4707.130665919455,426.3281523038724,0.10127637405574368,0.0071298562238595615,17704.245312994717,1696.1772730618773,11327766.292764453,1085270.7585474246,674290.8333700334,62729.627025712594
non_overlap,10.0,Boundary-forced router,physical-bin,low,applicable,5,19040610.097560007,2928525.714373406,4959.783823276896,762.8355598784592,0.0959624902318312,0.008861451491353955,17616.927896068246,863.4798484921091,11271897.698834334,552483.1897268683,776871.2398725674,278861.3179756868
non_overlap,10.0,Physics-Aligned MoE,physical-bin,low,applicable,5,19725646.505516212,3707106.434333482,5138.225190288152,965.6437703395368,0.09981766084917947,0.019147294165392893,17392.30675897654,650.5381432281595,11128177.607951824,416235.98864215094,859746.889756439,339392.573995646
non_overlap,10.0,Physics-Aligned MoE,gate-bin,mid,applicable,5,10276062.61558402,2150448.336548006,5487.711578904092,1576.336631102687,0.11733260667245873,0.019813538940172695,16999.12094469078,1996.0879507538878,5382093.2483309405,635788.3316524656,489396.9367253077,204095.74874335705
non_overlap,10.0,Boundary-forced router,gate-bin,mid,applicable,5,10548883.833430473,1093357.3466501613,5610.548898295903,1063.3621865967816,0.10985491603983988,0.012790840832899776,18400.486339120864,400.8948869804501,5873157.859794624,839187.985762877,467572.5973635847,124313.37536893557
non_overlap,10.0,Boundary-forced router,physical-bin,mid,applicable,5,,0.0,,0.0,,0.0,,0.0,,0.0,,0.0
non_overlap,10.0,Graph WaveNet,physical-bin,mid,applicable,5,,0.0,,0.0,,0.0,,0.0,,0.0,,0.0
non_overlap,10.0,PatchTST,physical-bin,mid,applicable,5,,0.0,,0.0,,0.0,,0.0,,0.0,,0.0
non_overlap,10.0,Physics-Aligned MoE,physical-bin,mid,applicable,5,,0.0,,0.0,,0.0,,0.0,,0.0,,0.0
non_overlap,20.0,Graph WaveNet,global,all,applicable,5,24309445.500476874,3655256.2214167514,5890.342985334837,885.6932932921619,0.042306760358614005,0.005365330480634272,25260.777610292414,2433.394277823,17375204.866279464,1673769.6974292526,346712.0317098705,106427.849730142
non_overlap,20.0,PatchTST,global,all,applicable,5,25764480.84396626,2010518.3821000347,6242.907885623034,487.16219580810156,0.03750908650351345,0.003975603450834734,28594.16018803832,2543.723427873252,19668016.516005687,1749657.7644721523,304823.2163980285,26819.085276339367
non_overlap,20.0,Boundary-forced router,global,all,applicable,5,27618084.69979145,5132405.090353144,6692.048630916269,1243.6164502915303,0.03813908408044584,0.00978661377107494,29121.84492785898,3718.569657838123,20030975.66954567,2557756.16298299,379355.4515122887,203855.67720713338
non_overlap,20.0,Physics-Aligned MoE,global,all,applicable,5,28609532.236271538,6292030.645365988,6932.28307154629,1524.6015617557518,0.04327598740004846,0.007899349040746293,28872.208710571955,4474.355096679954,19859267.558088403,3077610.5806663614,437513.2339091571,199254.01925946967
non_overlap,20.0,Graph WaveNet,physical-bin,high,applicable,5,2867730.4302465217,227288.91179075066,9957.397327244867,789.1976103845511,0.008333333333333333,0.0019018144357818268,57846.83671544392,4557.512800643028,2776648.162341308,218760.61443086524,4554.113395260706,1545.1329610773662
non_overlap,20.0,PatchTST,physical-bin,high,applicable,5,2960707.9656668613,267580.6006397166,10280.23599189882,929.099307776794,0.01388888888888889,0.004252586358998574,58233.175856800095,6527.531313704828,2795192.4411264043,313321.5030578318,8275.776227022796,3832.385083983554
non_overlap,20.0,Boundary-forced router,physical-bin,high,applicable,5,3246612.3259905525,498977.5321105162,11272.959465244972,1732.560875383737,0.004861111111111111,0.005810139073153302,66567.73024711615,11180.631918334506,3195251.0518615744,536670.3320800563,2568.063706448859,4061.7339072996742
non_overlap,20.0,Physics-Aligned MoE,physical-bin,high,applicable,5,3282164.1595541653,627181.4179907365,11396.403331785297,2177.71325691228,0.014583333333333334,0.01353721436779023,64119.86337232598,12173.752480331268,3077753.441871647,584340.1190559008,10220.535884125959,16750.88767809991
non_overlap,20.0,Boundary-forced router,gate-bin,high,applicable,5,5766794.791189875,1631471.4326547782,9034.47731847184,1739.0722422695499,0.02820214217664846,0.01179980527854331,48503.04154396055,8068.0453949290395,5158937.565100858,1380781.8366321623,30392.861304450886,14371.844086118797
non_overlap,20.0,Physics-Aligned MoE,gate-bin,high,applicable,5,7231815.275709113,1415773.1131278828,10154.748880128574,2419.859103099973,0.04556017439868333,0.03141867645026122,47848.443192729945,7844.3584532515315,5735148.267479964,1100748.525864517,74833.35041145752,52744.66336145221
non_overlap,20.0,Physics-Aligned MoE,gate-bin,low,applicable,5,5659223.677615115,1467113.8114622312,3748.484510712167,622.40233956943,0.0458160415129934,0.022106807909546347,17637.65932602733,2228.10777763503,4365523.946427232,306906.38266466657,64684.98655939418,70433.03267286561
non_overlap,20.0,Boundary-forced router,gate-bin,low,applicable,5,5953279.035838672,2479454.064208232,3683.041029692892,984.2579327911852,0.06510137941985891,0.03794064794604916,15330.57437935769,2193.074653348051,4017829.093023581,714308.1814969201,96772.49714075447,116166.534379603
non_overlap,20.0,Graph WaveNet,physical-bin,low,applicable,5,21952133.25051276,3744476.188874856,5718.190479425049,975.3780122101736,0.052930450638187035,0.008577023289898834,22333.196394608916,2003.7761298506286,14289523.493150603,1282082.7604160947,383130.4878681079,129415.19891342639
non_overlap,20.0,PatchTST,physical-bin,low,applicable,5,22855021.239220887,2177814.2205762626,5953.378806778037,567.2868508924881,0.04881479551966658,0.0036865689635200358,25165.002753198147,2518.6480052091433,16101407.59492128,1611514.9486663167,337680.6822149803,34787.827302819576
non_overlap,20.0,Boundary-forced router,physical-bin,low,applicable,5,25025563.66089318,4739904.809332277,6518.7714667604005,1234.6717398625362,0.04610575670747591,0.009607959438139094,25505.452804592253,1839.2453612488796,16319238.886138275,1176810.4903057409,435316.2387377452,212404.8192194938
non_overlap,20.0,Physics-Aligned MoE,physical-bin,low,applicable,5,25844317.635979284,5470922.984839761,6732.0441875434435,1425.0906446574002,0.05261786923678041,0.008674564108021211,25295.524029648303,2634.902567012535,16184919.458303306,1685898.4924601864,482969.908883799,200591.87619807755
non_overlap,20.0,Physics-Aligned MoE,gate-bin,mid,applicable,5,13386728.267756306,3177864.972108912,7158.871959131725,2230.582128916033,0.06624708615870442,0.021250072576697056,24524.43261194109,3685.9781477288875,7750184.41268946,1018596.7740003514,281827.19275334233,150742.91902035533
non_overlap,20.0,Boundary-forced router,gate-bin,mid,applicable,5,13715943.4409102,1801810.5339752743,7347.042780370323,1875.4383178373141,0.06142977527005218,0.014192628002045281,25696.636422703254,814.3205765846387,8206119.394700443,1214357.0388209503,275491.20231048774,116403.90380158732
non_overlap,20.0,Boundary-forced router,physical-bin,mid,applicable,5,,0.0,,0.0,,0.0,,0.0,,0.0,,0.0
non_overlap,20.0,Graph WaveNet,physical-bin,mid,applicable,5,,0.0,,0.0,,0.0,,0.0,,0.0,,0.0
non_overlap,20.0,PatchTST,physical-bin,mid,applicable,5,,0.0,,0.0,,0.0,,0.0,,0.0,,0.0
non_overlap,20.0,Physics-Aligned MoE,physical-bin,mid,applicable,5,,0.0,,0.0,,0.0,,0.0,,0.0,,0.0
non_overlap,50.0,Graph WaveNet,global,all,applicable,5,31434478.40653748,4022884.5386465434,7616.786626250903,974.7721198562017,0.013569178580082383,0.004906337952826893,39996.50197166447,4216.911928123318,27510927.272843204,2900532.587894154,78471.02267388537,31661.828257857433
non_overlap,50.0,PatchTST,global,all,applicable,5,33602167.88337162,1397330.2218791828,8142.032440846042,338.58255921472795,0.011388417736854858,0.0034480856483541816,43522.27013619874,1816.6441815849132,29936068.14201536,1249548.4229001561,73321.99482712519,25292.145223389347
non_overlap,50.0,Boundary-forced router,global,all,applicable,5,36216375.92367305,6391609.53394916,8775.472721994924,1548.7301996484516,0.012163799370002424,0.004001364364775251,46463.612787859674,6579.6134516940665,31959221.662582807,4525677.45252357,85143.0852218047,54730.365332272
non_overlap,50.0,Physics-Aligned MoE,global,all,applicable,5,37453834.800170645,8003773.540842389,9075.317373436068,1939.3684373255126,0.015653016719166465,0.007543877672373894,45268.93755848289,8233.197085122163,31137484.217309814,5663067.395049859,126327.01165721663,95420.83867610674
non_overlap,50.0,Graph WaveNet,physical-bin,high,applicable,5,3968104.2988952594,152079.92086124088,13778.139926719648,528.0552807681977,0.0,0.0,82668.8395603179,3168.3316846091884,3968104.2988952594,152079.92086124103,0.0,0.0
non_overlap,50.0,PatchTST,physical-bin,high,applicable,5,4006005.6686074557,308244.12357237743,13909.741904886998,1070.2920957374215,0.0006944444444444444,0.0015528249843748537,83445.76278762813,6421.502298828081,4005396.613806151,308232.11034374783,12.181096026103479,27.237758754819932
non_overlap,50.0,Boundary-forced router,physical-bin,high,applicable,5,4392605.210947262,590392.6323166089,15252.101426900219,2049.9744177660036,0.0,0.0,91512.60856140128,12299.846506596017,4392605.210947262,590392.6323166086,0.0,0.0
non_overlap,50.0,Physics-Aligned MoE,physical-bin,high,applicable,5,4659737.916126249,620935.1964142224,16179.64554210503,2156.0249875493832,0.0,0.0,97077.8732526302,12936.149925296302,4659737.916126248,620935.1964142225,0.0,0.0
non_overlap,50.0,Boundary-forced router,gate-bin,high,applicable,5,7898531.004302408,1673297.8775068666,12473.14148352581,1891.8780996386176,0.0018837209302325583,0.0033588799315497474,74201.7490588569,11479.381703258752,7817947.83274657,1585369.085744011,1611.663431116744,3303.522953810566
non_overlap,50.0,Physics-Aligned MoE,gate-bin,high,applicable,5,9071712.722651724,1518119.0186904087,12627.695351302427,1846.3995515030274,0.010849811883356483,0.015263495326958513,70602.07271531706,10675.205296075474,8494533.203852406,1736188.6391155496,11543.590375986361,14658.980489289712
non_overlap,50.0,Physics-Aligned MoE,gate-bin,low,applicable,5,6783650.414641215,2119056.455015798,4475.0954085608355,933.1364481893155,0.02049229615187852,0.013659859144606858,21908.587248628137,1851.1588717166967,5449894.379233959,521651.91817083454,26675.120708145114,33425.88258163018
non_overlap,50.0,Boundary-forced router,gate-bin,low,applicable,5,7703448.398886549,4676313.38213184,4686.117046243924,2065.1448259251565,0.03351212293572872,0.02771626817695238,18687.685465461604,2357.936485473113,4884742.557833033,711995.7929041315,56374.116821070354,91392.57541301328
non_overlap,50.0,Graph WaveNet,physical-bin,low,applicable,5,28741342.67617961,5463304.089993959,7486.674310023343,1423.1060406340084,0.031831206043240426,0.004332977835115183,29190.59260343313,2964.557969291885,18677114.167429965,1896823.007351924,201284.57017499296,72766.45727963762
non_overlap,50.0,PatchTST,physical-bin,low,applicable,5,28899780.049137063,2472584.2844226724,7527.944790085196,644.069883934012,0.02307892680385517,0.0027970262454902043,34372.07947369516,2666.735456359693,21992402.183252618,1706266.2361608096,138147.55731768892,18816.51329653856
non_overlap,50.0,Boundary-forced router,physical-bin,low,applicable,5,32848093.76896699,7070935.530608612,8556.419319866367,1841.8691145112302,0.024954415212294873,0.00560616871156639,35675.95728837103,4720.898499129124,22826666.671676062,3020588.2230261164,200428.54194581855,89944.63187964704
non_overlap,50.0,Physics-Aligned MoE,physical-bin,low,applicable,5,33982301.91042239,7915990.015526664,8851.862961818802,2061.992710478422,0.027819744725188854,0.007865165495234883,35662.081396842004,5576.213699806605,22817788.41374607,3567847.398926259,223290.26993352632,103693.1527116067
non_overlap,50.0,Physics-Aligned MoE,gate-bin,mid,applicable,5,17802960.349637408,4770394.97989086,9532.029572250332,3163.4797933148557,0.04169071812528009,0.017287618985784892,31898.058500317926,6524.795494474635,10047876.89080456,1627965.2286700073,155101.66917665696,89717.07131152236
non_overlap,50.0,Boundary-forced router,gate-bin,mid,applicable,5,18852790.261760302,3996264.5321782655,10249.09307519298,3920.6731475101055,0.04054618808436753,0.016579687990582164,32610.87336339265,1518.6718215957158,10452057.847706087,1852540.9288913137,168014.64828108426,101465.67280174054
non_overlap,50.0,Boundary-forced router,physical-bin,mid,applicable,5,,0.0,,0.0,,0.0,,0.0,,0.0,,0.0
non_overlap,50.0,Graph WaveNet,physical-bin,mid,applicable,5,,0.0,,0.0,,0.0,,0.0,,0.0,,0.0
non_overlap,50.0,PatchTST,physical-bin,mid,applicable,5,,0.0,,0.0,,0.0,,0.0,,0.0,,0.0
non_overlap,50.0,Physics-Aligned MoE,physical-bin,mid,applicable,5,,0.0,,0.0,,0.0,,0.0,,0.0,,0.0
