subset,cost_ratio,model,policy,status,n_runs,overall_rmse_mean,total_cost_mean,total_cost_std,mean_cost_mean,mean_cost_std,violation_rate_mean,violation_rate_std,mean_reserve_mean,mean_reserve_std,reserve_energy_mean,reserve_energy_std,shortage_energy_mean,shortage_energy_std,best_quantile,reserve,regret
boundary,2.0,Graph WaveNet,global,applicable,5,225.73768659711436,27817612.87530131,5028263.72189719,2600.992321206293,470.15088563788595,0.32370266479663395,0.03541818039020921,0.0,0.0,0.0,0.0,13908806.43765065,2514131.860948594,all=0.500,all=0,0.0
boundary,2.0,Graph WaveNet,physical-bin,applicable,5,225.73768659711436,27817612.87530131,5028263.72189719,2600.992321206293,470.15088563788595,0.32370266479663395,0.03541818039020921,0.0,0.0,0.0,0.0,13908806.43765065,2514131.860948594,low=0.500;mid=0.500;high=0.500,low=0;mid=0;high=0,0.0
boundary,2.0,Boundary-forced router,gate-bin,applicable,5,236.13049092783208,29024876.617449652,11694581.297243576,2713.8734565170316,1093.462486885795,0.34197288452547914,0.11102715172659147,0.0,0.0,0.0,0.0,14512438.308724826,5847290.648621787,low=0.500;mid=0.500;high=0.500,low=0;mid=0;high=0,1207263.7421483435
boundary,2.0,Boundary-forced router,global,applicable,5,236.13049092783208,29024876.617449652,11694581.297243576,2713.8734565170316,1093.462486885795,0.34197288452547914,0.11102715172659147,0.0,0.0,0.0,0.0,14512438.308724826,5847290.648621787,all=0.500,all=0,1207263.7421483435
boundary,2.0,Boundary-forced router,physical-bin,applicable,5,236.13049092783208,29024876.617449652,11694581.297243576,2713.8734565170316,1093.462486885795,0.34197288452547914,0.11102715172659147,0.0,0.0,0.0,0.0,14512438.308724826,5847290.648621787,low=0.500;mid=0.500;high=0.500,low=0;mid=0;high=0,1207263.7421483435
boundary,2.0,PatchTST,global,applicable,5,228.06964953977132,29875364.090483375,2172559.257532571,2793.395426880166,203.1378454915914,0.3483122954651707,0.027547651320500258,0.0,0.0,0.0,0.0,14937682.045241687,1086279.6287662855,all=0.500,all=0,2057751.215182066
boundary,2.0,PatchTST,physical-bin,applicable,5,228.06964953977132,29875364.090483375,2172559.257532571,2793.395426880166,203.1378454915914,0.3483122954651707,0.027547651320500258,0.0,0.0,0.0,0.0,14937682.045241687,1086279.6287662855,low=0.500;mid=0.500;high=0.500,low=0;mid=0;high=0,2057751.215182066
boundary,2.0,Physics-Aligned MoE,gate-bin,applicable,5,241.41708330423808,30367434.292438738,11886942.485310556,2839.404795926951,1111.4485727265596,0.34021505376344086,0.09952002049260535,0.0,0.0,0.0,0.0,15183717.146219373,5943471.242655276,low=0.500;mid=0.500;high=0.500,low=0;mid=0;high=0,2549821.417137429
boundary,2.0,Physics-Aligned MoE,global,applicable,5,241.41708330423808,30367434.292438738,11886942.485310556,2839.404795926951,1111.4485727265596,0.34021505376344086,0.09952002049260535,0.0,0.0,0.0,0.0,15183717.146219373,5943471.242655276,all=0.500,all=0,2549821.417137429
boundary,2.0,Physics-Aligned MoE,physical-bin,applicable,5,241.41708330423808,30367434.292438738,11886942.485310556,2839.404795926951,1111.4485727265596,0.34021505376344086,0.09952002049260535,0.0,0.0,0.0,0.0,15183717.146219373,5943471.242655276,low=0.500;mid=0.500;high=0.500,low=0;mid=0;high=0,2549821.417137429
boundary,2.0,Graph WaveNet,gate-bin,not_applicable,5,225.73768659711436,,0.0,,0.0,,0.0,,0.0,,0.0,,0.0,,,
boundary,2.0,PatchTST,gate-bin,not_applicable,5,228.06964953977132,,0.0,,0.0,,0.0,,0.0,,0.0,,0.0,,,
boundary,5.0,Boundary-forced router,gate-bin,applicable,5,236.13049092783208,60496057.708510876,17445939.631203678,5656.480384152489,1631.2239019358278,0.2028985507246377,0.03471467827075453,12130.647389770553,6719.917753272339,21622878.972266007,11978253.395207942,7774635.747248973,1718492.4524494335,low=0.800;mid=0.500;high=0.800|low=0.800;mid=0.800;high=0.800,low=11423.3;mid=0;high=762.727|low=13930.7;mid=11412.7;high=3941.21|low=20164.2;mid=16526.8;high=12582.3|low=23996.1;mid=20189;high=17522.1|low=8300.35;mid=3132.76;high=3891.05,0.0
boundary,5.0,Graph WaveNet,physical-bin,applicable,5,225.73768659711436,60619862.865993,7387522.2545616245,5668.0563689568025,690.7454188463417,0.2043197755960729,0.012518992707412496,10897.322005304997,3195.6343978838127,19424476.474456154,5696218.314227894,8239077.278307368,628797.0699836166,low=0.800;mid=0.800;high=0.800,low=11769.1;mid=4874.15;high=6598.86|low=12349;mid=4276.38;high=8008.37|low=13954.4;mid=5919.38;high=2341.91|low=14715.2;mid=11390;high=9438.46|low=21425.4;mid=12576.5;high=9285.75,123805.15748212487
boundary,5.0,Boundary-forced router,physical-bin,applicable,5,236.13049092783208,61060450.82350285,17491181.240450185,5709.252063908635,1635.4540664282547,0.20196353436185133,0.03146903105544823,11907.572099274494,7023.517836529212,21225247.26695678,12519420.543613318,7967040.711309215,1610962.350393563,low=0.800;mid=0.800;high=0.500|low=0.800;mid=0.800;high=0.800,low=10696.4;mid=547.531;high=0|low=14916;mid=5146.93;high=7449.33|low=21068.8;mid=15234.2;high=12591.5|low=23826.5;mid=18433.3;high=18814.9|low=9547.22;mid=1604.94;high=3857.85,564393.1149919778
boundary,5.0,PatchTST,physical-bin,applicable,5,228.06964953977132,61156142.60906315,4569781.576612486,5718.199402436947,427.282054849227,0.20742402992052358,0.019905705626220065,12240.804974615605,2782.042809116901,21819234.867252313,4958991.307250876,7867381.548362168,1223720.1628364793,low=0.800;mid=0.800;high=0.500|low=0.800;mid=0.800;high=0.800,low=15019.3;mid=8747.39;high=0|low=15229.4;mid=9623.01;high=3763.71|low=17826.2;mid=17541.8;high=12388.7|low=18295.5;mid=8596;high=364.458|low=18714.4;mid=13582.2;high=4817.28,660084.9005522728
boundary,5.0,Boundary-forced router,global,applicable,5,236.13049092783208,62441664.72388164,17507247.937434833,5838.3978236448465,1636.9563288859122,0.21987844787283778,0.021458839417512723,10911.280956286191,7165.792558545192,19449358.304580137,12773025.235606804,8598461.2838603,1439868.217432864,all=0.800,all=16037.4|all=20382.4|all=3401.15|all=5380.21|all=9355.29,1945607.0153707638
boundary,5.0,Graph WaveNet,global,applicable,5,225.73768659711436,62608889.023662046,8449971.418732941,5854.033569299865,790.0861541592279,0.22545114539504443,0.01539847332389509,9923.949272841215,2740.882353772981,17689439.578839466,4885622.795600338,8983889.888964519,833249.570828147,all=0.800,all=11491.6|all=14004.3|all=7775.39|all=7854.88|all=8493.62,2112831.31515117
boundary,5.0,Physics-Aligned MoE,physical-bin,applicable,5,241.41708330423808,63740025.68330368,19151263.2502632,5959.796697831107,1790.6744507024966,0.20170172978027115,0.02494246186342894,12175.388516690853,5806.421881325474,21702630.03100144,10349947.003462654,8407479.130460449,1909948.724010418,low=0.800;mid=0.800;high=0.800,low=11328.5;mid=9291.61;high=2817.2|low=16108.5;mid=9255.29;high=3927.13|low=20062.3;mid=10423.2;high=9379.27|low=23866.6;mid=18888.5;high=17298.2|low=9757.81;mid=1912.11;high=2935.77,3243967.974792801
boundary,5.0,Physics-Aligned MoE,gate-bin,applicable,5,241.41708330423808,64257506.75122559,19245190.15905336,6008.182024425021,1799.4567703649705,0.20906965871902758,0.02519578514645265,11663.323877533627,5566.073190558246,20789874.81170369,9921525.462170074,8693526.38790438,1988316.4643180126,low=0.800;mid=0.800;high=0.800,low=10065.6;mid=544.348;high=3343.24|low=10536.9;mid=11906.5;high=1883.98|low=15440.6;mid=8698.44;high=5097.71|low=16899.2;mid=12012.4;high=10059.7|low=21870;mid=20218.1;high=17144.7,3761449.042714715
boundary,5.0,PatchTST,global,applicable,5,228.06964953977132,65894162.81256311,4027461.8898588647,6161.212044185423,376.574276751647,0.23190275829827023,0.020709440993826343,11450.263690185548,2794.559025723152,20410095.027755737,4981301.463351518,9096813.556961475,1396651.020988263,all=0.800,all=10421.1|all=12916.3|all=15572.1|all=8600.74|all=9741.18,5398105.104052231
boundary,5.0,Physics-Aligned MoE,global,applicable,5,241.41708330423808,66278625.62675289,19621571.192599103,6197.159946400457,1834.6490128657413,0.22167367928938758,0.026825226732075297,11131.135393428802,5356.170044947704,19841248.83878684,9547373.105119282,9287475.357593209,2141823.578593776,all=0.800,all=12943.4|all=19284.2|all=5158.69|all=8311.36|all=9957.99,5782567.918242015
boundary,5.0,Graph WaveNet,gate-bin,not_applicable,5,225.73768659711436,,0.0,,0.0,,0.0,,0.0,,0.0,,0.0,,,
boundary,5.0,PatchTST,gate-bin,not_applicable,5,228.06964953977132,,0.0,,0.0,,0.0,,0.0,,0.0,,0.0,,,
boundary,10.0,Boundary-forced router,physical-bin,applicable,5,236.13049092783208,83775555.79087007,17505695.986962732,7833.151546598417,1636.8112189773474,0.0880411407199626,0.01437336397690016,29878.564451791684,7909.006454650441,53258541.13531867,14097804.005414411,3051701.4655551384,739810.1073950599,low=0.900;mid=0.900;high=0.900,low=26359.6;mid=22080.1;high=14108.1|low=27445.3;mid=22963.1;high=12686.9|low=38209.5;mid=25517.8;high=19536.2|low=39451;mid=38376.7;high=22335.2|low=45068.9;mid=40411.9;high=31579.8,0.0
boundary,10.0,Graph WaveNet,physical-bin,applicable,5,225.73768659711436,84314352.53911972,8088614.857478072,7883.529924181367,756.2987244018769,0.09305282842449744,0.006100363765295927,28245.40096528565,3358.6309209368324,50347427.22062167,5986759.616569905,3396692.5318498043,393792.87643826794,low=0.900;mid=0.900;high=0.900,low=27749.3;mid=26998.5;high=19331.3|low=28727.5;mid=26691.1;high=16220|low=31689.9;mid=29515.6;high=18339.1|low=33340.3;mid=33571.6;high=21424.7|low=37639.3;mid=33877.8;high=23096,538796.74824965
boundary,10.0,Boundary-forced router,gate-bin,applicable,5,236.13049092783208,84577216.79579607,17111133.613732573,7908.108162299772,1599.918991466346,0.09004207573632539,0.016434358928101016,29546.50148252364,7982.859258340371,52666638.8925984,14229446.627991712,3191057.790319767,727906.5872226388,low=0.900;mid=0.900;high=0.900,low=22817.7;mid=25781.7;high=14110.6|low=29976.2;mid=11708;high=14708.3|low=34815.3;mid=33998.2;high=15710.7|low=38547.1;mid=37457;high=24642.8|low=46703;mid=40267;high=30202.1,801661.0049259961
boundary,10.0,PatchTST,physical-bin,applicable,5,228.06964953977132,84743490.37206304,4596771.938299247,7923.655013750635,429.80569783069166,0.09604488078541375,0.013562475997954796,28930.69334728226,2182.951993402548,51568960.89153063,3891111.928240042,3317452.948053241,758607.08453758,low=0.900;mid=0.900;high=0.900,low=32216.3;mid=29548;high=16545.6|low=32970.8;mid=25452.3;high=15194.6|low=33878.6;mid=33060.3;high=17767.8|low=34375.4;mid=37113.6;high=22156.8|low=35328.8;mid=29569;high=18214.3,967934.5811929703
boundary,10.0,Physics-Aligned MoE,physical-bin,applicable,5,241.41708330423808,87779699.12119886,21213805.3157159,8207.545499878343,1983.525508715839,0.09737260402057037,0.018341651428870096,29151.627967848173,6156.961398928967,51962776.85268937,10974783.693590885,3581692.226850948,1176502.8264042088,low=0.900;mid=0.900;high=0.900,low=27077.5;mid=23199.5;high=14254|low=29152;mid=27399.6;high=18030.7|low=31472.4;mid=30350.8;high=18249.2|low=36078.8;mid=31276.6;high=19744.3|low=44168;mid=40517.3;high=27599.8,4004143.3303287923
boundary,10.0,Boundary-forced router,global,applicable,5,236.13049092783208,88128653.4938914,18200269.061562292,8240.173304711678,1701.754937967489,0.10380551659654043,0.014231059621300352,28510.36221948862,7882.765327586494,50819720.65623847,14051029.196422925,3730893.2837652937,844722.956468625,all=0.900,all=20542.3|all=21251.6|all=27830.5|all=34820.9|all=38106.6,4353097.703021333
boundary,10.0,Graph WaveNet,global,applicable,5,225.73768659711436,88797862.32470186,8773504.980857616,8302.745425404568,820.33707160894,0.10215988779803646,0.0064926771409847634,28228.31696548462,3912.5253683025826,50316974.99097633,6974076.468999353,3848088.733372554,468578.3239799075,all=0.900,all=23805|all=25468.8|all=27657.3|all=30752|all=33458.6,5022306.53383179
boundary,10.0,Physics-Aligned MoE,gate-bin,applicable,5,241.41708330423808,89354528.89567406,21483922.584388178,8354.794660652084,2008.7819153238124,0.1022533894343151,0.017565570868329453,28838.42777449979,5940.592033158415,51404497.50804588,10589105.299104879,3795003.138762817,1194368.3628266375,low=0.900;mid=0.900;high=0.900,low=26257.1;mid=20516.4;high=18211.1|low=26516.9;mid=32374.4;high=17363.2|low=30365.3;mid=29301.7;high=20249.8|low=31588.1;mid=36100.5;high=21060.8|low=45185.6;mid=39321.9;high=27753.4,5578973.104803994
boundary,10.0,PatchTST,global,applicable,5,228.06964953977132,91059317.28209841,5471238.298860253,8514.195164291577,511.56973341376806,0.11568022440392707,0.01790957882900247,27975.910997186602,2682.5908194694634,49867061.35248511,4781718.135704317,4119225.59296133,915430.8740402189,all=0.900,all=24833.5|all=26075|all=28125.6|all=29138|all=31707.4,7283761.491228342
boundary,10.0,Physics-Aligned MoE,global,applicable,5,241.41708330423808,92997434.97106393,22602344.85802731,8695.412339510418,2113.356227959543,0.11007012622720898,0.0224648651036722,28963.96090003252,5688.614840706804,51628260.30430797,10139955.95355988,4136917.466675596,1364144.6565623437,all=0.900,all=23088.9|all=25242.4|all=27827.1|all=31000.6|all=37660.8,9221879.180193856
boundary,10.0,Graph WaveNet,gate-bin,not_applicable,5,225.73768659711436,,0.0,,0.0,,0.0,,0.0,,0.0,,0.0,,,
boundary,10.0,PatchTST,gate-bin,not_applicable,5,228.06964953977132,,0.0,,0.0,,0.0,,0.0,,0.0,,0.0,,,
boundary,20.0,Boundary-forced router,physical-bin,applicable,5,236.13049092783208,108242541.76673503,18426993.5765778,10120.854770148204,1722.9540511059186,0.03560542309490416,0.005211573532450257,49876.42851366698,8573.622579467754,88904733.82561138,15282482.247901276,966890.3970561828,269636.59422122844,low=0.950;mid=0.950;high=0.950,low=39809.4;mid=47048.2;high=30150.4|low=41781.7;mid=50571.4;high=38994.3|low=52436.7;mid=62872.3;high=49567.5|low=55056.8;mid=52730.2;high=41921.6|low=61529.8;mid=67335.9;high=52331,0.0
boundary,20.0,Graph WaveNet,physical-bin,applicable,5,225.73768659711436,109414384.44533587,8850223.885724531,10230.423978058523,827.5104147475018,0.041103319308087895,0.005294868132296869,47593.45877631088,4610.783200671565,84835340.26877412,8218721.055197066,1228952.208828088,222833.8251303297,low=0.950;mid=0.950;high=0.950,low=39908.7;mid=49602;high=40500.4|low=41915;mid=51055.9;high=36629.7|low=48210.9;mid=55613.2;high=41258|low=48470.9;mid=56120.3;high=46188.9|low=53682;mid=58354.1;high=47925.2,1171842.6786008328
boundary,20.0,PatchTST,physical-bin,applicable,5,228.06964953977132,109424879.92920339,5198644.435749294,10231.40532297367,486.08176117337945,0.03947639083683964,0.0088711817829541,48291.23685011091,2508.0723341561597,86079129.68532267,4470638.935633349,1167287.5121940358,334396.94879609556,low=0.950;mid=0.950;high=0.950,low=48802.7;mid=48094;high=37889.7|low=48971.7;mid=52981.9;high=39384.1|low=49214.5;mid=56855;high=38131.8|low=49912.7;mid=52988.2;high=35389.4|low=51439.2;mid=58942.5;high=47036.6,1182338.1624683589
boundary,20.0,Boundary-forced router,gate-bin,applicable,5,236.13049092783208,110904403.35238147,16774806.174671227,10369.743183953386,1568.4718255887076,0.03751285647498831,0.006064790313571425,50721.33114587921,8032.643597531902,90410772.7675297,14318187.212600611,1024681.5292425889,296596.86284439295,low=0.950;mid=0.950;high=0.950,low=37611.6;mid=55165.9;high=45079|low=43463.2;mid=40168.9;high=37092.4|low=50817.4;mid=63638.3;high=56321.2|low=52288.8;mid=59097.1;high=40013.6|low=64163.2;mid=64759.1;high=51474.8,2661861.5856464356
boundary,20.0,Boundary-forced router,global,applicable,5,236.13049092783208,112297098.13932583,18741818.31113974,10499.96242536941,1752.3906789284467,0.03736325385694249,0.006186530659338464,51111.73014097214,8704.982594717343,91106658.97628284,15516631.475083664,1059521.9581521496,274399.0526776117,all=0.950,all=40867.2|all=44066.1|all=52287|all=56228.8|all=62109.5,4054556.372590795
boundary,20.0,Graph WaveNet,global,applicable,5,225.73768659711436,113093817.69370842,9054554.250136977,10574.457007359368,846.6156381614758,0.04431977559607293,0.00487061861267471,47933.99878371358,4274.2821075557595,85442352.83196945,7618907.856718142,1382573.2430869492,234496.63039076264,all=0.950,all=42921.3|all=44653.7|all=48520.4|all=49896.6|all=53678.1,4851275.926973388
boundary,20.0,Physics-Aligned MoE,physical-bin,applicable,5,241.41708330423808,114497709.11826928,21879980.341674864,10705.72315271335,2045.8139636909648,0.04196353436185133,0.014411298944064697,49896.75722155781,7879.731926844912,88940969.7474268,14045622.159601051,1277836.968542124,666923.8924118566,low=0.950;mid=0.950;high=0.950,low=41754.7;mid=49211.5;high=39238.1|low=43326.7;mid=56754.5;high=44083.6|low=46245.9;mid=54202.2;high=39262.1|low=47867.8;mid=52473;high=46446|low=65623.5;mid=68612.9;high=54073.8,6255167.351534247
boundary,20.0,PatchTST,global,applicable,5,228.06964953977132,114577475.60496435,4790877.3860491,10713.181449739535,447.95487480590003,0.04347826086956522,0.009066043244422131,49406.69420194626,2440.9106028993137,88067432.4149692,4350923.149668026,1325502.1594997575,346875.78269682545,all=0.950,all=47125.8|all=48358.6|all=48665.6|all=49356.3|all=53527.3,6334933.8382293135
boundary,20.0,Physics-Aligned MoE,gate-bin,applicable,5,241.41708330423808,116341371.42119245,22416607.507415537,10878.108594781903,2095.989481759284,0.044899485741000465,0.015086598392980547,49892.60060508504,7775.345846460009,88933560.57856408,13859553.971314969,1370390.5421314195,706558.423821959,low=0.950;mid=0.950;high=0.950,low=41302.6;mid=46269.5;high=44675.2|low=42742.6;mid=55161.8;high=46175.7|low=43685.6;mid=55659.7;high=49005.9|low=43872.7;mid=55384.8;high=38511.8|low=67164.1;mid=65877.6;high=56107.5,8098829.65445742
boundary,20.0,Physics-Aligned MoE,global,applicable,5,241.41708330423808,117487648.85580273,23177381.295433667,10985.28741054724,2167.123075776874,0.043721365123889674,0.01430431414229445,50477.11010734737,8215.22491976934,89975448.76634668,14643638.419488844,1375610.0044728026,688790.0757910486,all=0.950,all=43546.9|all=47397|all=47641.8|all=49092.8|all=64707,9245107.089067698
boundary,20.0,Graph WaveNet,gate-bin,not_applicable,5,225.73768659711436,,0.0,,0.0,,0.0,,0.0,,0.0,,0.0,,,
boundary,20.0,PatchTST,gate-bin,not_applicable,5,228.06964953977132,,0.0,,0.0,,0.0,,0.0,,0.0,,0.0,,,
boundary,50.0,Graph WaveNet,physical-bin,applicable,5,225.73768659711436,135782638.0224684,10979819.423579408,12695.898833330377,1026.6310821486127,0.023356708742402994,0.002770079672066974,61855.664682808834,3912.792343348682,110257722.29710674,6974552.352019021,510498.31450723286,128963.00605900574,low=0.975;mid=0.975;high=0.975,low=53175.3;mid=63417.8;high=56062.1|low=53286.2;mid=66021.8;high=61512.2|low=59839.1;mid=70522.2;high=60031.9|low=59914.5;mid=73552.9;high=62098|low=62570.9;mid=71373.2;high=67671.1,0.0
boundary,50.0,Boundary-forced router,global,applicable,5,236.13049092783208,136802503.7116675,19863992.6233995,12791.257944054934,1857.3158133145862,0.012510518934081347,0.0031405973419538513,70262.6519826889,9771.502495014507,125243177.15914297,17417703.197363358,231186.53105049083,84756.25207547942,all=0.975,all=58013.2|all=63740.7|all=71462.7|all=74954.1|all=83142.6,1019865.6891991198
boundary,50.0,Graph WaveNet,global,applicable,5,225.73768659711436,136899994.45630687,10568748.4040249,12800.373488200736,988.195269193539,0.02359981299672744,0.002774967263438922,63176.23552104831,3784.684362706575,112611639.8162686,6746199.876524473,485767.0928007652,113429.8942125874,all=0.975,all=58052|all=60816|all=63910.1|all=65516.4|all=67586.7,1117356.4338384867
boundary,50.0,PatchTST,physical-bin,applicable,5,228.06964953977132,137245350.41435912,6298530.2804879,12832.664835377196,588.9228873761479,0.018232819074333804,0.004459743812140934,66631.18225044673,3369.816096890208,118770082.36142127,6006697.192706797,369505.3610587569,108992.00592682538,low=0.975;mid=0.975;high=0.975,low=60484.4;mid=77237.9;high=63516.4|low=60573.3;mid=70185.5;high=59497.2|low=61372.4;mid=72700.7;high=64712.9|low=62362.8;mid=77562;high=62523.8|low=66047.4;mid=82797.9;high=71457.9,1462712.3918907344
boundary,50.0,PatchTST,global,applicable,5,228.06964953977132,138086281.23257,5696902.536560688,12911.293242877042,532.6697088883296,0.01924263674614306,0.004624031701542828,67397.58430311084,3379.251795093312,120136194.02029507,6023516.324753829,359001.7442454983,138600.6701262157,all=0.975,all=63800.1|all=65593|all=66945.7|all=67860.8|all=72788.3,2303643.2101016045
boundary,50.0,Boundary-forced router,physical-bin,applicable,5,236.13049092783208,140732345.04147002,21649650.85282657,13158.704538706876,2024.2777796004268,0.015035063113604488,0.0036027868204454487,69211.29714713502,10008.386864670336,123369137.16476817,17839949.58627487,347264.1575340369,157713.2219877169,low=0.975;mid=0.975;high=0.975,low=50299.8;mid=66296.4;high=58539.7|low=53346;mid=67240.8;high=70899.8|low=63071.8;mid=79649.7;high=84342.2|low=64701.2;mid=77029;high=79849|low=74801.5;mid=88392;high=88936.6,4949707.019001633
boundary,50.0,Boundary-forced router,gate-bin,applicable,5,236.13049092783208,142734232.42509755,21150272.043124337,13345.884284721604,1977.5850437703914,0.01600748013090229,0.005384021998968197,69676.676253122,10626.643084946834,124198675.42118995,18941991.29891773,370711.1400781522,222997.2915864908,low=0.975;mid=0.975;high=0.975,low=47097.9;mid=70833.9;high=70990.9|low=57583.1;mid=62370.3;high=54130.8|low=60476.2;mid=83570.5;high=84852.9|low=62809.7;mid=77717;high=82123.3|low=78639.6;mid=86474.8;high=88946.9,6951594.402629167
boundary,50.0,Physics-Aligned MoE,global,applicable,5,241.41708330423808,144305195.7490781,27033233.98919239,13492.77192604751,2527.651611892696,0.018831229546517062,0.011778534392828688,68824.58357143402,11295.748209271855,122679820.21608114,20134671.18302708,432507.5106599396,441208.82247149467,all=0.975,all=58827.4|all=62477.9|all=66079.4|all=68871.1|all=87867,8522557.726609707
boundary,50.0,Physics-Aligned MoE,physical-bin,applicable,5,241.41708330423808,149297114.7573873,28945723.832926285,13959.524521494837,2706.4725416480865,0.022047685834502104,0.01267445633904372,68035.28733196776,10930.295401713007,121272899.66923253,19483251.553553436,560484.3017630957,461449.82298137026,low=0.975;mid=0.975;high=0.975,low=51827.5;mid=63440.3;high=62106.1|low=56278;mid=70177.9;high=71691.8|low=56611.9;mid=65720.1;high=78490.4|low=56981.1;mid=73496.2;high=77993.8|low=80571.1;mid=92354.9;high=91174.2,13514476.734918922
boundary,50.0,Physics-Aligned MoE,gate-bin,applicable,5,241.41708330423808,149401053.216371,30459375.310703047,13969.24293748209,2848.0014315757876,0.021916783543712015,0.013939679771394164,68493.59164857368,11492.504569978208,122089827.11358261,20485389.39598615,546224.5220557672,537486.950779753,low=0.975;mid=0.975;high=0.975,low=50893.9;mid=63513.7;high=63221|low=52205.1;mid=67964.7;high=80033.5|low=55871.3;mid=70724.4;high=70467.3|low=58663.8;mid=71941.4;high=78101|low=83125.7;mid=90913.7;high=91325,13618415.193902612
boundary,50.0,Graph WaveNet,gate-bin,not_applicable,5,225.73768659711436,,0.0,,0.0,,0.0,,0.0,,0.0,,0.0,,,
boundary,50.0,PatchTST,gate-bin,not_applicable,5,228.06964953977132,,0.0,,0.0,,0.0,,0.0,,0.0,,0.0,,,
full,2.0,Graph WaveNet,physical-bin,applicable,5,225.73768659711436,187911690.35310766,36372612.56226789,1902.24824215569,368.20347993873384,0.5741111920958859,0.01708618469706362,486.94087882836664,463.83911944207256,8016994.629030228,7636647.262494281,89947347.86203872,14660586.195793204,low=0.500;mid=0.500;high=0.500,low=1395.71;mid=625.173;high=0|low=184.761;mid=0;high=0|low=268.271;mid=0;high=0|low=368.539;mid=0;high=0|low=385.639;mid=0;high=0,0.0
full,2.0,Graph WaveNet,global,applicable,5,225.73768659711436,189527633.26178402,37604991.45848111,1918.6065887368804,380.6789708705976,0.6152838516358925,0.020246025924555777,125.03463401794434,279.5859412059312,2058570.2144714356,4603102.936014451,93734531.52365628,16703623.338493377,all=0.500,all=0|all=625.173,1615942.908676356
full,2.0,Physics-Aligned MoE,gate-bin,applicable,5,241.41708330423808,198930041.39621702,29459648.576084364,2013.7880769782248,298.2228759321789,0.5079304340783932,0.02668513386027169,804.7527906782178,89.96392692170632,13249449.945726179,1481166.0928389728,92840295.72524539,14859830.04022403,low=0.500;mid=0.500;high=0.500,low=1506.09;mid=437.476;high=0|low=1665.53;mid=0;high=0|low=1887.86;mid=0;high=0|low=2015.05;mid=433.208;high=0|low=2707.79;mid=0;high=0,11018351.043109357
full,2.0,Physics-Aligned MoE,physical-bin,applicable,5,241.41708330423808,200387019.04272625,28780264.20486948,2028.5372028134748,291.34540213870144,0.5334872044055718,0.028229023840135536,919.9874716774136,93.6517124694605,15146673.733696938,1541881.7940971972,92620172.65451466,14399754.754876086,low=0.500;mid=0.500;high=0.500,low=1063.34;mid=400.311;high=0|low=1096.96;mid=219.643;high=0|low=881.517;mid=698.098;high=0|low=881.824;mid=123.22;high=0|low=994.116;mid=127.246;high=0,12475328.689618587
full,2.0,Boundary-forced router,gate-bin,applicable,5,236.13049092783208,201781580.31158233,25492981.07209434,2042.6544816122282,258.0679165866369,0.5265366861030126,0.021991129123324772,960.5234272552864,390.75519585407284,15814057.706331033,6433393.544541454,92983761.30262566,13126596.260487152,low=0.500;mid=0.500;high=0.500,low=1414.71;mid=551.447;high=0|low=1672.59;mid=393.957;high=0|low=1784.66;mid=237.055;high=0|low=1862.03;mid=89.7052;high=0|low=2082;mid=1771.88;high=0,13869889.958474666
full,2.0,Physics-Aligned MoE,global,applicable,5,241.41708330423808,202107614.32280466,28463300.715633262,2045.9549554867658,288.1367500367799,0.5902474084872045,0.019319535847976577,313.7036215245724,242.4656244274984,5164816.42478056,3991954.0405743336,98471398.94901206,12536621.906327682,all=0.500,all=123.22|all=127.246|all=219.643|all=400.311|all=698.098,14195923.969696999
full,2.0,Boundary-forced router,physical-bin,applicable,5,236.13049092783208,202845878.71400514,25072431.17500453,2053.4284774255457,253.8106492448628,0.546325315840622,0.02512180786589619,1036.191685247381,188.66391593778354,17059859.905912876,3106162.711999668,92893009.40404613,12997373.79673432,low=0.500;mid=0.500;high=0.500,low=1035.64;mid=160.965;high=0|low=1040.7;mid=840.188;high=0|low=1166.33;mid=543.201;high=0|low=1418.63;mid=203.262;high=0|low=877.623;mid=161.56;high=0,14934188.360897481
full,2.0,Boundary-forced router,global,applicable,5,236.13049092783208,205182877.09311056,24936217.914340664,2077.0861383737306,252.43174921384698,0.6058045837382572,0.033402396715861704,381.8354448080063,302.208486500462,6286538.7633190155,4975560.521743606,99448169.16489579,11516156.564925237,all=0.500,all=160.965|all=161.56|all=203.262|all=543.201|all=840.188,17271186.7400029
full,2.0,PatchTST,physical-bin,applicable,5,228.06964953977132,214152118.29942018,22193335.070635743,2167.8826358460897,224.66528051744956,0.5613439423388403,0.019455566919924495,1196.7543816363732,642.5923933634909,19703364.139261246,10579641.164336516,97224377.08007947,5832457.653827251,low=0.500;mid=0.500;high=0.500,low=1104.37;mid=207.176;high=0|low=1209.64;mid=404.332;high=0|low=1862.08;mid=932.688;high=0|low=1963.72;mid=1415.59;high=0|low=257.39;mid=0;high=0,26240427.946312517
full,2.0,PatchTST,global,applicable,5,228.06964953977132,216863946.49327236,23015763.271025244,2195.3347353141435,232.990800848571,0.6093537414965987,0.03068706287869965,591.9568037867546,576.2245906633672,9745976.817545127,9486961.660681676,103558984.83786361,7462687.684555595,all=0.500,all=0|all=1415.59|all=207.176|all=404.332|all=932.688,28952256.140164703
full,2.0,Graph WaveNet,gate-bin,not_applicable,5,225.73768659711436,,0.0,,0.0,,0.0,,0.0,,0.0,,0.0,,,
full,2.0,PatchTST,gate-bin,not_applicable,5,228.06964953977132,,0.0,,0.0,,0.0,,0.0,,0.0,,0.0,,,
full,5.0,Graph WaveNet,global,applicable,5,225.73768659711436,340973716.7161791,56012346.15675707,3451.7099602787807,567.0184053769545,0.22852486232588273,0.009083965350865851,9025.42117634341,1481.8753935322675,148594534.24731794,24397596.47911525,38475836.49377223,6478522.718104137,all=0.800,all=11389.4|all=7807.13|all=8085.98|all=8287.01|all=9557.54,0.0
full,5.0,Graph WaveNet,physical-bin,applicable,5,225.73768659711436,342318228.3602971,56439704.7885333,3465.3205818786146,571.3445981994383,0.23460276967930027,0.011436843926374323,8889.767357249668,1434.072592560104,146361129.76975852,23610571.16390956,39191419.718107715,6761336.037424937,low=0.800;mid=0.800;high=0.800,low=11067.3;mid=11389.4;high=13934.6|low=7596.29;mid=7807.13;high=9619.12|low=7819.92;mid=8085.98;high=10494.4|low=8200.76;mid=8287.01;high=9253.7|low=8915.16;mid=9557.54;high=13441,1344511.644118011
full,5.0,Boundary-forced router,gate-bin,applicable,5,236.13049092783208,363315491.91446173,45435958.421979,3677.877914585982,459.95260793224617,0.24120910268869453,0.02183052186313057,10129.254544195697,818.6468920406494,166768046.81563795,13478202.430557251,39309489.019764744,8302399.116312141,low=0.800;mid=0.800;high=0.800,low=5928.09;mid=11648.5;high=20463.8|low=6532.03;mid=11396.7;high=12150.9|low=7258.65;mid=10144.8;high=9986.25|low=7330.89;mid=11741.2;high=17377.4|low=7998.83;mid=12870;high=7944.59,22341775.19828266
full,5.0,Boundary-forced router,physical-bin,applicable,5,236.13049092783208,365821609.01204926,49986313.06882021,3703.2475807018263,506.0162887595179,0.21572926789763525,0.016669734056584576,10453.455652116352,914.6874674499069,172105693.85644358,15059414.464095272,38743183.03112112,8705533.475672916,low=0.800;mid=0.800;high=0.800,low=10421.7;mid=12369;high=22716.2|low=11026.3;mid=11962.8;high=17360.4|low=11060.6;mid=10398.9;high=2518.98|low=9445.86;mid=9190.45;high=6508.17|low=9874.33;mid=9837.04;high=9510.57,24847892.295870185
full,5.0,Boundary-forced router,global,applicable,5,236.13049092783208,367174816.11065924,49336169.431036934,3716.946227229706,499.4348217427615,0.20996720116618076,0.027211959158349137,10751.628614622354,1367.567832330748,177014813.51114243,22515636.791493434,38032000.51990336,7837290.76504702,all=0.800,all=10398.9|all=11962.8|all=12369|all=9190.45|all=9837.04,26201099.39448017
full,5.0,Physics-Aligned MoE,gate-bin,applicable,5,241.41708330423808,369939167.0541043,55416889.1441736,3744.9300195791257,560.9905363639211,0.23136540330417882,0.01706576756664452,10030.977947234149,394.8831055975026,165150020.923263,6501355.450557268,40957829.22616827,10421242.113571592,low=0.800;mid=0.800;high=0.800,low=10135.1;mid=10459.4;high=11090.9|low=5945.41;mid=11233.6;high=15809.6|low=6364.67;mid=11373;high=18087.7|low=7806.18;mid=10719.9;high=9435.36|low=8265.72;mid=10099.6;high=13490.9,28965450.337925255
full,5.0,Physics-Aligned MoE,global,applicable,5,241.41708330423808,371676758.3832595,60035716.26243734,3762.5198249034206,607.7473706514955,0.2058187560738581,0.01926281645729915,10524.943812808395,829.0642518264356,173282674.9340774,13649713.842070436,39678816.68983641,9625238.490920622,all=0.800,all=10278.2|all=10510.4|all=10524.6|all=11807.7|all=9503.8,30703041.667080402
full,5.0,Physics-Aligned MoE,physical-bin,applicable,5,241.41708330423808,371683428.4730853,60917906.477709115,3762.5873468687773,616.6778676476871,0.21242508908325233,0.019074715588892382,10253.17921701503,388.9240228564819,168808342.62893543,6403245.112309114,40575017.168829985,11177280.587872516,low=0.800;mid=0.800;high=0.800,low=10110.6;mid=10524.6;high=13136.2|low=10231.7;mid=10278.2;high=10717.9|low=10510.6;mid=10510.4;high=10490.9|low=9839.29;mid=9503.8;high=6150.32|low=9847.68;mid=11807.7;high=21278.8,30709711.75690621
full,5.0,PatchTST,global,applicable,5,228.06964953977132,373283805.692212,23530644.471715555,3778.788120466999,238.20299311341464,0.2248785228377065,0.00901829479520806,11036.526006305217,1592.3299349371916,181705364.1678091,26216120.048805922,38315688.30488058,1158808.5624662198,all=0.800,all=10669.3|all=10827.2|all=11358.4|all=13380.5|all=8947.15,32310088.976032913
full,5.0,PatchTST,physical-bin,applicable,5,228.06964953977132,373760529.95839417,24140006.30045359,3783.6140463880206,244.37162192717014,0.22679988662131517,0.00644689246550108,10976.760624102764,1485.1927490384155,180721386.9152279,24452213.42016847,38607828.608633265,587829.8915208083,low=0.800;mid=0.800;high=0.800,low=10370.3;mid=10669.3;high=13595.2|low=10927.2;mid=10827.2;high=9810.84|low=11607.7;mid=11358.4;high=9781.86|low=12722.9;mid=13380.5;high=17442.8|low=8898.69;mid=8947.15;high=9420.11,32786813.242215097
full,5.0,Graph WaveNet,gate-bin,not_applicable,5,225.73768659711436,,0.0,,0.0,,0.0,,0.0,,0.0,,0.0,,,
full,5.0,PatchTST,gate-bin,not_applicable,5,228.06964953977132,,0.0,,0.0,,0.0,,0.0,,0.0,,0.0,,,
full,10.0,Graph WaveNet,global,applicable,5,225.73768659711436,464072749.19116163,72125949.2640783,4697.8533891233565,730.137970360365,0.09010568513119534,0.012216032190709051,17493.529828035833,1737.1150585182893,288013475.08878195,28599862.323445115,17605927.410237983,4524201.880786633,all=0.900,all=15943.6|all=16155.8|all=16932.9|all=18318.2|all=20117.3,0.0
full,10.0,Graph WaveNet,physical-bin,applicable,5,225.73768659711436,464427891.5744934,74125864.48880689,4701.448529868131,750.3833058876629,0.1056648850016197,0.011736190851162408,16894.280948267246,1674.7851217287246,278147441.53227186,27573662.24414173,18628045.004222155,4818295.662031502,low=0.900;mid=0.900;high=0.900,low=14389.6;mid=16155.8;high=32069.7|low=14456.8;mid=15943.6;high=29887.7|low=15059.2;mid=16932.9;high=35272.5|low=16342.9;mid=18318.2;high=37413.6|low=18261.6;mid=20117.3;high=36108,355142.38333177567
full,10.0,Boundary-forced router,gate-bin,applicable,5,236.13049092783208,481355997.40682364,68114396.60950232,4872.813384827742,689.5286342879648,0.12135163589245221,0.015374314169972592,17684.746639496952,1160.5425551195144,291161668.67267776,19107172.62748768,19019432.873414587,6297137.751165202,low=0.900;mid=0.900;high=0.900,low=10555.8;mid=18577.1;high=31222.3|low=11640.4;mid=16187.6;high=25799.7|low=12171;mid=19363.3;high=36520.6|low=13083.4;mid=19456.5;high=24690|low=9681.39;mid=19024.5;high=38043.9,17283248.215662003
full,10.0,Physics-Aligned MoE,gate-bin,applicable,5,241.41708330423808,494744578.94606924,82888911.40022579,5008.347292537954,839.0924785413202,0.11519881762228701,0.01388808720797237,18044.70997155284,652.4654972745655,297088104.97164595,10742191.94712845,19765647.39744233,7760866.037526715,low=0.900;mid=0.900;high=0.900,low=10339.4;mid=19621.6;high=37478.1|low=12949.3;mid=17440.8;high=25735|low=14093.9;mid=16277.4;high=30783.3|low=16134.6;mid=16910.1;high=27546.8|low=9688.38;mid=19890.4;high=33684.1,30671829.754907608
full,10.0,PatchTST,global,applicable,5,228.06964953977132,496714146.7952903,24837951.88413162,5028.285418643609,251.43699267221018,0.09273566569484937,0.00408530865453514,19345.792599821092,1780.4634763844504,318509129.36345446,29313550.675193593,17820501.743183587,1452983.4229149956,all=0.900,all=17069.2|all=18808.8|all=19065.8|all=19809.7|all=21975.5,32641397.60412866
full,10.0,PatchTST,physical-bin,applicable,5,228.06964953977132,497004676.6371366,25609877.42957886,5031.226480372697,259.2512697357755,0.10585519922254619,0.006932889187889523,18811.957420115894,1676.23066619653,309720066.9647881,27597461.68825965,18728460.96723484,1118898.3342262977,low=0.900;mid=0.900;high=0.900,low=15592.5;mid=17069.2;high=30827.2|low=17069.4;mid=18808.8;high=33820.3|low=18150.5;mid=19065.8;high=29305|low=18509.5;mid=19809.7;high=30510.4|low=19927.5;mid=21975.5;high=39222.1,32931927.445974946
full,10.0,Boundary-forced router,physical-bin,applicable,5,236.13049092783208,498479953.26620835,78295348.92654066,5046.1608485808265,792.591400697893,0.09725056689342404,0.010142343826361887,18857.65589410065,1520.8990716017447,310472446.6404731,25040082.314851142,18800750.662573524,6600938.520165093,low=0.900;mid=0.900;high=0.900,low=15921.2;mid=16935;high=28124.2|low=17541.7;mid=18945.3;high=30628.2|low=18216.8;mid=18605.2;high=24104.2|low=18298.7;mid=22681.2;high=44237.9|low=19056.3;mid=21523.5;high=43233.4,34407204.07504672
full,10.0,Boundary-forced router,global,applicable,5,236.13049092783208,501319742.7763602,81477375.65671252,5074.908312847832,824.8033654915021,0.08566367022999676,0.009636008880742173,19738.044550967217,2324.7860930177344,324967165.48712426,38275278.23544398,17635257.728923596,5680596.116778547,all=0.900,all=16935|all=18605.2|all=18945.3|all=21523.5|all=22681.2,37246993.58519858
full,10.0,Physics-Aligned MoE,physical-bin,applicable,5,241.41708330423808,513743551.74113655,100552838.03876847,5200.675734340951,1017.9061187921977,0.0968071752510528,0.014828179103512217,18931.438384498244,924.8709571665247,311687201.56237906,15227075.43878965,20205635.017875753,8620820.53044229,low=0.900;mid=0.900;high=0.900,low=16898.1;mid=17859.5;high=29152.2|low=17358.9;mid=18798.8;high=36701.1|low=17655.6;mid=18928.4;high=33286.6|low=17833.3;mid=22110.6;high=47010.9|low=18879.1;mid=20864.5;high=35812.6,49670802.54997492
full,10.0,Physics-Aligned MoE,global,applicable,5,241.41708330423808,515554343.1425915,104455869.4677747,5219.006551087134,1057.4168839870295,0.08467768059604794,0.010494471995251773,19712.367793950438,1729.2252365017723,324544423.3596,28469964.293765176,19100991.97829914,7693927.0814304715,all=0.900,all=17859.5|all=18798.8|all=18928.4|all=20864.5|all=22110.6,51481593.951429844
full,10.0,Graph WaveNet,gate-bin,not_applicable,5,225.73768659711436,,0.0,,0.0,,0.0,,0.0,,0.0,,0.0,,,
full,10.0,PatchTST,gate-bin,not_applicable,5,228.06964953977132,,0.0,,0.0,,0.0,,0.0,,0.0,,0.0,,,
full,20.0,Graph WaveNet,physical-bin,applicable,5,225.73768659711436,599960178.6534264,94669525.48206678,6073.45499932607,958.3487759360503,0.04782758341431811,0.01056602956612645,24753.27623096741,1940.0648273712654,407537939.8666474,31941227.317840517,9621111.939338952,3173353.898647756,low=0.950;mid=0.950;high=0.950,low=21049.4;mid=26062.9;high=51553|low=21408.5;mid=25884.1;high=54635.1|low=21848.4;mid=27309.3;high=57851.5|low=22815.3;mid=28572.6;high=57703.9|low=25679.2;mid=31390.3;high=60735,0.0
full,20.0,Boundary-forced router,gate-bin,applicable,5,236.13049092783208,606180609.9848454,101954415.86735462,6136.42502819126,1032.0944269047075,0.06020610625202462,0.014058980095406707,25151.919701333652,1467.7246775562892,414101205.96275723,24164619.091286723,9603970.201104406,4739611.621532646,low=0.950;mid=0.950;high=0.950,low=13048.5;mid=26090;high=61317.8|low=14258.6;mid=24789.4;high=52192.6|low=15636.9;mid=22386.1;high=45654.6|low=16218.4;mid=26115;high=57385.8|low=16919.8;mid=25184;high=41631.3,6220431.331418991
full,20.0,Graph WaveNet,global,applicable,5,225.73768659711436,620494799.1047533,81481728.22656342,6281.3289510928225,824.8474269776829,0.033792921930677025,0.00789740216181204,27843.877178967745,2258.6712494624135,458421593.8745249,37186763.45114917,8103660.261511423,2285885.390390909,all=0.950,all=25884.1|all=26062.9|all=27309.3|all=28572.6|all=31390.3,20534620.451326847
full,20.0,Physics-Aligned MoE,gate-bin,applicable,5,241.41708330423808,621660480.801139,116106852.6951708,6293.129259810687,1175.3609156864552,0.056284418529316496,0.010624692919224858,25965.748782079016,1660.5416331428853,427500087.94814885,27339157.44806445,9708019.642649503,4808918.632048853,low=0.950;mid=0.950;high=0.950,low=13782.8;mid=27437.9;high=50000.3|low=14282;mid=29487.5;high=63755.9|low=17073.1;mid=23428.1;high=43795.4|low=18544.8;mid=21559.6;high=49411.6|low=20535.2;mid=21813.9;high=47968.7,21700302.14771259
full,20.0,PatchTST,physical-bin,applicable,5,228.06964953977132,633027238.5255666,31414734.04590471,6408.19604921411,318.01439550842974,0.04918812763200518,0.004233585128426968,26747.701651140895,2058.456160572476,440374159.9843837,33890422.227665246,9632653.927059148,961466.3005689414,low=0.950;mid=0.950;high=0.950,low=21440.6;mid=25673.4;high=56652.2|low=23801.7;mid=28651.5;high=56934.1|low=24858.2;mid=28501.1;high=56386.1|low=26437.6;mid=30363.2;high=53907.3|low=26545.7;mid=31438.6;high=64071.7,33067059.87214017
full,20.0,PatchTST,global,applicable,5,228.06964953977132,646546446.7992893,27930252.35797029,6545.0523040096505,282.7406498822715,0.03703231292517007,0.0027637760092412613,28925.579205901176,2191.6941081717964,476230736.04595697,36084051.79694046,8515785.53766662,1314291.2790467162,all=0.950,all=25673.4|all=28501.1|all=28651.5|all=30363.2|all=31438.6,46586268.14586294
full,20.0,Boundary-forced router,physical-bin,applicable,5,236.13049092783208,648392820.1964219,113100135.48475473,6563.743320744472,1144.923626141427,0.0435131195335277,0.010182611738599918,28005.189655982667,2199.7868142368816,461077442.4960987,36217290.10959604,9365768.885016166,4439099.813298702,low=0.950;mid=0.950;high=0.950,low=22829;mid=26310;high=57362.2|low=24992.9;mid=27711.1;high=50180.3|low=25824.2;mid=30486.1;high=61841|low=27087.5;mid=35652.3;high=74136.8|low=27385.4;mid=34830.2;high=68843.4,48432641.54299545
full,20.0,Boundary-forced router,global,applicable,5,236.13049092783208,664246374.9523674,113798415.77464499,6724.230391079196,1151.9923851498725,0.0323574667962423,0.00904614005029236,30997.95456250161,4165.058679836414,510350323.9170265,68573526.10482672,7694802.551767044,3437997.331697607,all=0.950,all=26310|all=27711.1|all=30486.1|all=34830.2|all=35652.3,64286196.298941016
full,20.0,Physics-Aligned MoE,physical-bin,applicable,5,241.41708330423808,673165950.3169024,144852284.39027858,6814.524116424747,1466.3537049550393,0.045964933592484616,0.011847997486521709,27842.39259234383,2684.4651420960863,458397151.6403488,44197034.09946995,10738439.933827674,5210596.389973778,low=0.950;mid=0.950;high=0.950,low=23435.7;mid=27548.3;high=59965.9|low=23636.5;mid=27225.4;high=53032.8|low=23851.6;mid=29069.4;high=64345.7|low=28081.5;mid=33048.7;high=57519.3|low=28161.6;mid=38591.6;high=78686.1,73205771.66347599
full,20.0,Physics-Aligned MoE,global,applicable,5,241.41708330423808,688508659.5360327,146955281.5288255,6969.839847910922,1487.6425486802061,0.03357021379980564,0.009579077419776665,31096.659225809573,4787.254251513371,511975397.4937288,78817353.99691613,8826663.102115192,4124364.1522851493,all=0.950,all=27225.4|all=27548.3|all=29069.4|all=33048.7|all=38591.6,88548480.88260627
full,20.0,Graph WaveNet,gate-bin,not_applicable,5,225.73768659711436,,0.0,,0.0,,0.0,,0.0,,0.0,,0.0,,,
full,20.0,PatchTST,gate-bin,not_applicable,5,228.06964953977132,,0.0,,0.0,,0.0,,0.0,,0.0,,0.0,,,
full,50.0,Boundary-forced router,gate-bin,applicable,5,236.13049092783208,797636253.4168057,190262273.76137838,8074.54905062364,1926.04342566993,0.033175413022351795,0.013883954478298129,31979.72258325091,2247.055620027323,526514152.6106429,36995523.728129864,5422442.0161232585,3672369.9564395025,low=0.975;mid=0.975;high=0.975,low=16018.8;mid=32680.4;high=84526.6|low=16992.4;mid=30645.3;high=71069|low=19236.8;mid=26827.9;high=64744.2|low=20480.3;mid=32775.7;high=76781.5|low=20655.8;mid=30271.3;high=56369.3,0.0
full,50.0,Graph WaveNet,physical-bin,applicable,5,225.73768659711436,798527864.8725188,128573560.18773384,8083.57491974934,1301.5626031314168,0.024503968253968257,0.006428208750553059,32833.657093316986,2558.263083121738,540573330.3843708,42119243.400516264,5159090.689762956,1740228.077302735,low=0.975;mid=0.975;high=0.975,low=28151.7;mid=39306.3;high=68949.7|low=28633.7;mid=40061.1;high=72985.5|low=28804.4;mid=43167;high=75108.7|low=29773.8;mid=43953.1;high=77754.6|low=34323;mid=47190;high=78973.9,891611.4557130337
full,50.0,Physics-Aligned MoE,gate-bin,applicable,5,241.41708330423808,808931192.3045907,176692358.2797343,8188.888810987516,1788.6738568972132,0.028996598639455785,0.008135206208063675,33513.38454156813,3384.1453258966253,551764363.0923777,55716568.645562045,5143336.584244262,2800621.97770768,low=0.975;mid=0.975;high=0.975,low=17282.6;mid=33273.5;high=65920|low=18445.5;mid=40800.5;high=89530|low=21136.5;mid=28588.6;high=59753.1|low=22100.6;mid=26481;high=71023.3|low=24359.2;mid=26062.7;high=66902.1,11294938.887784958
full,50.0,PatchTST,physical-bin,applicable,5,228.06964953977132,833285530.5172535,39581024.643804364,8435.430135621695,400.6825461998339,0.0251984126984127,0.0020270019589447297,34866.89488594292,2284.088206509326,574048557.4021643,37605228.23196956,5184739.462301781,807294.4786907565,low=0.975;mid=0.975;high=0.975,low=28192.2;mid=42267.4;high=78965|low=30727.8;mid=43026.4;high=78742.7|low=32526.7;mid=42414.7;high=76899.1|low=32892;mid=47692.5;high=86828.3|low=34851.7;mid=43606.6;high=72089.7,35649277.100447774
full,50.0,Graph WaveNet,global,applicable,5,225.73768659711436,846561290.5114262,84395283.04977164,8569.82193990349,854.3416246535032,0.012504049238743117,0.003441729368101572,42735.522501805426,3178.972701306373,703597642.4697244,52338606.554308124,2859272.9608340366,739052.9070651096,all=0.975,all=39306.3|all=40061.1|all=43167|all=43953.1|all=47190,48925037.094620466
full,50.0,Boundary-forced router,physical-bin,applicable,5,236.13049092783208,853555708.0859345,167142655.19633767,8640.62710647407,1692.001287620846,0.021661402656300614,0.007845659342403635,37311.08521344474,3991.7612166544927,614289706.9541543,65720356.67099958,4785320.022635605,2416561.405590937,low=0.975;mid=0.975;high=0.975,low=29229.9;mid=40520.3;high=75063.2|low=31655.6;mid=38769.3;high=67448.7|low=35698.3;mid=46686.9;high=84449.1|low=36966.1;mid=52027;high=94090.3|low=36975.6;mid=54670.2;high=97515.2,55919454.669128776
full,50.0,PatchTST,global,applicable,5,228.06964953977132,871715903.1384592,31270283.254545655,8824.464519947149,316.5521061563172,0.012568837058632976,0.0027474241529691756,43801.52338700295,2239.16476972917,721148281.0436165,36865608.76882105,3011352.4418968516,876533.5853050232,all=0.975,all=42267.4|all=42414.7|all=43026.4|all=43606.6|all=47692.5,74079649.72165346
full,50.0,Boundary-forced router,global,applicable,5,236.13049092783208,887644133.1828241,140055557.9632542,8985.707535459427,1417.7959787339469,0.011317622287010044,0.004534113498365779,46534.754107111694,6943.515096952181,766148191.6194869,114318032.5562207,2429918.8312667427,1114905.9543928492,all=0.975,all=38769.3|all=40520.3|all=46686.9|all=52027|all=54670.2,90007879.76601839
full,50.0,Physics-Aligned MoE,physical-bin,applicable,5,241.41708330423808,902458690.9177217,212860385.52840286,9135.67673831513,2154.8062998907,0.023692095885973433,0.008072529012312374,37083.20936412982,5530.356868577768,610537958.9710333,91051795.48426439,5838414.638933768,2905141.5304394225,low=0.975;mid=0.975;high=0.975,low=29676.1;mid=42119;high=80235.5|low=30185.9;mid=40179.2;high=70034.7|low=30694.5;mid=43460.5;high=88682.5|low=36474.8;mid=45946.2;high=85486.3|low=41458.5;mid=58882.9;high=105962,104822437.500916
full,50.0,Physics-Aligned MoE,global,applicable,5,241.41708330423808,924801282.6324196,182273369.7081085,9361.85295829709,1845.1709761510822,0.014259394233884028,0.007307304018304174,46117.571812479946,7438.0160377599395,759279702.3206698,122459496.04567966,3310431.6062349966,2178992.902135379,all=0.975,all=40179.2|all=42119|all=43460.5|all=45946.2|all=58882.9,127165029.21561384
full,50.0,Graph WaveNet,gate-bin,not_applicable,5,225.73768659711436,,0.0,,0.0,,0.0,,0.0,,0.0,,0.0,,,
full,50.0,PatchTST,gate-bin,not_applicable,5,228.06964953977132,,0.0,,0.0,,0.0,,0.0,,0.0,,0.0,,,
late_period,2.0,Graph WaveNet,physical-bin,applicable,5,225.73768659711436,94494946.3405545,16441039.509199653,2096.533243267539,364.77279706247015,0.7102413915512957,0.018072989534745253,73.52663579194055,164.41055578764815,552332.0880690574,1235052.095076813,46971307.126242734,7672274.949158192,low=0.500;mid=0.500;high=0.500,low=0;mid=0;high=0|low=397.018;mid=0;high=0,0.0
late_period,2.0,Graph WaveNet,global,applicable,5,225.73768659711436,94838074.82790819,17131717.220658135,2104.146140129308,380.09667244981654,0.7221157259495918,0.04196898457991402,0.0,0.0,0.0,0.0,47419037.413954094,8565858.610329067,all=0.500,all=0,343128.4873536825
late_period,2.0,Physics-Aligned MoE,gate-bin,applicable,5,241.41708330423808,97322267.25413115,10662803.530154068,2159.2622305229665,236.57267328172856,0.5608936812211572,0.024687356723725247,1026.4654299650144,373.5143967127072,7710808.30989719,2805840.148105856,44805729.47211697,5663224.756417601,low=0.500;mid=0.500;high=0.500,low=1165.2;mid=0;high=0|low=1431.78;mid=0;high=0|low=1778.47;mid=0;high=0|low=1978.56;mid=0;high=0|low=622.32;mid=0;high=0,2827320.9135766476
late_period,2.0,Boundary-forced router,gate-bin,applicable,5,236.13049092783208,98840590.02137652,8383836.087664584,2192.948837889965,186.0098528502083,0.5640486332978346,0.010070577976288367,1194.20035540407,317.44799171489456,8970833.069795374,2384669.3137622876,44934878.475790575,4003788.3024261864,low=0.500;mid=0.500;high=0.500,low=1144.94;mid=0;high=0|low=1358.57;mid=0;high=0|low=1409.95;mid=0;high=0|low=1683.8;mid=0;high=0|low=2289.98;mid=0;high=0,4345643.680822015
late_period,2.0,Physics-Aligned MoE,physical-bin,applicable,5,241.41708330423808,100533550.66210942,10609514.393105006,2230.5100874624923,235.3903619343496,0.7135028399006035,0.020036060867043473,21.310525840616073,47.65178441588339,160084.67011470796,357960.204532116,50186732.995997354,5190306.833324979,low=0.500;mid=0.500;high=0.500,low=0;mid=0;high=0|low=115.069;mid=0;high=0,6038604.321554914
late_period,2.0,Physics-Aligned MoE,global,applicable,5,241.41708330423808,100616660.80105737,10731134.975694375,2232.3540291324402,238.088724167873,0.7173455804046858,0.023854991322113328,0.0,0.0,0.0,0.0,50308330.40052868,5365567.487847189,all=0.500,all=0,6121714.460502863
late_period,2.0,Boundary-forced router,physical-bin,applicable,5,236.13049092783208,102303534.91865978,8531296.404048352,2269.7802386994094,189.2815141118289,0.7211927582534612,0.026592056582189983,97.22577521714666,102.99614205288175,730360.0234312058,773707.0191012479,50786587.44761429,4147317.452843089,low=0.500;mid=0.500;high=0.500,low=0;mid=0;high=0|low=112.715;mid=0;high=0|low=147.31;mid=0;high=0|low=264.962;mid=0;high=0,7808588.578105271
late_period,2.0,Boundary-forced router,global,applicable,5,236.13049092783208,102677635.17613061,8666005.182007099,2278.08029765998,192.27026051666442,0.7399405395811147,0.013065716050067408,0.0,0.0,0.0,0.0,51338817.588065304,4333002.5910035465,all=0.500,all=0,8182688.835576102
late_period,2.0,PatchTST,physical-bin,applicable,5,228.06964953977132,108207190.08696696,13545303.246171866,2400.763003349463,300.5258973680305,0.7026712815051473,0.040137810653655695,353.17465414881104,400.7869959691814,2653048.0019658683,3010711.913720491,52777071.042500556,5349049.428304166,low=0.500;mid=0.500;high=0.500,low=0;mid=0;high=0|low=1008.08;mid=0;high=0|low=170.314;mid=0;high=0|low=652.414;mid=0;high=0|low=76.2125;mid=0;high=0,13712243.746412456
late_period,2.0,PatchTST,global,applicable,5,228.06964953977132,109594452.7044554,15011797.011808291,2431.5418154165645,333.0625890088812,0.7480342563010295,0.046183455836684977,0.0,0.0,0.0,0.0,54797226.35222769,7505898.505904147,all=0.500,all=0,15099506.3639009
late_period,2.0,Graph WaveNet,gate-bin,not_applicable,5,225.73768659711436,,0.0,,0.0,,0.0,,0.0,,0.0,,0.0,,,
late_period,2.0,PatchTST,gate-bin,not_applicable,5,228.06964953977132,,0.0,,0.0,,0.0,,0.0,,0.0,,0.0,,,
late_period,5.0,Graph WaveNet,global,applicable,5,225.73768659711436,166928626.25864834,23227095.09510485,3703.5992691393403,515.3331357628871,0.26452786652467164,0.007055733877605905,8151.06229007721,1763.9251304377206,61230779.92306,13250605.579848152,21139569.267117668,2180346.162208334,all=0.800,all=10976.9|all=6840.08|all=7021.39|all=7124.35|all=8792.63,0.0
late_period,5.0,Graph WaveNet,physical-bin,applicable,5,225.73768659711436,167017538.26003805,23769201.10908154,3705.571935126865,527.3606919835273,0.2648739794107206,0.01389673354342737,8114.146543132076,1744.130991157339,60953468.832008146,13101912.005573926,21212813.88560598,2583611.8128896477,low=0.800;mid=0.800;high=0.800,low=11162.4;mid=10976.9;high=10394.6|low=6914.36;mid=6840.08;high=6617.19|low=7054.99;mid=7124.35;high=7446.54|low=7595.17;mid=7021.39;high=3629.33|low=7903.42;mid=8792.63;high=11737.8,88912.0013897121
late_period,5.0,Boundary-forced router,physical-bin,applicable,5,236.13049092783208,178990831.05420485,19725822.449945386,3971.220071312674,437.65136781029,0.24081025914093007,0.031122391840119168,9722.941161761182,1541.1194020666283,73038734.00714998,11576888.948324513,21190419.409410965,3093697.622666193,low=0.800;mid=0.800;high=0.500|low=0.800;mid=0.800;high=0.800,low=10640.8;mid=11590.2;high=14440.9|low=10866.6;mid=13661;high=21771.4|low=8320.67;mid=7219.2;high=2454.08|low=9447.86;mid=8540.1;high=5702.02|low=9678.24;mid=7753;high=0,12062204.795556515
late_period,5.0,Boundary-forced router,gate-bin,applicable,5,236.13049092783208,179311004.1259152,19233826.43355895,3978.3236627155484,426.7355882490004,0.26762069577564784,0.013860873819510615,9005.478176354223,1038.7173488034357,67649152.0607729,7802844.724211406,22332370.413028456,3339496.341531758,low=0.800;mid=0.800;high=0.500|low=0.800;mid=0.800;high=0.800,low=7319.73;mid=8258.15;high=5790.57|low=7920.02;mid=15099.2;high=20015.2|low=8321.82;mid=13045.2;high=14652.3|low=8342.87;mid=12070.1;high=4914.07|low=9415;mid=12619.6;high=0,12382377.867266864
late_period,5.0,Physics-Aligned MoE,gate-bin,applicable,5,241.41708330423808,180276847.78986293,23761026.16676588,3999.7525689976683,527.1793167990298,0.26311235356762513,0.022193672367602533,8693.455638432457,897.5552036242119,65305238.755904615,6742434.689625081,22994321.80679166,3959626.094316854,low=0.800;mid=0.800;high=0.800,low=6370.52;mid=14350.3;high=9988.87|low=8190.67;mid=10777.4;high=5860.49|low=8518.32;mid=8336.11;high=4424.37|low=8603.54;mid=13508.7;high=18836|low=9099.53;mid=8186.68;high=6532.74,13348221.531214595
late_period,5.0,Physics-Aligned MoE,physical-bin,applicable,5,241.41708330423808,180648092.56938738,24315267.2548658,4007.989274258684,539.4761105534657,0.24286474973375932,0.045469952496427726,9296.402627743148,1297.638506174621,69834576.53960653,9747860.45838375,22162703.205956172,3540877.9519851217,low=0.800;mid=0.800;high=0.800,low=10638.7;mid=13729.2;high=20106|low=8569.67;mid=7462.03;high=1956.88|low=8593.33;mid=8191.17;high=6525.73|low=9163.1;mid=8519.33;high=5516.89|low=9699.73;mid=9812.86;high=10093.1,13719466.31073904
late_period,5.0,Boundary-forced router,global,applicable,5,236.13049092783208,182305563.62360734,18768379.795456484,4044.7631261893707,416.4088524018566,0.24917021654242105,0.06877059128936137,9752.693551330573,2763.110089867742,73262233.95759526,20756482.995086476,21808665.93320241,3822632.978977787,all=0.800,all=11590.2|all=13661|all=7219.2|all=7753|all=8540.1,15376937.364959002
late_period,5.0,Physics-Aligned MoE,global,applicable,5,241.41708330423808,182736985.83055264,23494138.61605538,4054.3349713913876,521.2579565152507,0.2429401845935392,0.06658518381315212,9542.917698917987,2490.12347920546,71686397.75427192,18705807.57579142,22210117.615256142,2769544.661971958,all=0.800,all=13729.2|all=7462.03|all=8191.17|all=8519.33|all=9812.86,15808359.571904302
late_period,5.0,PatchTST,physical-bin,applicable,5,228.06964953977132,184248128.303092,16313569.62450693,4087.8622715453503,361.9446579807183,0.26811324103656375,0.027030061613484146,9719.45651067543,1913.1556214331126,73012557.30819383,14371625.028205542,22247114.198979627,2000179.1651972833,low=0.800;mid=0.800;high=0.800,low=10608.3;mid=9431.01;high=3615.73|low=10702.9;mid=9884.66;high=6598.4|low=11774.9;mid=12441.7;high=14558.4|low=6957.11;mid=6492.68;high=4181.52|low=9403.81;mid=9341.61;high=9011.98,17319502.044443667
late_period,5.0,PatchTST,global,applicable,5,228.06964953977132,185491905.81686234,15253939.813719831,4115.457619294958,338.43494439385495,0.27788871139510113,0.026922960430344856,9518.340656757358,2113.880637594145,71501775.01356126,15879471.349607214,22798026.16066022,1935915.3275273342,all=0.800,all=12441.7|all=6492.68|all=9341.61|all=9431.01|all=9884.66,18563279.55821401
late_period,5.0,Graph WaveNet,gate-bin,not_applicable,5,225.73768659711436,,0.0,,0.0,,0.0,,0.0,,0.0,,0.0,,,
late_period,5.0,PatchTST,gate-bin,not_applicable,5,228.06964953977132,,0.0,,0.0,,0.0,,0.0,,0.0,,0.0,,,
late_period,10.0,Graph WaveNet,physical-bin,applicable,5,225.73768659711436,226317625.86063156,31935037.665280927,5021.246580152458,708.5338495136874,0.10867057152999644,0.00968857658518922,16864.806437531035,2109.0736023854743,126688425.95873316,15843360.901119677,9962919.990189847,1796722.4061608845,low=0.900;mid=0.900;high=0.900,low=14308.6;mid=16821.1;high=28988.6|low=14449;mid=16451.2;high=24577.5|low=14928.8;mid=17463.5;high=31370|low=15917.9;mid=19198;high=33586.3|low=19512.3;mid=21596.1;high=30951.7,0.0
late_period,10.0,Graph WaveNet,global,applicable,5,225.73768659711436,227785396.66821298,31514198.43535765,5053.811605169795,699.1968058962915,0.0831070287539936,0.007958115135844055,18305.962545708495,2119.846700117229,137514390.64336222,15924288.411280613,9027100.602485076,1684849.569802841,all=0.900,all=16451.2|all=16821.1|all=17463.5|all=19198|all=21596.1,1467770.8075814247
late_period,10.0,Boundary-forced router,gate-bin,applicable,5,236.13049092783208,242692676.9133753,33447125.36065614,5384.555309579679,742.082121065321,0.14700479233226837,0.008286190240291948,15965.47318409211,1366.6107609713445,119932634.55889992,10265980.03641674,12276004.235447537,2914451.5568324137,low=0.900;mid=0.900;high=0.900,low=11782.7;mid=17153.8;high=24247.6|low=12912.2;mid=26257.4;high=36611|low=13645;mid=24032.1;high=36818.6|low=14014.6;mid=24347.2;high=21997.9|low=14439;mid=23768.4;high=10308.8,16375051.052743733
late_period,10.0,Physics-Aligned MoE,gate-bin,applicable,5,241.41708330423808,244163368.91214162,43228648.47355287,5417.1851462580225,959.1020694345241,0.14570908768193114,0.02259470035888722,16297.964815023206,1816.591957970752,122430311.69045432,13646238.7882763,12173305.722168729,3547057.3322435487,low=0.900;mid=0.900;high=0.900,low=11001.1;mid=25124.3;high=30540.1|low=13019.8;mid=21133.9;high=27221.6|low=13933.1;mid=19429.2;high=21292.7|low=14211.8;mid=18492.3;high=26278.7|low=16023.5;mid=26905.3;high=37159.6,17845743.051510066
late_period,10.0,PatchTST,global,applicable,5,228.06964953977132,244273523.5140962,17033146.485405285,5419.6291159499515,377.9097108050514,0.09968051118210862,0.012738622770181212,19230.76640735694,2078.224752324663,144461517.25206533,15611624.33946287,9981200.626203088,1232764.8239926752,all=0.900,all=16397|all=18717.1|all=18753.4|all=20295|all=21991.4,17955897.653464645
late_period,10.0,Boundary-forced router,physical-bin,applicable,5,236.13049092783208,245075001.74469393,36988640.54410856,5437.411291815182,820.6567390865406,0.10447728079517216,0.013236663183278345,18753.11976156319,2316.141197491913,140873435.6488627,17398852.67555925,10420156.609583128,2610907.4946365147,low=0.900;mid=0.900;high=0.900,low=15010.6;mid=15966.1;high=22122.8|low=17341.2;mid=17387.5;high=17552.3|low=18847.4;mid=19904.5;high=23877.9|low=19018.1;mid=22619.1;high=37767.5|low=19860.7;mid=25980.4;high=38581,18757375.88406238
late_period,10.0,PatchTST,physical-bin,applicable,5,228.06964953977132,245333465.17045388,17268955.79288446,5443.145748368252,383.1415467004894,0.12109513667021654,0.020785952503582714,18130.148356014783,2076.9151515327067,136193674.45038304,15601786.618313694,10913979.072007086,1250827.4058642595,low=0.900;mid=0.900;high=0.900,low=14319.3;mid=16397;high=25596|low=16359.7;mid=18753.4;high=28480.7|low=17630.4;mid=18717.1;high=24550.8|low=19219.9;mid=20295;high=25435.2|low=19391.6;mid=21991.4;high=33252.4,19015839.30982232
late_period,10.0,Boundary-forced router,global,applicable,5,236.13049092783208,248702625.74266705,40643724.76369638,5517.896382292046,901.7510819066467,0.09159123180688675,0.022847216266017923,20371.5104402566,4032.416008470053,153030786.4272076,30291509.055627044,9567183.93154595,2319069.154631944,all=0.900,all=15966.1|all=17387.5|all=19904.5|all=22619.1|all=25980.4,22384999.882035494
late_period,10.0,Physics-Aligned MoE,physical-bin,applicable,5,241.41708330423808,249868630.19469556,47826469.57873728,5543.766200627787,1061.112654835314,0.10796947106851262,0.028070118718142873,18946.76564443179,2810.3069585197627,142328103.5209716,21111025.87240046,10754052.667372396,2995985.296829547,low=0.900;mid=0.900;high=0.900,low=16054.6;mid=17866.9;high=28234.9|low=16221.3;mid=17318.5;high=23201.1|low=16358.8;mid=18426.4;high=30578.2|low=19602.6;mid=21826.3;high=30505.3|low=21800.6;mid=26872.5;high=40964.4,23551004.334064007
late_period,10.0,Physics-Aligned MoE,global,applicable,5,241.41708330423808,252019623.14354077,53203873.66050713,5591.489686358289,1180.4196321553768,0.0902422790202343,0.023300478602814118,20462.12498800338,3991.0993332148496,153711482.90988138,29981138.19110995,9830814.023365939,2771482.0042769657,all=0.900,all=17318.5|all=17866.9|all=18426.4|all=21826.3|all=26872.5,25701997.282909214
late_period,10.0,Graph WaveNet,gate-bin,not_applicable,5,225.73768659711436,,0.0,,0.0,,0.0,,0.0,,0.0,,0.0,,,
late_period,10.0,PatchTST,gate-bin,not_applicable,5,228.06964953977132,,0.0,,0.0,,0.0,,0.0,,0.0,,0.0,,,
late_period,20.0,Graph WaveNet,physical-bin,applicable,5,225.73768659711436,298261069.8481496,41395699.676399745,6617.4358770001245,918.4349413471721,0.04465743698970536,0.007334405283569478,25802.363896605035,2782.5603040488495,193827357.591297,20902593.004014954,5221685.612842628,1158556.9072133102,low=0.950;mid=0.950;high=0.950,low=22136.4;mid=30185.1;high=48279.3|low=22175.6;mid=28373.6;high=49643.1|low=22318.5;mid=30849.6;high=53470.3|low=23230.2;mid=32329.4;high=52771.4|low=28806.4;mid=34901;high=54266.8,0.0
late_period,20.0,Physics-Aligned MoE,gate-bin,applicable,5,241.41708330423808,305856614.18331224,68280743.10475016,6785.956118728083,1514.9259652278613,0.07961040113596024,0.019534143146718665,24064.377757792085,4588.318894295841,180771605.71653414,34467451.533950366,6254250.423338903,2417249.406795322,low=0.950;mid=0.950;high=0.950,low=15998.1;mid=32610.1;high=49762.6|low=16927.2;mid=30775.8;high=49236.2|low=17991.5;mid=26813.3;high=49618.4|low=18421.5;mid=28889.2;high=42484.3|low=26949.4;mid=41293.8;high=64582.3,7595544.33516264
late_period,20.0,Boundary-forced router,gate-bin,applicable,5,236.13049092783208,309024998.132619,50818444.9343391,6856.252177241282,1127.4947846631856,0.08391462548810792,0.006953571862494496,22773.334748847403,1961.0985930087352,171073290.63334164,14731772.630681628,6897585.3749638675,2236043.324290415,low=0.950;mid=0.950;high=0.950,low=15490.2;mid=25327.8;high=44706.1|low=17518.1;mid=37441.9;high=60825.2|low=17695.1;mid=35889.6;high=61956.8|low=19069.9;mid=34046.8;high=30168.8|low=19470.1;mid=34801;high=44297.4,10763928.284469426
late_period,20.0,PatchTST,physical-bin,applicable,5,228.06964953977132,315319609.38607204,23327591.23890193,6995.908976439299,517.5628159145793,0.05335019524316649,0.006398371783816275,26622.479241185407,2431.0437759451065,199988064.0597848,18262000.84489964,5766577.266314363,785282.1584740427,low=0.950;mid=0.950;high=0.950,low=20727.4;mid=27537.3;high=49771.4|low=23714;mid=30286.7;high=50320.3|low=25317.4;mid=30215.1;high=50947.2|low=26280.7;mid=32916.9;high=57895.6|low=27307.2;mid=31446;high=46353.7,17058539.537922442
late_period,20.0,Graph WaveNet,global,applicable,5,225.73768659711436,319592313.2696659,36852359.52872051,7090.706275951054,817.6331098846406,0.03194000709975151,0.005164852878431774,31327.73293176693,2451.133624882026,235333929.78343314,18412915.79011378,4212919.174311638,1086877.0175043882,all=0.950,all=28373.6|all=30185.1|all=30849.6|all=32329.4|all=34901,21331243.4215163
late_period,20.0,Boundary-forced router,physical-bin,applicable,5,236.13049092783208,320159197.2800224,57764241.59428177,7103.283574725382,1281.5992543992231,0.04652999645012425,0.007707681781930812,28456.689061241712,3300.904863306432,213766648.22804776,24796397.333157904,5319627.452598735,2143891.881098384,low=0.950;mid=0.950;high=0.950,low=22157.8;mid=26966.4;high=46914.3|low=24998.4;mid=28329.6;high=41767.7|low=27673.1;mid=32202.5;high=48317.9|low=28270.7;mid=39299.1;high=63973.6|low=29364.6;mid=39564.3;high=64152.6,21898127.431872785
late_period,20.0,PatchTST,global,applicable,5,228.06964953977132,326729802.8620055,20328260.79871606,7249.063783768315,451.01750085898254,0.038285410010649626,0.004248210081226207,30480.395013607726,1977.2886486042912,228968727.3422212,14853392.328315433,4888053.775989214,901930.3644761576,all=0.950,all=27537.3|all=30215.1|all=30286.7|all=31446|all=32916.9,28468733.013855875
late_period,20.0,Physics-Aligned MoE,physical-bin,applicable,5,241.41708330423808,328671409.5689102,73300359.39757006,7292.141674851575,1626.2948038154527,0.048198438054668086,0.01195228878799633,28676.444768395297,4926.601855028401,215417453.10018548,37008633.134973355,5662697.823436235,2276704.6052502333,low=0.950;mid=0.950;high=0.950,low=22199.4;mid=28772.4;high=51734.2|low=23872.9;mid=28979.2;high=46016.4|low=24347.4;mid=32001.1;high=55089.6|low=28719;mid=34241.6;high=50493.2|low=33976.5;mid=44111.3;high=68497.7,30410339.720760584
late_period,20.0,Boundary-forced router,global,applicable,5,236.13049092783208,334833558.70842254,59517678.61827876,7428.8595737580445,1320.5022767633732,0.034873091941782036,0.010999843211128249,33272.36440351186,5942.469067854467,249942001.39918107,44639827.637722746,4244577.865462071,1899465.0899816083,all=0.950,all=26966.4|all=28329.6|all=32202.5|all=39299.1|all=39564.3,36572488.860272944
late_period,20.0,Physics-Aligned MoE,global,applicable,5,241.41708330423808,343056405.8982927,76986896.91413477,7611.297610452003,1708.0869922376362,0.03347089101881434,0.009227351329021515,33621.09876528794,6287.10176882726,252561693.924843,47228708.48743036,4524735.598672486,2111037.913471589,all=0.950,all=28772.4|all=28979.2|all=32001.1|all=34241.6|all=44111.3,44795336.05014312
late_period,20.0,Graph WaveNet,gate-bin,not_applicable,5,225.73768659711436,,0.0,,0.0,,0.0,,0.0,,0.0,,0.0,,,
late_period,20.0,PatchTST,gate-bin,not_applicable,5,228.06964953977132,,0.0,,0.0,,0.0,,0.0,,0.0,,0.0,,,
late_period,50.0,Physics-Aligned MoE,gate-bin,applicable,5,241.41708330423808,399477965.64675534,109365969.28040262,8863.107154036992,2426.472516870843,0.04130280440184593,0.012268551932078896,32092.745053540177,7410.176772785078,241080700.84219378,55665247.917161494,3167945.2960912287,1510013.0497010183,low=0.975;mid=0.975;high=0.975,low=20572;mid=40172.5;high=75735.3|low=20753.6;mid=34969.6;high=73558.2|low=22953.4;mid=37370.4;high=63718.4|low=23534.2;mid=39580.4;high=67716|low=38275.5;mid=52310.1;high=97765.8,0.0
late_period,50.0,Graph WaveNet,physical-bin,applicable,5,225.73768659711436,415469492.39146745,61306368.18549033,9217.906735699935,1360.1874375552522,0.02505324813631523,0.0041007463556307355,34750.15995247832,2896.1654502980036,261043201.56301707,21755994.862638585,3088525.816569008,874386.4581872084,low=0.975;mid=0.975;high=0.975,low=29933.6;mid=43968.6;high=72138.1|low=29961.3;mid=46038.5;high=73365.5|low=30701;mid=43494.6;high=68960.8|low=30762.6;mid=47390.9;high=75957|low=36690;mid=49696.9;high=79777.5,15991526.744712114
late_period,50.0,Boundary-forced router,gate-bin,applicable,5,236.13049092783208,419471135.93631494,88379406.02067102,9306.690094433685,1960.8494413531912,0.047657082002129925,0.009023643470162128,29795.822162830747,3018.554850942466,223826216.08718452,22675384.0402798,3912898.396982608,1600249.387483075,low=0.975;mid=0.975;high=0.975,low=18877.2;mid=32548;high=66047.8|low=21744.9;mid=46277.4;high=90144.5|low=22989.6;mid=50119.3;high=91535.4|low=23801.9;mid=43904.3;high=50682.2|low=24219.2;mid=45577.4;high=72482.8,19993170.289559603
late_period,50.0,Graph WaveNet,global,applicable,5,225.73768659711436,428050425.09979904,43874695.62726202,9497.036410627421,973.4357389790116,0.015526269080582179,0.003978525577752883,46117.93033163902,2546.4278697459476,346437892.6512723,19128766.157531563,1632250.6489705343,525646.3654245484,all=0.975,all=43494.6|all=43968.6|all=46038.5|all=47390.9|all=49696.9,28572459.4530437
late_period,50.0,Boundary-forced router,physical-bin,applicable,5,236.13049092783208,435359921.16235924,87415153.02742173,9659.210178433597,1939.4558268419803,0.025306176783812567,0.009645569260953422,38554.44548473078,5396.167041525362,289620994.48129755,40536006.815938525,2914778.533621232,1431890.9329459257,low=0.975;mid=0.975;high=0.975,low=28853;mid=40958.4;high=68172.8|low=32438.5;mid=40727.4;high=60143.4|low=36157.1;mid=47450.1;high=75507.1|low=39633.9;mid=57547.9;high=92074.7|low=39955.9;mid=58552.9;high=93718,35881955.5156039
late_period,50.0,PatchTST,physical-bin,applicable,5,228.06964953977132,435375576.18989307,37151922.92886638,9659.557512200327,824.2794402038153,0.029051295704650336,0.004340315168979744,35187.7871758258,2277.8715136015903,264330657.2648034,17111370.81017514,3420898.378501794,687900.6278821067,low=0.975;mid=0.975;high=0.975,low=28497.9;mid=45038.8;high=76164.1|low=30869.7;mid=44660.6;high=73369.5|low=32140.1;mid=51246.1;high=80078.9|low=33026.3;mid=46751.6;high=75371.6|low=35578.5;mid=45516.9;high=68955.5,35897610.54313773
late_period,50.0,PatchTST,global,applicable,5,228.06964953977132,439395350.2184965,27425883.887978587,9748.743126963447,608.4905015969688,0.0159389421370252,0.00328927435290949,46642.772230935065,2691.265397989182,350380504.9987842,20216785.669694744,1780296.9043942466,510062.56084279023,all=0.975,all=44660.6|all=45038.8|all=45516.9|all=46751.6|all=51246.1,39917384.571741164
late_period,50.0,Boundary-forced router,global,applicable,5,236.13049092783208,440635823.16681224,69971353.32545015,9776.265157233142,1552.4350666810915,0.014266063187788428,0.007090472087492261,49047.33872747656,8657.669761711724,368443608.5208039,65036415.249978475,1443844.2929201662,758749.7165327572,all=0.975,all=40727.4|all=40958.4|all=47450.1|all=57547.9|all=58552.9,41157857.5200569
late_period,50.0,Physics-Aligned MoE,physical-bin,applicable,5,241.41708330423808,454719989.49178296,108265903.80650325,10088.74666071581,2402.0656684083965,0.026419950301739444,0.009228682238490512,37983.91862602469,6847.0440518374735,285335196.7186974,51434994.91740311,3387695.8554617083,1624104.0802547117,low=0.975;mid=0.975;high=0.975,low=28565.2;mid=45019.8;high=76319.2|low=31377.6;mid=42603.7;high=67058.8|low=32265.3;mid=47308.5;high=83529.5|low=35743.3;mid=45956.7;high=69026.8|low=45370.2;mid=61778;high=101640,55242023.845027626
late_period,50.0,Physics-Aligned MoE,global,applicable,5,241.41708330423808,456698264.65207386,92819439.97333232,10132.638104634225,2059.359246834672,0.016342740504082357,0.008754027529033623,48533.33207812069,7600.420926506953,364582390.5708426,57094361.99992023,1842317.4816246233,1307250.5690183558,all=0.975,all=42603.7|all=45019.8|all=45956.7|all=47308.5|all=61778,57220299.00531852
late_period,50.0,Graph WaveNet,gate-bin,not_applicable,5,225.73768659711436,,0.0,,0.0,,0.0,,0.0,,0.0,,0.0,,,
late_period,50.0,PatchTST,gate-bin,not_applicable,5,228.06964953977132,,0.0,,0.0,,0.0,,0.0,,0.0,,0.0,,,
non_boundary,2.0,Graph WaveNet,global,applicable,5,225.73768659711436,159429690.4823266,31542335.796790387,1809.8705909060907,358.07349154594095,0.5796228814040345,0.019765457776053975,768.1846244454384,473.1727772750328,11278102.563795704,6946886.129563393,74075793.95926544,12521570.528791206,all=0.500,all=1597.1|all=407.232|all=556.513|all=623.765|all=656.311,0.0
non_boundary,2.0,Graph WaveNet,physical-bin,applicable,5,225.73768659711436,159543399.64668614,31451120.586111993,1811.1614349883203,357.03800231711114,0.5804924564928652,0.019106859270845187,765.1110566678176,477.8974091931749,11232977.978468563,7016250.813069597,74155210.8341088,12439954.833693484,low=0.500;mid=0.500;high=0.500,low=1604.38;mid=1597.1;high=0|low=399.326;mid=407.232;high=5781.86|low=534.155;mid=556.513;high=8104.59|low=609.081;mid=623.765;high=12657.4|low=646.131;mid=656.311;high=7054.4,113709.16435953975
non_boundary,2.0,Physics-Aligned MoE,gate-bin,applicable,5,241.41708330423808,167411995.92126894,18614579.54434873,1900.4869611559777,211.31559609427654,0.5077410346354255,0.022978521262394778,1400.8791060530546,306.252683457085,20567006.595517915,4496248.772175193,73422494.66287552,9942339.628255196,low=0.500;mid=0.500;high=0.500,low=1498.78;mid=1295.15;high=0|low=1518.71;mid=1436.81;high=0|low=1768.34;mid=2091.33;high=0|low=1962.14;mid=2056.33;high=0|low=2279.41;mid=2828.37;high=0,7982305.438942343
non_boundary,2.0,Physics-Aligned MoE,global,applicable,5,241.41708330423808,169566943.47297344,18353245.147474352,1924.9502602251519,208.3488874601181,0.538727877487541,0.02369181872875977,1252.241984897852,166.02794502378498,18384790.701277815,2437539.2748666992,75591076.3858478,9436475.14199241,all=0.500,all=1045.02|all=1160.86|all=1227.71|all=1358.32|all=1469.3,10137252.99064684
non_boundary,2.0,Physics-Aligned MoE,physical-bin,applicable,5,241.41708330423808,169663954.16502956,18433186.411907826,1926.0515406580791,209.25639310138405,0.5392795922305849,0.023729459476547043,1250.5388687160532,165.03097851597036,18359786.401054733,2422902.3110822174,75652083.88198742,9473100.428889528,low=0.500;mid=0.500;high=0.500,low=1032.72;mid=1045.02;high=16996.3|low=1155.38;mid=1160.86;high=3777.97|low=1209.57;mid=1227.71;high=8282.28|low=1358.84;mid=1358.32;high=1185.4|low=1465.15;mid=1469.3;high=4439.61,10234263.682702959
non_boundary,2.0,Boundary-forced router,gate-bin,applicable,5,236.13049092783208,171077957.64237174,19604086.584936205,1942.1035275956333,222.54863359711436,0.5293668903041242,0.0244853390643936,1490.6045165797061,242.53811537270354,21884310.210164953,3560823.340844347,74596823.7161034,9692109.477040157,low=0.500;mid=0.500;high=0.500,low=1185.76;mid=1762.59;high=0|low=1438.6;mid=2189.03;high=0|low=1666.02;mid=1758.22;high=0|low=1718.7;mid=1939.17;high=0|low=1829.92;mid=3010.62;high=0,11648267.160045147
non_boundary,2.0,Boundary-forced router,global,applicable,5,236.13049092783208,173284550.85368916,19875813.009515606,1967.1531162084843,225.6333141426921,0.5543938516727401,0.029378840328742523,1349.1123370170594,267.0441763034158,19806992.775915958,3920609.074398599,76738779.03888662,10504265.76737488,all=0.500,all=1115.46|all=1145.46|all=1313.11|all=1390.98|all=1780.55,13854860.371362567
non_boundary,2.0,Boundary-forced router,physical-bin,applicable,5,236.13049092783208,173350772.6879418,19866863.85710852,1967.9048767489899,225.53172197559877,0.5546572216735347,0.029127751519786273,1351.2470891833977,271.76888731895195,19838334.13984605,3989974.919173193,76756219.27404785,10492184.36752422,low=0.500;mid=0.500;high=0.500,low=1116.55;mid=1115.46;high=715.178|low=1133.75;mid=1145.46;high=10043|low=1303.2;mid=1313.11;high=14440.8|low=1385.03;mid=1390.98;high=3021.53|low=1794.3;mid=1780.55;high=0,13921082.205615193
non_boundary,2.0,PatchTST,global,applicable,5,228.06964953977132,183652156.5678253,21445531.095547315,2084.8477853968743,243.4529974860348,0.5701324796512618,0.022460663809946206,1535.0982660107315,731.9186105312435,22537545.192436554,10745663.080514451,80557305.68769436,5483932.457162846,all=0.500,all=1319.04|all=1411.91|all=2188.87|all=2273.4|all=482.268,24222466.08549869
non_boundary,2.0,PatchTST,physical-bin,applicable,5,228.06964953977132,183691717.57241353,21468393.36393439,2085.296888061092,243.7125335051413,0.5705842954284871,0.022453653889691987,1529.859621483119,728.9845364774555,22460634.03280441,10702586.472293764,80615541.76980455,5515155.046331184,low=0.500;mid=0.500;high=0.500,low=1317.26;mid=1319.04;high=1902.14|low=1405.03;mid=1411.91;high=3619.05|low=2181.44;mid=2188.87;high=3673.57|low=2257.15;mid=2273.4;high=6328.05|low=478.698;mid=482.268;high=1037.45,24262027.090086937
non_boundary,2.0,Graph WaveNet,gate-bin,not_applicable,5,225.73768659711436,,0.0,,0.0,,0.0,,0.0,,0.0,,0.0,,,
non_boundary,2.0,PatchTST,gate-bin,not_applicable,5,228.06964953977132,,0.0,,0.0,,0.0,,0.0,,0.0,,0.0,,,
non_boundary,5.0,Graph WaveNet,global,applicable,5,225.73768659711436,278491998.32167286,48139462.09657934,3161.484388762193,546.486645285783,0.2324535413048167,0.012876460964870278,8835.235498795515,1240.041721884436,129714509.97556636,18205672.53984635,29755497.6692213,6139781.828045813,all=0.800,all=10875.5|all=7799.53|all=8041.41|all=8367.13|all=9092.61,0.0
non_boundary,5.0,Graph WaveNet,physical-bin,applicable,5,225.73768659711436,280128497.4996695,48292295.08534447,3180.0621814263923,548.2216290949434,0.24236851366231882,0.011783769504248887,8504.990037683232,1261.8478012732558,124866011.23824637,18525818.494393304,31052497.252284616,6097732.788414976,low=0.800;mid=0.800;high=0.800,low=10563.8;mid=10875.5;high=44372.6|low=7454.77;mid=7799.53;high=47351.8|low=7638.81;mid=8041.41;high=45430.3|low=7970.22;mid=8367.13;high=54241.5|low=8681.87;mid=9092.61;high=48651.9,1636499.1779966354
non_boundary,5.0,Physics-Aligned MoE,gate-bin,applicable,5,241.41708330423808,301605493.0151518,35466885.79268144,3423.8723678910164,402.6255922156164,0.22562862559456912,0.014212822607285389,10003.340873196405,655.1240370110328,146864049.02983302,9618203.549377479,30948288.797063757,8134524.388018752,low=0.800;mid=0.800;high=0.800,low=5609.82;mid=7949.77;high=17371.8|low=6241.72;mid=9768.59;high=12125.9|low=7615.74;mid=9613.5;high=12983.7|low=8195.88;mid=9616.35;high=12796|low=9780.03;mid=10905;high=11683.5,23113494.693478942
non_boundary,5.0,Boundary-forced router,global,applicable,5,236.13049092783208,301768236.3440875,35582408.65949883,3425.7198554199445,403.9370257296465,0.21355220288571788,0.019616006182502563,10415.756295742991,692.6585495683347,152918926.0559507,10169266.49548751,29769862.057627358,7452138.428746241,all=0.800,all=10033.2|all=10865|all=11415|all=9837.27|all=9928.22,23276238.022414625
non_boundary,5.0,Boundary-forced router,physical-bin,applicable,5,236.13049092783208,302910841.45567125,36045374.14574804,3438.6908859865725,409.1926817848771,0.2230357933453666,0.019372949281932433,10064.422057084292,705.0308416956096,147760812.43108302,10350910.302354082,31030005.804917645,7591946.569215492,low=0.800;mid=0.800;high=0.800,low=10367.1;mid=10865;high=62966.8|low=11112.9;mid=11415;high=37687.8|low=9468.77;mid=9837.27;high=48329.7|low=9566.98;mid=9928.22;high=43034.9|low=9585.44;mid=10033.2;high=60786.9,24418843.133998394
non_boundary,5.0,Boundary-forced router,gate-bin,applicable,5,236.13049092783208,302980476.4678435,33950646.23537387,3439.481393452571,385.4130054305744,0.24140585090079353,0.021975947908969326,9944.431938147825,640.203455477762,145999177.4999173,9399147.031596765,31396259.79358524,7352125.201607511,low=0.800;mid=0.800;high=0.800,low=5371.15;mid=8620.56;high=15477.2|low=5872.21;mid=9491.59;high=13738.6|low=6443.54;mid=10162.1;high=15517.6|low=6619.75;mid=8985.59;high=13549.4|low=7576.4;mid=11047.4;high=14452.3,24488478.146170616
non_boundary,5.0,Physics-Aligned MoE,global,applicable,5,241.41708330423808,303573458.27740026,39935862.771029636,3446.2130149893883,453.35811248884244,0.20860039278457015,0.01811353954357903,10206.35421910644,485.6642935523123,149844589.4678112,7130280.325788261,30745773.761917807,8675044.526655894,all=0.800,all=10230.3|all=10322.5|all=10915.8|all=9601|all=9962.15,25081459.9557274
non_boundary,5.0,Physics-Aligned MoE,physical-bin,applicable,5,241.41708330423808,304657243.56455314,40283906.19832841,3458.5163137798495,457.30915549419814,0.21756859539783627,0.018303012985579587,9852.826721786749,500.10365161673883,144654275.51591212,7342271.761211155,32000593.609728206,8828314.98007708,low=0.800;mid=0.800;high=0.800,low=10523.6;mid=10915.8;high=53340.6|low=9199.27;mid=9601;high=68828.8|low=9469;mid=9962.15;high=51249.6|low=9883.69;mid=10230.3;high=42966.1|low=9946.48;mid=10322.5;high=54739.3,26165245.242880285
non_boundary,5.0,PatchTST,global,applicable,5,228.06964953977132,307367116.6252296,24506610.124834612,3489.279213355011,278.20284172637463,0.2247908365403172,0.005035410928293684,10962.733748770956,1465.1492711851079,160949375.5325808,21510589.02490416,29283548.21852976,1316174.0529722874,all=0.800,all=10321.2|all=10909.8|all=11739.4|all=12866.6|all=8976.71,28875118.30355674
non_boundary,5.0,PatchTST,physical-bin,applicable,5,228.06964953977132,308734219.9267917,24612202.162308544,3504.7987822178898,279.4015389243667,0.23373179398108732,0.006182774972724634,10642.823841122641,1444.095877365048,156252618.22344202,21201493.62353495,30496320.34066993,1301183.10131984,low=0.800;mid=0.800;high=0.800,low=10588.2;mid=10909.8;high=40808.6|low=11362.4;mid=11739.4;high=49161.1|low=12459.4;mid=12866.6;high=57207.2|low=8633.02;mid=8976.71;high=45373.4|low=9968.52;mid=10321.2;high=46323.8,30242221.60511887
non_boundary,5.0,Graph WaveNet,gate-bin,not_applicable,5,225.73768659711436,,0.0,,0.0,,0.0,,0.0,,0.0,,0.0,,,
non_boundary,5.0,PatchTST,gate-bin,not_applicable,5,228.06964953977132,,0.0,,0.0,,0.0,,0.0,,0.0,,0.0,,,
non_boundary,10.0,Graph WaveNet,global,applicable,5,225.73768659711436,366972070.7796176,65025814.27699341,4165.923904001835,738.183136112266,0.1029572364313365,0.014072207787854996,15589.712114964123,1388.1640646241283,228880358.41584578,20380330.714779127,13809171.236377189,4612674.279308164,all=0.900,all=14393.5|all=14471.1|all=15111.1|all=16317.6|all=17655.3,0.0
non_boundary,10.0,Graph WaveNet,physical-bin,applicable,5,225.73768659711436,368939022.8279646,66380841.57301721,4188.25304893874,753.5656162859971,0.11482704991542644,0.012990459742832363,14809.710483123778,1444.91303074053,217428764.45798174,21213490.66081709,15151025.83699829,4626970.770169968,low=0.900;mid=0.900;high=0.900,low=13563.1;mid=14393.5;high=70354.5|low=13616.9;mid=14471.1;high=75317.3|low=14184.4;mid=15111.1;high=80272.4|low=15380.8;mid=16317.6;high=72732.6|low=16966.8;mid=17655.3;high=83852.3,1966952.0483469963
non_boundary,10.0,Boundary-forced router,gate-bin,applicable,5,236.13049092783208,397097663.8406436,53614733.29497974,4507.914312123461,608.6427737286123,0.12308460761275528,0.011623425094454378,16274.002964755564,783.9877506598123,238926774.52705884,11510116.16131204,15817088.93135848,5533684.51954469,low=0.900;mid=0.900;high=0.900,low=10390.8;mid=15284.1;high=24585.8|low=11325.3;mid=13475.8;high=23213.6|low=11340.3;mid=15946.4;high=26386.8|low=13021.4;mid=16518.1;high=23720.9|low=9585.76;mid=14009.7;high=26075.6,30125593.061025977
non_boundary,10.0,Physics-Aligned MoE,gate-bin,applicable,5,241.41708330423808,397325484.2530414,61878276.15685383,4510.500564804248,702.451794853544,0.11266105870199457,0.013316543555391502,16628.876615073474,863.1596182411802,244136852.0242012,12672477.935207881,15318863.22288402,6829704.42584486,low=0.900;mid=0.900;high=0.900,low=10041.9;mid=16587.4;high=23151.5|low=13388.4;mid=14899.3;high=22388.1|low=14251;mid=14932.1;high=22691.9|low=16664.6;mid=15857.9;high=21725.9|low=9697.17;mid=13048;high=28263.8,30353413.47342378
non_boundary,10.0,PatchTST,global,applicable,5,228.06964953977132,397951087.87439317,28034113.631618872,4517.602514211685,318.2476090274482,0.10252358410244185,0.007325489548019731,17665.24027375281,1696.4918944017736,259352225.07910186,24907045.74765962,13859886.27952913,1162406.7722488795,all=0.900,all=15419.2|all=16711.9|all=18087.4|all=18180.8|all=19926.8,30979017.094775558
non_boundary,10.0,PatchTST,physical-bin,applicable,5,228.06964953977132,399663360.25551987,27826933.28217957,4537.040496038323,315.8956655448418,0.1122047020626866,0.0072361953451179776,16975.82511836949,1662.7692479674506,249230576.47534162,24411946.71403412,15043278.378017824,1154136.749901997,low=0.900;mid=0.900;high=0.900,low=14704.4;mid=15419.2;high=73771.1|low=15973.6;mid=16711.9;high=70132.2|low=17363.9;mid=18087.4;high=66445.9|low=17422.4;mid=18180.8;high=72991.8|low=19107.9;mid=19926.8;high=82769,32691289.47590226
non_boundary,10.0,Boundary-forced router,global,applicable,5,236.13049092783208,401750018.24662614,57315148.67610472,4560.728561416591,650.6504634642772,0.09408439192180636,0.011834226784913032,17659.314484683273,949.0668460944169,259265225.60687748,13933724.90093518,14248479.263974866,5513639.419581178,all=0.900,all=16306.5|all=17332.4|all=17561.8|all=18351.4|all=18744.5,34777947.46700853
non_boundary,10.0,Boundary-forced router,physical-bin,applicable,5,236.13049092783208,402703780.54722685,58811214.66752811,4571.555819083278,667.63403679833,0.10372010126122444,0.011894411511775739,16836.031321946957,928.6023962996643,247178193.8531642,13633276.081273524,15552558.669406261,5768027.944734311,low=0.900;mid=0.900;high=0.900,low=15478.9;mid=16306.5;high=77700.7|low=16465.3;mid=17561.8;high=110774|low=16513.4;mid=17332.4;high=77244.7|low=17596;mid=18744.5;high=110461|low=17747.3;mid=18351.4;high=55655.3,35731709.76760924
non_boundary,10.0,Physics-Aligned MoE,global,applicable,5,241.41708330423808,410324117.16138566,73312007.57584617,4658.063063054247,832.2492885132782,0.09231572614060779,0.013425962204952124,17631.640383362774,594.6414223316517,258858928.2883405,8730228.04196212,15146518.88730451,6937411.828036417,all=0.900,all=17125.5|all=17211.2|all=17334.3|all=17975.3|all=18511.9,43352046.38176805
non_boundary,10.0,Physics-Aligned MoE,physical-bin,applicable,5,241.41708330423808,411477631.1011675,74734118.93617389,4671.157932331704,848.3933173968816,0.10257807444743386,0.014541244538533551,16757.54790781676,541.9196681290215,246025939.60861176,7956193.607636227,16545169.14925557,7406011.923276414,low=0.900;mid=0.900;high=0.900,low=15984.1;mid=17211.2;high=127843|low=16398.2;mid=17125.5;high=71895.6|low=16486.2;mid=17334.3;high=110047|low=17184.3;mid=17975.3;high=92055.2|low=17275.2;mid=18511.9;high=103315,44505560.32154989
non_boundary,10.0,Graph WaveNet,gate-bin,not_applicable,5,225.73768659711436,,0.0,,0.0,,0.0,,0.0,,0.0,,0.0,,,
non_boundary,10.0,PatchTST,gate-bin,not_applicable,5,228.06964953977132,,0.0,,0.0,,0.0,,0.0,,0.0,,0.0,,,
non_boundary,20.0,Graph WaveNet,global,applicable,5,225.73768659711436,467380572.34545726,85828497.92640615,5305.776797846011,974.3384296155723,0.045431325137077275,0.01375368067254267,22100.417922382338,1268.9431064330088,324467285.7274563,18629988.217096243,7145664.330900051,3426512.279502872,all=0.950,all=20860.7|all=21198.7|all=21847.6|all=22535.8|all=24059.3,0.0
non_boundary,20.0,Graph WaveNet,physical-bin,applicable,5,225.73768659711436,468128126.1694771,92071464.97920674,5314.263144881621,1045.2095605490667,0.05645880870483262,0.012772081738618735,20376.92831324791,1446.026277039756,299163873.0309491,21229834.786359165,8448212.656926397,3583113.156443181,low=0.950;mid=0.950;high=0.950,low=18979;mid=20860.7;high=91147.7|low=19500.8;mid=21198.7;high=94056.3|low=19572.3;mid=21847.6;high=100542|low=20856.9;mid=22535.8;high=91827.6|low=22567.5;mid=24059.3;high=98492.8,747553.8240198493
non_boundary,20.0,Physics-Aligned MoE,gate-bin,applicable,5,241.41708330423808,494216773.4667512,102469863.23917945,5610.425518132243,1163.2537914970028,0.05678802120582592,0.011062538661064806,22958.72516843471,1132.0189769132417,337068523.56037414,16619736.60955174,7857412.49531885,4616183.759115276,low=0.950;mid=0.950;high=0.950,low=13448.9;mid=24118.4;high=41415.6|low=13740.9;mid=18749.4;high=38504.6|low=17291.9;mid=19271.2;high=30950.3|low=18653.8;mid=19142.5;high=32592.9|low=20712.3;mid=20046.4;high=30535.7,26836201.121293962
non_boundary,20.0,Boundary-forced router,gate-bin,applicable,5,236.13049092783208,495556064.1661441,84934968.05470093,5625.629354018596,964.1949398301824,0.06539976614560275,0.011082558599601253,22015.978837114184,831.2592495329927,323227593.29709184,12204132.67201862,8616423.543452611,4084009.9816904897,low=0.950;mid=0.950;high=0.950,low=12701.5;mid=19232.3;high=37657.4|low=13666.9;mid=20287.6;high=35559.8|low=14891.2;mid=21610.4;high=38762.4|low=15103.2;mid=17628.1;high=31975.3|low=16828.8;mid=20848.8;high=31503.9,28175491.820686817
non_boundary,20.0,PatchTST,global,applicable,5,228.06964953977132,497877732.4818002,35342695.892922446,5651.985293076323,401.21576919845194,0.04632133410527989,0.0054220690826075925,24187.286363107552,2200.525446031706,355105644.7399634,32307014.335914508,7138604.387091838,786947.406655111,all=0.950,all=20973.7|all=23107.9|all=24728.9|all=25540|all=26586,30497160.136342943
non_boundary,20.0,PatchTST,physical-bin,applicable,5,228.06964953977132,499256386.0415734,34509076.079874724,5667.63598226309,391.7523876973825,0.05517828559752068,0.006435613782206062,22750.8550462105,2112.5462662446103,334016678.36093944,31015348.00787023,8261985.384031696,829576.5173476588,low=0.950;mid=0.950;high=0.950,low=19638.6;mid=20973.7;high=93120.2|low=21552.1;mid=23107.9;high=91271|low=23152.4;mid=24728.9;high=97090.9|low=24063.8;mid=25540;high=84429.3|low=24955.3;mid=26586;high=107293,31875813.69611615
non_boundary,20.0,Boundary-forced router,physical-bin,applicable,5,236.13049092783208,512230802.39880085,92335886.53796884,5814.923570466243,1048.2113151241228,0.050026677564735667,0.010669369437949019,23443.683319650932,1077.6146275614924,344188436.65745515,15820999.154544048,8402118.287067287,4284525.817651943,low=0.950;mid=0.950;high=0.950,low=21564.9;mid=23189.5;high=97816.8|low=23415.7;mid=24969.2;high=92711.7|low=23658.5;mid=26120.4;high=123056|low=23713.6;mid=24988.6;high=75119|low=24435.4;mid=27176;high=122812,44850230.053343594
non_boundary,20.0,Boundary-forced router,global,applicable,5,236.13049092783208,513350400.5329917,87146892.5419776,5827.63342225467,989.305049915172,0.04098355072710554,0.01093179951202458,25288.74159128724,1487.6550862372972,371276659.6724836,21841008.1485929,7103687.043025406,3928676.0205049478,all=0.950,all=23189.5|all=24969.2|all=24988.6|all=26120.4|all=27176,45969828.18753445
non_boundary,20.0,Physics-Aligned MoE,global,applicable,5,241.41708330423808,530586293.89727056,114244130.81297565,6023.29795885151,1296.9171044395516,0.04163970529805084,0.010655713652213026,25317.841579318476,2137.5984202124982,371703891.14676416,31383151.2063498,7944120.137525322,4234098.020659965,all=0.950,all=23711.7|all=23728.1|all=23831.9|all=27621.9|all=27695.6,63205721.551813304
non_boundary,20.0,Physics-Aligned MoE,physical-bin,applicable,5,241.41708330423808,531436767.76595175,120576208.66116977,6032.952670207991,1368.7998349529428,0.05083041015336761,0.012922913248296265,23250.056957546447,1450.3593567995724,341345711.22221816,21293450.896852907,9504552.82718668,5143506.315257735,low=0.950;mid=0.950;high=0.950,low=22062.4;mid=23831.9;high=124614|low=22183.9;mid=23711.7;high=111294|low=22341.8;mid=23728.1;high=91109.1|low=23702.6;mid=27695.6;high=139482|low=25446;mid=27621.9;high=120569,64056195.4204945
non_boundary,20.0,Graph WaveNet,gate-bin,not_applicable,5,225.73768659711436,,0.0,,0.0,,0.0,,0.0,,0.0,,0.0,,,
non_boundary,20.0,PatchTST,gate-bin,not_applicable,5,228.06964953977132,,0.0,,0.0,,0.0,,0.0,,0.0,,0.0,,,
non_boundary,50.0,Graph WaveNet,global,applicable,5,225.73768659711436,616671379.5352759,124698148.78640677,7000.54921199328,1415.5927390072172,0.022148054808205336,0.009017070547047777,29432.409811606416,1383.7824580427746,432111924.6490995,20316002.157755006,3691189.097723526,2092525.7729741402,all=0.975,all=28442.1|all=28673|all=28936.1|all=29264.4|all=31846.4,0.0
non_boundary,50.0,Physics-Aligned MoE,gate-bin,applicable,5,241.41708330423808,625134074.9194436,176546999.9076577,7096.619043461085,2004.188944222976,0.028014848619010317,0.009512572307263403,29607.681782582116,2524.836878054436,434685180.0909793,37068392.625156164,3808977.896569284,2917458.1604799284,low=0.975;mid=0.975;high=0.975,low=16787.7;mid=34000.9;high=57728.3|low=17035.7;mid=24980.9;high=47774.3|low=21113.4;mid=23872.2;high=40664.2|low=22115.5;mid=22900.4;high=44409.1|low=24095.7;mid=23538.8;high=41769.4,8462695.384167671
non_boundary,50.0,Graph WaveNet,physical-bin,applicable,5,225.73768659711436,630517755.3374752,143608493.60333976,7157.735419149669,1630.2659083806127,0.030046884401003532,0.009513415600807113,26092.687733517618,1770.0953894862923,383079794.95963883,25987655.460742973,4948759.207556725,2357145.4972010707,low=0.975;mid=0.975;high=0.975,low=24664.7;mid=28442.1;high=100003|low=25021.5;mid=28936.1;high=112498|low=25237.8;mid=28673;high=101735|low=26075.7;mid=29264.4;high=101401|low=29035;mid=31846.4;high=107833,13846375.802199244
non_boundary,50.0,PatchTST,global,applicable,5,228.06964953977132,644802397.8811607,41903619.243105024,7319.89689837733,475.69638936876385,0.02310163584556528,0.002664215632804146,31170.827307579242,2635.207306048097,457634501.1162246,38688796.06374513,3743357.93529872,528169.5362409233,all=0.975,all=27116.1|all=30028.5|all=32134.3|all=33021.6|all=33553.7,28131018.3458848
non_boundary,50.0,Boundary-forced router,gate-bin,applicable,5,236.13049092783208,646896621.227465,152305456.30544207,7343.670846842001,1728.9951788014628,0.03515308381296189,0.01239104407510636,28052.105961659872,1310.1385250797277,411846993.67610943,19234798.755958002,4700992.5510271145,2964249.6874931,low=0.975;mid=0.975;high=0.975,low=15337.7;mid=24766.5;high=52086.8|low=15991.7;mid=24571.2;high=47019.9|low=18420.5;mid=27204.1;high=53378.1|low=18943.8;mid=21294.7;high=42734|low=20422;mid=25981.9;high=40666,30225241.692189097
non_boundary,50.0,PatchTST,physical-bin,applicable,5,228.06964953977132,662027540.0623338,44889276.01571364,7515.439385874898,509.5900284452503,0.031232049404579458,0.003081178619361642,28089.564295224885,2481.7848975085694,412396938.2003442,36436324.972772054,4992612.037239797,600161.4117085607,low=0.975;mid=0.975;high=0.975,low=24222.1;mid=27116.1;high=100094|low=26996.1;mid=30028.5;high=99439.1|low=28628.5;mid=32134.3;high=105083|low=29790.5;mid=33021.6;high=115840|low=30404.7;mid=33553.7;high=91997.7,45356160.527057886
non_boundary,50.0,Boundary-forced router,global,applicable,5,236.13049092783208,668297611.1864483,135939153.40345207,7586.61820643268,1543.2023680987643,0.019705071007730817,0.009197534783779129,33747.19851018907,3020.218711244293,495459494.9273408,44341341.00913309,3456762.325182151,2270199.774950363,all=0.975,all=29878.2|all=31645.2|all=34082.8|all=35820.8|all=37309,51626231.6511724
non_boundary,50.0,Boundary-forced router,physical-bin,applicable,5,236.13049092783208,680282653.052304,162739837.5253799,7722.674261852264,1847.447893895718,0.02687963309834372,0.010267603611846341,29844.663433272257,1883.0778549216307,438164426.1955867,27646407.52703192,4842364.537134347,2940780.678880534,low=0.975;mid=0.975;high=0.975,low=26731.3;mid=29878.2;high=105198|low=29326.9;mid=31645.2;high=83147.3|low=30456.9;mid=34082.8;high=100707|low=30676.3;mid=35820.8;high=132849|low=31588.9;mid=37309;high=133434,63611273.51702809
non_boundary,50.0,Physics-Aligned MoE,global,applicable,5,241.41708330423808,702482818.7914836,174265405.65584484,7974.69398893714,1978.287932157759,0.020134182474542787,0.007775864199242441,34109.568776983935,5332.467543871777,500779633.9992897,78288622.24535349,4034063.69584388,2397606.419350615,all=0.975,all=30170.5|all=30367.8|all=31159|all=36342.7|all=42507.8,85811439.2562077
non_boundary,50.0,Physics-Aligned MoE,physical-bin,applicable,5,241.41708330423808,720100906.8993069,199678902.88048595,8174.697259581864,2266.7858969960603,0.027894515773819663,0.00965652584263398,29942.56324598663,3271.653306911239,439601742.2959527,48032778.02541736,5609983.292067083,3190767.0794560076,low=0.975;mid=0.975;high=0.975,low=26924.6;mid=30170.5;high=119260|low=27763.6;mid=31159;high=133369|low=27844.6;mid=30367.8;high=99658.5|low=32481.9;mid=36342.7;high=130472|low=34168.7;mid=42507.8;high=152119,103429527.36403096
non_boundary,50.0,Graph WaveNet,gate-bin,not_applicable,5,225.73768659711436,,0.0,,0.0,,0.0,,0.0,,0.0,,0.0,,,
non_boundary,50.0,PatchTST,gate-bin,not_applicable,5,228.06964953977132,,0.0,,0.0,,0.0,,0.0,,0.0,,0.0,,,
non_overlap,2.0,Graph WaveNet,physical-bin,applicable,5,225.73768659711436,7552835.490547041,1333197.2703846167,1830.1030992360168,323.04271150584356,0.5585170826266053,0.013371952740894477,576.5174265606845,526.1759587049834,396547.9032359908,361921.363595911,3578143.793655525,498866.0038136503,low=0.500;mid=0.500;high=0.500,low=1625.01;mid=813.146;high=0|low=269.47;mid=0;high=0|low=360.357;mid=0;high=0|low=398.469;mid=0;high=0|low=445.535;mid=0;high=0,0.0
non_overlap,2.0,Graph WaveNet,global,applicable,5,225.73768659711436,7623772.674283737,1376910.9017706683,1847.2916584162194,333.6348199105085,0.6052338260237461,0.012093996225685735,162.62916355133058,363.64986482470624,111861.75966272355,250130.4986885938,3755955.4573105066,571921.1122412211,all=0.500,all=0|all=813.146,70937.18373669591
non_overlap,2.0,Physics-Aligned MoE,gate-bin,applicable,5,241.41708330423808,8187906.487429751,1160909.496876647,1983.9850950883817,281.2962192577289,0.496680397383087,0.020522109522649205,806.8941195883024,113.01799826814695,555008.6719234873,77737.54647544037,3816448.9077531323,582612.5581621303,low=0.500;mid=0.500;high=0.500,low=1738.6;mid=0;high=0|low=1830.3;mid=0;high=0|low=2148.89;mid=0;high=0|low=2592.57;mid=0;high=0|low=3012.72;mid=0;high=0,635070.9968827097
non_overlap,2.0,Physics-Aligned MoE,physical-bin,applicable,5,241.41708330423808,8225399.459983031,1136859.3408592627,1993.0698958039816,275.4687038670372,0.5201841531378726,0.02135628610265195,1008.2950043417347,83.44733064155487,693538.9138197232,57397.855592949476,3765930.273081654,561660.5063503876,low=0.500;mid=0.500;high=0.500,low=1069.14;mid=741.238;high=0|low=1118.31;mid=152.226;high=0|low=1122.09;mid=127.225;high=0|low=1172.69;mid=408.598;high=0|low=937.457;mid=55.8711;high=0,672563.9694359899
non_overlap,2.0,Boundary-forced router,gate-bin,applicable,5,236.13049092783208,8243648.147097359,986401.2390329947,1997.491676059452,239.0116886438077,0.517131087957354,0.025841422430425757,851.462596157639,262.80921656540596,585664.3557237627,180768.9394609051,3828991.895686798,541314.1559545418,low=0.500;mid=0.500;high=0.500,low=1543.46;mid=7.96729;high=0|low=1668.25;mid=128.747;high=0|low=1902.28;mid=0;high=0|low=1989.45;mid=584.037;high=0|low=2391.36;mid=602.568;high=0,690812.656550318
non_overlap,2.0,Boundary-forced router,physical-bin,applicable,5,236.13049092783208,8262672.04267062,960552.9611794972,2002.1012945652096,232.74847617627753,0.531475648170584,0.026990080058508163,1163.2032524193378,174.62381349756026,800089.9704557676,120112.07971740518,3731291.0361074256,517067.15531154233,low=0.500;mid=0.500;high=0.500,low=1223.67;mid=938.38;high=0|low=1244.72;mid=536.925;high=0|low=1315.44;mid=242.24;high=0|low=1494.51;mid=176.304;high=0|low=974;mid=201.856;high=0,709836.5521235783
non_overlap,2.0,Physics-Aligned MoE,global,applicable,5,241.41708330423808,8309283.274422722,1123070.2191206806,2013.3955111273858,272.12750645037096,0.5867700508844197,0.02195023761405599,297.03152216672896,281.836758341227,204308.18199701508,193856.7169457073,4052487.5462128534,486297.68653117743,all=0.500,all=127.225|all=152.226|all=408.598|all=55.8711|all=741.238,756447.7838756805
non_overlap,2.0,Boundary-forced router,global,applicable,5,236.13049092783208,8365997.236626972,965569.4923936741,2027.1376875761987,233.96401560302255,0.5944269445117519,0.034766334072629704,419.1411836981773,324.40658074073605,288299.2775203963,223137.65978616956,4038848.9795532874,467106.4854613245,all=0.500,all=176.304|all=201.856|all=242.24|all=536.925|all=938.38,813161.746079931
non_overlap,2.0,PatchTST,physical-bin,applicable,5,228.06964953977132,8555656.651199909,991628.4507201674,2073.0934458928778,240.2782773734352,0.5451417494548098,0.017036078093918054,1360.7906913524562,691.5728605031542,935997.1972019313,475686.8658827528,3809829.726998987,261425.84605538647,low=0.500;mid=0.500;high=0.500,low=1330.59;mid=243.405;high=0|low=1386.55;mid=455.776;high=0|low=2118.27;mid=1073.66;high=0|low=2150.04;mid=1365.99;high=0|low=328.931;mid=0;high=0,1002821.1606528675
non_overlap,2.0,PatchTST,global,applicable,5,228.06964953977132,8681807.524172047,1034877.6536069169,2103.6606552391686,250.75785161301596,0.6003876908165738,0.026839452605895854,627.7666868686676,573.4118925788229,431798.8527844985,394411.8134454669,4125004.3356937743,342858.7782269744,all=0.500,all=0|all=1073.66|all=1365.99|all=243.405|all=455.776,1128972.0336250057
non_overlap,2.0,Graph WaveNet,gate-bin,not_applicable,5,225.73768659711436,,0.0,,0.0,,0.0,,0.0,,0.0,,0.0,,,
non_overlap,2.0,PatchTST,gate-bin,not_applicable,5,228.06964953977132,,0.0,,0.0,,0.0,,0.0,,0.0,,0.0,,,
non_overlap,5.0,Graph WaveNet,physical-bin,applicable,5,225.73768659711436,13682076.844166214,2092590.0946960025,3315.259715087524,507.04872660431386,0.23198449236733704,0.0073447331978029875,8579.803172508551,1408.8943506005555,5901474.6154904645,969084.4974880822,1556120.4457351496,231744.40715363904,low=0.800;mid=0.800;high=0.800,low=11121.6;mid=10596.3;high=7189.94|low=7618.39;mid=7270.32;high=3888.24|low=8026.96;mid=7782.16;high=3674.25|low=8451.06;mid=7839.14;high=1395.3|low=9132.31;mid=8894.37;high=7405.84,0.0
non_overlap,5.0,Graph WaveNet,global,applicable,5,225.73768659711436,13800783.283433815,2087624.1169818533,3344.0230878201633,505.84543663238486,0.23968984734674098,0.008084480725424482,8476.463507246975,1323.9581848915896,5830394.1490680445,910662.5715079318,1594077.8268731544,243191.21429159373,all=0.800,all=10596.3|all=7270.32|all=7782.16|all=7839.14|all=8894.37,118706.43926760182
non_overlap,5.0,PatchTST,physical-bin,applicable,5,228.06964953977132,14740773.223173399,1231104.805305848,3571.7890048881504,298.3050170355821,0.21797916161860914,0.01621881345743934,10766.657516780044,1521.147219008072,7405665.928625206,1046295.7621410519,1467021.4589096382,60891.879962652325,low=0.800;mid=0.800;high=0.800,low=10793.5;mid=10231.2;high=6487.76|low=11717.8;mid=10814.8;high=1160.89|low=11794.6;mid=11277.9;high=4103.26|low=12680.7;mid=12624.2;high=12216.3|low=9024.09;mid=8418.76;high=840.972,1058696.3790071849
non_overlap,5.0,Boundary-forced router,gate-bin,applicable,5,236.13049092783208,14850224.18844984,1812006.704153996,3598.3097137024088,439.06147423164435,0.23048219045311363,0.026337641407017484,9890.14695122888,634.7611093184302,6802772.744620265,436609.8496928603,1609490.2887659152,392950.53878350696,low=0.800;mid=0.800;high=0.800,low=5777.42;mid=11263.7;high=16946.2|low=6034.05;mid=12106.8;high=10134.5|low=7349.13;mid=11969.2;high=13853.1|low=7435.29;mid=11047.2;high=9496.2|low=8622.68;mid=12188.3;high=7807.3,1168147.3442836255
non_overlap,5.0,PatchTST,global,applicable,5,228.06964953977132,14863724.215017116,1190650.8952130969,3601.58086140468,288.5027611371691,0.22747758662466683,0.01401760839154453,10673.368095252517,1538.6630863449611,7341498.354851189,1058343.7595576085,1504445.1720331851,53833.24051884964,all=0.800,all=10231.2|all=10814.8|all=11277.9|all=12624.2|all=8418.76,1181647.370850902
non_overlap,5.0,Boundary-forced router,physical-bin,applicable,5,236.13049092783208,14876871.50051324,1988381.212332166,3604.766537560756,481.7982099181407,0.20368306275745093,0.021412707501987486,10472.234678309129,734.9558837175767,7203152.086230295,505527.1553504068,1534743.8828565893,369072.19462464366,low=0.800;mid=0.800;high=0.500|low=0.800;mid=0.800;high=0.800,low=10092.9;mid=9544.87;high=5141.55|low=10272.4;mid=9638.12;high=1933.82|low=10889.2;mid=11924.8;high=16709.9|low=11015.9;mid=11095.9;high=11526.4|low=11369.8;mid=10524.4;high=0,1194794.656347027
non_overlap,5.0,Boundary-forced router,global,applicable,5,236.13049092783208,15038710.366706138,1914569.0401913286,3643.981188928068,463.91302161166203,0.205766900896535,0.030077970634730354,10545.625708293917,1003.8116692085583,7253632.883021498,690455.12647062,1557015.4967369281,354120.13357445877,all=0.800,all=10524.4|all=11095.9|all=11924.8|all=9544.87|all=9638.12,1356633.5225399248
non_overlap,5.0,Physics-Aligned MoE,physical-bin,applicable,5,241.41708330423808,15270640.089912128,2571729.8684364017,3700.1793287889823,623.1475329383093,0.20629997576932396,0.020520106765488523,9949.130036768478,402.8907437222591,6843343.276957251,277121.68322362745,1685459.3625909756,460456.86193008494,low=0.800;mid=0.800;high=0.800,low=10098.9;mid=9604.45;high=2676.87|low=10207.4;mid=9604.6;high=638.38|low=10246.8;mid=10097.9;high=8605.65|low=10445.9;mid=10079.1;high=3854.55|low=9977.52;mid=11099.6;high=17563.9,1588563.245745914
non_overlap,5.0,Physics-Aligned MoE,gate-bin,applicable,5,241.41708330423808,15315788.047310686,2358670.9728226378,3711.1189840830352,571.5219221765537,0.22088684274291254,0.016437259100903875,9701.804213545975,268.0307036007505,6673224.331550707,184360.45229338287,1728512.7431519958,456292.1709941163,low=0.800;mid=0.800;high=0.800,low=10850.6;mid=10336.3;high=7989.02|low=6189.44;mid=10842.4;high=13844.2|low=6898.07;mid=10913;high=14883.6|low=9003.2;mid=9297.44;high=10920.5|low=9082.47;mid=9668.4;high=10072.4,1633711.203144472
non_overlap,5.0,Physics-Aligned MoE,global,applicable,5,241.41708330423808,15393125.833282894,2455295.5173321078,3729.8584524552693,594.9347025277702,0.20620305306518052,0.02048674641997985,10097.116544985924,610.4353194748127,6945133.330192817,419877.76057875855,1689598.5006180152,418918.9714143886,all=0.800,all=10079.1|all=10097.9|all=11099.6|all=9604.45|all=9604.6,1711048.9891166799
non_overlap,5.0,Graph WaveNet,gate-bin,not_applicable,5,225.73768659711436,,0.0,,0.0,,0.0,,0.0,,0.0,,0.0,,,
non_overlap,5.0,PatchTST,gate-bin,not_applicable,5,228.06964953977132,,0.0,,0.0,,0.0,,0.0,,0.0,,0.0,,,
non_overlap,10.0,Graph WaveNet,global,applicable,5,225.73768659711436,18666086.45962369,2888317.1944975,4522.918938605208,699.8587822867701,0.09697116549551733,0.012755558130447958,16318.543113238808,1248.007900633847,11224437.904722758,858421.4343193141,744164.8554900934,209004.57352459425,all=0.900,all=14997.9|all=15838.2|all=15841.2|all=16611.4|all=18303.9,0.0
non_overlap,10.0,Graph WaveNet,physical-bin,applicable,5,225.73768659711436,18776233.368824385,2858502.744310718,4549.608279337142,692.6345394501377,0.10138114853404409,0.011233473120634408,16371.805113182962,1296.5994147431077,11261073.283684347,891844.2974408004,751516.008514004,202603.25149118865,low=0.900;mid=0.900;high=0.900,low=14635.2;mid=14997.9;high=19944.7|low=15056.7;mid=15838.2;high=24498.9|low=15083.9;mid=15841.2;high=28904.9|low=15950;mid=16611.4;high=26095.7|low=18113.8;mid=18303.9;high=22662.9,110146.90920069441
non_overlap,10.0,PatchTST,global,applicable,5,228.06964953977132,19824845.557610113,1579897.1482845587,4803.694101674367,382.8197597006442,0.093530409498425,0.005327994530481231,18222.604571649426,1957.4139347337727,12534114.844532862,1346374.5514410464,729073.0713077247,66887.78889495328,all=0.900,all=15668|all=17095.4|all=18417.9|all=19125.1|all=20806.5,1158759.0979864225
non_overlap,10.0,Boundary-forced router,gate-bin,applicable,5,236.13049092783208,19956666.347043402,3051994.0027193297,4835.635170109863,739.5187794328397,0.11897261933607947,0.0191291941365749,16818.913993781134,1116.647519155371,11568609.67538912,768067.3852590355,838805.6671654285,335354.9162261441,low=0.900;mid=0.900;high=0.900,low=11396.4;mid=18307.9;high=32939.6|low=11846;mid=17758.1;high=18973|low=13733.7;mid=18807.2;high=22622.2|low=9476.43;mid=18529.7;high=23751.8|low=9585.41;mid=18599.5;high=33067.8,1290579.8874197118
non_overlap,10.0,PatchTST,physical-bin,applicable,5,228.06964953977132,19959575.204766035,1605749.877209193,4836.340006000978,389.0840506928017,0.09827962200145385,0.006366261413853548,18262.029762199323,1710.103027126268,12561232.804766102,1176265.8654916848,739834.2399999934,58339.13951214644,low=0.900;mid=0.900;high=0.900,low=15339.5;mid=15668;high=23092.2|low=16622.7;mid=17095.4;high=26411.2|low=18192.2;mid=18417.9;high=25724|low=18926.2;mid=19125.1;high=21276|low=19440.6;mid=20806.5;high=31982.7,1293488.7451423444
non_overlap,10.0,Boundary-forced router,physical-bin,applicable,5,236.13049092783208,20730818.616780233,3339785.101454487,5023.217498614062,809.2525082274016,0.09362733220256847,0.008535253483997767,18086.80264052308,1180.0034073697445,12440705.749573123,811645.6770358217,829011.2867207106,295253.3740141312,low=0.900;mid=0.900;high=0.900,low=16292.9;mid=16457.1;high=17769.9|low=17190.1;mid=17538.5;high=21919.2|low=18073.6;mid=19469.5;high=31963.6|low=18243.1;mid=20450.6;high=33359.5|low=18285;mid=18142.4;high=16738.7,2064732.157156542
non_overlap,10.0,Boundary-forced router,global,applicable,5,236.13049092783208,20740474.51443127,3349500.0865961625,5025.557187892239,811.6065148040133,0.08945965592440028,0.008560667323599874,18411.626629672646,1575.7028833076936,12664130.5167765,1083820.9665684756,807634.3997654768,282124.74750446033,all=0.900,all=16457.1|all=17538.5|all=18142.4|all=19469.5|all=20450.6,2074388.054807581
non_overlap,10.0,Physics-Aligned MoE,gate-bin,applicable,5,241.41708330423808,20837145.128495455,3780602.7353607574,5048.981131208008,916.0656010081794,0.1115580324691059,0.01566359062550462,17128.92184708286,857.2240734610303,11781843.41048516,589627.2918622786,905530.171801029,348465.9993652733,low=0.900;mid=0.900;high=0.900,low=10031.1;mid=17264.5;high=29865.9|low=11591;mid=19815.8;high=32465.1|low=14304.3;mid=16717.9;high=22292.9|low=14745.9;mid=14196.5;high=25623.4|low=16168.6;mid=17000.9;high=19765.7,2171058.668871764
non_overlap,10.0,Physics-Aligned MoE,global,applicable,5,241.41708330423808,21614701.296522304,4309489.265292652,5237.388247279453,1044.218382673286,0.09299733462563606,0.01494013261658832,18293.97640874981,1468.5861699519824,12583206.773151746,1010142.5205653049,903149.4523370555,345016.9089331184,all=0.900,all=17137.5|all=17308.1|all=17526.9|all=18883.5|all=20613.8,2948614.8368986137
non_overlap,10.0,Physics-Aligned MoE,physical-bin,applicable,5,241.41708330423808,21698065.25372761,4317071.834522164,5257.587897680545,1046.0556904584842,0.0977950084807366,0.017443225945342998,17978.49875492779,850.9741057000687,12366210.726931164,585328.3557040308,933185.4526796446,376150.95247777615,low=0.900;mid=0.900;high=0.900,low=16880.5;mid=17137.5;high=22711.3|low=16961.5;mid=17308.1;high=24067.6|low=17093;mid=17526.9;high=20872.5|low=17574.9;mid=20613.8;high=39349|low=18451.7;mid=18883.5;high=21961.4,3031978.7941039205
non_overlap,10.0,Graph WaveNet,gate-bin,not_applicable,5,225.73768659711436,,0.0,,0.0,,0.0,,0.0,,0.0,,0.0,,,
non_overlap,10.0,PatchTST,gate-bin,not_applicable,5,228.06964953977132,,0.0,,0.0,,0.0,,0.0,,0.0,,0.0,,,
non_overlap,20.0,Graph WaveNet,global,applicable,5,225.73768659711436,24309445.500476874,3655256.2214167514,5890.342985334837,885.6932932921619,0.042306760358614005,0.005365330480634272,25260.777610292414,2433.394277823,17375204.866279464,1673769.6974292526,346712.0317098705,106427.849730142,all=0.950,all=23218.6|all=23236|all=25061.7|all=25622.4|all=29165.3,0.0
non_overlap,20.0,Graph WaveNet,physical-bin,applicable,5,225.73768659711436,24819863.68075929,3925991.9751776895,6014.020761027206,951.294396699222,0.049818269929731034,0.007943819362304585,24811.492593397496,2168.099778227266,17066171.65549191,1491291.2974573204,387684.6012633686,129371.54759264523,low=0.950;mid=0.950;high=0.950,low=20555;mid=23236;high=52228.8|low=20839;mid=23218.6;high=55095.8|low=22079.7;mid=25061.7;high=59415.1|low=22615.3;mid=25622.4;high=58216.6|low=25577;mid=29165.3;high=64277.8,510418.18028241396
non_overlap,20.0,Boundary-forced router,gate-bin,applicable,5,236.13049092783208,25436017.267938744,4721886.166236588,6163.318940620002,1144.1449397229437,0.05820208383813909,0.01950637145203165,25271.944830857596,1225.9262749766804,17382886.052824885,843232.9561381275,402656.5607556931,225626.46467296063,low=0.950;mid=0.950;high=0.950,low=13049;mid=25609.2;high=54344.2|low=13534.4;mid=26709;high=56158.8|low=15083.4;mid=24594.3;high=38400.4|low=16658.4;mid=25344.3;high=52274.8|low=18327.6;mid=26226.4;high=41336.9,1126571.7674618699
non_overlap,20.0,PatchTST,global,applicable,5,228.06964953977132,25764480.84396626,2010518.3821000347,6242.907885623034,487.16219580810156,0.03750908650351345,0.003975603450834734,28594.16018803832,2543.723427873252,19668016.516005687,1749657.7644721523,304823.2163980285,26819.085276339367,all=0.950,all=24963.4|all=27109|all=29223.6|all=30707.7|all=30967.1,1455035.3434893861
non_overlap,20.0,PatchTST,physical-bin,applicable,5,228.06964953977132,25815729.204887748,2185423.3984736684,6255.325709931609,529.542863696067,0.04637751393263872,0.003488712506891391,27472.6436191631,2486.293234032219,18896600.036047686,1710155.362808494,345956.4584420031,34261.237389567395,low=0.950;mid=0.950;high=0.950,low=21617.5;mid=24963.4;high=56208.3|low=23398;mid=27109;high=56333.8|low=26556.3;mid=30967.1;high=59843.2|low=26992.8;mid=30707.7;high=68263.2|low=27260.4;mid=29223.6;high=50517.3,1506283.7044108734
non_overlap,20.0,Physics-Aligned MoE,gate-bin,applicable,5,241.41708330423808,26277767.221080534,5476737.041181092,6367.280644797803,1327.0504097846117,0.054809789193118484,0.01693497185425232,25952.299432900403,2191.4221548401483,17850856.626596656,1507333.2055042149,421345.529724194,232406.9783728373,low=0.950;mid=0.950;high=0.950,low=15238.9;mid=29910.8;high=61078.6|low=15546.5;mid=23686.7;high=48765.6|low=17859.8;mid=22894.9;high=41882.2|low=19235.2;mid=20088.7;high=44531.1|low=20307.8;mid=26041;high=42984.6,1968321.7206036597
non_overlap,20.0,Boundary-forced router,global,applicable,5,236.13049092783208,27618084.69979145,5132405.090353144,6692.048630916269,1243.6164502915303,0.03813908408044584,0.00978661377107494,29121.84492785898,3718.569657838123,20030975.66954567,2557756.16298299,379355.4515122887,203855.67720713338,all=0.950,all=24738.7|all=27449.9|all=27490.1|all=32224.4|all=33706.1,3308639.1993145756
non_overlap,20.0,Boundary-forced router,physical-bin,applicable,5,236.13049092783208,28272175.98688373,4999157.043381914,6850.539371670397,1211.3295477058189,0.043227526047976736,0.009131782829974983,28370.957021565082,2261.6056739052815,19514489.93799985,1555607.7693678488,437884.3024441941,215264.0220143196,low=0.950;mid=0.950;high=0.950,low=22652.1;mid=24738.7;high=62592.2|low=25012.5;mid=27490.1;high=58432.9|low=25869.6;mid=27449.9;high=55122.8|low=26464;mid=32224.4;high=76150.4|low=27529.1;mid=33706.1;high=80540.3,3962730.4864068553
non_overlap,20.0,Physics-Aligned MoE,global,applicable,5,241.41708330423808,28609532.236271538,6292030.645365988,6932.28307154629,1524.6015617557518,0.04327598740004846,0.007899349040746293,28872.208710571955,4474.355096679954,19859267.558088403,3077610.5806663614,437513.2339091571,199254.01925946967,all=0.950,all=25049.6|all=26174.8|all=27097.7|all=29806.8|all=36232.1,4300086.735794663
non_overlap,20.0,Physics-Aligned MoE,physical-bin,applicable,5,241.41708330423808,29126481.79553345,5989846.109009563,7057.543444519857,1451.380205720757,0.04996365398594621,0.00878575043306094,28004.855197734363,3150.8945085892824,19262672.900174953,2167290.272824661,493190.44476792484,213279.9515498101,low=0.950;mid=0.950;high=0.950,low=23018.7;mid=25049.6;high=56129.7|low=23400.7;mid=26174.8;high=63842|low=24024.8;mid=27097.7;high=57539.2|low=26882.7;mid=29806.8;high=57845|low=29150.7;mid=36232.1;high=85243.4,4817036.295056574
non_overlap,20.0,Graph WaveNet,gate-bin,not_applicable,5,225.73768659711436,,0.0,,0.0,,0.0,,0.0,,0.0,,0.0,,,
non_overlap,20.0,PatchTST,gate-bin,not_applicable,5,228.06964953977132,,0.0,,0.0,,0.0,,0.0,,0.0,,0.0,,,
non_overlap,50.0,Graph WaveNet,global,applicable,5,225.73768659711436,31434478.40653748,4022884.5386465434,7616.786626250903,974.7721198562017,0.013569178580082383,0.004906337952826893,39996.50197166447,4216.911928123318,27510927.272843204,2900532.587894154,78471.02267388537,31661.828257857433,all=0.975,all=35440|all=37347.8|all=39151.4|all=41759.5|all=46283.8,0.0
non_overlap,50.0,Graph WaveNet,physical-bin,applicable,5,225.73768659711436,32709446.97507487,5568907.398947515,7925.720129652259,1349.3839105760883,0.02960988611582263,0.004030603806398638,32922.537145129965,2914.0406010152037,22645218.466325223,2004374.2600649588,201284.57017499296,72766.45727963762,low=0.975;mid=0.975;high=0.975,low=27123.7;mid=35440;high=78782.1|low=27437.7;mid=37347.8;high=83120.1|low=28333.1;mid=39151.4;high=84879.1|low=28688.8;mid=41759.5;high=80182.5|low=34369.6;mid=46283.8;high=86380.5,1274968.568537388
non_overlap,50.0,PatchTST,physical-bin,applicable,5,228.06964953977132,32905785.71774452,2462211.2377872085,7973.294334321426,596.6104283467911,0.021516840319844924,0.002502924450422434,37796.6544178223,2530.6809622647293,25997798.79705877,1740686.7218777575,138159.73841371504,18790.88355825953,low=0.975;mid=0.975;high=0.975,low=31404.1;mid=41488.3;high=83521.7|low=31631.9;mid=43273.2;high=82585.6|low=35638.4;mid=46478.8;high=92219.2|low=36018.6;mid=43055.2;high=74192.4|low=37167.4;mid=43316;high=84710,1471307.3112070411
non_overlap,50.0,PatchTST,global,applicable,5,228.06964953977132,33602167.88337162,1397330.2218791828,8142.032440846042,338.58255921472795,0.011388417736854858,0.0034480856483541816,43522.27013619874,1816.6441815849132,29936068.14201536,1249548.4229001561,73321.99482712519,25292.145223389347,all=0.975,all=41488.3|all=43055.2|all=43273.2|all=43316|all=46478.8,2167689.4768341407
non_overlap,50.0,Physics-Aligned MoE,gate-bin,applicable,5,241.41708330423808,33658323.48693035,7073292.7597920755,8155.639323220341,1713.906653693258,0.02830142960988612,0.011762988759850436,34880.98542363595,4087.914885540567,23992304.473890927,2811804.1221043197,193320.38026078843,113328.0198875312,low=0.975;mid=0.975;high=0.975,low=19022.6;mid=30734.4;high=66417|low=21343.3;mid=41831.4;high=89095.8|low=22236.9;mid=28334.1;high=63531.1|low=23276.8;mid=24604;high=70154.8|low=23663.3;mid=33986.4;high=63811.7,2223845.0803928673
non_overlap,50.0,Boundary-forced router,gate-bin,applicable,5,236.13049092783208,34454769.66494925,9270824.621844415,8348.623616416104,2246.383479971993,0.0320814150714805,0.01741627774016134,33663.312195229984,2256.5192601827703,23154748.23828569,1552109.1644623824,226000.42853327136,191498.11500816155,low=0.975;mid=0.975;high=0.975,low=15645.1;mid=31594.5;high=72248.3|low=17086.7;mid=34968.3;high=86667.6|low=19402.2;mid=32595.8;high=64822.8|low=19606;mid=32884.8;high=85452|low=21698.5;mid=31011;high=61818,3020291.2584117725
non_overlap,50.0,Boundary-forced router,global,applicable,5,236.13049092783208,36216375.92367305,6391609.53394916,8775.472721994924,1548.7301996484516,0.012163799370002424,0.004001364364775251,46463.612787859674,6579.6134516940665,31959221.662582807,4525677.45252357,85143.0852218047,54730.365332272,all=0.975,all=39295.8|all=39566.5|all=49650.2|all=50338.4|all=53467.2,4781897.517135568
non_overlap,50.0,Boundary-forced router,physical-bin,applicable,5,236.13049092783208,37240698.97991425,7455326.409693169,9023.673123313365,1806.4759897487688,0.023212987642355222,0.005214945888951629,39572.48153519262,5114.280246957712,27219271.882623322,3517772.4298657468,200428.54194581855,89944.63187964704,low=0.975;mid=0.975;high=0.975,low=29615.7;mid=39566.5;high=84845.6|low=31503.8;mid=39295.8;high=75286.3|low=38930.5;mid=50338.4;high=90378|low=38969.4;mid=49650.2;high=101597|low=39360.3;mid=53467.2;high=105456,5806220.573376767
non_overlap,50.0,Physics-Aligned MoE,global,applicable,5,241.41708330423808,37453834.800170645,8003773.540842389,9075.317373436068,1939.3684373255126,0.015653016719166465,0.007543877672373894,45268.93755848289,8233.197085122163,31137484.217309814,5663067.395049859,126327.01165721663,95420.83867610674,all=0.975,all=39329.6|all=39567.8|all=42526.5|all=45663.1|all=59257.7,6019356.393633164
non_overlap,50.0,Physics-Aligned MoE,physical-bin,applicable,5,241.41708330423808,38642039.826548636,8423758.932608388,9363.22748401954,2041.1337370022745,0.025878362006299976,0.007316300057234483,39947.94232595929,5983.026821860374,27477526.32987232,4115325.2823029594,223290.26993352632,103693.1527116067,low=0.975;mid=0.975;high=0.975,low=30657.8;mid=39567.8;high=78175.1|low=32036.4;mid=39329.6;high=99090.8|low=32957.8;mid=42526.5;high=91537.8|low=38623.6;mid=45663.1;high=104704|low=44034.9;mid=59257.7;high=111882,7207561.420011155
non_overlap,50.0,Graph WaveNet,gate-bin,not_applicable,5,225.73768659711436,,0.0,,0.0,,0.0,,0.0,,0.0,,0.0,,,
non_overlap,50.0,PatchTST,gate-bin,not_applicable,5,228.06964953977132,,0.0,,0.0,,0.0,,0.0,,0.0,,0.0,,,
