n_cells,shortage_mwh,reserve_mwh,shortfall_cashflow_gbp,shortfall_floor_gbp,reserve_cost_gbp,total_cashflow_gbp,mean_shortfall_sbp,mean_period_sbp,violation_rate,farm,seed,window,policy,rho,c_res_per_mwh,n_turbines
426974,2121.4248046875,37346.5390625,115326.1796875,118215.1171875,560198.0,675524.1796875,54.362606048583984,57.727577209472656,0.0925419346377062,kelmarsh,201,rolling_fold_1,global,10.0,15.0,6
426974,4783.93017578125,16316.9296875,262872.1875,268054.59375,244753.859375,507626.046875,54.94900894165039,57.727577209472656,0.1656166417627302,kelmarsh,201,rolling_fold_1,global,5.0,15.0,6
426974,852.23828125,55598.06640625,45845.48046875,47299.09375,833970.4375,879815.91796875,53.79420852661133,57.727577209472656,0.0491622440710675,kelmarsh,201,rolling_fold_1,global,20.0,15.0,6
426974,2383.35009765625,34583.1484375,129710.7890625,132888.921875,518747.28125,648458.0703125,54.42371368408203,57.727577209472656,0.0986453507707729,kelmarsh,201,rolling_fold_1,soft-gate-bin,10.0,15.0,6
426974,5480.2158203125,11889.3173828125,301371.90625,307148.34375,178339.734375,479711.640625,54.99269485473633,57.727577209472656,0.1802498512790006,kelmarsh,201,rolling_fold_1,soft-gate-bin,5.0,15.0,6
426974,996.3314208984376,52875.24609375,53673.8828125,55281.81640625,793128.5625,846802.4453125,53.87152099609375,57.727577209472656,0.054078234271876,kelmarsh,201,rolling_fold_1,soft-gate-bin,20.0,15.0,6
426974,2428.22607421875,33841.421875,133568.34375,136432.484375,507621.21875,641189.5625,55.00653839111328,57.727577209472656,0.0984814063619798,kelmarsh,201,rolling_fold_1,soft-pab-bin,10.0,15.0,6
426974,5245.57373046875,12795.529296875,290183.65625,295285.1875,191932.953125,482116.609375,55.31972122192383,57.727577209472656,0.1747787921512785,kelmarsh,201,rolling_fold_1,soft-pab-bin,5.0,15.0,6
426974,1083.409423828125,51366.90625,59105.6796875,60651.89453125,770503.5,829609.1796875,54.55524444580078,57.727577209472656,0.0559589108470304,kelmarsh,201,rolling_fold_1,soft-pab-bin,20.0,15.0,6
354758,2083.3154296875,29891.3125,88024.7265625,88347.109375,448369.53125,536394.2578125,42.25223159790039,42.77177810668945,0.1091589196015311,kelmarsh,201,rolling_fold_2,global,10.0,15.0,6
354758,5274.5595703125,9737.5625,225997.796875,227122.078125,146063.46875,372061.265625,42.84676361083984,42.77177810668945,0.2162319102035754,kelmarsh,201,rolling_fold_2,global,5.0,15.0,6
354758,818.0721435546875,45739.71875,33429.08203125,33537.015625,686095.9375,719525.01953125,40.86325073242188,42.77177810668945,0.0555449066687713,kelmarsh,201,rolling_fold_2,global,20.0,15.0,6
354758,2099.2900390625,29530.8984375,88959.578125,89292.4140625,442963.46875,531923.046875,42.37604141235352,42.77177810668945,0.1086374373516594,kelmarsh,201,rolling_fold_2,soft-gate-bin,10.0,15.0,6
354758,5291.9287109375,9403.40625,227043.109375,228229.578125,141051.09375,368094.203125,42.90365982055664,42.77177810668945,0.2154990162307827,kelmarsh,201,rolling_fold_2,soft-gate-bin,5.0,15.0,6
354758,821.53515625,45567.05859375,33728.71875,33828.546875,683505.75,717234.46875,41.05572509765625,42.77177810668945,0.0549924173662045,kelmarsh,201,rolling_fold_2,soft-gate-bin,20.0,15.0,6
354758,2185.638671875,28195.919921875,92487.0390625,92881.5703125,422938.875,515425.9140625,42.31579208374024,42.77177810668945,0.1109375968970396,kelmarsh,201,rolling_fold_2,soft-pab-bin,10.0,15.0,6
354758,5295.77392578125,8770.5283203125,226528.40625,227768.65625,131557.9375,358086.34375,42.77532958984375,42.77177810668945,0.2162149972657417,kelmarsh,201,rolling_fold_2,soft-pab-bin,5.0,15.0,6
354758,849.345458984375,44666.84375,34787.68359375,34921.28515625,670002.5,704790.18359375,40.95822525024414,42.77177810668945,0.0557675936835814,kelmarsh,201,rolling_fold_2,soft-pab-bin,20.0,15.0,6
602713,2130.3642578125,51762.01953125,76251.8984375,78148.0078125,776429.3125,852681.2109375,35.79289245605469,34.577247619628906,0.0698524836862652,kelmarsh,201,rolling_fold_3,global,10.0,15.0,6
602713,6035.6796875,16490.78515625,214382.84375,219459.15625,247361.78125,461744.625,35.519256591796875,34.577247619628906,0.1602122403200196,kelmarsh,201,rolling_fold_3,global,5.0,15.0,6
602713,759.9642944335938,79539.3125,27122.283203125,27639.052734375,1193089.5,1220211.783203125,35.68889236450195,34.577247619628906,0.0320102602731316,kelmarsh,201,rolling_fold_3,global,20.0,15.0,6
602713,2183.58740234375,49954.68359375,77770.1640625,79804.265625,749320.25,827090.4140625,35.615779876708984,34.577247619628906,0.071249500176701,kelmarsh,201,rolling_fold_3,soft-gate-bin,10.0,15.0,6
602713,6265.0458984375,13882.3544921875,220793.953125,226154.953125,208235.328125,429029.28125,35.242191314697266,34.577247619628906,0.166062454269279,kelmarsh,201,rolling_fold_3,soft-gate-bin,5.0,15.0,6
602713,774.2056274414062,78545.7734375,27538.0546875,28092.85546875,1178186.375,1205724.4296875,35.569427490234375,34.577247619628906,0.0322906590699055,kelmarsh,201,rolling_fold_3,soft-gate-bin,20.0,15.0,6
602713,2211.9560546875,48537.36328125,78801.4140625,80799.9453125,728060.5,806861.9140625,35.625221252441406,34.577247619628906,0.0717754553162118,kelmarsh,201,rolling_fold_3,soft-pab-bin,10.0,15.0,6
602713,6075.49462890625,13905.8486328125,214099.78125,219294.40625,208587.75,422687.53125,35.23990631103516,34.577247619628906,0.1615694368629845,kelmarsh,201,rolling_fold_3,soft-pab-bin,5.0,15.0,6
602713,785.3155517578125,77437.0859375,27918.4921875,28450.37890625,1161555.75,1189474.2421875,35.550655364990234,34.577247619628906,0.0324880996427818,kelmarsh,201,rolling_fold_3,soft-pab-bin,20.0,15.0,6
416605,2015.269287109375,30575.927734375,217109.828125,217396.0,458638.46875,675748.296875,107.73241424560548,109.49456787109376,0.0819481283229918,kelmarsh,201,rolling_fold_4,global,10.0,15.0,6
416605,4669.10888671875,7875.5859375,535653.75,536399.4375,118133.65625,653787.40625,114.72290802001952,109.49456787109376,0.1605189568056072,kelmarsh,201,rolling_fold_4,global,5.0,15.0,6
416605,839.9639282226562,49420.49609375,84768.3671875,84852.9765625,741308.1875,826076.5546875,100.9190444946289,109.49456787109376,0.0449538531702691,kelmarsh,201,rolling_fold_4,global,20.0,15.0,6
416605,2008.770263671875,28720.896484375,211172.0,211421.546875,430813.5,641985.5,105.125,109.49456787109376,0.0812904309837856,kelmarsh,201,rolling_fold_4,soft-gate-bin,10.0,15.0,6
416605,4516.541015625,7138.888671875,512122.0625,512795.90625,107083.34375,619205.40625,113.38814544677734,109.49456787109376,0.1585146601697051,kelmarsh,201,rolling_fold_4,soft-gate-bin,5.0,15.0,6
416605,854.6787719726562,47694.6640625,83707.4609375,83780.21875,715419.9375,799127.3984375,97.94021606445312,109.49456787109376,0.044795429723599,kelmarsh,201,rolling_fold_4,soft-gate-bin,20.0,15.0,6
416605,2073.234619140625,27463.61328125,218842.6875,219140.421875,411954.28125,630796.96875,105.55619049072266,109.49456787109376,0.0830570924496825,kelmarsh,201,rolling_fold_4,soft-pab-bin,10.0,15.0,6
416605,4443.83935546875,7160.60693359375,501241.3125,501969.71875,107409.1171875,608650.4296875,112.79467010498048,109.49456787109376,0.1553941983413545,kelmarsh,201,rolling_fold_4,soft-pab-bin,5.0,15.0,6
416605,886.5905151367188,46608.65234375,87578.046875,87674.390625,699129.9375,786707.984375,98.78070068359376,109.49456787109376,0.0453931181814908,kelmarsh,201,rolling_fold_4,soft-pab-bin,20.0,15.0,6
354628,2535.942626953125,21433.392578125,448859.96875,452441.15625,321500.6875,770360.65625,176.999267578125,163.6022491455078,0.1301702065262754,kelmarsh,201,rolling_fold_5,global,10.0,15.0,6
354628,6132.9775390625,2215.388427734375,1078799.625,1086293.875,33230.8203125,1112030.4453125,175.90147399902344,163.6022491455078,0.2567027984253922,kelmarsh,201,rolling_fold_5,global,5.0,15.0,6
354628,940.4854736328124,38594.25390625,166060.6875,167653.703125,578913.8125,744974.5,176.56912231445312,163.6022491455078,0.0623526625083185,kelmarsh,201,rolling_fold_5,global,20.0,15.0,6
354628,2417.17822265625,21921.873046875,427595.375,430996.15625,328828.125,756423.5,176.89854431152344,163.6022491455078,0.1234138308311808,kelmarsh,201,rolling_fold_5,soft-gate-bin,10.0,15.0,6
354628,5222.6357421875,5465.62353515625,919191.375,925848.4375,81984.34375,1001175.71875,176.00144958496094,163.6022491455078,0.224931477491907,kelmarsh,201,rolling_fold_5,soft-gate-bin,5.0,15.0,6
354628,930.6595458984376,38484.9765625,163306.0,164915.671875,577274.625,740580.625,175.47337341308594,163.6022491455078,0.0599050272398118,kelmarsh,201,rolling_fold_5,soft-gate-bin,20.0,15.0,6
354628,2606.321044921875,20050.138671875,472057.5625,474972.9375,300752.15625,772809.71875,181.1202545166016,163.6022491455078,0.1275872181553628,kelmarsh,201,rolling_fold_5,soft-pab-bin,10.0,15.0,6
354628,5240.36376953125,4986.998046875,933935.375,939867.0625,74804.9609375,1008740.3359375,178.21957397460938,163.6022491455078,0.2288397983238774,kelmarsh,201,rolling_fold_5,soft-pab-bin,5.0,15.0,6
354628,1034.8768310546875,36924.359375,187605.546875,188942.59375,553865.3125,741470.859375,181.2830047607422,163.6022491455078,0.0627812806659372,kelmarsh,201,rolling_fold_5,soft-pab-bin,20.0,15.0,6
441327,2849.105712890625,30359.791015625,257315.015625,267522.3125,455396.625,712711.640625,90.31429290771484,93.27145385742188,0.1384370319513648,kelmarsh,201,rolling_fold_6,global,10.0,15.0,6
441327,7561.36181640625,5990.1279296875,706111.0625,729253.375,89852.0,795963.0625,93.38408660888672,93.27145385742188,0.2510678023325108,kelmarsh,201,rolling_fold_6,global,5.0,15.0,6
441327,977.0674438476562,51502.23828125,85066.9765625,89247.203125,772533.5,857600.4765625,87.06356048583984,93.27145385742188,0.0531238741341454,kelmarsh,201,rolling_fold_6,global,20.0,15.0,6
441327,2728.767822265625,29393.203125,242822.96875,252740.84375,440898.125,683721.09375,88.9863052368164,93.27145385742188,0.1166391360601096,kelmarsh,201,rolling_fold_6,soft-gate-bin,10.0,15.0,6
441327,6451.4365234375,8525.6298828125,595137.625,615766.5625,127884.421875,723022.046875,92.24886322021484,93.27145385742188,0.2351272412519515,kelmarsh,201,rolling_fold_6,soft-gate-bin,5.0,15.0,6
441327,1026.21923828125,50249.22265625,88843.4140625,93070.890625,753738.4375,842581.8515625,86.57351684570312,93.27145385742188,0.0536404978621294,kelmarsh,201,rolling_fold_6,soft-gate-bin,20.0,15.0,6
441327,3456.4609375,28275.703125,323277.40625,335039.59375,424135.65625,747413.0625,93.52845764160156,93.27145385742188,0.1439930029207367,kelmarsh,201,rolling_fold_6,soft-pab-bin,10.0,15.0,6
441327,6960.5712890625,8191.25634765625,652674.625,674781.5625,122868.84375,775543.46875,93.76736450195312,93.27145385742188,0.2305863905901972,kelmarsh,201,rolling_fold_6,soft-pab-bin,5.0,15.0,6
441327,1040.24462890625,49698.11328125,92596.0625,96721.9140625,745471.875,838067.9375,89.01374053955078,93.27145385742188,0.0610023859859016,kelmarsh,201,rolling_fold_6,soft-pab-bin,20.0,15.0,6
381348,1850.66357421875,31507.666015625,136157.625,137665.15625,472615.0,608772.625,73.57234191894531,65.39885711669922,0.0943075615972812,kelmarsh,201,rolling_fold_7,global,10.0,15.0,6
381348,4473.52197265625,12221.01171875,317719.8125,322930.125,183315.203125,501035.015625,71.02227020263672,65.39885711669922,0.1833627028331078,kelmarsh,201,rolling_fold_7,global,5.0,15.0,6
381348,817.2958374023438,45936.99609375,62167.94140625,62610.0390625,689054.75,751222.69140625,76.06541442871094,65.39885711669922,0.0518161888878399,kelmarsh,201,rolling_fold_7,global,20.0,15.0,6
381348,1992.798095703125,28943.888671875,146515.171875,148367.890625,434158.25,580673.421875,73.52235412597656,65.39885711669922,0.0998903888311988,kelmarsh,201,rolling_fold_7,soft-gate-bin,10.0,15.0,6
381348,4598.2529296875,10584.3056640625,325547.96875,331586.75,158764.625,484312.59375,70.7981948852539,65.39885711669922,0.1870706021796364,kelmarsh,201,rolling_fold_7,soft-gate-bin,5.0,15.0,6
381348,813.8980712890625,45121.0078125,62135.9921875,62598.81640625,676815.0625,738951.0546875,76.34368896484375,65.39885711669922,0.0518214334413711,kelmarsh,201,rolling_fold_7,soft-gate-bin,20.0,15.0,6
381348,1865.9205322265625,30716.744140625,137898.40625,139359.875,460751.0625,598649.46875,73.9036865234375,65.39885711669922,0.0939299537430378,kelmarsh,201,rolling_fold_7,soft-pab-bin,10.0,15.0,6
381348,4476.56201171875,11678.298828125,319094.28125,324113.25,175174.453125,494268.734375,71.28112030029297,65.39885711669922,0.1837114656429298,kelmarsh,201,rolling_fold_7,soft-pab-bin,5.0,15.0,6
381348,808.6780395507812,45189.46484375,61879.14453125,62286.60546875,677842.0625,739721.20703125,76.51888275146484,65.39885711669922,0.0508354573775134,kelmarsh,201,rolling_fold_7,soft-pab-bin,20.0,15.0,6
278446,1345.434814453125,24663.345703125,51565.421875,52054.55078125,369950.25,421515.671875,38.32621765136719,37.85377502441406,0.1000014365442491,kelmarsh,201,year_1,global,10.0,15.0,6
278446,3084.933837890625,12565.9765625,123117.296875,124141.0234375,188489.75,311607.046875,39.909217834472656,37.85377502441406,0.1999992817278754,kelmarsh,201,year_1,global,5.0,15.0,6
278446,453.834716796875,36846.4296875,16678.01953125,16834.353515625,552696.4375,569374.45703125,36.74910354614258,37.85377502441406,0.050002513952436,kelmarsh,201,year_1,global,20.0,15.0,6
278446,1277.388671875,24261.921875,47893.19921875,48398.21875,363928.78125,411821.98046875,37.4930534362793,37.85377502441406,0.100005027904872,kelmarsh,201,year_1,soft-gate-bin,10.0,15.0,6
278446,3268.568603515625,10604.1865234375,128240.203125,129277.015625,159062.859375,287303.0625,39.2343635559082,37.85377502441406,0.2000028730884983,kelmarsh,201,year_1,soft-gate-bin,5.0,15.0,6
278446,526.158203125,34611.66015625,19110.52734375,19297.078125,519174.96875,538285.49609375,36.32088088989258,37.85377502441406,0.0500061053130589,kelmarsh,201,year_1,soft-gate-bin,20.0,15.0,6
278446,1313.6324462890625,24688.265625,50389.41015625,50855.8125,370324.0,420713.41015625,38.35884475708008,37.85377502441406,0.100005027904872,kelmarsh,201,year_1,soft-pab-bin,10.0,15.0,6
278446,3060.77587890625,12482.310546875,121496.765625,122461.75,187234.671875,308731.4375,39.69476318359375,37.85377502441406,0.2000028730884983,kelmarsh,201,year_1,soft-pab-bin,5.0,15.0,6
278446,463.82470703125,36036.1953125,17355.796875,17544.123046875,540542.8125,557898.609375,37.41887283325195,37.85377502441406,0.0500061053130589,kelmarsh,201,year_1,soft-pab-bin,20.0,15.0,6
445527,2145.473388671875,39462.52734375,101391.171875,101458.3125,591938.375,693329.546875,47.258182525634766,45.984561920166016,0.0973139675036529,kelmarsh,201,year_2,global,10.0,15.0,6
445527,4705.5791015625,20106.173828125,221577.40625,221704.40625,301592.65625,523170.0625,47.08824157714844,45.984561920166016,0.1727863855613688,kelmarsh,201,year_2,global,5.0,15.0,6
445527,780.9633178710938,58956.08984375,36470.1015625,36493.96875,884340.8125,920810.9140625,46.69886779785156,45.984561920166016,0.0468209558567718,kelmarsh,201,year_2,global,20.0,15.0,6
445527,2564.39599609375,35076.28515625,120376.9375,120415.8125,526144.125,646521.0625,46.941627502441406,45.984561920166016,0.1084401169850536,kelmarsh,201,year_2,soft-gate-bin,10.0,15.0,6
445527,5950.16455078125,12786.978515625,279146.5,279246.46875,191804.625,470951.125,46.9140853881836,45.984561920166016,0.2053051779128986,kelmarsh,201,year_2,soft-gate-bin,5.0,15.0,6
445527,1078.878173828125,52921.8984375,50330.39453125,50347.26171875,793828.5,844158.89453125,46.65068435668945,45.984561920166016,0.0581715586260765,kelmarsh,201,year_2,soft-gate-bin,20.0,15.0,6
445527,2208.333740234375,38778.2421875,104398.578125,104463.4375,581673.6875,686072.265625,47.27482986450195,45.984561920166016,0.0981511782675348,kelmarsh,201,year_2,soft-pab-bin,10.0,15.0,6
445527,4610.61083984375,20182.13671875,217195.359375,217315.625,302732.125,519927.484375,47.10771179199219,45.984561920166016,0.1695138566237287,kelmarsh,201,year_2,soft-pab-bin,5.0,15.0,6
445527,1018.6764526367188,55210.2109375,47967.66796875,47998.69921875,828153.0625,876120.73046875,47.08822250366211,45.984561920166016,0.0555297434274466,kelmarsh,201,year_2,soft-pab-bin,20.0,15.0,6
426974,2078.00537109375,37819.1953125,112929.578125,115774.4609375,567288.3125,680217.890625,54.34518432617188,57.727577209472656,0.0912116428634998,kelmarsh,201,year_3,global,10.0,15.0,6
426974,4313.26611328125,19268.89453125,236773.59375,241595.921875,289033.5,525807.09375,54.89427185058594,57.727577209472656,0.1535175443938038,kelmarsh,201,year_3,global,5.0,15.0,6
426974,808.6240234375,56500.98828125,43476.68359375,44874.69921875,847514.375,890991.05859375,53.766258239746094,57.727577209472656,0.0474455119047061,kelmarsh,201,year_3,global,20.0,15.0,6
426974,2591.930419921875,32711.56640625,141273.890625,144699.6875,490673.40625,631947.296875,54.50527572631836,57.727577209472656,0.1048588438640291,kelmarsh,201,year_3,soft-gate-bin,10.0,15.0,6
426974,5606.29736328125,11283.4208984375,308527.28125,314429.40625,169251.3125,477778.59375,55.03226852416992,57.727577209472656,0.1835170291399476,kelmarsh,201,year_3,soft-gate-bin,5.0,15.0,6
426974,1152.0306396484375,50168.8828125,62081.34765625,63943.36328125,752533.6875,814615.03515625,53.88861846923828,57.727577209472656,0.0599287076028048,kelmarsh,201,year_3,soft-gate-bin,20.0,15.0,6
426974,2187.57568359375,36862.65234375,119218.4921875,122087.5546875,552939.875,672158.3671875,54.49798583984375,57.727577209472656,0.0934834439567748,kelmarsh,201,year_3,soft-pab-bin,10.0,15.0,6
426974,4343.94189453125,18890.306640625,238768.015625,243498.015625,283354.65625,522122.671875,54.96575164794922,57.727577209472656,0.1531451563795453,kelmarsh,201,year_3,soft-pab-bin,5.0,15.0,6
426974,1044.98779296875,52911.50390625,56345.43359375,58013.59375,793672.5,850017.93359375,53.919708251953125,57.727577209472656,0.055382763353272,kelmarsh,201,year_3,soft-pab-bin,20.0,15.0,6
354758,1921.112548828125,31422.671875,80989.84375,81281.5078125,471340.25,552330.09375,42.15777969360352,42.77177810668945,0.1028024737990404,kelmarsh,201,year_4,global,10.0,15.0,6
354758,4042.94775390625,16009.8564453125,172907.640625,173669.234375,240148.03125,413055.671875,42.7677001953125,42.77177810668945,0.1772475884969472,kelmarsh,201,year_4,global,5.0,15.0,6
354758,753.07666015625,46944.71875,30658.458984375,30754.994140625,704170.5625,734829.021484375,40.71094131469727,42.77177810668945,0.0524244696384577,kelmarsh,201,year_4,global,20.0,15.0,6
354758,2333.293701171875,27746.408203125,99071.7890625,99447.3828125,416196.1875,515267.9765625,42.46005630493164,42.77177810668945,0.117068536861748,kelmarsh,201,year_4,soft-gate-bin,10.0,15.0,6
354758,5162.72314453125,10121.5966796875,221365.140625,222514.109375,151823.953125,373189.09375,42.87760543823242,42.77177810668945,0.2115385699547297,kelmarsh,201,year_4,soft-gate-bin,5.0,15.0,6
354758,1035.6993408203125,42098.10546875,42928.9296875,43063.859375,631471.625,674400.5546875,41.4492301940918,42.77177810668945,0.0641423167342244,kelmarsh,201,year_4,soft-gate-bin,20.0,15.0,6
354758,2019.38671875,30618.609375,85081.9375,85405.328125,459279.21875,544361.15625,42.132568359375,42.77177810668945,0.1055310944362072,kelmarsh,201,year_4,soft-pab-bin,10.0,15.0,6
354758,4067.698486328125,15734.1220703125,173591.234375,174416.8125,236011.90625,409603.140625,42.67552947998047,42.77177810668945,0.177941018948128,kelmarsh,201,year_4,soft-pab-bin,5.0,15.0,6
354758,972.0892333984376,43862.375,39949.28515625,40078.484375,657935.625,697884.91015625,41.096309661865234,42.77177810668945,0.0616843031023965,kelmarsh,201,year_4,soft-pab-bin,20.0,15.0,6
602713,2019.3564453125,53385.2578125,72266.1640625,74057.8125,800780.1875,873046.3515625,35.78672790527344,34.577247619628906,0.0669638783301505,kelmarsh,201,year_5,global,10.0,15.0,6
602713,4501.67431640625,27199.830078125,160573.765625,164459.765625,407997.09375,568570.859375,35.66979217529297,34.577247619628906,0.1272131180180284,kelmarsh,201,year_5,global,5.0,15.0,6
602713,753.0453491210938,79756.3515625,26874.767578125,27384.876953125,1196344.875,1223219.642578125,35.6881103515625,34.577247619628906,0.0317647039303947,kelmarsh,201,year_5,global,20.0,15.0,6
602713,2564.899658203125,45391.94140625,91593.125,93963.765625,680879.125,772472.25,35.71022415161133,34.577247619628906,0.0808709949843457,kelmarsh,201,year_5,soft-gate-bin,10.0,15.0,6
602713,6143.6513671875,14966.8857421875,216859.375,222111.171875,224503.296875,441362.671875,35.29812240600586,34.577247619628906,0.1631456431170391,kelmarsh,201,year_5,soft-gate-bin,5.0,15.0,6
602713,1077.9664306640625,70250.1015625,38394.80078125,39277.70703125,1053751.5,1092146.30078125,35.6178092956543,34.577247619628906,0.0414475878237237,kelmarsh,201,year_5,soft-gate-bin,20.0,15.0,6
602713,2149.542236328125,51758.8515625,76678.2265625,78590.7109375,776382.8125,853061.0390625,35.6718864440918,34.577247619628906,0.0702921622729226,kelmarsh,201,year_5,soft-pab-bin,10.0,15.0,6
602713,4566.9951171875,26270.171875,162294.3125,166248.0625,394052.625,556346.9375,35.53634262084961,34.577247619628906,0.1282932340931753,kelmarsh,201,year_5,soft-pab-bin,5.0,15.0,6
602713,995.7993774414062,74658.953125,35467.01171875,36236.59375,1119884.0,1155351.01171875,35.61663055419922,34.577247619628906,0.0387365130667498,kelmarsh,201,year_5,soft-pab-bin,20.0,15.0,6
416605,1542.703125,36900.765625,162958.84375,163159.265625,553511.75,716470.59375,105.63201141357422,109.49456787109376,0.0678484415693522,kelmarsh,201,year_6,global,10.0,15.0,6
416605,3167.667236328125,18800.951171875,353782.78125,354271.0625,282014.40625,635797.1875,111.68561553955078,109.49456787109376,0.1162444041718174,kelmarsh,201,year_6,global,5.0,15.0,6
416605,606.9371948242188,55128.87109375,59683.2421875,59736.140625,826932.625,886615.8671875,98.3351058959961,109.49456787109376,0.0366558250621091,kelmarsh,201,year_6,global,20.0,15.0,6
416605,1894.6573486328125,31083.22265625,199917.859375,200144.265625,466248.34375,666166.203125,105.51660919189452,109.49456787109376,0.0775242735924916,kelmarsh,201,year_6,soft-gate-bin,10.0,15.0,6
416605,4134.26513671875,9980.2021484375,465325.0625,465923.59375,149703.03125,615028.09375,112.55325317382812,109.49456787109376,0.1461864355924677,kelmarsh,201,year_6,soft-gate-bin,5.0,15.0,6
416605,853.016845703125,48329.73046875,84563.8515625,84633.546875,724946.0625,809509.9140625,99.1350555419922,109.49456787109376,0.0447858283025887,kelmarsh,201,year_6,soft-gate-bin,20.0,15.0,6
416605,1615.276611328125,35697.9609375,169961.0,170187.765625,535469.5,705430.5,105.22098541259766,109.49456787109376,0.0702127914931409,kelmarsh,201,year_6,soft-pab-bin,10.0,15.0,6
416605,3202.119873046875,18001.8359375,354540.4375,355038.375,270027.5625,624568.0,110.72053527832033,109.49456787109376,0.1177878325992246,kelmarsh,201,year_6,soft-pab-bin,5.0,15.0,6
416605,773.70068359375,51684.15625,77471.703125,77556.078125,775262.125,852733.828125,100.13133239746094,109.49456787109376,0.0424910886811248,kelmarsh,201,year_6,soft-pab-bin,20.0,15.0,6
354628,1469.523681640625,31411.15625,260114.71875,262407.875,471167.53125,731282.25,177.0061798095703,163.6022491455078,0.0857631095119392,kelmarsh,201,year_7,global,10.0,15.0,6
354628,3320.390869140625,16003.9892578125,587026.0,591494.9375,240060.03125,827086.03125,176.79429626464844,163.6022491455078,0.1593331603821469,kelmarsh,201,year_7,global,5.0,15.0,6
354628,516.5626831054688,46927.515625,90285.328125,91271.9609375,703912.5,794197.828125,174.78097534179688,163.6022491455078,0.0405044158949659,kelmarsh,201,year_7,global,20.0,15.0,6
354628,1814.9718017578125,27727.33203125,319064.53125,321970.40625,415909.90625,734974.4375,175.79588317871094,163.6022491455078,0.0997439570479488,kelmarsh,201,year_7,soft-gate-bin,10.0,15.0,6
354628,4319.2666015625,9998.87890625,759938.4375,765764.25,149983.203125,909921.640625,175.94154357910156,163.6022491455078,0.192799214952006,kelmarsh,201,year_7,soft-gate-bin,5.0,15.0,6
354628,736.8689575195312,42037.83984375,128679.3359375,130069.4375,630567.8125,759247.1484375,174.6298828125,163.6022491455078,0.0509971011877234,kelmarsh,201,year_7,soft-gate-bin,20.0,15.0,6
354628,1570.16845703125,30339.068359375,278922.59375,281289.90625,455086.0625,734008.65625,177.63864135742188,163.6022491455078,0.0894543014088002,kelmarsh,201,year_7,soft-pab-bin,10.0,15.0,6
354628,3376.306396484375,15370.1640625,600286.8125,604644.625,230552.484375,830839.296875,177.79388427734375,163.6022491455078,0.1608699820657139,kelmarsh,201,year_7,soft-pab-bin,5.0,15.0,6
354628,691.2605590820312,43794.09375,121642.109375,122911.1953125,656911.25,778553.359375,175.97140502929688,163.6022491455078,0.0487073778720236,kelmarsh,201,year_7,soft-pab-bin,20.0,15.0,6
441327,1848.036865234375,39090.51171875,163969.390625,171144.984375,586358.125,750327.515625,88.72627258300781,93.27145385742188,0.0926297280701158,kelmarsh,201,year_8,global,10.0,15.0,6
441327,4543.76220703125,19916.630859375,417825.3125,432789.28125,298749.53125,716574.84375,91.95580291748048,93.27145385742188,0.1848629247700684,kelmarsh,201,year_8,global,5.0,15.0,6
441327,659.0826416015625,58400.30859375,56923.1171875,59904.046875,876004.125,932927.2421875,86.36720275878906,93.27145385742188,0.0396032873583533,kelmarsh,201,year_8,global,20.0,15.0,6
441327,2214.966064453125,34818.83203125,194474.28125,202955.9375,522282.46875,716756.75,87.80013275146484,93.27145385742188,0.0961622561048836,kelmarsh,201,year_8,soft-gate-bin,10.0,15.0,6
441327,5306.88671875,12579.1142578125,481280.5625,498902.0,188686.734375,669967.296875,90.6898193359375,93.27145385742188,0.2017755541809134,kelmarsh,201,year_8,soft-gate-bin,5.0,15.0,6
441327,923.7101440429688,52425.0703125,79540.203125,83562.8046875,786376.375,865916.578125,86.1094970703125,93.27145385742188,0.0500173340856099,kelmarsh,201,year_8,soft-gate-bin,20.0,15.0,6
441327,2419.29296875,37422.76953125,223266.96875,231846.234375,561341.5,784608.46875,92.28604888916016,93.27145385742188,0.1208129119677699,kelmarsh,201,year_8,soft-pab-bin,10.0,15.0,6
441327,5200.4482421875,18829.0390625,487340.34375,503975.40625,282435.5625,769775.90625,93.71118927001952,93.27145385742188,0.1872375812039598,kelmarsh,201,year_8,soft-pab-bin,5.0,15.0,6
441327,908.4780883789062,54188.83203125,79394.0234375,83252.1171875,812832.125,892226.1484375,87.39231872558594,93.27145385742188,0.0541797805255513,kelmarsh,201,year_8,soft-pab-bin,20.0,15.0,6
381348,1645.6943359375,33777.87890625,121715.0546875,122973.7890625,506668.375,628383.4296875,73.95967864990234,65.39885711669922,0.0863437070602179,kelmarsh,201,year_9,global,10.0,15.0,6
381348,3624.283447265625,17209.8359375,259335.75,263311.0,258147.734375,517483.484375,71.55504608154297,65.39885711669922,0.1573523395953302,kelmarsh,201,year_9,global,5.0,15.0,6
381348,605.4789428710938,50463.34765625,46499.8828125,46785.84375,756949.875,803449.7578125,76.79852294921875,65.39885711669922,0.0419616728027942,kelmarsh,201,year_9,global,20.0,15.0,6
381348,2012.3084716796875,29335.27734375,147460.71875,149338.28125,440029.09375,587489.8125,73.27937316894531,65.39885711669922,0.1004882679337508,kelmarsh,201,year_9,soft-gate-bin,10.0,15.0,6
381348,4700.35595703125,10248.0234375,332743.125,338731.84375,153720.375,486463.5,70.79104614257812,65.39885711669922,0.1905241406799039,kelmarsh,201,year_9,soft-gate-bin,5.0,15.0,6
381348,839.8248901367188,44880.25,63976.2578125,64461.3046875,673203.75,737180.0078125,76.17810821533203,65.39885711669922,0.0529149228526175,kelmarsh,201,year_9,soft-gate-bin,20.0,15.0,6
381348,1782.563232421875,32416.8515625,131730.265625,133090.1875,486252.78125,617983.046875,73.89935302734375,65.39885711669922,0.0910061151494173,kelmarsh,201,year_9,soft-pab-bin,10.0,15.0,6
381348,3720.430908203125,16381.685546875,266237.25,270221.84375,245725.265625,511962.515625,71.56085205078125,65.39885711669922,0.159869725290286,kelmarsh,201,year_9,soft-pab-bin,5.0,15.0,6
381348,822.9283447265625,46803.9765625,62632.17578125,63059.3359375,702059.3125,764691.48828125,76.10889434814453,65.39885711669922,0.0514412033103621,kelmarsh,201,year_9,soft-pab-bin,20.0,15.0,6
3561220,13982.0234375,330577.84375,1007862.5625,1022978.0,4958694.0,5966556.5625,72.08267974853516,72.18299865722656,0.0800792986673106,kelmarsh,201,pooled_multiyear_full,global,10.0,15.0,6
3561220,32648.98828125,167006.375,2399475.75,2432936.0,2505078.5,4904554.25,73.49309539794922,72.18299865722656,0.1525463183965045,kelmarsh,201,pooled_multiyear_full,global,5.0,15.0,6
3561220,4798.36083984375,493450.46875,335544.40625,341110.5,7401761.5,7737305.90625,69.92898559570312,72.18299865722656,0.0367680177017988,kelmarsh,201,pooled_multiyear_full,global,20.0,15.0,6
3561220,19294.796875,274092.28125,1393905.625,1414591.5,4111383.75,5505289.375,72.24251556396484,72.18299865722656,0.0999073351267262,kelmarsh,201,pooled_multiyear_full,soft-gate-bin,10.0,15.0,6
3561220,46643.51953125,82228.53125,3407985.25,3454459.25,1233428.25,4641413.5,73.06446075439453,72.18299865722656,0.1959803101184425,kelmarsh,201,pooled_multiyear_full,soft-gate-bin,5.0,15.0,6
3561220,6978.89404296875,444116.96875,494812.9375,502756.40625,6661754.5,7156567.4375,70.90133666992188,72.18299865722656,0.0477572292641285,kelmarsh,201,pooled_multiyear_full,soft-gate-bin,20.0,15.0,6
3561220,31466.462890625,193063.078125,2329888.25,2363439.75,2895945.75,5225834.0,74.04351806640625,72.18299865722656,0.1456585102858009,kelmarsh,201,pooled_multiyear_full,soft-pab-bin,10.0,15.0,6
3561220,51513.4375,72083.46875,3813245.5,3864484.5,1081252.0,4894497.5,74.02428436279297,72.18299865722656,0.2130828760930243,kelmarsh,201,pooled_multiyear_full,soft-pab-bin,5.0,15.0,6
3561220,19206.2421875,297316.625,1420781.75,1442583.5,4459749.5,5880531.25,73.97498321533203,72.18299865722656,0.1007199779850725,kelmarsh,201,pooled_multiyear_full,soft-pab-bin,20.0,15.0,6
426974,2286.230712890625,32748.40625,125337.171875,127858.0703125,491226.0625,616563.234375,54.82263946533203,57.727577209472656,0.0935349693423955,kelmarsh,202,rolling_fold_1,global,10.0,15.0,6
426974,4841.66943359375,12382.8720703125,266630.75,271241.09375,185743.15625,452373.90625,55.07001876831055,57.727577209472656,0.1623588321537142,kelmarsh,202,rolling_fold_1,global,5.0,15.0,6
426974,1077.139892578125,49369.28515625,58962.7578125,60252.96875,740539.5625,799502.3203125,54.74010467529297,57.727577209472656,0.0540665239569622,kelmarsh,202,rolling_fold_1,global,20.0,15.0,6
426974,2459.234619140625,31391.01171875,135065.25,137485.6875,470865.15625,605930.40625,54.92166519165039,57.727577209472656,0.0956194053970499,kelmarsh,202,rolling_fold_1,soft-gate-bin,10.0,15.0,6
426974,4981.640625,11973.7392578125,274584.9375,278872.1875,179606.015625,454190.953125,55.119388580322266,57.727577209472656,0.163946750856024,kelmarsh,202,rolling_fold_1,soft-gate-bin,5.0,15.0,6
426974,1117.5167236328125,48480.1015625,61120.39453125,62462.83984375,727201.5625,788321.95703125,54.69301986694336,57.727577209472656,0.0550267697798929,kelmarsh,202,rolling_fold_1,soft-gate-bin,20.0,15.0,6
426974,2457.28466796875,30890.1953125,135270.046875,137720.390625,463352.90625,598622.953125,55.04859161376953,57.727577209472656,0.0962330258985324,kelmarsh,202,rolling_fold_1,soft-pab-bin,10.0,15.0,6
426974,5023.91015625,10889.4287109375,277384.15625,281840.75,163341.453125,440725.609375,55.21280288696289,57.727577209472656,0.1650287839540581,kelmarsh,202,rolling_fold_1,soft-pab-bin,5.0,15.0,6
426974,1144.26806640625,48309.953125,62836.328125,64092.7265625,724649.625,787485.953125,54.91399383544922,57.727577209472656,0.0552539498892204,kelmarsh,202,rolling_fold_1,soft-pab-bin,20.0,15.0,6
354758,2294.1064453125,26428.484375,99291.953125,99482.46875,396427.25,495719.203125,43.28132247924805,42.77177810668945,0.1126373471493243,kelmarsh,202,rolling_fold_2,global,10.0,15.0,6
354758,5582.630859375,6229.31298828125,242699.484375,243630.921875,93439.65625,336139.140625,43.47403335571289,42.77177810668945,0.2212296833334273,kelmarsh,202,rolling_fold_2,global,5.0,15.0,6
354758,961.1541137695312,42497.1015625,40675.5078125,40695.59375,637456.6875,678132.1953125,42.31943893432617,42.77177810668945,0.057244656921056,kelmarsh,202,rolling_fold_2,global,20.0,15.0,6
354758,2258.3427734375,26279.04296875,97852.5078125,98039.453125,394185.71875,492038.2265625,43.32933807373047,42.77177810668945,0.1114167968023272,kelmarsh,202,rolling_fold_2,soft-gate-bin,10.0,15.0,6
354758,5432.80126953125,6477.06494140625,236791.578125,237667.078125,97155.953125,333947.53125,43.585548400878906,42.77177810668945,0.2176864228572717,kelmarsh,202,rolling_fold_2,soft-gate-bin,5.0,15.0,6
354758,913.8280029296876,42713.56640625,38566.78515625,38590.51171875,640703.625,679270.41015625,42.20353317260742,42.77177810668945,0.0562242430050907,kelmarsh,202,rolling_fold_2,soft-gate-bin,20.0,15.0,6
354758,2359.344970703125,25498.68359375,102200.7734375,102432.4296875,382480.375,484681.1484375,43.31744766235352,42.77177810668945,0.1140693092192424,kelmarsh,202,rolling_fold_2,soft-pab-bin,10.0,15.0,6
354758,5555.93115234375,5918.00537109375,241521.515625,242495.578125,88770.09375,330291.609375,43.4709358215332,42.77177810668945,0.2209365257443102,kelmarsh,202,rolling_fold_2,soft-pab-bin,5.0,15.0,6
354758,967.0199584960938,42249.453125,40920.25390625,40949.06640625,633741.625,674661.87890625,42.31584167480469,42.77177810668945,0.0571375416481094,kelmarsh,202,rolling_fold_2,soft-pab-bin,20.0,15.0,6
602713,2157.666748046875,46566.09375,74473.046875,76353.46875,698491.375,772964.421875,34.51555252075195,34.577247619628906,0.0706389276488146,kelmarsh,202,rolling_fold_3,global,10.0,15.0,6
602713,6150.42041015625,10901.7626953125,212329.359375,217317.0625,163526.34375,375855.703125,34.52274703979492,34.577247619628906,0.162453771529733,kelmarsh,202,rolling_fold_3,global,5.0,15.0,6
602713,753.4561767578125,74814.6640625,25450.181640625,26083.265625,1122219.5,1147669.681640625,33.77791976928711,34.577247619628906,0.0325577845508558,kelmarsh,202,rolling_fold_3,global,20.0,15.0,6
602713,2088.86181640625,47364.38671875,72347.9140625,74229.8125,710466.0625,782813.9765625,34.63508224487305,34.577247619628906,0.0693912359613945,kelmarsh,202,rolling_fold_3,soft-gate-bin,10.0,15.0,6
602713,6002.65234375,11288.728515625,207945.78125,212880.375,169330.921875,377276.703125,34.64231491088867,34.577247619628906,0.1602869027215274,kelmarsh,202,rolling_fold_3,soft-gate-bin,5.0,15.0,6
602713,699.4495849609375,76671.9140625,23675.833984375,24217.4765625,1150078.875,1173754.708984375,33.84923553466797,34.577247619628906,0.0307642277501895,kelmarsh,202,rolling_fold_3,soft-gate-bin,20.0,15.0,6
602713,2212.4326171875,44859.203125,76132.359375,78100.765625,672888.0,749020.359375,34.411155700683594,34.577247619628906,0.0719148251323598,kelmarsh,202,rolling_fold_3,soft-pab-bin,10.0,15.0,6
602713,6160.82861328125,9646.384765625,211911.53125,216893.65625,144695.765625,356607.296875,34.39659881591797,34.577247619628906,0.1625964596748369,kelmarsh,202,rolling_fold_3,soft-pab-bin,5.0,15.0,6
602713,758.6657104492188,74291.0390625,25609.64453125,26244.658203125,1114365.625,1139975.26953125,33.75615692138672,34.577247619628906,0.0326274694589298,kelmarsh,202,rolling_fold_3,soft-pab-bin,20.0,15.0,6
416605,2102.962646484375,27278.568359375,231119.234375,231409.5,409178.4375,640297.671875,109.90174102783205,109.49456787109376,0.0845189087985021,kelmarsh,202,rolling_fold_4,global,10.0,15.0,6
416605,4826.55859375,4568.67919921875,561660.3125,562455.5625,68530.1875,630190.5,116.36869049072266,109.49456787109376,0.1627224829274732,kelmarsh,202,rolling_fold_4,global,5.0,15.0,6
416605,886.0466918945312,46408.92578125,93140.453125,93214.6953125,696134.1875,789274.640625,105.11910247802734,109.49456787109376,0.0460868208494857,kelmarsh,202,rolling_fold_4,global,20.0,15.0,6
416605,2106.56494140625,26291.67578125,229501.515625,229793.328125,394375.09375,623876.609375,108.9458465576172,109.49456787109376,0.0846317254953733,kelmarsh,202,rolling_fold_4,soft-gate-bin,10.0,15.0,6
416605,4593.310546875,5320.52294921875,531705.1875,532457.375,79807.828125,611513.015625,115.75643157958984,109.49456787109376,0.1570360413341174,kelmarsh,202,rolling_fold_4,soft-gate-bin,5.0,15.0,6
416605,891.17431640625,45593.4765625,91824.71875,91905.90625,683902.125,775726.84375,103.03787994384766,109.49456787109376,0.0459476002448362,kelmarsh,202,rolling_fold_4,soft-gate-bin,20.0,15.0,6
416605,2139.6484375,25374.271484375,232329.03125,232625.65625,380614.0625,612943.09375,108.58281707763672,109.49456787109376,0.0847493429027496,kelmarsh,202,rolling_fold_4,soft-pab-bin,10.0,15.0,6
416605,4577.11962890625,4892.287109375,526579.0,527331.375,73384.2890625,599963.2890625,115.0459442138672,109.49456787109376,0.1576361301472618,kelmarsh,202,rolling_fold_4,soft-pab-bin,5.0,15.0,6
416605,919.794677734375,44668.10546875,95138.1484375,95220.515625,670021.5,765159.6484375,103.43414306640624,109.49456787109376,0.0464900805319187,kelmarsh,202,rolling_fold_4,soft-pab-bin,20.0,15.0,6
354628,2640.123291015625,18897.58203125,474212.40625,477457.6875,283463.875,757676.28125,179.61749267578125,163.6022491455078,0.1305762658334931,kelmarsh,202,rolling_fold_5,global,10.0,15.0,6
354628,6216.67041015625,0.0,1105059.25,1111635.0,0.0,1105059.25,177.75741577148438,163.6022491455078,0.2657658165739874,kelmarsh,202,rolling_fold_5,global,5.0,15.0,6
354628,1032.0018310546875,36029.23046875,185857.453125,187468.890625,540438.5625,726296.015625,180.09414672851562,163.6022491455078,0.0626346481383308,kelmarsh,202,rolling_fold_5,global,20.0,15.0,6
354628,2606.622314453125,18560.203125,468254.0625,471092.78125,278403.09375,746657.15625,179.64015197753906,163.6022491455078,0.128763098232514,kelmarsh,202,rolling_fold_5,soft-gate-bin,10.0,15.0,6
354628,5571.07470703125,2251.962646484375,991217.0,997008.375,33779.44140625,1024996.44140625,177.9219970703125,163.6022491455078,0.2393973403115377,kelmarsh,202,rolling_fold_5,soft-gate-bin,5.0,15.0,6
354628,1029.0997314453125,35682.8828125,185040.6875,186417.09375,535243.3125,720284.0,179.8083038330078,163.6022491455078,0.0620114598960037,kelmarsh,202,rolling_fold_5,soft-gate-bin,20.0,15.0,6
354628,2691.461669921875,18102.009765625,492078.5,494936.46875,271530.125,763608.625,182.82940673828125,163.6022491455078,0.1289069109038203,kelmarsh,202,rolling_fold_5,soft-pab-bin,10.0,15.0,6
354628,5381.98095703125,2957.165771484375,966155.4375,971664.125,44357.4765625,1010512.9140625,179.51673889160156,163.6022491455078,0.2376490294054615,kelmarsh,202,rolling_fold_5,soft-pab-bin,5.0,15.0,6
354628,1099.23486328125,35162.9921875,201334.03125,202750.09375,527445.0,728779.03125,183.15838623046875,163.6022491455078,0.0627615416718364,kelmarsh,202,rolling_fold_5,soft-pab-bin,20.0,15.0,6
441327,2685.196044921875,27706.67578125,240617.21875,249520.3125,415599.8125,656217.03125,89.6087875366211,93.27145385742188,0.1212049115508455,kelmarsh,202,rolling_fold_6,global,10.0,15.0,6
441327,7055.17919921875,3531.159423828125,653700.5,674100.0625,52967.390625,706667.890625,92.65541076660156,93.27145385742188,0.248158395022285,kelmarsh,202,rolling_fold_6,global,5.0,15.0,6
441327,950.4342041015624,48738.234375,82339.0078125,86291.6484375,731073.625,813412.6328125,86.63304138183594,93.27145385742188,0.0512431824928001,kelmarsh,202,rolling_fold_6,global,20.0,15.0,6
441327,2671.23681640625,26595.158203125,238140.5625,247321.875,398927.34375,637067.90625,89.14990997314453,93.27145385742188,0.1182592499439191,kelmarsh,202,rolling_fold_6,soft-gate-bin,10.0,15.0,6
441327,6411.5869140625,5461.13330078125,591961.5625,611010.875,81916.9921875,673878.5546875,92.32686614990234,93.27145385742188,0.2323968395316851,kelmarsh,202,rolling_fold_6,soft-gate-bin,5.0,15.0,6
441327,970.1927490234376,47794.23828125,84323.03125,88361.015625,716913.5625,801236.59375,86.91370391845703,93.27145385742188,0.0507582812744291,kelmarsh,202,rolling_fold_6,soft-gate-bin,20.0,15.0,6
441327,2954.063232421875,26131.375,271916.34375,281407.375,391970.65625,663887.0,92.04826354980467,93.27145385742188,0.1329920897656386,kelmarsh,202,rolling_fold_6,soft-pab-bin,10.0,15.0,6
441327,6448.25439453125,5878.5107421875,599415.625,618619.625,88177.65625,687593.28125,92.95781707763672,93.27145385742188,0.2305546680805842,kelmarsh,202,rolling_fold_6,soft-pab-bin,5.0,15.0,6
441327,963.545166015625,47780.32421875,84787.765625,88586.078125,716705.125,801492.890625,87.99561309814453,93.27145385742188,0.0525732620030045,kelmarsh,202,rolling_fold_6,soft-pab-bin,20.0,15.0,6
381348,2006.6693115234373,28049.02734375,149785.375,151112.5,420735.1875,570520.5625,74.6437759399414,65.39885711669922,0.0971160200132162,kelmarsh,202,rolling_fold_7,global,10.0,15.0,6
381348,4618.70068359375,9084.615234375,329847.75,334419.875,136269.296875,466117.046875,71.41570281982422,65.39885711669922,0.1859377786169063,kelmarsh,202,rolling_fold_7,global,5.0,15.0,6
381348,903.4518432617188,43076.09375,69954.109375,70359.9296875,646141.25,716095.359375,77.4298095703125,65.39885711669922,0.0529935911555849,kelmarsh,202,rolling_fold_7,global,20.0,15.0,6
381348,2095.28759765625,26417.33984375,156243.75,157791.296875,396260.0625,552503.8125,74.569091796875,65.39885711669922,0.0996202943243441,kelmarsh,202,rolling_fold_7,soft-gate-bin,10.0,15.0,6
381348,4537.2373046875,9168.7861328125,323412.15625,328158.40625,137531.828125,460943.984375,71.2795181274414,65.39885711669922,0.1822823248056893,kelmarsh,202,rolling_fold_7,soft-gate-bin,5.0,15.0,6
381348,909.1820678710938,42142.88671875,70327.046875,70758.53125,632143.375,702470.421875,77.35200500488281,65.39885711669922,0.0530276807535374,kelmarsh,202,rolling_fold_7,soft-gate-bin,20.0,15.0,6
381348,2002.6103515625,27637.220703125,149819.9375,151191.140625,414558.3125,564378.25,74.81230926513672,65.39885711669922,0.0965496082318512,kelmarsh,202,rolling_fold_7,soft-pab-bin,10.0,15.0,6
381348,4614.22021484375,8740.2861328125,329949.0625,334554.25,131104.265625,461053.328125,71.50701141357422,65.39885711669922,0.1853949673264315,kelmarsh,202,rolling_fold_7,soft-pab-bin,5.0,15.0,6
381348,903.0264282226562,42617.1171875,70106.4609375,70520.3203125,639256.6875,709363.1484375,77.63500213623047,65.39885711669922,0.0522724650450507,kelmarsh,202,rolling_fold_7,soft-pab-bin,20.0,15.0,6
278446,1230.0362548828125,21250.248046875,48378.30078125,49043.48046875,318753.78125,367132.08203125,39.33078384399414,37.85377502441406,0.1000014365442491,kelmarsh,202,year_1,global,10.0,15.0,6
278446,2918.57275390625,9848.802734375,118751.875,119898.0625,147732.109375,266483.984375,40.6883430480957,37.85377502441406,0.1999992817278754,kelmarsh,202,year_1,global,5.0,15.0,6
278446,567.9682006835938,30494.1328125,21335.76171875,21708.763671875,457411.84375,478747.60546875,37.5650634765625,37.85377502441406,0.050002513952436,kelmarsh,202,year_1,global,20.0,15.0,6
278446,1299.946533203125,20145.611328125,50119.21875,50789.6796875,302184.15625,352303.375,38.55483627319336,37.85377502441406,0.1000086192654949,kelmarsh,202,year_1,soft-gate-bin,10.0,15.0,6
278446,2810.695068359375,9701.7353515625,110963.171875,112073.9453125,145526.0625,256489.234375,39.47890090942383,37.85377502441406,0.2000028730884983,kelmarsh,202,year_1,soft-gate-bin,5.0,15.0,6
278446,573.81689453125,30195.43359375,21416.220703125,21770.0703125,452931.5,474347.720703125,37.32239532470703,37.85377502441406,0.0500061053130589,kelmarsh,202,year_1,soft-gate-bin,20.0,15.0,6
278446,1231.418701171875,21131.8515625,48288.3984375,48912.703125,316977.84375,365266.2421875,39.21363067626953,37.85377502441406,0.1000014365442491,kelmarsh,202,year_1,soft-pab-bin,10.0,15.0,6
278446,2947.39599609375,9563.1806640625,118656.7890625,119718.7734375,143447.6875,262104.4765625,40.25817489624024,37.85377502441406,0.2000028730884983,kelmarsh,202,year_1,soft-pab-bin,5.0,15.0,6
278446,567.6475219726562,30396.6953125,21373.265625,21720.990234375,455950.59375,477323.859375,37.6523551940918,37.85377502441406,0.0500061053130589,kelmarsh,202,year_1,soft-pab-bin,20.0,15.0,6
445527,2309.231201171875,34001.41796875,109505.3828125,109596.1171875,510021.4375,619526.8203125,47.42071914672852,45.984561920166016,0.1010600928787705,kelmarsh,202,year_2,global,10.0,15.0,6
445527,4772.666015625,15758.5556640625,225131.171875,225286.125,236378.53125,461509.703125,47.17094039916992,45.984561920166016,0.1739423199940744,kelmarsh,202,year_2,global,5.0,15.0,6
445527,1133.7061767578125,48792.046875,53776.04296875,53827.484375,731880.9375,785656.98046875,47.43385314941406,45.984561920166016,0.0597921113647433,kelmarsh,202,year_2,global,20.0,15.0,6
445527,2617.66162109375,30639.796875,122801.046875,122884.28125,459596.9375,582397.984375,46.912506103515625,45.984561920166016,0.1089810494089022,kelmarsh,202,year_2,soft-gate-bin,10.0,15.0,6
445527,5052.623046875,13709.5048828125,235937.265625,236073.453125,205642.625,441579.890625,46.69599151611328,45.984561920166016,0.1801035627470389,kelmarsh,202,year_2,soft-gate-bin,5.0,15.0,6
445527,1197.744384765625,47468.7265625,56518.69140625,56565.12890625,712030.875,768549.56640625,47.1876106262207,45.984561920166016,0.0620164434478718,kelmarsh,202,year_2,soft-gate-bin,20.0,15.0,6
445527,2274.4912109375,34198.48828125,107823.3046875,107909.9609375,512977.3125,620800.6171875,47.40545272827149,45.984561920166016,0.098952476505352,kelmarsh,202,year_2,soft-pab-bin,10.0,15.0,6
445527,4455.84912109375,17094.279296875,210334.296875,210475.078125,256414.140625,466748.4375,47.20409393310547,45.984561920166016,0.1639945502741697,kelmarsh,202,year_2,soft-pab-bin,5.0,15.0,6
445527,1146.0115966796875,48681.3359375,54371.9609375,54421.515625,730220.1875,784592.1484375,47.44451141357422,45.984561920166016,0.0592826024012012,kelmarsh,202,year_2,soft-pab-bin,20.0,15.0,6
426974,2301.509521484375,32585.505859375,126178.015625,128712.765625,488782.71875,614960.734375,54.824031829833984,57.727577209472656,0.0940150922538608,kelmarsh,202,year_3,global,10.0,15.0,6
426974,4415.15576171875,15102.3251953125,243002.96875,247291.421875,226535.0625,469538.03125,55.03836441040039,57.727577209472656,0.1513511361347529,kelmarsh,202,year_3,global,5.0,15.0,6
426974,1225.1771240234375,46760.2109375,67076.390625,68530.296875,701403.375,768479.765625,54.74832534790039,57.727577209472656,0.0595586616515291,kelmarsh,202,year_3,global,20.0,15.0,6
426974,2626.68359375,30192.052734375,144479.15625,146903.75,452880.78125,597359.9375,55.00439453125,57.727577209472656,0.0997508044986345,kelmarsh,202,year_3,soft-gate-bin,10.0,15.0,6
426974,4707.6650390625,14482.23046875,259764.625,263567.4375,217233.453125,476998.078125,55.17907333374024,57.727577209472656,0.1552600392529756,kelmarsh,202,year_3,soft-gate-bin,5.0,15.0,6
426974,1304.6907958984375,45547.578125,71391.3203125,72901.328125,683213.5625,754604.8828125,54.71895599365234,57.727577209472656,0.0612636835029767,kelmarsh,202,year_3,soft-gate-bin,20.0,15.0,6
426974,2320.44091796875,32432.087890625,127229.0234375,129701.8046875,486481.25,613710.2734375,54.82966613769531,57.727577209472656,0.0934295765081714,kelmarsh,202,year_3,soft-pab-bin,10.0,15.0,6
426974,4276.876953125,15786.634765625,235386.28125,239420.65625,236799.5,472185.78125,55.03695297241211,57.727577209472656,0.1462829118400652,kelmarsh,202,year_3,soft-pab-bin,5.0,15.0,6
426974,1258.4456787109375,46381.546875,68865.9140625,70313.8046875,695723.25,764589.1640625,54.722991943359375,57.727577209472656,0.0599052869729772,kelmarsh,202,year_3,soft-pab-bin,20.0,15.0,6
354758,2222.201416015625,27074.173828125,96137.5625,96316.1484375,406112.71875,502250.28125,43.26231002807617,42.77177810668945,0.1099876535553814,kelmarsh,202,year_4,global,10.0,15.0,6
354758,4309.88037109375,12548.0029296875,187400.84375,188009.75,188220.171875,375621.015625,43.48167419433594,42.77177810668945,0.1822735498565219,kelmarsh,202,year_4,global,5.0,15.0,6
354758,1188.0845947265625,38851.4609375,50636.8359375,50675.93359375,582771.9375,633408.7734375,42.620567321777344,42.77177810668945,0.0674854407793481,kelmarsh,202,year_4,global,20.0,15.0,6
354758,2533.75390625,24554.337890625,110335.28125,110544.4140625,368315.0625,478650.34375,43.54616928100586,42.77177810668945,0.1192841317179598,kelmarsh,202,year_4,soft-gate-bin,10.0,15.0,6
354758,4644.40625,11101.7685546875,202749.15625,203433.71875,166526.546875,369275.703125,43.65447616577149,42.77177810668945,0.1899379295181504,kelmarsh,202,year_4,soft-gate-bin,5.0,15.0,6
354758,1251.5858154296875,37867.43359375,53498.3046875,53544.41015625,568011.625,621509.9296875,42.74441146850586,42.77177810668945,0.0698955344206473,kelmarsh,202,year_4,soft-gate-bin,20.0,15.0,6
354758,2225.70849609375,26985.16796875,96177.84375,96374.71875,404777.59375,500955.4375,43.21223449707031,42.77177810668945,0.1096578512676246,kelmarsh,202,year_4,soft-pab-bin,10.0,15.0,6
354758,4138.5302734375,13229.349609375,179855.078125,180458.15625,198440.296875,378295.375,43.45868682861328,42.77177810668945,0.1761031463702016,kelmarsh,202,year_4,soft-pab-bin,5.0,15.0,6
354758,1212.675537109375,38556.3671875,51632.9296875,51680.5078125,578345.5,629978.4296875,42.57769775390625,42.77177810668945,0.0681675959386398,kelmarsh,202,year_4,soft-pab-bin,20.0,15.0,6
602713,2198.137451171875,45997.4296875,75880.125,77795.3046875,689961.6875,765841.8125,34.52019500732422,34.577247619628906,0.0717140662305276,kelmarsh,202,year_5,global,10.0,15.0,6
602713,4632.3544921875,21318.31640625,160080.984375,163986.25,319775.0625,479856.046875,34.55714797973633,34.577247619628906,0.1298495303734945,kelmarsh,202,year_5,global,5.0,15.0,6
602713,1082.3724365234375,66006.296875,36932.16015625,37875.96484375,990095.25,1027027.41015625,34.12149810791016,34.577247619628906,0.0421245269307282,kelmarsh,202,year_5,global,20.0,15.0,6
602713,2644.638916015625,40113.8828125,90395.984375,92774.0078125,601708.25,692104.234375,34.180843353271484,34.577247619628906,0.0819660435397942,kelmarsh,202,year_5,soft-gate-bin,10.0,15.0,6
602713,5272.1103515625,16668.201171875,180031.46875,184384.75,250022.96875,430054.4375,34.14790725708008,34.577247619628906,0.1429320422821475,kelmarsh,202,year_5,soft-gate-bin,5.0,15.0,6
602713,1167.3431396484375,63831.89453125,39691.6640625,40746.59765625,957478.4375,997170.1015625,34.001705169677734,34.577247619628906,0.044074045192322,kelmarsh,202,year_5,soft-gate-bin,20.0,15.0,6
602713,2223.236328125,45489.26171875,76565.8984375,78526.5546875,682339.1875,758905.0859375,34.438934326171875,34.577247619628906,0.072150426488229,kelmarsh,202,year_5,soft-pab-bin,10.0,15.0,6
602713,4483.20947265625,21788.205078125,154528.9375,158363.65625,326823.1875,481352.125,34.46835708618164,34.577247619628906,0.1262308926470808,kelmarsh,202,year_5,soft-pab-bin,5.0,15.0,6
602713,1116.5596923828125,65244.42578125,38014.109375,39005.51953125,978666.5,1016680.609375,34.045738220214844,34.577247619628906,0.0427749194060854,kelmarsh,202,year_5,soft-pab-bin,20.0,15.0,6
416605,1746.8646240234375,31794.171875,189807.1875,190032.515625,476912.6875,666719.875,108.6559066772461,109.49456787109376,0.0734580717946256,kelmarsh,202,year_6,global,10.0,15.0,6
416605,3388.454345703125,14735.568359375,385278.65625,385803.65625,221033.6875,606312.34375,113.703369140625,109.49456787109376,0.1225093313810443,kelmarsh,202,year_6,global,5.0,15.0,6
416605,922.6958618164062,45624.6484375,97184.625,97264.265625,684369.875,781554.5,105.32684326171876,109.49456787109376,0.0473638098438568,kelmarsh,202,year_6,global,20.0,15.0,6
416605,2028.9447021484373,27366.826171875,221918.890625,222177.578125,410502.4375,632421.328125,109.37652587890624,109.49456787109376,0.0816816888899557,kelmarsh,202,year_6,soft-gate-bin,10.0,15.0,6
416605,3747.967041015625,11182.64453125,429835.6875,430399.75,167739.640625,597575.328125,114.6850128173828,109.49456787109376,0.1332269175838024,kelmarsh,202,year_6,soft-gate-bin,5.0,15.0,6
416605,988.86962890625,43793.296875,103475.578125,103565.2109375,656899.3125,760374.890625,104.6402816772461,109.49456787109376,0.0490392578101559,kelmarsh,202,year_6,soft-gate-bin,20.0,15.0,6
416605,1754.8211669921875,31322.26953125,189689.9375,189924.9375,469834.15625,659524.09375,108.09645080566406,109.49456787109376,0.073563687425739,kelmarsh,202,year_6,soft-pab-bin,10.0,15.0,6
416605,3280.862548828125,14811.7978515625,369701.25,370210.53125,222176.96875,591878.21875,112.68416595458984,109.49456787109376,0.1192136436192556,kelmarsh,202,year_6,soft-pab-bin,5.0,15.0,6
416605,941.817626953125,45018.67578125,98645.671875,98735.8203125,675280.25,773925.921875,104.73966979980467,109.49456787109376,0.047942295459728,kelmarsh,202,year_6,soft-pab-bin,20.0,15.0,6
354628,1727.248046875,27064.25390625,311175.21875,313535.65625,405963.90625,717139.125,180.15663146972656,163.6022491455078,0.0940027296208985,kelmarsh,202,year_7,global,10.0,15.0,6
354628,3577.0322265625,12543.4052734375,640127.375,644241.5,188151.203125,828278.578125,178.95489501953125,163.6022491455078,0.1656552782070225,kelmarsh,202,year_7,global,5.0,15.0,6
354628,867.3543701171875,38837.22265625,156055.125,157462.421875,582558.375,738613.5,179.9208526611328,163.6022491455078,0.0546967526534847,kelmarsh,202,year_7,global,20.0,15.0,6
354628,2064.78564453125,23543.568359375,372333.09375,374743.375,353153.375,725486.46875,180.32530212402344,163.6022491455078,0.1054710851934985,kelmarsh,202,year_7,soft-gate-bin,10.0,15.0,6
354628,4029.31103515625,9700.0322265625,721069.8125,725107.25,145500.515625,866570.328125,178.9561004638672,163.6022491455078,0.1807894469697824,kelmarsh,202,year_7,soft-gate-bin,5.0,15.0,6
354628,938.5110473632812,37508.2421875,168678.734375,170068.9375,562623.5,731302.234375,179.7301483154297,163.6022491455078,0.0573812558512018,kelmarsh,202,year_7,soft-gate-bin,20.0,15.0,6
354628,1748.563232421875,26738.345703125,315801.75,318140.90625,401075.28125,716877.03125,180.6063537597656,163.6022491455078,0.094129623154404,kelmarsh,202,year_7,soft-pab-bin,10.0,15.0,6
354628,3465.98974609375,12821.255859375,624544.0,628392.875,192318.84375,816862.84375,180.19204711914065,163.6022491455078,0.1608333239338123,kelmarsh,202,year_7,soft-pab-bin,5.0,15.0,6
354628,891.6342163085938,38394.2890625,160486.5,161907.734375,575914.4375,736400.9375,179.99134826660156,163.6022491455078,0.0555652683939226,kelmarsh,202,year_7,soft-pab-bin,20.0,15.0,6
441327,2034.9908447265625,33680.88671875,180514.5625,187693.6875,505213.46875,685728.03125,88.70535278320312,93.27145385742188,0.0968624172099146,kelmarsh,202,year_8,global,10.0,15.0,6
441327,4489.740234375,15610.0,409940.5625,423589.65625,234150.1875,644090.75,91.30609893798828,93.27145385742188,0.178989728704566,kelmarsh,202,year_8,global,5.0,15.0,6
441327,971.4382934570312,48332.08203125,84204.6640625,88226.921875,724981.5,809186.1640625,86.68038177490234,93.27145385742188,0.0522107190359982,kelmarsh,202,year_8,global,20.0,15.0,6
441327,2362.352783203125,29566.232421875,207056.625,215543.328125,443493.4375,650550.0625,87.64846801757812,93.27145385742188,0.1039388027471693,kelmarsh,202,year_8,soft-gate-bin,10.0,15.0,6
441327,4763.79296875,12586.642578125,429015.28125,443949.90625,188799.65625,617814.9375,90.05750274658203,93.27145385742188,0.1817223963183761,kelmarsh,202,year_8,soft-gate-bin,5.0,15.0,6
441327,1042.349853515625,46645.515625,90373.375,94734.15625,699682.5625,790055.9375,86.70158386230469,93.27145385742188,0.054161653377201,kelmarsh,202,year_8,soft-gate-bin,20.0,15.0,6
441327,2139.31787109375,33142.75,192683.234375,199917.703125,497141.4375,689824.671875,90.06754302978516,93.27145385742188,0.1046774840424447,kelmarsh,202,year_8,soft-pab-bin,10.0,15.0,6
441327,4580.7197265625,15835.443359375,423316.875,437240.09375,237531.59375,660848.46875,92.41276550292967,93.27145385742188,0.1817405234667264,kelmarsh,202,year_8,soft-pab-bin,5.0,15.0,6
441327,995.4425048828124,47743.03515625,86544.234375,90591.71875,716145.625,802689.859375,86.94046783447266,93.27145385742188,0.0536540932233921,kelmarsh,202,year_8,soft-pab-bin,20.0,15.0,6
381348,1906.2911376953125,29103.451171875,142659.328125,143884.453125,436551.875,579211.203125,74.83606719970703,65.39885711669922,0.0933032295960644,kelmarsh,202,year_9,global,10.0,15.0,6
381348,3855.699462890625,13488.5068359375,278028.53125,281585.4375,202327.75,480356.28125,72.10846710205078,65.39885711669922,0.1610576166650933,kelmarsh,202,year_9,global,5.0,15.0,6
381348,975.0432739257812,41763.46875,75255.453125,75706.2890625,626452.125,701707.578125,77.18165588378906,65.39885711669922,0.0560773886319057,kelmarsh,202,year_9,global,20.0,15.0,6
381348,2250.333740234375,25517.876953125,167551.90625,169263.34375,382768.21875,550320.125,74.45645904541016,65.39885711669922,0.1047101335263329,kelmarsh,202,year_9,soft-gate-bin,10.0,15.0,6
381348,4292.7294921875,10948.75390625,306926.53125,311360.375,164231.3125,471157.84375,71.4991455078125,65.39885711669922,0.173072888804976,kelmarsh,202,year_9,soft-gate-bin,5.0,15.0,6
381348,1051.7193603515625,40157.421875,81235.3203125,81755.9296875,602361.375,683596.6953125,77.24049377441406,65.39885711669922,0.0589986049487607,kelmarsh,202,year_9,soft-gate-bin,20.0,15.0,6
381348,1936.928955078125,28690.740234375,144923.109375,146181.546875,430361.125,575284.234375,74.82106018066406,65.39885711669922,0.094401963560842,kelmarsh,202,year_9,soft-pab-bin,10.0,15.0,6
381348,3744.635498046875,13800.595703125,270367.90625,273798.28125,207008.90625,477376.8125,72.2013931274414,65.39885711669922,0.1577194583425113,kelmarsh,202,year_9,soft-pab-bin,5.0,15.0,6
381348,1003.657470703125,41240.6796875,77398.515625,77869.953125,618610.375,696008.890625,77.11644744873047,65.39885711669922,0.0571525221057931,kelmarsh,202,year_9,soft-pab-bin,20.0,15.0,6
3561220,17852.142578125,263466.59375,1317536.0,1334574.625,3952004.0,5269540.0,73.80267333984375,72.18299865722656,0.094209849433621,kelmarsh,202,pooled_multiyear_full,global,10.0,15.0,6
3561220,37345.1953125,111186.9921875,2777687.0,2811706.5,1667801.5,4445488.5,74.37867736816406,72.18299865722656,0.1667633563778705,kelmarsh,202,pooled_multiyear_full,global,5.0,15.0,6
3561220,9618.228515625,372757.03125,705254.75,714983.125,5591343.5,6296598.25,73.32483673095703,72.18299865722656,0.0586077243191939,kelmarsh,202,pooled_multiyear_full,global,20.0,15.0,6
3561220,22285.22265625,219017.953125,1652605.5,1673313.875,3285268.25,4937873.75,74.15695190429688,72.18299865722656,0.1089258737174339,kelmarsh,202,pooled_multiyear_full,soft-gate-bin,10.0,15.0,6
3561220,39607.59375,99118.703125,2951840.25,2987100.0,1486780.5,4438620.75,74.52717590332031,72.18299865722656,0.1720270019824666,kelmarsh,202,pooled_multiyear_full,soft-gate-bin,5.0,15.0,6
3561220,9802.8701171875,366589.34375,719833.625,729689.875,5498838.0,6218671.625,73.4308853149414,72.18299865722656,0.0590685214617462,kelmarsh,202,pooled_multiyear_full,soft-gate-bin,20.0,15.0,6
3561220,26814.041015625,190461.359375,2001518.625,2027046.125,2856920.0,4858438.625,74.64443969726562,72.18299865722656,0.1290363976390113,kelmarsh,202,pooled_multiyear_full,soft-pab-bin,10.0,15.0,6
3561220,41277.9296875,91235.3125,3079949.25,3117800.0,1368530.625,4448479.875,74.614990234375,72.18299865722656,0.1800498143894508,kelmarsh,202,pooled_multiyear_full,soft-pab-bin,5.0,15.0,6
3561220,16981.681640625,283531.21875,1265015.25,1281735.0,4252969.0,5517984.25,74.49291229248047,72.18299865722656,0.0913973301284391,kelmarsh,202,pooled_multiyear_full,soft-pab-bin,20.0,15.0,6
426974,2257.328369140625,30663.677734375,123574.3046875,126551.0546875,459955.21875,583529.5234375,54.74360275268555,57.727577209472656,0.09723308679217,kelmarsh,203,rolling_fold_1,global,10.0,15.0,6
426974,5046.64990234375,9612.546875,278693.625,284008.0625,144188.234375,422881.859375,55.223480224609375,57.727577209472656,0.1725585164436242,kelmarsh,203,rolling_fold_1,global,5.0,15.0,6
426974,999.492431640625,47399.4296875,54246.74609375,55863.6015625,710991.25,765237.99609375,54.274295806884766,57.727577209472656,0.0552235030704445,kelmarsh,203,rolling_fold_1,global,20.0,15.0,6
426974,2437.924560546875,28724.4375,133735.875,136852.46875,430866.46875,564602.34375,54.8564567565918,57.727577209472656,0.1018165040494269,kelmarsh,203,rolling_fold_1,soft-gate-bin,10.0,15.0,6
426974,5628.625,5988.86328125,311192.875,316889.34375,89832.9453125,401025.8203125,55.28755187988281,57.727577209472656,0.1852478136842056,kelmarsh,203,rolling_fold_1,soft-gate-bin,5.0,15.0,6
426974,1027.1866455078125,46862.62109375,55896.21484375,57485.79296875,702939.25,758835.46484375,54.41680145263672,57.727577209472656,0.056059619555289,kelmarsh,203,rolling_fold_1,soft-gate-bin,20.0,15.0,6
426974,2519.271728515625,27718.5234375,139155.578125,142078.796875,415777.84375,554933.421875,55.23642349243164,57.727577209472656,0.1021279984261336,kelmarsh,203,rolling_fold_1,soft-pab-bin,10.0,15.0,6
426974,5263.546875,7642.7333984375,292042.78125,297177.53125,114640.984375,406683.765625,55.48401641845703,57.727577209472656,0.1759404553907263,kelmarsh,203,rolling_fold_1,soft-pab-bin,5.0,15.0,6
426974,1113.37744140625,45399.9375,61040.79296875,62619.06640625,680999.25,742040.04296875,54.82489013671875,57.727577209472656,0.0578161667923573,kelmarsh,203,rolling_fold_1,soft-pab-bin,20.0,15.0,6
354758,2121.123046875,25210.603515625,89969.046875,90304.921875,378159.03125,468128.078125,42.415771484375,42.77177810668945,0.1101906088093855,kelmarsh,203,rolling_fold_2,global,10.0,15.0,6
354758,5320.27294921875,5139.1923828125,228851.75,229956.984375,77087.8515625,305939.6015625,43.01505279541016,42.77177810668945,0.2176441405126875,kelmarsh,203,rolling_fold_2,global,5.0,15.0,6
354758,840.8900146484375,40964.046875,34637.484375,34741.23046875,614460.6875,649098.171875,41.19145965576172,42.77177810668945,0.0573010333805016,kelmarsh,203,rolling_fold_2,global,20.0,15.0,6
354758,2128.607666015625,24797.478515625,90636.5,90998.859375,371962.1875,462598.6875,42.580169677734375,42.77177810668945,0.1095958371622345,kelmarsh,203,rolling_fold_2,soft-gate-bin,10.0,15.0,6
354758,5265.82470703125,4945.5771484375,227167.015625,228307.5625,74183.671875,301350.6875,43.13987731933594,42.77177810668945,0.2149070634066039,kelmarsh,203,rolling_fold_2,soft-gate-bin,5.0,15.0,6
354758,836.1417846679688,40806.203125,34537.234375,34647.3671875,612092.9375,646630.171875,41.30547332763672,42.77177810668945,0.0566245158671545,kelmarsh,203,rolling_fold_2,soft-gate-bin,20.0,15.0,6
354758,2226.33056640625,23628.3671875,94520.7890625,94925.4140625,354425.53125,448946.3203125,42.45585632324219,42.77177810668945,0.1122652625169834,kelmarsh,203,rolling_fold_2,soft-pab-bin,10.0,15.0,6
354758,5106.6630859375,5511.697265625,219245.515625,220367.453125,82675.453125,301920.96875,42.933231353759766,42.77177810668945,0.2105266125076813,kelmarsh,203,rolling_fold_2,soft-pab-bin,5.0,15.0,6
354758,862.3743896484375,40180.79296875,35568.17578125,35689.24609375,602711.875,638280.05078125,41.24446105957031,42.77177810668945,0.0569571369778835,kelmarsh,203,rolling_fold_2,soft-pab-bin,20.0,15.0,6
602713,2082.570556640625,44466.21875,74786.75,76441.734375,666993.5,741780.25,35.91078567504883,34.577247619628906,0.0688437116836703,kelmarsh,203,rolling_fold_3,global,10.0,15.0,6
602713,5943.02880859375,9145.7216796875,211537.140625,216259.890625,137185.6875,348722.828125,35.59416198730469,34.577247619628906,0.1587604714018115,kelmarsh,203,rolling_fold_3,global,5.0,15.0,6
602713,736.4523315429688,72280.8671875,26290.955078125,26711.513671875,1084213.5,1110504.455078125,35.699466705322266,34.577247619628906,0.0314693726533192,kelmarsh,203,rolling_fold_3,global,20.0,15.0,6
602713,2125.685546875,43037.07421875,76087.2578125,77839.1015625,645555.9375,721643.1953125,35.794219970703125,34.577247619628906,0.069688226402948,kelmarsh,203,rolling_fold_3,soft-gate-bin,10.0,15.0,6
602713,5958.03564453125,8063.69775390625,211139.875,215925.25,120955.4921875,332095.3671875,35.43782424926758,34.577247619628906,0.1588882270666138,kelmarsh,203,rolling_fold_3,soft-gate-bin,5.0,15.0,6
602713,746.6573486328125,71459.21875,26556.3671875,27014.09375,1071888.25,1098444.6171875,35.5670051574707,34.577247619628906,0.0316452440879821,kelmarsh,203,rolling_fold_3,soft-gate-bin,20.0,15.0,6
602713,2174.697998046875,41386.296875,77743.390625,79509.875,620794.4375,698537.828125,35.749053955078125,34.577247619628906,0.0709110306231987,kelmarsh,203,rolling_fold_3,soft-pab-bin,10.0,15.0,6
602713,5711.9794921875,8823.15625,202112.4375,206742.09375,132347.34375,334459.78125,35.38396453857422,34.577247619628906,0.1538012287772123,kelmarsh,203,rolling_fold_3,soft-pab-bin,5.0,15.0,6
602713,757.4295654296875,70568.109375,26936.732421875,27382.228515625,1058521.75,1085458.482421875,35.563358306884766,34.577247619628906,0.031685064035453,kelmarsh,203,rolling_fold_3,soft-pab-bin,20.0,15.0,6
416605,2036.8780517578125,25214.1953125,215309.09375,215631.921875,378212.71875,593521.8125,105.70542907714844,109.49456787109376,0.0832851261986774,kelmarsh,203,rolling_fold_4,global,10.0,15.0,6
416605,4717.947265625,2639.51513671875,534684.0,535476.5,39592.70703125,574276.70703125,113.32981872558594,109.49456787109376,0.1626504722698959,kelmarsh,203,rolling_fold_4,global,5.0,15.0,6
416605,838.8544311523438,44183.7265625,82563.0,82663.5390625,662756.0625,745319.0625,98.42350006103516,109.49456787109376,0.045460328128563,kelmarsh,203,rolling_fold_4,global,20.0,15.0,6
416605,2040.83251953125,23484.013671875,209806.140625,210105.84375,352260.0625,562066.203125,102.80420684814452,109.49456787109376,0.0829970835683681,kelmarsh,203,rolling_fold_4,soft-gate-bin,10.0,15.0,6
416605,4385.1220703125,3526.128662109375,486845.96875,487573.78125,52891.921875,539737.890625,111.02220916748048,109.49456787109376,0.1539899905185967,kelmarsh,203,rolling_fold_4,soft-gate-bin,5.0,15.0,6
416605,853.9261474609375,42651.375,81805.0234375,81897.8359375,639770.625,721575.6484375,95.7987289428711,109.49456787109376,0.0450786716434032,kelmarsh,203,rolling_fold_4,soft-gate-bin,20.0,15.0,6
416605,2089.455078125,22428.505859375,217162.515625,217496.5625,336427.53125,553590.046875,103.93260955810548,109.49456787109376,0.0842380672339506,kelmarsh,203,rolling_fold_4,soft-pab-bin,10.0,15.0,6
416605,4257.80419921875,4084.171630859375,473493.28125,474227.5,61262.57421875,534755.85546875,111.20600128173828,109.49456787109376,0.1502526373903337,kelmarsh,203,rolling_fold_4,soft-pab-bin,5.0,15.0,6
416605,880.4021606445312,41731.77734375,85294.6484375,85411.21875,625976.5,711271.1484375,96.88145446777344,109.49456787109376,0.0455611430491712,kelmarsh,203,rolling_fold_4,soft-pab-bin,20.0,15.0,6
354628,2517.265869140625,17033.076171875,446652.78125,450168.03125,255496.140625,702148.921875,177.43568420410156,163.6022491455078,0.1294426836008437,kelmarsh,203,rolling_fold_5,global,10.0,15.0,6
354628,5562.45703125,0.0,980959.5,987769.6875,0.0,980959.5,176.3535919189453,163.6022491455078,0.2367269363953213,kelmarsh,203,rolling_fold_5,global,5.0,15.0,6
354628,936.266357421875,34093.796875,165404.078125,166975.421875,511406.625,676810.703125,176.66351318359375,163.6022491455078,0.0621721917051107,kelmarsh,203,rolling_fold_5,global,20.0,15.0,6
354628,2454.659423828125,17235.439453125,436340.8125,439619.46875,258531.609375,694872.421875,177.76019287109375,163.6022491455078,0.1244120599614243,kelmarsh,203,rolling_fold_5,soft-gate-bin,10.0,15.0,6
354628,4875.49853515625,2675.52001953125,860520.8125,866652.375,40132.80859375,900653.62109375,176.49905395507812,163.6022491455078,0.2128794116651815,kelmarsh,203,rolling_fold_5,soft-gate-bin,5.0,15.0,6
354628,935.1373901367188,33921.421875,164720.46875,166261.46875,508821.3125,673541.78125,176.1457061767578,163.6022491455078,0.0609483740708573,kelmarsh,203,rolling_fold_5,soft-gate-bin,20.0,15.0,6
354628,2590.532958984375,15726.0634765625,468716.96875,471623.96875,235890.9375,704607.90625,180.9346160888672,163.6022491455078,0.1270796440213406,kelmarsh,203,rolling_fold_5,soft-pab-bin,10.0,15.0,6
354628,4776.19091796875,2826.246337890625,849357.125,854991.875,42393.68359375,891750.80859375,177.83145141601562,163.6022491455078,0.2102654048749675,kelmarsh,203,rolling_fold_5,soft-pab-bin,5.0,15.0,6
354628,1022.110107421875,32632.0390625,184775.28125,186107.765625,489480.625,674255.90625,180.77821350097656,163.6022491455078,0.0624710964729237,kelmarsh,203,rolling_fold_5,soft-pab-bin,20.0,15.0,6
441327,2651.999267578125,24929.8359375,236891.765625,246630.390625,373947.5625,610839.328125,89.32571411132812,93.27145385742188,0.1198476413181156,kelmarsh,203,rolling_fold_6,global,10.0,15.0,6
441327,7168.193359375,677.7982788085938,665588.9375,687902.1875,10166.9833984375,675755.9208984375,92.85310363769533,93.27145385742188,0.2497127979933247,kelmarsh,203,rolling_fold_6,global,5.0,15.0,6
441327,945.5839233398438,45964.4765625,81525.6796875,85715.4140625,689466.875,770992.5546875,86.21730041503906,93.27145385742188,0.0524169153484831,kelmarsh,203,rolling_fold_6,global,20.0,15.0,6
441327,2650.65185546875,24013.767578125,234858.5,244791.0625,360206.5,595065.0,88.60406494140625,93.27145385742188,0.1114162514416747,kelmarsh,203,rolling_fold_6,soft-gate-bin,10.0,15.0,6
441327,5790.02099609375,4652.85400390625,528812.9375,547804.125,69792.8046875,598605.7421875,91.33180236816406,93.27145385742188,0.2216497064534914,kelmarsh,203,rolling_fold_6,soft-gate-bin,5.0,15.0,6
441327,971.6290283203124,44974.12890625,83033.0234375,87393.3046875,674611.9375,757644.9609375,85.4575424194336,93.27145385742188,0.0527454699123325,kelmarsh,203,rolling_fold_6,soft-gate-bin,20.0,15.0,6
441327,3068.44580078125,23046.59765625,282139.40625,292965.0,345699.0,627838.40625,91.94860076904295,93.27145385742188,0.1439386214756858,kelmarsh,203,rolling_fold_6,soft-pab-bin,10.0,15.0,6
441327,6058.97998046875,5088.61083984375,561815.375,581462.375,76329.1640625,638144.5390625,92.72441864013672,93.27145385742188,0.221071903599825,kelmarsh,203,rolling_fold_6,soft-pab-bin,5.0,15.0,6
441327,972.5368041992188,44411.64453125,85080.28125,89068.828125,666174.5,751254.78125,87.48282623291016,93.27145385742188,0.0525324759192163,kelmarsh,203,rolling_fold_6,soft-pab-bin,20.0,15.0,6
381348,1987.111572265625,25238.849609375,145069.65625,146682.609375,378582.5625,523652.21875,73.00529479980469,65.39885711669922,0.099664873029359,kelmarsh,203,rolling_fold_7,global,10.0,15.0,6
381348,4484.8046875,7366.96533203125,317947.96875,323035.03125,110504.4375,428452.40625,70.89447784423828,65.39885711669922,0.1839894269800812,kelmarsh,203,rolling_fold_7,global,5.0,15.0,6
381348,823.786865234375,40967.4765625,61973.859375,62399.8515625,614511.75,676485.609375,75.23047637939453,65.39885711669922,0.0520889056714601,kelmarsh,203,rolling_fold_7,global,20.0,15.0,6
381348,2056.470947265625,23728.998046875,150543.796875,152279.296875,355934.96875,506478.765625,73.2049331665039,65.39885711669922,0.1025703556856204,kelmarsh,203,rolling_fold_7,soft-gate-bin,10.0,15.0,6
381348,4608.26513671875,5814.8984375,326280.8125,331760.28125,87223.453125,413504.265625,70.80338287353516,65.39885711669922,0.1874324763732863,kelmarsh,203,rolling_fold_7,soft-gate-bin,5.0,15.0,6
381348,835.5403442382812,40029.80859375,63200.50390625,63627.484375,600447.0625,663647.56640625,75.64027404785156,65.39885711669922,0.0527077629881368,kelmarsh,203,rolling_fold_7,soft-gate-bin,20.0,15.0,6
381348,1932.9671630859373,24963.22265625,141973.515625,143438.75,374448.3125,516421.828125,73.44849395751953,65.39885711669922,0.0967357898822073,kelmarsh,203,rolling_fold_7,soft-pab-bin,10.0,15.0,6
381348,4377.66357421875,7445.58984375,311775.5,316523.6875,111683.8515625,423459.3515625,71.2196044921875,65.39885711669922,0.1802369489285377,kelmarsh,203,rolling_fold_7,soft-pab-bin,5.0,15.0,6
381348,836.8062744140625,39923.04296875,63266.8359375,63671.40234375,598845.625,662112.4609375,75.60511016845703,65.39885711669922,0.0519945037078993,kelmarsh,203,rolling_fold_7,soft-pab-bin,20.0,15.0,6
278446,1265.22607421875,19802.08984375,49740.59765625,50270.99609375,297031.21875,346771.81640625,39.31361389160156,37.85377502441406,0.1000014365442491,kelmarsh,203,year_1,global,10.0,15.0,6
278446,3054.86767578125,7390.2001953125,123915.2421875,124986.7578125,110853.03125,234768.2734375,40.56321716308594,37.85377502441406,0.1999992817278754,kelmarsh,203,year_1,global,5.0,15.0,6
278446,538.6209106445312,29682.69140625,20459.5546875,20694.734375,445240.5,465700.0546875,37.98507308959961,37.85377502441406,0.050002513952436,kelmarsh,203,year_1,global,20.0,15.0,6
278446,1310.6812744140625,18994.09375,51410.9609375,51996.55859375,284911.4375,336322.3984375,39.2246208190918,37.85377502441406,0.100005027904872,kelmarsh,203,year_1,soft-gate-bin,10.0,15.0,6
278446,3208.558349609375,6040.8447265625,129587.3203125,130759.9140625,90612.65625,220199.9765625,40.38802337646485,37.85377502441406,0.2000064644491212,kelmarsh,203,year_1,soft-gate-bin,5.0,15.0,6
278446,543.1165771484375,29553.220703125,20735.94921875,20975.099609375,443298.375,464034.32421875,38.1795654296875,37.85377502441406,0.0500061053130589,kelmarsh,203,year_1,soft-gate-bin,20.0,15.0,6
278446,1249.61669921875,19698.583984375,49198.1484375,49699.1328125,295478.75,344676.8984375,39.37059020996094,37.85377502441406,0.100005027904872,kelmarsh,203,year_1,soft-pab-bin,10.0,15.0,6
278446,3032.6669921875,7332.4755859375,122158.4140625,123163.2265625,109987.1484375,232145.5625,40.28084564208984,37.85377502441406,0.1996437370262097,kelmarsh,203,year_1,soft-pab-bin,5.0,15.0,6
278446,542.7276611328125,29310.44921875,20722.0078125,20940.48828125,439656.75,460378.7578125,38.18123626708984,37.85377502441406,0.0500061053130589,kelmarsh,203,year_1,soft-pab-bin,20.0,15.0,6
445527,2284.00341796875,31684.296875,107238.3125,107317.1953125,475264.15625,582502.46875,46.951908111572266,45.984561920166016,0.1016706058218693,kelmarsh,203,year_2,global,10.0,15.0,6
445527,5052.12890625,11824.67578125,236712.71875,236856.296875,177370.1875,414082.90625,46.85405349731445,45.984561920166016,0.1830506344172182,kelmarsh,203,year_2,global,5.0,15.0,6
445527,1044.8529052734375,47493.734375,48820.625,48858.9296875,712406.4375,761227.0625,46.72488021850586,45.984561920166016,0.0572580337443073,kelmarsh,203,year_2,global,20.0,15.0,6
445527,2540.7294921875,29283.68359375,119159.0546875,119237.15625,439255.375,558414.4296875,46.89955139160156,45.984561920166016,0.1088486219690389,kelmarsh,203,year_2,soft-gate-bin,10.0,15.0,6
445527,5909.62548828125,7021.06396484375,276525.15625,276673.5625,105315.96875,381841.125,46.7923469543457,45.984561920166016,0.2043602295708228,kelmarsh,203,year_2,soft-gate-bin,5.0,15.0,6
445527,1066.0098876953125,47101.30859375,49814.046875,49852.19921875,706519.4375,756333.484375,46.72942733764648,45.984561920166016,0.0582725626056333,kelmarsh,203,year_2,soft-gate-bin,20.0,15.0,6
445527,2333.73388671875,31086.25390625,109538.2109375,109615.8515625,466293.65625,575831.8671875,46.9369010925293,45.984561920166016,0.1025145501843883,kelmarsh,203,year_2,soft-pab-bin,10.0,15.0,6
445527,4887.05810546875,12243.79296875,229039.5625,229176.46875,183656.859375,412696.421875,46.86656188964844,45.984561920166016,0.1781642863395484,kelmarsh,203,year_2,soft-pab-bin,5.0,15.0,6
445527,1114.8316650390625,46422.546875,52157.51171875,52196.14453125,696338.125,748495.63671875,46.785099029541016,45.984561920166016,0.0593072922628707,kelmarsh,203,year_2,soft-pab-bin,20.0,15.0,6
426974,2286.5185546875,30364.875,125194.546875,128199.75,455472.84375,580667.390625,54.75336837768555,57.727577209472656,0.0981277548515834,kelmarsh,203,year_3,global,10.0,15.0,6
426974,4756.00048828125,11332.2626953125,262536.25,267633.25,169983.984375,432520.234375,55.20105743408203,57.727577209472656,0.1654081981572648,kelmarsh,203,year_3,global,5.0,15.0,6
426974,1107.3050537109375,45515.9609375,60143.828125,61889.5546875,682739.75,742883.578125,54.31550979614258,57.727577209472656,0.0593314815422016,kelmarsh,203,year_3,global,20.0,15.0,6
426974,2566.401123046875,27724.69921875,140725.015625,144040.828125,415870.65625,556595.671875,54.83358383178711,57.727577209472656,0.1059806920327701,kelmarsh,203,year_3,soft-gate-bin,10.0,15.0,6
426974,5655.4990234375,6053.96923828125,312507.59375,318318.875,90809.5703125,403317.1640625,55.25730514526367,57.727577209472656,0.1869434672837222,kelmarsh,203,year_3,soft-gate-bin,5.0,15.0,6
426974,1133.374755859375,45128.640625,61540.80078125,63330.90234375,676929.6875,738470.48828125,54.298709869384766,57.727577209472656,0.0602191234126668,kelmarsh,203,year_3,soft-gate-bin,20.0,15.0,6
426974,2390.6591796875,29446.67578125,131201.84375,134216.859375,441700.21875,572902.0625,54.881046295166016,57.727577209472656,0.0997203576798587,kelmarsh,203,year_3,soft-pab-bin,10.0,15.0,6
426974,4718.69091796875,11261.4951171875,260799.9375,265763.21875,168922.390625,429722.328125,55.269569396972656,57.727577209472656,0.1634970747633345,kelmarsh,203,year_3,soft-pab-bin,5.0,15.0,6
426974,1214.4111328125,44137.09375,66178.09375,67979.96875,662056.3125,728234.40625,54.49397277832031,57.727577209472656,0.061879646067442,kelmarsh,203,year_3,soft-pab-bin,20.0,15.0,6
354758,2119.081298828125,25229.12890625,89880.15625,90215.6484375,378436.71875,468316.875,42.41469192504883,42.77177810668945,0.1101257758810231,kelmarsh,203,year_4,global,10.0,15.0,6
354758,4449.91357421875,9415.5869140625,191207.25,192062.0,141233.84375,332441.09375,42.96875762939453,42.77177810668945,0.1898449083600651,kelmarsh,203,year_4,global,5.0,15.0,6
354758,1034.27978515625,37817.64453125,42941.0625,43079.0234375,567264.8125,610205.875,41.51784896850586,42.77177810668945,0.065720857598701,kelmarsh,203,year_4,global,20.0,15.0,6
354758,2367.84521484375,23077.578125,100875.234375,101251.59375,346163.65625,447038.890625,42.60212707519531,42.77177810668945,0.1191826540909577,kelmarsh,203,year_4,soft-gate-bin,10.0,15.0,6
354758,5245.73779296875,5254.919921875,226173.15625,227248.96875,78823.8046875,304996.9609375,43.115604400634766,42.77177810668945,0.2149493457511881,kelmarsh,203,year_4,soft-gate-bin,5.0,15.0,6
354758,1054.47998046875,37499.9140625,43804.30078125,43945.515625,562498.6875,606302.98828125,41.5411376953125,42.77177810668945,0.0664001939350204,kelmarsh,203,year_4,soft-gate-bin,20.0,15.0,6
354758,2210.593017578125,24471.66796875,93724.9765625,94094.1796875,367075.0,460799.9765625,42.39812469482422,42.77177810668945,0.1126655353790471,kelmarsh,203,year_4,soft-pab-bin,10.0,15.0,6
354758,4417.5517578125,9408.92578125,189461.21875,190359.828125,141133.875,330595.09375,42.88827896118164,42.77177810668945,0.1886553650657631,kelmarsh,203,year_4,soft-pab-bin,5.0,15.0,6
354758,1119.9798583984375,36675.578125,46575.0859375,46736.1875,550133.5,596708.5859375,41.58564376831055,42.77177810668945,0.0687595487628186,kelmarsh,203,year_4,soft-pab-bin,20.0,15.0,6
602713,2195.23779296875,42862.80859375,78843.1015625,80596.1953125,642942.0625,721785.1640625,35.9155158996582,34.577247619628906,0.0717140662305276,kelmarsh,203,year_5,global,10.0,15.0,6
602713,4931.474609375,15996.529296875,176053.453125,180018.890625,239948.015625,416001.46875,35.69995880126953,34.577247619628906,0.1370021884379464,kelmarsh,203,year_5,global,5.0,15.0,6
602713,1022.38525390625,64249.95703125,36615.640625,37282.375,963750.25,1000365.890625,35.81393814086914,34.577247619628906,0.0400290021950746,kelmarsh,203,year_5,global,20.0,15.0,6
602713,2489.116455078125,39035.7890625,89330.25,91306.40625,585537.0,674867.25,35.88833236694336,34.577247619628906,0.0790110716045613,kelmarsh,203,year_5,soft-gate-bin,10.0,15.0,6
602713,6017.6787109375,8262.4853515625,213616.078125,218348.828125,123937.28125,337553.359375,35.49808120727539,34.577247619628906,0.160336677655866,kelmarsh,203,year_5,soft-gate-bin,5.0,15.0,6
602713,1045.154296875,63649.4140625,37429.1015625,38124.84765625,954741.375,992170.4765625,35.812034606933594,34.577247619628906,0.0405433431832397,kelmarsh,203,year_5,soft-gate-bin,20.0,15.0,6
602713,2324.3935546875,41258.16015625,83182.9296875,85050.8359375,618872.4375,702055.3671875,35.78694152832031,34.577247619628906,0.0747138356066652,kelmarsh,203,year_5,soft-pab-bin,10.0,15.0,6
602713,4930.060546875,15495.1318359375,175427.21875,179412.53125,232426.953125,407854.171875,35.583194732666016,34.577247619628906,0.1365110757524725,kelmarsh,203,year_5,soft-pab-bin,5.0,15.0,6
602713,1133.02587890625,62000.3203125,40427.62109375,41216.9453125,930004.875,970432.49609375,35.68111038208008,34.577247619628906,0.0429176075511893,kelmarsh,203,year_5,soft-pab-bin,20.0,15.0,6
416605,1692.6285400390625,29627.466796875,176253.296875,176510.140625,444411.75,620665.046875,104.12993621826172,109.49456787109376,0.0729179918627957,kelmarsh,203,year_6,global,10.0,15.0,6
416605,3504.102783203125,11057.060546875,388321.625,388904.59375,165855.953125,554177.578125,110.819091796875,109.49456787109376,0.1272692358469053,kelmarsh,203,year_6,global,5.0,15.0,6
416605,828.575439453125,44410.61328125,81470.03125,81568.96875,666159.5,747629.53125,98.32544708251952,109.49456787109376,0.0451266787484547,kelmarsh,203,year_6,global,20.0,15.0,6
416605,1890.493408203125,26914.23828125,197489.75,197783.140625,403713.59375,601203.34375,104.46465301513672,109.49456787109376,0.0788972767969659,kelmarsh,203,year_6,soft-gate-bin,10.0,15.0,6
416605,4178.337890625,5412.13916015625,463496.125,464187.96875,81182.09375,544678.21875,110.92831420898438,109.49456787109376,0.1478042750327048,kelmarsh,203,year_6,soft-gate-bin,5.0,15.0,6
416605,846.1602172851562,43969.984375,83303.84375,83404.2109375,659549.6875,742853.53125,98.4492645263672,109.49456787109376,0.0456763601012949,kelmarsh,203,year_6,soft-gate-bin,20.0,15.0,6
416605,1764.043212890625,28418.75,182890.875,183174.96875,426281.25,609172.125,103.67709350585938,109.49456787109376,0.0750903133663782,kelmarsh,203,year_6,soft-pab-bin,10.0,15.0,6
416605,3496.255859375,10545.96875,384100.125,384686.15625,158189.53125,542289.65625,109.86040496826172,109.49456787109376,0.1277493068974208,kelmarsh,203,year_6,soft-pab-bin,5.0,15.0,6
416605,897.3059692382812,42767.55859375,88200.8515625,88325.859375,641513.3125,729714.1640625,98.29518127441406,109.49456787109376,0.0473470073570888,kelmarsh,203,year_6,soft-pab-bin,20.0,15.0,6
354628,1615.2454833984375,25219.8828125,286690.5625,289133.625,378298.03125,664988.59375,177.4904327392578,163.6022491455078,0.0924123306676291,kelmarsh,203,year_7,global,10.0,15.0,6
354628,3657.62744140625,9412.13671875,647822.5,652599.0625,141182.09375,789004.59375,177.11550903320312,163.6022491455078,0.1711257994292611,kelmarsh,203,year_7,global,5.0,15.0,6
354628,725.584716796875,37803.7890625,127528.1875,128803.9375,567056.9375,694585.125,175.75921630859375,163.6022491455078,0.0516907858375537,kelmarsh,203,year_7,global,20.0,15.0,6
354628,1821.888427734375,23155.654296875,322725.4375,325487.46875,347334.90625,670060.34375,177.13784790039062,163.6022491455078,0.101032631377105,kelmarsh,203,year_7,soft-gate-bin,10.0,15.0,6
354628,4368.46142578125,5352.1162109375,771112.5,776779.9375,80281.7421875,851394.2421875,176.5181121826172,163.6022491455078,0.1950550999921044,kelmarsh,203,year_7,soft-gate-bin,5.0,15.0,6
354628,737.2080078125,37536.7421875,129510.7890625,130792.40625,563051.125,692561.9140625,175.6774444580078,163.6022491455078,0.052203999684176,kelmarsh,203,year_7,soft-gate-bin,20.0,15.0,6
354628,1714.0311279296875,24182.23828125,305209.71875,307708.15625,362733.59375,667943.3125,178.0654296875,163.6022491455078,0.0959258716175823,kelmarsh,203,year_7,soft-pab-bin,10.0,15.0,6
354628,3654.801025390625,9085.1728515625,650371.5,654970.3125,136277.578125,786649.078125,177.9499053955078,163.6022491455078,0.1705618281692364,kelmarsh,203,year_7,soft-pab-bin,5.0,15.0,6
354628,805.560791015625,36444.64453125,142191.203125,143557.8125,546669.75,688860.953125,176.51206970214844,163.6022491455078,0.0548010873365893,kelmarsh,203,year_7,soft-pab-bin,20.0,15.0,6
441327,1973.575927734375,31385.609375,174479.21875,182126.15625,470783.84375,645263.0625,88.40766906738281,93.27145385742188,0.0920428616422743,kelmarsh,203,year_8,global,10.0,15.0,6
441327,4721.0888671875,11713.2041015625,431445.09375,447102.71875,175698.109375,607143.203125,91.3867645263672,93.27145385742188,0.1940805797062042,kelmarsh,203,year_8,global,5.0,15.0,6
441327,890.1730346679688,47046.0078125,76591.5703125,80578.1875,705690.5,782282.0703125,86.04122161865234,93.27145385742188,0.0500739814242047,kelmarsh,203,year_8,global,20.0,15.0,6
441327,2205.001220703125,29049.755859375,194837.578125,203257.390625,435746.5,630584.078125,88.3616943359375,93.27145385742188,0.0980180229172473,kelmarsh,203,year_8,soft-gate-bin,10.0,15.0,6
441327,5289.84375,6848.107421875,479873.21875,497353.0625,102721.609375,582594.828125,90.71595001220705,93.27145385742188,0.1959136875831299,kelmarsh,203,year_8,soft-gate-bin,5.0,15.0,6
441327,907.5391845703124,46692.33984375,78121.0,82190.84375,700385.1875,778506.1875,86.08002471923828,93.27145385742188,0.0507152292970971,kelmarsh,203,year_8,soft-gate-bin,20.0,15.0,6
441327,2321.41357421875,29803.53515625,209800.578125,218427.0625,447053.09375,656853.671875,90.376220703125,93.27145385742188,0.1213227380151225,kelmarsh,203,year_8,soft-pab-bin,10.0,15.0,6
441327,5119.90380859375,11136.2607421875,474234.21875,490931.1875,167043.84375,641278.0625,92.62562561035156,93.27145385742188,0.1961765312342095,kelmarsh,203,year_8,soft-pab-bin,5.0,15.0,6
441327,991.2080688476562,45205.2734375,85684.59375,89911.4375,678079.0625,763763.65625,86.44461822509766,93.27145385742188,0.0539010756196652,kelmarsh,203,year_8,soft-pab-bin,20.0,15.0,6
381348,1806.41455078125,27120.115234375,132387.578125,133777.734375,406801.5,539189.078125,73.28748321533203,65.39885711669922,0.0925270356734531,kelmarsh,203,year_9,global,10.0,15.0,6
381348,3998.369140625,10121.30859375,284520.8125,288910.5,151819.671875,436340.484375,71.15922546386719,65.39885711669922,0.1692836988787144,kelmarsh,203,year_9,global,5.0,15.0,6
381348,840.3300170898438,40652.171875,63184.2265625,63622.79296875,609782.8125,672967.0390625,75.18978118896484,65.39885711669922,0.0528519882102436,kelmarsh,203,year_9,global,20.0,15.0,6
381348,2019.2987060546875,24804.96875,147055.65625,148724.5625,372074.625,519130.28125,72.82513427734375,65.39885711669922,0.1011621930625045,kelmarsh,203,year_9,soft-gate-bin,10.0,15.0,6
381348,4760.36767578125,5442.1923828125,336380.6875,341972.65625,81632.890625,418013.578125,70.66275787353516,65.39885711669922,0.1924016908440584,kelmarsh,203,year_9,soft-gate-bin,5.0,15.0,6
381348,858.162353515625,40291.70703125,64606.31640625,65049.49609375,604375.5,668981.81640625,75.28447723388672,65.39885711669922,0.0535809811510746,kelmarsh,203,year_9,soft-gate-bin,20.0,15.0,6
381348,1942.9813232421875,25826.537109375,142365.4375,143854.171875,387397.96875,529763.40625,73.27165985107422,65.39885711669922,0.0975119838048187,kelmarsh,203,year_9,soft-pab-bin,10.0,15.0,6
381348,4023.48193359375,9686.4912109375,286643.15625,290943.6875,145297.375,431940.53125,71.24254608154297,65.39885711669922,0.1695275706179133,kelmarsh,203,year_9,soft-pab-bin,5.0,15.0,6
381348,939.2963256835938,39056.40234375,70590.765625,71077.8515625,585846.125,656436.890625,75.15282440185547,65.39885711669922,0.0566464226900364,kelmarsh,203,year_9,soft-pab-bin,20.0,15.0,6
3561220,16159.9677734375,257837.359375,1167070.25,1184088.625,3867581.25,5034651.5,72.21985626220703,72.18299865722656,0.0887325130152026,kelmarsh,203,pooled_multiyear_full,global,10.0,15.0,6
3561220,36852.82421875,92700.7265625,2709026.75,2745720.75,1390509.0,4099535.75,73.50933074951172,72.18299865722656,0.1676956211635338,kelmarsh,203,pooled_multiyear_full,global,5.0,15.0,6
3561220,7826.02978515625,377974.5,554089.375,562795.0,5669607.5,6223696.875,70.80084991455078,72.18299865722656,0.0522469827755656,kelmarsh,203,pooled_multiyear_full,global,20.0,15.0,6
3561220,19295.845703125,228664.953125,1398928.625,1419023.0,3429974.25,4828902.875,72.4988784790039,72.18299865722656,0.1006312443488467,kelmarsh,203,pooled_multiyear_full,soft-gate-bin,10.0,15.0,6
3561220,47221.7578125,33640.72265625,3462788.5,3508605.75,504610.75,3967399.25,73.33035278320312,72.18299865722656,0.1987139238800186,kelmarsh,203,pooled_multiyear_full,soft-gate-bin,5.0,15.0,6
3561220,7713.80224609375,383327.6875,547308.3125,555759.75,5749918.0,6297226.3125,70.95179748535156,72.18299865722656,0.0516991368126653,kelmarsh,203,pooled_multiyear_full,soft-gate-bin,20.0,15.0,6
3561220,33007.50390625,130458.9609375,2434852.5,2469052.0,1956884.625,4391737.125,73.76661682128906,72.18299865722656,0.1528108344893042,kelmarsh,203,pooled_multiyear_full,soft-pab-bin,10.0,15.0,6
3561220,53361.6328125,13971.8232421875,3938774.0,3990494.25,209577.265625,4148351.265625,73.81285095214844,72.18299865722656,0.2211930181230028,kelmarsh,203,pooled_multiyear_full,soft-pab-bin,5.0,15.0,6
3561220,20418.412109375,231236.234375,1500577.375,1522987.0,3468543.5,4969120.875,73.49136352539062,72.18299865722656,0.1071453041373461,kelmarsh,203,pooled_multiyear_full,soft-pab-bin,20.0,15.0,6
426974,2144.296142578125,32338.23828125,117577.0625,120407.3203125,485073.75,602650.8125,54.832462310791016,57.727577209472656,0.0940572493875505,kelmarsh,204,rolling_fold_1,global,10.0,15.0,6
426974,4927.54638671875,10876.4150390625,272159.71875,277335.90625,163146.34375,435306.0625,55.2322883605957,57.727577209472656,0.1703241883580733,kelmarsh,204,rolling_fold_1,global,5.0,15.0,6
426974,946.7591552734376,48804.7109375,51622.546875,53154.83984375,732070.8125,783693.359375,54.52553176879883,57.727577209472656,0.0535489280377727,kelmarsh,204,rolling_fold_1,global,20.0,15.0,6
426974,2356.558837890625,29921.388671875,129602.0703125,132584.96875,448820.875,578422.9453125,54.996337890625,57.727577209472656,0.0993081545948933,kelmarsh,204,rolling_fold_1,soft-gate-bin,10.0,15.0,6
426974,5509.95703125,7096.66259765625,304760.15625,310290.4375,106449.9375,411210.09375,55.310794830322266,57.727577209472656,0.1833273220383442,kelmarsh,204,rolling_fold_1,soft-gate-bin,5.0,15.0,6
426974,1001.764404296875,47732.9453125,54873.23828125,56400.33203125,715994.0625,770867.30078125,54.7765998840332,57.727577209472656,0.0550056912130481,kelmarsh,204,rolling_fold_1,soft-gate-bin,20.0,15.0,6
426974,2436.138427734375,29000.33203125,134772.234375,137580.3125,435004.84375,569777.078125,55.32207489013672,57.727577209472656,0.0996079386566863,kelmarsh,204,rolling_fold_1,soft-pab-bin,10.0,15.0,6
426974,5175.63525390625,8594.158203125,287287.5625,292294.09375,128912.375,416199.9375,55.5077018737793,57.727577209472656,0.1744696398375545,kelmarsh,204,rolling_fold_1,soft-pab-bin,5.0,15.0,6
426974,1078.3648681640625,46413.484375,59378.15625,60892.078125,696202.3125,755580.46875,55.06314849853516,57.727577209472656,0.056745844009237,kelmarsh,204,rolling_fold_1,soft-pab-bin,20.0,15.0,6
354758,2131.07275390625,25975.89453125,90374.8203125,90703.953125,389638.71875,480013.5390625,42.40813827514648,42.77177810668945,0.1112927685915469,kelmarsh,204,rolling_fold_2,global,10.0,15.0,6
354758,5348.578125,5897.802734375,229982.140625,231097.21875,88467.0078125,318449.1484375,42.99875259399414,42.77177810668945,0.2186222720840685,kelmarsh,204,rolling_fold_2,global,5.0,15.0,6
354758,848.5133666992188,41530.84375,34946.49609375,35033.0390625,622962.3125,657908.80859375,41.1855583190918,42.77177810668945,0.0582566143681044,kelmarsh,204,rolling_fold_2,global,20.0,15.0,6
354758,2159.33447265625,25188.40625,92010.6875,92354.546875,377826.25,469836.9375,42.61067962646485,42.77177810668945,0.1118621708319474,kelmarsh,204,rolling_fold_2,soft-gate-bin,10.0,15.0,6
354758,5331.66455078125,5372.11669921875,229648.84375,230799.125,80581.75,310230.59375,43.072635650634766,42.77177810668945,0.2172382300046792,kelmarsh,204,rolling_fold_2,soft-gate-bin,5.0,15.0,6
354758,844.7669067382812,41145.76953125,35003.9609375,35093.4765625,617186.5625,652190.5234375,41.43623733520508,42.77177810668945,0.0580085579465438,kelmarsh,204,rolling_fold_2,soft-gate-bin,20.0,15.0,6
354758,2246.253173828125,24192.826171875,95392.796875,95789.40625,362892.34375,458285.140625,42.4675178527832,42.77177810668945,0.1138156151517372,kelmarsh,204,rolling_fold_2,soft-pab-bin,10.0,15.0,6
354758,5150.50390625,6105.6748046875,221105.203125,222238.640625,91585.1328125,312690.3359375,42.92884826660156,42.77177810668945,0.2124603250666651,kelmarsh,204,rolling_fold_2,soft-pab-bin,5.0,15.0,6
354758,870.5830078125,40638.85546875,35908.17578125,36018.53515625,609582.8125,645490.98828125,41.2461166381836,42.77177810668945,0.0582876214207995,kelmarsh,204,rolling_fold_2,soft-pab-bin,20.0,15.0,6
602713,2016.7672119140625,45743.38671875,72387.59375,73959.390625,686151.125,758538.71875,35.89289093017578,34.577247619628906,0.0676142708055077,kelmarsh,204,rolling_fold_3,global,10.0,15.0,6
602713,5794.9423828125,10444.830078125,206394.65625,211005.4375,156672.3125,363066.96875,35.6163444519043,34.577247619628906,0.1557009721044676,kelmarsh,204,rolling_fold_3,global,5.0,15.0,6
602713,697.513427734375,73510.203125,24951.341796875,25319.84375,1102653.375,1127604.716796875,35.7718391418457,34.577247619628906,0.0304722148020699,kelmarsh,204,rolling_fold_3,global,20.0,15.0,6
602713,2038.4912109375,44231.2578125,72935.734375,74524.4375,663468.9375,736404.671875,35.77927017211914,34.577247619628906,0.0680589268855989,kelmarsh,204,rolling_fold_3,soft-gate-bin,10.0,15.0,6
602713,5748.677734375,9307.8115234375,203983.703125,208539.703125,139617.203125,343600.90625,35.483577728271484,34.577247619628906,0.1545229653251215,kelmarsh,204,rolling_fold_3,soft-gate-bin,5.0,15.0,6
602713,698.9293823242188,72604.9609375,24831.3359375,25217.333984375,1089074.25,1113905.5859375,35.527679443359375,34.577247619628906,0.0304240990322093,kelmarsh,204,rolling_fold_3,soft-gate-bin,20.0,15.0,6
602713,2108.391845703125,42386.50390625,75391.578125,77067.8515625,635797.375,711188.953125,35.75785827636719,34.577247619628906,0.0696268373172637,kelmarsh,204,rolling_fold_3,soft-pab-bin,10.0,15.0,6
602713,5586.763671875,9769.490234375,197780.640625,202317.328125,146542.34375,344322.984375,35.401649475097656,34.577247619628906,0.1512179096850408,kelmarsh,204,rolling_fold_3,soft-pab-bin,5.0,15.0,6
602713,722.8939208984375,71446.59375,25739.16796875,26133.974609375,1071698.75,1097437.91796875,35.60572814941406,34.577247619628906,0.0309400991848524,kelmarsh,204,rolling_fold_3,soft-pab-bin,20.0,15.0,6
416605,2053.2578125,25853.033203125,219667.4375,220036.359375,387795.5625,607463.0,106.9848403930664,109.49456787109376,0.0837531954729299,kelmarsh,204,rolling_fold_4,global,10.0,15.0,6
416605,4736.0166015625,3271.7275390625,538866.0625,539720.875,49075.953125,587942.015625,113.78044128417967,109.49456787109376,0.1615415081432052,kelmarsh,204,rolling_fold_4,global,5.0,15.0,6
416605,841.1482543945312,44885.31640625,84473.1640625,84596.4609375,673279.9375,757753.1015625,100.42604064941406,109.49456787109376,0.0457123654300836,kelmarsh,204,rolling_fold_4,global,20.0,15.0,6
416605,2067.17724609375,24017.42578125,215751.65625,216161.5625,360261.375,576013.03125,104.37018585205078,109.49456787109376,0.0843052771810227,kelmarsh,204,rolling_fold_4,soft-gate-bin,10.0,15.0,6
416605,4379.0625,4279.9892578125,487698.125,488526.4375,64199.83984375,551897.96484375,111.37043762207033,109.49456787109376,0.1521633201713853,kelmarsh,204,rolling_fold_4,soft-gate-bin,5.0,15.0,6
416605,849.7008056640625,43387.93359375,83373.7578125,83529.4296875,650819.0,734192.7578125,98.12129974365234,109.49456787109376,0.0455443405624032,kelmarsh,204,rolling_fold_4,soft-gate-bin,20.0,15.0,6
416605,2106.88671875,22873.51171875,221114.078125,221495.921875,343102.71875,564216.796875,104.9482650756836,109.49456787109376,0.0848141524945692,kelmarsh,204,rolling_fold_4,soft-pab-bin,10.0,15.0,6
416605,4278.52392578125,4552.43359375,477555.5,478353.0625,68286.4921875,545841.9921875,111.61688232421876,109.49456787109376,0.1495445325908234,kelmarsh,204,rolling_fold_4,soft-pab-bin,5.0,15.0,6
416605,886.3779907226562,42189.23046875,87435.265625,87580.28125,632838.375,720273.640625,98.643310546875,109.49456787109376,0.0462692478486816,kelmarsh,204,rolling_fold_4,soft-pab-bin,20.0,15.0,6
354628,2534.24072265625,17405.86328125,448987.78125,452444.125,261087.9375,710075.71875,177.16854858398438,163.6022491455078,0.1318198224618473,kelmarsh,204,rolling_fold_5,global,10.0,15.0,6
354628,5721.96728515625,0.0,1005326.375,1012219.4375,0.0,1005326.375,175.69593811035156,163.6022491455078,0.2431364697655007,kelmarsh,204,rolling_fold_5,global,5.0,15.0,6
354628,922.0467529296876,34579.57421875,162893.640625,164393.40625,518693.9375,681587.578125,176.66526794433594,163.6022491455078,0.0624372581973222,kelmarsh,204,rolling_fold_5,global,20.0,15.0,6
354628,2477.736572265625,17312.048828125,438866.34375,442033.3125,259680.703125,698547.046875,177.12387084960938,163.6022491455078,0.1274603246218572,kelmarsh,204,rolling_fold_5,soft-gate-bin,10.0,15.0,6
354628,4934.54833984375,2923.98681640625,866059.25,872155.5625,43859.80078125,909919.05078125,175.50933837890625,163.6022491455078,0.2168525891920547,kelmarsh,204,rolling_fold_5,soft-gate-bin,5.0,15.0,6
354628,913.1319580078124,34271.1015625,161050.4375,162451.828125,514066.65625,675117.09375,176.3715057373047,163.6022491455078,0.0613628929469754,kelmarsh,204,rolling_fold_5,soft-gate-bin,20.0,15.0,6
354628,2605.0390625,16063.7744140625,470680.3125,473507.78125,240956.65625,711636.96875,180.6807403564453,163.6022491455078,0.1288674329156186,kelmarsh,204,rolling_fold_5,soft-pab-bin,10.0,15.0,6
354628,4841.591796875,3089.53857421875,858746.25,864332.25,46343.08984375,905089.33984375,177.36856079101562,163.6022491455078,0.2141201484372356,kelmarsh,204,rolling_fold_5,soft-pab-bin,5.0,15.0,6
354628,1015.4109497070312,32989.84375,183527.234375,184787.890625,494847.65625,678374.890625,180.7418212890625,163.6022491455078,0.0629786706069458,kelmarsh,204,rolling_fold_5,soft-pab-bin,20.0,15.0,6
441327,2670.451171875,25903.724609375,238089.703125,247873.171875,388556.21875,626645.921875,89.1571044921875,93.27145385742188,0.1236135563878937,kelmarsh,204,rolling_fold_6,global,10.0,15.0,6
441327,7349.6484375,1369.5838623046875,683669.75,706222.375,20543.77734375,704213.52734375,93.02075958251952,93.27145385742188,0.2513465072383969,kelmarsh,204,rolling_fold_6,global,5.0,15.0,6
441327,953.9992065429688,46855.8359375,81737.828125,86117.1015625,702838.375,784576.203125,85.67912292480469,93.27145385742188,0.0529697933731677,kelmarsh,204,rolling_fold_6,global,20.0,15.0,6
441327,2692.139892578125,24617.490234375,237812.703125,247852.859375,369262.3125,607075.015625,88.3359375,93.27145385742188,0.112694215400372,kelmarsh,204,rolling_fold_6,soft-gate-bin,10.0,15.0,6
441327,6020.5361328125,4840.26416015625,550413.5,569791.25,72603.9375,623017.4375,91.42268371582033,93.27145385742188,0.2304345757227633,kelmarsh,204,rolling_fold_6,soft-gate-bin,5.0,15.0,6
441327,988.9134521484376,45500.60546875,84297.828125,88837.359375,682509.3125,766807.140625,85.24288940429688,93.27145385742188,0.0540030408291357,kelmarsh,204,rolling_fold_6,soft-gate-bin,20.0,15.0,6
441327,3188.090576171875,23859.4296875,294952.0625,306027.125,357891.46875,652843.53125,92.51683044433594,93.27145385742188,0.1453230824309412,kelmarsh,204,rolling_fold_6,soft-pab-bin,10.0,15.0,6
441327,6258.53466796875,5598.60205078125,582018.4375,602049.1875,83979.046875,665997.484375,92.99595642089844,93.27145385742188,0.2230545604506409,kelmarsh,204,rolling_fold_6,soft-pab-bin,5.0,15.0,6
441327,972.259033203125,45279.0859375,84698.6328125,88813.1328125,679186.3125,763884.9453125,87.11531066894531,93.27145385742188,0.0527024179350005,kelmarsh,204,rolling_fold_6,soft-pab-bin,20.0,15.0,6
381348,2006.53076171875,26097.177734375,146640.96875,148153.625,391457.875,538098.84375,73.08186340332031,65.39885711669922,0.1008999653859467,kelmarsh,204,rolling_fold_7,global,10.0,15.0,6
381348,4498.595703125,8346.8427734375,319367.25,324214.25,125202.6171875,444569.8671875,70.9926528930664,65.39885711669922,0.1845348605473216,kelmarsh,204,rolling_fold_7,global,5.0,15.0,6
381348,831.0183715820312,41793.76171875,62608.57421875,62993.28515625,626906.0,689514.57421875,75.33960723876953,65.39885711669922,0.0526710511134187,kelmarsh,204,rolling_fold_7,global,20.0,15.0,6
381348,2073.2900390625,24609.595703125,150969.140625,152605.328125,369143.90625,520113.046875,72.81622314453125,65.39885711669922,0.1035432203656502,kelmarsh,204,rolling_fold_7,soft-gate-bin,10.0,15.0,6
381348,4648.38525390625,6611.25830078125,328874.75,334131.8125,99168.8515625,428043.6015625,70.75032806396484,65.39885711669922,0.1878415515487166,kelmarsh,204,rolling_fold_7,soft-gate-bin,5.0,15.0,6
381348,843.0225830078125,40766.23828125,63349.7734375,63749.89453125,611493.6875,674843.4609375,75.14599609375,65.39885711669922,0.0532899084300953,kelmarsh,204,rolling_fold_7,soft-gate-bin,20.0,15.0,6
381348,1930.3604736328125,25985.322265625,141904.609375,143268.9375,389779.875,531684.484375,73.51197052001953,65.39885711669922,0.0969613056840471,kelmarsh,204,rolling_fold_7,soft-pab-bin,10.0,15.0,6
381348,4382.0947265625,8467.470703125,312543.65625,317047.40625,127012.03125,439555.6875,71.32289123535156,65.39885711669922,0.1802553048658967,kelmarsh,204,rolling_fold_7,soft-pab-bin,5.0,15.0,6
381348,838.5719604492188,40709.3125,63423.86328125,63792.17578125,610639.625,674063.48828125,75.6331787109375,65.39885711669922,0.0524140679903919,kelmarsh,204,rolling_fold_7,soft-pab-bin,20.0,15.0,6
278446,1249.4677734375,21329.423828125,49823.8984375,50395.875,319941.375,369765.2734375,39.8760986328125,37.85377502441406,0.1000014365442491,kelmarsh,204,year_1,global,10.0,15.0,6
278446,3107.01806640625,8348.08984375,127985.2734375,129144.625,125221.3125,253206.5859375,41.19231414794922,37.85377502441406,0.1999992817278754,kelmarsh,204,year_1,global,5.0,15.0,6
278446,507.87841796875,31245.30078125,19585.953125,19852.947265625,468679.5625,488265.515625,38.56425476074219,37.85377502441406,0.050002513952436,kelmarsh,204,year_1,global,20.0,15.0,6
278446,1270.7713623046875,20590.171875,50602.078125,51247.5859375,308852.59375,359454.671875,39.8199577331543,37.85377502441406,0.1000122106261178,kelmarsh,204,year_1,soft-gate-bin,10.0,15.0,6
278446,3256.1220703125,7091.146484375,133695.3125,135012.453125,106367.1953125,240062.5078125,41.05967330932617,37.85377502441406,0.200010055809744,kelmarsh,204,year_1,soft-gate-bin,5.0,15.0,6
278446,523.5308227539062,30911.513671875,20165.88671875,20446.5859375,463672.8125,483838.69921875,38.519004821777344,37.85377502441406,0.0500096966736817,kelmarsh,204,year_1,soft-gate-bin,20.0,15.0,6
278446,1218.3837890625,21361.87890625,48848.62109375,49393.84375,320428.15625,369276.77734375,40.09296798706055,37.85377502441406,0.100005027904872,kelmarsh,204,year_1,soft-pab-bin,10.0,15.0,6
278446,3089.65087890625,8246.509765625,126199.1953125,127271.046875,123697.6875,249896.8828125,40.84577178955078,37.85377502441406,0.1996114147806038,kelmarsh,204,year_1,soft-pab-bin,5.0,15.0,6
278446,517.556884765625,30728.4609375,20078.5703125,20329.48828125,460926.71875,481005.2890625,38.79490280151367,37.85377502441406,0.0500061053130589,kelmarsh,204,year_1,soft-pab-bin,20.0,15.0,6
445527,2122.96728515625,34128.1171875,99939.953125,100017.5,511921.625,611861.578125,47.07559967041016,45.984561920166016,0.0979873273673649,kelmarsh,204,year_2,global,10.0,15.0,6
445527,4958.5322265625,13357.3486328125,232872.421875,233017.484375,200360.09375,433232.515625,46.963993072509766,45.984561920166016,0.1812819425085348,kelmarsh,204,year_2,global,5.0,15.0,6
445527,936.89013671875,49993.984375,43839.2734375,43876.93359375,749909.8125,793749.0859375,46.79232406616211,45.984561920166016,0.0536331131446579,kelmarsh,204,year_2,global,20.0,15.0,6
445527,2436.6162109375,30851.796875,114263.9609375,114340.734375,462777.03125,577040.9921875,46.89453887939453,45.984561920166016,0.10727969348659,kelmarsh,204,year_2,soft-gate-bin,10.0,15.0,6
445527,5862.818359375,8097.35546875,274445.40625,274595.65625,121460.328125,395905.734375,46.81117630004883,45.984561920166016,0.2045532593984202,kelmarsh,204,year_2,soft-gate-bin,5.0,15.0,6
445527,982.9908447265624,49034.8828125,46005.890625,46043.9375,735523.375,781529.265625,46.80194091796875,45.984561920166016,0.0556621708673099,kelmarsh,204,year_2,soft-gate-bin,20.0,15.0,6
445527,2181.7900390625,33486.47265625,102663.328125,102740.578125,502297.0625,604960.390625,47.05462646484375,45.984561920166016,0.0988851405189809,kelmarsh,204,year_2,soft-pab-bin,10.0,15.0,6
445527,4728.33154296875,14017.5009765625,222101.109375,222237.921875,210262.578125,432363.6875,46.97241973876953,45.984561920166016,0.1744159164315518,kelmarsh,204,year_2,soft-pab-bin,5.0,15.0,6
445527,1021.7102661132812,48655.93359375,47882.78125,47921.5234375,729839.1875,777721.96875,46.86532211303711,45.984561920166016,0.0561671907650939,kelmarsh,204,year_2,soft-pab-bin,20.0,15.0,6
426974,2109.805419921875,32706.927734375,115666.7578125,118462.84375,490603.75,606270.5078125,54.82342529296875,57.727577209472656,0.0930150313602233,kelmarsh,204,year_3,global,10.0,15.0,6
426974,4607.54833984375,12801.111328125,254385.46875,259320.65625,192016.53125,446402.0,55.210575103759766,57.727577209472656,0.1622510972565074,kelmarsh,204,year_3,global,5.0,15.0,6
426974,995.4000244140624,47912.09375,54285.96875,55875.6484375,718681.4375,772967.40625,54.53683090209961,57.727577209472656,0.0554342887388927,kelmarsh,204,year_3,global,20.0,15.0,6
426974,2443.51806640625,29276.515625,134168.9375,137330.140625,439147.75,573316.6875,54.90808868408203,57.727577209472656,0.1024699396216163,kelmarsh,204,year_3,soft-gate-bin,10.0,15.0,6
426974,5508.7255859375,7333.41015625,304493.28125,310130.125,110001.1328125,414494.4140625,55.27473068237305,57.727577209472656,0.1840510195000164,kelmarsh,204,year_3,soft-gate-bin,5.0,15.0,6
426974,1047.37939453125,46949.6953125,57139.546875,58798.1796875,704245.5,761385.046875,54.55476760864258,57.727577209472656,0.0573618065737023,kelmarsh,204,year_3,soft-gate-bin,20.0,15.0,6
426974,2212.792236328125,31793.248046875,121536.15625,124356.5703125,476898.75,598434.90625,54.924354553222656,57.727577209472656,0.0949659698248605,kelmarsh,204,year_3,soft-pab-bin,10.0,15.0,6
426974,4532.12744140625,12876.7265625,250532.140625,255290.984375,193150.984375,443683.125,55.27915573120117,57.727577209472656,0.1592181256938361,kelmarsh,204,year_3,soft-pab-bin,5.0,15.0,6
426974,1115.322265625,46266.6484375,60997.0,62655.9375,693999.5625,754996.5625,54.69001770019531,57.727577209472656,0.0584414976087536,kelmarsh,204,year_3,soft-pab-bin,20.0,15.0,6
354758,2000.6005859375,27175.056640625,84691.0234375,84996.109375,407625.78125,492316.8046875,42.332801818847656,42.77177810668945,0.1062724448779167,kelmarsh,204,year_4,global,10.0,15.0,6
354758,4386.72607421875,10636.001953125,188381.9375,189214.453125,159539.9375,347921.875,42.94363021850586,42.77177810668945,0.1879196522699981,kelmarsh,204,year_4,global,5.0,15.0,6
354758,952.8222045898438,39808.51171875,39423.09765625,39528.43359375,597127.6875,636550.78515625,41.37508010864258,42.77177810668945,0.0629245852101996,kelmarsh,204,year_4,global,20.0,15.0,6
354758,2320.922119140625,24238.607421875,98803.84375,99159.7734375,363579.0625,462382.90625,42.57094192504883,42.77177810668945,0.1181904284047153,kelmarsh,204,year_4,soft-gate-bin,10.0,15.0,6
354758,5256.21630859375,6022.23046875,226309.125,227397.875,90333.4296875,316642.5546875,43.05551528930664,42.77177810668945,0.2157639855901769,kelmarsh,204,year_4,soft-gate-bin,5.0,15.0,6
354758,999.7767333984376,39007.39453125,41484.59765625,41598.0625,585111.0625,626595.66015625,41.49386978149414,42.77177810668945,0.0649710506880746,kelmarsh,204,year_4,soft-gate-bin,20.0,15.0,6
354758,2093.372314453125,26407.767578125,88625.21875,88953.8203125,396116.5,484741.71875,42.33610916137695,42.77177810668945,0.1090940866731687,kelmarsh,204,year_4,soft-pab-bin,10.0,15.0,6
354758,4312.46337890625,10769.3447265625,184871.578125,185733.140625,161540.234375,346411.8125,42.869136810302734,42.77177810668945,0.1859774832420974,kelmarsh,204,year_4,soft-pab-bin,5.0,15.0,6
354758,1049.433837890625,38444.4375,43516.32421875,43651.0234375,576666.5,620182.82421875,41.46648025512695,42.77177810668945,0.0663297233607135,kelmarsh,204,year_4,soft-pab-bin,20.0,15.0,6
602713,1988.1590576171875,46168.80078125,71356.9921875,72902.9609375,692532.25,763889.2421875,35.8909912109375,34.577247619628906,0.0669207400537237,kelmarsh,204,year_5,global,10.0,15.0,6
602713,4699.8544921875,18069.9375,167930.71875,171701.890625,271048.9375,438979.65625,35.731048583984375,34.577247619628906,0.1319865342210969,kelmarsh,204,year_5,global,5.0,15.0,6
602713,894.3848876953125,67632.3203125,32029.681640625,32562.115234375,1014484.8125,1046514.494140625,35.81196975708008,34.577247619628906,0.0366243966863167,kelmarsh,204,year_5,global,20.0,15.0,6
602713,2331.6435546875,41082.640625,83600.6328125,85464.40625,616239.6875,699840.3203125,35.85480117797852,34.577247619628906,0.0753824788912799,kelmarsh,204,year_5,soft-gate-bin,10.0,15.0,6
602713,5761.732421875,9977.3642578125,204793.0625,209393.125,149660.453125,354453.515625,35.54366683959961,34.577247619628906,0.1551269011950961,kelmarsh,204,year_5,soft-gate-bin,5.0,15.0,6
602713,941.0352783203124,66232.125,33671.61328125,34246.83203125,993481.875,1027153.48828125,35.781455993652344,34.577247619628906,0.0380960755782603,kelmarsh,204,year_5,soft-gate-bin,20.0,15.0,6
602713,2112.484130859375,44604.23828125,75575.421875,77234.125,669063.375,744638.796875,35.775611877441406,34.577247619628906,0.0697446379951983,kelmarsh,204,year_5,soft-pab-bin,10.0,15.0,6
602713,4655.6982421875,17704.369140625,165797.59375,169563.765625,265565.65625,431363.25,35.61176300048828,34.577247619628906,0.1306426109939556,kelmarsh,204,year_5,soft-pab-bin,5.0,15.0,6
602713,1012.204833984375,64991.984375,36090.65625,36749.62109375,974879.25,1010969.90625,35.65549087524414,34.577247619628906,0.0398829957210148,kelmarsh,204,year_5,soft-pab-bin,20.0,15.0,6
416605,1588.1015625,31912.642578125,166647.625,166922.59375,478689.5,645337.125,104.93511199951172,109.49456787109376,0.0701647843880894,kelmarsh,204,year_6,global,10.0,15.0,6
416605,3426.3857421875,12490.2373046875,381395.1875,382014.09375,187353.4375,568748.625,111.31124114990234,109.49456787109376,0.1242567900049207,kelmarsh,204,year_6,global,5.0,15.0,6
416605,758.6875,46748.55859375,75680.171875,75788.984375,701228.375,776908.546875,99.7514419555664,109.49456787109376,0.0428823465872949,kelmarsh,204,year_6,global,20.0,15.0,6
416605,1835.0723876953125,28305.431640625,193023.265625,193348.515625,424581.4375,617604.703125,105.18563079833984,109.49456787109376,0.0773034409092545,kelmarsh,204,year_6,soft-gate-bin,10.0,15.0,6
416605,4117.72021484375,6675.0478515625,459644.90625,460394.03125,100125.71875,559770.625,111.62606048583984,109.49456787109376,0.1441149290094934,kelmarsh,204,year_6,soft-gate-bin,5.0,15.0,6
416605,796.1775512695312,45740.51171875,79463.359375,79579.3828125,686107.875,765571.234375,99.80606842041016,109.49456787109376,0.0441401327396454,kelmarsh,204,year_6,soft-gate-bin,20.0,15.0,6
416605,1659.3543701171875,30751.419921875,173483.46875,173786.5625,461271.25,634754.71875,104.54877471923828,109.49456787109376,0.0725003300488472,kelmarsh,204,year_6,soft-pab-bin,10.0,15.0,6
416605,3392.285888671875,12034.8154296875,373558.03125,374177.15625,180522.28125,554080.3125,110.11985778808594,109.49456787109376,0.1237143097178382,kelmarsh,204,year_6,soft-pab-bin,5.0,15.0,6
416605,835.8638305664062,44828.43359375,83325.578125,83465.96875,672426.5625,755752.140625,99.68797302246094,109.49456787109376,0.0455299384308877,kelmarsh,204,year_6,soft-pab-bin,20.0,15.0,6
354628,1475.3983154296875,27165.09765625,261455.03125,263667.90625,407476.40625,668931.4375,177.2097930908203,163.6022491455078,0.0874240048727116,kelmarsh,204,year_7,global,10.0,15.0,6
354628,3550.71875,10632.1044921875,627533.75,632107.125,159481.46875,787015.21875,176.73423767089844,163.6022491455078,0.1693803083794849,kelmarsh,204,year_7,global,5.0,15.0,6
354628,635.5006103515625,39793.921875,111499.4609375,112602.0703125,596908.875,708408.3359375,175.45138549804688,163.6022491455078,0.0476499317594775,kelmarsh,204,year_7,global,20.0,15.0,6
354628,1715.0728759765625,24423.76171875,302708.15625,305281.03125,366356.46875,669064.625,176.49871826171875,163.6022491455078,0.0980858815434765,kelmarsh,204,year_7,soft-gate-bin,10.0,15.0,6
354628,4273.6689453125,6290.64599609375,750889.5,756337.125,94359.6875,845249.1875,175.7013397216797,163.6022491455078,0.1942091431020675,kelmarsh,204,year_7,soft-gate-bin,5.0,15.0,6
354628,668.0645751953125,39033.76953125,117311.40625,118460.46875,585506.75,702818.15625,175.59889221191406,163.6022491455078,0.0494941177797579,kelmarsh,204,year_7,soft-gate-bin,20.0,15.0,6
354628,1574.8455810546875,26127.31640625,279938.6875,282220.53125,391909.75,671848.4375,177.75625610351562,163.6022491455078,0.0911405754762737,kelmarsh,204,year_7,soft-pab-bin,10.0,15.0,6
354628,3518.997802734375,10382.9130859375,625452.75,629787.8125,155743.734375,781196.484375,177.73602294921875,163.6022491455078,0.1677588910069143,kelmarsh,204,year_7,soft-pab-bin,5.0,15.0,6
354628,726.1405639648438,38178.1171875,128150.8984375,129360.7890625,572671.875,700822.7734375,176.4822235107422,163.6022491455078,0.051468017189844,kelmarsh,204,year_7,soft-pab-bin,20.0,15.0,6
441327,1854.4010009765625,33806.390625,163006.5,170349.953125,507095.71875,670102.21875,87.9024887084961,93.27145385742188,0.0871757223102144,kelmarsh,204,year_8,global,10.0,15.0,6
441327,4715.6884765625,13231.4287109375,431664.03125,447142.09375,198471.28125,630135.3125,91.53785705566406,93.27145385742188,0.1947603477693411,kelmarsh,204,year_8,global,5.0,15.0,6
441327,820.25927734375,49522.69140625,69876.1796875,73769.6796875,742840.375,812716.5546875,85.18794250488281,93.27145385742188,0.0474092906167082,kelmarsh,204,year_8,global,20.0,15.0,6
441327,2148.130126953125,30659.060546875,188665.5,196909.765625,459885.96875,648551.46875,87.82778930664062,93.27145385742188,0.0964115043947005,kelmarsh,204,year_8,soft-gate-bin,10.0,15.0,6
441327,5275.439453125,7980.24462890625,477904.96875,494979.21875,119703.65625,597608.625,90.59054565429688,93.27145385742188,0.1988253607868995,kelmarsh,204,year_8,soft-gate-bin,5.0,15.0,6
441327,862.1595458984375,48581.2734375,73443.46875,77503.359375,728719.375,802162.84375,85.18547058105469,93.27145385742188,0.0490294045005177,kelmarsh,204,year_8,soft-gate-bin,20.0,15.0,6
441327,2273.61767578125,32176.3828125,206499.046875,214892.203125,482645.78125,689144.828125,90.82400512695312,93.27145385742188,0.1229904356633516,kelmarsh,204,year_8,soft-pab-bin,10.0,15.0,6
441327,5134.19775390625,12728.0224609375,477328.59375,493896.5,190920.375,668248.96875,92.9704132080078,93.27145385742188,0.1936568576135156,kelmarsh,204,year_8,soft-pab-bin,5.0,15.0,6
441327,937.8877563476562,47295.06640625,80694.765625,84852.3984375,709425.875,790120.640625,86.03881072998047,93.27145385742188,0.0521925918876479,kelmarsh,204,year_8,soft-pab-bin,20.0,15.0,6
381348,1710.5533447265625,29211.896484375,125812.0,126985.9453125,438178.34375,563990.34375,73.55043029785156,65.39885711669922,0.089301635251791,kelmarsh,204,year_9,global,10.0,15.0,6
381348,3955.151123046875,11433.197265625,281886.125,285977.625,171497.84375,453383.96875,71.27063751220703,65.39885711669922,0.1678126016132246,kelmarsh,204,year_9,global,5.0,15.0,6
381348,779.6017456054688,42792.2578125,58832.07421875,59181.484375,641883.875,700715.94921875,75.46426391601562,65.39885711669922,0.0503608252829436,kelmarsh,204,year_9,global,20.0,15.0,6
381348,1980.657958984375,26068.328125,144608.765625,146126.390625,391024.9375,535633.703125,73.01046752929688,65.39885711669922,0.1002391516410208,kelmarsh,204,year_9,soft-gate-bin,10.0,15.0,6
381348,4765.09130859375,6418.37353515625,337240.09375,342556.71875,96275.609375,433515.703125,70.77304077148438,65.39885711669922,0.1927583204841771,kelmarsh,204,year_9,soft-gate-bin,5.0,15.0,6
381348,817.7542724609375,41922.59375,61616.4140625,61992.81640625,628839.125,690455.5390625,75.34832763671875,65.39885711669922,0.0520548160735076,kelmarsh,204,year_9,soft-gate-bin,20.0,15.0,6
381348,1851.0489501953125,27888.654296875,136202.65625,137480.59375,418329.9375,554532.59375,73.58132934570312,65.39885711669922,0.0943914744537797,kelmarsh,204,year_9,soft-pab-bin,10.0,15.0,6
381348,3945.09619140625,11086.0869140625,281922.3125,285858.96875,166291.3125,448213.625,71.46146392822266,65.39885711669922,0.1673510809024827,kelmarsh,204,year_9,soft-pab-bin,5.0,15.0,6
381348,890.5297241210938,40893.546875,67182.7109375,67581.78125,613403.125,680585.8359375,75.4412841796875,65.39885711669922,0.0548318071682557,kelmarsh,204,year_9,soft-pab-bin,20.0,15.0,6
3561220,14774.806640625,280645.75,1066210.375,1081851.5,4209705.5,5275915.875,72.1640625,72.18299865722656,0.0836612172233111,kelmarsh,204,pooled_multiyear_full,global,10.0,15.0,6
3561220,36819.01171875,100791.234375,2712022.25,2748385.5,1511880.375,4223902.625,73.65821838378906,72.18299865722656,0.1678396729210776,kelmarsh,204,pooled_multiyear_full,global,5.0,15.0,6
3561220,7028.208984375,399398.40625,496860.875,504852.5,5991008.0,6487868.875,70.69522094726562,72.18299865722656,0.0488402850708465,kelmarsh,204,pooled_multiyear_full,global,20.0,15.0,6
3561220,19956.9140625,230371.625,1447831.0,1468328.625,3455574.5,4903405.5,72.54781341552734,72.18299865722656,0.103831552108547,kelmarsh,204,pooled_multiyear_full,soft-gate-bin,10.0,15.0,6
3561220,49212.296875,32900.046875,3609049.0,3655699.25,493500.90625,4102549.90625,73.33628845214844,72.18299865722656,0.2053824251239743,kelmarsh,204,pooled_multiyear_full,soft-gate-bin,5.0,15.0,6
3561220,7331.18115234375,399160.28125,521290.5,529447.1875,5987401.0,6508691.5,71.10592651367188,72.18299865722656,0.0502195876693941,kelmarsh,204,pooled_multiyear_full,soft-gate-bin,20.0,15.0,6
3561220,33740.74609375,136344.046875,2494980.25,2529627.75,2045159.875,4540140.125,73.9455795288086,72.18299865722656,0.1550974104379959,kelmarsh,204,pooled_multiyear_full,soft-pab-bin,10.0,15.0,6
3561220,55022.94140625,15039.8740234375,4066766.75,4119609.0,225598.0625,4292364.8125,73.9104232788086,72.18299865722656,0.2259366172266807,kelmarsh,204,pooled_multiyear_full,soft-pab-bin,5.0,15.0,6
3561220,20835.50390625,236947.796875,1540755.875,1563568.875,3554217.0,5094972.875,73.94860076904297,72.18299865722656,0.1084367155076069,kelmarsh,204,pooled_multiyear_full,soft-pab-bin,20.0,15.0,6
426974,2184.95849609375,33621.8203125,119904.4375,122464.9296875,504327.5,624231.9375,54.87721252441406,57.727577209472656,0.0950011007696019,kelmarsh,205,rolling_fold_1,global,10.0,15.0,6
426974,4974.3857421875,12259.228515625,274867.40625,279696.625,183888.34375,458755.75,55.25655364990234,57.727577209472656,0.1714296420859349,kelmarsh,205,rolling_fold_1,global,5.0,15.0,6
426974,952.7208251953124,50553.69921875,51888.97265625,53208.16015625,758305.375,810194.34765625,54.463993072509766,57.727577209472656,0.0528345988280316,kelmarsh,205,rolling_fold_1,global,20.0,15.0,6
426974,2557.826904296875,29898.388671875,140810.25,143418.28125,448475.84375,589286.09375,55.05071640014648,57.727577209472656,0.1032100315241677,kelmarsh,205,rolling_fold_1,soft-gate-bin,10.0,15.0,6
426974,5448.56982421875,9152.7451171875,301439.71875,306246.96875,137291.171875,438730.890625,55.32456207275391,57.727577209472656,0.1803177711055005,kelmarsh,205,rolling_fold_1,soft-gate-bin,5.0,15.0,6
426974,1088.634521484375,48292.94140625,59392.48828125,60707.29296875,724394.0625,783786.55078125,54.55685043334961,57.727577209472656,0.0564039028137544,kelmarsh,205,rolling_fold_1,soft-gate-bin,20.0,15.0,6
426974,2495.78955078125,30118.404296875,138190.15625,140764.265625,451776.125,589966.28125,55.36931991577149,57.727577209472656,0.1012099097368926,kelmarsh,205,rolling_fold_1,soft-pab-bin,10.0,15.0,6
426974,5315.55712890625,9478.6796875,295082.6875,299812.53125,142180.25,437262.9375,55.51303863525391,57.727577209472656,0.177509637589174,kelmarsh,205,rolling_fold_1,soft-pab-bin,5.0,15.0,6
426974,1106.2353515625,47760.1015625,60876.671875,62204.19140625,716401.5625,777278.234375,55.03048706054688,57.727577209472656,0.0568793415992542,kelmarsh,205,rolling_fold_1,soft-pab-bin,20.0,15.0,6
354758,2095.00244140625,26894.521484375,88884.15625,89248.4765625,403417.5,492301.65625,42.42676162719727,42.77177810668945,0.1090715360893905,kelmarsh,205,rolling_fold_2,global,10.0,15.0,6
354758,5261.89306640625,6794.48974609375,226383.609375,227528.34375,101917.3046875,328300.9140625,43.023223876953125,42.77177810668945,0.2150902868998021,kelmarsh,205,rolling_fold_2,global,5.0,15.0,6
354758,832.0582885742188,42656.56640625,34255.97265625,34370.66015625,639848.5,674104.47265625,41.17015075683594,42.77177810668945,0.0562298806510353,kelmarsh,205,rolling_fold_2,global,20.0,15.0,6
354758,2114.947509765625,26573.0390625,90479.6328125,90796.046875,398595.53125,489075.1640625,42.78103256225586,42.77177810668945,0.1071801058749908,kelmarsh,205,rolling_fold_2,soft-gate-bin,10.0,15.0,6
354758,5143.85888671875,7054.27783203125,222496.34375,223549.359375,105814.171875,328310.515625,43.254764556884766,42.77177810668945,0.2103490266604276,kelmarsh,205,rolling_fold_2,soft-gate-bin,5.0,15.0,6
354758,842.56787109375,42521.21484375,34956.05859375,35047.30078125,637818.0625,672774.12109375,41.487525939941406,42.77177810668945,0.0553306761228781,kelmarsh,205,rolling_fold_2,soft-gate-bin,20.0,15.0,6
354758,2185.845703125,25331.6171875,92844.890625,93276.359375,379974.28125,472819.171875,42.47549057006836,42.77177810668945,0.1104245711160847,kelmarsh,205,rolling_fold_2,soft-pab-bin,10.0,15.0,6
354758,5147.70751953125,6583.57861328125,221186.59375,222390.5,98753.6953125,319940.2890625,42.96798324584961,42.77177810668945,0.2111101088629431,kelmarsh,205,rolling_fold_2,soft-pab-bin,5.0,15.0,6
354758,851.142333984375,41829.1640625,35075.6953125,35214.55078125,627437.375,662513.0703125,41.21012878417969,42.77177810668945,0.0560466571578371,kelmarsh,205,rolling_fold_2,soft-pab-bin,20.0,15.0,6
602713,2086.951416015625,47154.51171875,74947.078125,76643.0,707317.625,782264.703125,35.9122314453125,34.577247619628906,0.0695057183103732,kelmarsh,205,rolling_fold_3,global,10.0,15.0,6
602713,5974.900390625,11892.015625,212832.375,217594.78125,178380.484375,391212.859375,35.62108612060547,34.577247619628906,0.1600230955695331,kelmarsh,205,rolling_fold_3,global,5.0,15.0,6
602713,737.3674926757812,74789.6328125,26288.341796875,26733.2265625,1121845.5,1148133.841796875,35.6516227722168,34.577247619628906,0.0315821958378199,kelmarsh,205,rolling_fold_3,global,20.0,15.0,6
602713,2186.69140625,44867.015625,78331.7265625,80071.328125,673005.0625,751336.7890625,35.82204055786133,34.577247619628906,0.0720210116589487,kelmarsh,205,rolling_fold_3,soft-gate-bin,10.0,15.0,6
602713,6347.375,8562.91796875,224408.671875,229306.859375,128443.8125,352852.484375,35.35455703735352,34.577247619628906,0.1689626737767395,kelmarsh,205,rolling_fold_3,soft-gate-bin,5.0,15.0,6
602713,745.5831909179688,74393.234375,26582.328125,27026.60546875,1115898.125,1142480.453125,35.65306854248047,34.577247619628906,0.0316867231999309,kelmarsh,205,rolling_fold_3,soft-gate-bin,20.0,15.0,6
602713,2158.93017578125,44110.6875,77185.796875,78981.0703125,661660.1875,738845.984375,35.75187301635742,34.577247619628906,0.0712262718740096,kelmarsh,205,rolling_fold_3,soft-pab-bin,10.0,15.0,6
602713,5846.05029296875,10587.880859375,206862.5625,211621.078125,158818.21875,365680.78125,35.385013580322266,34.577247619628906,0.1574148890101922,kelmarsh,205,rolling_fold_3,soft-pab-bin,5.0,15.0,6
602713,754.06201171875,72989.1796875,26754.51953125,27224.40234375,1094837.625,1121592.14453125,35.48052978515625,34.577247619628906,0.0317647039303947,kelmarsh,205,rolling_fold_3,soft-pab-bin,20.0,15.0,6
416605,2025.718505859375,27085.8359375,214593.453125,214892.171875,406287.75,620881.203125,105.93447875976562,109.49456787109376,0.0824546032812856,kelmarsh,205,rolling_fold_4,global,10.0,15.0,6
416605,4686.21533203125,4539.98583984375,531077.5625,531831.5,68099.7890625,599177.3515625,113.32760620117188,109.49456787109376,0.161877557878566,kelmarsh,205,rolling_fold_4,global,5.0,15.0,6
416605,844.2484741210938,45946.44921875,83491.1328125,83578.1171875,689196.9375,772688.0703125,98.89402770996094,109.49456787109376,0.0451794865640114,kelmarsh,205,rolling_fold_4,global,20.0,15.0,6
416605,2052.0498046875,24659.96484375,210766.3125,211018.53125,369899.375,580665.6875,102.71013641357422,109.49456787109376,0.0819289254809711,kelmarsh,205,rolling_fold_4,soft-gate-bin,10.0,15.0,6
416605,4441.2939453125,4585.560546875,496142.3125,496786.65625,68783.3984375,564925.7109375,111.71119689941406,109.49456787109376,0.1571848633597772,kelmarsh,205,rolling_fold_4,soft-gate-bin,5.0,15.0,6
416605,886.8098754882812,43879.5703125,85846.609375,85927.8203125,658193.6875,744040.296875,96.80384826660156,109.49456787109376,0.0453643139184599,kelmarsh,205,rolling_fold_4,soft-gate-bin,20.0,15.0,6
416605,2076.244873046875,24089.6015625,215354.25,215665.171875,361343.96875,576698.21875,103.72293090820312,109.49456787109376,0.0831387045282701,kelmarsh,205,rolling_fold_4,soft-pab-bin,10.0,15.0,6
416605,4282.51611328125,5286.82275390625,475647.25,476350.28125,79302.34375,554949.59375,111.06721496582033,109.49456787109376,0.1510855606629781,kelmarsh,205,rolling_fold_4,soft-pab-bin,5.0,15.0,6
416605,889.3970336914062,43201.3125,86128.75,86232.03125,648019.8125,734148.5625,96.83949279785156,109.49456787109376,0.0455323387861403,kelmarsh,205,rolling_fold_4,soft-pab-bin,20.0,15.0,6
354628,2536.183349609375,18670.560546875,449776.6875,453282.96875,280058.3125,729835.0,177.3439178466797,163.6022491455078,0.130483210575589,kelmarsh,205,rolling_fold_5,global,10.0,15.0,6
354628,6012.96435546875,0.0,1059785.375,1066966.75,0.0,1059785.375,176.2501220703125,163.6022491455078,0.254038034221776,kelmarsh,205,rolling_fold_5,global,5.0,15.0,6
354628,948.6793212890624,35678.2578125,167193.5,168795.484375,535173.8125,702367.3125,176.23817443847656,163.6022491455078,0.0625641517308278,kelmarsh,205,rolling_fold_5,global,20.0,15.0,6
354628,2427.523193359375,18935.513671875,427639.28125,430942.03125,284032.65625,711671.9375,176.16281127929688,163.6022491455078,0.1214512108462952,kelmarsh,205,rolling_fold_5,soft-gate-bin,10.0,15.0,6
354628,5072.13720703125,3405.489013671875,893151.0,899552.75,51082.33203125,944233.33203125,176.0896759033203,163.6022491455078,0.2217534994416684,kelmarsh,205,rolling_fold_5,soft-gate-bin,5.0,15.0,6
354628,974.2402954101562,35223.21875,170220.671875,171849.625,528348.3125,698568.984375,174.72142028808594,163.6022491455078,0.0597753138500062,kelmarsh,205,rolling_fold_5,soft-gate-bin,20.0,15.0,6
354628,2609.99853515625,17252.4921875,473015.8125,475886.21875,258787.34375,731803.15625,181.2321929931641,163.6022491455078,0.1280778731515842,kelmarsh,205,rolling_fold_5,soft-pab-bin,10.0,15.0,6
354628,4931.05419921875,3756.955078125,878812.6875,884420.0625,56354.3203125,935167.0078125,178.21998596191406,163.6022491455078,0.2177944211962958,kelmarsh,205,rolling_fold_5,soft-pab-bin,5.0,15.0,6
354628,1047.317138671875,33986.89453125,189347.234375,190703.0625,509803.4375,699150.671875,180.79263305664065,163.6022491455078,0.0631845201168548,kelmarsh,205,rolling_fold_5,soft-pab-bin,20.0,15.0,6
441327,2925.400634765625,26895.240234375,265744.40625,276345.65625,403428.9375,669173.34375,90.84036254882812,93.27145385742188,0.1414937223419369,kelmarsh,205,rolling_fold_6,global,10.0,15.0,6
441327,7573.1572265625,2863.326171875,710132.9375,733601.5,42949.84765625,753082.78515625,93.76972198486328,93.27145385742188,0.2487905793210023,kelmarsh,205,rolling_fold_6,global,5.0,15.0,6
441327,978.014892578125,47951.0390625,84780.34375,89097.8125,719265.375,804045.71875,86.6861343383789,93.27145385742188,0.0540868788902559,kelmarsh,205,rolling_fold_6,global,20.0,15.0,6
441327,2756.251953125,26288.615234375,247221.203125,257285.984375,394329.28125,641550.484375,89.69469451904297,93.27145385742188,0.1189390180070559,kelmarsh,205,rolling_fold_6,soft-gate-bin,10.0,15.0,6
441327,6083.4482421875,7080.98974609375,562979.4375,583018.625,106214.84375,669194.28125,92.5428466796875,93.27145385742188,0.2229752541766082,kelmarsh,205,rolling_fold_6,soft-gate-bin,5.0,15.0,6
441327,1024.6309814453125,46799.37109375,88929.3046875,93222.9296875,701990.5625,790919.8671875,86.79154968261719,93.27145385742188,0.0537787173683006,kelmarsh,205,rolling_fold_6,soft-gate-bin,20.0,15.0,6
441327,3564.704833984375,24785.328125,335500.3125,347727.84375,371779.875,707280.1875,94.11730194091795,93.27145385742188,0.1456312439528966,kelmarsh,205,rolling_fold_6,soft-pab-bin,10.0,15.0,6
441327,6701.609375,6232.9248046875,629856.125,651358.875,93493.890625,723350.015625,93.98582458496094,93.27145385742188,0.2239609178681567,kelmarsh,205,rolling_fold_6,soft-pab-bin,5.0,15.0,6
441327,1075.1917724609375,46171.6328125,95963.203125,100383.4453125,692574.5,788537.703125,89.25215148925781,93.27145385742188,0.0654186125027474,kelmarsh,205,rolling_fold_6,soft-pab-bin,20.0,15.0,6
381348,1769.2855224609375,29222.806640625,130635.046875,131960.34375,438341.71875,568976.765625,73.83492279052734,65.39885711669922,0.0910900280059158,kelmarsh,205,rolling_fold_7,global,10.0,15.0,6
381348,4429.88525390625,9354.0927734375,315088.71875,320116.8125,140311.34375,455400.0625,71.1279525756836,65.39885711669922,0.1825865089104964,kelmarsh,205,rolling_fold_7,global,5.0,15.0,6
381348,805.7988891601562,43039.61328125,61245.44140625,61644.5625,645594.25,706839.69140625,76.00584411621094,65.39885711669922,0.0510531063490565,kelmarsh,205,rolling_fold_7,global,20.0,15.0,6
381348,1902.88818359375,26505.263671875,140672.421875,142240.484375,397578.90625,538251.328125,73.92573547363281,65.39885711669922,0.0956921237295069,kelmarsh,205,rolling_fold_7,soft-gate-bin,10.0,15.0,6
381348,4389.22412109375,8351.1396484375,311318.875,316812.0,125267.09375,436585.96875,70.92799377441406,65.39885711669922,0.1807928716028404,kelmarsh,205,rolling_fold_7,soft-gate-bin,5.0,15.0,6
381348,816.6582641601562,42213.62890625,62369.67578125,62768.50390625,633204.375,695574.05078125,76.37181854248047,65.39885711669922,0.051037372688463,kelmarsh,205,rolling_fold_7,soft-gate-bin,20.0,15.0,6
381348,1835.3426513671875,28082.080078125,135757.40625,137114.6875,421231.3125,556988.71875,73.96841430664062,65.39885711669922,0.0930200237053819,kelmarsh,205,rolling_fold_7,soft-pab-bin,10.0,15.0,6
381348,4347.2958984375,9388.728515625,310545.4375,315266.65625,140830.921875,451376.359375,71.43417358398438,65.39885711669922,0.1791749268384782,kelmarsh,205,rolling_fold_7,soft-pab-bin,5.0,15.0,6
381348,797.4356689453125,42433.9921875,60890.0,61259.171875,636509.625,697399.625,76.35725402832031,65.39885711669922,0.0503293579617567,kelmarsh,205,rolling_fold_7,soft-pab-bin,20.0,15.0,6
278446,1257.512939453125,22768.30859375,49829.87890625,50304.01953125,341524.40625,391354.28515625,39.62574768066406,37.85377502441406,0.1000014365442491,kelmarsh,205,year_1,global,10.0,15.0,6
278446,3122.64794921875,9811.9736328125,127292.7421875,128311.7890625,147179.609375,274472.3515625,40.76435852050781,37.85377502441406,0.1999992817278754,kelmarsh,205,year_1,global,5.0,15.0,6
278446,510.4161682128906,32755.1484375,19506.1875,19703.43359375,491327.40625,510833.59375,38.21623229980469,37.85377502441406,0.050002513952436,kelmarsh,205,year_1,global,20.0,15.0,6
278446,1338.6334228515625,20288.111328125,51514.65625,51966.9921875,304321.6875,355836.34375,38.4830322265625,37.85377502441406,0.100005027904872,kelmarsh,205,year_1,soft-gate-bin,10.0,15.0,6
278446,2961.164794921875,9131.77734375,115603.234375,116443.359375,136976.65625,252579.890625,39.039794921875,37.85377502441406,0.2000028730884983,kelmarsh,205,year_1,soft-gate-bin,5.0,15.0,6
278446,565.1431884765625,31050.9609375,21359.33984375,21546.51953125,465764.53125,487123.87109375,37.794559478759766,37.85377502441406,0.0500061053130589,kelmarsh,205,year_1,soft-gate-bin,20.0,15.0,6
278446,1218.400390625,22872.41796875,48695.796875,49172.02734375,343086.25,391782.046875,39.96698760986328,37.85377502441406,0.100005027904872,kelmarsh,205,year_1,soft-pab-bin,10.0,15.0,6
278446,3104.764892578125,9751.3212890625,125905.734375,126867.59375,146269.859375,272175.59375,40.55241394042969,37.85377502441406,0.2000028730884983,kelmarsh,205,year_1,soft-pab-bin,5.0,15.0,6
278446,513.0935668945312,32387.154296875,19926.310546875,20128.03125,485807.375,505733.685546875,38.83562850952149,37.85377502441406,0.0500061053130589,kelmarsh,205,year_1,soft-pab-bin,20.0,15.0,6
445527,2023.2161865234373,36430.3828125,96016.5390625,96088.90625,546455.25,642471.7890625,47.4573860168457,45.984561920166016,0.0928765260017911,kelmarsh,205,year_2,global,10.0,15.0,6
445527,4711.73193359375,15699.638671875,222009.625,222148.078125,235494.59375,457504.21875,47.118465423583984,45.984561920166016,0.1729412583300226,kelmarsh,205,year_2,global,5.0,15.0,6
445527,890.6912231445312,52409.83984375,42176.9609375,42210.125,786147.5,828324.4609375,47.35305404663086,45.984561920166016,0.0513436896080372,kelmarsh,205,year_2,global,20.0,15.0,6
445527,2399.0029296875,32295.939453125,112313.609375,112359.4453125,484439.09375,596752.703125,46.81679153442383,45.984561920166016,0.1017110074136921,kelmarsh,205,year_2,soft-gate-bin,10.0,15.0,6
445527,4764.56591796875,14670.4599609375,222566.4375,222650.875,220056.90625,442623.34375,46.71285629272461,45.984561920166016,0.1711703218884601,kelmarsh,205,year_2,soft-gate-bin,5.0,15.0,6
445527,1052.57275390625,49411.78125,49398.109375,49422.70703125,741176.75,790574.859375,46.93082427978516,45.984561920166016,0.0563916440529979,kelmarsh,205,year_2,soft-gate-bin,20.0,15.0,6
445527,2169.643310546875,35179.5546875,102890.796875,102966.25,527693.25,630584.046875,47.42290115356445,45.984561920166016,0.0964049316876418,kelmarsh,205,year_2,soft-pab-bin,10.0,15.0,6
445527,4594.70751953125,15961.11328125,216551.25,216684.34375,239416.734375,455967.984375,47.13058090209961,45.984561920166016,0.1687462263790971,kelmarsh,205,year_2,soft-pab-bin,5.0,15.0,6
445527,1022.1842651367188,50465.015625,48570.06640625,48607.33203125,756975.1875,805545.25390625,47.51594924926758,45.984561920166016,0.055612791143971,kelmarsh,205,year_2,soft-pab-bin,20.0,15.0,6
426974,2064.8447265625,34913.32421875,113237.46875,115687.15625,523699.3125,636936.78125,54.84065628051758,57.727577209472656,0.0910992238403275,kelmarsh,205,year_3,global,10.0,15.0,6
426974,4513.416015625,15045.8603515625,249281.75,253770.21875,225687.9375,474969.6875,55.23126220703125,57.727577209472656,0.1596139343379222,kelmarsh,205,year_3,global,5.0,15.0,6
426974,970.0792236328124,50227.34765625,52839.23828125,54177.9375,753410.0625,806249.30078125,54.468994140625,57.727577209472656,0.0535442439118072,kelmarsh,205,year_3,global,20.0,15.0,6
426974,2671.21435546875,29191.87890625,146951.203125,149625.328125,437878.21875,584829.421875,55.01289367675781,57.727577209472656,0.1060556380482184,kelmarsh,205,year_3,soft-gate-bin,10.0,15.0,6
426974,5076.361328125,11624.1044921875,280608.4375,285036.6875,174361.578125,454970.015625,55.27748489379883,57.727577209472656,0.1698674860764355,kelmarsh,205,year_3,soft-gate-bin,5.0,15.0,6
426974,1209.8660888671875,46622.6640625,65999.015625,67441.234375,699340.0,765339.015625,54.55068206787109,57.727577209472656,0.0605610646081494,kelmarsh,205,year_3,soft-gate-bin,20.0,15.0,6
426974,2224.575927734375,33593.8046875,122155.9609375,124712.6640625,503907.03125,626062.9921875,54.912017822265625,57.727577209472656,0.0952306229419121,kelmarsh,205,year_3,soft-pab-bin,10.0,15.0,6
426974,4504.06103515625,14879.8251953125,248934.84375,253318.25,223197.375,472132.21875,55.26897811889648,57.727577209472656,0.1582321171780951,kelmarsh,205,year_3,soft-pab-bin,5.0,15.0,6
426974,1112.82177734375,48225.44921875,60734.8828125,62193.5859375,723382.0,784116.8828125,54.57735824584961,57.727577209472656,0.0580292945237883,kelmarsh,205,year_3,soft-pab-bin,20.0,15.0,6
354758,1874.149169921875,29008.28125,79264.8515625,79587.0234375,435123.8125,514388.6640625,42.29376983642578,42.77177810668945,0.1000682155159291,kelmarsh,205,year_4,global,10.0,15.0,6
354758,4139.890625,12501.0849609375,177854.21875,178676.328125,187516.296875,365370.515625,42.9610710144043,42.77177810668945,0.1792433151613212,kelmarsh,205,year_4,global,5.0,15.0,6
354758,885.1387329101562,41732.1640625,36528.1171875,36654.94921875,625982.5,662510.6171875,41.26822662353516,42.77177810668945,0.0586033295936948,kelmarsh,205,year_4,global,20.0,15.0,6
354758,2264.784423828125,25822.017578125,97199.3203125,97508.890625,387330.34375,484529.6640625,42.91769027709961,42.77177810668945,0.1109235027821782,kelmarsh,205,year_4,soft-gate-bin,10.0,15.0,6
354758,4319.67236328125,11772.14453125,187138.046875,187954.53125,176582.140625,363720.1875,43.32228469848633,42.77177810668945,0.1815350182377846,kelmarsh,205,year_4,soft-gate-bin,5.0,15.0,6
354758,1054.6025390625,39482.90625,44163.79296875,44274.53125,592243.6875,636407.48046875,41.87718963623047,42.77177810668945,0.0637730509248558,kelmarsh,205,year_4,soft-gate-bin,20.0,15.0,6
354758,2022.338134765625,27862.408203125,85577.03125,85938.78125,417936.1875,503513.21875,42.31588745117188,42.77177810668945,0.1050772639376701,kelmarsh,205,year_4,soft-pab-bin,10.0,15.0,6
354758,4125.85400390625,12405.66796875,176974.078125,177840.421875,186085.03125,363059.109375,42.89391326904297,42.77177810668945,0.1788655928830357,kelmarsh,205,year_4,soft-pab-bin,5.0,15.0,6
354758,1010.8678588867188,40022.47265625,41860.11328125,42018.859375,600337.125,642197.23828125,41.41007614135742,42.77177810668945,0.063392509823598,kelmarsh,205,year_4,soft-pab-bin,20.0,15.0,6
602713,1942.953369140625,49283.32421875,69755.0859375,71321.140625,739250.125,809005.2109375,35.90158462524414,34.577247619628906,0.0657974857021501,kelmarsh,205,year_5,global,10.0,15.0,6
602713,4620.12255859375,21238.6015625,165198.875,168956.140625,318579.3125,483778.1875,35.756385803222656,34.577247619628906,0.1307089775730737,kelmarsh,205,year_5,global,5.0,15.0,6
602713,868.23681640625,70900.5234375,31022.345703125,31577.791015625,1063507.5,1094529.845703125,35.73027801513672,34.577247619628906,0.0357699269801713,kelmarsh,205,year_5,global,20.0,15.0,6
602713,2667.192626953125,39396.14453125,95529.4140625,97547.875,590942.125,686471.5390625,35.81646728515625,34.577247619628906,0.0832037802403465,kelmarsh,205,year_5,soft-gate-bin,10.0,15.0,6
602713,5539.521484375,14106.8232421875,195715.15625,199939.421875,211602.3125,407317.46875,35.33070755004883,34.577247619628906,0.1504414207093591,kelmarsh,205,year_5,soft-gate-bin,5.0,15.0,6
602713,1130.94873046875,64919.03125,40711.1796875,41435.0,973785.3125,1014496.4921875,35.99737930297852,34.577247619628906,0.0421145719438605,kelmarsh,205,year_5,soft-gate-bin,20.0,15.0,6
602713,2126.309814453125,47291.7265625,76114.7890625,77836.59375,709376.0,785490.7890625,35.796669006347656,34.577247619628906,0.0701942715687234,kelmarsh,205,year_5,soft-pab-bin,10.0,15.0,6
602713,4632.90380859375,20641.984375,165146.21875,168933.890625,309629.6875,474775.90625,35.6463737487793,34.577247619628906,0.1305911768951391,kelmarsh,205,year_5,soft-pab-bin,5.0,15.0,6
602713,1012.85986328125,67942.78125,36088.3671875,36796.828125,1019141.9375,1055230.3046875,35.63016891479492,34.577247619628906,0.0397403075759109,kelmarsh,205,year_5,soft-pab-bin,20.0,15.0,6
416605,1505.9954833984375,34065.4609375,155857.65625,156059.734375,510981.375,666839.03125,103.4914321899414,109.49456787109376,0.0668402923632697,kelmarsh,205,year_6,global,10.0,15.0,6
416605,3266.2255859375,14680.4736328125,360397.21875,360915.6875,220207.125,580604.34375,110.3405990600586,109.49456787109376,0.1200897732864463,kelmarsh,205,year_6,global,5.0,15.0,6
416605,713.1679077148438,49007.58203125,69606.96875,69675.75,735113.625,804720.59375,97.6025161743164,109.49456787109376,0.0405852066105783,kelmarsh,205,year_6,global,20.0,15.0,6
416605,1887.9786376953125,27281.560546875,192426.078125,192618.6875,409223.5,601649.578125,101.92176055908205,109.49456787109376,0.0767297560038885,kelmarsh,205,year_6,soft-gate-bin,10.0,15.0,6
416605,3642.54931640625,9572.0849609375,394236.34375,394666.59375,143581.3125,537817.65625,108.23087310791016,109.49456787109376,0.1326364301916683,kelmarsh,205,year_6,soft-gate-bin,5.0,15.0,6
416605,864.8812866210938,45063.80078125,82836.84375,82905.296875,675957.1875,758794.03125,95.7782745361328,109.49456787109376,0.0445241895800578,kelmarsh,205,year_6,soft-gate-bin,20.0,15.0,6
416605,1614.221435546875,32689.373046875,167069.125,167301.90625,490340.5625,657409.6875,103.4982681274414,109.49456787109376,0.0700735708884914,kelmarsh,205,year_6,soft-pab-bin,10.0,15.0,6
416605,3268.738525390625,14118.771484375,357695.5625,358218.6875,211781.65625,569477.21875,109.4292449951172,109.49456787109376,0.1205266379424154,kelmarsh,205,year_6,soft-pab-bin,5.0,15.0,6
416605,807.8937377929688,46967.875,79210.03125,79302.3671875,704518.1875,783728.21875,98.04512786865234,109.49456787109376,0.0439217004116609,kelmarsh,205,year_6,soft-pab-bin,20.0,15.0,6
354628,1438.1795654296875,28997.65234375,254623.6875,256850.40625,434964.34375,689588.03125,177.0458526611328,163.6022491455078,0.0848466562143993,kelmarsh,205,year_7,global,10.0,15.0,6
354628,3442.32080078125,12496.50390625,609877.9375,614380.625,187447.578125,797325.515625,177.17059326171875,163.6022491455078,0.1640817983915539,kelmarsh,205,year_7,global,5.0,15.0,6
354628,623.08154296875,41716.87109375,108797.2578125,109949.1640625,625753.125,734550.3828125,174.61160278320312,163.6022491455078,0.0459269995601024,kelmarsh,205,year_7,global,20.0,15.0,6
354628,1857.9827880859373,24477.75390625,325389.5625,328436.6875,367166.375,692555.9375,175.13058471679688,163.6022491455078,0.0979843667166721,kelmarsh,205,year_7,soft-gate-bin,10.0,15.0,6
354628,3776.980224609375,9991.4033203125,663205.9375,668352.625,149871.046875,813076.984375,175.59152221679688,163.6022491455078,0.172363716345015,kelmarsh,205,year_7,soft-gate-bin,5.0,15.0,6
354628,785.88916015625,38833.46484375,136178.875,137805.265625,582502.0,718680.875,173.28001403808594,163.6022491455078,0.0518035800895586,kelmarsh,205,year_7,soft-gate-bin,20.0,15.0,6
354628,1573.955810546875,27698.001953125,279220.78125,281597.96875,415470.0625,694690.84375,177.40066528320312,163.6022491455078,0.0901338867771298,kelmarsh,205,year_7,soft-pab-bin,10.0,15.0,6
354628,3458.408203125,12076.64453125,615775.9375,620136.5,181149.6875,796925.625,178.0518035888672,163.6022491455078,0.1645273356869734,kelmarsh,205,year_7,soft-pab-bin,5.0,15.0,6
354628,725.8941650390625,39907.10546875,127278.90625,128584.3828125,598606.6875,725885.59375,175.34088134765625,163.6022491455078,0.0507743325400137,kelmarsh,205,year_7,soft-pab-bin,20.0,15.0,6
441327,1835.1910400390625,36086.953125,163154.5,170439.453125,541303.8125,704458.3125,88.90326690673828,93.27145385742188,0.0952581645809116,kelmarsh,205,year_8,global,10.0,15.0,6
441327,4807.494140625,15551.63671875,445056.625,460994.1875,233274.578125,678331.203125,92.5755615234375,93.27145385742188,0.1893720529222096,kelmarsh,205,year_8,global,5.0,15.0,6
441327,781.1143798828125,51915.76953125,67185.3359375,70774.5703125,778736.4375,845921.7734375,86.01217651367188,93.27145385742188,0.0454832811044871,kelmarsh,205,year_8,global,20.0,15.0,6
441327,2286.144287109375,31142.736328125,202664.609375,211390.046875,467141.15625,669805.765625,88.64911651611328,93.27145385742188,0.104351195372139,kelmarsh,205,year_8,soft-gate-bin,10.0,15.0,6
441327,4782.40234375,13369.3681640625,437051.8125,453589.1875,200540.546875,637592.359375,91.38748931884766,93.27145385742188,0.177859047826215,kelmarsh,205,year_8,soft-gate-bin,5.0,15.0,6
441327,951.7431640625,48577.56640625,81865.2421875,85960.8984375,728663.4375,810528.6796875,86.01610565185547,93.27145385742188,0.0516872976273828,kelmarsh,205,year_8,soft-gate-bin,20.0,15.0,6
441327,2457.647705078125,34143.35546875,227487.46875,236386.25,512150.375,739637.84375,92.56307220458984,93.27145385742188,0.1225032685514369,kelmarsh,205,year_8,soft-pab-bin,10.0,15.0,6
441327,5342.85888671875,14780.01171875,502311.0625,519569.28125,221700.171875,724011.234375,94.0154266357422,93.27145385742188,0.1896870121247963,kelmarsh,205,year_8,soft-pab-bin,5.0,15.0,6
441327,946.1035766601562,49476.8984375,82520.6875,86646.0234375,742153.5625,824674.25,87.22161865234375,93.27145385742188,0.0565159167691983,kelmarsh,205,year_8,soft-pab-bin,20.0,15.0,6
381348,1597.43408203125,31182.525390625,118468.359375,119595.5625,467737.375,586205.734375,74.16163635253906,65.39885711669922,0.0843507767183779,kelmarsh,205,year_9,global,10.0,15.0,6
381348,3728.505615234375,13438.07421875,266873.4375,270885.25,201571.125,468444.5625,71.5765151977539,65.39885711669922,0.1608740572915027,kelmarsh,205,year_9,global,5.0,15.0,6
381348,716.616455078125,44860.09765625,54622.15234375,54958.6796875,672901.4375,727523.58984375,76.2223129272461,65.39885711669922,0.0471065798168601,kelmarsh,205,year_9,global,20.0,15.0,6
381348,1942.13134765625,26620.4375,142730.40625,144500.125,399306.59375,542037.0,73.49163055419922,65.39885711669922,0.096426361223869,kelmarsh,205,year_9,soft-gate-bin,10.0,15.0,6
381348,3944.905029296875,10983.6591796875,280870.65625,285667.5625,164754.90625,445625.5625,71.19831848144531,65.39885711669922,0.1664516399718892,kelmarsh,205,year_9,soft-gate-bin,5.0,15.0,6
381348,838.6362915039062,42008.40625,63456.59375,63942.09375,630126.125,693582.71875,75.6664047241211,65.39885711669922,0.0519997482614305,kelmarsh,205,year_9,soft-gate-bin,20.0,15.0,6
381348,1787.0369873046875,29551.537109375,132160.609375,133460.21875,443273.125,575433.734375,73.95515441894531,65.39885711669922,0.0915672823772512,kelmarsh,205,year_9,soft-pab-bin,10.0,15.0,6
381348,3790.604736328125,12872.7265625,271419.625,275398.28125,193090.9375,464510.5625,71.60324096679688,65.39885711669922,0.1624657792882091,kelmarsh,205,year_9,soft-pab-bin,5.0,15.0,6
381348,847.3687744140625,42729.97265625,64384.6171875,64790.01953125,640949.75,705334.3671875,75.98182678222656,65.39885711669922,0.052600249640748,kelmarsh,205,year_9,soft-pab-bin,20.0,15.0,6
3561220,13173.2255859375,311761.9375,952232.875,966270.0,4676468.0,5628700.875,72.28547668457031,72.18299865722656,0.0769472259506573,kelmarsh,205,pooled_multiyear_full,global,10.0,15.0,6
3561220,34103.78515625,129053.1796875,2520694.75,2555246.75,1935793.625,4456488.375,73.91246032714844,72.18299865722656,0.1574898489843368,kelmarsh,205,pooled_multiyear_full,global,5.0,15.0,6
3561220,6274.421875,427496.0,443874.625,450870.59375,6412486.0,6856360.625,70.74352264404297,72.18299865722656,0.044569557623511,kelmarsh,205,pooled_multiyear_full,global,20.0,15.0,6
3561220,16371.529296875,268340.3125,1184469.5,1201636.125,4025103.25,5209572.75,72.34934997558594,72.18299865722656,0.0869831125288524,kelmarsh,205,pooled_multiyear_full,soft-gate-bin,10.0,15.0,6
3561220,32976.234375,130494.6484375,2408868.0,2442193.5,1957419.75,4366287.75,73.04861450195312,72.18299865722656,0.1474455383267532,kelmarsh,205,pooled_multiyear_full,soft-gate-bin,5.0,15.0,6
3561220,6953.87158203125,410692.40625,492753.28125,500390.84375,6160385.0,6653138.28125,70.86026763916016,72.18299865722656,0.0468974115612065,kelmarsh,205,pooled_multiyear_full,soft-gate-bin,20.0,15.0,6
3561220,30304.95703125,171326.75,2254794.75,2286874.25,2569902.5,4824697.25,74.40352630615234,72.18299865722656,0.1416399436148286,kelmarsh,205,pooled_multiyear_full,soft-pab-bin,10.0,15.0,6
3561220,48188.83984375,57795.4140625,3579594.25,3627415.75,866931.3125,4446525.5625,74.28262329101562,72.18299865722656,0.2027504619203531,kelmarsh,205,pooled_multiyear_full,soft-pab-bin,5.0,15.0,6
3561220,18666.123046875,271245.34375,1389678.875,1410617.75,4068682.0,5458360.875,74.4492416381836,72.18299865722656,0.0986052532559066,kelmarsh,205,pooled_multiyear_full,soft-pab-bin,20.0,15.0,6
