n_cells,shortage_mwh,reserve_mwh,shortfall_cashflow_gbp,shortfall_floor_gbp,reserve_cost_gbp,total_cashflow_gbp,mean_shortfall_sbp,mean_period_sbp,violation_rate,farm,seed,window,policy,rho,c_res_per_mwh,n_turbines
1118616,6610.61474609375,138126.578125,371207.5625,379268.96875,2071903.125,2443110.6875,56.153263092041016,56.46099090576172,0.1248864668483197,penmanshiel,204,rolling_fold_1,global,10.0,15.0,14
1118616,16245.529296875,83758.3359375,919162.625,932655.0,1256375.875,2175538.5,56.57942581176758,56.46099090576172,0.2366048760253742,penmanshiel,204,rolling_fold_1,global,5.0,15.0,14
1118616,2608.263916015625,181443.265625,144969.375,149747.796875,2721645.25,2866614.625,55.58079147338867,56.46099090576172,0.0638226165189841,penmanshiel,204,rolling_fold_1,global,20.0,15.0,14
1118616,9212.578125,118706.75,517323.28125,526907.75,1780601.375,2297924.65625,56.15398406982422,56.46099090576172,0.1580104343224126,penmanshiel,204,rolling_fold_1,soft-gate-bin,10.0,15.0,14
1118616,20736.669921875,65495.91015625,1174051.875,1189500.875,982438.875,2156490.75,56.61720275878906,56.46099090576172,0.283454733349067,penmanshiel,204,rolling_fold_1,soft-gate-bin,5.0,15.0,14
1118616,4351.6103515625,157960.59375,241611.65625,247882.359375,2369408.75,2611020.40625,55.52235794067383,56.46099090576172,0.0928647543035322,penmanshiel,204,rolling_fold_1,soft-gate-bin,20.0,15.0,14
1118616,4618.8310546875,156170.53125,258462.34375,265058.96875,2342560.5,2601022.84375,55.95839309692383,56.46099090576172,0.0966497886674247,penmanshiel,204,rolling_fold_1,soft-pab-bin,10.0,15.0,14
1118616,11654.025390625,105512.7109375,657706.125,668819.625,1582692.875,2240399.0,56.43592071533203,56.46099090576172,0.1867879594069814,penmanshiel,204,rolling_fold_1,soft-pab-bin,5.0,15.0,14
1118616,1893.6300048828125,193998.28125,104745.53125,108723.5859375,2909975.75,3014721.28125,55.314701080322266,56.46099090576172,0.050303231850787,penmanshiel,204,rolling_fold_1,soft-pab-bin,20.0,15.0,14
1274015,6647.56201171875,175652.75,246008.390625,247266.625,2634795.0,2880803.390625,37.00730895996094,39.33101272583008,0.1035246837753087,penmanshiel,204,rolling_fold_2,global,10.0,15.0,14
1274015,15601.359375,114292.1796875,589578.75,593516.1875,1714383.125,2303961.875,37.79021835327149,39.33101272583008,0.1946884455834507,penmanshiel,204,rolling_fold_2,global,5.0,15.0,14
1274015,2896.3076171875,223484.5,105220.6640625,105567.8046875,3352269.5,3457490.1640625,36.32924270629883,39.33101272583008,0.0563399959969074,penmanshiel,204,rolling_fold_2,global,20.0,15.0,14
1274015,7482.70458984375,166453.46875,277758.78125,279300.125,2496802.25,2774561.03125,37.12010192871094,39.33101272583008,0.1137961483969969,penmanshiel,204,rolling_fold_2,soft-gate-bin,10.0,15.0,14
1274015,17149.5546875,105601.671875,650127.25,654650.5,1584024.75,2234152.0,37.909271240234375,39.33101272583008,0.210181983728606,penmanshiel,204,rolling_fold_2,soft-gate-bin,5.0,15.0,14
1274015,3471.44677734375,211446.8125,126684.9609375,127202.796875,3171702.75,3298387.7109375,36.49341583251953,39.33101272583008,0.0650612433919537,penmanshiel,204,rolling_fold_2,soft-gate-bin,20.0,15.0,14
1274015,6632.16943359375,175536.875,245139.5625,246433.484375,2633052.25,2878191.8125,36.96220397949219,39.33101272583008,0.103013700780603,penmanshiel,204,rolling_fold_2,soft-pab-bin,10.0,15.0,14
1274015,15516.994140625,114105.125,585044.125,589174.0,1711577.5,2296621.625,37.70344543457031,39.33101272583008,0.1935353979348751,penmanshiel,204,rolling_fold_2,soft-pab-bin,5.0,15.0,14
1274015,3022.664306640625,221268.21875,109926.8203125,110299.0390625,3319023.75,3428950.5703125,36.367523193359375,39.33101272583008,0.058092722613156,penmanshiel,204,rolling_fold_2,soft-pab-bin,20.0,15.0,14
1252518,6838.30419921875,174010.046875,225762.765625,226440.453125,2610151.75,2835914.515625,33.01443862915039,35.104862213134766,0.1121444961270017,penmanshiel,204,rolling_fold_3,global,10.0,15.0,14
1252518,17032.412109375,110419.1328125,565561.125,569800.4375,1656290.5,2221851.625,33.20499420166016,35.104862213134766,0.2170028694198406,penmanshiel,204,rolling_fold_3,global,5.0,15.0,14
1252518,2780.1787109375,222726.0625,91826.109375,91904.453125,3340902.5,3432728.609375,33.02883529663086,35.104862213134766,0.0581372882465561,penmanshiel,204,rolling_fold_3,global,20.0,15.0,14
1252518,6494.26025390625,174929.140625,208913.40625,209865.6875,2623937.5,2832850.90625,32.16892623901367,35.104862213134766,0.1075944617163186,penmanshiel,204,rolling_fold_3,soft-gate-bin,10.0,15.0,14
1252518,16277.8037109375,111440.9140625,530139.375,535024.5625,1671613.375,2201752.75,32.56824493408203,35.104862213134766,0.2081838344838158,penmanshiel,204,rolling_fold_3,soft-gate-bin,5.0,15.0,14
1252518,2620.512451171875,223032.421875,83914.34375,84026.0078125,3345486.5,3429400.84375,32.02210998535156,35.104862213134766,0.0562107690268722,penmanshiel,204,rolling_fold_3,soft-gate-bin,20.0,15.0,14
1252518,6879.84521484375,173307.96875,225748.90625,226444.84375,2599619.75,2825368.65625,32.813079833984375,35.104862213134766,0.1114602744232019,penmanshiel,204,rolling_fold_3,soft-pab-bin,10.0,15.0,14
1252518,16952.583984375,109847.6796875,560124.8125,564333.625,1647715.25,2207840.0625,33.04067611694336,35.104862213134766,0.2153486017765812,penmanshiel,204,rolling_fold_3,soft-pab-bin,5.0,15.0,14
1252518,2785.758544921875,222604.53125,91786.2421875,91862.765625,3339067.75,3430853.9921875,32.94839859008789,35.104862213134766,0.0580885863516532,penmanshiel,204,rolling_fold_3,soft-pab-bin,20.0,15.0,14
1299257,6436.7265625,186425.421875,826820.875,827449.75,2796382.5,3623203.375,128.4535675048828,134.39352416992188,0.1001741764716295,penmanshiel,204,rolling_fold_4,global,10.0,15.0,14
1299257,16291.646484375,118538.0078125,2094200.625,2096306.5,1778072.625,3872273.25,128.54446411132812,134.39352416992188,0.1980493466650555,penmanshiel,204,rolling_fold_4,global,5.0,15.0,14
1299257,2525.666259765625,238894.9375,325223.09375,325460.90625,3583425.25,3908648.34375,128.7672882080078,134.39352416992188,0.0518742635213818,penmanshiel,204,rolling_fold_4,global,20.0,15.0,14
1299257,6361.078125,182838.640625,811686.625,812492.625,2742579.25,3554265.875,127.60201263427734,134.39352416992188,0.1014995493578252,penmanshiel,204,rolling_fold_4,soft-gate-bin,10.0,15.0,14
1299257,16351.662109375,114978.4609375,2088007.125,2090382.0,1724676.625,3812683.75,127.69390106201172,134.39352416992188,0.2003976118658587,penmanshiel,204,rolling_fold_4,soft-gate-bin,5.0,15.0,14
1299257,2468.582763671875,234740.015625,314800.21875,315062.8125,3521101.0,3835901.21875,127.52267456054688,134.39352416992188,0.0519104380426659,penmanshiel,204,rolling_fold_4,soft-gate-bin,20.0,15.0,14
1299257,6471.27734375,185917.890625,831854.75,832476.0625,2788768.0,3620622.75,128.54566955566406,134.39352416992188,0.099843987756079,penmanshiel,204,rolling_fold_4,soft-pab-bin,10.0,15.0,14
1299257,16232.7958984375,118289.8515625,2087635.75,2089638.625,1774347.25,3861983.0,128.60604858398438,134.39352416992188,0.1961690412289485,penmanshiel,204,rolling_fold_4,soft-pab-bin,5.0,15.0,14
1299257,2527.211181640625,238886.921875,325597.90625,325836.96875,3583304.0,3908901.90625,128.83689880371094,134.39352416992188,0.0517141720229331,penmanshiel,204,rolling_fold_4,soft-pab-bin,20.0,15.0,14
1065453,4919.31787109375,154551.328125,1064769.0,1069658.0,2318269.75,3383038.75,216.44647216796875,202.1800994873047,0.0986134536201972,penmanshiel,204,rolling_fold_5,global,10.0,15.0,14
1065453,13187.2734375,98719.65625,2827573.5,2837569.25,1480794.5,4308368.0,214.41673278808597,202.1800994873047,0.2050921063622703,penmanshiel,204,rolling_fold_5,global,5.0,15.0,14
1065453,1845.4566650390625,197776.28125,398005.15625,400050.5625,2966640.5,3364645.65625,215.66754150390625,202.1800994873047,0.0478913663953266,penmanshiel,204,rolling_fold_5,global,20.0,15.0,14
1065453,4852.5986328125,150295.796875,1031684.6875,1036166.9375,2254437.0,3286121.6875,212.6044921875,202.1800994873047,0.1006801801674968,penmanshiel,204,rolling_fold_5,soft-gate-bin,10.0,15.0,14
1065453,13348.205078125,93990.71875,2809176.0,2818753.5,1409861.25,4219037.25,210.4534454345703,202.1800994873047,0.2093372490386718,penmanshiel,204,rolling_fold_5,soft-gate-bin,5.0,15.0,14
1065453,1772.5174560546875,193091.828125,379043.1875,380831.90625,2896378.75,3275421.9375,213.8445281982422,202.1800994873047,0.0478331751846397,penmanshiel,204,rolling_fold_5,soft-gate-bin,20.0,15.0,14
1065453,4928.537109375,154504.375,1068095.875,1072998.25,2317565.5,3385661.375,216.71665954589844,202.1800994873047,0.0979930602288416,penmanshiel,204,rolling_fold_5,soft-pab-bin,10.0,15.0,14
1065453,13133.7451171875,98769.015625,2825252.0,2835275.5,1481535.125,4306787.125,215.1140594482422,202.1800994873047,0.2029737585796839,penmanshiel,204,rolling_fold_5,soft-pab-bin,5.0,15.0,14
1065453,1847.166748046875,197768.0,398525.25,400569.28125,2966520.5,3365045.75,215.74948120117188,202.1800994873047,0.0478256666413253,penmanshiel,204,rolling_fold_5,soft-pab-bin,20.0,15.0,14
811944,4325.701171875,116801.5625,360052.625,368461.75,1752026.75,2112079.375,83.23566436767578,91.09074401855467,0.1033507236952302,penmanshiel,204,rolling_fold_6,global,10.0,15.0,14
811944,10515.263671875,75012.453125,883197.375,902034.5,1125186.875,2008384.25,83.99195861816406,91.09074401855467,0.2008980914939946,penmanshiel,204,rolling_fold_6,global,5.0,15.0,14
811944,1745.43798828125,150003.09375,146494.625,149932.109375,2250043.0,2396537.625,83.9300308227539,91.09074401855467,0.0551269545682953,penmanshiel,204,rolling_fold_6,global,20.0,15.0,14
811944,3738.29736328125,117161.265625,314655.96875,322157.125,1757419.0,2072074.96875,84.17093658447266,91.09074401855467,0.0967295774092794,penmanshiel,204,rolling_fold_6,soft-gate-bin,10.0,15.0,14
811944,9645.798828125,75393.734375,824769.0,841609.75,1130906.25,1955675.25,85.50550079345703,91.09074401855467,0.1941242253160316,penmanshiel,204,rolling_fold_6,soft-gate-bin,5.0,15.0,14
811944,1475.22509765625,148934.625,123981.328125,127129.2265625,2234020.0,2358001.328125,84.04232788085938,91.09074401855467,0.0494344437547417,penmanshiel,204,rolling_fold_6,soft-gate-bin,20.0,15.0,14
811944,4321.63427734375,116652.0078125,359584.625,368055.40625,1749780.625,2109365.25,83.2057113647461,91.09074401855467,0.103167213502409,penmanshiel,204,rolling_fold_6,soft-pab-bin,10.0,15.0,14
811944,10499.681640625,74705.671875,880479.5625,899412.1875,1120585.375,2001064.9375,83.85775756835938,91.09074401855467,0.2000778378804449,penmanshiel,204,rolling_fold_6,soft-pab-bin,5.0,15.0,14
811944,1746.7938232421875,150027.046875,146559.625,149995.234375,2250405.75,2396965.375,83.902099609375,91.09074401855467,0.0552168622466574,penmanshiel,204,rolling_fold_6,soft-pab-bin,20.0,15.0,14
985713,4547.5302734375,95126.328125,171303.90625,173103.78125,1426893.5,1598197.40625,37.669654846191406,41.46796798706055,0.0999976666636231,penmanshiel,204,year_1,global,10.0,15.0,14
985713,11591.2255859375,47159.79296875,424904.46875,430615.34375,707397.6875,1132302.15625,36.65742111206055,41.46796798706055,0.1999993913035538,penmanshiel,204,year_1,global,5.0,15.0,14
985713,1710.5908203125,134009.84375,66719.8359375,67200.8203125,2010152.375,2076872.2109375,39.00395584106445,41.46796798706055,0.0500003550729269,penmanshiel,204,year_1,global,20.0,15.0,14
985713,4347.892578125,94779.7890625,162254.703125,164566.40625,1421696.625,1583951.328125,37.317996978759766,41.46796798706055,0.0999996956517769,penmanshiel,204,year_1,soft-gate-bin,10.0,15.0,14
985713,11415.208984375,46561.6953125,417581.28125,423821.3125,698425.4375,1116006.71875,36.58113479614258,41.46796798706055,0.1999993913035538,penmanshiel,204,year_1,soft-gate-bin,5.0,15.0,14
985713,1588.5001220703125,132512.8125,59938.93359375,60815.890625,1987692.0,2047630.93359375,37.733036041259766,41.46796798706055,0.0500013695670037,penmanshiel,204,year_1,soft-gate-bin,20.0,15.0,14
985713,4547.5302734375,95126.328125,171303.90625,173103.78125,1426893.5,1598197.40625,37.669654846191406,41.46796798706055,0.0999976666636231,penmanshiel,204,year_1,soft-pab-bin,10.0,15.0,14
985713,11591.2255859375,47159.79296875,424904.46875,430615.34375,707397.6875,1132302.15625,36.65742111206055,41.46796798706055,0.1999993913035538,penmanshiel,204,year_1,soft-pab-bin,5.0,15.0,14
985713,1710.5908203125,134009.84375,66719.8359375,67200.8203125,2010152.375,2076872.2109375,39.00395584106445,41.46796798706055,0.0500003550729269,penmanshiel,204,year_1,soft-pab-bin,20.0,15.0,14
1397748,14709.5224609375,134889.796875,611527.375,613217.375,2023343.375,2634870.75,41.57357406616211,43.41042709350586,0.184477459456211,penmanshiel,204,year_2,global,10.0,15.0,14
1397748,31909.6171875,66872.9609375,1338756.5,1343360.5,1003095.1875,2341851.6875,41.95463180541992,43.41042709350586,0.331166276038313,penmanshiel,204,year_2,global,5.0,15.0,14
1397748,6909.349609375,190026.8125,283435.0625,284057.875,2850406.25,3133841.3125,41.02195739746094,43.41042709350586,0.1035823338684798,penmanshiel,204,year_2,global,20.0,15.0,14
1397748,12081.5810546875,149781.90625,506327.4375,507287.6875,2246728.75,2753056.1875,41.90902328491211,43.41042709350586,0.1613245019846209,penmanshiel,204,year_2,soft-gate-bin,10.0,15.0,14
1397748,27388.740234375,80503.578125,1154400.5,1157398.375,1207553.125,2361953.625,42.148719787597656,43.41042709350586,0.2942075395564866,penmanshiel,204,year_2,soft-gate-bin,5.0,15.0,14
1397748,5401.04736328125,204687.4375,224529.796875,224837.265625,3070310.5,3294840.296875,41.57152938842773,43.41042709350586,0.0900612986031816,penmanshiel,204,year_2,soft-gate-bin,20.0,15.0,14
1397748,18488.697265625,122945.234375,793987.0,795677.0,1844176.0,2638163.0,42.944454193115234,43.41042709350586,0.2132337159487976,penmanshiel,204,year_2,soft-pab-bin,10.0,15.0,14
1397748,33772.28125,62208.671875,1429039.125,1433643.125,933130.375,2362169.5,42.31398010253906,43.41042709350586,0.3442966829500024,penmanshiel,204,year_2,soft-pab-bin,5.0,15.0,14
1397748,11561.7705078125,172180.625,507245.90625,507868.71875,2582714.25,3089960.15625,43.872676849365234,43.41042709350586,0.141735849380575,penmanshiel,204,year_2,soft-pab-bin,20.0,15.0,14
1118616,11204.7041015625,107952.1484375,632140.0625,643004.0625,1619280.0,2251420.0625,56.41738128662109,56.46099090576172,0.1816414211847497,penmanshiel,204,year_3,global,10.0,15.0,14
1118616,24641.3359375,53518.33203125,1397555.25,1414892.125,802775.75,2200331.0,56.71589660644531,56.46099090576172,0.3223581640169638,penmanshiel,204,year_3,global,5.0,15.0,14
1118616,5026.45849609375,152078.265625,281519.59375,288435.875,2281179.0,2562698.59375,56.00754928588867,56.46099090576172,0.1026375449662797,penmanshiel,204,year_3,global,20.0,15.0,14
1118616,13462.6943359375,95361.140625,758805.0625,770384.625,1430417.125,2189222.1875,56.3635139465332,56.46099090576172,0.2061252476274253,penmanshiel,204,year_3,soft-gate-bin,10.0,15.0,14
1118616,28398.236328125,41396.88671875,1610386.875,1628623.75,620953.375,2231340.25,56.707305908203125,56.46099090576172,0.3594146695559513,penmanshiel,204,year_3,soft-gate-bin,5.0,15.0,14
1118616,6664.7021484375,137068.28125,371737.625,379423.78125,2056024.625,2427762.25,55.77706146240234,56.46099090576172,0.1257688071688586,penmanshiel,204,year_3,soft-gate-bin,20.0,15.0,14
1118616,37977.80078125,18643.583984375,2156889.25,2179649.0,279653.96875,2436543.21875,56.79341506958008,56.46099090576172,0.4477273702503808,penmanshiel,204,year_3,soft-pab-bin,10.0,15.0,14
1118616,37977.80078125,18643.583984375,2156889.25,2179649.0,279653.96875,2436543.21875,56.79341506958008,56.46099090576172,0.4477273702503808,penmanshiel,204,year_3,soft-pab-bin,5.0,15.0,14
1118616,37977.80078125,18643.583984375,2156889.25,2179649.0,279653.96875,2436543.21875,56.79341506958008,56.46099090576172,0.4477273702503808,penmanshiel,204,year_3,soft-pab-bin,20.0,15.0,14
1274015,13983.5966796875,122948.953125,527124.4375,530511.1875,1844231.0,2371355.4375,37.695899963378906,39.33101272583008,0.1792961621330989,penmanshiel,204,year_4,global,10.0,15.0,14
1274015,28940.994140625,60953.15625,1108207.875,1117761.125,914298.0625,2022505.9375,38.29197311401367,39.33101272583008,0.3128354061765364,penmanshiel,204,year_4,global,5.0,15.0,14
1274015,6904.5,173205.078125,255742.171875,257067.875,2598080.5,2853822.671875,37.0399284362793,39.33101272583008,0.1064697040458707,penmanshiel,204,year_4,global,20.0,15.0,14
1274015,15862.58984375,110100.640625,602610.875,606851.75,1651510.125,2254121.0,37.98942565917969,39.33101272583008,0.2001561991028363,penmanshiel,204,year_4,soft-gate-bin,10.0,15.0,14
1274015,32361.482421875,48448.7734375,1249519.75,1260804.125,726731.625,1976251.375,38.61133575439453,39.33101272583008,0.3461733182105391,penmanshiel,204,year_4,soft-gate-bin,5.0,15.0,14
1274015,8244.1806640625,157808.296875,307914.0625,309817.9375,2367125.0,2675039.0625,37.349266052246094,39.33101272583008,0.1236445410768319,penmanshiel,204,year_4,soft-gate-bin,20.0,15.0,14
1274015,43679.5625,21233.564453125,1682459.25,1700662.5,318503.71875,2000962.96875,38.51823806762695,39.33101272583008,0.4354014670156945,penmanshiel,204,year_4,soft-pab-bin,10.0,15.0,14
1274015,43679.5625,21233.564453125,1682459.25,1700662.5,318503.71875,2000962.96875,38.51823806762695,39.33101272583008,0.4354014670156945,penmanshiel,204,year_4,soft-pab-bin,5.0,15.0,14
1274015,43679.5625,21233.564453125,1682459.25,1700662.5,318503.71875,2000962.96875,38.51823806762695,39.33101272583008,0.4354014670156945,penmanshiel,204,year_4,soft-pab-bin,20.0,15.0,14
1252518,14874.265625,120874.3828125,492902.0,496278.40625,1813112.625,2306014.625,33.13789749145508,35.104862213134766,0.1961800149778286,penmanshiel,204,year_5,global,10.0,15.0,14
1252518,30997.912109375,59924.6640625,1042928.75,1053004.0,898870.6875,1941799.4375,33.6451301574707,35.104862213134766,0.3424797088744433,penmanshiel,204,year_5,global,5.0,15.0,14
1252518,7265.345703125,170282.515625,239856.75,240637.140625,2554242.0,2794098.75,33.01381301879883,35.104862213134766,0.1170154840090122,penmanshiel,204,year_5,global,20.0,15.0,14
1252518,16539.744140625,110150.90625,539747.0,544658.875,1652263.625,2192010.625,32.633331298828125,35.104862213134766,0.210551065932785,penmanshiel,204,year_5,soft-gate-bin,10.0,15.0,14
1252518,33711.09765625,49417.6640625,1124822.0,1137206.5,741265.125,1866087.125,33.36652374267578,35.104862213134766,0.3663284679341934,penmanshiel,204,year_5,soft-gate-bin,5.0,15.0,14
1252518,8635.8505859375,157245.75,278695.21875,280355.59375,2358685.0,2637380.21875,32.27188491821289,35.104862213134766,0.1310208715563369,penmanshiel,204,year_5,soft-gate-bin,20.0,15.0,14
1252518,46633.9921875,21290.83984375,1588132.375,1604491.25,319362.84375,1907495.21875,34.05524444580078,35.104862213134766,0.467842378313126,penmanshiel,204,year_5,soft-pab-bin,10.0,15.0,14
1252518,46688.19921875,21037.556640625,1590289.375,1606648.25,315563.59375,1905852.96875,34.061893463134766,35.104862213134766,0.4686511491252021,penmanshiel,204,year_5,soft-pab-bin,5.0,15.0,14
1252518,46617.92578125,21496.166015625,1587477.125,1603836.0,322442.71875,1909919.84375,34.052921295166016,35.104862213134766,0.4675142393163212,penmanshiel,204,year_5,soft-pab-bin,20.0,15.0,14
1299257,14978.1845703125,125384.9375,1925039.0,1926940.125,1880770.625,3805809.625,128.52281188964844,134.39352416992188,0.1858223584710338,penmanshiel,204,year_6,global,10.0,15.0,14
1299257,30776.6015625,62160.8203125,3966230.5,3970635.25,932413.0,4898643.5,128.87164306640625,134.39352416992188,0.3225120203316203,penmanshiel,204,year_6,global,5.0,15.0,14
1299257,7472.35107421875,176636.765625,959783.25,960546.75,2649555.75,3609339.0,128.4446258544922,134.39352416992188,0.1115298974721706,penmanshiel,204,year_6,global,20.0,15.0,14
1299257,16928.359375,112514.640625,2165667.0,2168076.25,1687719.375,3853386.375,127.9312973022461,134.39352416992188,0.2057037214346353,penmanshiel,204,year_6,soft-gate-bin,10.0,15.0,14
1299257,34137.01171875,49645.046875,4388986.0,4394193.5,744675.5,5133661.5,128.5697021484375,134.39352416992188,0.3520758402687074,penmanshiel,204,year_6,soft-gate-bin,5.0,15.0,14
1299257,8900.435546875,161182.34375,1137607.0,1138780.375,2417735.5,3555342.5,127.81477355957033,134.39352416992188,0.1288913586765359,penmanshiel,204,year_6,soft-gate-bin,20.0,15.0,14
1299257,46139.0390625,21701.689453125,5968866.5,5975771.5,325525.53125,6294392.03125,129.36705017089844,134.39352416992188,0.4415169593082815,penmanshiel,204,year_6,soft-pab-bin,10.0,15.0,14
1299257,46143.26171875,21672.783203125,5969621.0,5976525.0,325091.96875,6294712.96875,129.37155151367188,134.39352416992188,0.4415916173628466,penmanshiel,204,year_6,soft-pab-bin,5.0,15.0,14
1299257,46137.95703125,21725.126953125,5968642.5,5975546.5,325877.03125,6294519.53125,129.3651580810547,134.39352416992188,0.4414915601763161,penmanshiel,204,year_6,soft-pab-bin,20.0,15.0,14
1065453,12365.572265625,102821.6484375,2653446.25,2663002.5,1542322.75,4195769.0,214.5833740234375,202.1800994873047,0.1956979801079916,penmanshiel,204,year_7,global,10.0,15.0,14
1065453,25904.48046875,50974.828125,5516808.0,5532921.0,764623.25,6281431.25,212.9673614501953,202.1800994873047,0.3344924647075,penmanshiel,204,year_7,global,5.0,15.0,14
1065453,5948.9345703125,144850.65625,1286533.625,1292192.625,2172764.75,3459298.375,216.26287841796875,202.1800994873047,0.1139815646490272,penmanshiel,204,year_7,global,20.0,15.0,14
1065453,14078.4697265625,91260.1953125,2972360.75,2982372.25,1368903.25,4341264.0,211.1280670166016,202.1800994873047,0.217046645886773,penmanshiel,204,year_7,soft-gate-bin,10.0,15.0,14
1065453,28895.251953125,39817.953125,6073098.5,6090130.0,597269.3125,6670367.8125,210.17630004882807,202.1800994873047,0.367579799390494,penmanshiel,204,year_7,soft-gate-bin,5.0,15.0,14
1065453,7189.07421875,131045.15625,1526103.375,1532183.5,1965677.75,3491781.125,212.2809600830078,202.1800994873047,0.1332982308933383,penmanshiel,204,year_7,soft-gate-bin,20.0,15.0,14
1065453,38912.8125,17763.283203125,8255313.5,8277081.0,266449.4375,8521762.9375,212.1490020751953,202.1800994873047,0.4532898213248261,penmanshiel,204,year_7,soft-pab-bin,10.0,15.0,14
1065453,38913.4140625,17759.78125,8255407.5,8277175.0,266396.90625,8521804.40625,212.14805603027344,202.1800994873047,0.4533114083868552,penmanshiel,204,year_7,soft-pab-bin,5.0,15.0,14
1065453,38912.734375,17766.125,8255297.5,8277066.0,266492.0625,8521789.5625,212.1490173339844,202.1800994873047,0.4532898213248261,penmanshiel,204,year_7,soft-pab-bin,20.0,15.0,14
811944,9859.3955078125,78356.71875,827654.25,845434.3125,1175350.5,2003004.75,83.94571685791016,91.09074401855467,0.1913075285980313,penmanshiel,204,year_8,global,10.0,15.0,14
811944,19986.400390625,38846.08203125,1686426.625,1719827.625,582692.1875,2269118.8125,84.37871551513672,91.09074401855467,0.3312186554737765,penmanshiel,204,year_8,global,5.0,15.0,14
811944,5026.1953125,110385.59375,418825.21875,428491.28125,1655786.75,2074611.96875,83.32845306396484,91.09074401855467,0.1151409456809829,penmanshiel,204,year_8,global,20.0,15.0,14
811944,10558.9853515625,71470.1171875,896917.0625,915449.3125,1072051.125,1968968.1875,84.94351959228516,91.09074401855467,0.2058799621648783,penmanshiel,204,year_8,soft-gate-bin,10.0,15.0,14
811944,21488.296875,32092.556640625,1836727.125,1870984.5,481388.34375,2318115.46875,85.4757080078125,91.09074401855467,0.3585456632477116,penmanshiel,204,year_8,soft-gate-bin,5.0,15.0,14
811944,5529.73681640625,101995.4296875,465588.875,476294.0,1529931.75,1995520.625,84.19730377197266,91.09074401855467,0.1269767373119328,penmanshiel,204,year_8,soft-gate-bin,20.0,15.0,14
811944,29889.240234375,13536.220703125,2529515.5,2577320.25,203043.46875,2732558.96875,84.62964630126953,91.09074401855467,0.4552641561486999,penmanshiel,204,year_8,soft-pab-bin,10.0,15.0,14
811944,29890.40625,13533.8857421875,2529643.75,2577448.25,203008.4375,2732652.1875,84.63060760498047,91.09074401855467,0.4552653877607323,penmanshiel,204,year_8,soft-pab-bin,5.0,15.0,14
811944,29888.34375,13538.1142578125,2529418.5,2577223.0,203071.875,2732490.375,84.6289291381836,91.09074401855467,0.4552629245366675,penmanshiel,204,year_8,soft-pab-bin,20.0,15.0,14
9172206,108001.109375,831547.625,8794287.0,8850210.0,12472968.0,21267255.0,81.42774200439453,79.45890045166016,0.1946763951878097,penmanshiel,204,pooled_multiyear_full,global,10.0,15.0,14
9172206,213732.46875,418987.3125,17283604.0,17389846.0,6284767.5,23568371.5,80.8656234741211,79.45890045166016,0.3259523390556209,penmanshiel,204,pooled_multiyear_full,global,5.0,15.0,14
9172206,56067.6796875,1166208.5,4597246.5,4628243.5,17493260.0,22090506.5,81.99453735351562,79.45890045166016,0.1197795819239123,penmanshiel,204,pooled_multiyear_full,global,20.0,15.0,14
9172206,109178.453125,821673.625,9136426.0,9194445.0,12325109.0,21461535.0,83.68330383300781,79.45890045166016,0.1965382155612292,penmanshiel,204,pooled_multiyear_full,soft-gate-bin,10.0,15.0,14
9172206,215792.546875,407699.4375,17904166.0,18011942.0,6115496.5,24019662.5,82.96925354003906,79.45890045166016,0.3299227034368831,penmanshiel,204,pooled_multiyear_full,soft-gate-bin,5.0,15.0,14
9172206,57686.3671875,1155366.875,4886153.0,4919547.0,17330500.0,22216653.0,84.70204162597656,79.45890045166016,0.1226815010478395,penmanshiel,204,pooled_multiyear_full,soft-gate-bin,20.0,15.0,14
9172206,275658.40625,297948.0625,23781912.0,23924730.0,4469249.5,28251161.5,86.27313232421875,79.45890045166016,0.3902552995429889,penmanshiel,204,pooled_multiyear_full,soft-pab-bin,10.0,15.0,14
9172206,295526.40625,209756.65625,24586314.0,24734886.0,3146376.0,27732690.0,83.19501495361328,79.45890045166016,0.4166720634054665,penmanshiel,204,pooled_multiyear_full,soft-pab-bin,5.0,15.0,14
9172206,266307.90625,369491.46875,23400326.0,23541196.0,5542405.0,28942731.0,87.86946105957031,79.45890045166016,0.3754559154035572,penmanshiel,204,pooled_multiyear_full,soft-pab-bin,20.0,15.0,14
1118616,7640.296875,130725.1171875,426114.3125,435073.0625,1960876.0,2386990.3125,55.77195358276367,56.46099090576172,0.1386695702546718,penmanshiel,205,rolling_fold_1,global,10.0,15.0,14
1118616,18436.25,75709.828125,1036787.1875,1051513.25,1135648.75,2172435.9375,56.23633575439453,56.46099090576172,0.2621918513591795,penmanshiel,205,rolling_fold_1,global,5.0,15.0,14
1118616,3041.059326171875,175716.078125,167662.28125,173052.03125,2635739.75,2803402.03125,55.132850646972656,56.46099090576172,0.0704540253313022,penmanshiel,205,rolling_fold_1,global,20.0,15.0,14
1118616,9025.8662109375,123128.2421875,504900.96875,514626.34375,1846923.875,2351824.84375,55.9393310546875,56.46099090576172,0.1560464001945261,penmanshiel,205,rolling_fold_1,soft-gate-bin,10.0,15.0,14
1118616,20938.3828125,68251.8828125,1179608.0,1195335.25,1023778.3125,2203386.3125,56.33711242675781,56.46099090576172,0.288215080063221,penmanshiel,205,rolling_fold_1,soft-gate-bin,5.0,15.0,14
1118616,4058.2958984375,164699.5625,225103.28125,231366.578125,2470493.0,2695596.28125,55.467430114746094,56.46099090576172,0.0867277063800267,penmanshiel,205,rolling_fold_1,soft-gate-bin,20.0,15.0,14
1118616,1967.117431640625,193456.75,107571.7890625,111807.0625,2901851.0,3009422.7890625,54.68498611450195,56.46099090576172,0.051196299713217,penmanshiel,205,rolling_fold_1,soft-pab-bin,10.0,15.0,14
1118616,6238.30712890625,141586.046875,347225.09375,355241.25,2123792.25,2471017.34375,55.660133361816406,56.46099090576172,0.1197658535189913,penmanshiel,205,rolling_fold_1,soft-pab-bin,5.0,15.0,14
1118616,647.7067260742188,230489.1875,34151.296875,36442.96484375,3457338.0,3491489.296875,52.72650146484375,56.46099090576172,0.0225957790698506,penmanshiel,205,rolling_fold_1,soft-pab-bin,20.0,15.0,14
1274015,6563.5302734375,174162.25,241841.5625,243172.21875,2612429.75,2854271.3125,36.84626388549805,39.33101272583008,0.1019462094245358,penmanshiel,205,rolling_fold_2,global,10.0,15.0,14
1274015,15381.4326171875,113034.734375,578715.1875,582623.8125,1695525.125,2274240.3125,37.62428283691406,39.33101272583008,0.1938509358210068,penmanshiel,205,rolling_fold_2,global,5.0,15.0,14
1274015,2783.583251953125,223267.0,100407.0078125,100790.375,3348996.75,3449403.7578125,36.07112503051758,39.33101272583008,0.0553329434896763,penmanshiel,205,rolling_fold_2,global,20.0,15.0,14
1274015,7300.76953125,169030.15625,269527.28125,271037.0,2535452.0,2804979.28125,36.91764831542969,39.33101272583008,0.1100622834111058,penmanshiel,205,rolling_fold_2,soft-gate-bin,10.0,15.0,14
1274015,16603.53125,107871.21875,625383.0625,629707.5,1618068.125,2243451.1875,37.66568374633789,39.33101272583008,0.2054653987590413,penmanshiel,205,rolling_fold_2,soft-gate-bin,5.0,15.0,14
1274015,3341.146240234375,215954.84375,120830.4453125,121353.3203125,3239322.0,3360152.4453125,36.16437149047852,39.33101272583008,0.0628171567838683,penmanshiel,205,rolling_fold_2,soft-gate-bin,20.0,15.0,14
1274015,5879.9345703125,181389.84375,216152.21875,217291.8125,2720848.75,2937000.96875,36.76100540161133,39.33101272583008,0.0940459884695235,penmanshiel,205,rolling_fold_2,soft-pab-bin,10.0,15.0,14
1274015,13883.6953125,120810.6484375,520635.15625,524125.25,1812160.0,2332795.15625,37.49975204467773,39.33101272583008,0.1790677503797051,penmanshiel,205,rolling_fold_2,soft-pab-bin,5.0,15.0,14
1274015,2572.083740234375,227729.796875,92673.28125,92988.28125,3415947.75,3508621.03125,36.03044128417969,39.33101272583008,0.0525103707570162,penmanshiel,205,rolling_fold_2,soft-pab-bin,20.0,15.0,14
1252518,6998.1552734375,172598.78125,231846.15625,232852.28125,2588978.5,2820824.65625,33.12961196899414,35.104862213134766,0.114032692544139,penmanshiel,205,rolling_fold_3,global,10.0,15.0,14
1252518,17152.4921875,110210.875,570168.75,574964.25,1653160.875,2223329.625,33.24115753173828,35.104862213134766,0.2200255804706998,penmanshiel,205,rolling_fold_3,global,5.0,15.0,14
1252518,2802.88623046875,222263.65625,93071.1796875,93239.3671875,3333955.25,3427026.4296875,33.205467224121094,35.104862213134766,0.0588199131669165,penmanshiel,205,rolling_fold_3,global,20.0,15.0,14
1252518,6843.251953125,172687.515625,222672.921875,223575.90625,2590312.25,2812985.171875,32.5390510559082,35.104862213134766,0.1115105731015442,penmanshiel,205,rolling_fold_3,soft-gate-bin,10.0,15.0,14
1252518,16735.9765625,110339.2109375,547920.125,552589.0,1655089.25,2203009.375,32.73905563354492,35.104862213134766,0.2138947304549715,penmanshiel,205,rolling_fold_3,soft-gate-bin,5.0,15.0,14
1252518,2739.076416015625,222208.21875,89475.0859375,89601.953125,3333123.75,3422598.8359375,32.666141510009766,35.104862213134766,0.0575121475300155,penmanshiel,205,rolling_fold_3,soft-gate-bin,20.0,15.0,14
1252518,7032.283203125,172013.34375,231579.203125,232563.3125,2580201.5,2811780.703125,32.93087387084961,35.104862213134766,0.1137053519390539,penmanshiel,205,rolling_fold_3,soft-pab-bin,10.0,15.0,14
1252518,17107.248046875,109584.2421875,565558.0625,570218.0,1643764.5,2209322.5625,33.05955123901367,35.104862213134766,0.2179729153593002,penmanshiel,205,rolling_fold_3,soft-pab-bin,5.0,15.0,14
1252518,2803.695068359375,222160.59375,92897.3046875,93060.8046875,3332407.0,3425304.3046875,33.13387680053711,35.104862213134766,0.058701751192398,penmanshiel,205,rolling_fold_3,soft-pab-bin,20.0,15.0,14
1299257,6371.52099609375,184972.8125,823487.3125,824170.4375,2774588.5,3598075.8125,129.24502563476562,134.39352416992188,0.0993744886500515,penmanshiel,205,rolling_fold_4,global,10.0,15.0,14
1299257,15923.189453125,118329.671875,2060132.375,2062234.25,1774940.5,3835072.875,129.3793487548828,134.39352416992188,0.1957426436801956,penmanshiel,205,rolling_fold_4,global,5.0,15.0,14
1299257,2453.274169921875,238426.5625,317443.53125,317694.6875,3576405.5,3893849.03125,129.3958282470703,134.39352416992188,0.0505842954858045,penmanshiel,205,rolling_fold_4,global,20.0,15.0,14
1299257,6382.91943359375,182769.375,824360.9375,825062.6875,2741540.25,3565901.1875,129.15109252929688,134.39352416992188,0.0994891695792287,penmanshiel,205,rolling_fold_4,soft-gate-bin,10.0,15.0,14
1299257,16039.2255859375,115729.71875,2068596.875,2070747.625,1735945.5,3804542.375,128.9711456298828,134.39352416992188,0.196810176893409,penmanshiel,205,rolling_fold_4,soft-gate-bin,5.0,15.0,14
1299257,2466.12939453125,236211.953125,319396.09375,319640.21875,3543179.0,3862575.09375,129.51315307617188,134.39352416992188,0.0505373455752018,penmanshiel,205,rolling_fold_4,soft-gate-bin,20.0,15.0,14
1299257,6369.47802734375,184882.265625,823397.125,824089.125,2773234.0,3596631.125,129.2723388671875,134.39352416992188,0.0985701828044798,penmanshiel,205,rolling_fold_4,soft-pab-bin,10.0,15.0,14
1299257,15895.6787109375,117945.0546875,2056145.875,2058199.25,1769176.125,3825322.0,129.35250854492188,134.39352416992188,0.1941117115397492,penmanshiel,205,rolling_fold_4,soft-pab-bin,5.0,15.0,14
1299257,2460.072998046875,238389.046875,318528.5625,318781.875,3575835.0,3894363.5625,129.4792938232422,134.39352416992188,0.0504503727899868,penmanshiel,205,rolling_fold_4,soft-pab-bin,20.0,15.0,14
1065453,5362.47265625,153680.109375,1135080.75,1139260.375,2305198.75,3440279.5,211.67117309570312,202.1800994873047,0.1076274598691824,penmanshiel,205,rolling_fold_5,global,10.0,15.0,14
1065453,14181.89453125,98616.359375,2979612.75,2988785.5,1479244.125,4458856.875,210.0997314453125,202.1800994873047,0.2210937507332561,penmanshiel,205,rolling_fold_5,global,5.0,15.0,14
1065453,1998.837158203125,197085.203125,423700.84375,425265.0625,2956270.5,3379971.34375,211.9736785888672,202.1800994873047,0.0520670550460696,penmanshiel,205,rolling_fold_5,global,20.0,15.0,14
1065453,5256.27685546875,152790.78125,1105912.75,1109945.875,2291862.0,3397774.75,210.39849853515625,202.1800994873047,0.106380103111071,penmanshiel,205,rolling_fold_5,soft-gate-bin,10.0,15.0,14
1065453,13998.96484375,97394.640625,2924828.0,2933799.5,1460920.25,4385748.25,208.93174743652344,202.1800994873047,0.2190692597421003,penmanshiel,205,rolling_fold_5,soft-gate-bin,5.0,15.0,14
1065453,1958.1866455078125,195989.65625,413257.59375,414722.65625,2939846.25,3353103.84375,211.04095458984372,202.1800994873047,0.0512214053552808,penmanshiel,205,rolling_fold_5,soft-gate-bin,20.0,15.0,14
1065453,5357.54931640625,153726.453125,1135560.5,1139739.375,2305896.75,3441457.25,211.9552154541016,202.1800994873047,0.1069113325505676,penmanshiel,205,rolling_fold_5,soft-pab-bin,10.0,15.0,14
1065453,14140.5283203125,98540.875,2979187.75,2988410.0,1478113.5,4457301.25,210.68423461914065,202.1800994873047,0.2191631165335308,penmanshiel,205,rolling_fold_5,soft-pab-bin,5.0,15.0,14
1065453,1998.0723876953125,197140.96875,423716.34375,425274.9375,2957113.75,3380830.09375,212.0625915527344,202.1800994873047,0.0519225155872666,penmanshiel,205,rolling_fold_5,soft-pab-bin,20.0,15.0,14
811944,4158.3212890625,117991.671875,347328.65625,355651.78125,1769874.25,2117202.90625,83.52615356445312,91.09074401855467,0.1010094292217197,penmanshiel,205,rolling_fold_6,global,10.0,15.0,14
811944,10123.87109375,76856.0703125,853648.6875,871911.8125,1152840.375,2006489.0625,84.32038116455078,91.09074401855467,0.1974779048801395,penmanshiel,205,rolling_fold_6,global,5.0,15.0,14
811944,1676.0128173828125,150586.203125,140770.78125,144245.25,2258792.0,2399562.78125,83.99147033691406,91.09074401855467,0.0542525100253219,penmanshiel,205,rolling_fold_6,global,20.0,15.0,14
811944,3918.131591796875,117634.2265625,328332.90625,336140.3125,1764513.0,2092845.90625,83.79832458496094,91.09074401855467,0.0977111721990679,penmanshiel,205,rolling_fold_6,soft-gate-bin,10.0,15.0,14
811944,9711.01953125,76604.625,823348.5625,840539.5625,1149069.0,1972417.5625,84.78500366210938,91.09074401855467,0.1935121141359502,penmanshiel,205,rolling_fold_6,soft-gate-bin,5.0,15.0,14
811944,1568.620361328125,149938.328125,131961.53125,135198.40625,2249074.5,2381036.03125,84.12586975097656,91.09074401855467,0.0517006098942784,penmanshiel,205,rolling_fold_6,soft-gate-bin,20.0,15.0,14
811944,4153.47705078125,117856.78125,346831.96875,355192.0625,1767851.75,2114683.71875,83.50403594970703,91.09074401855467,0.1007668016513454,penmanshiel,205,rolling_fold_6,soft-pab-bin,10.0,15.0,14
811944,10102.7392578125,76539.5859375,850604.1875,868968.6875,1148094.375,1998698.5625,84.19538116455078,91.09074401855467,0.1966945996275605,penmanshiel,205,rolling_fold_6,soft-pab-bin,5.0,15.0,14
811944,1678.010986328125,150618.78125,140908.515625,144379.109375,2259280.75,2400189.265625,83.97352600097656,91.09074401855467,0.0543030061186485,penmanshiel,205,rolling_fold_6,soft-pab-bin,20.0,15.0,14
985713,4736.8740234375,78137.4609375,181084.375,182957.265625,1172062.0,1353146.375,38.22867584228516,41.46796798706055,0.0999976666636231,penmanshiel,205,year_1,global,10.0,15.0,14
985713,11524.875,31623.26953125,425970.90625,431560.15625,474349.0625,900319.96875,36.96099472045898,41.46796798706055,0.1999993913035538,penmanshiel,205,year_1,global,5.0,15.0,14
985713,1875.8143310546875,117358.8203125,75151.9375,75651.46875,1760385.375,1835537.3125,40.06364440917969,41.46796798706055,0.04999934057885,penmanshiel,205,year_1,global,20.0,15.0,14
985713,4690.626953125,76740.6953125,179917.703125,181621.96875,1151110.0,1331027.703125,38.35686492919922,41.46796798706055,0.1000027391340075,penmanshiel,205,year_1,soft-gate-bin,10.0,15.0,14
985713,11527.130859375,29896.2734375,428472.5,433711.09375,448443.9375,876916.4375,37.1707763671875,41.46796798706055,0.2000004057976307,penmanshiel,205,year_1,soft-gate-bin,5.0,15.0,14
985713,1838.869873046875,115839.9921875,73568.5703125,74032.7890625,1737600.25,1811168.8203125,40.00749206542969,41.46796798706055,0.0500033985551575,penmanshiel,205,year_1,soft-gate-bin,20.0,15.0,14
985713,4736.8740234375,78137.4609375,181084.375,182957.265625,1172062.0,1353146.375,38.22867584228516,41.46796798706055,0.0999976666636231,penmanshiel,205,year_1,soft-pab-bin,10.0,15.0,14
985713,11524.875,31623.26953125,425970.90625,431560.15625,474349.0625,900319.96875,36.96099472045898,41.46796798706055,0.1999993913035538,penmanshiel,205,year_1,soft-pab-bin,5.0,15.0,14
985713,1875.8143310546875,117358.8203125,75151.9375,75651.46875,1760385.375,1835537.3125,40.06364440917969,41.46796798706055,0.04999934057885,penmanshiel,205,year_1,soft-pab-bin,20.0,15.0,14
1397748,19094.90234375,110799.625,814494.125,816740.0625,1661994.75,2476488.875,42.655059814453125,43.41042709350586,0.2227525991809682,penmanshiel,205,year_2,global,10.0,15.0,14
1397748,38730.5546875,44842.015625,1653884.75,1659769.125,672630.25,2326515.0,42.70231628417969,43.41042709350586,0.382796469749912,penmanshiel,205,year_2,global,5.0,15.0,14
1397748,9459.0,166415.796875,401508.3125,402343.4375,2496237.0,2897745.3125,42.44721603393555,43.41042709350586,0.1293917072319187,penmanshiel,205,year_2,global,20.0,15.0,14
1397748,15708.81640625,125118.375,671532.0,672661.0625,1876775.625,2548307.625,42.74874114990234,43.41042709350586,0.1940993655508718,penmanshiel,205,year_2,soft-gate-bin,10.0,15.0,14
1397748,33162.53515625,58658.8203125,1420021.5,1423384.75,879882.125,2299903.625,42.8200569152832,43.41042709350586,0.3389144538214327,penmanshiel,205,year_2,soft-gate-bin,5.0,15.0,14
1397748,7412.74658203125,180381.921875,315038.4375,315378.34375,2705727.0,3020765.4375,42.49956893920898,43.41042709350586,0.1113619908595827,penmanshiel,205,year_2,soft-gate-bin,20.0,15.0,14
1397748,23430.63671875,101433.5078125,1025402.25,1027648.1875,1521503.5,2546905.75,43.7633056640625,43.41042709350586,0.250573780109147,penmanshiel,205,year_2,soft-pab-bin,10.0,15.0,14
1397748,40030.99609375,42535.83203125,1717329.75,1723214.125,638037.0,2355366.75,42.89998626708984,43.41042709350586,0.3907027590094924,penmanshiel,205,year_2,soft-pab-bin,5.0,15.0,14
1397748,15455.1552734375,151096.734375,693455.75,694290.875,2266454.0,2959909.75,44.86890411376953,43.41042709350586,0.170263881615284,penmanshiel,205,year_2,soft-pab-bin,20.0,15.0,14
1118616,15260.1025390625,88672.7265625,856718.75,869917.375,1330091.125,2186809.875,56.14107894897461,56.46099090576172,0.2283741695094652,penmanshiel,205,year_3,global,10.0,15.0,14
1118616,31316.99609375,35887.01171875,1767840.75,1788086.125,538305.1875,2306145.9375,56.44989013671875,56.46099090576172,0.3910180079669877,penmanshiel,205,year_3,global,5.0,15.0,14
1118616,7304.9794921875,133182.203125,407236.3125,415977.0625,1997737.375,2404973.6875,55.74777221679688,56.46099090576172,0.1342623384610983,penmanshiel,205,year_3,global,20.0,15.0,14
1118616,16148.6875,84980.484375,906707.9375,920399.5,1274707.75,2181415.6875,56.1474723815918,56.46099090576172,0.2378617863502757,penmanshiel,205,year_3,soft-gate-bin,10.0,15.0,14
1118616,34120.390625,28866.6015625,1926953.125,1948380.25,432998.875,2359952.0,56.475128173828125,56.46099090576172,0.4184903487881453,penmanshiel,205,year_3,soft-gate-bin,5.0,15.0,14
1118616,7940.90234375,128682.1953125,442515.625,451723.71875,1930233.0,2372748.625,55.72614669799805,56.46099090576172,0.1423053129939139,penmanshiel,205,year_3,soft-gate-bin,20.0,15.0,14
1118616,38641.3046875,18643.583984375,2183865.0,2206961.0,279653.96875,2463518.96875,56.51634979248047,56.46099090576172,0.4597922790305163,penmanshiel,205,year_3,soft-pab-bin,10.0,15.0,14
1118616,38641.3046875,18643.583984375,2183865.0,2206961.0,279653.96875,2463518.96875,56.51634979248047,56.46099090576172,0.4597922790305163,penmanshiel,205,year_3,soft-pab-bin,5.0,15.0,14
1118616,38641.3046875,18643.583984375,2183865.0,2206961.0,279653.96875,2463518.96875,56.51634979248047,56.46099090576172,0.4597922790305163,penmanshiel,205,year_3,soft-pab-bin,20.0,15.0,14
1274015,17856.078125,100991.265625,674246.375,679009.125,1514869.25,2189115.625,37.760047912597656,39.33101272583008,0.2174707519142239,penmanshiel,205,year_4,global,10.0,15.0,14
1274015,35199.765625,40872.4609375,1348589.0,1361091.25,613086.9375,1961675.9375,38.31245040893555,39.33101272583008,0.3699532580071663,penmanshiel,205,year_4,global,5.0,15.0,14
1274015,9167.072265625,151684.078125,340539.0,342563.53125,2275263.5,2615802.5,37.14806365966797,39.33101272583008,0.1306876292665314,penmanshiel,205,year_4,global,20.0,15.0,14
1274015,18734.439453125,97014.2109375,707539.25,712717.375,1455213.875,2162753.125,37.76675796508789,39.33101272583008,0.2257069186783515,penmanshiel,205,year_4,soft-gate-bin,10.0,15.0,14
1274015,37990.234375,33219.7890625,1457006.875,1471345.25,498296.9375,1955303.8125,38.35213470458984,39.33101272583008,0.3949176422569593,penmanshiel,205,year_4,soft-gate-bin,5.0,15.0,14
1274015,9796.470703125,146802.640625,364051.8125,366301.03125,2202039.25,2566091.0625,37.16152191162109,39.33101272583008,0.1376569349654439,penmanshiel,205,year_4,soft-gate-bin,20.0,15.0,14
1274015,43093.44921875,21233.564453125,1655940.875,1672975.875,318503.71875,1974444.59375,38.42674255371094,39.33101272583008,0.4356801136564326,penmanshiel,205,year_4,soft-pab-bin,10.0,15.0,14
1274015,43093.44921875,21233.564453125,1655940.875,1672975.875,318503.71875,1974444.59375,38.42674255371094,39.33101272583008,0.4356801136564326,penmanshiel,205,year_4,soft-pab-bin,5.0,15.0,14
1274015,43093.44921875,21233.564453125,1655940.875,1672975.875,318503.71875,1974444.59375,38.42674255371094,39.33101272583008,0.4356801136564326,penmanshiel,205,year_4,soft-pab-bin,20.0,15.0,14
1252518,19688.466796875,99287.1875,655824.625,661772.25,1489308.125,2145132.75,33.31009292602539,35.104862213134766,0.2444643510113228,penmanshiel,205,year_5,global,10.0,15.0,14
1252518,38743.18359375,40182.80078125,1313166.625,1327665.375,602742.0625,1915908.6875,33.894126892089844,35.104862213134766,0.4105394094136771,penmanshiel,205,year_5,global,5.0,15.0,14
1252518,10063.7802734375,149124.640625,333344.8125,335265.34375,2236872.25,2570217.0625,33.12321090698242,35.104862213134766,0.1480234216194897,penmanshiel,205,year_5,global,20.0,15.0,14
1252518,20453.26171875,95985.03125,680709.4375,686935.5625,1439774.625,2120484.0625,33.281211853027344,35.104862213134766,0.2520402900397439,penmanshiel,205,year_5,soft-gate-bin,10.0,15.0,14
1252518,41325.25390625,33541.171875,1401263.75,1416694.0,503117.5625,1904381.3125,33.90818405151367,35.104862213134766,0.4336744062759976,penmanshiel,205,year_5,soft-gate-bin,5.0,15.0,14
1252518,10633.0302734375,144980.359375,351109.78125,353188.375,2174705.0,2525814.78125,33.02064895629883,35.104862213134766,0.1537614629091158,penmanshiel,205,year_5,soft-gate-bin,20.0,15.0,14
1252518,47216.671875,21201.134765625,1610113.75,1628162.25,318017.25,1928131.0,34.100528717041016,35.104862213134766,0.4780737682013352,penmanshiel,205,year_5,soft-pab-bin,10.0,15.0,14
1252518,47285.20703125,20955.515625,1612813.0,1630861.5,314333.0,1927146.0,34.10818099975586,35.104862213134766,0.4789591846185045,penmanshiel,205,year_5,soft-pab-bin,5.0,15.0,14
1252518,47191.84375,21408.2421875,1609096.0,1627144.5,321123.84375,1930219.84375,34.09691619873047,35.104862213134766,0.4776290640134513,penmanshiel,205,year_5,soft-pab-bin,20.0,15.0,14
1299257,19152.29296875,102992.203125,2478588.5,2481225.0,1544883.5,4023472.0,129.41470336914062,134.39352416992188,0.2259491386230745,penmanshiel,205,year_6,global,10.0,15.0,14
1299257,37448.015625,41682.265625,4864404.0,4870204.0,625234.0,5489638.0,129.89747619628906,134.39352416992188,0.3804397436380947,penmanshiel,205,year_6,global,5.0,15.0,14
1299257,9926.6796875,154689.40625,1283142.625,1284306.25,2320343.0,3603485.625,129.26202392578125,134.39352416992188,0.1369174843776096,penmanshiel,205,year_6,global,20.0,15.0,14
1299257,19960.59375,99393.453125,2581672.25,2584481.75,1490902.125,4072574.375,129.3384552001953,134.39352416992188,0.2333041115037286,penmanshiel,205,year_6,soft-gate-bin,10.0,15.0,14
1299257,40109.3125,34454.1953125,5208887.5,5215283.0,516812.90625,5725700.40625,129.8672332763672,134.39352416992188,0.4027902100970016,penmanshiel,205,year_6,soft-gate-bin,5.0,15.0,14
1299257,10532.25,150190.125,1361140.75,1362400.5,2252852.0,3613992.75,129.2355499267578,134.39352416992188,0.1429093705094527,penmanshiel,205,year_6,soft-gate-bin,20.0,15.0,14
1299257,45688.86328125,21691.455078125,5945797.0,5953062.5,325371.96875,6271168.96875,130.1366729736328,134.39352416992188,0.444355504723084,penmanshiel,205,year_6,soft-pab-bin,10.0,15.0,14
1299257,45693.92578125,21663.421875,5946692.5,5953958.0,324951.5625,6271644.0625,130.14193725585938,134.39352416992188,0.4444186177176648,penmanshiel,205,year_6,soft-pab-bin,5.0,15.0,14
1299257,45687.26953125,21715.087890625,5945478.0,5952743.5,325726.53125,6271204.53125,130.13426208496094,134.39352416992188,0.4443239482257937,penmanshiel,205,year_6,soft-pab-bin,20.0,15.0,14
1065453,17574.96875,84458.4765625,3687595.25,3698382.75,1266877.375,4954472.625,209.82080078125,202.1800994873047,0.2588251194562312,penmanshiel,205,year_7,global,10.0,15.0,14
1065453,34521.21875,34181.45703125,7208975.5,7227080.5,512721.875,7721697.375,208.8273162841797,202.1800994873047,0.4244588921332053,penmanshiel,205,year_7,global,5.0,15.0,14
1065453,8882.111328125,126852.625,1872168.25,1878553.75,1902793.375,3774961.625,210.7796173095703,202.1800994873047,0.1565446809948444,penmanshiel,205,year_7,global,20.0,15.0,14
1065453,18278.2421875,81559.1640625,3827787.75,3838658.0,1223387.5,5051175.25,209.41775512695312,202.1800994873047,0.2665354548722468,penmanshiel,205,year_7,soft-gate-bin,10.0,15.0,14
1065453,36813.0,28450.013671875,7665594.0,7684288.5,426750.21875,8092344.21875,208.2305145263672,202.1800994873047,0.4471393857823855,penmanshiel,205,year_7,soft-gate-bin,5.0,15.0,14
1065453,9402.474609375,123250.984375,1977094.25,1983606.125,1848765.125,3825859.375,210.2738037109375,202.1800994873047,0.1633089399532405,penmanshiel,205,year_7,soft-gate-bin,20.0,15.0,14
1065453,42026.734375,17762.04296875,8762571.0,8783699.0,266430.84375,9029001.84375,208.4999237060547,202.1800994873047,0.49082033651414,penmanshiel,205,year_7,soft-pab-bin,10.0,15.0,14
1065453,42027.7265625,17758.646484375,8762712.0,8783840.0,266379.875,9029091.875,208.4983367919922,202.1800994873047,0.490841923576169,penmanshiel,205,year_7,soft-pab-bin,5.0,15.0,14
1065453,42026.609375,17764.908203125,8762547.0,8783674.0,266473.8125,9029020.8125,208.49986267089844,202.1800994873047,0.4908156436745685,penmanshiel,205,year_7,soft-pab-bin,20.0,15.0,14
811944,12834.470703125,64362.73046875,1085483.125,1107886.0,965441.3125,2050924.4375,84.57563018798828,91.09074401855467,0.2377023538569162,penmanshiel,205,year_8,global,10.0,15.0,14
811944,24893.49609375,26048.482421875,2121722.75,2161316.0,390727.25,2512450.0,85.23198699951172,91.09074401855467,0.4029736040909225,penmanshiel,205,year_8,global,5.0,15.0,14
811944,6755.279296875,96669.953125,566522.4375,579366.875,1450050.625,2016573.0625,83.8636474609375,91.09074401855467,0.1447722995674578,penmanshiel,205,year_8,global,20.0,15.0,14
811944,13232.533203125,62353.00390625,1121783.125,1144610.75,935295.1875,2057078.3125,84.7746353149414,91.09074401855467,0.243992196506163,penmanshiel,205,year_8,soft-gate-bin,10.0,15.0,14
811944,26356.0546875,21956.314453125,2254437.75,2295674.0,329344.6875,2583782.4375,85.5378189086914,91.09074401855467,0.424117919462426,penmanshiel,205,year_8,soft-gate-bin,5.0,15.0,14
811944,7052.583984375,94135.7578125,592913.0,606140.8125,1412037.125,2004950.125,84.07035827636719,91.09074401855467,0.1498058979437005,penmanshiel,205,year_8,soft-gate-bin,20.0,15.0,14
811944,30351.73828125,13535.3935546875,2594118.5,2641104.5,203031.0625,2797149.5625,85.46849822998047,91.09074401855467,0.4704610170159518,penmanshiel,205,year_8,soft-pab-bin,10.0,15.0,14
811944,30352.947265625,13533.12890625,2594252.5,2641238.5,202997.078125,2797249.578125,85.46953582763672,91.09074401855467,0.4704696383001783,penmanshiel,205,year_8,soft-pab-bin,5.0,15.0,14
811944,30350.91015625,13537.3037109375,2594030.75,2641016.75,203059.703125,2797090.453125,85.46791076660156,91.09074401855467,0.4704560905678224,penmanshiel,205,year_8,soft-pab-bin,20.0,15.0,14
9172206,132800.609375,707735.4375,10994955.0,11062181.0,10615860.0,21610815.0,82.7929916381836,79.45890045166016,0.2285722758516326,penmanshiel,205,pooled_multiyear_full,global,10.0,15.0,14
9172206,252201.71875,305631.28125,20752952.0,20876056.0,4584472.0,25337424.0,82.28703308105469,79.45890045166016,0.3739163730077584,penmanshiel,205,pooled_multiyear_full,global,5.0,15.0,14
9172206,68186.96875,1065490.625,5676967.0,5713850.5,15982180.0,21659147.0,83.25585174560547,79.45890045166016,0.1380373489212955,penmanshiel,205,pooled_multiyear_full,global,20.0,15.0,14
9172206,132725.90625,708529.3125,11168435.0,11235830.0,10627930.0,21796365.0,84.14669036865234,79.45890045166016,0.2285081691361925,penmanshiel,205,pooled_multiyear_full,soft-gate-bin,10.0,15.0,14
9172206,264454.15625,272295.28125,22116388.0,22245176.0,4084430.0,26200818.0,83.63037109375,79.45890045166016,0.3886623348843233,penmanshiel,205,pooled_multiyear_full,soft-gate-bin,5.0,15.0,14
9172206,66714.8359375,1078284.75,5654629.5,5690958.0,16174264.0,21828893.5,84.75823211669922,79.45890045166016,0.1359228085370084,penmanshiel,205,pooled_multiyear_full,soft-gate-bin,20.0,15.0,14
9172206,283630.78125,271481.03125,24566012.0,24709036.0,4072241.5,28638253.5,86.61274719238281,79.45890045166016,0.4036053049833377,penmanshiel,205,pooled_multiyear_full,soft-pab-bin,10.0,15.0,14
9172206,303732.0625,185524.953125,25383466.0,25532322.0,2782897.75,28166363.75,83.57194519042969,79.45890045166016,0.4306178906143189,penmanshiel,205,pooled_multiyear_full,soft-pab-bin,5.0,15.0,14
9172206,273377.96875,347960.71875,24145174.0,24286098.0,5219431.5,29364605.5,88.32167053222656,79.45890045166016,0.3873554518945606,penmanshiel,205,pooled_multiyear_full,soft-pab-bin,20.0,15.0,14
1118616,6265.90087890625,103223.859375,349727.03125,357373.9375,1548355.375,1898082.40625,55.81431579589844,56.46099090576172,0.1180673260529082,penmanshiel,201,rolling_fold_1,global,10.0,15.0,14
1118616,15686.29296875,47061.6328125,882195.625,895303.9375,705922.9375,1588118.5625,56.23992919921875,56.46099090576172,0.224811731639812,penmanshiel,201,rolling_fold_1,global,5.0,15.0,14
1118616,2382.239013671875,147564.125,131064.9921875,135510.5,2213459.0,2344523.9921875,55.01756286621094,56.46099090576172,0.0604693657162064,penmanshiel,201,rolling_fold_1,global,20.0,15.0,14
1118616,5131.8671875,113979.7265625,287423.84375,293947.09375,1709695.125,1997118.96875,56.00764846801758,56.46099090576172,0.1042743890664893,penmanshiel,201,rolling_fold_1,soft-gate-bin,10.0,15.0,14
1118616,13959.4697265625,55407.875,787120.1875,799089.625,831118.0,1618238.1875,56.38610458374024,56.46099090576172,0.2071175452523475,penmanshiel,201,rolling_fold_1,soft-gate-bin,5.0,15.0,14
1118616,1757.3013916015625,159139.359375,96478.6640625,99946.8046875,2387090.0,2483568.6640625,54.901611328125,56.46099090576172,0.0505955573673181,penmanshiel,201,rolling_fold_1,soft-gate-bin,20.0,15.0,14
1118616,3936.355712890625,126181.3984375,218482.25,224358.8125,1892717.25,2111199.5,55.50369644165039,56.46099090576172,0.08574077252605,penmanshiel,201,rolling_fold_1,soft-pab-bin,10.0,15.0,14
1118616,10145.05859375,75653.5546875,568671.125,578776.0625,1134804.5,1703475.625,56.05400085449219,56.46099090576172,0.1650906119705064,penmanshiel,201,rolling_fold_1,soft-pab-bin,5.0,15.0,14
1118616,1505.994140625,164459.53125,82018.046875,85470.2421875,2466897.0,2548915.046875,54.4610481262207,56.46099090576172,0.0437487037553548,penmanshiel,201,rolling_fold_1,soft-pab-bin,20.0,15.0,14
1274015,5870.93212890625,132913.5,219930.609375,220805.921875,1993704.625,2213635.234375,37.46092987060547,39.33101272583008,0.0965600875970848,penmanshiel,201,rolling_fold_2,global,10.0,15.0,14
1274015,14861.8203125,68508.0859375,570418.1875,573364.5,1027621.75,1598039.9375,38.38144302368164,39.33101272583008,0.1889349811422942,penmanshiel,201,rolling_fold_2,global,5.0,15.0,14
1274015,2374.52294921875,181538.0,87492.8984375,87675.71875,2723068.0,2810560.8984375,36.84651947021485,39.33101272583008,0.0505826069551771,penmanshiel,201,rolling_fold_2,global,20.0,15.0,14
1274015,5730.671875,133844.671875,214935.078125,215798.765625,2007669.75,2222604.828125,37.50609588623047,39.33101272583008,0.0957940055650836,penmanshiel,201,rolling_fold_2,soft-gate-bin,10.0,15.0,14
1274015,14874.298828125,68389.234375,570527.9375,573534.125,1025838.5,1596366.4375,38.35663604736328,39.33101272583008,0.1889224224204581,penmanshiel,201,rolling_fold_2,soft-gate-bin,5.0,15.0,14
1274015,2203.774169921875,182956.65625,81289.59375,81457.609375,2744350.0,2825639.59375,36.88653945922852,39.33101272583008,0.0493761847387982,penmanshiel,201,rolling_fold_2,soft-gate-bin,20.0,15.0,14
1274015,5848.57666015625,133163.0,219042.234375,219918.453125,1997444.125,2216486.359375,37.452247619628906,39.33101272583008,0.0962147227465924,penmanshiel,201,rolling_fold_2,soft-pab-bin,10.0,15.0,14
1274015,14753.9853515625,68967.328125,565758.3125,568731.3125,1034509.8125,1600268.125,38.34613037109375,39.33101272583008,0.1878258890201449,penmanshiel,201,rolling_fold_2,soft-pab-bin,5.0,15.0,14
1274015,2418.48583984375,180626.765625,89191.796875,89367.2109375,2709400.25,2798592.046875,36.87917709350586,39.33101272583008,0.0514601476434735,penmanshiel,201,rolling_fold_2,soft-pab-bin,20.0,15.0,14
1252518,6565.376953125,128520.40625,210704.359375,211354.765625,1927803.375,2138507.734375,32.09326934814453,35.104862213134766,0.1087585168436701,penmanshiel,201,rolling_fold_3,global,10.0,15.0,14
1252518,16669.75390625,63081.24609375,536624.5,540540.1875,946220.375,1482844.875,32.19151306152344,35.104862213134766,0.2087411119041802,penmanshiel,201,rolling_fold_3,global,5.0,15.0,14
1252518,2550.401123046875,177967.6875,83105.8671875,83206.9921875,2669513.25,2752619.1171875,32.585411071777344,35.104862213134766,0.0563496891861035,penmanshiel,201,rolling_fold_3,global,20.0,15.0,14
1252518,6516.74853515625,128845.3125,208719.359375,209394.6875,1932679.625,2141398.984375,32.02815246582031,35.104862213134766,0.1085006363182006,penmanshiel,201,rolling_fold_3,soft-gate-bin,10.0,15.0,14
1252518,16719.224609375,62890.53125,539425.25,543269.375,943357.4375,1482782.6875,32.26376724243164,35.104862213134766,0.2081023985284043,penmanshiel,201,rolling_fold_3,soft-gate-bin,5.0,15.0,14
1252518,2476.605712890625,178472.765625,79883.96875,79978.6484375,2677090.75,2756974.71875,32.25542449951172,35.104862213134766,0.056242704695661,penmanshiel,201,rolling_fold_3,soft-gate-bin,20.0,15.0,14
1252518,6600.93017578125,128338.6953125,211208.671875,211859.25,1925080.375,2136289.046875,31.996807098388672,35.104862213134766,0.1087944444710575,penmanshiel,201,rolling_fold_3,soft-pab-bin,10.0,15.0,14
1252518,16713.58203125,63014.05078125,536596.0625,540477.0,945210.6875,1481806.75,32.105377197265625,35.104862213134766,0.2109047534646208,penmanshiel,201,rolling_fold_3,soft-pab-bin,5.0,15.0,14
1252518,2536.140869140625,178096.015625,82886.265625,82989.6328125,2671442.25,2754328.515625,32.682029724121094,35.104862213134766,0.0562115674185919,penmanshiel,201,rolling_fold_3,soft-pab-bin,20.0,15.0,14
1299257,6516.69677734375,136748.25,836764.5,837429.3125,2051222.375,2887986.875,128.40316772460938,134.39352416992188,0.1032905729967204,penmanshiel,201,rolling_fold_4,global,10.0,15.0,14
1299257,16916.248046875,66845.2734375,2161719.25,2163874.25,1002681.5,3164400.75,127.78948974609376,134.39352416992188,0.2020593308329299,penmanshiel,201,rolling_fold_4,global,5.0,15.0,14
1299257,2494.078369140625,189232.96875,319552.96875,319778.40625,2838491.5,3158044.46875,128.1246795654297,134.39352416992188,0.0530880341610628,penmanshiel,201,rolling_fold_4,global,20.0,15.0,14
1299257,6412.9560546875,136718.96875,822784.9375,823511.9375,2050785.75,2873570.6875,128.30038452148438,134.39352416992188,0.1033459892846449,penmanshiel,201,rolling_fold_4,soft-gate-bin,10.0,15.0,14
1299257,16921.5390625,66823.046875,2162049.25,2164223.0,1002345.875,3164395.125,127.7690658569336,134.39352416992188,0.2021463036181448,penmanshiel,201,rolling_fold_4,soft-gate-bin,5.0,15.0,14
1299257,2407.874267578125,188223.59375,308508.15625,308742.71875,2823356.25,3131864.40625,128.1247100830078,134.39352416992188,0.0534020597926353,penmanshiel,201,rolling_fold_4,soft-gate-bin,20.0,15.0,14
1299257,6519.275390625,136711.84375,836954.8125,837619.375,2050677.75,2887632.5625,128.38157653808594,134.39352416992188,0.1033459892846449,penmanshiel,201,rolling_fold_4,soft-pab-bin,10.0,15.0,14
1299257,16799.396484375,67202.265625,2147291.5,2149394.0,1008034.3125,3155325.8125,127.81951904296876,134.39352416992188,0.2007824471986681,penmanshiel,201,rolling_fold_4,soft-pab-bin,5.0,15.0,14
1299257,2495.51416015625,189074.609375,319650.375,319876.53125,2836119.0,3155769.375,128.08999633789062,134.39352416992188,0.0535228980871375,penmanshiel,201,rolling_fold_4,soft-pab-bin,20.0,15.0,14
1065453,5128.4580078125,115111.3359375,1059491.25,1063929.0,1726666.75,2786158.0,206.59066772460935,202.1800994873047,0.1056086002855123,penmanshiel,201,rolling_fold_5,global,10.0,15.0,14
1065453,14396.251953125,56544.14453125,2961679.5,2971569.25,848162.4375,3809841.9375,205.7257843017578,202.1800994873047,0.2195038166864235,penmanshiel,201,rolling_fold_5,global,5.0,15.0,14
1065453,1848.148681640625,158067.8125,381232.875,382975.15625,2371016.0,2752248.875,206.27821350097656,202.1800994873047,0.0509501592280466,penmanshiel,201,rolling_fold_5,global,20.0,15.0,14
1065453,4958.31396484375,116008.8359375,1014338.5,1018657.5625,1740133.125,2754471.625,204.57334899902344,202.1800994873047,0.1050173024995002,penmanshiel,201,rolling_fold_5,soft-gate-bin,10.0,15.0,14
1065453,14202.1044921875,57249.05859375,2912270.5,2922117.5,858735.75,3771006.25,205.0590667724609,202.1800994873047,0.2179870909369066,penmanshiel,201,rolling_fold_5,soft-gate-bin,5.0,15.0,14
1065453,1714.7103271484375,158618.640625,348730.65625,350369.125,2379279.75,2728010.40625,203.37586975097656,202.1800994873047,0.0505156022837234,penmanshiel,201,rolling_fold_5,soft-gate-bin,20.0,15.0,14
1065453,5155.3642578125,114908.9765625,1065001.75,1069450.125,1723634.625,2788636.375,206.58128356933597,202.1800994873047,0.1059868431549772,penmanshiel,201,rolling_fold_5,soft-pab-bin,10.0,15.0,14
1065453,14347.060546875,56828.28515625,2957194.5,2967069.5,852424.4375,3809618.9375,206.1184234619141,202.1800994873047,0.2184835933635739,penmanshiel,201,rolling_fold_5,soft-pab-bin,5.0,15.0,14
1065453,1843.3287353515625,157832.5,379267.46875,381009.6875,2367487.25,2746754.71875,205.7513732910156,202.1800994873047,0.0512551938001957,penmanshiel,201,rolling_fold_5,soft-pab-bin,20.0,15.0,14
811944,3696.530029296875,88847.484375,319228.65625,325577.59375,1332714.125,1651942.78125,86.35896301269531,91.09074401855467,0.0949018651532618,penmanshiel,201,rolling_fold_6,global,10.0,15.0,14
811944,9677.1474609375,45790.89453125,845462.1875,861134.875,686863.625,1532325.8125,87.3669204711914,91.09074401855467,0.1903936724700225,penmanshiel,201,rolling_fold_6,global,5.0,15.0,14
811944,1437.3330078125,120955.796875,124373.453125,126650.3359375,1814336.25,1938709.703125,86.53070831298828,91.09074401855467,0.0490895923856817,penmanshiel,201,rolling_fold_6,global,20.0,15.0,14
811944,3621.29541015625,88097.3984375,316695.09375,322488.375,1321461.375,1638156.46875,87.45356750488281,91.09074401855467,0.0966569122993704,penmanshiel,201,rolling_fold_6,soft-gate-bin,10.0,15.0,14
811944,9694.4736328125,45214.984375,853241.0,868394.5,678224.75,1531465.75,88.01313018798828,91.09074401855467,0.193204211127861,penmanshiel,201,rolling_fold_6,soft-gate-bin,5.0,15.0,14
811944,1348.0037841796875,119468.5546875,118078.453125,119993.625,1792028.625,1910107.078125,87.59504699707031,91.09074401855467,0.049732493866572,penmanshiel,201,rolling_fold_6,soft-gate-bin,20.0,15.0,14
811944,3695.38671875,88863.484375,319062.03125,325406.53125,1332952.625,1652014.65625,86.34066772460938,91.09074401855467,0.0948562955080646,penmanshiel,201,rolling_fold_6,soft-pab-bin,10.0,15.0,14
811944,9656.5693359375,45747.09375,842112.5625,857866.5,686206.5625,1528319.125,87.20618438720703,91.09074401855467,0.18996383987073,penmanshiel,201,rolling_fold_6,soft-pab-bin,5.0,15.0,14
811944,1439.0174560546875,121070.34375,124690.9765625,126888.0859375,1816055.5,1940746.4765625,86.65005493164062,91.09074401855467,0.0495982481550451,penmanshiel,201,rolling_fold_6,soft-pab-bin,20.0,15.0,14
985713,4747.08251953125,69099.1328125,181368.375,182885.125,1036484.625,1217853.0,38.20626449584961,41.46796798706055,0.1000007101458538,penmanshiel,201,year_1,global,10.0,15.0,14
985713,11756.98828125,21078.88671875,436101.46875,440747.40625,316183.5625,752285.03125,37.09296798706055,41.46796798706055,0.2000004057976307,penmanshiel,201,year_1,global,5.0,15.0,14
985713,1859.264892578125,108734.5390625,73392.1484375,73854.828125,1631019.0,1704411.1484375,39.473751068115234,41.46796798706055,0.0500003550729269,penmanshiel,201,year_1,global,20.0,15.0,14
985713,4312.1181640625,68625.84375,162725.65625,164654.25,1029388.0,1192113.65625,37.73683547973633,41.46796798706055,0.1000017246399306,penmanshiel,201,year_1,soft-gate-bin,10.0,15.0,14
985713,10961.5224609375,22611.923828125,404794.53125,409674.53125,339179.0625,743973.59375,36.928688049316406,41.46796798706055,0.1945140218298835,penmanshiel,201,year_1,soft-gate-bin,5.0,15.0,14
985713,1554.6473388671875,106232.2265625,60185.19921875,60834.26171875,1593483.625,1653668.82421875,38.713077545166016,41.46796798706055,0.0500033985551575,penmanshiel,201,year_1,soft-gate-bin,20.0,15.0,14
985713,4747.08251953125,69099.1328125,181368.375,182885.125,1036484.625,1217853.0,38.20626449584961,41.46796798706055,0.1000007101458538,penmanshiel,201,year_1,soft-pab-bin,10.0,15.0,14
985713,11756.98828125,21078.88671875,436101.46875,440747.40625,316183.5625,752285.03125,37.09296798706055,41.46796798706055,0.2000004057976307,penmanshiel,201,year_1,soft-pab-bin,5.0,15.0,14
985713,1859.264892578125,108734.5390625,73392.1484375,73854.828125,1631019.0,1704411.1484375,39.473751068115234,41.46796798706055,0.0500003550729269,penmanshiel,201,year_1,soft-pab-bin,20.0,15.0,14
1397748,12845.9921875,97983.109375,535288.0,536032.8125,1469745.0,2005033.0,41.66962814331055,43.41042709350586,0.1655284071234586,penmanshiel,201,year_2,global,10.0,15.0,14
1397748,28274.46484375,29890.041015625,1191275.875,1193831.375,448350.5625,1639626.4375,42.13258361816406,43.41042709350586,0.2973948093647782,penmanshiel,201,year_2,global,5.0,15.0,14
1397748,5733.67822265625,154186.15625,233733.171875,233909.703125,2312798.0,2546531.171875,40.76495361328125,43.41042709350586,0.0920266027924919,penmanshiel,201,year_2,global,20.0,15.0,14
1397748,9291.119140625,122156.1953125,384875.8125,385214.3125,1832343.625,2217219.4375,41.4240608215332,43.41042709350586,0.1329324026934755,penmanshiel,201,year_2,soft-gate-bin,10.0,15.0,14
1397748,22857.044921875,49984.90234375,960738.1875,962389.4375,749773.25,1710511.4375,42.0324821472168,43.41042709350586,0.2532588134627987,penmanshiel,201,year_2,soft-gate-bin,5.0,15.0,14
1397748,3508.462890625,181614.921875,141489.453125,141558.796875,2724223.0,2865712.453125,40.32806396484375,43.41042709350586,0.0670435586386101,penmanshiel,201,year_2,soft-gate-bin,20.0,15.0,14
1397748,15029.3037109375,89988.8515625,642882.625,643627.4375,1349831.375,1992714.0,42.775272369384766,43.41042709350586,0.1838700538294456,penmanshiel,201,year_2,soft-pab-bin,10.0,15.0,14
1397748,28525.373046875,29184.2109375,1203660.125,1206215.75,437763.28125,1641423.40625,42.19612884521485,43.41042709350586,0.2994216410969645,penmanshiel,201,year_2,soft-pab-bin,5.0,15.0,14
1397748,8798.2177734375,140176.296875,384214.25,384390.75,2102647.75,2486862.0,43.6695556640625,43.41042709350586,0.1199264817406284,penmanshiel,201,year_2,soft-pab-bin,20.0,15.0,14
1118616,9696.3330078125,78415.7421875,543318.375,553159.6875,1176233.875,1719552.25,56.03338623046875,56.46099090576172,0.159878814535104,penmanshiel,201,year_3,global,10.0,15.0,14
1118616,21552.63671875,23920.947265625,1214569.875,1230553.125,358814.375,1573384.25,56.35364532470703,56.46099090576172,0.2838257275061325,penmanshiel,201,year_3,global,5.0,15.0,14
1118616,4180.365234375,123395.140625,232222.671875,238299.859375,1850928.75,2083151.421875,55.55079650878906,56.46099090576172,0.0894390925929899,penmanshiel,201,year_3,global,20.0,15.0,14
1118616,6718.123046875,99824.625,376814.28125,384590.53125,1497368.625,1874182.90625,56.0892333984375,56.46099090576172,0.1248542842226465,penmanshiel,201,year_3,soft-gate-bin,10.0,15.0,14
1118616,17039.72265625,41617.625,961267.75,974840.0625,624264.375,1585532.125,56.4133186340332,56.46099090576172,0.2392143505903723,penmanshiel,201,year_3,soft-gate-bin,5.0,15.0,14
1118616,2353.939697265625,147981.953125,130099.734375,134331.0,2219729.25,2349828.984375,55.26890563964844,56.46099090576172,0.0614196471353887,penmanshiel,201,year_3,soft-gate-bin,20.0,15.0,14
1118616,23089.728515625,18643.583984375,1301651.25,1318352.75,279653.96875,1581305.21875,56.37361145019531,56.46099090576172,0.2987933303296216,penmanshiel,201,year_3,soft-pab-bin,10.0,15.0,14
1118616,23089.728515625,18643.583984375,1301651.25,1318352.75,279653.96875,1581305.21875,56.37361145019531,56.46099090576172,0.2987933303296216,penmanshiel,201,year_3,soft-pab-bin,5.0,15.0,14
1118616,23089.728515625,18643.583984375,1301651.25,1318352.75,279653.96875,1581305.21875,56.37361145019531,56.46099090576172,0.2987933303296216,penmanshiel,201,year_3,soft-pab-bin,20.0,15.0,14
1274015,11293.8388671875,89309.3359375,430265.6875,432346.125,1339638.0,1769903.6875,38.09739685058594,39.33101272583008,0.1549102640078806,penmanshiel,201,year_4,global,10.0,15.0,14
1274015,24288.619140625,27244.07421875,944126.625,949699.875,408661.1875,1352787.8125,38.87117385864258,39.33101272583008,0.2720784292178663,penmanshiel,201,year_4,global,5.0,15.0,14
1274015,5167.36328125,140537.21875,193026.125,193752.84375,2108061.5,2301087.625,37.35485076904297,39.33101272583008,0.0880366400709567,penmanshiel,201,year_4,global,20.0,15.0,14
1274015,8063.48583984375,113057.5859375,305078.1875,306419.875,1695864.125,2000942.3125,37.83452224731445,39.33101272583008,0.123326648430356,penmanshiel,201,year_4,soft-gate-bin,10.0,15.0,14
1274015,19476.97265625,46910.23828125,753620.875,757758.625,703653.8125,1457274.6875,38.69291687011719,39.33101272583008,0.2306966558478511,penmanshiel,201,year_4,soft-gate-bin,5.0,15.0,14
1274015,3079.657470703125,167714.109375,114331.8203125,114634.9921875,2515711.0,2630042.8203125,37.12485122680664,39.33101272583008,0.0633768048256888,penmanshiel,201,year_4,soft-gate-bin,20.0,15.0,14
1274015,25966.71875,21233.564453125,1010969.25,1017088.5,318503.71875,1329472.96875,38.93326950073242,39.33101272583008,0.2864283387558231,penmanshiel,201,year_4,soft-pab-bin,10.0,15.0,14
1274015,25966.71875,21233.564453125,1010969.25,1017088.5,318503.71875,1329472.96875,38.93326950073242,39.33101272583008,0.2864283387558231,penmanshiel,201,year_4,soft-pab-bin,5.0,15.0,14
1274015,25966.71875,21233.564453125,1010969.25,1017088.5,318503.71875,1329472.96875,38.93326950073242,39.33101272583008,0.2864283387558231,penmanshiel,201,year_4,soft-pab-bin,20.0,15.0,14
1252518,12081.1064453125,87802.375,387210.71875,389381.4375,1317033.625,1704244.34375,32.0509147644043,35.104862213134766,0.1646930423355193,penmanshiel,201,year_5,global,10.0,15.0,14
1252518,25731.404296875,26784.373046875,836687.125,844430.5625,401765.65625,1238452.78125,32.51618194580078,35.104862213134766,0.2911535003888167,penmanshiel,201,year_5,global,5.0,15.0,14
1252518,5571.2763671875,138165.890625,179215.3125,179685.0625,2072491.375,2251706.6875,32.167724609375,35.104862213134766,0.097387023579701,penmanshiel,201,year_5,global,20.0,15.0,14
1252518,8584.8251953125,111642.6796875,273151.03125,274585.6875,1674640.25,1947791.28125,31.817890167236328,35.104862213134766,0.1321769427664911,penmanshiel,201,year_5,soft-gate-bin,10.0,15.0,14
1252518,20682.74609375,46548.4375,663410.1875,669629.9375,698226.625,1361636.8125,32.075538635253906,35.104862213134766,0.2470192045144261,penmanshiel,201,year_5,soft-gate-bin,5.0,15.0,14
1252518,3268.018798828125,165498.296875,104921.0859375,105115.4765625,2482474.0,2587395.0859375,32.10540008544922,35.104862213134766,0.0688469147748774,penmanshiel,201,year_5,soft-gate-bin,20.0,15.0,14
1252518,27457.615234375,21153.40625,894435.625,902933.9375,317301.34375,1211736.96875,32.575130462646484,35.104862213134766,0.3054239539870884,penmanshiel,201,year_5,soft-pab-bin,10.0,15.0,14
1252518,27490.544921875,20899.837890625,895712.875,904211.25,313497.84375,1209210.71875,32.58258056640625,35.104862213134766,0.3058542871240173,penmanshiel,201,year_5,soft-pab-bin,5.0,15.0,14
1252518,27445.673828125,21362.69921875,893979.4375,902477.75,320440.71875,1214420.15625,32.57267761230469,35.104862213134766,0.3052163721399613,penmanshiel,201,year_5,soft-pab-bin,20.0,15.0,14
1299257,12514.65234375,91078.8125,1600968.75,1602495.5,1366180.375,2967149.125,127.92762756347656,134.39352416992188,0.1623920440682636,penmanshiel,201,year_6,global,10.0,15.0,14
1299257,26300.34765625,27783.861328125,3365211.25,3368753.25,416757.96875,3781969.21875,127.953125,134.39352416992188,0.2814023707395842,penmanshiel,201,year_6,global,5.0,15.0,14
1299257,5861.826171875,143321.65625,753089.25,753668.6875,2149828.5,2902917.75,128.47348022460938,134.39352416992188,0.0960248819132781,penmanshiel,201,year_6,global,20.0,15.0,14
1299257,8868.0888671875,115512.984375,1130730.25,1131780.25,1732694.625,2863424.875,127.50546264648438,134.39352416992188,0.1291014787682498,penmanshiel,201,year_6,soft-gate-bin,10.0,15.0,14
1299257,21005.396484375,48094.90625,2674678.0,2677449.75,721423.8125,3396101.8125,127.3328628540039,134.39352416992188,0.2388749877814781,penmanshiel,201,year_6,soft-gate-bin,5.0,15.0,14
1299257,3451.047607421875,171081.890625,440705.75,441058.375,2566228.75,3006934.5,127.70196533203124,134.39352416992188,0.0679896279181101,penmanshiel,201,year_6,soft-gate-bin,20.0,15.0,14
1299257,28065.642578125,21686.0078125,3592872.25,3596682.25,325290.3125,3918162.5625,128.01670837402344,134.39352416992188,0.2956905369761333,penmanshiel,201,year_6,soft-pab-bin,10.0,15.0,14
1299257,28068.484375,21657.0703125,3593422.0,3597232.0,324856.3125,3918278.3125,128.0233612060547,134.39352416992188,0.2957320991920767,penmanshiel,201,year_6,soft-pab-bin,5.0,15.0,14
1299257,28064.689453125,21709.89453125,3592645.0,3596455.0,325648.65625,3918293.65625,128.01296997070312,134.39352416992188,0.2956751435628209,penmanshiel,201,year_6,soft-pab-bin,20.0,15.0,14
1065453,10794.0810546875,74688.9765625,2222183.75,2230141.5,1120332.25,3342516.0,205.8705139160156,202.1800994873047,0.1784874602633809,penmanshiel,201,year_7,global,10.0,15.0,14
1065453,23321.556640625,22784.0859375,4794715.5,4808989.0,341761.46875,5136476.96875,205.5915069580078,202.1800994873047,0.3124483201042186,penmanshiel,201,year_7,global,5.0,15.0,14
1065453,4877.39697265625,117530.703125,1007780.9375,1012038.8125,1762961.875,2770742.8125,206.62266540527344,202.1800994873047,0.1019491239876371,penmanshiel,201,year_7,global,20.0,15.0,14
1065453,7606.775390625,94764.5,1553936.25,1560367.0,1421467.375,2975403.625,204.283203125,202.1800994873047,0.1403712786955407,penmanshiel,201,year_7,soft-gate-bin,10.0,15.0,14
1065453,18561.626953125,39487.65625,3799123.25,3811592.25,592314.75,4391438.0,204.6761779785156,202.1800994873047,0.2651848556435619,penmanshiel,201,year_7,soft-gate-bin,5.0,15.0,14
1065453,2858.791748046875,140542.859375,580397.125,583374.9375,2108143.0,2688540.125,203.02178955078125,202.1800994873047,0.0712157176337201,penmanshiel,201,year_7,soft-gate-bin,20.0,15.0,14
1065453,24930.09765625,17761.3828125,5125097.5,5140130.0,266420.9375,5391518.4375,205.57876586914065,202.1800994873047,0.3281505613105411,penmanshiel,201,year_7,soft-pab-bin,10.0,15.0,14
1065453,24931.296875,17757.875,5125250.0,5140282.5,266368.34375,5391618.34375,205.574951171875,202.1800994873047,0.3281721483725701,penmanshiel,201,year_7,soft-pab-bin,5.0,15.0,14
1065453,24929.8828125,17764.279296875,5125057.0,5140089.5,266464.375,5391521.375,205.57888793945312,202.1800994873047,0.3281383599276551,penmanshiel,201,year_7,soft-pab-bin,20.0,15.0,14
811944,7723.54736328125,56917.79296875,673008.5,685776.1875,853765.4375,1526773.9375,87.13721466064453,91.09074401855467,0.1613559555831436,penmanshiel,201,year_8,global,10.0,15.0,14
811944,16356.5068359375,17362.927734375,1435498.75,1460810.375,260444.296875,1695943.046875,87.76321411132812,91.09074401855467,0.2849839397790981,penmanshiel,201,year_8,global,5.0,15.0,14
811944,3628.795166015625,89565.984375,313332.5,319564.125,1343489.875,1656822.375,86.34614562988281,91.09074401855467,0.0936517789404195,penmanshiel,201,year_8,global,20.0,15.0,14
811944,5477.3232421875,71288.8984375,479206.5625,488212.1875,1069333.875,1548540.4375,87.48919677734375,91.09074401855467,0.1275358891746228,penmanshiel,201,year_8,soft-gate-bin,10.0,15.0,14
811944,13075.3408203125,29361.591796875,1152674.25,1172818.375,440423.90625,1593098.15625,88.15633392333984,91.09074401855467,0.2415511414580315,penmanshiel,201,year_8,soft-gate-bin,5.0,15.0,14
811944,2156.489013671875,105779.1171875,188400.84375,191828.796875,1586686.5,1775087.34375,87.36460876464844,91.09074401855467,0.0664220685170405,penmanshiel,201,year_8,soft-gate-bin,20.0,15.0,14
811944,17476.62890625,13534.9541015625,1534568.625,1561464.875,203024.453125,1737593.078125,87.80689239501953,91.09074401855467,0.3000761136235996,penmanshiel,201,year_8,soft-pab-bin,10.0,15.0,14
811944,17476.90625,13532.615234375,1534600.375,1561496.625,202989.375,1737589.75,87.80730438232422,91.09074401855467,0.3000847349078261,penmanshiel,201,year_8,soft-pab-bin,5.0,15.0,14
811944,17476.61328125,13536.8837890625,1534566.875,1561462.875,203053.40625,1737620.28125,87.80684661865234,91.09074401855467,0.3000736503995349,penmanshiel,201,year_8,soft-pab-bin,20.0,15.0,14
9172206,87534.6640625,609751.3125,7090468.0,7131341.5,9146357.0,16236825.0,81.001953125,79.45890045166016,0.1656858775304436,penmanshiel,201,pooled_multiyear_full,global,10.0,15.0,14
9172206,177844.21875,198295.53125,14352638.0,14432708.0,2974379.75,17327017.75,80.7034683227539,79.45890045166016,0.280607631359348,penmanshiel,201,pooled_multiyear_full,global,5.0,15.0,14
9172206,42699.03125,952597.3125,3476043.75,3497488.25,14288947.0,17764990.75,81.40805053710938,79.45890045166016,0.0994596065548462,penmanshiel,201,pooled_multiyear_full,global,20.0,15.0,14
9172206,49653.35546875,877847.875,3950832.5,3975826.75,13167700.0,17118532.5,79.56831359863281,79.45890045166016,0.1139181784621932,penmanshiel,201,pooled_multiyear_full,soft-gate-bin,10.0,15.0,14
9172206,122628.40625,422045.53125,9769122.0,9826983.0,6330682.0,16099804.0,79.66445922851562,79.45890045166016,0.2142458422761111,penmanshiel,201,pooled_multiyear_full,soft-gate-bin,5.0,15.0,14
9172206,17762.701171875,1262744.125,1406705.75,1416431.25,18941152.0,20347857.75,79.19428253173828,79.45890045166016,0.0562810080802807,penmanshiel,201,pooled_multiyear_full,soft-gate-bin,20.0,15.0,14
9172206,170906.265625,250537.546875,14592500.0,14673814.0,3758087.0,18350587.0,85.38307189941406,79.45890045166016,0.2693782717047567,penmanshiel,201,pooled_multiyear_full,soft-pab-bin,10.0,15.0,14
9172206,188367.90625,162579.09375,15301171.0,15386327.0,2438705.25,17739876.25,81.23016357421875,79.45890045166016,0.2929067445715894,penmanshiel,201,pooled_multiyear_full,soft-pab-bin,5.0,15.0,14
9172206,162520.421875,323824.90625,14247769.0,14328012.0,4857400.0,19105169.0,87.66755676269531,79.45890045166016,0.2560667520986772,penmanshiel,201,pooled_multiyear_full,soft-pab-bin,20.0,15.0,14
1118616,5690.90478515625,133876.15625,319815.625,327132.375,2008136.75,2327952.375,56.19770050048828,56.46099090576172,0.115043053201456,penmanshiel,202,rolling_fold_1,global,10.0,15.0,14
1118616,14722.9140625,79386.3046875,834041.5,846447.125,1190793.875,2024835.375,56.64921951293945,56.46099090576172,0.223342058400738,penmanshiel,202,rolling_fold_1,global,5.0,15.0,14
1118616,2096.747802734375,176601.546875,116652.15625,120924.53125,2649021.75,2765673.90625,55.63478469848633,56.46099090576172,0.0568872606864196,penmanshiel,202,rolling_fold_1,global,20.0,15.0,14
1118616,8779.259765625,110653.4375,494252.53125,503595.3125,1659801.625,2154054.15625,56.29776763916016,56.46099090576172,0.1551139980118289,penmanshiel,202,rolling_fold_1,soft-gate-bin,10.0,15.0,14
1118616,20081.654296875,57607.265625,1138896.0,1153858.25,864109.1875,2003005.1875,56.71324157714844,56.46099090576172,0.2795320288642394,penmanshiel,202,rolling_fold_1,soft-gate-bin,5.0,15.0,14
1118616,3939.997314453125,150899.296875,219719.453125,225763.875,2263490.5,2483209.953125,55.766387939453125,56.46099090576172,0.0887945461177025,penmanshiel,202,rolling_fold_1,soft-gate-bin,20.0,15.0,14
1118616,6185.16259765625,129707.171875,347846.65625,355501.875,1945608.5,2293455.15625,56.238895416259766,56.46099090576172,0.1220964119948221,penmanshiel,202,rolling_fold_1,soft-pab-bin,10.0,15.0,14
1118616,14344.267578125,81097.7890625,812443.25,824664.5,1216469.125,2028912.375,56.63887023925781,56.46099090576172,0.2191949694980225,penmanshiel,202,rolling_fold_1,soft-pab-bin,5.0,15.0,14
1118616,2668.82763671875,167390.796875,148870.40625,153733.390625,2510857.75,2659728.15625,55.78121948242188,56.46099090576172,0.0674932237693721,penmanshiel,202,rolling_fold_1,soft-pab-bin,20.0,15.0,14
1274015,5770.619140625,168330.375,214701.078125,215659.96875,2524958.75,2739659.828125,37.20589447021485,39.33101272583008,0.0962445497109531,penmanshiel,202,rolling_fold_2,global,10.0,15.0,14
1274015,14124.1650390625,107561.0859375,537043.0625,540210.625,1613416.5,2150459.5625,38.02298355102539,39.33101272583008,0.1851296884259604,penmanshiel,202,rolling_fold_2,global,5.0,15.0,14
1274015,2437.6455078125,214386.640625,89403.4921875,89620.0703125,3215801.25,3305204.7421875,36.67616271972656,39.33101272583008,0.0515661118589655,penmanshiel,202,rolling_fold_2,global,20.0,15.0,14
1274015,6574.68505859375,159815.515625,244910.0,246108.1875,2397233.25,2642143.25,37.25046920776367,39.33101272583008,0.1060521265448209,penmanshiel,202,rolling_fold_2,soft-gate-bin,10.0,15.0,14
1274015,15728.5419921875,98612.6875,599403.9375,603153.125,1479190.375,2078594.3125,38.10930633544922,39.33101272583008,0.2007291907866077,penmanshiel,202,rolling_fold_2,soft-gate-bin,5.0,15.0,14
1274015,2945.384765625,204625.328125,108105.0234375,108430.078125,3069380.25,3177485.2734375,36.70319366455078,39.33101272583008,0.0592818765870103,penmanshiel,202,rolling_fold_2,soft-gate-bin,20.0,15.0,14
1274015,6420.87158203125,161558.78125,239089.0,240254.25,2423382.25,2662471.25,37.2362174987793,39.33101272583008,0.1034485465241775,penmanshiel,202,rolling_fold_2,soft-pab-bin,10.0,15.0,14
1274015,15283.7509765625,100910.34375,581055.6875,584793.375,1513656.0,2094711.6875,38.017852783203125,39.33101272583008,0.1958830939981083,penmanshiel,202,rolling_fold_2,soft-pab-bin,5.0,15.0,14
1274015,2869.3291015625,206450.3125,105469.5078125,105771.78125,3096754.5,3202224.0078125,36.75756454467773,39.33101272583008,0.0577701204459916,penmanshiel,202,rolling_fold_2,soft-pab-bin,20.0,15.0,14
1252518,6418.90625,161536.296875,213063.65625,213773.875,2423046.25,2636109.90625,33.19314193725586,35.104862213134766,0.1092742778946091,penmanshiel,202,rolling_fold_3,global,10.0,15.0,14
1252518,16279.2119140625,98961.078125,539927.0,544345.8125,1484415.5,2024342.5,33.16667175292969,35.104862213134766,0.2143498137352117,penmanshiel,202,rolling_fold_3,global,5.0,15.0,14
1252518,2575.218994140625,208721.34375,85762.3046875,85849.40625,3130826.5,3216588.8046875,33.302913665771484,35.104862213134766,0.0563233422593527,penmanshiel,202,rolling_fold_3,global,20.0,15.0,14
1252518,6332.06005859375,161699.1875,208899.359375,209620.53125,2425487.25,2634386.609375,32.990745544433594,35.104862213134766,0.1077413657927471,penmanshiel,202,rolling_fold_3,soft-gate-bin,10.0,15.0,14
1252518,16012.89453125,98980.8984375,527285.0625,531765.125,1484713.625,2011998.6875,32.928768157958984,35.104862213134766,0.2098173439423625,penmanshiel,202,rolling_fold_3,soft-gate-bin,5.0,15.0,14
1252518,2533.486083984375,208985.5625,83892.734375,83974.40625,3134782.25,3218674.984375,33.11355972290039,35.104862213134766,0.0555968057944077,penmanshiel,202,rolling_fold_3,soft-gate-bin,20.0,15.0,14
1252518,6442.6943359375,161013.546875,213177.125,213905.203125,2415204.0,2628381.125,33.08820724487305,35.104862213134766,0.1087010326398502,penmanshiel,202,rolling_fold_3,soft-pab-bin,10.0,15.0,14
1252518,16223.88671875,98446.3203125,536015.6875,540382.25,1476694.25,2012709.9375,33.038673400878906,35.104862213134766,0.2132512267288773,penmanshiel,202,rolling_fold_3,soft-pab-bin,5.0,15.0,14
1252518,2579.28515625,208589.15625,85814.6796875,85901.1875,3128836.75,3214651.4296875,33.27072525024414,35.104862213134766,0.056362463453619,penmanshiel,202,rolling_fold_3,soft-pab-bin,20.0,15.0,14
1299257,6550.27294921875,171830.53125,836949.8125,837681.875,2577456.75,3414406.5625,127.77323150634766,134.39352416992188,0.1042665154007251,penmanshiel,202,rolling_fold_4,global,10.0,15.0,14
1299257,16363.08984375,105788.2734375,2092673.25,2094892.5,1586824.875,3679498.125,127.88980865478516,134.39352416992188,0.2010087303743601,penmanshiel,202,rolling_fold_4,global,5.0,15.0,14
1299257,2600.243408203125,222462.421875,331228.6875,331473.59375,3336946.5,3668175.1875,127.38372039794922,134.39352416992188,0.0548120964520491,penmanshiel,202,rolling_fold_4,global,20.0,15.0,14
1299257,6489.92333984375,170774.5625,829159.3125,829914.3125,2561619.0,3390778.3125,127.76106262207033,134.39352416992188,0.1034845300044564,penmanshiel,202,rolling_fold_4,soft-gate-bin,10.0,15.0,14
1299257,16360.5556640625,104075.8828125,2090328.875,2092581.875,1561137.75,3651466.625,127.766357421875,134.39352416992188,0.2008832740558642,penmanshiel,202,rolling_fold_4,soft-gate-bin,5.0,15.0,14
1299257,2538.48095703125,222047.078125,323551.40625,323796.46875,3330706.5,3654257.90625,127.45867919921876,134.39352416992188,0.0540693642597269,penmanshiel,202,rolling_fold_4,soft-gate-bin,20.0,15.0,14
1299257,6558.59765625,171476.78125,838648.1875,839352.875,2572152.75,3410800.9375,127.87004852294922,134.39352416992188,0.1035045414417624,penmanshiel,202,rolling_fold_4,soft-pab-bin,10.0,15.0,14
1299257,16243.9560546875,105724.7109375,2079222.625,2081358.375,1585870.25,3665092.875,127.999755859375,134.39352416992188,0.1990791660156535,penmanshiel,202,rolling_fold_4,soft-pab-bin,5.0,15.0,14
1299257,2603.099853515625,222426.78125,331628.25,331873.46875,3336402.5,3668030.75,127.39742279052734,134.39352416992188,0.054646617258941,penmanshiel,202,rolling_fold_4,soft-pab-bin,20.0,15.0,14
1065453,4668.44970703125,143761.9375,999594.0625,1004526.9375,2156430.0,3156024.0625,214.116943359375,202.1800994873047,0.0986481806330265,penmanshiel,202,rolling_fold_5,global,10.0,15.0,14
1065453,12781.0361328125,88685.5,2712576.0,2722690.0,1330282.0,4042858.0,212.23443603515625,202.1800994873047,0.2031351922609444,penmanshiel,202,rolling_fold_5,global,5.0,15.0,14
1065453,1701.231201171875,185595.171875,362740.1875,364886.375,2783926.75,3146666.9375,213.22219848632807,202.1800994873047,0.0471517748788543,penmanshiel,202,rolling_fold_5,global,20.0,15.0,14
1065453,4708.15087890625,141668.375,1000083.375,1004840.5,2125025.25,3125108.625,212.41534423828125,202.1800994873047,0.0992995467655541,penmanshiel,202,rolling_fold_5,soft-gate-bin,10.0,15.0,14
1065453,12952.2109375,85918.0546875,2726661.75,2736583.0,1288770.625,4015432.375,210.51715087890625,202.1800994873047,0.2049569525826104,penmanshiel,202,rolling_fold_5,soft-gate-bin,5.0,15.0,14
1065453,1688.2200927734375,184200.703125,358663.15625,360641.03125,2763012.0,3121675.15625,212.45053100585935,202.1800994873047,0.0472024575462268,penmanshiel,202,rolling_fold_5,soft-gate-bin,20.0,15.0,14
1065453,4688.6259765625,143593.875,1005839.6875,1010800.0625,2153908.0,3159747.6875,214.52757263183597,202.1800994873047,0.0981591867496736,penmanshiel,202,rolling_fold_5,soft-pab-bin,10.0,15.0,14
1065453,12688.4765625,88874.9765625,2703523.75,2713647.0,1333124.375,4036648.125,213.0693206787109,202.1800994873047,0.2006930385479228,penmanshiel,202,rolling_fold_5,soft-pab-bin,5.0,15.0,14
1065453,1702.1529541015625,185644.53125,363167.40625,365312.5,2784668.5,3147835.90625,213.357666015625,202.1800994873047,0.0470353924574805,penmanshiel,202,rolling_fold_5,soft-pab-bin,20.0,15.0,14
811944,3943.15283203125,109300.3515625,329474.96875,336818.65625,1639502.375,1968977.34375,83.55622863769531,91.09074401855467,0.0999219157971485,penmanshiel,202,rolling_fold_6,global,10.0,15.0,14
811944,10067.390625,67459.9921875,849413.375,867513.5,1011899.5625,1861312.9375,84.37272644042969,91.09074401855467,0.2012515641472811,penmanshiel,202,rolling_fold_6,global,5.0,15.0,14
811944,1575.986328125,141201.234375,132006.015625,134943.65625,2118019.75,2250025.765625,83.76087951660156,91.09074401855467,0.0519666380932675,penmanshiel,202,rolling_fold_6,global,20.0,15.0,14
811944,3757.567626953125,108986.9375,314428.0,321515.84375,1634804.125,1949232.125,83.67860412597656,91.09074401855467,0.0978097011616564,penmanshiel,202,rolling_fold_6,soft-gate-bin,10.0,15.0,14
811944,9736.9443359375,67233.890625,826282.0625,843249.375,1008508.375,1834790.4375,84.86051177978516,91.09074401855467,0.1975431803178544,penmanshiel,202,rolling_fold_6,soft-gate-bin,5.0,15.0,14
811944,1468.349853515625,140902.859375,122359.6953125,125219.2421875,2113543.5,2235903.1953125,83.3314437866211,91.09074401855467,0.0498224015449341,penmanshiel,202,rolling_fold_6,soft-gate-bin,20.0,15.0,14
811944,3944.37451171875,109100.2578125,329328.0625,336756.84375,1636503.875,1965831.9375,83.49311065673828,91.09074401855467,0.0996386450297064,penmanshiel,202,rolling_fold_6,soft-pab-bin,10.0,15.0,14
811944,10048.7744140625,67168.5390625,845982.375,864145.0,1007528.0625,1853510.4375,84.18757629394531,91.09074401855467,0.2002305577724572,penmanshiel,202,rolling_fold_6,soft-pab-bin,5.0,15.0,14
811944,1576.8807373046875,141217.875,132058.421875,134987.296875,2118268.0,2250326.421875,83.74659729003906,91.09074401855467,0.0520577773836619,penmanshiel,202,rolling_fold_6,soft-pab-bin,20.0,15.0,14
985713,4606.22412109375,89205.34375,175468.6875,177367.625,1338079.375,1513548.0625,38.09383773803711,41.46796798706055,0.0999996956517769,penmanshiel,202,year_1,global,10.0,15.0,14
985713,11760.310546875,40211.53125,437090.8125,442984.34375,603172.9375,1040263.75,37.1666145324707,41.46796798706055,0.2000004057976307,penmanshiel,202,year_1,global,5.0,15.0,14
985713,1755.9212646484375,128233.046875,68377.515625,68963.953125,1923494.125,1991871.640625,38.941104888916016,41.46796798706055,0.04999934057885,penmanshiel,202,year_1,global,20.0,15.0,14
985713,4555.80224609375,88185.6640625,173336.1875,175388.015625,1322785.375,1496121.5625,38.047340393066406,41.46796798706055,0.0999976666636231,penmanshiel,202,year_1,soft-gate-bin,10.0,15.0,14
985713,11711.056640625,39255.91015625,435176.5,441167.59375,588838.625,1024015.125,37.15945053100586,41.46796798706055,0.2000004057976307,penmanshiel,202,year_1,soft-gate-bin,5.0,15.0,14
985713,1733.6416015625,126781.7265625,67439.953125,68196.84375,1901725.375,1969165.328125,38.90074157714844,41.46796798706055,0.0500003550729269,penmanshiel,202,year_1,soft-gate-bin,20.0,15.0,14
985713,4606.22412109375,89205.34375,175468.6875,177367.625,1338079.375,1513548.0625,38.09383773803711,41.46796798706055,0.0999996956517769,penmanshiel,202,year_1,soft-pab-bin,10.0,15.0,14
985713,11760.310546875,40211.53125,437090.8125,442984.34375,603172.9375,1040263.75,37.1666145324707,41.46796798706055,0.2000004057976307,penmanshiel,202,year_1,soft-pab-bin,5.0,15.0,14
985713,1755.9212646484375,128233.046875,68377.515625,68963.953125,1923494.125,1991871.640625,38.941104888916016,41.46796798706055,0.04999934057885,penmanshiel,202,year_1,soft-pab-bin,20.0,15.0,14
1397748,15261.2021484375,126493.6796875,634512.4375,636534.5625,1897403.625,2531916.0625,41.57684326171875,43.41042709350586,0.1925368521364366,penmanshiel,202,year_2,global,10.0,15.0,14
1397748,33725.7421875,57020.2421875,1413600.375,1418856.25,855303.625,2268904.0,41.91458511352539,43.41042709350586,0.3486429599613092,penmanshiel,202,year_2,global,5.0,15.0,14
1397748,7082.25341796875,181835.734375,290831.6875,291616.53125,2727531.75,3018363.4375,41.06485366821289,43.41042709350586,0.1086247306381407,penmanshiel,202,year_2,global,20.0,15.0,14
1397748,13225.0087890625,136803.546875,550625.875,551887.0625,2052052.375,2602678.25,41.63517761230469,43.41042709350586,0.1744434619115892,penmanshiel,202,year_2,soft-gate-bin,10.0,15.0,14
1397748,29494.60546875,68788.0546875,1238659.625,1242178.375,1031820.3125,2270479.9375,41.99614334106445,43.41042709350586,0.3140101076875087,penmanshiel,202,year_2,soft-gate-bin,5.0,15.0,14
1397748,6048.556640625,190328.609375,248107.78125,248584.578125,2854928.5,3103036.28125,41.01932907104492,43.41042709350586,0.0989727762085869,penmanshiel,202,year_2,soft-gate-bin,20.0,15.0,14
1397748,18127.794921875,115447.8125,772867.1875,774889.3125,1731716.5,2504583.6875,42.634368896484375,43.41042709350586,0.2172172666317533,penmanshiel,202,year_2,soft-pab-bin,10.0,15.0,14
1397748,34949.82421875,53410.55078125,1472998.75,1478254.625,801157.75,2274156.5,42.146087646484375,43.41042709350586,0.3582162163709051,penmanshiel,202,year_2,soft-pab-bin,5.0,15.0,14
1397748,10614.4658203125,164866.15625,459995.875,460780.71875,2472989.25,2932985.125,43.33670425415039,43.41042709350586,0.1416263875891791,penmanshiel,202,year_2,soft-pab-bin,20.0,15.0,14
1118616,10386.515625,101232.796875,586813.5625,597001.75,1518491.0,2105304.5625,56.4976806640625,56.46099090576172,0.1747963554964348,penmanshiel,202,year_3,global,10.0,15.0,14
1118616,23767.1875,45633.2265625,1349753.25,1366191.875,684498.375,2034251.625,56.79061126708984,56.46099090576172,0.3166216109907243,penmanshiel,202,year_3,global,5.0,15.0,14
1118616,4458.16748046875,145522.71875,250005.34375,256414.59375,2182837.75,2432843.09375,56.07804489135742,56.46099090576172,0.0970037975498294,penmanshiel,202,year_3,global,20.0,15.0,14
1118616,14224.1708984375,81299.234375,804121.625,816381.875,1219488.375,2023610.0,56.53203582763672,56.46099090576172,0.2169529132427928,penmanshiel,202,year_3,soft-gate-bin,10.0,15.0,14
1118616,29499.26171875,28521.9453125,1675314.75,1694205.0,427829.25,2103144.0,56.7917594909668,56.46099090576172,0.3723654945039227,penmanshiel,202,year_3,soft-gate-bin,5.0,15.0,14
1118616,7032.8837890625,123043.046875,394327.25,402593.21875,1845644.875,2239972.125,56.06907272338867,56.46099090576172,0.132517324980154,penmanshiel,202,year_3,soft-gate-bin,20.0,15.0,14
1118616,33528.328125,18643.583984375,1905805.75,1926105.5,279653.96875,2185459.71875,56.84165954589844,56.46099090576172,0.4098975877334134,penmanshiel,202,year_3,soft-pab-bin,10.0,15.0,14
1118616,33528.328125,18643.583984375,1905805.75,1926105.5,279653.96875,2185459.71875,56.84165954589844,56.46099090576172,0.4098975877334134,penmanshiel,202,year_3,soft-pab-bin,5.0,15.0,14
1118616,33528.328125,18643.583984375,1905805.75,1926105.5,279653.96875,2185459.71875,56.84165954589844,56.46099090576172,0.4098975877334134,penmanshiel,202,year_3,soft-pab-bin,20.0,15.0,14
1274015,12745.1318359375,115296.09375,483310.90625,486077.9375,1729440.0,2212750.90625,37.92121505737305,39.33101272583008,0.1715851069257426,penmanshiel,202,year_4,global,10.0,15.0,14
1274015,27592.357421875,51972.62890625,1065707.625,1073716.875,779589.4375,1845297.0625,38.6232795715332,39.33101272583008,0.3077977888800367,penmanshiel,202,year_4,global,5.0,15.0,14
1274015,6024.064453125,165738.984375,224329.328125,225348.390625,2486081.0,2710410.328125,37.23887252807617,39.33101272583008,0.0993528333653842,penmanshiel,202,year_4,global,20.0,15.0,14
1274015,16795.876953125,93326.0,640491.375,644664.625,1399890.25,2040381.625,38.13385009765625,39.33101272583008,0.2110603093370172,penmanshiel,202,year_4,soft-gate-bin,10.0,15.0,14
1274015,33714.9140625,33082.6015625,1307166.25,1318207.25,496239.25,1803405.5,38.77114868164063,39.33101272583008,0.3615922889447926,penmanshiel,202,year_4,soft-gate-bin,5.0,15.0,14
1274015,8765.28515625,140969.265625,328049.125,329915.78125,2114537.75,2442586.875,37.42594528198242,39.33101272583008,0.1305259357228918,penmanshiel,202,year_4,soft-gate-bin,20.0,15.0,14
1274015,38416.875,21233.564453125,1492354.25,1505601.625,318503.71875,1810857.96875,38.846317291259766,39.33101272583008,0.4003971695780662,penmanshiel,202,year_4,soft-pab-bin,10.0,15.0,14
1274015,38416.875,21233.564453125,1492354.25,1505601.625,318503.71875,1810857.96875,38.846317291259766,39.33101272583008,0.4003971695780662,penmanshiel,202,year_4,soft-pab-bin,5.0,15.0,14
1274015,38416.875,21233.564453125,1492354.25,1505601.625,318503.71875,1810857.96875,38.846317291259766,39.33101272583008,0.4003971695780662,penmanshiel,202,year_4,soft-pab-bin,20.0,15.0,14
1252518,13407.6787109375,113350.65625,444077.8125,447285.4375,1700258.625,2144336.4375,33.12116241455078,35.104862213134766,0.1853610087839057,penmanshiel,202,year_5,global,10.0,15.0,14
1252518,29297.841796875,51095.67578125,979584.125,989646.125,766435.125,1746019.25,33.43538284301758,35.104862213134766,0.3374123166293817,penmanshiel,202,year_5,global,5.0,15.0,14
1252518,6266.5830078125,162942.375,208039.96875,208711.5,2444132.25,2652172.21875,33.19830703735352,35.104862213134766,0.107450751206769,penmanshiel,202,year_5,global,20.0,15.0,14
1252518,17351.216796875,92971.203125,571981.75,577072.5,1394568.625,1966550.375,32.964935302734375,35.104862213134766,0.2228662582094628,penmanshiel,202,year_5,soft-gate-bin,10.0,15.0,14
1252518,35180.56640625,33686.8984375,1176565.125,1189375.875,505303.65625,1681868.78125,33.4436149597168,35.104862213134766,0.3876551075513486,penmanshiel,202,year_5,soft-gate-bin,5.0,15.0,14
1252518,9022.671875,139845.90625,296283.78125,297914.84375,2097688.5,2393972.28125,32.837684631347656,35.104862213134766,0.1379828473522935,penmanshiel,202,year_5,soft-gate-bin,20.0,15.0,14
1252518,40812.18359375,21259.578125,1374733.25,1389608.625,318893.9375,1693627.1875,33.68437957763672,35.104862213134766,0.4320991794129905,penmanshiel,202,year_5,soft-pab-bin,10.0,15.0,14
1252518,40865.5625,21000.8671875,1376847.0,1391722.375,315013.25,1691860.25,33.692115783691406,35.104862213134766,0.432903958266468,penmanshiel,202,year_5,soft-pab-bin,5.0,15.0,14
1252518,40796.46875,21465.66015625,1374121.0,1388996.5,321985.15625,1696106.15625,33.68235397338867,35.104862213134766,0.4318101616104519,penmanshiel,202,year_5,soft-pab-bin,20.0,15.0,14
1299257,14117.69140625,117580.4453125,1805033.75,1806918.25,1763705.25,3568739.0,127.85606384277344,134.39352416992188,0.1800706095868638,penmanshiel,202,year_6,global,10.0,15.0,14
1299257,29897.076171875,53002.36328125,3835140.0,3839480.0,795035.4375,4630175.4375,128.27809143066406,134.39352416992188,0.3177639219954173,penmanshiel,202,year_6,global,5.0,15.0,14
1299257,6847.5654296875,169022.78125,874953.375,875729.1875,2535338.0,3410291.375,127.77584838867188,134.39352416992188,0.1075014412083213,penmanshiel,202,year_6,global,20.0,15.0,14
1299257,18126.513671875,96167.6875,2316625.75,2319166.0,1442514.5,3759140.25,127.8031768798828,134.39352416992188,0.2171956741429909,penmanshiel,202,year_6,soft-gate-bin,10.0,15.0,14
1299257,35799.046875,34651.0078125,4600259.0,4605660.0,519764.90625,5120023.90625,128.5023193359375,134.39352416992188,0.3662146903961264,penmanshiel,202,year_6,soft-gate-bin,5.0,15.0,14
1299257,9629.931640625,144802.359375,1229761.125,1231018.875,2172035.5,3401796.625,127.70201110839844,134.39352416992188,0.1364618393435633,penmanshiel,202,year_6,soft-gate-bin,20.0,15.0,14
1299257,41205.87890625,21698.126953125,5305304.5,5311533.0,325472.09375,5630776.59375,128.75115966796875,134.39352416992188,0.4070380225005522,penmanshiel,202,year_6,soft-pab-bin,10.0,15.0,14
1299257,41209.59375,21668.6015625,5305981.5,5312210.0,325029.21875,5631010.71875,128.75596618652344,134.39352416992188,0.4070934387884768,penmanshiel,202,year_6,soft-pab-bin,5.0,15.0,14
1299257,41205.0625,21721.64453125,5305116.0,5311344.5,325824.8125,5630940.8125,128.74916076660156,134.39352416992188,0.4070157020512493,penmanshiel,202,year_6,soft-pab-bin,20.0,15.0,14
1065453,11277.736328125,96421.65625,2395678.5,2404932.75,1446323.875,3842002.375,212.4254302978516,202.1800994873047,0.1857801329575307,penmanshiel,202,year_7,global,10.0,15.0,14
1065453,24614.666015625,43464.4765625,5208565.5,5224765.0,651967.125,5860532.625,211.60423278808597,202.1800994873047,0.3266150642027381,penmanshiel,202,year_7,global,5.0,15.0,14
1065453,5197.2509765625,138606.609375,1111960.75,1117299.0,2079096.375,3191057.125,213.9517059326172,202.1800994873047,0.1066560420778767,penmanshiel,202,year_7,global,20.0,15.0,14
1065453,14751.341796875,78234.2421875,3111798.75,3122723.5,1173513.625,4285312.375,210.9502410888672,202.1800994873047,0.22552472985669,penmanshiel,202,year_7,soft-gate-bin,10.0,15.0,14
1065453,29726.92578125,27885.46484375,6254996.5,6273348.5,418281.96875,6673278.46875,210.41519165039065,202.1800994873047,0.3765496929475068,penmanshiel,202,year_7,soft-gate-bin,5.0,15.0,14
1065453,7564.26904296875,118050.4453125,1603776.5,1610514.0,1770757.625,3374534.125,212.0200042724609,202.1800994873047,0.1396786155747836,penmanshiel,202,year_7,soft-gate-bin,20.0,15.0,14
1065453,34113.14453125,17762.8515625,7205959.0,7226592.5,266442.96875,7472401.96875,211.23703002929688,202.1800994873047,0.4150910457805271,penmanshiel,202,year_7,soft-pab-bin,10.0,15.0,14
1065453,34113.671875,17759.2734375,7206044.0,7226677.5,266389.28125,7472433.28125,211.23626708984372,202.1800994873047,0.4151126328425562,penmanshiel,202,year_7,soft-pab-bin,5.0,15.0,14
1065453,34113.0703125,17765.703125,7205944.0,7226577.5,266485.71875,7472429.71875,211.23704528808597,202.1800994873047,0.4150901072126128,penmanshiel,202,year_7,soft-pab-bin,20.0,15.0,14
811944,8910.509765625,73479.6015625,750857.75,766994.875,1102193.625,1853051.375,84.26647186279297,91.09074401855467,0.1833353039125851,penmanshiel,202,year_8,global,10.0,15.0,14
811944,19013.91015625,33122.734375,1616115.375,1648521.625,496841.03125,2112956.40625,84.99646759033203,91.09074401855467,0.3273082872710433,penmanshiel,202,year_8,global,5.0,15.0,14
811944,4322.93505859375,105627.1484375,361512.15625,369550.25,1584406.5,1945918.65625,83.62655639648438,91.09074401855467,0.1069162405289034,penmanshiel,202,year_8,global,20.0,15.0,14
811944,11255.3134765625,60444.0078125,955042.8125,974702.25,906660.1875,1861703.0,84.85261535644531,91.09074401855467,0.2197048072280847,penmanshiel,202,year_8,soft-gate-bin,10.0,15.0,14
811944,22585.005859375,21949.248046875,1932651.625,1969574.625,329238.8125,2261890.4375,85.57230377197266,91.09074401855467,0.3771282255919127,penmanshiel,202,year_8,soft-gate-bin,5.0,15.0,14
811944,5912.42041015625,90876.09375,497353.40625,508315.34375,1363141.0,1860494.40625,84.12010955810547,91.09074401855467,0.1353492359078951,penmanshiel,202,year_8,soft-gate-bin,20.0,15.0,14
811944,26312.953125,13535.9326171875,2245607.0,2289204.75,203039.140625,2448646.140625,85.34223937988281,91.09074401855467,0.4206669425477619,penmanshiel,202,year_8,soft-pab-bin,10.0,15.0,14
811944,26313.623046875,13533.546875,2245681.5,2289279.25,203003.359375,2448684.859375,85.34288787841797,91.09074401855467,0.4206804902801178,penmanshiel,202,year_8,soft-pab-bin,5.0,15.0,14
811944,26312.69921875,13537.8330078125,2245577.75,2289175.5,203067.65625,2448645.40625,85.3419418334961,91.09074401855467,0.4206607844876001,penmanshiel,202,year_8,soft-pab-bin,20.0,15.0,14
9172206,88000.03125,853127.625,7093681.5,7139958.5,12796891.0,19890572.5,80.61001586914062,79.45890045166016,0.1703876908128753,penmanshiel,202,pooled_multiyear_full,global,10.0,15.0,14
9172206,187601.71875,421339.875,15040821.0,15134851.0,6320062.5,21360883.5,80.17422485351562,79.45890045166016,0.2996720745260191,penmanshiel,202,pooled_multiyear_full,global,5.0,15.0,14
9172206,42416.94140625,1194903.75,3440184.75,3464043.25,17923484.0,21363668.75,81.10401916503906,79.45890045166016,0.1004444296170408,penmanshiel,202,pooled_multiyear_full,global,20.0,15.0,14
9172206,125018.2734375,672716.0625,10481298.0,10547376.0,10090752.0,20572050.0,83.83826446533203,79.45890045166016,0.2190912415181255,penmanshiel,202,pooled_multiyear_full,soft-gate-bin,10.0,15.0,14
9172206,236427.265625,280948.3125,19650208.0,19769498.0,4214228.0,23864436.0,83.11319732666016,79.45890045166016,0.3552910826468572,penmanshiel,202,pooled_multiyear_full,soft-gate-bin,5.0,15.0,14
9172206,69630.0859375,986216.75,5908139.5,5947799.0,14793267.0,20701406.5,84.85043334960938,79.45890045166016,0.1419575617904787,penmanshiel,202,pooled_multiyear_full,soft-gate-bin,20.0,15.0,14
9172206,243354.171875,302566.28125,20973982.0,21101722.0,4538517.5,25512499.5,86.18704223632812,79.45890045166016,0.3594516956989409,penmanshiel,202,pooled_multiyear_full,soft-pab-bin,10.0,15.0,14
9172206,263119.96875,210259.640625,21780416.0,21913634.0,3153923.75,24934339.75,82.77751922607422,79.45890045166016,0.3860896713396973,penmanshiel,202,pooled_multiyear_full,soft-pab-bin,5.0,15.0,14
9172206,234547.390625,375627.4375,20610246.0,20736292.0,5634442.5,26244688.5,87.87244415283203,79.45890045166016,0.3452572914302186,penmanshiel,202,pooled_multiyear_full,soft-pab-bin,20.0,15.0,14
1118616,6479.22314453125,143186.03125,358698.34375,366732.84375,2147790.75,2506489.09375,55.36131286621094,56.46099090576172,0.1236474357599033,penmanshiel,203,rolling_fold_1,global,10.0,15.0,14
1118616,16124.3583984375,88491.421875,906487.25,919869.8125,1327368.125,2233855.375,56.2184944152832,56.46099090576172,0.2367845623520493,penmanshiel,203,rolling_fold_1,global,5.0,15.0,14
1118616,2594.7822265625,185268.171875,140617.953125,145547.75,2779024.5,2919642.453125,54.19259262084961,56.46099090576172,0.064585165955073,penmanshiel,203,rolling_fold_1,global,20.0,15.0,14
1118616,5449.1591796875,152563.9375,301634.125,308688.09375,2288459.0,2590093.125,55.3542594909668,56.46099090576172,0.1100770952677236,penmanshiel,203,rolling_fold_1,soft-gate-bin,10.0,15.0,14
1118616,14524.197265625,95824.4296875,817109.0,829405.875,1437366.875,2254475.875,56.25846862792969,56.46099090576172,0.2192959871841633,penmanshiel,203,rolling_fold_1,soft-gate-bin,5.0,15.0,14
1118616,1972.573486328125,195918.953125,106286.1484375,110324.484375,2938783.75,3045069.8984375,53.88196563720703,56.46099090576172,0.0548615431926595,penmanshiel,203,rolling_fold_1,soft-gate-bin,20.0,15.0,14
1118616,2437.766845703125,187753.859375,131871.8125,136645.15625,2816306.25,2948178.0625,54.09535598754883,56.46099090576172,0.0617396854684717,penmanshiel,203,rolling_fold_1,soft-pab-bin,10.0,15.0,14
1118616,7174.9560546875,137764.046875,397988.40625,406485.375,2066462.625,2464451.03125,55.4691162109375,56.46099090576172,0.1330081100216696,penmanshiel,203,rolling_fold_1,soft-pab-bin,5.0,15.0,14
1118616,826.7771606445312,224761.453125,42596.41796875,45365.13671875,3371422.75,3414019.16796875,51.52105712890625,56.46099090576172,0.0279273673897029,penmanshiel,203,rolling_fold_1,soft-pab-bin,20.0,15.0,14
1274015,5570.654296875,182801.75,207348.453125,208547.984375,2742029.25,2949377.703125,37.22156524658203,39.33101272583008,0.0956974603909687,penmanshiel,203,rolling_fold_2,global,10.0,15.0,14
1274015,14050.4296875,121210.1015625,538206.9375,541670.6875,1818152.75,2356359.6875,38.30538177490234,39.33101272583008,0.1863117781187819,penmanshiel,203,rolling_fold_2,global,5.0,15.0,14
1274015,2268.899658203125,228944.0625,82433.96875,82811.796875,3434168.5,3516602.46875,36.33213424682617,39.33101272583008,0.0503557650420128,penmanshiel,203,rolling_fold_2,global,20.0,15.0,14
1274015,5586.642578125,182071.734375,208000.671875,209193.765625,2731076.75,2939077.421875,37.23175430297852,39.33101272583008,0.0960082887564118,penmanshiel,203,rolling_fold_2,soft-gate-bin,10.0,15.0,14
1274015,14366.19921875,119001.6171875,548975.25,552621.1875,1785024.875,2334000.125,38.21297836303711,39.33101272583008,0.1887332566728021,penmanshiel,203,rolling_fold_2,soft-gate-bin,5.0,15.0,14
1274015,2142.6435546875,229771.328125,78090.3203125,78425.3984375,3446570.0,3524660.3203125,36.44577026367188,39.33101272583008,0.0496234345749461,penmanshiel,203,rolling_fold_2,soft-gate-bin,20.0,15.0,14
1274015,5415.001953125,184805.609375,201618.109375,202740.609375,2772084.0,2973702.109375,37.23324966430664,39.33101272583008,0.0942641962614254,penmanshiel,203,rolling_fold_2,soft-pab-bin,10.0,15.0,14
1274015,13648.33203125,123431.5859375,522332.15625,525684.5,1851473.375,2373805.53125,38.27077865600586,39.33101272583008,0.1823714791427102,penmanshiel,203,rolling_fold_2,soft-pab-bin,5.0,15.0,14
1274015,2217.86669921875,230343.125,80639.4765625,80963.7890625,3455146.75,3535786.2265625,36.35902786254883,39.33101272583008,0.0499303383398154,penmanshiel,203,rolling_fold_2,soft-pab-bin,20.0,15.0,14
1252518,6492.9794921875,176685.015625,210108.359375,211168.0,2650283.5,2860391.859375,32.359317779541016,35.104862213134766,0.1114259435792539,penmanshiel,203,rolling_fold_3,global,10.0,15.0,14
1252518,16426.44921875,114115.6875,535669.0625,540644.4375,1711734.125,2247403.1875,32.61015319824219,35.104862213134766,0.2132280733690054,penmanshiel,203,rolling_fold_3,global,5.0,15.0,14
1252518,2537.826171875,224123.625,82503.703125,82670.34375,3361860.75,3444364.453125,32.50959014892578,35.104862213134766,0.0582123370682097,penmanshiel,203,rolling_fold_3,global,20.0,15.0,14
1252518,6352.98046875,176908.03125,205461.59375,206671.625,2653620.0,2859081.59375,32.34097671508789,35.104862213134766,0.10978445020351,penmanshiel,203,rolling_fold_3,soft-gate-bin,10.0,15.0,14
1252518,16372.4736328125,113394.1640625,534801.5,540022.8125,1700911.875,2235713.375,32.66466522216797,35.104862213134766,0.212861611569654,penmanshiel,203,rolling_fold_3,soft-gate-bin,5.0,15.0,14
1252518,2356.52392578125,225723.1875,76257.2890625,76426.390625,3385848.5,3462105.7890625,32.360069274902344,35.104862213134766,0.0563065760332386,penmanshiel,203,rolling_fold_3,soft-gate-bin,20.0,15.0,14
1252518,6530.56201171875,176426.90625,210617.328125,211694.234375,2646404.0,2857021.328125,32.25101852416992,35.104862213134766,0.1114946052671498,penmanshiel,203,rolling_fold_3,soft-pab-bin,10.0,15.0,14
1252518,16495.123046875,113594.6328125,535547.125,540517.0,1703919.0,2239466.125,32.46700668334961,35.104862213134766,0.2124264880824068,penmanshiel,203,rolling_fold_3,soft-pab-bin,5.0,15.0,14
1252518,2525.79345703125,224223.328125,82464.75,82635.75,3363350.5,3445815.25,32.6490592956543,35.104862213134766,0.0583408781350846,penmanshiel,203,rolling_fold_3,soft-pab-bin,20.0,15.0,14
1299257,6282.97265625,187698.8125,800878.125,801610.75,2815479.75,3616357.875,127.46797943115234,134.39352416992188,0.1029765473651479,penmanshiel,203,rolling_fold_4,global,10.0,15.0,14
1299257,16234.9453125,120738.1875,2069264.875,2071550.75,1811066.875,3880331.75,127.45744323730467,134.39352416992188,0.2020177686169864,penmanshiel,203,rolling_fold_4,global,5.0,15.0,14
1299257,2435.572265625,238090.046875,309471.96875,309714.875,3571359.75,3880831.71875,127.06341552734376,134.39352416992188,0.0528348125120742,penmanshiel,203,rolling_fold_4,global,20.0,15.0,14
1299257,6216.37939453125,186826.015625,788690.25,789521.375,2802389.0,3591079.25,126.8729476928711,134.39352416992188,0.1032243813194772,penmanshiel,203,rolling_fold_4,soft-gate-bin,10.0,15.0,14
1299257,16199.93359375,120214.9296875,2060140.125,2062443.875,1803224.375,3863364.5,127.169677734375,134.39352416992188,0.2024018342791303,penmanshiel,203,rolling_fold_4,soft-gate-bin,5.0,15.0,14
1299257,2343.521728515625,236474.203125,294696.0,294953.75,3547112.25,3841808.25,125.74919128417967,134.39352416992188,0.0529056222133111,penmanshiel,203,rolling_fold_4,soft-gate-bin,20.0,15.0,14
1299257,6287.640625,187631.140625,801641.3125,802370.9375,2814466.5,3616107.8125,127.49478149414062,134.39352416992188,0.1027433371534654,penmanshiel,203,rolling_fold_4,soft-pab-bin,10.0,15.0,14
1299257,16211.98046875,120537.8984375,2067410.5,2069663.625,1808068.5,3875479.0,127.52362823486328,134.39352416992188,0.2011657431901463,penmanshiel,203,rolling_fold_4,soft-pab-bin,5.0,15.0,14
1299257,2435.08447265625,237945.328125,309189.25,309431.09375,3569180.0,3878369.25,126.97270965576172,134.39352416992188,0.0532273445515398,penmanshiel,203,rolling_fold_4,soft-pab-bin,20.0,15.0,14
1065453,5160.2890625,156964.140625,1051598.0,1055839.375,2354460.5,3406058.5,203.7866668701172,202.1800994873047,0.1072717426296608,penmanshiel,203,rolling_fold_5,global,10.0,15.0,14
1065453,14085.484375,101319.90625,2857141.5,2866874.75,1519797.75,4376939.25,202.8428955078125,202.1800994873047,0.222499725468885,penmanshiel,203,rolling_fold_5,global,5.0,15.0,14
1065453,1938.8563232421875,198264.390625,396355.78125,397835.09375,2973958.75,3370314.53125,204.4275665283203,202.1800994873047,0.0527644110063982,penmanshiel,203,rolling_fold_5,global,20.0,15.0,14
1065453,5107.10693359375,156610.203125,1032710.75,1037097.5625,2349153.75,3381864.5,202.2105407714844,202.1800994873047,0.1076340298445825,penmanshiel,203,rolling_fold_5,soft-gate-bin,10.0,15.0,14
1065453,14145.310546875,100673.109375,2859807.25,2870005.0,1510096.5,4369903.75,202.17361450195312,202.1800994873047,0.2232261770345571,penmanshiel,203,rolling_fold_5,soft-gate-bin,5.0,15.0,14
1065453,1862.4599609375,197564.765625,376172.5625,377699.21875,2963471.25,3339643.8125,201.9762115478516,202.1800994873047,0.0533754187186107,penmanshiel,203,rolling_fold_5,soft-gate-bin,20.0,15.0,14
1065453,5166.162109375,156932.140625,1052929.125,1057175.125,2353982.75,3406911.875,203.81268310546875,202.1800994873047,0.1072820668767181,penmanshiel,203,rolling_fold_5,soft-pab-bin,10.0,15.0,14
1065453,14059.4931640625,101389.7109375,2858708.75,2868479.75,1520845.75,4379554.5,203.32945251464844,202.1800994873047,0.2211622661910004,penmanshiel,203,rolling_fold_5,soft-pab-bin,5.0,15.0,14
1065453,1934.27685546875,198083.03125,394659.5,396141.71875,2971246.25,3365905.75,204.0346527099609,202.1800994873047,0.0532646677047227,penmanshiel,203,rolling_fold_5,soft-pab-bin,20.0,15.0,14
811944,3515.5693359375,120931.1640625,295897.90625,303075.59375,1813967.25,2109865.15625,84.16783905029297,91.09074401855467,0.093905491019085,penmanshiel,203,rolling_fold_6,global,10.0,15.0,14
811944,9165.689453125,79942.0859375,786799.125,803157.875,1199132.5,1985931.625,85.841796875,91.09074401855467,0.1901264126590011,penmanshiel,203,rolling_fold_6,global,5.0,15.0,14
811944,1351.21826171875,152048.125,113414.5546875,116307.375,2280720.5,2394135.0546875,83.93502807617188,91.09074401855467,0.0481474091809287,penmanshiel,203,rolling_fold_6,global,20.0,15.0,14
811944,3398.255615234375,120438.7109375,293121.4375,299576.03125,1806581.0,2099702.4375,86.25642395019531,91.09074401855467,0.0941899933985595,penmanshiel,203,rolling_fold_6,soft-gate-bin,10.0,15.0,14
811944,9087.8798828125,79352.9921875,790142.125,805911.875,1190294.75,1980436.875,86.9446029663086,91.09074401855467,0.1903394815405988,penmanshiel,203,rolling_fold_6,soft-gate-bin,5.0,15.0,14
811944,1262.8023681640625,150823.0,109519.4140625,111814.234375,2262345.25,2371864.6640625,86.7272720336914,91.09074401855467,0.04820036849832,penmanshiel,203,rolling_fold_6,soft-gate-bin,20.0,15.0,14
811944,3514.62646484375,120951.28125,295815.78125,302985.75,1814269.25,2110085.03125,84.16708374023438,91.09074401855467,0.093867311046082,penmanshiel,203,rolling_fold_6,soft-pab-bin,10.0,15.0,14
811944,9170.78125,79787.1328125,786172.3125,802625.1875,1196806.75,1982979.0625,85.72578430175781,91.09074401855467,0.1897729400057146,penmanshiel,203,rolling_fold_6,soft-pab-bin,5.0,15.0,14
811944,1347.5423583984375,152164.109375,112960.484375,115818.625,2282462.0,2395422.484375,83.82701110839844,91.09074401855467,0.0486326643216773,penmanshiel,203,rolling_fold_6,soft-pab-bin,20.0,15.0,14
985713,4477.78369140625,94413.859375,168841.484375,170980.875,1416210.0,1585051.484375,37.70650100708008,41.46796798706055,0.1000007101458538,penmanshiel,203,year_1,global,10.0,15.0,14
985713,11339.3251953125,47504.78515625,422259.125,428198.25,712571.75,1134830.875,37.23845672607422,41.46796798706055,0.2000004057976307,penmanshiel,203,year_1,global,5.0,15.0,14
985713,1728.742431640625,132033.859375,65952.2890625,66613.7578125,1980510.5,2046462.7890625,38.15044403076172,41.46796798706055,0.0500003550729269,penmanshiel,203,year_1,global,20.0,15.0,14
985713,4278.513671875,94615.8125,159168.09375,161524.0,1419236.5,1578404.59375,37.20173645019531,41.46796798706055,0.1000027391340075,penmanshiel,203,year_1,soft-gate-bin,10.0,15.0,14
985713,11207.916015625,47320.54296875,415136.9375,421257.09375,709808.25,1124945.1875,37.039642333984375,41.46796798706055,0.2000014202917076,penmanshiel,203,year_1,soft-gate-bin,5.0,15.0,14
985713,1565.291748046875,131623.15625,58015.453125,58848.5859375,1974346.75,2032362.203125,37.06365585327149,41.46796798706055,0.0500023840610806,penmanshiel,203,year_1,soft-gate-bin,20.0,15.0,14
985713,4477.78369140625,94413.859375,168841.484375,170980.875,1416210.0,1585051.484375,37.70650100708008,41.46796798706055,0.1000007101458538,penmanshiel,203,year_1,soft-pab-bin,10.0,15.0,14
985713,11339.3251953125,47504.78515625,422259.125,428198.25,712571.75,1134830.875,37.23845672607422,41.46796798706055,0.2000004057976307,penmanshiel,203,year_1,soft-pab-bin,5.0,15.0,14
985713,1728.742431640625,132033.859375,65952.2890625,66613.7578125,1980510.5,2046462.7890625,38.15044403076172,41.46796798706055,0.0500003550729269,penmanshiel,203,year_1,soft-pab-bin,20.0,15.0,14
1397748,16221.9013671875,133879.53125,688466.1875,689634.0625,2008196.0,2696662.1875,42.44052505493164,43.41042709350586,0.2028763410858037,penmanshiel,203,year_2,global,10.0,15.0,14
1397748,34444.71875,67362.15625,1466931.5,1470506.125,1010432.0,2477363.5,42.58800506591797,43.41042709350586,0.3554281601547632,penmanshiel,203,year_2,global,5.0,15.0,14
1397748,7747.45947265625,187224.859375,325476.71875,325839.5,2808377.75,3133854.46875,42.010772705078125,43.41042709350586,0.1195036587424915,penmanshiel,203,year_2,global,20.0,15.0,14
1397748,12149.796875,157225.84375,517368.5625,517932.5,2358387.0,2875755.5625,42.5825080871582,43.41042709350586,0.1647321262487945,penmanshiel,203,year_2,soft-gate-bin,10.0,15.0,14
1397748,28767.673828125,84993.4296875,1228853.875,1231216.0,1274901.5,2503755.375,42.71645736694336,43.41042709350586,0.3082129253627979,penmanshiel,203,year_2,soft-gate-bin,5.0,15.0,14
1397748,4933.5888671875,215667.125,207417.84375,207546.40625,3235006.0,3442423.84375,42.0419807434082,43.41042709350586,0.0877590238011429,penmanshiel,203,year_2,soft-gate-bin,20.0,15.0,14
1397748,21245.5,122043.0703125,933351.3125,934519.1875,1830649.375,2764000.6875,43.93170547485352,43.41042709350586,0.2366270600995315,penmanshiel,203,year_2,soft-pab-bin,10.0,15.0,14
1397748,36901.40234375,62645.515625,1586884.0,1590458.625,939681.875,2526565.875,43.00336456298828,43.41042709350586,0.3707664042445419,penmanshiel,203,year_2,soft-pab-bin,5.0,15.0,14
1397748,14047.197265625,169678.578125,632692.4375,633055.25,2545183.25,3177875.6875,45.04047775268555,43.41042709350586,0.1647421423604254,penmanshiel,203,year_2,soft-pab-bin,20.0,15.0,14
1118616,12126.0859375,107143.6171875,678873.875,690247.0,1607156.625,2286030.5,55.984596252441406,56.46099090576172,0.1927202900727327,penmanshiel,203,year_3,global,10.0,15.0,14
1118616,25962.552734375,53909.83984375,1467149.5,1484892.0,808647.375,2275796.875,56.51020050048828,56.46099090576172,0.3366964177161778,penmanshiel,203,year_3,global,5.0,15.0,14
1118616,5693.67919921875,149835.859375,314387.65625,321876.875,2247541.25,2561928.90625,55.21696472167969,56.46099090576172,0.1127866935570383,penmanshiel,203,year_3,global,20.0,15.0,14
1118616,9099.171875,124691.515625,507301.5625,516770.4375,1870372.25,2377673.8125,55.75250244140625,56.46099090576172,0.157185307558626,penmanshiel,203,year_3,soft-gate-bin,10.0,15.0,14
1118616,21825.255859375,66966.5390625,1232311.375,1248008.875,1004498.0625,2236809.4375,56.46261596679688,56.46099090576172,0.2956036745406824,penmanshiel,203,year_3,soft-gate-bin,5.0,15.0,14
1118616,3615.189697265625,171586.96875,197413.875,203111.96875,2573803.25,2771217.125,54.60676956176758,56.46099090576172,0.0826217397212269,penmanshiel,203,year_3,soft-gate-bin,20.0,15.0,14
1118616,40072.14453125,18643.583984375,2271808.0,2295021.25,279653.96875,2551461.96875,56.69294357299805,56.46099090576172,0.4693272758480122,penmanshiel,203,year_3,soft-pab-bin,10.0,15.0,14
1118616,40072.14453125,18643.583984375,2271808.0,2295021.25,279653.96875,2551461.96875,56.69294357299805,56.46099090576172,0.4693272758480122,penmanshiel,203,year_3,soft-pab-bin,5.0,15.0,14
1118616,40072.14453125,18643.583984375,2271808.0,2295021.25,279653.96875,2551461.96875,56.69294357299805,56.46099090576172,0.4693272758480122,penmanshiel,203,year_3,soft-pab-bin,20.0,15.0,14
1274015,13898.595703125,122028.0859375,532216.8125,535636.3125,1830424.125,2362640.9375,38.29283142089844,39.33101272583008,0.1847906029363861,penmanshiel,203,year_4,global,10.0,15.0,14
1274015,28931.44921875,61399.0546875,1130114.5,1138973.0,920985.375,2051099.875,39.06181335449219,39.33101272583008,0.3205723637476795,penmanshiel,203,year_4,global,5.0,15.0,14
1274015,6822.7548828125,170651.15625,255536.6875,257053.78125,2559771.5,2815308.1875,37.45358657836914,39.33101272583008,0.1105834703673033,penmanshiel,203,year_4,global,20.0,15.0,14
1274015,10540.5732421875,141637.96875,402110.25,404475.90625,2124568.25,2526678.5,38.1488151550293,39.33101272583008,0.1520798420740729,penmanshiel,203,year_4,soft-gate-bin,10.0,15.0,14
1274015,24446.505859375,75947.125,952503.0625,959364.5625,1139207.0,2091710.0625,38.96274948120117,39.33101272583008,0.2825476937084728,penmanshiel,203,year_4,soft-gate-bin,5.0,15.0,14
1274015,4409.5986328125,194999.09375,164727.71875,165554.8125,2924986.5,3089714.21875,37.35662078857422,39.33101272583008,0.0828137816273748,penmanshiel,203,year_4,soft-gate-bin,20.0,15.0,14
1274015,44252.05859375,21233.564453125,1741618.125,1758135.375,318503.71875,2060121.84375,39.35677337646485,39.33101272583008,0.4483173275039933,penmanshiel,203,year_4,soft-pab-bin,10.0,15.0,14
1274015,44252.05859375,21233.564453125,1741618.125,1758135.375,318503.71875,2060121.84375,39.35677337646485,39.33101272583008,0.4483173275039933,penmanshiel,203,year_4,soft-pab-bin,5.0,15.0,14
1274015,44252.05859375,21233.564453125,1741618.125,1758135.375,318503.71875,2060121.84375,39.35677337646485,39.33101272583008,0.4483173275039933,penmanshiel,203,year_4,soft-pab-bin,20.0,15.0,14
1252518,15212.1474609375,119969.0546875,495329.65625,499781.90625,1799538.625,2294868.28125,32.56144714355469,35.104862213134766,0.2016992969362516,penmanshiel,203,year_5,global,10.0,15.0,14
1252518,31218.1796875,60363.0390625,1037608.1875,1049090.25,905445.1875,1943053.375,33.2373046875,35.104862213134766,0.3453682901163895,penmanshiel,203,year_5,global,5.0,15.0,14
1252518,7539.16455078125,167771.6875,243990.453125,245389.265625,2516579.25,2760569.703125,32.363059997558594,35.104862213134766,0.1234864488973412,penmanshiel,203,year_5,global,20.0,15.0,14
1252518,11423.408203125,139959.53125,368992.25,372216.8125,2099392.75,2468385.0,32.30140686035156,35.104862213134766,0.164608412813229,penmanshiel,203,year_5,soft-gate-bin,10.0,15.0,14
1252518,26121.91015625,75280.5234375,859808.6875,869507.25,1129208.625,1989017.3125,32.91524887084961,35.104862213134766,0.3012483652929539,penmanshiel,203,year_5,soft-gate-bin,5.0,15.0,14
1252518,4838.3427734375,192500.859375,156085.609375,156783.828125,2887513.25,3043598.859375,32.26013946533203,35.104862213134766,0.0914230374333941,penmanshiel,203,year_5,soft-gate-bin,20.0,15.0,14
1252518,47309.76953125,21287.080078125,1597908.0,1615963.125,319306.4375,1917214.4375,33.77545166015625,35.104862213134766,0.4798749399210231,penmanshiel,203,year_5,soft-pab-bin,10.0,15.0,14
1252518,47361.390625,21039.376953125,1599975.125,1618030.5,315590.90625,1915566.03125,33.78227615356445,35.104862213134766,0.4805743310674976,penmanshiel,203,year_5,soft-pab-bin,5.0,15.0,14
1252518,47291.9296875,21485.73046875,1597218.875,1615274.125,322286.1875,1919505.0625,33.77362823486328,35.104862213134766,0.4795340266567027,penmanshiel,203,year_5,soft-pab-bin,20.0,15.0,14
1299257,15498.7373046875,124445.8203125,1975485.125,1977654.125,1866690.25,3842175.375,127.46102142333984,134.39352416992188,0.1951068957103944,penmanshiel,203,year_6,global,10.0,15.0,14
1299257,31575.697265625,62615.5546875,4034418.25,4039258.25,939232.8125,4973651.0625,127.76973724365234,134.39352416992188,0.3337599874389747,penmanshiel,203,year_6,global,5.0,15.0,14
1299257,7802.529296875,174032.25,994712.25,995680.0,2610488.0,3605200.25,127.48587799072266,134.39352416992188,0.1197469014983178,penmanshiel,203,year_6,global,20.0,15.0,14
1299257,11747.5400390625,144640.046875,1491615.25,1493299.875,2169601.0,3661216.25,126.97254180908205,134.39352416992188,0.1615015351081425,penmanshiel,203,year_6,soft-gate-bin,10.0,15.0,14
1299257,26682.041015625,77645.7421875,3397258.5,3401305.25,1164685.875,4561944.375,127.32379913330078,134.39352416992188,0.2946283914575792,penmanshiel,203,year_6,soft-gate-bin,5.0,15.0,14
1299257,5033.021484375,199023.109375,636964.4375,637620.375,2985347.25,3622311.6875,126.55709075927734,134.39352416992188,0.089437270686246,penmanshiel,203,year_6,soft-gate-bin,20.0,15.0,14
1299257,47718.97265625,21701.2578125,6128332.0,6136016.0,325519.1875,6453851.1875,128.4254608154297,134.39352416992188,0.460138371392265,penmanshiel,203,year_6,soft-pab-bin,10.0,15.0,14
1299257,47722.984375,21672.9921875,6129073.0,6136758.0,325095.0625,6454168.0625,128.43020629882812,134.39352416992188,0.4601891696561958,penmanshiel,203,year_6,soft-pab-bin,5.0,15.0,14
1299257,47717.97265625,21723.927734375,6128110.0,6135795.0,325859.21875,6453969.21875,128.42352294921875,134.39352416992188,0.4601106632483027,penmanshiel,203,year_6,soft-pab-bin,20.0,15.0,14
1065453,13923.3515625,102051.5390625,2824286.75,2833932.0,1530775.375,4355062.125,202.8453826904297,202.1800994873047,0.2206498081097899,penmanshiel,203,year_7,global,10.0,15.0,14
1065453,28852.1875,51347.73046875,5850043.0,5867219.5,770215.8125,6620258.8125,202.7590789794922,202.1800994873047,0.3764933788726485,penmanshiel,203,year_7,global,5.0,15.0,14
1065453,6859.3759765625,142714.8125,1395347.0,1400792.875,2140725.25,3536072.25,203.42193603515625,202.1800994873047,0.1317148668219058,penmanshiel,203,year_7,global,20.0,15.0,14
1065453,10545.6923828125,118732.203125,2131172.75,2139215.75,1780983.375,3912156.125,202.0894775390625,202.1800994873047,0.1802557222139315,penmanshiel,203,year_7,soft-gate-bin,10.0,15.0,14
1065453,24352.671875,63771.203125,4922997.0,4938522.0,956568.0625,5879565.0625,202.1542510986328,202.1800994873047,0.3330292373290985,penmanshiel,203,year_7,soft-gate-bin,5.0,15.0,14
1065453,4489.18212890625,163355.546875,908736.3125,912679.375,2450332.75,3359069.0625,202.42807006835935,202.1800994873047,0.0973003971080845,penmanshiel,203,year_7,soft-gate-bin,20.0,15.0,14
1065453,43651.71484375,17763.232421875,8850615.0,8874440.0,266448.6875,9117063.6875,202.75523376464844,202.1800994873047,0.5098986065082176,penmanshiel,203,year_7,soft-pab-bin,10.0,15.0,14
1065453,43652.19921875,17759.806640625,8850691.0,8874516.0,266397.28125,9117088.28125,202.75474548339844,202.1800994873047,0.5099145621627608,penmanshiel,203,year_7,soft-pab-bin,5.0,15.0,14
1065453,43651.68359375,17765.98046875,8850606.0,8874431.0,266489.90625,9117095.90625,202.7552032470703,202.1800994873047,0.5098957908044747,penmanshiel,203,year_7,soft-pab-bin,20.0,15.0,14
811944,9585.77734375,77769.8671875,823537.3125,840525.5625,1166549.625,1990086.9375,85.91241455078125,91.09074401855467,0.1966711989989457,penmanshiel,203,year_8,global,10.0,15.0,14
811944,19889.189453125,39130.2578125,1729324.375,1760966.25,586954.0625,2316278.4375,86.9479751586914,91.09074401855467,0.3472542441350635,penmanshiel,203,year_8,global,5.0,15.0,14
811944,4797.220703125,108757.953125,406257.375,415682.53125,1631371.0,2037628.375,84.68598175048828,91.09074401855467,0.117343067994837,penmanshiel,203,year_8,global,20.0,15.0,14
811944,7258.8408203125,89839.7890625,627794.25,641058.6875,1347596.875,1975391.125,86.48685455322266,91.09074401855467,0.1605615658222734,penmanshiel,203,year_8,soft-gate-bin,10.0,15.0,14
811944,16760.88671875,48105.25390625,1464269.125,1491274.75,721578.875,2185848.0,87.3622817993164,91.09074401855467,0.3062378686214813,penmanshiel,203,year_8,soft-gate-bin,5.0,15.0,14
811944,3138.85302734375,123655.40625,268526.0625,274860.15625,1854830.75,2123356.8125,85.54911041259766,91.09074401855467,0.0876341225503236,penmanshiel,203,year_8,soft-gate-bin,20.0,15.0,14
811944,30438.603515625,13536.1865234375,2665423.75,2711212.0,203042.953125,2868466.703125,87.56722259521484,91.09074401855467,0.4821835003399249,penmanshiel,203,year_8,soft-pab-bin,10.0,15.0,14
811944,30439.3828125,13533.90234375,2665509.75,2711297.75,203008.6875,2868518.4375,87.56777954101562,91.09074401855467,0.4821982796843132,penmanshiel,203,year_8,soft-pab-bin,5.0,15.0,14
811944,30438.28125,13538.0185546875,2665386.75,2711175.0,203070.421875,2868457.171875,87.56690979003906,91.09074401855467,0.4821748790556984,penmanshiel,203,year_8,soft-pab-bin,20.0,15.0,14
9172206,98204.71875,897702.8125,8005796.5,8055573.5,13465801.0,21471597.5,81.52147674560547,79.45890045166016,0.1855603766422167,penmanshiel,203,pooled_multiyear_full,global,10.0,15.0,14
9172206,194728.390625,501544.03125,15826920.0,15920617.0,7523361.5,23350281.5,81.27696990966797,79.45890045166016,0.3092791417898813,penmanshiel,203,pooled_multiyear_full,global,5.0,15.0,14
9172206,48695.6796875,1235121.375,3993703.5,4020492.5,18527024.0,22520727.5,82.01353454589844,79.45890045166016,0.1119317424837601,penmanshiel,203,pooled_multiyear_full,global,20.0,15.0,14
9172206,56016.76953125,1168770.375,4480908.0,4510837.5,17531540.0,22012448.0,79.99223327636719,79.45890045166016,0.1264508232806807,penmanshiel,203,pooled_multiyear_full,soft-gate-bin,10.0,15.0,14
9172206,131069.3671875,737919.9375,10502073.0,10566971.0,11068798.0,21570871.0,80.1259994506836,79.45890045166016,0.2306231456205846,penmanshiel,203,pooled_multiyear_full,soft-gate-bin,5.0,15.0,14
9172206,18718.681640625,1583802.875,1498268.875,1509149.5,23757020.0,25255288.875,80.04132843017578,79.45890045166016,0.0593470098687273,penmanshiel,203,pooled_multiyear_full,soft-gate-bin,20.0,15.0,14
9172206,285127.09375,312095.4375,24833370.0,24975954.0,4681454.0,29514824.0,87.09590148925781,79.45890045166016,0.4067163341076291,penmanshiel,203,pooled_multiyear_full,soft-pab-bin,10.0,15.0,14
9172206,302715.5625,227406.75,25556558.0,25703466.0,3411120.25,28967678.25,84.42440795898438,79.45890045166016,0.4309587028464036,penmanshiel,203,pooled_multiyear_full,soft-pab-bin,5.0,15.0,14
9172206,276470.34375,384225.71875,24474058.0,24615174.0,5763400.0,30237458.0,88.52328491210938,79.45890045166016,0.3926841590779797,penmanshiel,203,pooled_multiyear_full,soft-pab-bin,20.0,15.0,14
