model,policy,seed,cost_ratio,day,daily_cost
Graph WaveNet,global,201,10.0,211,9775690.860229492
Graph WaveNet,global,201,10.0,212,5064838.627349852
Graph WaveNet,global,201,10.0,213,16124003.461414598
Graph WaveNet,global,201,10.0,214,10372746.498083113
Graph WaveNet,global,201,10.0,215,16566174.36124833
Graph WaveNet,global,201,10.0,216,18872383.094205305
Graph WaveNet,global,201,10.0,217,9950857.5359141
Graph WaveNet,global,201,10.0,218,10647582.395958025
Graph WaveNet,global,201,10.0,219,7945759.675786547
Graph WaveNet,global,201,10.0,220,6390425.25063596
Graph WaveNet,global,201,10.0,221,16522543.512428872
Graph WaveNet,global,201,10.0,222,25799870.99547937
Graph WaveNet,global,201,10.0,223,9308415.177985162
Graph WaveNet,global,201,10.0,224,7970340.323866732
Graph WaveNet,global,201,10.0,225,10485212.041228332
Graph WaveNet,global,201,10.0,226,10275278.581401275
Graph WaveNet,global,201,10.0,227,17154378.865250863
Graph WaveNet,global,201,10.0,228,8184414.175320572
Graph WaveNet,global,201,10.0,229,1647890.0797119136
Graph WaveNet,global,201,10.0,230,6820728.483754188
Graph WaveNet,global,201,10.0,231,7251369.848429559
Graph WaveNet,global,201,10.0,232,6104038.152255357
Graph WaveNet,global,201,10.0,233,6880458.033220766
Graph WaveNet,global,201,10.0,234,11256849.692934848
Graph WaveNet,global,201,10.0,235,7592043.4052886935
Graph WaveNet,global,201,10.0,236,17506875.61527405
Graph WaveNet,global,201,10.0,237,9776194.089409532
Graph WaveNet,global,201,10.0,238,6595253.984148625
Graph WaveNet,global,201,10.0,239,24844932.268588513
Graph WaveNet,global,201,10.0,240,4944317.576189933
Graph WaveNet,global,201,10.0,241,16516915.420400482
Graph WaveNet,global,201,10.0,242,9204195.728085078
Graph WaveNet,global,201,10.0,243,9475657.25390724
Graph WaveNet,global,201,10.0,244,32198149.489491433
Graph WaveNet,global,201,10.0,245,14607438.335907415
Graph WaveNet,physical-bin,201,10.0,211,10028974.198698672
Graph WaveNet,physical-bin,201,10.0,212,4723308.191761064
Graph WaveNet,physical-bin,201,10.0,213,16321340.845027354
Graph WaveNet,physical-bin,201,10.0,214,9793467.279711977
Graph WaveNet,physical-bin,201,10.0,215,16708710.057781663
Graph WaveNet,physical-bin,201,10.0,216,19883123.451813243
Graph WaveNet,physical-bin,201,10.0,217,9041184.895846175
Graph WaveNet,physical-bin,201,10.0,218,10563783.91294993
Graph WaveNet,physical-bin,201,10.0,219,7304690.594017163
Graph WaveNet,physical-bin,201,10.0,220,6023438.3523099795
Graph WaveNet,physical-bin,201,10.0,221,16501993.37479409
Graph WaveNet,physical-bin,201,10.0,222,24984023.592458293
Graph WaveNet,physical-bin,201,10.0,223,8322406.256170222
Graph WaveNet,physical-bin,201,10.0,224,7637674.136967223
Graph WaveNet,physical-bin,201,10.0,225,10025120.233899482
Graph WaveNet,physical-bin,201,10.0,226,12590121.987309415
Graph WaveNet,physical-bin,201,10.0,227,19330185.280280996
Graph WaveNet,physical-bin,201,10.0,228,8131912.31782929
Graph WaveNet,physical-bin,201,10.0,229,1467741.5757127763
Graph WaveNet,physical-bin,201,10.0,230,6534392.197935292
Graph WaveNet,physical-bin,201,10.0,231,6722488.405408254
Graph WaveNet,physical-bin,201,10.0,232,5998784.550515162
Graph WaveNet,physical-bin,201,10.0,233,6428368.9313973375
Graph WaveNet,physical-bin,201,10.0,234,11011460.60253556
Graph WaveNet,physical-bin,201,10.0,235,7753411.20650587
Graph WaveNet,physical-bin,201,10.0,236,14652554.036952946
Graph WaveNet,physical-bin,201,10.0,237,9219524.23373609
Graph WaveNet,physical-bin,201,10.0,238,6282490.636935255
Graph WaveNet,physical-bin,201,10.0,239,25599803.23688104
Graph WaveNet,physical-bin,201,10.0,240,4434865.056633339
Graph WaveNet,physical-bin,201,10.0,241,17037740.262170628
Graph WaveNet,physical-bin,201,10.0,242,9272485.872421797
Graph WaveNet,physical-bin,201,10.0,243,10827786.666421104
Graph WaveNet,physical-bin,201,10.0,244,34170956.61060976
Graph WaveNet,physical-bin,201,10.0,245,15335576.502944808
Graph WaveNet,global,202,10.0,211,10342822.824814418
Graph WaveNet,global,202,10.0,212,5309035.412686029
Graph WaveNet,global,202,10.0,213,16792574.000917785
Graph WaveNet,global,202,10.0,214,10239997.03918171
Graph WaveNet,global,202,10.0,215,13756302.805631317
Graph WaveNet,global,202,10.0,216,17356912.371369597
Graph WaveNet,global,202,10.0,217,10311029.569730122
Graph WaveNet,global,202,10.0,218,10901179.847690348
Graph WaveNet,global,202,10.0,219,8320428.031828989
Graph WaveNet,global,202,10.0,220,6666155.755642861
Graph WaveNet,global,202,10.0,221,16432347.619609151
Graph WaveNet,global,202,10.0,222,24956115.25033991
Graph WaveNet,global,202,10.0,223,9756780.62573589
Graph WaveNet,global,202,10.0,224,7689366.30197832
Graph WaveNet,global,202,10.0,225,10077571.88532428
Graph WaveNet,global,202,10.0,226,10157439.309025515
Graph WaveNet,global,202,10.0,227,16555636.726794202
Graph WaveNet,global,202,10.0,228,8846865.098214623
Graph WaveNet,global,202,10.0,229,1727150.7967300415
Graph WaveNet,global,202,10.0,230,6822724.1754938755
Graph WaveNet,global,202,10.0,231,7611038.175406605
Graph WaveNet,global,202,10.0,232,6266814.795275519
Graph WaveNet,global,202,10.0,233,6991488.403482437
Graph WaveNet,global,202,10.0,234,10975362.057989087
Graph WaveNet,global,202,10.0,235,7750392.109945932
Graph WaveNet,global,202,10.0,236,20674221.150156375
Graph WaveNet,global,202,10.0,237,9920688.713345464
Graph WaveNet,global,202,10.0,238,6719169.949413041
Graph WaveNet,global,202,10.0,239,30563513.65433633
Graph WaveNet,global,202,10.0,240,5178630.248365402
Graph WaveNet,global,202,10.0,241,13644052.281539803
Graph WaveNet,global,202,10.0,242,8586154.382787788
Graph WaveNet,global,202,10.0,243,9887606.38221995
Graph WaveNet,global,202,10.0,244,31136740.603895813
Graph WaveNet,global,202,10.0,245,18117572.041676532
Graph WaveNet,physical-bin,202,10.0,211,10677347.643036533
Graph WaveNet,physical-bin,202,10.0,212,4976035.764576975
Graph WaveNet,physical-bin,202,10.0,213,16865809.728932526
Graph WaveNet,physical-bin,202,10.0,214,9526172.156797662
Graph WaveNet,physical-bin,202,10.0,215,13633423.189737126
Graph WaveNet,physical-bin,202,10.0,216,18312265.554834872
Graph WaveNet,physical-bin,202,10.0,217,9353870.847155124
Graph WaveNet,physical-bin,202,10.0,218,10886215.519475736
Graph WaveNet,physical-bin,202,10.0,219,7661264.447164167
Graph WaveNet,physical-bin,202,10.0,220,6239557.159162261
Graph WaveNet,physical-bin,202,10.0,221,16140547.780639987
Graph WaveNet,physical-bin,202,10.0,222,23715723.58137085
Graph WaveNet,physical-bin,202,10.0,223,8712575.803221935
Graph WaveNet,physical-bin,202,10.0,224,7086057.649663063
Graph WaveNet,physical-bin,202,10.0,225,9313298.980192866
Graph WaveNet,physical-bin,202,10.0,226,12729306.73905959
Graph WaveNet,physical-bin,202,10.0,227,19602333.013994686
Graph WaveNet,physical-bin,202,10.0,228,8989784.286061544
Graph WaveNet,physical-bin,202,10.0,229,1536038.3952919005
Graph WaveNet,physical-bin,202,10.0,230,6486550.482185223
Graph WaveNet,physical-bin,202,10.0,231,7056837.370517119
Graph WaveNet,physical-bin,202,10.0,232,6126742.12033476
Graph WaveNet,physical-bin,202,10.0,233,6458031.949165801
Graph WaveNet,physical-bin,202,10.0,234,10825372.919302046
Graph WaveNet,physical-bin,202,10.0,235,8020414.9647682505
Graph WaveNet,physical-bin,202,10.0,236,16217128.943814978
Graph WaveNet,physical-bin,202,10.0,237,9118845.353493402
Graph WaveNet,physical-bin,202,10.0,238,6423516.7273867475
Graph WaveNet,physical-bin,202,10.0,239,31081484.655321114
Graph WaveNet,physical-bin,202,10.0,240,4617625.06262653
Graph WaveNet,physical-bin,202,10.0,241,13912842.85038948
Graph WaveNet,physical-bin,202,10.0,242,8268860.323791783
Graph WaveNet,physical-bin,202,10.0,243,11497862.730893914
Graph WaveNet,physical-bin,202,10.0,244,33968515.19260155
Graph WaveNet,physical-bin,202,10.0,245,19087975.846806042
Graph WaveNet,global,203,10.0,211,10095505.814301746
Graph WaveNet,global,203,10.0,212,5742747.245209873
Graph WaveNet,global,203,10.0,213,16595572.143849313
Graph WaveNet,global,203,10.0,214,11650957.435301164
Graph WaveNet,global,203,10.0,215,18114197.43747588
Graph WaveNet,global,203,10.0,216,19557162.01956901
Graph WaveNet,global,203,10.0,217,11448015.09753124
Graph WaveNet,global,203,10.0,218,12783024.180837978
Graph WaveNet,global,203,10.0,219,9115135.10226826
Graph WaveNet,global,203,10.0,220,7170150.212934573
Graph WaveNet,global,203,10.0,221,20972638.18366261
Graph WaveNet,global,203,10.0,222,26097525.443670973
Graph WaveNet,global,203,10.0,223,10562860.968613137
Graph WaveNet,global,203,10.0,224,8962545.671098571
Graph WaveNet,global,203,10.0,225,14137952.220917104
Graph WaveNet,global,203,10.0,226,12771890.66063276
Graph WaveNet,global,203,10.0,227,19633803.753825583
Graph WaveNet,global,203,10.0,228,9678482.758925408
Graph WaveNet,global,203,10.0,229,1868453.649159193
Graph WaveNet,global,203,10.0,230,8113102.165841611
Graph WaveNet,global,203,10.0,231,8605332.87285002
Graph WaveNet,global,203,10.0,232,7142579.678996704
Graph WaveNet,global,203,10.0,233,8227660.811623732
Graph WaveNet,global,203,10.0,234,13704206.68452625
Graph WaveNet,global,203,10.0,235,8580722.25323073
Graph WaveNet,global,203,10.0,236,23927797.748256072
Graph WaveNet,global,203,10.0,237,10994643.607457701
Graph WaveNet,global,203,10.0,238,7978082.353259647
Graph WaveNet,global,203,10.0,239,35959062.67877371
Graph WaveNet,global,203,10.0,240,5607622.945554653
Graph WaveNet,global,203,10.0,241,22863817.438953616
Graph WaveNet,global,203,10.0,242,10644995.497592583
Graph WaveNet,global,203,10.0,243,10733007.87974433
Graph WaveNet,global,203,10.0,244,35018685.51385234
Graph WaveNet,global,203,10.0,245,19533538.928873092
Graph WaveNet,physical-bin,203,10.0,211,10356358.537849363
Graph WaveNet,physical-bin,203,10.0,212,5377349.929754782
Graph WaveNet,physical-bin,203,10.0,213,16196747.237015042
Graph WaveNet,physical-bin,203,10.0,214,11100485.254323894
Graph WaveNet,physical-bin,203,10.0,215,18284090.286199056
Graph WaveNet,physical-bin,203,10.0,216,20701056.990744423
Graph WaveNet,physical-bin,203,10.0,217,10482602.225898232
Graph WaveNet,physical-bin,203,10.0,218,13087013.862334792
Graph WaveNet,physical-bin,203,10.0,219,8463712.953702092
Graph WaveNet,physical-bin,203,10.0,220,6724845.22873312
Graph WaveNet,physical-bin,203,10.0,221,20640856.691577993
Graph WaveNet,physical-bin,203,10.0,222,24736721.66063162
Graph WaveNet,physical-bin,203,10.0,223,9487880.399952162
Graph WaveNet,physical-bin,203,10.0,224,8592319.427388242
Graph WaveNet,physical-bin,203,10.0,225,13931673.954461858
Graph WaveNet,physical-bin,203,10.0,226,15836847.986828767
Graph WaveNet,physical-bin,203,10.0,227,21639512.270085424
Graph WaveNet,physical-bin,203,10.0,228,9869852.45274644
Graph WaveNet,physical-bin,203,10.0,229,1666978.8494087216
Graph WaveNet,physical-bin,203,10.0,230,7892529.978405666
Graph WaveNet,physical-bin,203,10.0,231,8124367.585623487
Graph WaveNet,physical-bin,203,10.0,232,7147442.871964721
Graph WaveNet,physical-bin,203,10.0,233,7827113.474792102
Graph WaveNet,physical-bin,203,10.0,234,13618119.88517413
Graph WaveNet,physical-bin,203,10.0,235,8879253.89365317
Graph WaveNet,physical-bin,203,10.0,236,19562113.856319457
Graph WaveNet,physical-bin,203,10.0,237,10342260.294780472
Graph WaveNet,physical-bin,203,10.0,238,7789773.830931931
Graph WaveNet,physical-bin,203,10.0,239,36869741.03699828
Graph WaveNet,physical-bin,203,10.0,240,5042213.396352722
Graph WaveNet,physical-bin,203,10.0,241,23722172.365162175
Graph WaveNet,physical-bin,203,10.0,242,10891546.134677663
Graph WaveNet,physical-bin,203,10.0,243,12483620.74855245
Graph WaveNet,physical-bin,203,10.0,244,37106378.52730684
Graph WaveNet,physical-bin,203,10.0,245,20539807.419515766
Graph WaveNet,global,204,10.0,211,11467546.045714743
Graph WaveNet,global,204,10.0,212,6306761.477073669
Graph WaveNet,global,204,10.0,213,18721886.231870662
Graph WaveNet,global,204,10.0,214,14432157.092431068
Graph WaveNet,global,204,10.0,215,26755651.328187622
Graph WaveNet,global,204,10.0,216,31829606.24170693
Graph WaveNet,global,204,10.0,217,14026495.025365192
Graph WaveNet,global,204,10.0,218,15230037.35446646
Graph WaveNet,global,204,10.0,219,10116154.132680256
Graph WaveNet,global,204,10.0,220,7727133.922203323
Graph WaveNet,global,204,10.0,221,28376400.898717836
Graph WaveNet,global,204,10.0,222,33310770.145199925
Graph WaveNet,global,204,10.0,223,11587542.618164062
Graph WaveNet,global,204,10.0,224,9519752.576511811
Graph WaveNet,global,204,10.0,225,16017385.034003098
Graph WaveNet,global,204,10.0,226,16452670.859883714
Graph WaveNet,global,204,10.0,227,30155274.628130235
Graph WaveNet,global,204,10.0,228,10558361.195613034
Graph WaveNet,global,204,10.0,229,2051960.6719665527
Graph WaveNet,global,204,10.0,230,8567732.862604909
Graph WaveNet,global,204,10.0,231,8800684.302339155
Graph WaveNet,global,204,10.0,232,7206847.0347078
Graph WaveNet,global,204,10.0,233,8513353.705256283
Graph WaveNet,global,204,10.0,234,15759789.662453074
Graph WaveNet,global,204,10.0,235,9821424.89359188
Graph WaveNet,global,204,10.0,236,28513975.609413274
Graph WaveNet,global,204,10.0,237,11706455.19887045
Graph WaveNet,global,204,10.0,238,8062346.141127149
Graph WaveNet,global,204,10.0,239,40868329.950209394
Graph WaveNet,global,204,10.0,240,6152529.13898468
Graph WaveNet,global,204,10.0,241,29708228.125825
Graph WaveNet,global,204,10.0,242,11702772.742494572
Graph WaveNet,global,204,10.0,243,12685557.425244093
Graph WaveNet,global,204,10.0,244,35961048.1273244
Graph WaveNet,global,204,10.0,245,23231423.647936087
Graph WaveNet,physical-bin,204,10.0,211,11640056.539096583
Graph WaveNet,physical-bin,204,10.0,212,5941703.087677004
Graph WaveNet,physical-bin,204,10.0,213,18464380.455065757
Graph WaveNet,physical-bin,204,10.0,214,14056717.448782032
Graph WaveNet,physical-bin,204,10.0,215,27210701.546817966
Graph WaveNet,physical-bin,204,10.0,216,33665935.33628434
Graph WaveNet,physical-bin,204,10.0,217,13427836.905880677
Graph WaveNet,physical-bin,204,10.0,218,15280889.789967675
Graph WaveNet,physical-bin,204,10.0,219,9395746.790199967
Graph WaveNet,physical-bin,204,10.0,220,7213855.672303035
Graph WaveNet,physical-bin,204,10.0,221,29002316.4064871
Graph WaveNet,physical-bin,204,10.0,222,32847779.905700658
Graph WaveNet,physical-bin,204,10.0,223,10524267.385683961
Graph WaveNet,physical-bin,204,10.0,224,9036974.654355416
Graph WaveNet,physical-bin,204,10.0,225,15913455.995832
Graph WaveNet,physical-bin,204,10.0,226,19285993.30664978
Graph WaveNet,physical-bin,204,10.0,227,32865010.946469326
Graph WaveNet,physical-bin,204,10.0,228,10602049.54450128
Graph WaveNet,physical-bin,204,10.0,229,1862687.2203277596
Graph WaveNet,physical-bin,204,10.0,230,8297896.255434386
Graph WaveNet,physical-bin,204,10.0,231,8077803.461607479
Graph WaveNet,physical-bin,204,10.0,232,6937321.855161261
Graph WaveNet,physical-bin,204,10.0,233,8023742.954119546
Graph WaveNet,physical-bin,204,10.0,234,15735826.668089958
Graph WaveNet,physical-bin,204,10.0,235,10077854.404219091
Graph WaveNet,physical-bin,204,10.0,236,25320929.78675425
Graph WaveNet,physical-bin,204,10.0,237,10926940.950927
Graph WaveNet,physical-bin,204,10.0,238,7759061.3743512
Graph WaveNet,physical-bin,204,10.0,239,41743737.3276742
Graph WaveNet,physical-bin,204,10.0,240,5585018.054414115
Graph WaveNet,physical-bin,204,10.0,241,30498303.193313994
Graph WaveNet,physical-bin,204,10.0,242,11803658.197054114
Graph WaveNet,physical-bin,204,10.0,243,14345773.801971875
Graph WaveNet,physical-bin,204,10.0,244,37906654.875725955
Graph WaveNet,physical-bin,204,10.0,245,24488802.266214475
Graph WaveNet,global,205,10.0,211,10824060.065672487
Graph WaveNet,global,205,10.0,212,4998311.883510141
Graph WaveNet,global,205,10.0,213,15645962.491444433
Graph WaveNet,global,205,10.0,214,10011689.019086488
Graph WaveNet,global,205,10.0,215,14141675.830733217
Graph WaveNet,global,205,10.0,216,17194659.522754364
Graph WaveNet,global,205,10.0,217,9510519.456713434
Graph WaveNet,global,205,10.0,218,10986094.419963447
Graph WaveNet,global,205,10.0,219,8038378.764417465
Graph WaveNet,global,205,10.0,220,6288787.053518979
Graph WaveNet,global,205,10.0,221,16036148.622929845
Graph WaveNet,global,205,10.0,222,24786489.068151344
Graph WaveNet,global,205,10.0,223,9198115.64172497
Graph WaveNet,global,205,10.0,224,8404032.511719473
Graph WaveNet,global,205,10.0,225,11643976.455442049
Graph WaveNet,global,205,10.0,226,11915180.96264227
Graph WaveNet,global,205,10.0,227,17952310.469321545
Graph WaveNet,global,205,10.0,228,8588078.033331862
Graph WaveNet,global,205,10.0,229,1626245.0147305722
Graph WaveNet,global,205,10.0,230,7631472.616571266
Graph WaveNet,global,205,10.0,231,7151478.40456426
Graph WaveNet,global,205,10.0,232,6102194.731418449
Graph WaveNet,global,205,10.0,233,7277739.45709735
Graph WaveNet,global,205,10.0,234,12518542.103197116
Graph WaveNet,global,205,10.0,235,7274671.222130932
Graph WaveNet,global,205,10.0,236,21963106.19000711
Graph WaveNet,global,205,10.0,237,9662318.445820408
Graph WaveNet,global,205,10.0,238,6883938.992818716
Graph WaveNet,global,205,10.0,239,28754351.896965127
Graph WaveNet,global,205,10.0,240,4884304.983472524
Graph WaveNet,global,205,10.0,241,18909286.202934634
Graph WaveNet,global,205,10.0,242,9200695.606485434
Graph WaveNet,global,205,10.0,243,9261727.810184099
Graph WaveNet,global,205,10.0,244,34305673.83169801
Graph WaveNet,global,205,10.0,245,16615899.77583189
Graph WaveNet,physical-bin,205,10.0,211,11102428.849790609
Graph WaveNet,physical-bin,205,10.0,212,4717388.996022034
Graph WaveNet,physical-bin,205,10.0,213,15779006.912116595
Graph WaveNet,physical-bin,205,10.0,214,9436303.501686223
Graph WaveNet,physical-bin,205,10.0,215,14202671.689489424
Graph WaveNet,physical-bin,205,10.0,216,17968800.177044973
Graph WaveNet,physical-bin,205,10.0,217,8761106.481435139
Graph WaveNet,physical-bin,205,10.0,218,11033543.33207202
Graph WaveNet,physical-bin,205,10.0,219,7498813.4351929
Graph WaveNet,physical-bin,205,10.0,220,5947403.39171106
Graph WaveNet,physical-bin,205,10.0,221,15725284.935619436
Graph WaveNet,physical-bin,205,10.0,222,24025621.545705836
Graph WaveNet,physical-bin,205,10.0,223,8399080.120023232
Graph WaveNet,physical-bin,205,10.0,224,8271010.035378769
Graph WaveNet,physical-bin,205,10.0,225,11487241.299092831
Graph WaveNet,physical-bin,205,10.0,226,14263462.0294635
Graph WaveNet,physical-bin,205,10.0,227,18833325.118587766
Graph WaveNet,physical-bin,205,10.0,228,8754794.810149044
Graph WaveNet,physical-bin,205,10.0,229,1474597.5510681155
Graph WaveNet,physical-bin,205,10.0,230,7500769.357943859
Graph WaveNet,physical-bin,205,10.0,231,6685683.604514261
Graph WaveNet,physical-bin,205,10.0,232,6033974.710675426
Graph WaveNet,physical-bin,205,10.0,233,6938593.177929223
Graph WaveNet,physical-bin,205,10.0,234,12469972.391585382
Graph WaveNet,physical-bin,205,10.0,235,7416354.876656278
Graph WaveNet,physical-bin,205,10.0,236,19060328.40174208
Graph WaveNet,physical-bin,205,10.0,237,9163941.62771569
Graph WaveNet,physical-bin,205,10.0,238,6696568.87004059
Graph WaveNet,physical-bin,205,10.0,239,29404139.84369219
Graph WaveNet,physical-bin,205,10.0,240,4462896.160645349
Graph WaveNet,physical-bin,205,10.0,241,19570149.218103252
Graph WaveNet,physical-bin,205,10.0,242,9260061.935582513
Graph WaveNet,physical-bin,205,10.0,243,10456388.999000043
Graph WaveNet,physical-bin,205,10.0,244,35490674.19469227
Graph WaveNet,physical-bin,205,10.0,245,17271905.146225743
PatchTST,global,201,10.0,211,9861543.494084414
PatchTST,global,201,10.0,212,5977132.443580627
PatchTST,global,201,10.0,213,19817489.345343124
PatchTST,global,201,10.0,214,10909325.78221162
PatchTST,global,201,10.0,215,13237529.224088985
PatchTST,global,201,10.0,216,23393177.064965144
PatchTST,global,201,10.0,217,11822356.792119343
PatchTST,global,201,10.0,218,11345759.813905954
PatchTST,global,201,10.0,219,9272181.964455843
PatchTST,global,201,10.0,220,7256291.459792902
PatchTST,global,201,10.0,221,18367743.35433002
PatchTST,global,201,10.0,222,27569736.838845465
PatchTST,global,201,10.0,223,10981908.413085938
PatchTST,global,201,10.0,224,8711726.33990104
PatchTST,global,201,10.0,225,11249524.555773139
PatchTST,global,201,10.0,226,11953678.260329762
PatchTST,global,201,10.0,227,31994134.31484381
PatchTST,global,201,10.0,228,9233667.845754921
PatchTST,global,201,10.0,229,1944712.9481506348
PatchTST,global,201,10.0,230,7483221.069604134
PatchTST,global,201,10.0,231,8742827.646828592
PatchTST,global,201,10.0,232,6897557.048423775
PatchTST,global,201,10.0,233,7866091.648838917
PatchTST,global,201,10.0,234,11721930.750210578
PatchTST,global,201,10.0,235,8634421.830921173
PatchTST,global,201,10.0,236,32098656.016159624
PatchTST,global,201,10.0,237,11361522.905764418
PatchTST,global,201,10.0,238,7348188.21300586
PatchTST,global,201,10.0,239,35781381.63301973
PatchTST,global,201,10.0,240,5830961.20891571
PatchTST,global,201,10.0,241,16296515.234889602
PatchTST,global,201,10.0,242,9990035.423208624
PatchTST,global,201,10.0,243,11174229.813309709
PatchTST,global,201,10.0,244,56221977.115623035
PatchTST,global,201,10.0,245,17202504.041382074
PatchTST,physical-bin,201,10.0,211,10017861.587868022
PatchTST,physical-bin,201,10.0,212,5824027.9475160595
PatchTST,physical-bin,201,10.0,213,19812083.44029511
PatchTST,physical-bin,201,10.0,214,10414601.700545564
PatchTST,physical-bin,201,10.0,215,13060905.799542235
PatchTST,physical-bin,201,10.0,216,24039153.57429871
PatchTST,physical-bin,201,10.0,217,11298745.894421896
PatchTST,physical-bin,201,10.0,218,11044945.134577133
PatchTST,physical-bin,201,10.0,219,8916508.238542924
PatchTST,physical-bin,201,10.0,220,6993771.656413732
PatchTST,physical-bin,201,10.0,221,18493281.208639354
PatchTST,physical-bin,201,10.0,222,26592112.681576457
PatchTST,physical-bin,201,10.0,223,10459342.307402367
PatchTST,physical-bin,201,10.0,224,8436062.764935834
PatchTST,physical-bin,201,10.0,225,10859318.507663298
PatchTST,physical-bin,201,10.0,226,13551122.365242615
PatchTST,physical-bin,201,10.0,227,32993006.133641876
PatchTST,physical-bin,201,10.0,228,9268013.46243776
PatchTST,physical-bin,201,10.0,229,1851348.1730781554
PatchTST,physical-bin,201,10.0,230,7238890.002055727
PatchTST,physical-bin,201,10.0,231,8516729.122241128
PatchTST,physical-bin,201,10.0,232,6772825.422679143
PatchTST,physical-bin,201,10.0,233,7626892.851317704
PatchTST,physical-bin,201,10.0,234,11567438.61696911
PatchTST,physical-bin,201,10.0,235,8750423.532323964
PatchTST,physical-bin,201,10.0,236,29635933.3293173
PatchTST,physical-bin,201,10.0,237,10998435.173040178
PatchTST,physical-bin,201,10.0,238,7067102.6758694155
PatchTST,physical-bin,201,10.0,239,36404164.465948164
PatchTST,physical-bin,201,10.0,240,5556234.520310094
PatchTST,physical-bin,201,10.0,241,16631056.052399743
PatchTST,physical-bin,201,10.0,242,9882888.338544097
PatchTST,physical-bin,201,10.0,243,12133436.47968417
PatchTST,physical-bin,201,10.0,244,57638230.83664814
PatchTST,physical-bin,201,10.0,245,17742401.161472123
PatchTST,global,202,10.0,211,15028894.782466073
PatchTST,global,202,10.0,212,6210337.743338227
PatchTST,global,202,10.0,213,19061078.880030837
PatchTST,global,202,10.0,214,11560691.647553006
PatchTST,global,202,10.0,215,16976550.258018255
PatchTST,global,202,10.0,216,23198942.058484927
PatchTST,global,202,10.0,217,12096325.351142962
PatchTST,global,202,10.0,218,13221153.224748725
PatchTST,global,202,10.0,219,9559376.363404313
PatchTST,global,202,10.0,220,7511263.399451057
PatchTST,global,202,10.0,221,21761223.61096306
PatchTST,global,202,10.0,222,28094357.06721966
PatchTST,global,202,10.0,223,11412064.201746339
PatchTST,global,202,10.0,224,8981714.905439783
PatchTST,global,202,10.0,225,12987298.25596996
PatchTST,global,202,10.0,226,12929757.626515407
PatchTST,global,202,10.0,227,26867098.079146024
PatchTST,global,202,10.0,228,9263838.610915363
PatchTST,global,202,10.0,229,2020588.356684208
PatchTST,global,202,10.0,230,8035907.347877437
PatchTST,global,202,10.0,231,8752660.229435662
PatchTST,global,202,10.0,232,6952874.815722425
PatchTST,global,202,10.0,233,8103993.822302619
PatchTST,global,202,10.0,234,12621411.064247258
PatchTST,global,202,10.0,235,9078481.204541683
PatchTST,global,202,10.0,236,24090648.62966566
PatchTST,global,202,10.0,237,11601583.665675284
PatchTST,global,202,10.0,238,7715959.320367027
PatchTST,global,202,10.0,239,30881829.68614452
PatchTST,global,202,10.0,240,6058463.455090721
PatchTST,global,202,10.0,241,22424887.275270723
PatchTST,global,202,10.0,242,11044078.987768102
PatchTST,global,202,10.0,243,11517219.554676294
PatchTST,global,202,10.0,244,38355641.984883964
PatchTST,global,202,10.0,245,15965178.943705942
PatchTST,physical-bin,202,10.0,211,15523324.334118884
PatchTST,physical-bin,202,10.0,212,5946735.248164274
PatchTST,physical-bin,202,10.0,213,18563311.121268816
PatchTST,physical-bin,202,10.0,214,10947637.595184676
PatchTST,physical-bin,202,10.0,215,16993865.301963426
PatchTST,physical-bin,202,10.0,216,24033590.168044336
PatchTST,physical-bin,202,10.0,217,11420423.947160978
PatchTST,physical-bin,202,10.0,218,13091606.673694693
PatchTST,physical-bin,202,10.0,219,8974859.328831725
PatchTST,physical-bin,202,10.0,220,7083625.088393118
PatchTST,physical-bin,202,10.0,221,22207828.44182735
PatchTST,physical-bin,202,10.0,222,27588066.223486725
PatchTST,physical-bin,202,10.0,223,10673309.221547011
PatchTST,physical-bin,202,10.0,224,8529472.31863527
PatchTST,physical-bin,202,10.0,225,12659450.191005446
PatchTST,physical-bin,202,10.0,226,14570013.78116702
PatchTST,physical-bin,202,10.0,227,29371232.58660751
PatchTST,physical-bin,202,10.0,228,9055221.776351715
PatchTST,physical-bin,202,10.0,229,1887967.854356003
PatchTST,physical-bin,202,10.0,230,7732454.216178457
PatchTST,physical-bin,202,10.0,231,8290067.94068416
PatchTST,physical-bin,202,10.0,232,6674007.880529247
PatchTST,physical-bin,202,10.0,233,7701655.519420009
PatchTST,physical-bin,202,10.0,234,12423745.79675667
PatchTST,physical-bin,202,10.0,235,9115810.321016185
PatchTST,physical-bin,202,10.0,236,22009063.293992184
PatchTST,physical-bin,202,10.0,237,10966477.09144266
PatchTST,physical-bin,202,10.0,238,7324379.722827833
PatchTST,physical-bin,202,10.0,239,31503979.91834297
PatchTST,physical-bin,202,10.0,240,5660818.64827331
PatchTST,physical-bin,202,10.0,241,22952071.877390925
PatchTST,physical-bin,202,10.0,242,10876550.543547641
PatchTST,physical-bin,202,10.0,243,12395547.79712989
PatchTST,physical-bin,202,10.0,244,40382886.24705152
PatchTST,physical-bin,202,10.0,245,16517955.046533989
PatchTST,global,203,10.0,211,10783643.252698628
PatchTST,global,203,10.0,212,6889314.016110418
PatchTST,global,203,10.0,213,16114509.150191009
PatchTST,global,203,10.0,214,12776532.484627403
PatchTST,global,203,10.0,215,15282612.781968433
PatchTST,global,203,10.0,216,22826763.391100198
PatchTST,global,203,10.0,217,13596634.490599947
PatchTST,global,203,10.0,218,13163289.35644822
PatchTST,global,203,10.0,219,10592820.825932898
PatchTST,global,203,10.0,220,8354399.221312571
PatchTST,global,203,10.0,221,19806793.48280457
PatchTST,global,203,10.0,222,24648891.814805232
PatchTST,global,203,10.0,223,12761434.35758914
PatchTST,global,203,10.0,224,12161717.88185922
PatchTST,global,203,10.0,225,16072684.652508615
PatchTST,global,203,10.0,226,14134773.985138007
PatchTST,global,203,10.0,227,21198494.10786561
PatchTST,global,203,10.0,228,10208359.72943751
PatchTST,global,203,10.0,229,2241499.297107696
PatchTST,global,203,10.0,230,8918426.937357554
PatchTST,global,203,10.0,231,10908862.240809385
PatchTST,global,203,10.0,232,7854746.798285672
PatchTST,global,203,10.0,233,9964588.063878216
PatchTST,global,203,10.0,234,16533797.556501433
PatchTST,global,203,10.0,235,10120336.6336352
PatchTST,global,203,10.0,236,23909665.883344002
PatchTST,global,203,10.0,237,13783049.166965172
PatchTST,global,203,10.0,238,8850212.805487065
PatchTST,global,203,10.0,239,38022630.12513279
PatchTST,global,203,10.0,240,6721662.298703938
PatchTST,global,203,10.0,241,21176496.4460954
PatchTST,global,203,10.0,242,13749308.097419579
PatchTST,global,203,10.0,243,12762859.513558067
PatchTST,global,203,10.0,244,35735862.25159827
PatchTST,global,203,10.0,245,16919594.011617936
PatchTST,physical-bin,203,10.0,211,10950960.880721819
PatchTST,physical-bin,203,10.0,212,6478798.988709642
PatchTST,physical-bin,203,10.0,213,16635604.262613177
PatchTST,physical-bin,203,10.0,214,11832207.142456947
PatchTST,physical-bin,203,10.0,215,15064412.752296258
PatchTST,physical-bin,203,10.0,216,24051532.81696322
PatchTST,physical-bin,203,10.0,217,12562498.616733298
PatchTST,physical-bin,203,10.0,218,12693308.28075926
PatchTST,physical-bin,203,10.0,219,9689726.374882571
PatchTST,physical-bin,203,10.0,220,7805941.133901585
PatchTST,physical-bin,203,10.0,221,20236318.694916263
PatchTST,physical-bin,203,10.0,222,23407824.841308944
PatchTST,physical-bin,203,10.0,223,11759549.737679798
PatchTST,physical-bin,203,10.0,224,12106251.93357151
PatchTST,physical-bin,203,10.0,225,15890743.174242109
PatchTST,physical-bin,203,10.0,226,16792572.47042314
PatchTST,physical-bin,203,10.0,227,23553448.731032394
PatchTST,physical-bin,203,10.0,228,10000262.338205796
PatchTST,physical-bin,203,10.0,229,2032602.4569259644
PatchTST,physical-bin,203,10.0,230,8580680.932160981
PatchTST,physical-bin,203,10.0,231,10881637.341496421
PatchTST,physical-bin,203,10.0,232,7562776.278396728
PatchTST,physical-bin,203,10.0,233,9850452.417583385
PatchTST,physical-bin,203,10.0,234,16781538.041335516
PatchTST,physical-bin,203,10.0,235,10215003.660416318
PatchTST,physical-bin,203,10.0,236,20369452.691101365
PatchTST,physical-bin,203,10.0,237,13453052.76593964
PatchTST,physical-bin,203,10.0,238,8520164.11408991
PatchTST,physical-bin,203,10.0,239,39659863.662727565
PatchTST,physical-bin,203,10.0,240,6130003.719384065
PatchTST,physical-bin,203,10.0,241,21903713.286553316
PatchTST,physical-bin,203,10.0,242,14103174.89615858
PatchTST,physical-bin,203,10.0,243,14151277.491943872
PatchTST,physical-bin,203,10.0,244,38677842.10301174
PatchTST,physical-bin,203,10.0,245,17829982.745253876
PatchTST,global,204,10.0,211,12779433.371644935
PatchTST,global,204,10.0,212,5909948.702647844
PatchTST,global,204,10.0,213,18109575.813644692
PatchTST,global,204,10.0,214,12046229.848037085
PatchTST,global,204,10.0,215,19587559.470406532
PatchTST,global,204,10.0,216,29385035.77211237
PatchTST,global,204,10.0,217,13522058.917658487
PatchTST,global,204,10.0,218,14292133.339719657
PatchTST,global,204,10.0,219,9068539.96251448
PatchTST,global,204,10.0,220,7184423.421440681
PatchTST,global,204,10.0,221,22347752.78008075
PatchTST,global,204,10.0,222,24977901.9686552
PatchTST,global,204,10.0,223,10834170.59622087
PatchTST,global,204,10.0,224,9389334.591471592
PatchTST,global,204,10.0,225,14493438.394391298
PatchTST,global,204,10.0,226,12460327.402909705
PatchTST,global,204,10.0,227,21421927.827773053
PatchTST,global,204,10.0,228,8569888.812391898
PatchTST,global,204,10.0,229,1918497.5277442932
PatchTST,global,204,10.0,230,8143817.742287358
PatchTST,global,204,10.0,231,8496713.086404204
PatchTST,global,204,10.0,232,6746289.35833971
PatchTST,global,204,10.0,233,8363228.610542615
PatchTST,global,204,10.0,234,13798561.856633075
PatchTST,global,204,10.0,235,8933886.672234854
PatchTST,global,204,10.0,236,22552097.024777845
PatchTST,global,204,10.0,237,11316592.219545916
PatchTST,global,204,10.0,238,7724213.203934034
PatchTST,global,204,10.0,239,34046204.57243508
PatchTST,global,204,10.0,240,5752357.7833509445
PatchTST,global,204,10.0,241,21663575.120865364
PatchTST,global,204,10.0,242,11818798.688794792
PatchTST,global,204,10.0,243,11319683.506802876
PatchTST,global,204,10.0,244,33709321.413381934
PatchTST,global,204,10.0,245,15002649.721611917
PatchTST,physical-bin,204,10.0,211,13451976.849108532
PatchTST,physical-bin,204,10.0,212,5556248.431913504
PatchTST,physical-bin,204,10.0,213,16836993.774344314
PatchTST,physical-bin,204,10.0,214,11507601.16524741
PatchTST,physical-bin,204,10.0,215,19790518.648923304
PatchTST,physical-bin,204,10.0,216,31034931.51323752
PatchTST,physical-bin,204,10.0,217,12887197.414825441
PatchTST,physical-bin,204,10.0,218,14409446.755400583
PatchTST,physical-bin,204,10.0,219,8292947.002208305
PatchTST,physical-bin,204,10.0,220,6743264.941453004
PatchTST,physical-bin,204,10.0,221,22636869.89390827
PatchTST,physical-bin,204,10.0,222,23782160.317507803
PatchTST,physical-bin,204,10.0,223,9852769.412786562
PatchTST,physical-bin,204,10.0,224,9085873.821099715
PatchTST,physical-bin,204,10.0,225,14446022.268263722
PatchTST,physical-bin,204,10.0,226,14869807.267410696
PatchTST,physical-bin,204,10.0,227,24599928.883505158
PatchTST,physical-bin,204,10.0,228,8275688.087463971
PatchTST,physical-bin,204,10.0,229,1741078.3852203372
PatchTST,physical-bin,204,10.0,230,7880444.30240643
PatchTST,physical-bin,204,10.0,231,8010335.894642642
PatchTST,physical-bin,204,10.0,232,6523362.501943511
PatchTST,physical-bin,204,10.0,233,8028360.697261117
PatchTST,physical-bin,204,10.0,234,13617564.735272326
PatchTST,physical-bin,204,10.0,235,8983844.263765723
PatchTST,physical-bin,204,10.0,236,19292816.774201997
PatchTST,physical-bin,204,10.0,237,10796888.910102995
PatchTST,physical-bin,204,10.0,238,7375534.120493726
PatchTST,physical-bin,204,10.0,239,34944189.050749324
PatchTST,physical-bin,204,10.0,240,5233386.543884775
PatchTST,physical-bin,204,10.0,241,22324617.782572832
PatchTST,physical-bin,204,10.0,242,11826794.197216162
PatchTST,physical-bin,204,10.0,243,12701606.055481734
PatchTST,physical-bin,204,10.0,244,36103993.97396831
PatchTST,physical-bin,204,10.0,245,15511248.927583316
PatchTST,global,205,10.0,211,9883739.429451326
PatchTST,global,205,10.0,212,5351187.119270325
PatchTST,global,205,10.0,213,17703316.05000493
PatchTST,global,205,10.0,214,10322924.44983991
PatchTST,global,205,10.0,215,17529260.457364082
PatchTST,global,205,10.0,216,23094170.415387087
PatchTST,global,205,10.0,217,10932451.218454998
PatchTST,global,205,10.0,218,12045905.838836143
PatchTST,global,205,10.0,219,8512340.394128688
PatchTST,global,205,10.0,220,7082833.000745982
PatchTST,global,205,10.0,221,19510752.65095325
PatchTST,global,205,10.0,222,22579809.22235954
PatchTST,global,205,10.0,223,9937833.903230626
PatchTST,global,205,10.0,224,8427520.275862208
PatchTST,global,205,10.0,225,10819680.12579437
PatchTST,global,205,10.0,226,10318751.540591627
PatchTST,global,205,10.0,227,23368725.993785817
PatchTST,global,205,10.0,228,8479986.982337652
PatchTST,global,205,10.0,229,1741056.0962219238
PatchTST,global,205,10.0,230,7255064.44955834
PatchTST,global,205,10.0,231,8170071.0440667495
PatchTST,global,205,10.0,232,7274233.952485636
PatchTST,global,205,10.0,233,7483172.545594276
PatchTST,global,205,10.0,234,10962289.871928038
PatchTST,global,205,10.0,235,7852229.495961985
PatchTST,global,205,10.0,236,23594156.82396364
PatchTST,global,205,10.0,237,10823523.450046306
PatchTST,global,205,10.0,238,7243563.046423271
PatchTST,global,205,10.0,239,30475123.91727947
PatchTST,global,205,10.0,240,5317585.268674977
PatchTST,global,205,10.0,241,16362989.212596271
PatchTST,global,205,10.0,242,10123491.107817683
PatchTST,global,205,10.0,243,10605538.010847729
PatchTST,global,205,10.0,244,37437464.72797978
PatchTST,global,205,10.0,245,16219539.40642206
PatchTST,physical-bin,205,10.0,211,10234713.301506918
PatchTST,physical-bin,205,10.0,212,5076812.143183804
PatchTST,physical-bin,205,10.0,213,17410835.418475226
PatchTST,physical-bin,205,10.0,214,9721464.236651294
PatchTST,physical-bin,205,10.0,215,17437584.56206188
PatchTST,physical-bin,205,10.0,216,24007198.932553954
PatchTST,physical-bin,205,10.0,217,10180794.44560903
PatchTST,physical-bin,205,10.0,218,12264426.123875275
PatchTST,physical-bin,205,10.0,219,8017321.798018973
PatchTST,physical-bin,205,10.0,220,6844944.60068908
PatchTST,physical-bin,205,10.0,221,19539891.678089987
PatchTST,physical-bin,205,10.0,222,20971985.8233236
PatchTST,physical-bin,205,10.0,223,9206906.140691487
PatchTST,physical-bin,205,10.0,224,8264132.719899867
PatchTST,physical-bin,205,10.0,225,10426205.487167316
PatchTST,physical-bin,205,10.0,226,12230770.6733345
PatchTST,physical-bin,205,10.0,227,24745055.215518847
PatchTST,physical-bin,205,10.0,228,8482920.263018195
PatchTST,physical-bin,205,10.0,229,1590433.1231414797
PatchTST,physical-bin,205,10.0,230,7040582.4440580625
PatchTST,physical-bin,205,10.0,231,7833723.817180684
PatchTST,physical-bin,205,10.0,232,7434881.812100471
PatchTST,physical-bin,205,10.0,233,7196432.406731705
PatchTST,physical-bin,205,10.0,234,10903533.126864655
PatchTST,physical-bin,205,10.0,235,8077559.250067905
PatchTST,physical-bin,205,10.0,236,19902756.688415576
PatchTST,physical-bin,205,10.0,237,10639046.993722044
PatchTST,physical-bin,205,10.0,238,7238004.980319262
PatchTST,physical-bin,205,10.0,239,31251351.806226734
PatchTST,physical-bin,205,10.0,240,4989995.298338592
PatchTST,physical-bin,205,10.0,241,16749496.54174292
PatchTST,physical-bin,205,10.0,242,10457483.45810163
PatchTST,physical-bin,205,10.0,243,11918671.856304426
PatchTST,physical-bin,205,10.0,244,38836375.472058095
PatchTST,physical-bin,205,10.0,245,16989286.982981116
Physics-Aligned MoE,global,201,10.0,211,13976819.945464551
Physics-Aligned MoE,global,201,10.0,212,5971555.443926811
Physics-Aligned MoE,global,201,10.0,213,19461268.82527172
Physics-Aligned MoE,global,201,10.0,214,10885563.017626125
Physics-Aligned MoE,global,201,10.0,215,12074628.930215199
Physics-Aligned MoE,global,201,10.0,216,23303823.01396644
Physics-Aligned MoE,global,201,10.0,217,11087643.093041738
Physics-Aligned MoE,global,201,10.0,218,12308995.400223244
Physics-Aligned MoE,global,201,10.0,219,9176548.809778133
Physics-Aligned MoE,global,201,10.0,220,7209676.987324715
Physics-Aligned MoE,global,201,10.0,221,15603365.9687703
Physics-Aligned MoE,global,201,10.0,222,25687027.274585422
Physics-Aligned MoE,global,201,10.0,223,10974100.560447533
Physics-Aligned MoE,global,201,10.0,224,9226136.579350967
Physics-Aligned MoE,global,201,10.0,225,11405409.581122357
Physics-Aligned MoE,global,201,10.0,226,11642666.450293222
Physics-Aligned MoE,global,201,10.0,227,23851253.457154587
Physics-Aligned MoE,global,201,10.0,228,8508738.154266417
Physics-Aligned MoE,global,201,10.0,229,1942898.4219474788
Physics-Aligned MoE,global,201,10.0,230,7620670.497522612
Physics-Aligned MoE,global,201,10.0,231,9157921.21639189
Physics-Aligned MoE,global,201,10.0,232,6631024.104596986
Physics-Aligned MoE,global,201,10.0,233,8110280.52266707
Physics-Aligned MoE,global,201,10.0,234,12483923.40187186
Physics-Aligned MoE,global,201,10.0,235,8695881.249722162
Physics-Aligned MoE,global,201,10.0,236,18427481.319735568
Physics-Aligned MoE,global,201,10.0,237,12093332.324623328
Physics-Aligned MoE,global,201,10.0,238,7403114.76599574
Physics-Aligned MoE,global,201,10.0,239,29602875.237053342
Physics-Aligned MoE,global,201,10.0,240,5825520.59521834
Physics-Aligned MoE,global,201,10.0,241,17718576.235672817
Physics-Aligned MoE,global,201,10.0,242,9952158.34875054
Physics-Aligned MoE,global,201,10.0,243,11073687.118885675
Physics-Aligned MoE,global,201,10.0,244,39212183.24640682
Physics-Aligned MoE,global,201,10.0,245,15406141.68815924
Physics-Aligned MoE,physical-bin,201,10.0,211,14359898.33100919
Physics-Aligned MoE,physical-bin,201,10.0,212,5757683.68034549
Physics-Aligned MoE,physical-bin,201,10.0,213,18839728.053513665
Physics-Aligned MoE,physical-bin,201,10.0,214,10211743.609448291
Physics-Aligned MoE,physical-bin,201,10.0,215,11727351.332614074
Physics-Aligned MoE,physical-bin,201,10.0,216,24021831.981517076
Physics-Aligned MoE,physical-bin,201,10.0,217,10466420.222519465
Physics-Aligned MoE,physical-bin,201,10.0,218,12212957.606811605
Physics-Aligned MoE,physical-bin,201,10.0,219,8597101.857090268
Physics-Aligned MoE,physical-bin,201,10.0,220,6766391.83071964
Physics-Aligned MoE,physical-bin,201,10.0,221,15425847.088409437
Physics-Aligned MoE,physical-bin,201,10.0,222,24881202.9491693
Physics-Aligned MoE,physical-bin,201,10.0,223,10266824.517962655
Physics-Aligned MoE,physical-bin,201,10.0,224,8938260.645798061
Physics-Aligned MoE,physical-bin,201,10.0,225,10919421.895054389
Physics-Aligned MoE,physical-bin,201,10.0,226,13588779.108034084
Physics-Aligned MoE,physical-bin,201,10.0,227,25381297.552468367
Physics-Aligned MoE,physical-bin,201,10.0,228,8112870.269698056
Physics-Aligned MoE,physical-bin,201,10.0,229,1815992.8995786672
Physics-Aligned MoE,physical-bin,201,10.0,230,7285545.040416855
Physics-Aligned MoE,physical-bin,201,10.0,231,8887216.733073201
Physics-Aligned MoE,physical-bin,201,10.0,232,6340691.336737186
Physics-Aligned MoE,physical-bin,201,10.0,233,7782018.634117604
Physics-Aligned MoE,physical-bin,201,10.0,234,12295026.331918415
Physics-Aligned MoE,physical-bin,201,10.0,235,8863591.616862807
Physics-Aligned MoE,physical-bin,201,10.0,236,15915179.782747392
Physics-Aligned MoE,physical-bin,201,10.0,237,11753914.128102256
Physics-Aligned MoE,physical-bin,201,10.0,238,7039112.32890752
Physics-Aligned MoE,physical-bin,201,10.0,239,30295714.087410618
Physics-Aligned MoE,physical-bin,201,10.0,240,5446468.548897437
Physics-Aligned MoE,physical-bin,201,10.0,241,18163371.976616457
Physics-Aligned MoE,physical-bin,201,10.0,242,9793173.08472773
Physics-Aligned MoE,physical-bin,201,10.0,243,12305349.278551456
Physics-Aligned MoE,physical-bin,201,10.0,244,40757093.10258778
Physics-Aligned MoE,physical-bin,201,10.0,245,15667832.64306578
Physics-Aligned MoE,gate-bin,201,10.0,211,13624049.47713279
Physics-Aligned MoE,gate-bin,201,10.0,212,5924071.819685842
Physics-Aligned MoE,gate-bin,201,10.0,213,18036284.168802116
Physics-Aligned MoE,gate-bin,201,10.0,214,9893462.06293723
Physics-Aligned MoE,gate-bin,201,10.0,215,12726910.853278987
Physics-Aligned MoE,gate-bin,201,10.0,216,24330165.728072785
Physics-Aligned MoE,gate-bin,201,10.0,217,13383907.618189337
Physics-Aligned MoE,gate-bin,201,10.0,218,13549834.501167666
Physics-Aligned MoE,gate-bin,201,10.0,219,7785562.387422418
Physics-Aligned MoE,gate-bin,201,10.0,220,6525720.864787619
Physics-Aligned MoE,gate-bin,201,10.0,221,16660872.901988562
Physics-Aligned MoE,gate-bin,201,10.0,222,22704488.691284947
Physics-Aligned MoE,gate-bin,201,10.0,223,9681962.173149087
Physics-Aligned MoE,gate-bin,201,10.0,224,8330663.73999667
Physics-Aligned MoE,gate-bin,201,10.0,225,10053535.884631308
Physics-Aligned MoE,gate-bin,201,10.0,226,13457627.02985706
Physics-Aligned MoE,gate-bin,201,10.0,227,19894604.67490136
Physics-Aligned MoE,gate-bin,201,10.0,228,7670061.706941725
Physics-Aligned MoE,gate-bin,201,10.0,229,1716256.1283105377
Physics-Aligned MoE,gate-bin,201,10.0,230,6546807.3462003805
Physics-Aligned MoE,gate-bin,201,10.0,231,8324960.7649584785
Physics-Aligned MoE,gate-bin,201,10.0,232,5797403.66887873
Physics-Aligned MoE,gate-bin,201,10.0,233,7390176.507974816
Physics-Aligned MoE,gate-bin,201,10.0,234,11110901.542350914
Physics-Aligned MoE,gate-bin,201,10.0,235,8242667.308648428
Physics-Aligned MoE,gate-bin,201,10.0,236,16017200.540318785
Physics-Aligned MoE,gate-bin,201,10.0,237,10858497.275561742
Physics-Aligned MoE,gate-bin,201,10.0,238,6866852.124485661
Physics-Aligned MoE,gate-bin,201,10.0,239,30896604.11040904
Physics-Aligned MoE,gate-bin,201,10.0,240,5008550.659371377
Physics-Aligned MoE,gate-bin,201,10.0,241,20011925.333156884
Physics-Aligned MoE,gate-bin,201,10.0,242,10233315.905988239
Physics-Aligned MoE,gate-bin,201,10.0,243,15327373.797765575
Physics-Aligned MoE,gate-bin,201,10.0,244,35230795.60175193
Physics-Aligned MoE,gate-bin,201,10.0,245,15187391.544500846
Physics-Aligned MoE,global,202,10.0,211,13030975.163407104
Physics-Aligned MoE,global,202,10.0,212,5883163.623806119
Physics-Aligned MoE,global,202,10.0,213,16907276.828339193
Physics-Aligned MoE,global,202,10.0,214,10713049.018648822
Physics-Aligned MoE,global,202,10.0,215,13593901.9780581
Physics-Aligned MoE,global,202,10.0,216,15447638.723542409
Physics-Aligned MoE,global,202,10.0,217,10998726.37003549
Physics-Aligned MoE,global,202,10.0,218,11750522.706269454
Physics-Aligned MoE,global,202,10.0,219,9284648.136014137
Physics-Aligned MoE,global,202,10.0,220,7253870.960228621
Physics-Aligned MoE,global,202,10.0,221,15987465.674643552
Physics-Aligned MoE,global,202,10.0,222,21374833.165392466
Physics-Aligned MoE,global,202,10.0,223,10811118.199571326
Physics-Aligned MoE,global,202,10.0,224,8769269.886933584
Physics-Aligned MoE,global,202,10.0,225,11143829.567690969
Physics-Aligned MoE,global,202,10.0,226,11158950.983665466
Physics-Aligned MoE,global,202,10.0,227,22879297.978158273
Physics-Aligned MoE,global,202,10.0,228,9041053.824187437
Physics-Aligned MoE,global,202,10.0,229,1914139.360855579
Physics-Aligned MoE,global,202,10.0,230,7735068.76660946
Physics-Aligned MoE,global,202,10.0,231,8790751.919484008
Physics-Aligned MoE,global,202,10.0,232,7328554.329233126
Physics-Aligned MoE,global,202,10.0,233,8015051.157898108
Physics-Aligned MoE,global,202,10.0,234,11312582.047493815
Physics-Aligned MoE,global,202,10.0,235,8482533.576640844
Physics-Aligned MoE,global,202,10.0,236,23770074.883879233
Physics-Aligned MoE,global,202,10.0,237,11290695.412351314
Physics-Aligned MoE,global,202,10.0,238,7544400.640984698
Physics-Aligned MoE,global,202,10.0,239,24941850.095906824
Physics-Aligned MoE,global,202,10.0,240,5741550.212417692
Physics-Aligned MoE,global,202,10.0,241,13843520.831308095
Physics-Aligned MoE,global,202,10.0,242,9767545.497892931
Physics-Aligned MoE,global,202,10.0,243,10845056.34628582
Physics-Aligned MoE,global,202,10.0,244,43398181.242860496
Physics-Aligned MoE,global,202,10.0,245,13537142.269310437
Physics-Aligned MoE,physical-bin,202,10.0,211,13635931.645976584
Physics-Aligned MoE,physical-bin,202,10.0,212,5475437.437014771
Physics-Aligned MoE,physical-bin,202,10.0,213,17384112.242019877
Physics-Aligned MoE,physical-bin,202,10.0,214,9566628.206739808
Physics-Aligned MoE,physical-bin,202,10.0,215,12919364.133552741
Physics-Aligned MoE,physical-bin,202,10.0,216,15883542.34392212
Physics-Aligned MoE,physical-bin,202,10.0,217,9972572.409274291
Physics-Aligned MoE,physical-bin,202,10.0,218,11640876.00947855
Physics-Aligned MoE,physical-bin,202,10.0,219,8489613.357091801
Physics-Aligned MoE,physical-bin,202,10.0,220,6750361.767699889
Physics-Aligned MoE,physical-bin,202,10.0,221,15901411.788977135
Physics-Aligned MoE,physical-bin,202,10.0,222,19639904.19628451
Physics-Aligned MoE,physical-bin,202,10.0,223,9583607.755855255
Physics-Aligned MoE,physical-bin,202,10.0,224,8200013.487561174
Physics-Aligned MoE,physical-bin,202,10.0,225,10250562.150872223
Physics-Aligned MoE,physical-bin,202,10.0,226,14159863.833555864
Physics-Aligned MoE,physical-bin,202,10.0,227,25081744.312489346
Physics-Aligned MoE,physical-bin,202,10.0,228,8999725.6270722
Physics-Aligned MoE,physical-bin,202,10.0,229,1689328.558996582
Physics-Aligned MoE,physical-bin,202,10.0,230,7308537.41831298
Physics-Aligned MoE,physical-bin,202,10.0,231,8257377.253766796
Physics-Aligned MoE,physical-bin,202,10.0,232,7289315.473350316
Physics-Aligned MoE,physical-bin,202,10.0,233,7477962.2823205795
Physics-Aligned MoE,physical-bin,202,10.0,234,10976544.342167258
Physics-Aligned MoE,physical-bin,202,10.0,235,8644600.139538035
Physics-Aligned MoE,physical-bin,202,10.0,236,18535229.51481494
Physics-Aligned MoE,physical-bin,202,10.0,237,10585900.824011117
Physics-Aligned MoE,physical-bin,202,10.0,238,7144256.116772949
Physics-Aligned MoE,physical-bin,202,10.0,239,25840069.544199042
Physics-Aligned MoE,physical-bin,202,10.0,240,5117269.256458567
Physics-Aligned MoE,physical-bin,202,10.0,241,14335962.893323291
Physics-Aligned MoE,physical-bin,202,10.0,242,9794818.21891479
Physics-Aligned MoE,physical-bin,202,10.0,243,12712248.744275924
Physics-Aligned MoE,physical-bin,202,10.0,244,45586654.281096995
Physics-Aligned MoE,physical-bin,202,10.0,245,14201452.853018584
Physics-Aligned MoE,gate-bin,202,10.0,211,13208144.591481904
Physics-Aligned MoE,gate-bin,202,10.0,212,5645506.118843296
Physics-Aligned MoE,gate-bin,202,10.0,213,18070644.648976684
Physics-Aligned MoE,gate-bin,202,10.0,214,9954160.13579905
Physics-Aligned MoE,gate-bin,202,10.0,215,13619309.49561685
Physics-Aligned MoE,gate-bin,202,10.0,216,15842490.709377341
Physics-Aligned MoE,gate-bin,202,10.0,217,15149882.02012329
Physics-Aligned MoE,gate-bin,202,10.0,218,12172711.393007929
Physics-Aligned MoE,gate-bin,202,10.0,219,7731478.887759106
Physics-Aligned MoE,gate-bin,202,10.0,220,6715795.161589353
Physics-Aligned MoE,gate-bin,202,10.0,221,16330468.754521005
Physics-Aligned MoE,gate-bin,202,10.0,222,19072253.05188843
Physics-Aligned MoE,gate-bin,202,10.0,223,8925378.561795032
Physics-Aligned MoE,gate-bin,202,10.0,224,7809104.630264209
Physics-Aligned MoE,gate-bin,202,10.0,225,9853744.499554586
Physics-Aligned MoE,gate-bin,202,10.0,226,14775870.195241794
Physics-Aligned MoE,gate-bin,202,10.0,227,20262842.222375065
Physics-Aligned MoE,gate-bin,202,10.0,228,9089678.900900476
Physics-Aligned MoE,gate-bin,202,10.0,229,1310962.120354629
Physics-Aligned MoE,gate-bin,202,10.0,230,6428179.912926155
Physics-Aligned MoE,gate-bin,202,10.0,231,7170593.563955727
Physics-Aligned MoE,gate-bin,202,10.0,232,6827508.313577995
Physics-Aligned MoE,gate-bin,202,10.0,233,6663609.080235569
Physics-Aligned MoE,gate-bin,202,10.0,234,10199951.735678384
Physics-Aligned MoE,gate-bin,202,10.0,235,8586593.829203017
Physics-Aligned MoE,gate-bin,202,10.0,236,19749317.39584678
Physics-Aligned MoE,gate-bin,202,10.0,237,10191614.44089901
Physics-Aligned MoE,gate-bin,202,10.0,238,7009932.845838905
Physics-Aligned MoE,gate-bin,202,10.0,239,23847830.921086982
Physics-Aligned MoE,gate-bin,202,10.0,240,4395420.301063502
Physics-Aligned MoE,gate-bin,202,10.0,241,13778495.34153878
Physics-Aligned MoE,gate-bin,202,10.0,242,10315467.579855146
Physics-Aligned MoE,gate-bin,202,10.0,243,12912292.969611105
Physics-Aligned MoE,gate-bin,202,10.0,244,40754251.96955414
Physics-Aligned MoE,gate-bin,202,10.0,245,13855395.78530376
Physics-Aligned MoE,global,203,10.0,211,11852152.204924626
Physics-Aligned MoE,global,203,10.0,212,7215090.633430347
Physics-Aligned MoE,global,203,10.0,213,23515989.911396783
Physics-Aligned MoE,global,203,10.0,214,13376285.704498742
Physics-Aligned MoE,global,203,10.0,215,18108424.83612914
Physics-Aligned MoE,global,203,10.0,216,29040518.06002869
Physics-Aligned MoE,global,203,10.0,217,16162847.12044233
Physics-Aligned MoE,global,203,10.0,218,15180714.202950984
Physics-Aligned MoE,global,203,10.0,219,11081550.685794935
Physics-Aligned MoE,global,203,10.0,220,8711042.43940474
Physics-Aligned MoE,global,203,10.0,221,26517702.68390486
Physics-Aligned MoE,global,203,10.0,222,32258804.08384995
Physics-Aligned MoE,global,203,10.0,223,13256434.465250015
Physics-Aligned MoE,global,203,10.0,224,10264408.053061027
Physics-Aligned MoE,global,203,10.0,225,13983296.033524662
Physics-Aligned MoE,global,203,10.0,226,14613996.854977697
Physics-Aligned MoE,global,203,10.0,227,40060755.19226654
Physics-Aligned MoE,global,203,10.0,228,10013144.232802302
Physics-Aligned MoE,global,203,10.0,229,2347493.6032213564
Physics-Aligned MoE,global,203,10.0,230,8931284.543295417
Physics-Aligned MoE,global,203,10.0,231,10032059.520779327
Physics-Aligned MoE,global,203,10.0,232,7863593.215484331
Physics-Aligned MoE,global,203,10.0,233,9224905.06289353
Physics-Aligned MoE,global,203,10.0,234,13154353.48461951
Physics-Aligned MoE,global,203,10.0,235,10495776.127246302
Physics-Aligned MoE,global,203,10.0,236,28958939.16022047
Physics-Aligned MoE,global,203,10.0,237,13233988.651738664
Physics-Aligned MoE,global,203,10.0,238,8783621.751890779
Physics-Aligned MoE,global,203,10.0,239,40887262.43462041
Physics-Aligned MoE,global,203,10.0,240,7038645.035802597
Physics-Aligned MoE,global,203,10.0,241,22483997.60400399
Physics-Aligned MoE,global,203,10.0,242,10949364.1329786
Physics-Aligned MoE,global,203,10.0,243,13349983.794975221
Physics-Aligned MoE,global,203,10.0,244,47374590.641025014
Physics-Aligned MoE,global,203,10.0,245,26293534.33898573
Physics-Aligned MoE,physical-bin,203,10.0,211,12056724.910382878
Physics-Aligned MoE,physical-bin,203,10.0,212,6401212.799199866
Physics-Aligned MoE,physical-bin,203,10.0,213,20705661.29233364
Physics-Aligned MoE,physical-bin,203,10.0,214,11592336.5715928
Physics-Aligned MoE,physical-bin,203,10.0,215,18211970.879974015
Physics-Aligned MoE,physical-bin,203,10.0,216,32260429.813598927
Physics-Aligned MoE,physical-bin,203,10.0,217,16138944.222741205
Physics-Aligned MoE,physical-bin,203,10.0,218,14307104.381750312
Physics-Aligned MoE,physical-bin,203,10.0,219,9321565.772436295
Physics-Aligned MoE,physical-bin,203,10.0,220,7328284.471736744
Physics-Aligned MoE,physical-bin,203,10.0,221,26008030.22869367
Physics-Aligned MoE,physical-bin,203,10.0,222,31478549.762149338
Physics-Aligned MoE,physical-bin,203,10.0,223,11135727.960178474
Physics-Aligned MoE,physical-bin,203,10.0,224,8771159.720816877
Physics-Aligned MoE,physical-bin,203,10.0,225,12833313.456617557
Physics-Aligned MoE,physical-bin,203,10.0,226,18293386.356204376
Physics-Aligned MoE,physical-bin,203,10.0,227,45106697.64496791
Physics-Aligned MoE,physical-bin,203,10.0,228,8762608.968534613
Physics-Aligned MoE,physical-bin,203,10.0,229,1971951.8262816048
Physics-Aligned MoE,physical-bin,203,10.0,230,7700534.208419479
Physics-Aligned MoE,physical-bin,203,10.0,231,8527872.720848149
Physics-Aligned MoE,physical-bin,203,10.0,232,6691069.518825647
Physics-Aligned MoE,physical-bin,203,10.0,233,8015879.197578197
Physics-Aligned MoE,physical-bin,203,10.0,234,12328091.59574008
Physics-Aligned MoE,physical-bin,203,10.0,235,10266411.760968423
Physics-Aligned MoE,physical-bin,203,10.0,236,23110177.761755917
Physics-Aligned MoE,physical-bin,203,10.0,237,11234808.262142437
Physics-Aligned MoE,physical-bin,203,10.0,238,7549285.795968266
Physics-Aligned MoE,physical-bin,203,10.0,239,41739853.544608146
Physics-Aligned MoE,physical-bin,203,10.0,240,5912633.335337819
Physics-Aligned MoE,physical-bin,203,10.0,241,23702425.578786004
Physics-Aligned MoE,physical-bin,203,10.0,242,9652726.620280923
Physics-Aligned MoE,physical-bin,203,10.0,243,15015594.251716737
Physics-Aligned MoE,physical-bin,203,10.0,244,50908910.06366031
Physics-Aligned MoE,physical-bin,203,10.0,245,27304886.910876792
Physics-Aligned MoE,gate-bin,203,10.0,211,13216853.564200368
Physics-Aligned MoE,gate-bin,203,10.0,212,6067768.255494007
Physics-Aligned MoE,gate-bin,203,10.0,213,20393674.965358894
Physics-Aligned MoE,gate-bin,203,10.0,214,11546521.17609635
Physics-Aligned MoE,gate-bin,203,10.0,215,17266891.907068275
Physics-Aligned MoE,gate-bin,203,10.0,216,31060823.06577669
Physics-Aligned MoE,gate-bin,203,10.0,217,16531426.679264389
Physics-Aligned MoE,gate-bin,203,10.0,218,13834101.588146096
Physics-Aligned MoE,gate-bin,203,10.0,219,7674032.071555418
Physics-Aligned MoE,gate-bin,203,10.0,220,7006598.148883475
Physics-Aligned MoE,gate-bin,203,10.0,221,22100678.708830204
Physics-Aligned MoE,gate-bin,203,10.0,222,32077646.438928545
Physics-Aligned MoE,gate-bin,203,10.0,223,9511005.08793439
Physics-Aligned MoE,gate-bin,203,10.0,224,7038279.58839918
Physics-Aligned MoE,gate-bin,203,10.0,225,11828784.168402715
Physics-Aligned MoE,gate-bin,203,10.0,226,19393374.34061996
Physics-Aligned MoE,gate-bin,203,10.0,227,35573669.02435205
Physics-Aligned MoE,gate-bin,203,10.0,228,7961258.716538689
Physics-Aligned MoE,gate-bin,203,10.0,229,1292219.7325103583
Physics-Aligned MoE,gate-bin,203,10.0,230,6415586.069597149
Physics-Aligned MoE,gate-bin,203,10.0,231,6231305.05061607
Physics-Aligned MoE,gate-bin,203,10.0,232,5521148.112081559
Physics-Aligned MoE,gate-bin,203,10.0,233,6457168.467259351
Physics-Aligned MoE,gate-bin,203,10.0,234,9667896.89905852
Physics-Aligned MoE,gate-bin,203,10.0,235,8794283.03069911
Physics-Aligned MoE,gate-bin,203,10.0,236,24703584.67657231
Physics-Aligned MoE,gate-bin,203,10.0,237,10388189.98556927
Physics-Aligned MoE,gate-bin,203,10.0,238,6747549.435826652
Physics-Aligned MoE,gate-bin,203,10.0,239,37191460.81417282
Physics-Aligned MoE,gate-bin,203,10.0,240,4271990.063939329
Physics-Aligned MoE,gate-bin,203,10.0,241,26658235.1474978
Physics-Aligned MoE,gate-bin,203,10.0,242,9867261.861298596
Physics-Aligned MoE,gate-bin,203,10.0,243,19089951.058751743
Physics-Aligned MoE,gate-bin,203,10.0,244,47212502.27492204
Physics-Aligned MoE,gate-bin,203,10.0,245,25133282.44067149
Physics-Aligned MoE,global,204,10.0,211,15536540.771949336
Physics-Aligned MoE,global,204,10.0,212,7591943.241577148
Physics-Aligned MoE,global,204,10.0,213,23485024.55892632
Physics-Aligned MoE,global,204,10.0,214,13809368.537729582
Physics-Aligned MoE,global,204,10.0,215,18179867.595586777
Physics-Aligned MoE,global,204,10.0,216,34035360.07138421
Physics-Aligned MoE,global,204,10.0,217,15571194.275232952
Physics-Aligned MoE,global,204,10.0,218,14267556.509026265
Physics-Aligned MoE,global,204,10.0,219,11661533.12533458
Physics-Aligned MoE,global,204,10.0,220,9214879.910494586
Physics-Aligned MoE,global,204,10.0,221,25625730.32797809
Physics-Aligned MoE,global,204,10.0,222,29414936.276729584
Physics-Aligned MoE,global,204,10.0,223,13948833.515625
Physics-Aligned MoE,global,204,10.0,224,11026749.574071417
Physics-Aligned MoE,global,204,10.0,225,14461634.804598093
Physics-Aligned MoE,global,204,10.0,226,14718534.577576319
Physics-Aligned MoE,global,204,10.0,227,32249055.31483968
Physics-Aligned MoE,global,204,10.0,228,10701870.13002038
Physics-Aligned MoE,global,204,10.0,229,2470105.9350585933
Physics-Aligned MoE,global,204,10.0,230,9777794.785466963
Physics-Aligned MoE,global,204,10.0,231,10660599.811627466
Physics-Aligned MoE,global,204,10.0,232,8481467.022812318
Physics-Aligned MoE,global,204,10.0,233,9804026.684380373
Physics-Aligned MoE,global,204,10.0,234,14328421.409961462
Physics-Aligned MoE,global,204,10.0,235,10998032.593593597
Physics-Aligned MoE,global,204,10.0,236,25188170.78594625
Physics-Aligned MoE,global,204,10.0,237,13947269.449938525
Physics-Aligned MoE,global,204,10.0,238,9491606.070255041
Physics-Aligned MoE,global,204,10.0,239,32774463.976172894
Physics-Aligned MoE,global,204,10.0,240,7406281.684366861
Physics-Aligned MoE,global,204,10.0,241,21361523.218521178
Physics-Aligned MoE,global,204,10.0,242,11909710.832535625
Physics-Aligned MoE,global,204,10.0,243,14100718.65051369
Physics-Aligned MoE,global,204,10.0,244,40749564.03714892
Physics-Aligned MoE,global,204,10.0,245,19321729.547295332
Physics-Aligned MoE,physical-bin,204,10.0,211,16070520.202923175
Physics-Aligned MoE,physical-bin,204,10.0,212,7218544.058414335
Physics-Aligned MoE,physical-bin,204,10.0,213,21896526.334040575
Physics-Aligned MoE,physical-bin,204,10.0,214,12779712.022990689
Physics-Aligned MoE,physical-bin,204,10.0,215,18024891.857684575
Physics-Aligned MoE,physical-bin,204,10.0,216,35643220.274386026
Physics-Aligned MoE,physical-bin,204,10.0,217,15183762.310437556
Physics-Aligned MoE,physical-bin,204,10.0,218,13437455.45213437
Physics-Aligned MoE,physical-bin,204,10.0,219,10768073.629492788
Physics-Aligned MoE,physical-bin,204,10.0,220,8644006.998973839
Physics-Aligned MoE,physical-bin,204,10.0,221,26108863.035051577
Physics-Aligned MoE,physical-bin,204,10.0,222,28299910.340620942
Physics-Aligned MoE,physical-bin,204,10.0,223,12839507.586294362
Physics-Aligned MoE,physical-bin,204,10.0,224,10382231.94141099
Physics-Aligned MoE,physical-bin,204,10.0,225,13763477.157317132
Physics-Aligned MoE,physical-bin,204,10.0,226,17208669.15360801
Physics-Aligned MoE,physical-bin,204,10.0,227,35912673.55876084
Physics-Aligned MoE,physical-bin,204,10.0,228,10074026.103769358
Physics-Aligned MoE,physical-bin,204,10.0,229,2273662.801739627
Physics-Aligned MoE,physical-bin,204,10.0,230,9343312.15558708
Physics-Aligned MoE,physical-bin,204,10.0,231,9964104.289133042
Physics-Aligned MoE,physical-bin,204,10.0,232,8101148.221945851
Physics-Aligned MoE,physical-bin,204,10.0,233,9196234.137486203
Physics-Aligned MoE,physical-bin,204,10.0,234,13950184.299513448
Physics-Aligned MoE,physical-bin,204,10.0,235,11105275.42524865
Physics-Aligned MoE,physical-bin,204,10.0,236,21660506.301023617
Physics-Aligned MoE,physical-bin,204,10.0,237,12988663.083563
Physics-Aligned MoE,physical-bin,204,10.0,238,8954027.861410841
Physics-Aligned MoE,physical-bin,204,10.0,239,33378972.21422522
Physics-Aligned MoE,physical-bin,204,10.0,240,6817273.269921921
Physics-Aligned MoE,physical-bin,204,10.0,241,22065428.4466917
Physics-Aligned MoE,physical-bin,204,10.0,242,11458508.31831799
Physics-Aligned MoE,physical-bin,204,10.0,243,15550986.171301752
Physics-Aligned MoE,physical-bin,204,10.0,244,43875262.46187432
Physics-Aligned MoE,physical-bin,204,10.0,245,19969102.608737633
Physics-Aligned MoE,gate-bin,204,10.0,211,16206007.827608224
Physics-Aligned MoE,gate-bin,204,10.0,212,6868677.252709247
Physics-Aligned MoE,gate-bin,204,10.0,213,21978713.265483454
Physics-Aligned MoE,gate-bin,204,10.0,214,12634513.19937334
Physics-Aligned MoE,gate-bin,204,10.0,215,18392554.623780236
Physics-Aligned MoE,gate-bin,204,10.0,216,35389652.61357948
Physics-Aligned MoE,gate-bin,204,10.0,217,17418793.760074317
Physics-Aligned MoE,gate-bin,204,10.0,218,13555927.882610133
Physics-Aligned MoE,gate-bin,204,10.0,219,9189473.633310236
Physics-Aligned MoE,gate-bin,204,10.0,220,8356295.924174481
Physics-Aligned MoE,gate-bin,204,10.0,221,25807728.954707336
Physics-Aligned MoE,gate-bin,204,10.0,222,26026290.558270067
Physics-Aligned MoE,gate-bin,204,10.0,223,11162855.667010214
Physics-Aligned MoE,gate-bin,204,10.0,224,9309670.208260726
Physics-Aligned MoE,gate-bin,204,10.0,225,13314477.341252511
Physics-Aligned MoE,gate-bin,204,10.0,226,18156376.599914186
Physics-Aligned MoE,gate-bin,204,10.0,227,33458565.868342347
Physics-Aligned MoE,gate-bin,204,10.0,228,9796709.663702622
Physics-Aligned MoE,gate-bin,204,10.0,229,1650997.971714513
Physics-Aligned MoE,gate-bin,204,10.0,230,8104819.46428578
Physics-Aligned MoE,gate-bin,204,10.0,231,8355074.492384335
Physics-Aligned MoE,gate-bin,204,10.0,232,8015145.653307321
Physics-Aligned MoE,gate-bin,204,10.0,233,7824367.384812311
Physics-Aligned MoE,gate-bin,204,10.0,234,12916660.741757527
Physics-Aligned MoE,gate-bin,204,10.0,235,10821445.725913176
Physics-Aligned MoE,gate-bin,204,10.0,236,20881731.04094191
Physics-Aligned MoE,gate-bin,204,10.0,237,12701716.530524118
Physics-Aligned MoE,gate-bin,204,10.0,238,8321289.394272296
Physics-Aligned MoE,gate-bin,204,10.0,239,31226425.808695212
Physics-Aligned MoE,gate-bin,204,10.0,240,5278973.988188896
Physics-Aligned MoE,gate-bin,204,10.0,241,21673360.667680427
Physics-Aligned MoE,gate-bin,204,10.0,242,11086785.991569284
Physics-Aligned MoE,gate-bin,204,10.0,243,15862617.74081353
Physics-Aligned MoE,gate-bin,204,10.0,244,40727079.64087783
Physics-Aligned MoE,gate-bin,204,10.0,245,16066584.609815774
Physics-Aligned MoE,global,205,10.0,211,12848004.036126375
Physics-Aligned MoE,global,205,10.0,212,6353152.16021204
Physics-Aligned MoE,global,205,10.0,213,21698102.92057269
Physics-Aligned MoE,global,205,10.0,214,11565758.932498774
Physics-Aligned MoE,global,205,10.0,215,11839313.945055645
Physics-Aligned MoE,global,205,10.0,216,27405378.969257463
Physics-Aligned MoE,global,205,10.0,217,11776363.301404953
Physics-Aligned MoE,global,205,10.0,218,12042724.990940979
Physics-Aligned MoE,global,205,10.0,219,9757779.721368313
Physics-Aligned MoE,global,205,10.0,220,7689124.418922156
Physics-Aligned MoE,global,205,10.0,221,18733124.75013633
Physics-Aligned MoE,global,205,10.0,222,23850895.942578815
Physics-Aligned MoE,global,205,10.0,223,11722506.79342711
Physics-Aligned MoE,global,205,10.0,224,9452481.210651755
Physics-Aligned MoE,global,205,10.0,225,12163488.573711354
Physics-Aligned MoE,global,205,10.0,226,12462162.95514394
Physics-Aligned MoE,global,205,10.0,227,20201419.98690669
Physics-Aligned MoE,global,205,10.0,228,9889068.43636797
Physics-Aligned MoE,global,205,10.0,229,2067054.2913608546
Physics-Aligned MoE,global,205,10.0,230,7863124.237381831
Physics-Aligned MoE,global,205,10.0,231,8926456.262174446
Physics-Aligned MoE,global,205,10.0,232,6947053.819326992
Physics-Aligned MoE,global,205,10.0,233,8236799.667205314
Physics-Aligned MoE,global,205,10.0,234,11525074.219054893
Physics-Aligned MoE,global,205,10.0,235,9160705.359900475
Physics-Aligned MoE,global,205,10.0,236,21077623.46319703
Physics-Aligned MoE,global,205,10.0,237,12111994.42287219
Physics-Aligned MoE,global,205,10.0,238,7778564.961185058
Physics-Aligned MoE,global,205,10.0,239,25287312.073682223
Physics-Aligned MoE,global,205,10.0,240,6197785.334390799
Physics-Aligned MoE,global,205,10.0,241,19377703.024108898
Physics-Aligned MoE,global,205,10.0,242,10142019.527713886
Physics-Aligned MoE,global,205,10.0,243,11750744.192306837
Physics-Aligned MoE,global,205,10.0,244,33796985.42024473
Physics-Aligned MoE,global,205,10.0,245,17594577.258121643
Physics-Aligned MoE,physical-bin,205,10.0,211,13230408.668653179
Physics-Aligned MoE,physical-bin,205,10.0,212,6118498.878717901
Physics-Aligned MoE,physical-bin,205,10.0,213,21306044.129234668
Physics-Aligned MoE,physical-bin,205,10.0,214,10820669.77067525
Physics-Aligned MoE,physical-bin,205,10.0,215,11181068.444424823
Physics-Aligned MoE,physical-bin,205,10.0,216,28320101.429673478
Physics-Aligned MoE,physical-bin,205,10.0,217,11109090.713570662
Physics-Aligned MoE,physical-bin,205,10.0,218,11627089.463407982
Physics-Aligned MoE,physical-bin,205,10.0,219,9102596.0376895
Physics-Aligned MoE,physical-bin,205,10.0,220,7205002.562718675
Physics-Aligned MoE,physical-bin,205,10.0,221,19415227.817015946
Physics-Aligned MoE,physical-bin,205,10.0,222,23305370.99976491
Physics-Aligned MoE,physical-bin,205,10.0,223,11006125.843472533
Physics-Aligned MoE,physical-bin,205,10.0,224,9080703.665746462
Physics-Aligned MoE,physical-bin,205,10.0,225,11601511.12038747
Physics-Aligned MoE,physical-bin,205,10.0,226,14656529.633188142
Physics-Aligned MoE,physical-bin,205,10.0,227,22595983.908458777
Physics-Aligned MoE,physical-bin,205,10.0,228,9778796.691707302
Physics-Aligned MoE,physical-bin,205,10.0,229,1927119.4845279702
Physics-Aligned MoE,physical-bin,205,10.0,230,7364326.981992284
Physics-Aligned MoE,physical-bin,205,10.0,231,8449625.571141046
Physics-Aligned MoE,physical-bin,205,10.0,232,6516816.615893325
Physics-Aligned MoE,physical-bin,205,10.0,233,7796044.034268362
Physics-Aligned MoE,physical-bin,205,10.0,234,11333284.430501696
Physics-Aligned MoE,physical-bin,205,10.0,235,9328828.975688556
Physics-Aligned MoE,physical-bin,205,10.0,236,18508615.228023797
Physics-Aligned MoE,physical-bin,205,10.0,237,11562101.986644873
Physics-Aligned MoE,physical-bin,205,10.0,238,7353750.236170821
Physics-Aligned MoE,physical-bin,205,10.0,239,25887506.698290206
Physics-Aligned MoE,physical-bin,205,10.0,240,5778209.565537295
Physics-Aligned MoE,physical-bin,205,10.0,241,20181887.202364407
Physics-Aligned MoE,physical-bin,205,10.0,242,9838452.284389868
Physics-Aligned MoE,physical-bin,205,10.0,243,13121801.782319712
Physics-Aligned MoE,physical-bin,205,10.0,244,35537857.11170444
Physics-Aligned MoE,physical-bin,205,10.0,245,18137293.08846453
Physics-Aligned MoE,gate-bin,205,10.0,211,13791460.430085758
Physics-Aligned MoE,gate-bin,205,10.0,212,5812576.099601755
Physics-Aligned MoE,gate-bin,205,10.0,213,22130657.63491682
Physics-Aligned MoE,gate-bin,205,10.0,214,9885351.686379444
Physics-Aligned MoE,gate-bin,205,10.0,215,10695776.577152502
Physics-Aligned MoE,gate-bin,205,10.0,216,29543323.403353684
Physics-Aligned MoE,gate-bin,205,10.0,217,12025622.64943517
Physics-Aligned MoE,gate-bin,205,10.0,218,11776269.488769349
Physics-Aligned MoE,gate-bin,205,10.0,219,7889780.0517690955
Physics-Aligned MoE,gate-bin,205,10.0,220,6449714.602603802
Physics-Aligned MoE,gate-bin,205,10.0,221,17977529.079402715
Physics-Aligned MoE,gate-bin,205,10.0,222,23001190.453394994
Physics-Aligned MoE,gate-bin,205,10.0,223,9860714.713611927
Physics-Aligned MoE,gate-bin,205,10.0,224,8652208.977697968
Physics-Aligned MoE,gate-bin,205,10.0,225,10859220.260598559
Physics-Aligned MoE,gate-bin,205,10.0,226,15175202.376805939
Physics-Aligned MoE,gate-bin,205,10.0,227,22987007.234603275
Physics-Aligned MoE,gate-bin,205,10.0,228,9784511.624290701
Physics-Aligned MoE,gate-bin,205,10.0,229,1597333.3685083683
Physics-Aligned MoE,gate-bin,205,10.0,230,6703840.785283028
Physics-Aligned MoE,gate-bin,205,10.0,231,7633549.119547129
Physics-Aligned MoE,gate-bin,205,10.0,232,5867970.818331042
Physics-Aligned MoE,gate-bin,205,10.0,233,6918029.705524782
Physics-Aligned MoE,gate-bin,205,10.0,234,10978544.901527563
Physics-Aligned MoE,gate-bin,205,10.0,235,8840041.596964065
Physics-Aligned MoE,gate-bin,205,10.0,236,18956932.497428365
Physics-Aligned MoE,gate-bin,205,10.0,237,11199348.66947433
Physics-Aligned MoE,gate-bin,205,10.0,238,6905935.607472513
Physics-Aligned MoE,gate-bin,205,10.0,239,25904182.079432636
Physics-Aligned MoE,gate-bin,205,10.0,240,4865484.8953431565
Physics-Aligned MoE,gate-bin,205,10.0,241,22817627.44025281
Physics-Aligned MoE,gate-bin,205,10.0,242,10066925.213059371
Physics-Aligned MoE,gate-bin,205,10.0,243,16398400.316293588
Physics-Aligned MoE,gate-bin,205,10.0,244,33372430.45908791
Physics-Aligned MoE,gate-bin,205,10.0,245,18389178.970481433
Boundary-forced router,global,201,10.0,211,15711334.477448633
Boundary-forced router,global,201,10.0,212,6927035.599698242
Boundary-forced router,global,201,10.0,213,19367318.96254442
Boundary-forced router,global,201,10.0,214,14044932.824205061
Boundary-forced router,global,201,10.0,215,22997349.47837945
Boundary-forced router,global,201,10.0,216,26247716.718054473
Boundary-forced router,global,201,10.0,217,13719664.994999789
Boundary-forced router,global,201,10.0,218,15492582.891466316
Boundary-forced router,global,201,10.0,219,10994760.637465065
Boundary-forced router,global,201,10.0,220,8473023.789232874
Boundary-forced router,global,201,10.0,221,23108122.380314212
Boundary-forced router,global,201,10.0,222,26642376.226061884
Boundary-forced router,global,201,10.0,223,12726365.088147778
Boundary-forced router,global,201,10.0,224,10631108.212514285
Boundary-forced router,global,201,10.0,225,16281137.115840983
Boundary-forced router,global,201,10.0,226,14918694.993735947
Boundary-forced router,global,201,10.0,227,20750892.806473546
Boundary-forced router,global,201,10.0,228,10716163.536344185
Boundary-forced router,global,201,10.0,229,2253517.326445475
Boundary-forced router,global,201,10.0,230,9784012.491449181
Boundary-forced router,global,201,10.0,231,10369201.26856736
Boundary-forced router,global,201,10.0,232,8531749.442806091
Boundary-forced router,global,201,10.0,233,9770130.034067433
Boundary-forced router,global,201,10.0,234,14946732.435973706
Boundary-forced router,global,201,10.0,235,10050976.113051977
Boundary-forced router,global,201,10.0,236,19151859.62966891
Boundary-forced router,global,201,10.0,237,13278985.717767775
Boundary-forced router,global,201,10.0,238,9347823.015520448
Boundary-forced router,global,201,10.0,239,29445818.26285077
Boundary-forced router,global,201,10.0,240,6756903.743385815
Boundary-forced router,global,201,10.0,241,25148689.50755713
Boundary-forced router,global,201,10.0,242,12776055.539856374
Boundary-forced router,global,201,10.0,243,13330207.445369657
Boundary-forced router,global,201,10.0,244,31920862.10455869
Boundary-forced router,global,201,10.0,245,17981366.770838797
Boundary-forced router,physical-bin,201,10.0,211,16129058.131221704
Boundary-forced router,physical-bin,201,10.0,212,6736896.512627222
Boundary-forced router,physical-bin,201,10.0,213,18508727.973065265
Boundary-forced router,physical-bin,201,10.0,214,13738023.840967942
Boundary-forced router,physical-bin,201,10.0,215,23113653.653863654
Boundary-forced router,physical-bin,201,10.0,216,27054253.828544028
Boundary-forced router,physical-bin,201,10.0,217,13309388.564877704
Boundary-forced router,physical-bin,201,10.0,218,15629788.538841683
Boundary-forced router,physical-bin,201,10.0,219,10633302.45799098
Boundary-forced router,physical-bin,201,10.0,220,8200416.6265114695
Boundary-forced router,physical-bin,201,10.0,221,23232285.52202373
Boundary-forced router,physical-bin,201,10.0,222,25753580.979315348
Boundary-forced router,physical-bin,201,10.0,223,12133433.391825873
Boundary-forced router,physical-bin,201,10.0,224,10411860.722108293
Boundary-forced router,physical-bin,201,10.0,225,16203168.695790434
Boundary-forced router,physical-bin,201,10.0,226,16564058.064852059
Boundary-forced router,physical-bin,201,10.0,227,22576410.589937996
Boundary-forced router,physical-bin,201,10.0,228,10714687.14729877
Boundary-forced router,physical-bin,201,10.0,229,2147712.452950287
Boundary-forced router,physical-bin,201,10.0,230,9653556.360838681
Boundary-forced router,physical-bin,201,10.0,231,10128998.668564323
Boundary-forced router,physical-bin,201,10.0,232,8517892.077968236
Boundary-forced router,physical-bin,201,10.0,233,9564253.68187819
Boundary-forced router,physical-bin,201,10.0,234,14842582.350400262
Boundary-forced router,physical-bin,201,10.0,235,10158541.754006483
Boundary-forced router,physical-bin,201,10.0,236,17173020.92318414
Boundary-forced router,physical-bin,201,10.0,237,12900498.308185194
Boundary-forced router,physical-bin,201,10.0,238,9177097.46850285
Boundary-forced router,physical-bin,201,10.0,239,29880276.622273494
Boundary-forced router,physical-bin,201,10.0,240,6446032.559157571
Boundary-forced router,physical-bin,201,10.0,241,25694055.125885695
Boundary-forced router,physical-bin,201,10.0,242,12913325.380501017
Boundary-forced router,physical-bin,201,10.0,243,14329625.392747499
Boundary-forced router,physical-bin,201,10.0,244,33333811.856519315
Boundary-forced router,physical-bin,201,10.0,245,18388674.211851586
Boundary-forced router,gate-bin,201,10.0,211,15560597.04394508
Boundary-forced router,gate-bin,201,10.0,212,6464976.573133901
Boundary-forced router,gate-bin,201,10.0,213,18759389.07798536
Boundary-forced router,gate-bin,201,10.0,214,14129814.51620267
Boundary-forced router,gate-bin,201,10.0,215,22006497.221500773
Boundary-forced router,gate-bin,201,10.0,216,25202751.96560438
Boundary-forced router,gate-bin,201,10.0,217,16088834.665930174
Boundary-forced router,gate-bin,201,10.0,218,16276175.77132583
Boundary-forced router,gate-bin,201,10.0,219,9357449.745981645
Boundary-forced router,gate-bin,201,10.0,220,7972411.434030209
Boundary-forced router,gate-bin,201,10.0,221,20736754.249502137
Boundary-forced router,gate-bin,201,10.0,222,25001931.31341746
Boundary-forced router,gate-bin,201,10.0,223,11039481.885014273
Boundary-forced router,gate-bin,201,10.0,224,9581338.806730187
Boundary-forced router,gate-bin,201,10.0,225,15013490.967882005
Boundary-forced router,gate-bin,201,10.0,226,17132533.174322918
Boundary-forced router,gate-bin,201,10.0,227,21249804.175807845
Boundary-forced router,gate-bin,201,10.0,228,10941118.228877287
Boundary-forced router,gate-bin,201,10.0,229,1605399.853353312
Boundary-forced router,gate-bin,201,10.0,230,8440762.447631251
Boundary-forced router,gate-bin,201,10.0,231,8718723.777156174
Boundary-forced router,gate-bin,201,10.0,232,8202166.6653805375
Boundary-forced router,gate-bin,201,10.0,233,8535026.528323198
Boundary-forced router,gate-bin,201,10.0,234,13752438.120507166
Boundary-forced router,gate-bin,201,10.0,235,9713106.307073878
Boundary-forced router,gate-bin,201,10.0,236,17734339.35724629
Boundary-forced router,gate-bin,201,10.0,237,12401487.00514369
Boundary-forced router,gate-bin,201,10.0,238,8712494.719105707
Boundary-forced router,gate-bin,201,10.0,239,29256809.27851916
Boundary-forced router,gate-bin,201,10.0,240,5287591.528558694
Boundary-forced router,gate-bin,201,10.0,241,25224393.204475805
Boundary-forced router,gate-bin,201,10.0,242,13761872.780019686
Boundary-forced router,gate-bin,201,10.0,243,14882900.173336279
Boundary-forced router,gate-bin,201,10.0,244,30194953.931388203
Boundary-forced router,gate-bin,201,10.0,245,17690634.606663465
Boundary-forced router,global,202,10.0,211,10608119.398977255
Boundary-forced router,global,202,10.0,212,5597393.069636509
Boundary-forced router,global,202,10.0,213,17994482.077284735
Boundary-forced router,global,202,10.0,214,10412442.135101054
Boundary-forced router,global,202,10.0,215,13372800.90375365
Boundary-forced router,global,202,10.0,216,16291513.12643257
Boundary-forced router,global,202,10.0,217,10645112.642235171
Boundary-forced router,global,202,10.0,218,10874470.675847914
Boundary-forced router,global,202,10.0,219,8768011.831853155
Boundary-forced router,global,202,10.0,220,6877470.841848636
Boundary-forced router,global,202,10.0,221,18419725.817548547
Boundary-forced router,global,202,10.0,222,22798821.637314036
Boundary-forced router,global,202,10.0,223,10288261.142329149
Boundary-forced router,global,202,10.0,224,8369940.798889984
Boundary-forced router,global,202,10.0,225,11208633.395642001
Boundary-forced router,global,202,10.0,226,10781390.38327049
Boundary-forced router,global,202,10.0,227,16088522.19546473
Boundary-forced router,global,202,10.0,228,8340494.8202374475
Boundary-forced router,global,202,10.0,229,1821161.3815085287
Boundary-forced router,global,202,10.0,230,7443451.005698061
Boundary-forced router,global,202,10.0,231,8382616.022868745
Boundary-forced router,global,202,10.0,232,6897160.252117652
Boundary-forced router,global,202,10.0,233,7628347.77617678
Boundary-forced router,global,202,10.0,234,11485437.669298839
Boundary-forced router,global,202,10.0,235,8084577.796347409
Boundary-forced router,global,202,10.0,236,23765254.740429636
Boundary-forced router,global,202,10.0,237,10702238.807777563
Boundary-forced router,global,202,10.0,238,7215448.8799809655
Boundary-forced router,global,202,10.0,239,30026623.14124205
Boundary-forced router,global,202,10.0,240,5469981.125974828
Boundary-forced router,global,202,10.0,241,14385633.189744161
Boundary-forced router,global,202,10.0,242,9436895.52444825
Boundary-forced router,global,202,10.0,243,10305081.216965923
Boundary-forced router,global,202,10.0,244,34617684.50317563
Boundary-forced router,global,202,10.0,245,17468780.653313234
Boundary-forced router,physical-bin,202,10.0,211,11211481.725653725
Boundary-forced router,physical-bin,202,10.0,212,5024247.604465328
Boundary-forced router,physical-bin,202,10.0,213,16846968.335007768
Boundary-forced router,physical-bin,202,10.0,214,9167615.12648482
Boundary-forced router,physical-bin,202,10.0,215,12807105.384514716
Boundary-forced router,physical-bin,202,10.0,216,17304033.21646051
Boundary-forced router,physical-bin,202,10.0,217,9361797.443794841
Boundary-forced router,physical-bin,202,10.0,218,10493606.826330515
Boundary-forced router,physical-bin,202,10.0,219,7756376.465107754
Boundary-forced router,physical-bin,202,10.0,220,6205548.8642872
Boundary-forced router,physical-bin,202,10.0,221,17442682.263264842
Boundary-forced router,physical-bin,202,10.0,222,20800027.410061084
Boundary-forced router,physical-bin,202,10.0,223,8764620.60159176
Boundary-forced router,physical-bin,202,10.0,224,7672782.355842339
Boundary-forced router,physical-bin,202,10.0,225,10429661.065396788
Boundary-forced router,physical-bin,202,10.0,226,13788358.438092211
Boundary-forced router,physical-bin,202,10.0,227,18846217.781465482
Boundary-forced router,physical-bin,202,10.0,228,8075417.21412246
Boundary-forced router,physical-bin,202,10.0,229,1538127.7021053405
Boundary-forced router,physical-bin,202,10.0,230,6971824.779348559
Boundary-forced router,physical-bin,202,10.0,231,7696133.621719316
Boundary-forced router,physical-bin,202,10.0,232,6794371.74429494
Boundary-forced router,physical-bin,202,10.0,233,6953470.968297179
Boundary-forced router,physical-bin,202,10.0,234,11124958.50863954
Boundary-forced router,physical-bin,202,10.0,235,8086413.591952146
Boundary-forced router,physical-bin,202,10.0,236,17995363.270580042
Boundary-forced router,physical-bin,202,10.0,237,9768398.577405162
Boundary-forced router,physical-bin,202,10.0,238,6728932.370416177
Boundary-forced router,physical-bin,202,10.0,239,31279588.28228311
Boundary-forced router,physical-bin,202,10.0,240,4706148.528680247
Boundary-forced router,physical-bin,202,10.0,241,14898650.291908458
Boundary-forced router,physical-bin,202,10.0,242,9411127.438249249
Boundary-forced router,physical-bin,202,10.0,243,11989759.727624763
Boundary-forced router,physical-bin,202,10.0,244,37813677.77438623
Boundary-forced router,physical-bin,202,10.0,245,18614446.645692993
Boundary-forced router,gate-bin,202,10.0,211,11110318.076243196
Boundary-forced router,gate-bin,202,10.0,212,5149122.698451442
Boundary-forced router,gate-bin,202,10.0,213,16022804.858707853
Boundary-forced router,gate-bin,202,10.0,214,9108835.278440401
Boundary-forced router,gate-bin,202,10.0,215,12740712.840893462
Boundary-forced router,gate-bin,202,10.0,216,16217546.604818188
Boundary-forced router,gate-bin,202,10.0,217,10323860.549215198
Boundary-forced router,gate-bin,202,10.0,218,11256929.858828858
Boundary-forced router,gate-bin,202,10.0,219,6948214.397370928
Boundary-forced router,gate-bin,202,10.0,220,6087237.036942139
Boundary-forced router,gate-bin,202,10.0,221,16510368.32262035
Boundary-forced router,gate-bin,202,10.0,222,19845710.873873167
Boundary-forced router,gate-bin,202,10.0,223,7812758.661454313
Boundary-forced router,gate-bin,202,10.0,224,7587264.22419546
Boundary-forced router,gate-bin,202,10.0,225,9715359.951770721
Boundary-forced router,gate-bin,202,10.0,226,13725551.74185216
Boundary-forced router,gate-bin,202,10.0,227,17865533.47650054
Boundary-forced router,gate-bin,202,10.0,228,8350110.639448749
Boundary-forced router,gate-bin,202,10.0,229,1136139.1216438294
Boundary-forced router,gate-bin,202,10.0,230,6382778.545557698
Boundary-forced router,gate-bin,202,10.0,231,6740952.99744541
Boundary-forced router,gate-bin,202,10.0,232,7206450.840407345
Boundary-forced router,gate-bin,202,10.0,233,6203197.026078227
Boundary-forced router,gate-bin,202,10.0,234,10647264.863875829
Boundary-forced router,gate-bin,202,10.0,235,7516103.890400636
Boundary-forced router,gate-bin,202,10.0,236,19280376.887789767
Boundary-forced router,gate-bin,202,10.0,237,9810757.450797062
Boundary-forced router,gate-bin,202,10.0,238,6763393.229166245
Boundary-forced router,gate-bin,202,10.0,239,32659741.372544073
Boundary-forced router,gate-bin,202,10.0,240,4082545.915409699
Boundary-forced router,gate-bin,202,10.0,241,14592371.771777624
Boundary-forced router,gate-bin,202,10.0,242,10378697.775134442
Boundary-forced router,gate-bin,202,10.0,243,11850014.012472799
Boundary-forced router,gate-bin,202,10.0,244,35248910.04657488
Boundary-forced router,gate-bin,202,10.0,245,16087193.81769228
Boundary-forced router,global,203,10.0,211,11521083.623585071
Boundary-forced router,global,203,10.0,212,6833931.629367828
Boundary-forced router,global,203,10.0,213,25713291.83015973
Boundary-forced router,global,203,10.0,214,12503547.718301136
Boundary-forced router,global,203,10.0,215,20250698.388892174
Boundary-forced router,global,203,10.0,216,32389982.75395549
Boundary-forced router,global,203,10.0,217,15650823.842203775
Boundary-forced router,global,203,10.0,218,13612758.575544715
Boundary-forced router,global,203,10.0,219,10496134.225009918
Boundary-forced router,global,203,10.0,220,8250855.252681732
Boundary-forced router,global,203,10.0,221,29337905.927116983
Boundary-forced router,global,203,10.0,222,37465002.66575715
Boundary-forced router,global,203,10.0,223,12556382.401287714
Boundary-forced router,global,203,10.0,224,9804052.23074917
Boundary-forced router,global,203,10.0,225,14739873.299471498
Boundary-forced router,global,203,10.0,226,14509539.517399479
Boundary-forced router,global,203,10.0,227,33485368.94327577
Boundary-forced router,global,203,10.0,228,9515663.741431076
Boundary-forced router,global,203,10.0,229,2223480.147354126
Boundary-forced router,global,203,10.0,230,8477541.344316438
Boundary-forced router,global,203,10.0,231,9508525.097267926
Boundary-forced router,global,203,10.0,232,7452075.46110809
Boundary-forced router,global,203,10.0,233,8750006.81263705
Boundary-forced router,global,203,10.0,234,12563483.265636988
Boundary-forced router,global,203,10.0,235,10738785.163509369
Boundary-forced router,global,203,10.0,236,33966983.37837567
Boundary-forced router,global,203,10.0,237,12535054.6224006
Boundary-forced router,global,203,10.0,238,8320267.753105164
Boundary-forced router,global,203,10.0,239,49045432.837624736
Boundary-forced router,global,203,10.0,240,6666807.304566701
Boundary-forced router,global,203,10.0,241,36001004.706120625
Boundary-forced router,global,203,10.0,242,10520094.096391518
Boundary-forced router,global,203,10.0,243,13142727.643977562
Boundary-forced router,global,203,10.0,244,44565483.02599691
Boundary-forced router,global,203,10.0,245,27304183.110234536
Boundary-forced router,physical-bin,203,10.0,211,12209305.618471108
Boundary-forced router,physical-bin,203,10.0,212,6031159.315882873
Boundary-forced router,physical-bin,203,10.0,213,22669725.5378041
Boundary-forced router,physical-bin,203,10.0,214,10677444.313540965
Boundary-forced router,physical-bin,203,10.0,215,20394927.266797
Boundary-forced router,physical-bin,203,10.0,216,35856249.686505094
Boundary-forced router,physical-bin,203,10.0,217,15239781.749713894
Boundary-forced router,physical-bin,203,10.0,218,12464005.400341509
Boundary-forced router,physical-bin,203,10.0,219,8804806.565404002
Boundary-forced router,physical-bin,203,10.0,220,6915850.645438647
Boundary-forced router,physical-bin,203,10.0,221,28758623.335693818
Boundary-forced router,physical-bin,203,10.0,222,37585317.83347321
Boundary-forced router,physical-bin,203,10.0,223,10551918.9596214
Boundary-forced router,physical-bin,203,10.0,224,8634073.16224931
Boundary-forced router,physical-bin,203,10.0,225,14094511.990940504
Boundary-forced router,physical-bin,203,10.0,226,18107484.1309817
Boundary-forced router,physical-bin,203,10.0,227,39357484.55630521
Boundary-forced router,physical-bin,203,10.0,228,8207744.898588045
Boundary-forced router,physical-bin,203,10.0,229,1863558.9064819338
Boundary-forced router,physical-bin,203,10.0,230,7435889.078225419
Boundary-forced router,physical-bin,203,10.0,231,8152624.661702434
Boundary-forced router,physical-bin,203,10.0,232,6313779.471582968
Boundary-forced router,physical-bin,203,10.0,233,7646311.415460586
Boundary-forced router,physical-bin,203,10.0,234,11661600.304780822
Boundary-forced router,physical-bin,203,10.0,235,9881077.63869756
Boundary-forced router,physical-bin,203,10.0,236,28968965.305462368
Boundary-forced router,physical-bin,203,10.0,237,10656091.14288016
Boundary-forced router,physical-bin,203,10.0,238,7136264.216745444
Boundary-forced router,physical-bin,203,10.0,239,51029874.86080084
Boundary-forced router,physical-bin,203,10.0,240,5587631.688552856
Boundary-forced router,physical-bin,203,10.0,241,38303025.69367014
Boundary-forced router,physical-bin,203,10.0,242,9392532.883880695
Boundary-forced router,physical-bin,203,10.0,243,14792745.56385997
Boundary-forced router,physical-bin,203,10.0,244,48235257.558239914
Boundary-forced router,physical-bin,203,10.0,245,28657943.506434545
Boundary-forced router,gate-bin,203,10.0,211,14049707.425069407
Boundary-forced router,gate-bin,203,10.0,212,5052741.82828467
Boundary-forced router,gate-bin,203,10.0,213,22055267.280032877
Boundary-forced router,gate-bin,203,10.0,214,9767212.24435284
Boundary-forced router,gate-bin,203,10.0,215,19784756.97638178
Boundary-forced router,gate-bin,203,10.0,216,35032476.41228145
Boundary-forced router,gate-bin,203,10.0,217,17866508.4464567
Boundary-forced router,gate-bin,203,10.0,218,12560347.608575657
Boundary-forced router,gate-bin,203,10.0,219,6700707.42298571
Boundary-forced router,gate-bin,203,10.0,220,5500644.325983282
Boundary-forced router,gate-bin,203,10.0,221,23046617.544673264
Boundary-forced router,gate-bin,203,10.0,222,42499405.84719977
Boundary-forced router,gate-bin,203,10.0,223,7834425.9596925145
Boundary-forced router,gate-bin,203,10.0,224,6993006.181849533
Boundary-forced router,gate-bin,203,10.0,225,12243045.51738676
Boundary-forced router,gate-bin,203,10.0,226,20701783.4359784
Boundary-forced router,gate-bin,203,10.0,227,35837642.465564996
Boundary-forced router,gate-bin,203,10.0,228,7588206.249108883
Boundary-forced router,gate-bin,203,10.0,229,1091519.9605248389
Boundary-forced router,gate-bin,203,10.0,230,5716064.585400228
Boundary-forced router,gate-bin,203,10.0,231,5872781.942055407
Boundary-forced router,gate-bin,203,10.0,232,4814585.972332394
Boundary-forced router,gate-bin,203,10.0,233,5812291.177168323
Boundary-forced router,gate-bin,203,10.0,234,9495779.017097196
Boundary-forced router,gate-bin,203,10.0,235,8747759.934059186
Boundary-forced router,gate-bin,203,10.0,236,31813293.852147087
Boundary-forced router,gate-bin,203,10.0,237,8709224.259901408
Boundary-forced router,gate-bin,203,10.0,238,5696861.445490886
Boundary-forced router,gate-bin,203,10.0,239,43895550.87070203
Boundary-forced router,gate-bin,203,10.0,240,3380260.3590705786
Boundary-forced router,gate-bin,203,10.0,241,36372963.24597989
Boundary-forced router,gate-bin,203,10.0,242,8626373.216865588
Boundary-forced router,gate-bin,203,10.0,243,19143692.70419
Boundary-forced router,gate-bin,203,10.0,244,44710618.54908018
Boundary-forced router,gate-bin,203,10.0,245,25429220.33016458
Boundary-forced router,global,204,10.0,211,12432525.048847567
Boundary-forced router,global,204,10.0,212,6060867.191073418
Boundary-forced router,global,204,10.0,213,23057236.442402743
Boundary-forced router,global,204,10.0,214,11271464.648522377
Boundary-forced router,global,204,10.0,215,14635566.926109314
Boundary-forced router,global,204,10.0,216,27447591.04295617
Boundary-forced router,global,204,10.0,217,12824714.716760635
Boundary-forced router,global,204,10.0,218,12124698.101280475
Boundary-forced router,global,204,10.0,219,9308796.020739555
Boundary-forced router,global,204,10.0,220,7322616.129254619
Boundary-forced router,global,204,10.0,221,22901874.326879457
Boundary-forced router,global,204,10.0,222,30799646.087064244
Boundary-forced router,global,204,10.0,223,11177157.355799954
Boundary-forced router,global,204,10.0,224,8820901.973552186
Boundary-forced router,global,204,10.0,225,11502212.0546062
Boundary-forced router,global,204,10.0,226,11678215.82299741
Boundary-forced router,global,204,10.0,227,33495020.24601233
Boundary-forced router,global,204,10.0,228,8444918.394690234
Boundary-forced router,global,204,10.0,229,1971956.789440155
Boundary-forced router,global,204,10.0,230,7546906.6965431925
Boundary-forced router,global,204,10.0,231,8678347.518536646
Boundary-forced router,global,204,10.0,232,6634139.283154003
Boundary-forced router,global,204,10.0,233,7903135.686975816
Boundary-forced router,global,204,10.0,234,11593636.516411789
Boundary-forced router,global,204,10.0,235,8797018.464381535
Boundary-forced router,global,204,10.0,236,28645734.20883739
Boundary-forced router,global,204,10.0,237,11459371.570463043
Boundary-forced router,global,204,10.0,238,7425777.129881083
Boundary-forced router,global,204,10.0,239,25139382.843000405
Boundary-forced router,global,204,10.0,240,5912648.2167037325
Boundary-forced router,global,204,10.0,241,20977317.469429713
Boundary-forced router,global,204,10.0,242,9344023.4698596
Boundary-forced router,global,204,10.0,243,11207643.015939713
Boundary-forced router,global,204,10.0,244,50396351.90707582
Boundary-forced router,global,204,10.0,245,22253614.082480624
Boundary-forced router,physical-bin,204,10.0,211,12960137.477571912
Boundary-forced router,physical-bin,204,10.0,212,5608036.607147455
Boundary-forced router,physical-bin,204,10.0,213,21488326.23787489
Boundary-forced router,physical-bin,204,10.0,214,10166637.748725653
Boundary-forced router,physical-bin,204,10.0,215,14492618.779745419
Boundary-forced router,physical-bin,204,10.0,216,29468771.64319785
Boundary-forced router,physical-bin,204,10.0,217,12519552.028027218
Boundary-forced router,physical-bin,204,10.0,218,11678432.915470593
Boundary-forced router,physical-bin,204,10.0,219,8209071.141742547
Boundary-forced router,physical-bin,204,10.0,220,6496352.405810425
Boundary-forced router,physical-bin,204,10.0,221,21539618.364058293
Boundary-forced router,physical-bin,204,10.0,222,29271846.549464565
Boundary-forced router,physical-bin,204,10.0,223,9985693.989248805
Boundary-forced router,physical-bin,204,10.0,224,8173454.207935363
Boundary-forced router,physical-bin,204,10.0,225,10476601.294420877
Boundary-forced router,physical-bin,204,10.0,226,14418096.033371765
Boundary-forced router,physical-bin,204,10.0,227,35519107.17475617
Boundary-forced router,physical-bin,204,10.0,228,7573180.378168006
Boundary-forced router,physical-bin,204,10.0,229,1736720.2862634654
Boundary-forced router,physical-bin,204,10.0,230,6778255.70408719
Boundary-forced router,physical-bin,204,10.0,231,8076747.4657316
Boundary-forced router,physical-bin,204,10.0,232,6044429.052411272
Boundary-forced router,physical-bin,204,10.0,233,7188467.9049012065
Boundary-forced router,physical-bin,204,10.0,234,11426471.392764146
Boundary-forced router,physical-bin,204,10.0,235,8858069.280491034
Boundary-forced router,physical-bin,204,10.0,236,23168987.41946395
Boundary-forced router,physical-bin,204,10.0,237,10613283.303034233
Boundary-forced router,physical-bin,204,10.0,238,6724663.925357075
Boundary-forced router,physical-bin,204,10.0,239,26016949.907745816
Boundary-forced router,physical-bin,204,10.0,240,5214093.430272639
Boundary-forced router,physical-bin,204,10.0,241,21923951.84513364
Boundary-forced router,physical-bin,204,10.0,242,8623611.508332878
Boundary-forced router,physical-bin,204,10.0,243,12870400.31401078
Boundary-forced router,physical-bin,204,10.0,244,52850031.907510936
Boundary-forced router,physical-bin,204,10.0,245,23282817.84106893
Boundary-forced router,gate-bin,204,10.0,211,13561590.393526562
Boundary-forced router,gate-bin,204,10.0,212,5478220.477414908
Boundary-forced router,gate-bin,204,10.0,213,19903363.462964077
Boundary-forced router,gate-bin,204,10.0,214,9225439.971105162
Boundary-forced router,gate-bin,204,10.0,215,14641014.674668849
Boundary-forced router,gate-bin,204,10.0,216,29409898.183940984
Boundary-forced router,gate-bin,204,10.0,217,14320447.336847465
Boundary-forced router,gate-bin,204,10.0,218,12120342.899317687
Boundary-forced router,gate-bin,204,10.0,219,6944837.185905381
Boundary-forced router,gate-bin,204,10.0,220,5868766.624203406
Boundary-forced router,gate-bin,204,10.0,221,21451357.0350212
Boundary-forced router,gate-bin,204,10.0,222,26950213.711827632
Boundary-forced router,gate-bin,204,10.0,223,8877272.016414281
Boundary-forced router,gate-bin,204,10.0,224,8142688.472706679
Boundary-forced router,gate-bin,204,10.0,225,9883039.868740713
Boundary-forced router,gate-bin,204,10.0,226,14786290.399664711
Boundary-forced router,gate-bin,204,10.0,227,30906909.80959683
Boundary-forced router,gate-bin,204,10.0,228,6721651.509946367
Boundary-forced router,gate-bin,204,10.0,229,1343890.073352146
Boundary-forced router,gate-bin,204,10.0,230,5972215.649977587
Boundary-forced router,gate-bin,204,10.0,231,7664532.137243184
Boundary-forced router,gate-bin,204,10.0,232,5509344.536725644
Boundary-forced router,gate-bin,204,10.0,233,6205590.6475895895
Boundary-forced router,gate-bin,204,10.0,234,11388223.351025045
Boundary-forced router,gate-bin,204,10.0,235,8693740.03551166
Boundary-forced router,gate-bin,204,10.0,236,22595618.51148384
Boundary-forced router,gate-bin,204,10.0,237,10620296.223956652
Boundary-forced router,gate-bin,204,10.0,238,6303037.4920404125
Boundary-forced router,gate-bin,204,10.0,239,27754299.362448223
Boundary-forced router,gate-bin,204,10.0,240,4257170.820680961
Boundary-forced router,gate-bin,204,10.0,241,24078620.938710865
Boundary-forced router,gate-bin,204,10.0,242,8854098.571416259
Boundary-forced router,gate-bin,204,10.0,243,14599057.141703282
Boundary-forced router,gate-bin,204,10.0,244,48907078.83256222
Boundary-forced router,gate-bin,204,10.0,245,19291743.543851066
Boundary-forced router,global,205,10.0,211,10620592.962629035
Boundary-forced router,global,205,10.0,212,6051211.382642269
Boundary-forced router,global,205,10.0,213,16469277.77661547
Boundary-forced router,global,205,10.0,214,11559980.941262404
Boundary-forced router,global,205,10.0,215,14382582.295813242
Boundary-forced router,global,205,10.0,216,16568513.985739354
Boundary-forced router,global,205,10.0,217,11614289.945160229
Boundary-forced router,global,205,10.0,218,13675975.000703365
Boundary-forced router,global,205,10.0,219,9884852.598463055
Boundary-forced router,global,205,10.0,220,7970824.096331924
Boundary-forced router,global,205,10.0,221,16862633.630618684
Boundary-forced router,global,205,10.0,222,20732020.609764773
Boundary-forced router,global,205,10.0,223,11200378.437046127
Boundary-forced router,global,205,10.0,224,9378142.814773887
Boundary-forced router,global,205,10.0,225,12057515.365122437
Boundary-forced router,global,205,10.0,226,11956651.575532088
Boundary-forced router,global,205,10.0,227,15434626.449469209
Boundary-forced router,global,205,10.0,228,10594056.406076547
Boundary-forced router,global,205,10.0,229,1968815.1866970058
Boundary-forced router,global,205,10.0,230,8424390.439794835
Boundary-forced router,global,205,10.0,231,9455580.896315183
Boundary-forced router,global,205,10.0,232,8448613.578485928
Boundary-forced router,global,205,10.0,233,8524104.439352948
Boundary-forced router,global,205,10.0,234,12876101.912928984
Boundary-forced router,global,205,10.0,235,8825665.527759552
Boundary-forced router,global,205,10.0,236,18129505.34631253
Boundary-forced router,global,205,10.0,237,12382262.91148372
Boundary-forced router,global,205,10.0,238,8280450.871898232
Boundary-forced router,global,205,10.0,239,27341455.979620513
Boundary-forced router,global,205,10.0,240,5999299.017578276
Boundary-forced router,global,205,10.0,241,15234298.476811968
Boundary-forced router,global,205,10.0,242,11810213.326941565
Boundary-forced router,global,205,10.0,243,11201506.799816767
Boundary-forced router,global,205,10.0,244,32341533.456866294
Boundary-forced router,global,205,10.0,245,13646250.51234091
Boundary-forced router,physical-bin,205,10.0,211,10944969.21010837
Boundary-forced router,physical-bin,205,10.0,212,5777315.84651014
Boundary-forced router,physical-bin,205,10.0,213,16536403.061150048
Boundary-forced router,physical-bin,205,10.0,214,11083183.090053052
Boundary-forced router,physical-bin,205,10.0,215,14189414.819716519
Boundary-forced router,physical-bin,205,10.0,216,16978292.37441862
Boundary-forced router,physical-bin,205,10.0,217,10920894.255567553
Boundary-forced router,physical-bin,205,10.0,218,14040420.227998197
Boundary-forced router,physical-bin,205,10.0,219,9529132.093543984
Boundary-forced router,physical-bin,205,10.0,220,7789629.960628276
Boundary-forced router,physical-bin,205,10.0,221,16613435.083241865
Boundary-forced router,physical-bin,205,10.0,222,19621097.229252245
Boundary-forced router,physical-bin,205,10.0,223,10531520.14360962
Boundary-forced router,physical-bin,205,10.0,224,9214140.774252988
Boundary-forced router,physical-bin,205,10.0,225,11707843.757813897
Boundary-forced router,physical-bin,205,10.0,226,13444047.92038031
Boundary-forced router,physical-bin,205,10.0,227,16321298.909769338
Boundary-forced router,physical-bin,205,10.0,228,10863784.151783917
Boundary-forced router,physical-bin,205,10.0,229,1832868.0931594851
Boundary-forced router,physical-bin,205,10.0,230,8311499.927562868
Boundary-forced router,physical-bin,205,10.0,231,9205188.204527637
Boundary-forced router,physical-bin,205,10.0,232,8727915.115935387
Boundary-forced router,physical-bin,205,10.0,233,8336077.287131052
Boundary-forced router,physical-bin,205,10.0,234,12890031.048364103
Boundary-forced router,physical-bin,205,10.0,235,8900620.71186406
Boundary-forced router,physical-bin,205,10.0,236,15716295.868126152
Boundary-forced router,physical-bin,205,10.0,237,12312954.56140569
Boundary-forced router,physical-bin,205,10.0,238,8332532.697485447
Boundary-forced router,physical-bin,205,10.0,239,28091970.633741945
Boundary-forced router,physical-bin,205,10.0,240,5695818.9238138525
Boundary-forced router,physical-bin,205,10.0,241,15714420.696112731
Boundary-forced router,physical-bin,205,10.0,242,12272052.413950155
Boundary-forced router,physical-bin,205,10.0,243,11970518.794790398
Boundary-forced router,physical-bin,205,10.0,244,33330724.316020995
Boundary-forced router,physical-bin,205,10.0,245,14195393.92441684
Boundary-forced router,gate-bin,205,10.0,211,10949182.767907795
Boundary-forced router,gate-bin,205,10.0,212,5694832.109652026
Boundary-forced router,gate-bin,205,10.0,213,17125028.78035582
Boundary-forced router,gate-bin,205,10.0,214,11545858.154531494
Boundary-forced router,gate-bin,205,10.0,215,14225914.871814393
Boundary-forced router,gate-bin,205,10.0,216,16102206.168356763
Boundary-forced router,gate-bin,205,10.0,217,12595754.54493789
Boundary-forced router,gate-bin,205,10.0,218,14666812.680626936
Boundary-forced router,gate-bin,205,10.0,219,9920152.229439806
Boundary-forced router,gate-bin,205,10.0,220,7975554.239786357
Boundary-forced router,gate-bin,205,10.0,221,17955485.031837344
Boundary-forced router,gate-bin,205,10.0,222,20041457.904660255
Boundary-forced router,gate-bin,205,10.0,223,10561442.76200863
Boundary-forced router,gate-bin,205,10.0,224,9191076.072363311
Boundary-forced router,gate-bin,205,10.0,225,11311795.083364088
Boundary-forced router,gate-bin,205,10.0,226,13249748.89041708
Boundary-forced router,gate-bin,205,10.0,227,15712031.473400854
Boundary-forced router,gate-bin,205,10.0,228,10881483.056286048
Boundary-forced router,gate-bin,205,10.0,229,1661830.9187393188
Boundary-forced router,gate-bin,205,10.0,230,7918768.155889436
Boundary-forced router,gate-bin,205,10.0,231,8683850.380164668
Boundary-forced router,gate-bin,205,10.0,232,9117177.806928577
Boundary-forced router,gate-bin,205,10.0,233,7984575.566969613
Boundary-forced router,gate-bin,205,10.0,234,12524013.996333558
Boundary-forced router,gate-bin,205,10.0,235,8813754.261585446
Boundary-forced router,gate-bin,205,10.0,236,17085431.60453623
Boundary-forced router,gate-bin,205,10.0,237,12487054.054236304
Boundary-forced router,gate-bin,205,10.0,238,8334305.054944022
Boundary-forced router,gate-bin,205,10.0,239,27217567.643249743
Boundary-forced router,gate-bin,205,10.0,240,5406870.254378408
Boundary-forced router,gate-bin,205,10.0,241,15116808.10809231
Boundary-forced router,gate-bin,205,10.0,242,12481198.699439097
Boundary-forced router,gate-bin,205,10.0,243,12134100.138656557
Boundary-forced router,gate-bin,205,10.0,244,31228997.059681382
Boundary-forced router,gate-bin,205,10.0,245,13790144.811317865
