subset,cost_ratio,model,policy,status,n_runs,overall_rmse_mean,total_cost_mean,total_cost_std,mean_cost_mean,mean_cost_std,violation_rate_mean,violation_rate_std,mean_reserve_mean,mean_reserve_std,reserve_energy_mean,reserve_energy_std,shortage_energy_mean,shortage_energy_std,valid_cells_mean,valid_cells_std,best_quantile,reserve,regret
boundary,2.0,Graph WaveNet,global,applicable,5,,27817612.8753013,5028263.721897189,2600.992321206293,470.15088563788584,0.32370266479663395,0.03541818039020921,0.0,0.0,0.0,0.0,13908806.437650654,2514131.8609485943,10695.0,0.0,all=0.500,all=0,0.0
boundary,2.0,Graph WaveNet,physical-bin,applicable,5,,27817612.8753013,5028263.721897189,2600.992321206293,470.15088563788584,0.32370266479663395,0.03541818039020921,0.0,0.0,0.0,0.0,13908806.437650654,2514131.8609485943,10695.0,0.0,low=0.500;mid=0.500;high=0.500,low=0;mid=0;high=0,0.0
boundary,2.0,PatchTST,global,applicable,5,,29875364.090483375,2172559.2575325705,2793.395426880166,203.1378454915914,0.3483122954651707,0.027547651320500258,0.0,0.0,0.0,0.0,14937682.045241687,1086279.628766287,10695.0,0.0,all=0.500,all=0,2057751.2151820734
boundary,2.0,PatchTST,physical-bin,applicable,5,,29875364.090483375,2172559.2575325705,2793.395426880166,203.1378454915914,0.3483122954651707,0.027547651320500258,0.0,0.0,0.0,0.0,14937682.045241687,1086279.628766287,10695.0,0.0,low=0.500;mid=0.500;high=0.500,low=0;mid=0;high=0,2057751.2151820734
boundary,2.0,Physics-Aligned MoE,gate-bin,applicable,5,,32391432.47896701,8975585.253541574,3028.651938192334,839.2319077645228,0.3496961196820944,0.06492037509817593,0.0,0.0,0.0,0.0,16195716.23948351,4487792.626770786,10695.0,0.0,low=0.500;mid=0.500;high=0.500,low=0;mid=0;high=0,4573819.6036657095
boundary,2.0,Physics-Aligned MoE,global,applicable,5,,32391432.47896701,8975585.253541574,3028.651938192334,839.2319077645228,0.3496961196820944,0.06492037509817593,0.0,0.0,0.0,0.0,16195716.23948351,4487792.626770786,10695.0,0.0,all=0.500,all=0,4573819.6036657095
boundary,2.0,Physics-Aligned MoE,physical-bin,applicable,5,,32391432.47896701,8975585.253541574,3028.651938192334,839.2319077645228,0.3496961196820944,0.06492037509817593,0.0,0.0,0.0,0.0,16195716.23948351,4487792.626770786,10695.0,0.0,low=0.500;mid=0.500;high=0.500,low=0;mid=0;high=0,4573819.6036657095
boundary,2.0,Boundary-forced router,gate-bin,applicable,5,,35325338.53598951,9896025.476240287,3302.976955211735,925.2945746835236,0.3982047685834503,0.0789021523092418,0.0,0.0,0.0,0.0,17662669.267994758,4948012.738120146,10695.0,0.0,low=0.500;mid=0.500;high=0.500,low=0;mid=0;high=0,7507725.660688207
boundary,2.0,Boundary-forced router,global,applicable,5,,35325338.53598951,9896025.476240287,3302.976955211735,925.2945746835236,0.3982047685834503,0.0789021523092418,0.0,0.0,0.0,0.0,17662669.267994758,4948012.738120146,10695.0,0.0,all=0.500,all=0,7507725.660688207
boundary,2.0,Boundary-forced router,physical-bin,applicable,5,,35325338.53598951,9896025.476240287,3302.976955211735,925.2945746835236,0.3982047685834503,0.0789021523092418,0.0,0.0,0.0,0.0,17662669.267994758,4948012.738120146,10695.0,0.0,low=0.500;mid=0.500;high=0.500,low=0;mid=0;high=0,7507725.660688207
boundary,2.0,Graph WaveNet,gate-bin,not_applicable,5,,,0.0,,0.0,,0.0,,0.0,,0.0,,0.0,0.0,0.0,,,
boundary,2.0,PatchTST,gate-bin,not_applicable,5,,,0.0,,0.0,,0.0,,0.0,,0.0,,0.0,0.0,0.0,,,
boundary,5.0,Graph WaveNet,physical-bin,applicable,5,,60619862.865993,7387522.254561631,5668.0563689568025,690.7454188463422,0.2043197755960729,0.012518992707412496,10897.322005304997,3195.634397883813,19424476.474456154,5696218.314227895,8239077.278307369,628797.0699836172,10695.0,0.0,low=0.800;mid=0.800;high=0.800,low=11769.1;mid=4874.15;high=6598.86|low=12349;mid=4276.38;high=8008.37|low=13954.4;mid=5919.38;high=2341.91|low=14715.2;mid=11390;high=9438.46|low=21425.4;mid=12576.5;high=9285.75,0.0
boundary,5.0,PatchTST,physical-bin,applicable,5,,61156142.60906315,4569781.576612488,5718.199402436947,427.28205484922734,0.20742402992052358,0.019905705626220065,12240.804974615605,2782.0428091169015,21819234.867252313,4958991.307250877,7867381.548362166,1223720.162836479,10695.0,0.0,low=0.800;mid=0.800;high=0.500|low=0.800;mid=0.800;high=0.800,low=15019.3;mid=8747.39;high=0|low=15229.4;mid=9623.01;high=3763.71|low=17826.2;mid=17541.8;high=12388.7|low=18295.5;mid=8596;high=364.458|low=18714.4;mid=13582.2;high=4817.28,536279.7430701479
boundary,5.0,Graph WaveNet,global,applicable,5,,62608889.02366205,8449971.418732941,5854.033569299865,790.0861541592279,0.22545114539504443,0.01539847332389509,9923.949272841215,2740.882353772981,17689439.578839466,4885622.795600338,8983889.888964519,833249.570828147,10695.0,0.0,all=0.800,all=11491.6|all=14004.3|all=7775.39|all=7854.88|all=8493.62,1989026.1576690525
boundary,5.0,PatchTST,global,applicable,5,,65894162.81256311,4027461.8898588642,6161.212044185423,376.574276751647,0.23190275829827023,0.020709440993826343,11450.263690185548,2794.559025723152,20410095.027755737,4981301.463351518,9096813.556961477,1396651.0209882634,10695.0,0.0,all=0.800,all=10421.1|all=12916.3|all=15572.1|all=8600.74|all=9741.18,5274299.946570106
boundary,5.0,Physics-Aligned MoE,physical-bin,applicable,5,,66286975.10308124,13579636.848780544,6197.940636099227,1269.718265430626,0.2049181860682562,0.021082245025158472,14171.04292701993,4497.408178421292,25259884.017413028,8016630.078035952,8205418.217133641,1331721.0781009232,10695.0,0.0,low=0.800;mid=0.800;high=0.800,low=13457;mid=13448.3;high=6746.82|low=14584.7;mid=6495.99;high=6407.22|low=16436.3;mid=10158.3;high=4694.48|low=23007.5;mid=15002.8;high=4355.7|low=24245.3;mid=19982.1;high=17138.3,5667112.237088241
boundary,5.0,Physics-Aligned MoE,gate-bin,applicable,5,,66573737.0373645,13745545.67020551,6224.753346177139,1285.2310117069203,0.20869565217391303,0.01895075423572976,14032.424775682803,4491.71146798408,25012797.1626546,8006475.6916816225,8312187.974941981,1385746.5730325184,10695.0,0.0,low=0.800;mid=0.800;high=0.800,low=12640.5;mid=12157.8;high=9193.07|low=12789.2;mid=12167.9;high=3993.66|low=14714.6;mid=12716;high=3188.44|low=22203.6;mid=15040.7;high=4835.44|low=24149.6;mid=20226.9;high=16333.9,5953874.171371497
boundary,5.0,Boundary-forced router,physical-bin,applicable,5,,69924300.88510424,13965852.425381985,6538.0365483968435,1305.8300537991572,0.21651238896680694,0.02614893246480654,14881.111346287795,3383.4868791896465,26525580.97475799,6031065.362155544,8679743.982069248,1624585.1207742651,10695.0,0.0,low=0.800;mid=0.800;high=0.500|low=0.800;mid=0.800;high=0.800,low=13944.8;mid=11962.6;high=10239.6|low=16657.2;mid=11613.6;high=12158.7|low=19717.8;mid=13977.2;high=10048.4|low=20105.5;mid=9195.45;high=0|low=24690.7;mid=18414.4;high=14555.3,9304438.019111238
boundary,5.0,Physics-Aligned MoE,global,applicable,5,,70046864.2696406,13933298.107467756,6549.496425398839,1302.7861718062418,0.22702197288452547,0.020121000320906014,13327.753073120117,4520.108923523366,23756719.85283661,8057094.1561803995,9258028.8833608,1321074.2989641826,10695.0,0.0,all=0.800,all=10266.6|all=11449.9|all=16243.2|all=19737.8|all=8941.38,9427001.403647594
boundary,5.0,Boundary-forced router,gate-bin,applicable,5,,70560731.15501186,14466858.089535464,6597.543820010459,1352.6749031823713,0.22270219728845256,0.031685495898996066,14574.131979850546,2915.1734188045766,25978390.254083592,5196296.619019157,8916468.180185655,1925917.1340486964,10695.0,0.0,low=0.800;mid=0.800;high=0.500|low=0.800;mid=0.800;high=0.800,low=12634;mid=14139.3;high=13601.5|low=14444.4;mid=8007.84;high=12696.3|low=16834;mid=15223.9;high=11152.2|low=20168.3;mid=9800.45;high=0|low=22170.8;mid=20556.6;high=14370.2,9940868.289018862
boundary,5.0,Boundary-forced router,global,applicable,5,,73613426.13048662,14856845.693065152,6882.975795276916,1389.1393822407808,0.23932678821879386,0.03469544493363377,13803.690365600585,2935.8590746666277,24605078.076683044,5233168.800593264,9801669.610760715,2025360.593724632,10695.0,0.0,all=0.800,all=11084.3|all=11662.5|all=13389.3|all=14390.2|all=18492.1,12993563.264493622
boundary,5.0,Graph WaveNet,gate-bin,not_applicable,5,,,0.0,,0.0,,0.0,,0.0,,0.0,,0.0,0.0,0.0,,,
boundary,5.0,PatchTST,gate-bin,not_applicable,5,,,0.0,,0.0,,0.0,,0.0,,0.0,,0.0,0.0,0.0,,,
boundary,10.0,Graph WaveNet,physical-bin,applicable,5,,84314352.53911972,8088614.857478063,7883.529924181367,756.298724401876,0.09305282842449744,0.006100363765295927,28245.40096528565,3358.6309209368333,50347427.22062167,5986759.616569904,3396692.5318498043,393792.87643826776,10695.0,0.0,low=0.900;mid=0.900;high=0.900,low=27749.3;mid=26998.5;high=19331.3|low=28727.5;mid=26691.1;high=16220|low=31689.9;mid=29515.6;high=18339.1|low=33340.3;mid=33571.6;high=21424.7|low=37639.3;mid=33877.8;high=23096,0.0
boundary,10.0,PatchTST,physical-bin,applicable,5,,84743490.37206303,4596771.938299241,7923.655013750635,429.8056978306908,0.09604488078541375,0.013562475997954796,28930.69334728226,2182.951993402545,51568960.89153063,3891111.928240036,3317452.9480532403,758607.0845375798,10695.0,0.0,low=0.900;mid=0.900;high=0.900,low=32216.3;mid=29548;high=16545.6|low=32970.8;mid=25452.3;high=15194.6|low=33878.6;mid=33060.3;high=17767.8|low=34375.4;mid=37113.6;high=22156.8|low=35328.8;mid=29569;high=18214.3,429137.8329433054
boundary,10.0,Graph WaveNet,global,applicable,5,,88797862.32470188,8773504.980857613,8302.74542540457,820.3370716089398,0.10215988779803646,0.0064926771409847634,28228.31696548462,3912.5253683025826,50316974.99097633,6974076.468999353,3848088.733372554,468578.3239799075,10695.0,0.0,all=0.900,all=23805|all=25468.8|all=27657.3|all=30752|all=33458.6,4483509.785582155
boundary,10.0,Physics-Aligned MoE,physical-bin,applicable,5,,90389458.32007974,13474659.500653889,8451.562255266925,1259.9027116085917,0.08877045348293595,0.010075988991821274,32758.427087610624,5646.814670198643,58391896.28366593,10065447.149629077,3199756.20364138,518034.60713876976,10695.0,0.0,low=0.900;mid=0.900;high=0.900,low=31297.9;mid=27554.6;high=17946.3|low=34760.8;mid=27700.5;high=15955.1|low=35059.6;mid=35844.3;high=23068.8|low=42162.3;mid=38310;high=24988.2|low=45723.7;mid=42388;high=27358.7,6075105.780960023
boundary,10.0,PatchTST,global,applicable,5,,91059317.28209841,5471238.2988602575,8514.195164291577,511.5697334137687,0.11568022440392707,0.01790957882900247,27975.910997186602,2682.5908194694634,49867061.35248511,4781718.135704317,4119225.59296133,915430.8740402189,10695.0,0.0,all=0.900,all=24833.5|all=26075|all=28125.6|all=29138|all=31707.4,6744964.742978692
boundary,10.0,Physics-Aligned MoE,gate-bin,applicable,5,,91621278.52737056,14276079.373295307,8566.739460249702,1334.8367810467798,0.09065918653576437,0.01222077474675815,32727.243365902927,5949.325601096413,58336311.29972197,10604672.883954357,3328496.722764859,626286.7228800699,10695.0,0.0,low=0.900;mid=0.900;high=0.900,low=28721.8;mid=33345.2;high=16168.2|low=32217.7;mid=31636.2;high=15081|low=32752.4;mid=35402.1;high=27749.2|low=38795.7;mid=43201.2;high=24928.4|low=47904.3;mid=40604.1;high=27593.4,7306925.988250837
boundary,10.0,Boundary-forced router,physical-bin,applicable,5,,93815479.08478226,14617840.587989377,8771.900802691187,1366.792013837249,0.1010004675081814,0.018596532894072978,31888.239927711176,3292.644157597687,56840787.67114518,5869138.210917873,3697469.141363708,912802.1150236516,10695.0,0.0,low=0.900;mid=0.900;high=0.900,low=30375.8;mid=30775.1;high=20212.5|low=34260.4;mid=32069.2;high=21266.2|low=36406;mid=33181.7;high=23323.8|low=37560.4;mid=33699.8;high=20901.1|low=42627.9;mid=37766.6;high=25416.3,9501126.545662537
boundary,10.0,Boundary-forced router,gate-bin,applicable,5,,95125616.39138404,13710838.468909096,8894.400784608139,1281.9858315950532,0.10214118747078076,0.016681934012040028,32232.198313940327,3199.3599964323894,57453893.49459863,5702859.193640731,3767172.289678541,905875.0748610379,10695.0,0.0,low=0.900;mid=0.900;high=0.900,low=32853.4;mid=22031.8;high=24938.2|low=32986.7;mid=32153.6;high=27375.4|low=33055.5;mid=38529;high=24570.9|low=33563.2;mid=40161.9;high=19692.1|low=38515.4;mid=44135.3;high=25891.7,10811263.852264315
boundary,10.0,Physics-Aligned MoE,global,applicable,5,,95885726.34221089,14864809.427814256,8965.472308762122,1389.8840044707115,0.10135577372604021,0.016225160889001482,32328.08752652407,5183.536617916696,57624816.01602914,9239654.02143651,3826091.0326181753,736257.2310830663,10695.0,0.0,all=0.900,all=26688.8|all=27752.5|all=32309.7|all=36354|all=38535.4,11571373.803091168
boundary,10.0,Boundary-forced router,global,applicable,5,,99547570.53229944,16659584.31456142,9307.860732332814,1557.6983931333727,0.1166713417484806,0.021026374710938076,31140.410457134247,3251.9527883234587,55507781.639841795,5796605.845186565,4403978.889245766,1122363.5224422126,10695.0,0.0,all=0.900,all=26742.6|all=30024.6|all=30822|all=32538.5|all=35574.3,15233217.993179724
boundary,10.0,Graph WaveNet,gate-bin,not_applicable,5,,,0.0,,0.0,,0.0,,0.0,,0.0,,0.0,0.0,0.0,,,
boundary,10.0,PatchTST,gate-bin,not_applicable,5,,,0.0,,0.0,,0.0,,0.0,,0.0,,0.0,0.0,0.0,,,
boundary,20.0,Graph WaveNet,physical-bin,applicable,5,,109414384.4453359,8850223.885724528,10230.423978058523,827.5104147475013,0.041103319308087895,0.005294868132296869,47593.45877631087,4610.783200671563,84835340.26877412,8218721.055197056,1228952.208828088,222833.82513032985,10695.0,0.0,low=0.950;mid=0.950;high=0.950,low=39908.7;mid=49602;high=40500.4|low=41915;mid=51055.9;high=36629.7|low=48210.9;mid=55613.2;high=41258|low=48470.9;mid=56120.3;high=46188.9|low=53682;mid=58354.1;high=47925.2,0.0
boundary,20.0,PatchTST,physical-bin,applicable,5,,109424879.92920342,5198644.435749299,10231.40532297367,486.0817611733796,0.03947639083683964,0.0088711817829541,48291.23685011091,2508.0723341561625,86079129.68532267,4470638.93563336,1167287.5121940356,334396.9487960955,10695.0,0.0,low=0.950;mid=0.950;high=0.950,low=48802.7;mid=48094;high=37889.7|low=48971.7;mid=52981.9;high=39384.1|low=49214.5;mid=56855;high=38131.8|low=49912.7;mid=52988.2;high=35389.4|low=51439.2;mid=58942.5;high=47036.6,10495.483867526054
boundary,20.0,Graph WaveNet,global,applicable,5,,113093817.69370842,9054554.250136979,10574.457007359368,846.6156381614752,0.04431977559607293,0.00487061861267471,47933.99878371358,4274.2821075557595,85442352.83196945,7618907.856718142,1382573.2430869492,234496.63039076264,10695.0,0.0,all=0.950,all=42921.3|all=44653.7|all=48520.4|all=49896.6|all=53678.1,3679433.248372525
boundary,20.0,PatchTST,global,applicable,5,,114577475.60496435,4790877.386049098,10713.181449739537,447.95487480589986,0.04347826086956522,0.009066043244422131,49406.69420194626,2440.9106028993137,88067432.4149692,4350923.149668026,1325502.1594997575,346875.78269682545,10695.0,0.0,all=0.950,all=47125.8|all=48358.6|all=48665.6|all=49356.3|all=53527.3,5163091.159628451
boundary,20.0,Physics-Aligned MoE,physical-bin,applicable,5,,116178344.1150002,14226746.70991356,10862.86527489483,1330.2240962986023,0.03616643291257597,0.002833269296601253,53893.85312264356,7076.199985133944,96065793.19111213,12613326.473501258,1005627.5461944041,129359.37287638575,10695.0,0.0,low=0.950;mid=0.950;high=0.950,low=45043.6;mid=55224;high=43378|low=51307.8;mid=59763.7;high=49121.2|low=51338.6;mid=50553.8;high=38173.4|low=57031.1;mid=63446.9;high=48218.2|low=66528.3;mid=72874.1;high=51832.9,6763959.669664308
boundary,20.0,Boundary-forced router,physical-bin,applicable,5,,116589619.1190449,14632322.352898585,10901.320160733512,1368.1460825524625,0.04325385694249649,0.006444359060760904,50834.87174735271,5608.461987647646,90613158.8896562,9997083.49298193,1298823.011469435,280168.07549207844,10695.0,0.0,low=0.950;mid=0.950;high=0.950,low=44257.3;mid=52699;high=36413.4|low=46045.8;mid=53637.6;high=37123.8|low=51361.2;mid=58830.2;high=46401.7|low=55027.3;mid=57504.2;high=45179.8|low=60075.8;mid=67317.2;high=45086.2,7175234.673709005
boundary,20.0,Physics-Aligned MoE,gate-bin,applicable,5,,118012148.17572995,14692386.554451836,11034.328955187466,1373.7621836794613,0.03915848527349229,0.0050470967276927715,53978.3904940658,7047.330468481669,96216481.05567227,12561866.560068581,1089783.356002884,222627.57566910482,10695.0,0.0,low=0.950;mid=0.950;high=0.950,low=41454.1;mid=55849.6;high=47400.1|low=49037.7;mid=55057.5;high=37800.1|low=50402.4;mid=61952.9;high=49413.2|low=53525.4;mid=69090.5;high=49361.6|low=68935.4;mid=68761.1;high=51691.3,8597763.73039405
boundary,20.0,Boundary-forced router,gate-bin,applicable,5,,119770785.1832639,14746419.2320828,11198.764393012052,1378.8143274504719,0.04703132304815334,0.008432012604503486,51100.969596761526,5415.596330686531,91087478.3062274,9653300.459448744,1434165.3438518238,319750.34693748655,10695.0,0.0,low=0.950;mid=0.950;high=0.950,low=44004.2;mid=63183.1;high=32630.5|low=45677.2;mid=62676.2;high=52171|low=47529.8;mid=45926.4;high=41086.4|low=53665.5;mid=60733.7;high=48817.3|low=55754.4;mid=67328.8;high=49518.7,10356400.737928003
boundary,20.0,Physics-Aligned MoE,global,applicable,5,,120422503.55024326,15517437.265691862,11259.701126717464,1450.9057751932546,0.04071061243571762,0.003306178723280655,54542.284486484525,7597.544625012839,97221622.09715867,13542623.294085387,1160044.0726542305,154809.17032311225,10695.0,0.0,all=0.950,all=47459.3|all=49340.3|all=52658.7|all=56639.8|all=66613.5,11008119.104907364
boundary,20.0,Boundary-forced router,global,applicable,5,,122265327.65801641,15684953.433197834,11432.008196167968,1466.568810958189,0.048770453482935947,0.0072067868434049906,51703.50611381531,6029.590792859564,92161499.64787579,10747745.588272173,1505191.4005070324,309551.50862143195,10695.0,0.0,all=0.950,all=45108.8|all=46503.8|all=52934.3|all=54020|all=59950.7,12850943.212680519
boundary,20.0,Graph WaveNet,gate-bin,not_applicable,5,,,0.0,,0.0,,0.0,,0.0,,0.0,,0.0,0.0,0.0,,,
boundary,20.0,PatchTST,gate-bin,not_applicable,5,,,0.0,,0.0,,0.0,,0.0,,0.0,,0.0,0.0,0.0,,,
boundary,50.0,Graph WaveNet,physical-bin,applicable,5,,135782638.0224684,10979819.423579408,12695.898833330377,1026.6310821486127,0.023356708742402994,0.002770079672066974,61855.664682808834,3912.792343348683,110257722.29710671,6974552.352019026,510498.31450723286,128963.00605900571,10695.0,0.0,low=0.975;mid=0.975;high=0.975,low=53175.3;mid=63417.8;high=56062.1|low=53286.2;mid=66021.8;high=61512.2|low=59839.1;mid=70522.2;high=60031.9|low=59914.5;mid=73552.9;high=62098|low=62570.9;mid=71373.2;high=67671.1,0.0
boundary,50.0,Graph WaveNet,global,applicable,5,,136899994.45630687,10568748.404024908,12800.373488200736,988.1952691935396,0.02359981299672744,0.002774967263438922,63176.23552104831,3784.684362706575,112611639.8162686,6746199.876524473,485767.0928007652,113429.8942125874,10695.0,0.0,all=0.975,all=58052|all=60816|all=63910.1|all=65516.4|all=67586.7,1117356.4338384867
boundary,50.0,PatchTST,physical-bin,applicable,5,,137245350.41435912,6298530.280487889,12832.664835377196,588.9228873761466,0.018232819074333804,0.004459743812140934,66631.18225044673,3369.816096890208,118770082.36142127,6006697.192706797,369505.3610587568,108992.00592682531,10695.0,0.0,low=0.975;mid=0.975;high=0.975,low=60484.4;mid=77237.9;high=63516.4|low=60573.3;mid=70185.5;high=59497.2|low=61372.4;mid=72700.7;high=64712.9|low=62362.8;mid=77562;high=62523.8|low=66047.4;mid=82797.9;high=71457.9,1462712.3918907344
boundary,50.0,PatchTST,global,applicable,5,,138086281.23256996,5696902.536560705,12911.293242877044,532.6697088883316,0.01924263674614306,0.004624031701542828,67397.58430311084,3379.251795093312,120136194.02029507,6023516.324753829,359001.7442454983,138600.6701262157,10695.0,0.0,all=0.975,all=63800.1|all=65593|all=66945.7|all=67860.8|all=72788.3,2303643.2101015747
boundary,50.0,Physics-Aligned MoE,global,applicable,5,,144624473.0942139,15790693.757170152,13522.624880244402,1476.4557042702338,0.015783076203833565,0.0035409848624701756,72665.61838786975,7768.8295438062905,129526464.77637783,13847938.661834713,301960.16635672166,50591.647488175346,10695.0,0.0,all=0.975,all=66214.4|all=67622.8|all=71300.7|all=72393.3|all=85797,8841835.071745515
boundary,50.0,Physics-Aligned MoE,physical-bin,applicable,5,,145855659.28264037,15943606.659526937,13637.742803425936,1490.753310848708,0.01643758765778401,0.004577953168339986,71537.59088089375,7896.48986681406,127515755.7451931,14075493.187596058,366798.07074894506,93207.87128217849,10695.0,0.0,low=0.975;mid=0.975;high=0.975,low=54643.7;mid=71553.3;high=72788.4|low=60449.9;mid=72283.2;high=75976.9|low=64829.8;mid=82492.8;high=65256.8|low=68937.2;mid=78444.8;high=67462.5|low=78777.3;mid=90732.3;high=89201.4,10073021.26017198
boundary,50.0,Boundary-forced router,global,applicable,5,,146528704.20481938,17735056.274477296,13700.6736049387,1658.2567811572976,0.020514258999532492,0.0030703579792179243,70390.19901354014,7858.726701878968,125470529.7416353,14008180.346099263,421163.4892636818,107451.90651007899,10695.0,0.0,all=0.975,all=62030.9|all=63209.8|all=72566.5|all=73098.4|all=81045.3,10746066.182350993
boundary,50.0,Physics-Aligned MoE,gate-bin,applicable,5,,147223769.5710755,15735758.991546312,13765.663354004253,1471.3192137958217,0.017933613838242168,0.005748411855742455,71347.56325296806,8535.914225509536,127177031.49841556,15215267.106970746,400934.7614531985,152724.65704352304,10695.0,0.0,low=0.975;mid=0.975;high=0.975,low=51591.8;mid=71226.7;high=73684.6|low=59696.6;mid=75416.6;high=74090.7|low=62879.9;mid=82024.5;high=67805.6|low=64024.5;mid=85981.4;high=64574.2|low=80452.8;mid=89667.2;high=89880.5,11441131.548607111
boundary,50.0,Boundary-forced router,physical-bin,applicable,5,,147489252.8379929,21377248.073610317,13790.486473865629,1998.8076740168603,0.02178588125292193,0.0044592537034728085,69103.75497967396,7491.745607871295,123177443.25126883,13354036.546030581,486236.1917344815,199134.2183213675,10695.0,0.0,low=0.975;mid=0.975;high=0.975,low=54857.8;mid=72076.2;high=60265.2|low=59131.1;mid=70545.7;high=57640.3|low=61670.4;mid=79046;high=82420.7|low=66698.5;mid=81675.7;high=70459.8|low=71611.9;mid=85755.4;high=84130.2,11706614.815524518
boundary,50.0,Boundary-forced router,gate-bin,applicable,5,,147585163.6625692,21106677.749469683,13799.454292900346,1973.5089059812703,0.023973819541841985,0.0031601616578430317,67925.7582150952,8997.669698705115,121077664.0184072,16038346.23794186,530149.9928832399,156706.92667563376,10695.0,0.0,low=0.975;mid=0.975;high=0.975,low=54894.8;mid=76701.1;high=43647.9|low=56556.2;mid=80948.9;high=83775.5|low=58502.3;mid=67256.5;high=62225.6|low=67770.3;mid=81458.1;high=66104.9|low=70537.9;mid=87176.5;high=85935.6,11802525.640100807
boundary,50.0,Graph WaveNet,gate-bin,not_applicable,5,,,0.0,,0.0,,0.0,,0.0,,0.0,,0.0,0.0,0.0,,,
boundary,50.0,PatchTST,gate-bin,not_applicable,5,,,0.0,,0.0,,0.0,,0.0,,0.0,,0.0,0.0,0.0,,,
full,2.0,Graph WaveNet,physical-bin,applicable,5,,187911690.35310763,36372612.5622679,1902.24824215569,368.203479938734,0.5741111920958859,0.01708618469706362,486.94087882836664,463.83911944207256,8016994.629030228,7636647.262494281,89947347.86203872,14660586.195793206,98784.0,0.0,low=0.500;mid=0.500;high=0.500,low=1395.71;mid=625.173;high=0|low=184.761;mid=0;high=0|low=268.271;mid=0;high=0|low=368.539;mid=0;high=0|low=385.639;mid=0;high=0,0.0
full,2.0,Graph WaveNet,global,applicable,5,,189527633.26178402,37604991.4584811,1918.6065887368804,380.6789708705974,0.6152838516358925,0.020246025924555777,125.03463401794434,279.5859412059312,2058570.2144714356,4603102.936014451,93734531.52365628,16703623.33849338,98784.0,0.0,all=0.500,all=0|all=625.173,1615942.9086763859
full,2.0,Physics-Aligned MoE,gate-bin,applicable,5,,203277010.8703919,30027630.177294467,2057.7928700031575,303.9726086946719,0.5113986070618723,0.024016294718003116,1069.4153960944664,501.2989114572467,17606855.08129929,8253385.278232111,92835077.8945463,11956760.334079672,98784.0,0.0,low=0.500;mid=0.500;high=0.500,low=1495.97;mid=658.047;high=0|low=2134.81;mid=0;high=0|low=2227.23;mid=0;high=0|low=2282.79;mid=380.576;high=0|low=2435.26;mid=2287.77;high=0,15365320.517284274
full,2.0,Physics-Aligned MoE,physical-bin,applicable,5,,204430877.71611407,29010351.057233132,2069.4735758433962,293.6745936308829,0.5269740038872692,0.01648841893087804,1225.886185767294,560.6167273102537,20182990.162472725,9229993.798436018,92123943.77682067,11074484.958856031,98784.0,0.0,low=0.500;mid=0.500;high=0.500,low=1099.43;mid=825.988;high=0|low=1183.15;mid=356.405;high=0|low=1240.81;mid=361.523;high=0|low=2317.2;mid=1281.5;high=0|low=712.33;mid=92.7302;high=0,16519187.363006443
full,2.0,Physics-Aligned MoE,global,applicable,5,,206311478.40064025,29348968.042485587,2088.5110787236827,297.10244617028644,0.5788548752834467,0.01152597733032831,583.6289601974189,471.08999786063526,9608867.200690305,7756025.724777499,98351305.59997499,10891364.061032653,98784.0,0.0,all=0.500,all=1281.5|all=356.405|all=361.523|all=825.988|all=92.7302,18399788.047532618
full,2.0,Boundary-forced router,gate-bin,applicable,5,,208395675.14293438,34846269.51585269,2109.609604216618,352.7521614416574,0.5205843051506316,0.04201411842203771,1025.516112847638,518.7583652175724,16884097.28192351,8540837.72494211,95755788.93050545,14885302.40652143,98784.0,0.0,low=0.500;mid=0.500;high=0.500,low=1308.54;mid=598.265;high=0|low=1454.88;mid=0;high=0|low=1909.55;mid=0;high=0|low=2455.14;mid=1913.46;high=0|low=3366.16;mid=0;high=0,20483984.78982675
full,2.0,Boundary-forced router,physical-bin,applicable,5,,210176853.96967724,33924290.56048526,2127.640650000782,343.41887917562826,0.554178814382896,0.014015428513578117,966.9289782080723,552.9872911980883,15919518.697217703,9104382.762285326,97128667.63622975,12722399.448704986,98784.0,0.0,low=0.500;mid=0.500;high=0.500,low=1180.64;mid=868.569;high=0|low=1209.14;mid=326.825;high=0|low=151.548;mid=0;high=0|low=1766.83;mid=406.493;high=0|low=860.512;mid=316.449;high=0,22265163.61656961
full,2.0,Boundary-forced router,global,applicable,5,,212361825.38476497,35292647.38019452,2149.7593272672193,357.2708877975636,0.5978356818918044,0.027074657917204068,383.6670902967453,312.4901136258186,6316694.974645615,5144837.230735478,103022565.20505969,15809409.3657253,98784.0,0.0,all=0.500,all=0|all=316.449|all=326.825|all=406.493|all=868.569,24450135.03165734
full,2.0,PatchTST,physical-bin,applicable,5,,214152118.29942018,22193335.070635743,2167.8826358460906,224.66528051744953,0.5613439423388403,0.019455566919924495,1196.7543816363732,642.5923933634909,19703364.139261246,10579641.164336516,97224377.08007947,5832457.653827249,98784.0,0.0,low=0.500;mid=0.500;high=0.500,low=1104.37;mid=207.176;high=0|low=1209.64;mid=404.332;high=0|low=1862.08;mid=932.688;high=0|low=1963.72;mid=1415.59;high=0|low=257.39;mid=0;high=0,26240427.946312547
full,2.0,PatchTST,global,applicable,5,,216863946.4932724,23015763.271025248,2195.3347353141435,232.99080084857115,0.6093537414965987,0.03068706287869965,591.9568037867546,576.2245906633672,9745976.817545127,9486961.660681676,103558984.83786361,7462687.684555594,98784.0,0.0,all=0.500,all=0|all=1415.59|all=207.176|all=404.332|all=932.688,28952256.140164763
full,2.0,Graph WaveNet,gate-bin,not_applicable,5,,,0.0,,0.0,,0.0,,0.0,,0.0,,0.0,0.0,0.0,,,
full,2.0,PatchTST,gate-bin,not_applicable,5,,,0.0,,0.0,,0.0,,0.0,,0.0,,0.0,0.0,0.0,,,
full,5.0,Graph WaveNet,global,applicable,5,,340973716.716179,56012346.1567571,3451.7099602787807,567.018405376955,0.22852486232588273,0.009083965350865851,9025.42117634341,1481.8753935322675,148594534.24731794,24397596.47911525,38475836.49377223,6478522.718104137,98784.0,0.0,all=0.800,all=11389.4|all=7807.13|all=8085.98|all=8287.01|all=9557.54,0.0
full,5.0,Graph WaveNet,physical-bin,applicable,5,,342318228.3602971,56439704.78853337,3465.3205818786146,571.3445981994389,0.23460276967930027,0.011436843926374323,8889.767357249668,1434.0725925601032,146361129.76975852,23610571.16390953,39191419.718107715,6761336.037424937,98784.0,0.0,low=0.800;mid=0.800;high=0.800,low=11067.3;mid=11389.4;high=13934.6|low=7596.29;mid=7807.13;high=9619.12|low=7819.92;mid=8085.98;high=10494.4|low=8200.76;mid=8287.01;high=9253.7|low=8915.16;mid=9557.54;high=13441,1344511.6441180706
full,5.0,Physics-Aligned MoE,gate-bin,applicable,5,,369193288.6880607,45449595.577607706,3737.379420635535,460.09065817954036,0.21714650145772593,0.013236793222207274,11293.319272447818,1403.7863410965676,185933208.50158086,23111938.31981389,36652016.03729597,5315573.6719179815,98784.0,0.0,low=0.800;mid=0.800;high=0.800,low=10013.7;mid=14282.8;high=19265.9|low=6606.78;mid=12313.6;high=19798.3|low=8235.79;mid=10810.2;high=12273.3|low=8929.11;mid=11065.9;high=12159.7|low=9133.26;mid=10794.4;high=14344.9,28219571.971881688
full,5.0,Physics-Aligned MoE,global,applicable,5,,371093274.5307692,48808533.596308164,3756.613161349704,494.0935130821605,0.19243197278911564,0.008200662594908575,11769.380538177491,1708.1300837212398,193771081.1805542,28122653.69838649,35464438.67004301,4817583.485435838,98784.0,0.0,all=0.800,all=10247.3|all=10505.8|all=11222.2|all=12460.2|all=14411.5,30119557.814590216
full,5.0,Physics-Aligned MoE,physical-bin,applicable,5,,371378519.6755734,48538804.6114705,3759.5007255787714,491.3630204432957,0.2002044865565274,0.0075688073911638586,11528.49896371258,1635.7620064094474,189805206.93856388,26931185.673525147,36314662.5474019,5957814.3589931885,98784.0,0.0,low=0.800;mid=0.800;high=0.800,low=10602;mid=10505.8;high=9725.43|low=10770.7;mid=12460.2;high=21457.3|low=11192.7;mid=11222.2;high=11479|low=14144.1;mid=14411.5;high=16517.8|low=9769.21;mid=10247.3;high=15307.7,30404802.959394395
full,5.0,PatchTST,global,applicable,5,,373283805.692212,23530644.471715562,3778.788120466999,238.20299311341472,0.2248785228377065,0.00901829479520806,11036.526006305217,1592.3299349371916,181705364.1678091,26216120.048805922,38315688.30488059,1158808.562466215,98784.0,0.0,all=0.800,all=10669.3|all=10827.2|all=11358.4|all=13380.5|all=8947.15,32310088.976032972
full,5.0,PatchTST,physical-bin,applicable,5,,373760529.95839417,24140006.300453607,3783.6140463880206,244.3716219271705,0.22679988662131517,0.00644689246550108,10976.760624102764,1485.1927490384173,180721386.9152279,24452213.4201685,38607828.60863326,587829.8915208103,98784.0,0.0,low=0.800;mid=0.800;high=0.800,low=10370.3;mid=10669.3;high=13595.2|low=10927.2;mid=10827.2;high=9810.84|low=11607.7;mid=11358.4;high=9781.86|low=12722.9;mid=13380.5;high=17442.8|low=8898.69;mid=8947.15;high=9420.11,32786813.242215157
full,5.0,Boundary-forced router,gate-bin,applicable,5,,374446601.73077923,48144232.375451,3790.55921739127,487.3687274806751,0.23996801101392942,0.013821525354863985,10474.763586967867,1822.867179041283,172456507.69583893,30011685.235735692,40398018.80698805,7614625.441161367,98784.0,0.0,low=0.800;mid=0.800;high=0.800,low=10388;mid=14727.2;high=13575.9|low=10900.3;mid=11943;high=10768|low=5933.54;mid=10081.4;high=19314.8|low=6673.34;mid=7891.12;high=14464.2|low=7796.08;mid=9084.85;high=16593.6,33472885.014600217
full,5.0,Boundary-forced router,global,applicable,5,,376986084.61205274,52022307.64553974,3816.2666485671034,526.6268590615863,0.2132531584062196,0.016175147161837763,11062.348344131558,1564.9024499788054,182130503.13778198,25764553.93645105,38971116.29485415,6839435.872664542,98784.0,0.0,all=0.800,all=10480.3|all=11286.5|all=11592.5|all=13110.6|all=8841.91,36012367.895873725
full,5.0,Boundary-forced router,physical-bin,applicable,5,,377549456.51119596,50895684.73296623,3821.969716869088,515.2219461953985,0.22330741820537742,0.007935450363962508,10744.7738520844,1702.7881284917657,176901956.70071754,28034703.747488428,40129499.96209569,7315343.378190199,98784.0,0.0,low=0.800;mid=0.800;high=0.800,low=10231.9;mid=11592.5;high=19367.3|low=10942;mid=11286.5;high=12878|low=13450.5;mid=13110.6;high=9674.97|low=7959.64;mid=8841.91;high=16282.2|low=9777.19;mid=10480.3;high=15242.3,36575739.795016944
full,5.0,Graph WaveNet,gate-bin,not_applicable,5,,,0.0,,0.0,,0.0,,0.0,,0.0,,0.0,0.0,0.0,,,
full,5.0,PatchTST,gate-bin,not_applicable,5,,,0.0,,0.0,,0.0,,0.0,,0.0,,0.0,0.0,0.0,,,
full,10.0,Graph WaveNet,global,applicable,5,,464072749.19116163,72125949.26407823,4697.853389123357,730.1379703603641,0.09010568513119534,0.012216032190709051,17493.529828035833,1737.1150585182893,288013475.08878195,28599862.323445115,17605927.410237983,4524201.880786637,98784.0,0.0,all=0.900,all=15943.6|all=16155.8|all=16932.9|all=18318.2|all=20117.3,0.0
full,10.0,Graph WaveNet,physical-bin,applicable,5,,464427891.5744935,74125864.48880687,4701.448529868132,750.3833058876627,0.1056648850016197,0.011736190851162408,16894.28094826724,1674.785121728728,278147441.53227186,27573662.244141772,18628045.004222155,4818295.662031505,98784.0,0.0,low=0.900;mid=0.900;high=0.900,low=14389.6;mid=16155.8;high=32069.7|low=14456.8;mid=15943.6;high=29887.7|low=15059.2;mid=16932.9;high=35272.5|low=16342.9;mid=18318.2;high=37413.6|low=18261.6;mid=20117.3;high=36108,355142.3833318949
full,10.0,Physics-Aligned MoE,gate-bin,applicable,5,,487441517.3255202,56093946.24005772,4934.417692394723,567.8444509238108,0.1029802397149336,0.00964108832078773,19550.147384104836,1797.775940161791,321873626.531902,29598583.07882373,16556789.079361832,3574603.522285935,98784.0,0.0,low=0.900;mid=0.900;high=0.900,low=10534.5;mid=20549.6;high=37693.1|low=12852.6;mid=17316.7;high=32361.6|low=13640.9;mid=18163.7;high=28739.5|low=15299.7;mid=17528;high=32580.2|low=16167.6;mid=21889.8;high=37886.6,23368768.134358585
full,10.0,Boundary-forced router,gate-bin,applicable,5,,487792618.51850814,63430967.149559155,4937.971923778225,642.1178242383295,0.12128887269193392,0.009861765921093014,18119.581726749024,2079.259904774943,298320793.5491959,34232935.072214656,18947182.49693123,5860572.706849897,98784.0,0.0,low=0.900;mid=0.900;high=0.900,low=10681.2;mid=16787.5;high=36089.3|low=11138.6;mid=14747.8;high=32428.7|low=12721.2;mid=15203;high=34836.4|low=15739.2;mid=21730;high=30411.2|low=16292.5;mid=18983.1;high=24375.6,23719869.327346504
full,10.0,PatchTST,global,applicable,5,,496714146.7952903,24837951.884131674,5028.285418643609,251.4369926722109,0.09273566569484937,0.00408530865453514,19345.792599821092,1780.4634763844504,318509129.36345446,29313550.675193593,17820501.743183587,1452983.422914995,98784.0,0.0,all=0.900,all=17069.2|all=18808.8|all=19065.8|all=19809.7|all=21975.5,32641397.60412866
full,10.0,PatchTST,physical-bin,applicable,5,,497004676.6371366,25609877.42957889,5031.226480372697,259.2512697357759,0.10585519922254619,0.006932889187889523,18811.957420115894,1676.2306661965285,309720066.9647881,27597461.688259628,18728460.96723484,1118898.3342262972,98784.0,0.0,low=0.900;mid=0.900;high=0.900,low=15592.5;mid=17069.2;high=30827.2|low=17069.4;mid=18808.8;high=33820.3|low=18150.5;mid=19065.8;high=29305|low=18509.5;mid=19809.7;high=30510.4|low=19927.5;mid=21975.5;high=39222.1,32931927.445974946
full,10.0,Boundary-forced router,physical-bin,applicable,5,,505185134.96826875,75797552.67772889,5114.03805239987,767.3059673401453,0.10301668286362164,0.006953516103799054,19115.61752761144,1887.9370266314374,314719526.9745947,31082995.20645999,19046560.799367405,5957278.58556038,98784.0,0.0,low=0.900;mid=0.900;high=0.900,low=15079.7;mid=17854.5;high=39810.3|low=17026.7;mid=19332.9;high=39541.3|low=17969.3;mid=19302.1;high=29685.5|low=18270.2;mid=21798.8;high=43558.2|low=21056;mid=22093.3;high=32375.9,41112385.77710712
full,10.0,Physics-Aligned MoE,physical-bin,applicable,5,,505451118.36348945,67797189.97775581,5116.730628072253,686.3175208308616,0.08741901522513766,0.005100215721340648,20296.65776754039,2156.818983466268,334164173.48478496,35509867.74378863,17128694.487870455,3976273.376088111,98784.0,0.0,low=0.900;mid=0.900;high=0.900,low=16562;mid=18766.1;high=40165.1|low=17803.9;mid=19048;high=32485.2|low=18893.3;mid=20265.2;high=35180|low=19332.9;mid=23014.6;high=47696.3|low=22290.8;mid=24216.7;high=41488.7,41378369.17232782
full,10.0,Boundary-forced router,global,applicable,5,,510197097.3707291,76661283.64847873,5164.774633247582,776.0495996161194,0.08711329770003237,0.010215568096264725,20076.334963618217,1811.332472271915,330536778.84101033,29821777.823484804,17966031.852971863,5491895.698171872,98784.0,0.0,all=0.900,all=17854.5|all=19302.1|all=19332.9|all=21798.8|all=22093.3,46124348.179567456
full,10.0,Physics-Aligned MoE,global,applicable,5,,510836452.5728525,70920394.0809473,5171.24688788521,717.9340184741184,0.07492103984450924,0.002462171491024606,21062.1404165566,2435.534775569535,346767079.81818783,40098644.54497682,16406937.275466468,3477184.3097723625,98784.0,0.0,all=0.900,all=18766.1|all=19048|all=20265.2|all=23014.6|all=24216.7,46763703.38169086
full,10.0,Graph WaveNet,gate-bin,not_applicable,5,,,0.0,,0.0,,0.0,,0.0,,0.0,,0.0,0.0,0.0,,,
full,10.0,PatchTST,gate-bin,not_applicable,5,,,0.0,,0.0,,0.0,,0.0,,0.0,,0.0,0.0,0.0,,,
full,20.0,Graph WaveNet,physical-bin,applicable,5,,599960178.6534264,94669525.48206683,6073.45499932607,958.3487759360506,0.04782758341431811,0.01056602956612645,24753.276230967414,1940.0648273712688,407537939.8666474,31941227.317840584,9621111.939338952,3173353.898647756,98784.0,0.0,low=0.950;mid=0.950;high=0.950,low=21049.4;mid=26062.9;high=51553|low=21408.5;mid=25884.1;high=54635.1|low=21848.4;mid=27309.3;high=57851.5|low=22815.3;mid=28572.6;high=57703.9|low=25679.2;mid=31390.3;high=60735,0.0
full,20.0,Boundary-forced router,gate-bin,applicable,5,,600253845.3310946,83836036.32262649,6076.42781554801,848.6803158672102,0.05977891156462585,0.00666603199378808,25439.185003490515,2147.2790679280506,418830741.8974678,35352802.57436742,9071155.171681339,3412009.189685181,98784.0,0.0,low=0.950;mid=0.950;high=0.950,low=14874.8;mid=20120.8;high=55038.5|low=15693.6;mid=23768.3;high=59669.6|low=17217.8;mid=20837.6;high=52893.6|low=19693.7;mid=27016.7;high=45128.5|low=20002.4;mid=24058.2;high=42746.4,293666.67766821384
full,20.0,Physics-Aligned MoE,gate-bin,applicable,5,,606603135.553533,73263233.29404858,6140.702295447978,741.6508067505727,0.04889658244250081,0.005337216936927271,27493.60791881258,2369.6887139330915,452654760.77533036,39014554.986194424,7697418.738910134,1877827.7949595423,98784.0,0.0,low=0.950;mid=0.950;high=0.950,low=14224.5;mid=28600.9;high=65215|low=16512.4;mid=22329.8;high=51898.4|low=17515.1;mid=24390.4;high=47016.7|low=19909.4;mid=24034.9;high=52803.7|low=20677.2;mid=28851.3;high=56101.3,6642956.900106549
full,20.0,Graph WaveNet,global,applicable,5,,620494799.1047535,81481728.22656342,6281.328951092823,824.8474269776826,0.033792921930677025,0.00789740216181204,27843.877178967745,2258.6712494624135,458421593.8745249,37186763.45114917,8103660.261511423,2285885.3903909083,98784.0,0.0,all=0.950,all=25884.1|all=26062.9|all=27309.3|all=28572.6|all=31390.3,20534620.451327085
full,20.0,PatchTST,physical-bin,applicable,5,,633027238.5255666,31414734.04590471,6408.19604921411,318.01439550842974,0.04918812763200518,0.004233585128426968,26747.701651140895,2058.456160572474,440374159.98438376,33890422.22766522,9632653.927059148,961466.3005689404,98784.0,0.0,low=0.950;mid=0.950;high=0.950,low=21440.6;mid=25673.4;high=56652.2|low=23801.7;mid=28651.5;high=56934.1|low=24858.2;mid=28501.1;high=56386.1|low=26437.6;mid=30363.2;high=53907.3|low=26545.7;mid=31438.6;high=64071.7,33067059.87214017
full,20.0,Boundary-forced router,physical-bin,applicable,5,,644953783.08436,110229223.03771949,6528.929614961533,1115.8611013698523,0.047546161321671526,0.0069871276252887445,27175.023732556892,2421.306480034164,447409590.7328166,39864389.88728248,9877209.617577171,3743168.9470490906,98784.0,0.0,low=0.950;mid=0.950;high=0.950,low=21726.8;mid=29073;high=65211.5|low=23369.5;mid=26676.8;high=51053|low=24307.2;mid=30950.9;high=66045|low=27248.6;mid=34595.4;high=72956.9|low=27360;mid=30825.8;high=52310.6,44993604.430933595
full,20.0,PatchTST,global,applicable,5,,646546446.7992893,27930252.357970238,6545.0523040096505,282.74064988227076,0.03703231292517007,0.0027637760092412613,28925.579205901176,2191.6941081717964,476230736.04595697,36084051.79694046,8515785.53766662,1314291.2790467162,98784.0,0.0,all=0.950,all=25673.4|all=28501.1|all=28651.5|all=30363.2|all=31438.6,46586268.14586294
full,20.0,Physics-Aligned MoE,physical-bin,applicable,5,,654370633.20032,93509126.16703033,6624.257300780693,946.6019412762223,0.040320294784580504,0.00426713449296906,28873.273216100526,3079.627121531484,475369570.229879,50702980.92889436,8950053.148522059,2362888.648123039,98784.0,0.0,low=0.950;mid=0.950;high=0.950,low=22795.2;mid=28944.5;high=60736.3|low=24587.2;mid=29043.7;high=60671.7|low=25725.5;mid=30493;high=62995.4|low=28246.4;mid=37392.2;high=79447.7|low=30297.7;mid=35653.7;high=64539.5,54410454.5468936
full,20.0,Boundary-forced router,global,applicable,5,,672443564.0960423,104139770.58440009,6807.21133074225,1054.2169843739885,0.03409054097829608,0.007656095543466182,30424.35779311806,2902.8497453903883,500906626.7058957,47792518.208107345,8576846.869507326,2871514.9402632033,98784.0,0.0,all=0.950,all=26676.8|all=29073|all=30825.8|all=30950.9|all=34595.4,72483385.44261587
full,20.0,Physics-Aligned MoE,global,applicable,5,,683746104.2396878,93780855.83887105,6921.628039355439,949.3526870634016,0.029676870748299323,0.003491005395362616,32305.404545378686,3946.679103939495,531876180.4351147,64978124.76725984,7593496.190228654,1503185.5709377679,98784.0,0.0,all=0.950,all=28944.5|all=29043.7|all=30493|all=35653.7|all=37392.2,83785925.58626139
full,20.0,Graph WaveNet,gate-bin,not_applicable,5,,,0.0,,0.0,,0.0,,0.0,,0.0,,0.0,0.0,0.0,,,
full,20.0,PatchTST,gate-bin,not_applicable,5,,,0.0,,0.0,,0.0,,0.0,,0.0,,0.0,0.0,0.0,,,
full,50.0,Boundary-forced router,gate-bin,applicable,5,,763563971.5238518,129617122.62917778,7729.632040855319,1312.1266868033063,0.029737609329446062,0.005360476588329943,32535.46538716377,3078.5490867080543,535663902.1342643,50685232.16356137,4558001.387791749,1980726.2587872478,98784.0,0.0,low=0.975;mid=0.975;high=0.975,low=18334.8;mid=25640;high=74168.6|low=21100.6;mid=25763.5;high=73385.9|low=22571.7;mid=30636;high=82177.6|low=22890.2;mid=28440.9;high=59281.1|low=23013.8;mid=31909.6;high=61843.1,0.0
full,50.0,Physics-Aligned MoE,gate-bin,applicable,5,,767678110.2834008,97579488.94937941,7771.279866004623,987.8066179682885,0.02548185941043084,0.003433292735890323,34710.44079960788,3364.7695390415606,571472697.324744,55397565.69078021,3924108.259173131,940327.0462785118,98784.0,0.0,low=0.975;mid=0.975;high=0.975,low=18089;mid=38325.1;high=86448.7|low=19434.5;mid=26941.6;high=70358.2|low=20390.7;mid=30623.5;high=66624|low=23036.4;mid=28716.9;high=70430.7|low=25169.3;mid=34115.5;high=73163.1,4114138.7595490217
full,50.0,Graph WaveNet,physical-bin,applicable,5,,798527864.8725188,128573560.18773384,8083.57491974934,1301.5626031314166,0.024503968253968257,0.006428208750553059,32833.65709331698,2558.263083121736,540573330.3843707,42119243.40051623,5159090.6897629555,1740228.0773027341,98784.0,0.0,low=0.975;mid=0.975;high=0.975,low=28151.7;mid=39306.3;high=68949.7|low=28633.7;mid=40061.1;high=72985.5|low=28804.4;mid=43167;high=75108.7|low=29773.8;mid=43953.1;high=77754.6|low=34323;mid=47190;high=78973.9,34963893.348667026
full,50.0,PatchTST,physical-bin,applicable,5,,833285530.5172533,39581024.64380429,8435.430135621693,400.6825461998326,0.0251984126984127,0.0020270019589447297,34866.89488594293,2284.088206509325,574048557.4021643,37605228.2319695,5184739.462301781,807294.4786907561,98784.0,0.0,low=0.975;mid=0.975;high=0.975,low=28192.2;mid=42267.4;high=78965|low=30727.8;mid=43026.4;high=78742.7|low=32526.7;mid=42414.7;high=76899.1|low=32892;mid=47692.5;high=86828.3|low=34851.7;mid=43606.6;high=72089.7,69721558.99340153
full,50.0,Graph WaveNet,global,applicable,5,,846561290.5114262,84395283.04977162,8569.82193990349,854.3416246535031,0.012504049238743117,0.003441729368101572,42735.522501805426,3178.972701306373,703597642.4697244,52338606.554308124,2859272.9608340366,739052.9070651096,98784.0,0.0,all=0.975,all=39306.3|all=40061.1|all=43167|all=43953.1|all=47190,82997318.98757446
full,50.0,Boundary-forced router,physical-bin,applicable,5,,855015772.0460588,167098556.3070067,8655.407475360975,1691.554870292828,0.023501781665046968,0.006206781831739336,35604.341533279716,3446.3263828929507,586189879.0039172,56740317.56794954,5376517.860842828,2223269.4657220175,98784.0,0.0,low=0.975;mid=0.975;high=0.975,low=28751.5;mid=37913.2;high=69802.5|low=29542.2;mid=48793.2;high=87683.8|low=33172.2;mid=46950.4;high=89239.6|low=33736.5;mid=41542.9;high=70879.8|low=36511.7;mid=53456.6;high=96446.6,91451800.52220702
full,50.0,Physics-Aligned MoE,physical-bin,applicable,5,,862981888.5524626,126000324.09172285,8736.04924433575,1275.513484893534,0.020462827988338195,0.0025079816685452502,38143.947993669186,4361.303095851616,628001959.7677695,71804494.17010097,4699598.575693866,1145814.426680415,98784.0,0.0,low=0.975;mid=0.975;high=0.975,low=29844;mid=46797.7;high=83528.5|low=32099.8;mid=42972.4;high=78983.9|low=33766.9;mid=46670.4;high=84980.5|low=38581.1;mid=51188.9;high=82420.3|low=39824.3;mid=59294.4;high=101123,99417917.02861083
full,50.0,PatchTST,global,applicable,5,,871715903.1384592,31270283.254545625,8824.464519947149,316.5521061563173,0.012568837058632976,0.0027474241529691756,43801.52338700295,2239.16476972917,721148281.0436165,36865608.76882105,3011352.4418968516,876533.5853050232,98784.0,0.0,all=0.975,all=42267.4|all=42414.7|all=43026.4|all=43606.6|all=47692.5,108151931.61460745
full,50.0,Boundary-forced router,global,applicable,5,,911457639.4482015,126369548.94834358,9226.773965907452,1279.2511838794092,0.013016277939747328,0.003928220746006439,45731.261457946894,6107.5049288639875,752919488.6436377,100553961.14881665,3170763.0160912788,910343.0559474546,98784.0,0.0,all=0.975,all=37913.2|all=41542.9|all=46950.4|all=48793.2|all=53456.6,147893667.92434978
full,50.0,Physics-Aligned MoE,global,applicable,5,,934123473.7190775,119643274.96313208,9456.222401594161,1211.1604608350754,0.010617103984450923,0.0019042914799020218,49384.76445636749,6257.687216029311,813070762.0096344,103026562.32470657,2421054.234188861,516945.35711029195,98784.0,0.0,all=0.975,all=42972.4|all=46670.4|all=46797.7|all=51188.9|all=59294.4,170559502.19522572
full,50.0,Graph WaveNet,gate-bin,not_applicable,5,,,0.0,,0.0,,0.0,,0.0,,0.0,,0.0,0.0,0.0,,,
full,50.0,PatchTST,gate-bin,not_applicable,5,,,0.0,,0.0,,0.0,,0.0,,0.0,,0.0,0.0,0.0,,,
high_ramp,2.0,Graph WaveNet,physical-bin,applicable,5,,28730823.975438774,3853700.7376134642,4625.052153161425,620.363930716913,0.436477784932389,0.029595933484996992,1048.7133781900195,657.1532343820369,1085767.9175527333,680372.6486635356,13822528.02894302,1624424.6783788134,6212.0,0.0,low=0.500;mid=0.500;high=0.500,low=0;mid=12047.8;high=3862.08|low=0;mid=12519.3;high=4892.51|low=0;mid=2877.11;high=0|low=0;mid=4460.51;high=0|low=0;mid=8858.06;high=0,0.0
high_ramp,2.0,Graph WaveNet,global,applicable,5,,28941108.315632027,4018689.872400424,4658.903463559566,646.923675531298,0.444011590470058,0.03325514759480919,0.0,0.0,0.0,0.0,14470554.157816013,2009344.936200212,6212.0,0.0,all=0.500,all=0,210284.340193253
high_ramp,2.0,PatchTST,physical-bin,applicable,5,,30152093.671308648,1846231.6736799264,4853.84637335941,297.20406852542266,0.4485833869929169,0.025186770538645743,1848.0708692679614,704.135541177402,1913369.3733154298,729014.9969656703,14119362.148996612,899908.236244771,6212.0,0.0,low=0.500;mid=0.500;high=0.500,low=0;mid=10673.9;high=0|low=0;mid=12359.2;high=2550.69|low=0;mid=12855.2;high=1405.92|low=0;mid=15121.4;high=2455.42|low=0;mid=21345.2;high=8258.93,1421269.6958698742
high_ramp,2.0,PatchTST,global,applicable,5,,30506493.637264002,1904521.7940299043,4910.8972371641985,306.58753928362904,0.4632002575660013,0.027480161964342303,79.99498045444489,178.8742141549058,82821.46976383527,185194.4363883791,15211836.08375008,946098.6753092178,6212.0,0.0,all=0.500,all=0|all=399.975,1775669.6618252285
high_ramp,2.0,Physics-Aligned MoE,gate-bin,applicable,5,,31403721.451802958,5890017.176812345,5055.331849936085,948.1676073426185,0.43654217643271087,0.031806117870340656,2037.8184522671559,1760.2434054025791,2109821.370913929,1822438.6723934703,14646950.040444514,2863069.6163975545,6212.0,0.0,low=0.500;mid=0.500;high=0.500,low=0;mid=12097.3;high=7512.43|low=0;mid=1263.78;high=13220|low=0;mid=2120.57;high=1824.43|low=0;mid=5395.54;high=102.093|low=0;mid=921.977;high=9732.6,2672897.476364184
high_ramp,2.0,Physics-Aligned MoE,physical-bin,applicable,5,,31606628.540562958,5813391.8032332575,5087.995579614127,935.8325504238987,0.44201545396007724,0.03540332290913901,2032.0705210802178,887.7081421949915,2103870.3461583853,919073.8298858812,14751379.097202282,2617188.344696375,6212.0,0.0,low=0.500;mid=0.500;high=0.500,low=0;mid=17534.8;high=9199.88|low=0;mid=17961.4;high=5881.1|low=0;mid=19267.4;high=9232.87|low=0;mid=8306.02;high=1309.46|low=0;mid=9943.17;high=0,2875804.565124184
high_ramp,2.0,Boundary-forced router,gate-bin,applicable,5,,31868709.26366843,6576329.082843885,5130.185007029689,1058.6492406381014,0.43699291693496456,0.04285794335035418,3003.461328473678,759.9969155220741,3109583.628746414,786850.1398705207,14379562.81746101,3159811.3293551872,6212.0,0.0,low=0.500;mid=0.500;high=0.500,low=0;mid=10837.9;high=5072.45|low=0;mid=5135.1;high=0|low=0;mid=6081.14;high=6283.32|low=0;mid=6841.79;high=9820.14|low=0;mid=9554.24;high=153.033,3137885.2882296555
high_ramp,2.0,Physics-Aligned MoE,global,applicable,5,,31988837.08421299,6097760.20722152,5149.523033517867,981.6098208663103,0.45598840952994213,0.03525261898639572,0.0,0.0,0.0,0.0,15994418.542106494,3048880.10361076,6212.0,0.0,all=0.500,all=0,3258013.108774215
high_ramp,2.0,Boundary-forced router,physical-bin,applicable,5,,32268716.081213973,6741470.707438785,5194.577604831613,1085.2335330712788,0.45247907276239535,0.044604972264264055,2051.7435768820133,570.3918035631092,2124238.5165985106,590545.6472890059,15072238.782307733,3194165.297815764,6212.0,0.0,low=0.500;mid=0.500;high=0.500,low=0;mid=11020.5;high=2.47601|low=0;mid=13538.4;high=2792.59|low=0;mid=15972.8;high=5235.98|low=0;mid=16926.4;high=7189.95|low=0;mid=19619.3;high=5781.81,3537892.1057752
high_ramp,2.0,Boundary-forced router,global,applicable,5,,32798469.536314476,7076311.57175561,5279.856654268267,1139.1357971274322,0.4676754668383773,0.046950274393550206,0.0,0.0,0.0,0.0,16399234.768157238,3538155.785877805,6212.0,0.0,all=0.500,all=0,4067645.5608757026
high_ramp,2.0,Graph WaveNet,gate-bin,not_applicable,5,,,0.0,,0.0,,0.0,,0.0,,0.0,,0.0,0.0,0.0,,,
high_ramp,2.0,PatchTST,gate-bin,not_applicable,5,,,0.0,,0.0,,0.0,,0.0,,0.0,,0.0,0.0,0.0,,,
high_ramp,5.0,Graph WaveNet,physical-bin,applicable,5,,53386285.17742574,5402981.180011952,8594.057497975811,869.7651609806748,0.22540244687701225,0.009995860133725946,25633.039075783494,2900.1002801190557,26538739.78979451,3002570.4900165945,5369509.077526246,603326.3487703911,6212.0,0.0,low=0.800;mid=0.800;high=0.800,low=18108.4;mid=47908.1;high=38053.2|low=18321.4;mid=49652.7;high=35225.2|low=19489.6;mid=58002;high=45443.2|low=20667.5;mid=54949.2;high=41330.2|low=25259.7;mid=55148.6;high=44872.1,0.0
high_ramp,5.0,Physics-Aligned MoE,gate-bin,applicable,5,,53845612.64484755,8377489.444495315,8667.999459891751,1348.597785656039,0.24542820347714103,0.013992470815739892,23539.528894576662,7250.768607019449,24371258.915518366,7506962.431134134,5894870.745865837,457108.9147084704,6212.0,0.0,low=0.800;mid=0.800;high=0.800,low=10912;mid=38303.7;high=37725.5|low=22015.4;mid=53819.2;high=50468.1|low=2237.3;mid=42240.5;high=51873.3|low=2343.57;mid=45312.4;high=40974.3|low=3417.71;mid=50881.1;high=48216.2,459327.46742180735
high_ramp,5.0,Boundary-forced router,gate-bin,applicable,5,,54099666.59139882,8871930.750267252,8708.896746844628,1428.192329405546,0.2554088860270444,0.044166831340241276,22226.56675937563,6565.708533077025,23011905.45154023,6797696.901245747,6217552.227971719,2113094.957753794,6212.0,0.0,low=0.800;mid=0.800;high=0.800,low=13294.8;mid=51154.6;high=45568.2|low=2073.12;mid=42408.5;high=38023.8|low=368.215;mid=48129.6;high=47323.3|low=5535.8;mid=45724.9;high=29063.1|low=730.085;mid=46294;high=43778.9,713381.4139730781
high_ramp,5.0,Graph WaveNet,global,applicable,5,,54712518.074481085,5330579.053624543,8807.552813020136,858.1099571192112,0.2099806825499034,0.011228541933062306,30612.289989404693,3324.9263665177596,31693924.23569699,3442407.09813472,4603718.767756817,621151.4326173213,6212.0,0.0,all=0.800,all=26642.1|all=27558.1|all=31718.3|all=33128.5|all=34014.5,1326232.8970553428
high_ramp,5.0,PatchTST,physical-bin,applicable,5,,54950454.79980352,2779459.930830271,8845.855569833147,447.4339875773131,0.22330972311654862,0.019027661106751637,28126.045412975585,2298.954841828739,29119832.35090072,2380184.5795733533,5166124.48978056,782524.6277256667,6212.0,0.0,low=0.800;mid=0.800;high=0.800,low=19177.3;mid=64296.7;high=40634.2|low=20089;mid=61307.4;high=40949|low=22198.1;mid=57281.5;high=39230.1|low=24913.4;mid=66746.3;high=46657.8|low=25152.7;mid=58695.8;high=35304,1564169.6223777756
high_ramp,5.0,PatchTST,global,applicable,5,,55962981.1781472,2919558.694453161,9008.850801375916,469.9869115346364,0.21635544108177718,0.01764352077976737,31049.029654560087,2368.622403702691,32146095.369021215,2452313.728633519,4763377.161825197,854419.5135384197,6212.0,0.0,all=0.800,all=29568.1|all=29581.3|all=29967.2|all=30966.5|all=35162.1,2576696.0007214546
high_ramp,5.0,Physics-Aligned MoE,physical-bin,applicable,5,,57921050.787780605,9087798.474175587,9324.058401123732,1462.9424459394058,0.21632324533161623,0.016853790997255477,30607.458183867595,3501.583078796219,31688921.70636425,3625305.680913688,5246425.816283272,1150624.541361519,6212.0,0.0,low=0.800;mid=0.800;high=0.800,low=21050.3;mid=68997.3;high=48913|low=22861.4;mid=54184.9;high=37543.3|low=23141;mid=58312.2;high=37575.3|low=27636.6;mid=78439.2;high=50480.7|low=28224.3;mid=63923.1;high=46884.7,4534765.610354863
high_ramp,5.0,Boundary-forced router,physical-bin,applicable,5,,58018579.27565439,10137153.084525531,9339.758415269544,1631.8662402648954,0.23650998068254991,0.02028887943996836,28337.073008478834,4259.995872533377,29338316.254778415,4410515.726696222,5736052.604175196,1261256.7897413492,6212.0,0.0,low=0.800;mid=0.800;high=0.800,low=16746.4;mid=55603.3;high=41090.5|low=21328.3;mid=63846.1;high=45499.7|low=21880.6;mid=57490.2;high=37378.4|low=22018.8;mid=66510.1;high=46162.1|low=28767.5;mid=72391.1;high=43681.6,4632294.098228648
high_ramp,5.0,Physics-Aligned MoE,global,applicable,5,,59023831.10703574,8808252.929632338,9501.582599329644,1417.9415533857593,0.20492594977462977,0.022537312572906854,35183.720039997104,4464.429421360862,36426878.148077,4622172.594248945,4519390.591791748,1021191.1136646488,6212.0,0.0,all=0.800,all=30204.2|all=31255.4|all=35240.6|all=39206.5|all=40011.9,5637545.929609999
high_ramp,5.0,Boundary-forced router,global,applicable,5,,59538377.319099054,9783375.38466441,9584.413605778984,1574.9155480786237,0.22160334835801673,0.029781634494550856,32899.472508544924,3659.974053301297,34061920.53718018,3789293.136517941,5095291.3563837735,1300359.3864557187,6212.0,0.0,all=0.800,all=28138.3|all=30601.9|all=33773.9|all=34296.4|all=37686.8,6152092.141673312
high_ramp,5.0,Graph WaveNet,gate-bin,not_applicable,5,,,0.0,,0.0,,0.0,,0.0,,0.0,,0.0,0.0,0.0,,,
high_ramp,5.0,PatchTST,gate-bin,not_applicable,5,,,0.0,,0.0,,0.0,,0.0,,0.0,,0.0,0.0,0.0,,,
high_ramp,10.0,Graph WaveNet,physical-bin,applicable,5,,65827901.917814136,5983541.785835595,10596.893418836788,963.2230820726976,0.1224404378622022,0.007732511703163304,44193.8548850816,4102.737177489714,45755371.09102115,4247700.557761017,2007253.0826792973,235228.54587499183,6212.0,0.0,low=0.900;mid=0.900;high=0.900,low=33830.2;mid=65076.7;high=53828.3|low=36098;mid=67851.3;high=62150.4|low=39631.8;mid=71305.3;high=62412.2|low=39928.4;mid=75117.6;high=65902.9|low=44998.9;mid=73138.5;high=63810.7,0.0
high_ramp,10.0,Graph WaveNet,global,applicable,5,,67146943.1515401,5733176.521357891,10809.231028902139,922.9195945521396,0.09652285898261428,0.009958328205111656,49904.16445625304,3958.1501965940733,51667444.93370732,4098004.836873729,1547949.8217832753,234563.42189252825,6212.0,0.0,all=0.900,all=44404.7|all=47555.9|all=50917.9|all=52196.6|all=54445.8,1319041.233725965
high_ramp,10.0,Physics-Aligned MoE,gate-bin,applicable,5,,67909173.29116459,9168579.083109306,10931.933884604732,1475.946407454814,0.12231165486155829,0.006745182545382527,43429.38618818235,8969.087758022402,44963891.166831456,9285995.525472526,2294528.2124333135,455689.1956786589,6212.0,0.0,low=0.900;mid=0.900;high=0.900,low=19963.8;mid=60438.5;high=75915.6|low=21457;mid=60144.8;high=74501.7|low=24322.5;mid=67171.6;high=69704|low=29869;mid=54015.5;high=68523.1|low=42682.9;mid=76631.1;high=87763,2081271.3733504564
high_ramp,10.0,PatchTST,physical-bin,applicable,5,,68537987.33229795,3837404.2177960887,11033.159583434957,617.7405373142448,0.11538956857694785,0.015130889383777392,46175.15835683219,1974.43945315089,47806680.61877358,2044202.9804955537,2073130.6713524368,404421.12838289276,6212.0,0.0,low=0.900;mid=0.900;high=0.900,low=37494;mid=79378.8;high=66142.5|low=38352.8;mid=80418.8;high=65063.2|low=39148.6;mid=76374.8;high=65344.7|low=40820.7;mid=96515.5;high=71273.3|low=41694.2;mid=71991.9;high=61096,2710085.4144838154
high_ramp,10.0,PatchTST,global,applicable,5,,69062526.54269509,2949226.4720014366,11117.599250272873,474.7627933035153,0.08866709594333548,0.01740856990182482,53145.37802742004,2632.9269531219506,55023181.38438889,2725957.038798925,1403934.5158306207,387032.0100046472,6212.0,0.0,all=0.900,all=51358.9|all=51452.8|all=52387.2|all=52802.2|all=57725.8,3234624.6248809546
high_ramp,10.0,Boundary-forced router,gate-bin,applicable,5,,69821815.15316507,13328035.153403169,11239.828582286715,2145.5304496785525,0.1324211204121056,0.036739957092062826,40464.83492245207,9353.630493408275,41894592.42304538,9684125.437508699,2792722.2730119685,1689486.1580496607,6212.0,0.0,low=0.900;mid=0.900;high=0.900,low=13512;mid=62597.8;high=78693.3|low=15338.3;mid=57942.7;high=62464.2|low=20096.2;mid=67157.4;high=70719.9|low=21347.2;mid=61118.4;high=55119.1|low=35064.5;mid=71720.8;high=82803.2,3993913.2353509367
high_ramp,10.0,Physics-Aligned MoE,physical-bin,applicable,5,,70903213.43756348,9975663.09108345,11413.910727231729,1605.8697828530985,0.1107533805537669,0.014347442829533343,50490.70842664678,6179.649806115403,52274713.45772163,6397997.432598147,1862849.9979841858,448942.0425025473,6212.0,0.0,low=0.900;mid=0.900;high=0.900,low=38754.4;mid=70770.1;high=69697.9|low=39493;mid=82796.7;high=70362.7|low=42302.6;mid=74188.6;high=71688.8|low=47715;mid=77235.5;high=67829.8|low=53147.9;mid=93169.3;high=87268.1,5075311.519749343
high_ramp,10.0,Boundary-forced router,physical-bin,applicable,5,,71246551.8762636,11396248.88825416,11469.180920196975,1834.5539098928145,0.1237604636188023,0.02284747313706616,47561.728453289456,5618.804831371589,49242242.85863902,5817335.935413385,2200430.901762459,639065.1255842103,6212.0,0.0,low=0.900;mid=0.900;high=0.900,low=35087.4;mid=70713;high=64716.9|low=38386.2;mid=70737.7;high=60602.5|low=40182.6;mid=79732.2;high=80794.3|low=42149.3;mid=82790.6;high=71345.2|low=48994.1;mid=88724.4;high=82079.1,5418649.958449468
high_ramp,10.0,Physics-Aligned MoE,global,applicable,5,,71674992.8998112,9251520.854832534,11538.150820961235,1489.2982702563638,0.08406310367031553,0.018044490119425195,57176.20734798639,7264.154692444816,59196433.34094858,7520821.491577865,1247855.9558862592,339386.8845517465,6212.0,0.0,all=0.900,all=48781.1|all=54790.6|all=55501.4|all=58182.4|all=68625.5,5847090.981997058
high_ramp,10.0,Boundary-forced router,global,applicable,5,,72145883.88304992,9696043.040380822,11613.954263208294,1560.8568963909884,0.09520283322601417,0.019186411640286328,54522.44016428754,6036.592072507583,56448899.71675904,6249884.992402851,1569698.4166290879,488592.58837641205,6212.0,0.0,all=0.900,all=48466|all=48823.1|all=54577.2|all=58355.7|all=62390.2,6317981.965235785
high_ramp,10.0,Graph WaveNet,gate-bin,not_applicable,5,,,0.0,,0.0,,0.0,,0.0,,0.0,,0.0,0.0,0.0,,,
high_ramp,10.0,PatchTST,gate-bin,not_applicable,5,,,0.0,,0.0,,0.0,,0.0,,0.0,,0.0,0.0,0.0,,,
high_ramp,20.0,Graph WaveNet,physical-bin,applicable,5,,76398183.20803788,7218973.5520270085,12298.484096593349,1162.1013444988741,0.06542176432710882,0.0062767264340365695,55331.38400968185,4639.939298388202,57286426.24469061,4803883.820264587,955587.8481673647,163457.06387352714,6212.0,0.0,low=0.950;mid=0.950;high=0.950,low=43796;mid=76150.4;high=70997.1|low=46140;mid=78574.9;high=76106.9|low=50642.4;mid=87889.1;high=83026|low=50784.2;mid=81818.5;high=77381.9|low=56087.6;mid=86756.5;high=80500.1,0.0
high_ramp,20.0,Graph WaveNet,global,applicable,5,,76863832.98923643,6406545.993368063,12373.44381668326,1031.3177709864879,0.044462330972311656,0.005589695926850217,65144.62977550116,4124.680905305035,67446406.69423553,4270419.630625817,470871.31475004426,130389.42568450994,6212.0,0.0,all=0.950,all=58984.7|all=63269.9|all=65983.9|all=68711.9|all=68772.7,465649.7811985463
high_ramp,20.0,Physics-Aligned MoE,gate-bin,applicable,5,,79040077.7963002,9256778.93820278,12723.772987170027,1490.1447099489344,0.07585318737926593,0.0095842535760216,55428.37238881233,9085.573341577485,57386841.54655038,9406596.932979891,1082661.8124874919,299672.3152547306,6212.0,0.0,low=0.950;mid=0.950;high=0.950,low=31772;mid=73466.4;high=93487|low=32692.1;mid=67893.4;high=90506.1|low=40316.4;mid=65994.8;high=82369.4|low=40504.2;mid=77377.4;high=81664.3|low=54066.5;mid=87895.4;high=101881,2641894.5882623196
high_ramp,20.0,PatchTST,global,applicable,5,,79946914.98454885,3572091.517406829,12869.754504917717,575.0308302329094,0.032646490663232455,0.012423242413133952,71772.24750770564,4524.767527728733,74308200.2529779,4684642.647041815,281935.7365785473,144585.92076889754,6212.0,0.0,all=0.950,all=66716.7|all=69400|all=71207.5|all=72731.3|all=78805.7,3548731.776510969
high_ramp,20.0,PatchTST,physical-bin,applicable,5,,80145483.25973876,5452736.07785288,12901.71977780727,877.7746422815327,0.06159047005795235,0.012108555831498715,58851.110542033624,2263.835902355931,60930516.44785215,2343824.7709058397,960748.3405943301,291743.6540919656,6212.0,0.0,low=0.950;mid=0.950;high=0.950,low=50270.1;mid=91317.7;high=83150.2|low=50482.2;mid=89622.8;high=82384.8|low=51831.2;mid=86410.9;high=81828.5|low=53900.3;mid=81470.2;high=76205.5|low=54254;mid=106075;high=89414.5,3747300.051700875
high_ramp,20.0,Boundary-forced router,gate-bin,applicable,5,,80386824.5116786,14251399.906182256,12940.570591062236,2294.1725541182,0.07669027688345138,0.02940729752794141,54764.765176964844,7874.071826680558,56699786.879884265,8152289.031223272,1184351.881589717,791315.1495071526,6212.0,0.0,low=0.950;mid=0.950;high=0.950,low=30223.2;mid=73701.1;high=76018.8|low=31042.5;mid=68064.6;high=79392|low=33902.5;mid=76571.4;high=94033.8|low=35135.6;mid=82524.3;high=85433.3|low=45756.9;mid=84975.4;high=99129.2,3988641.303640723
high_ramp,20.0,Physics-Aligned MoE,physical-bin,applicable,5,,81654873.70165345,10728729.701314509,13144.699565623543,1727.0975050409704,0.05766258853831295,0.017930677250810757,62693.53037869929,7568.2962260920385,64908701.785413325,7835709.359413953,837308.5958120064,272631.7877703406,6212.0,0.0,low=0.950;mid=0.950;high=0.950,low=47484.2;mid=79676.5;high=84262.9|low=52725.4;mid=92795.9;high=89092.1|low=55341.2;mid=81418.8;high=88541.3|low=59412.8;mid=85668.2;high=82954.6|low=67587.9;mid=106165;high=101207,5256690.493615568
high_ramp,20.0,Boundary-forced router,physical-bin,applicable,5,,82581633.61479197,12680922.280600047,13293.888218736636,2041.3590277849405,0.06738570508692851,0.019861999010397,59857.23245886415,6871.30812234991,61972188.00574402,7114094.342672942,1030472.2804523979,385503.21528878453,6212.0,0.0,low=0.950;mid=0.950;high=0.950,low=45463.6;mid=85163.5;high=81429.7|low=48903.8;mid=80880.6;high=76470.5|low=50726.3;mid=90780.2;high=95315.5|low=57362.7;mid=93157.2;high=89115.9|low=62712.3;mid=99226.8;high=97516.8,6183450.406754091
high_ramp,20.0,Physics-Aligned MoE,global,applicable,5,,83302406.5105811,8889840.474287644,13409.917339114796,1431.0754144056095,0.028428847392144234,0.01002252719987091,75202.07859807891,7718.219396198917,77859218.70854434,7990929.814864606,272159.39010183816,69235.80010192015,6212.0,0.0,all=0.950,all=67825.7|all=70965.1|all=73946.3|all=75251.5|all=88021.7,6904223.302543223
high_ramp,20.0,Boundary-forced router,global,applicable,5,,83480631.99674618,10367194.403392214,13438.607855239246,1668.8980044095645,0.033032839665164196,0.009628763359353889,74038.34261169258,8256.441169293532,76654364.05063903,8548168.757275235,341313.3973053568,147373.64064357633,6212.0,0.0,all=0.950,all=65559.2|all=65740.2|all=76295.7|all=78026.5|all=84570.2,7082448.788708299
high_ramp,20.0,Graph WaveNet,gate-bin,not_applicable,5,,,0.0,,0.0,,0.0,,0.0,,0.0,,0.0,0.0,0.0,,,
high_ramp,20.0,PatchTST,gate-bin,not_applicable,5,,,0.0,,0.0,,0.0,,0.0,,0.0,,0.0,0.0,0.0,,,
high_ramp,50.0,Graph WaveNet,global,applicable,5,,84959826.31086,5787893.683272981,13676.726708122986,931.7278949248198,0.015325177076625885,0.005721430297728129,77492.37837886317,4777.989986534364,80230442.41491632,4946812.299391911,94587.67791887338,34344.102784509094,6212.0,0.0,all=0.975,all=70858.7|all=75359.3|all=77087.9|all=81557.6|all=82598.4,0.0
high_ramp,50.0,PatchTST,global,applicable,5,,89741469.88675882,5735592.112967898,14446.469717765427,923.3084534719737,0.0076625885383129425,0.004479434417708129,84435.19882458518,6412.006300845458,87418575.84972052,6638563.856808669,46457.880740765846,31580.960165304572,6212.0,0.0,all=0.975,all=77688.9|all=82777.1|all=82856.2|all=83775.9|all=95077.8,4781643.575898826
high_ramp,50.0,Graph WaveNet,physical-bin,applicable,5,,91415750.02016914,10767648.668141507,14715.99324213927,1733.3626317033982,0.03892466194462331,0.003753601979320637,64400.963418625506,4758.202543679177,66676464.1260836,4926325.700222506,494785.71788171085,136964.14290094047,6212.0,0.0,low=0.975;mid=0.975;high=0.975,low=52187;mid=85987.6;high=81430.7|low=53778.1;mid=93647.3;high=87869.1|low=60161.2;mid=90667.5;high=85451.6|low=60330;mid=102624;high=93374.4|low=64265.9;mid=94752.8;high=90858.3,6455923.709309146
high_ramp,50.0,PatchTST,physical-bin,applicable,5,,92637867.8432226,9333671.013322277,14912.728242630812,1502.5227001484675,0.03535093367675467,0.009887162333968174,69698.56098763921,2941.327060574309,72161243.47586912,3045253.950047933,409532.4873470696,196517.4594698931,6212.0,0.0,low=0.975;mid=0.975;high=0.975,low=60530.4;mid=99931.3;high=91847.3|low=62339;mid=92058;high=91899.8|low=63737.4;mid=86048.1;high=86919.9|low=64525.8;mid=100826;high=92188.3|low=66852.2;mid=109792;high=102483,7678041.53236261
high_ramp,50.0,Boundary-forced router,global,applicable,5,,93313811.35367909,9808807.087153584,15021.540784558772,1579.0095117761725,0.011461687057308436,0.007311165033099671,86895.45123717826,8246.748809987468,89965757.18089189,8538133.934607027,66961.08345574414,48697.47610281327,6212.0,0.0,all=0.975,all=76757.2|all=80112.7|all=88980.8|all=92210|all=96416.6,8353985.042819098
high_ramp,50.0,Physics-Aligned MoE,global,applicable,5,,93890860.39190726,8197448.399173403,15114.433417885908,1319.6150030865113,0.008564069542820348,0.003250415712259596,87644.53866727662,8092.108919933621,90741312.36685371,8378030.1017712755,62990.96050107074,25237.669705136435,6212.0,0.0,all=0.975,all=100860|all=80195.7|all=83348|all=84433.1|all=89386.4,8931034.081047267
high_ramp,50.0,Physics-Aligned MoE,physical-bin,applicable,5,,95219712.50168213,13064664.75898146,15328.350370521914,2103.1334125855533,0.033032839665164196,0.011850485482690047,71607.97421554344,8095.271469760938,74138122.63782597,8381304.395025825,421631.79727712355,163831.6313355376,6212.0,0.0,low=0.975;mid=0.975;high=0.975,low=54956.1;mid=88370.5;high=94584.9|low=61590.8;mid=93039.6;high=99623.8|low=63022.6;mid=105210;high=98497|low=70154.1;mid=90704.6;high=91109.8|low=76538.3;mid=113859;high=114570,10259886.19082214
high_ramp,50.0,Physics-Aligned MoE,gate-bin,applicable,5,,95277124.83940893,13507766.137145063,15337.592536929966,2174.4633189222577,0.048551191242755955,0.015996379978606264,63795.23963393386,9719.151293640778,66049338.10099952,10062561.306016082,584555.7347681881,292057.74105777126,6212.0,0.0,low=0.975;mid=0.975;high=0.975,low=39983.2;mid=84292.2;high=104785|low=40145.8;mid=75269.7;high=101153|low=46927.1;mid=76193.4;high=92831.3|low=46997.9;mid=84254.9;high=90781.9|low=63267;mid=98317.4;high=113947,10317298.528548941
high_ramp,50.0,Boundary-forced router,physical-bin,applicable,5,,98150249.71052523,18508747.433015466,15800.104589588733,2979.5150407301135,0.04053444945267225,0.012734833525187061,69347.09684724043,7210.068831443269,71797360.93584292,7464824.596820928,527057.7754936462,277794.3251952263,6212.0,0.0,low=0.975;mid=0.975;high=0.975,low=55582.9;mid=96944.8;high=90032.2|low=57675.8;mid=99532.5;high=107518|low=59173.1;mid=86925.8;high=86051.4|low=67027.6;mid=98739.2;high=99643.7|low=73583.5;mid=107093;high=110356,13190423.399665236
high_ramp,50.0,Boundary-forced router,gate-bin,applicable,5,,100310918.89317851,27110470.366163466,16147.92641551489,4364.209653278086,0.050998068254990335,0.029228927343353348,63306.586680540044,8397.397776381917,65543419.40991912,8694105.83114741,695349.9896651877,611285.3897870488,6212.0,0.0,low=0.975;mid=0.975;high=0.975,low=37821.9;mid=86219.1;high=86522.2|low=39789.3;mid=73858.9;high=87774.8|low=40344.9;mid=89036.3;high=105994|low=41269.6;mid=93157.2;high=96286.2|low=54017;mid=94026.8;high=110223,15351092.582318515
high_ramp,50.0,Graph WaveNet,gate-bin,not_applicable,5,,,0.0,,0.0,,0.0,,0.0,,0.0,,0.0,0.0,0.0,,,
high_ramp,50.0,PatchTST,gate-bin,not_applicable,5,,,0.0,,0.0,,0.0,,0.0,,0.0,,0.0,0.0,0.0,,,
late_period,2.0,Graph WaveNet,physical-bin,applicable,5,,94494946.34055454,16441039.50919965,2096.533243267539,364.77279706247003,0.7102413915512957,0.018072989534745253,73.52663579194055,164.41055578764815,552332.0880690574,1235052.095076813,46971307.126242734,7672274.949158195,45072.0,0.0,low=0.500;mid=0.500;high=0.500,low=0;mid=0;high=0|low=397.018;mid=0;high=0,0.0
late_period,2.0,Graph WaveNet,global,applicable,5,,94838074.8279082,17131717.220658123,2104.146140129308,380.0966724498165,0.7221157259495918,0.04196898457991402,0.0,0.0,0.0,0.0,47419037.413954094,8565858.61032907,45072.0,0.0,all=0.500,all=0,343128.4873536676
late_period,2.0,Physics-Aligned MoE,gate-bin,applicable,5,,97571055.8059448,10181662.350075692,2164.782033323234,225.89772697186044,0.556553958111466,0.016187058487158762,1162.4266693011937,274.52875149809535,8732149.139790567,2062259.9812536917,44419453.33307712,4717732.392958963,45072.0,0.0,low=0.500;mid=0.500;high=0.500,low=1230.55;mid=0;high=0|low=1250.77;mid=0;high=0|low=1569.68;mid=0;high=0|low=1779.22;mid=0;high=0|low=2131.82;mid=0;high=0,3076109.465390265
late_period,2.0,Physics-Aligned MoE,physical-bin,applicable,5,,100126282.94666472,9234432.17912877,2221.4741512838286,204.88179311166064,0.6741347177848775,0.04870917553748346,333.20428744027663,514.9121075700525,2503030.607251358,3868019.7520662346,48811626.169706665,2706371.0040280987,45072.0,0.0,low=0.500;mid=0.500;high=0.500,low=0;mid=0;high=0|low=1283.91;mid=0;high=0|low=30.5976;mid=0;high=0|low=484.685;mid=0;high=0,5631336.606110185
late_period,2.0,Physics-Aligned MoE,global,applicable,5,,101158545.24270979,10813796.47893597,2244.376669389195,239.9227120814689,0.7221955981540645,0.019026505386326876,0.0,0.0,0.0,0.0,50579272.62135489,5406898.239467986,45072.0,0.0,all=0.500,all=0,6663598.90215525
late_period,2.0,Boundary-forced router,gate-bin,applicable,5,,102101748.98810449,12480740.518364394,2265.3032700591166,276.90673851536195,0.6154242101526446,0.04160671051591934,748.5031799650998,584.2867696258622,5622755.887897829,4389162.213429477,48239496.55010333,5016294.735889469,45072.0,0.0,low=0.500;mid=0.500;high=0.500,low=1363.1;mid=0;high=0|low=188.576;mid=0;high=0|low=2199.68;mid=0;high=0|low=505.709;mid=0;high=0|low=827.476;mid=0;high=0,7606802.647549957
late_period,2.0,Boundary-forced router,physical-bin,applicable,5,,104055795.69708952,13079673.320298817,2308.6571640284324,290.1950949658062,0.6894568690095847,0.035147588006119244,201.88213157808215,276.6262083862977,1516538.5724145533,2078016.0773978687,51269628.56233747,5821426.238566005,45072.0,0.0,low=0.500;mid=0.500;high=0.500,low=0;mid=0;high=0|low=529.486;mid=0;high=0|low=560.608;mid=0;high=0,9560849.356534988
late_period,2.0,Boundary-forced router,global,applicable,5,,104782299.5847641,13829486.725865629,2324.7759048802823,306.8309976452261,0.7257232871849485,0.037173116593422345,0.0,0.0,0.0,0.0,52391149.79238204,6914743.362932812,45072.0,0.0,all=0.500,all=0,10287353.244209558
late_period,2.0,PatchTST,physical-bin,applicable,5,,108207190.08696699,13545303.246171875,2400.7630033494634,300.5258973680306,0.7026712815051473,0.040137810653655695,353.17465414881104,400.7869959691814,2653048.0019658683,3010711.913720491,52777071.04250056,5349049.428304161,45072.0,0.0,low=0.500;mid=0.500;high=0.500,low=0;mid=0;high=0|low=1008.08;mid=0;high=0|low=170.314;mid=0;high=0|low=652.414;mid=0;high=0|low=76.2125;mid=0;high=0,13712243.746412456
late_period,2.0,PatchTST,global,applicable,5,,109594452.70445538,15011797.011808293,2431.5418154165645,333.0625890088812,0.7480342563010295,0.046183455836684977,0.0,0.0,0.0,0.0,54797226.35222769,7505898.505904141,45072.0,0.0,all=0.500,all=0,15099506.36390084
late_period,2.0,Graph WaveNet,gate-bin,not_applicable,5,,,0.0,,0.0,,0.0,,0.0,,0.0,,0.0,0.0,0.0,,,
late_period,2.0,PatchTST,gate-bin,not_applicable,5,,,0.0,,0.0,,0.0,,0.0,,0.0,,0.0,0.0,0.0,,,
late_period,5.0,Graph WaveNet,global,applicable,5,,166928626.25864834,23227095.095104862,3703.5992691393412,515.3331357628875,0.26452786652467164,0.007055733877605905,8151.06229007721,1763.925130437719,61230779.92306,13250605.579848146,21139569.267117668,2180346.1622083355,45072.0,0.0,all=0.800,all=10976.9|all=6840.08|all=7021.39|all=7124.35|all=8792.63,0.0
late_period,5.0,Graph WaveNet,physical-bin,applicable,5,,167017538.26003805,23769201.10908152,3705.5719351268644,527.3606919835267,0.2648739794107206,0.01389673354342737,8114.146543132076,1744.1309911573385,60953468.832008146,13101912.005573925,21212813.88560598,2583611.8128896444,45072.0,0.0,low=0.800;mid=0.800;high=0.800,low=11162.4;mid=10976.9;high=10394.6|low=6914.36;mid=6840.08;high=6617.19|low=7054.99;mid=7124.35;high=7446.54|low=7595.17;mid=7021.39;high=3629.33|low=7903.42;mid=8792.63;high=11737.8,88912.0013897121
late_period,5.0,Physics-Aligned MoE,physical-bin,applicable,5,,176859399.2827545,16195252.735279052,3923.930584015675,359.3195938782183,0.22582534611288602,0.03862506116752671,10587.528843213633,2086.8086082496825,79533516.67022079,15676106.265171614,19465176.52250674,1187093.0353373154,45072.0,0.0,low=0.800;mid=0.800;high=0.800,low=10109.6;mid=9645.76;high=8026.78|low=12084.5;mid=14214.3;high=20010.9|low=13163.5;mid=12609.1;high=9027.14|low=8011.11;mid=8452.31;high=10272.3|low=9544.58;mid=8721.76;high=5904.62,9930773.024106175
late_period,5.0,Physics-Aligned MoE,gate-bin,applicable,5,,177112544.2002978,16060154.135103477,3929.547040297698,356.32219859565765,0.2531283280085197,0.02402062499496991,9754.251130824108,1390.5045010707954,73273934.4947507,10445469.812043814,20767721.941109423,1361535.842746856,45072.0,0.0,low=0.800;mid=0.800;high=0.800,low=8377.56;mid=10634.6;high=7411.79|low=8424.64;mid=8162.23;high=8836.5|low=8507.7;mid=11790.8;high=8384.38|low=8626.07;mid=17423.7;high=18267.5|low=9602.5;mid=17697;high=9190.56,10183917.941649467
late_period,5.0,Physics-Aligned MoE,global,applicable,5,,178001360.8920268,17105022.48427306,3949.2669704478785,379.50440371567834,0.226104898828541,0.050175129182144576,10728.662287720741,2552.8569430846965,80593711.10535821,19177061.356452245,19481529.95733372,1303302.2344306214,45072.0,0.0,all=0.800,all=12609.1|all=14214.3|all=8452.31|all=8721.76|all=9645.76,11072734.633378476
late_period,5.0,Boundary-forced router,global,applicable,5,,183290039.6373581,19599498.760379296,4066.6054232640686,434.8486590428491,0.2421725239616613,0.04566570304372251,10161.901050796518,2003.251485253197,76336200.69358341,15048425.157222012,21390767.788754936,1020487.626357877,45072.0,0.0,all=0.800,all=11535.4|all=12615.6|all=7420.9|all=9473.65|all=9763.99,16361413.378709763
late_period,5.0,Boundary-forced router,physical-bin,applicable,5,,183902084.8710916,17025982.25823583,4080.184701612789,377.75076007800476,0.25600816471423504,0.04372828545528172,9704.55630677192,2260.4063591178324,72900626.97647066,16980172.569693156,22200291.578924194,1531945.7274832376,45072.0,0.0,low=0.800;mid=0.800;high=0.800,low=10996.7;mid=12615.6;high=17384.1|low=12981.1;mid=11535.4;high=3012.07|low=6027.19;mid=7420.9;high=12456.1|low=8868.02;mid=9473.65;high=11345.6|low=9008.29;mid=9763.99;high=12350.4,16973458.61244327
late_period,5.0,Boundary-forced router,gate-bin,applicable,5,,184232244.26824266,15818707.786260234,4087.5098568566436,350.9652952223163,0.28680333688320914,0.01690806220067209,8859.18988088451,2116.077554383764,66550234.38520445,15895974.588530837,23536401.97660764,2803684.380206293,45072.0,0.0,low=0.800;mid=0.800;high=0.800,low=11513.9;mid=14632.9;high=6211.58|low=5404.66;mid=6452.01;high=12613.2|low=6263.73;mid=12259.7;high=12703.5|low=6654.17;mid=14384.7;high=16610.7|low=9497.24;mid=11396;high=7547.68,17303618.00959432
late_period,5.0,PatchTST,physical-bin,applicable,5,,184248128.303092,16313569.624506913,4087.8622715453503,361.9446579807179,0.26811324103656375,0.027030061613484146,9719.45651067543,1913.1556214331117,73012557.30819383,14371625.028205536,22247114.198979627,2000179.1651972819,45072.0,0.0,low=0.800;mid=0.800;high=0.800,low=10608.3;mid=9431.01;high=3615.73|low=10702.9;mid=9884.66;high=6598.4|low=11774.9;mid=12441.7;high=14558.4|low=6957.11;mid=6492.68;high=4181.52|low=9403.81;mid=9341.61;high=9011.98,17319502.044443667
late_period,5.0,PatchTST,global,applicable,5,,185491905.81686234,15253939.813719809,4115.457619294958,338.43494439385455,0.27788871139510113,0.026922960430344856,9518.34065675736,2113.880637594145,71501775.01356128,15879471.349607212,22798026.16066022,1935915.3275273326,45072.0,0.0,all=0.800,all=12441.7|all=6492.68|all=9341.61|all=9431.01|all=9884.66,18563279.55821401
late_period,5.0,Graph WaveNet,gate-bin,not_applicable,5,,,0.0,,0.0,,0.0,,0.0,,0.0,,0.0,0.0,0.0,,,
late_period,5.0,PatchTST,gate-bin,not_applicable,5,,,0.0,,0.0,,0.0,,0.0,,0.0,,0.0,0.0,0.0,,,
late_period,10.0,Graph WaveNet,physical-bin,applicable,5,,226317625.86063156,31935037.66528092,5021.246580152458,708.5338495136873,0.10867057152999644,0.00968857658518922,16864.80643753104,2109.073602385475,126688425.95873316,15843360.901119685,9962919.990189845,1796722.4061608848,45072.0,0.0,low=0.900;mid=0.900;high=0.900,low=14308.6;mid=16821.1;high=28988.6|low=14449;mid=16451.2;high=24577.5|low=14928.8;mid=17463.5;high=31370|low=15917.9;mid=19198;high=33586.3|low=19512.3;mid=21596.1;high=30951.7,0.0
late_period,10.0,Graph WaveNet,global,applicable,5,,227785396.66821298,31514198.43535764,5053.811605169796,699.1968058962913,0.0831070287539936,0.007958115135844055,18305.9625457085,2119.846700117229,137514390.64336222,15924288.411280617,9027100.602485076,1684849.5698028405,45072.0,0.0,all=0.900,all=16451.2|all=16821.1|all=17463.5|all=19198|all=21596.1,1467770.8075814247
late_period,10.0,Physics-Aligned MoE,gate-bin,applicable,5,,237429398.10057455,23336510.255897872,5267.780398042565,517.7606996782453,0.1373269435569755,0.023952284589355985,17376.653298082372,1753.441696744218,130533419.57519476,13171854.025942562,10689597.852537975,1090350.2821697046,45072.0,0.0,low=0.900;mid=0.900;high=0.900,low=13303;mid=19638.4;high=32863.7|low=13367.5;mid=21307.8;high=25090.6|low=13980.7;mid=22333.1;high=29033.5|low=14587.8;mid=30312.2;high=36346|low=14757.3;mid=27735.4;high=34859.5,11111772.239942998
late_period,10.0,Physics-Aligned MoE,physical-bin,applicable,5,,242109116.66945457,28842716.836928066,5371.60801982283,639.9253824309563,0.09184859779907703,0.0170046682385452,20176.320283092995,2942.9623788111967,151564517.96659458,22107533.3896297,9054459.870285999,853933.0182094986,45072.0,0.0,low=0.900;mid=0.900;high=0.900,low=15949.8;mid=19108.7;high=35866.3|low=17276.9;mid=18530.1;high=25271|low=18022.5;mid=20044.8;high=30325.4|low=21840.2;mid=24174.9;high=36443.2|low=22351.1;mid=27007;high=41048.3,15791490.80882302
late_period,10.0,Boundary-forced router,gate-bin,applicable,5,,243501972.16502547,25418328.98684087,5402.51091952932,563.949436165266,0.15970003549875753,0.0128317927434024,16081.103845770445,2264.7594233794703,120801252.08942759,17012872.788426578,12270072.007559791,2582745.776040439,45072.0,0.0,low=0.900;mid=0.900;high=0.900,low=10330;mid=17658.3;high=33593.7|low=10834.3;mid=22346.6;high=32538.2|low=12770.8;mid=25032;high=32873.7|low=15152.8;mid=22429.4;high=18928.3|low=16801.5;mid=25562.5;high=26263,17184346.304393917
late_period,10.0,PatchTST,global,applicable,5,,244273523.5140962,17033146.4854053,5419.6291159499515,377.90971080505193,0.09968051118210862,0.012738622770181212,19230.76640735694,2078.224752324662,144461517.25206533,15611624.339462852,9981200.626203086,1232764.8239926752,45072.0,0.0,all=0.900,all=16397|all=18717.1|all=18753.4|all=20295|all=21991.4,17955897.653464645
late_period,10.0,PatchTST,physical-bin,applicable,5,,245333465.17045388,17268955.792884454,5443.1457483682525,383.14154670048947,0.12109513667021654,0.020785952503582714,18130.148356014783,2076.9151515327094,136193674.45038304,15601786.618313717,10913979.072007086,1250827.4058642606,45072.0,0.0,low=0.900;mid=0.900;high=0.900,low=14319.3;mid=16397;high=25596|low=16359.7;mid=18753.4;high=28480.7|low=17630.4;mid=18717.1;high=24550.8|low=19219.9;mid=20295;high=25435.2|low=19391.6;mid=21991.4;high=33252.4,19015839.30982232
late_period,10.0,Boundary-forced router,physical-bin,applicable,5,,247281986.9652856,32494804.539914303,5486.377062595084,720.9532423658657,0.1143237486687966,0.022631389974681563,18614.561494935624,2579.4432833037176,139832585.94995642,19376777.944177523,10744940.101532921,2054382.0388273755,45072.0,0.0,low=0.900;mid=0.900;high=0.900,low=13715.9;mid=18310.1;high=35426|low=16416.6;mid=18619.3;high=25982.9|low=17029.6;mid=20453.8;high=33185.6|low=19785.7;mid=24165.3;high=37019.6|low=20825.2;mid=21884.6;high=27762.6,20964361.104654044
late_period,10.0,Physics-Aligned MoE,global,applicable,5,,247324957.1492272,34268229.99635472,5487.330430183421,760.2997425531311,0.07367323393681222,0.013212204068970324,21773.109569807053,3666.253432039373,163559599.0883906,27540895.781479772,8376535.806083659,835807.1978848426,45072.0,0.0,all=0.900,all=18530.1|all=19108.7|all=20044.8|all=24174.9|all=27007,21007331.288595647
late_period,10.0,Boundary-forced router,global,applicable,5,,250021702.40761632,36813371.51853374,5547.162371485986,816.7680936841881,0.08668796592119275,0.019058339924698096,20686.607619858387,2424.4611288849674,155397796.4403762,18212552.000183865,9462390.596724015,2009963.6777606895,45072.0,0.0,all=0.900,all=18310.1|all=18619.3|all=20453.8|all=21884.6|all=24165.3,23704076.546984762
late_period,10.0,Graph WaveNet,gate-bin,not_applicable,5,,,0.0,,0.0,,0.0,,0.0,,0.0,,0.0,0.0,0.0,,,
late_period,10.0,PatchTST,gate-bin,not_applicable,5,,,0.0,,0.0,,0.0,,0.0,,0.0,,0.0,0.0,0.0,,,
late_period,20.0,Physics-Aligned MoE,gate-bin,applicable,5,,294477695.4692849,35804892.97448358,6533.495195892903,794.3932591072858,0.07560347887823926,0.016722274919875768,24288.05350726359,2600.488966285775,182451857.94656405,19534873.11473875,5601291.87613604,972093.5373173498,45072.0,0.0,low=0.950;mid=0.950;high=0.950,low=17500.1;mid=29811.4;high=53694.6|low=17601.6;mid=29855.1;high=47248.3|low=18178.9;mid=31081.9;high=51378.3|low=18618.2;mid=37200.5;high=55364|low=20460.7;mid=42467.5;high=64608,0.0
late_period,20.0,Graph WaveNet,physical-bin,applicable,5,,298261069.84814966,41395699.67639976,6617.4358770001245,918.4349413471725,0.04465743698970536,0.007334405283569478,25802.36389660504,2782.560304048851,193827357.59129706,20902593.00401496,5221685.612842628,1158556.9072133105,45072.0,0.0,low=0.950;mid=0.950;high=0.950,low=22136.4;mid=30185.1;high=48279.3|low=22175.6;mid=28373.6;high=49643.1|low=22318.5;mid=30849.6;high=53470.3|low=23230.2;mid=32329.4;high=52771.4|low=28806.4;mid=34901;high=54266.8,3783374.378864765
late_period,20.0,Boundary-forced router,gate-bin,applicable,5,,300177050.3657938,38611131.030191466,6659.945206908809,856.6544868253345,0.08939474618388357,0.012017172051994344,22706.709166053,2611.5271156802705,170572799.2553901,19617791.69299019,6480212.555520184,1554546.464368836,45072.0,0.0,low=0.950;mid=0.950;high=0.950,low=14003.1;mid=27384.5;high=57170|low=14445.1;mid=33055.4;high=56227.4|low=19218.1;mid=32752.5;high=31349.2|low=19599.1;mid=35642.7;high=58699.5|low=20633.1;mid=33617.1;high=44347.6,5699354.896508932
late_period,20.0,PatchTST,physical-bin,applicable,5,,315319609.38607204,23327591.23890189,6995.908976439299,517.5628159145788,0.05335019524316649,0.006398371783816275,26622.479241185414,2431.043775945104,199988064.05978483,18262000.844899613,5766577.266314363,785282.1584740429,45072.0,0.0,low=0.950;mid=0.950;high=0.950,low=20727.4;mid=27537.3;high=49771.4|low=23714;mid=30286.7;high=50320.3|low=25317.4;mid=30215.1;high=50947.2|low=26280.7;mid=32916.9;high=57895.6|low=27307.2;mid=31446;high=46353.7,20841913.916787148
late_period,20.0,Physics-Aligned MoE,physical-bin,applicable,5,,316176564.1391641,46010619.46954354,7014.921994567894,1020.824890609326,0.040339900603478876,0.004199255777249076,29606.841578419564,4343.889750451928,222406593.93708777,32631299.805394888,4688498.510103817,801496.7006272519,45072.0,0.0,low=0.950;mid=0.950;high=0.950,low=22913.7;mid=33764.1;high=55064.3|low=24632.8;mid=30337.8;high=49036.5|low=26099.5;mid=32396.9;high=53966.6|low=30546.4;mid=38748.5;high=56977.9|low=32975.2;mid=42986.1;high=68938.2,21698868.669879198
late_period,20.0,Graph WaveNet,global,applicable,5,,319592313.2696659,36852359.52872051,7090.706275951054,817.6331098846406,0.03194000709975151,0.005164852878431774,31327.73293176693,2451.1336248820226,235333929.78343314,18412915.79011375,4212919.174311638,1086877.0175043885,45072.0,0.0,all=0.950,all=28373.6|all=30185.1|all=30849.6|all=32329.4|all=34901,25114617.800381005
late_period,20.0,Boundary-forced router,physical-bin,applicable,5,,320009813.96736985,55453333.65785505,7099.969248477323,1230.3277790613915,0.049946751863684774,0.008652529167736714,27434.474497608382,3184.940127488536,206087772.42603412,23925270.23769387,5696102.077066787,1779390.0039845984,45072.0,0.0,low=0.950;mid=0.950;high=0.950,low=21387.4;mid=33439.4;high=60667|low=22305.7;mid=27253.9;high=45244|low=26040.2;mid=34978.3;high=57541.7|low=27917.6;mid=32788.4;high=45280.4|low=28814.5;mid=37871.5;high=62392.2,25532118.498084962
late_period,20.0,PatchTST,global,applicable,5,,326729802.8620054,20328260.798716016,7249.063783768314,451.01750085898175,0.038285410010649626,0.004248210081226207,30480.39501360771,1977.2886486042917,228968727.34222117,14853392.32831544,4888053.775989214,901930.364476158,45072.0,0.0,all=0.950,all=27537.3|all=30215.1|all=30286.7|all=31446|all=32916.9,32252107.39272052
late_period,20.0,Boundary-forced router,global,applicable,5,,341464611.2436626,56126122.462944426,7575.980902637171,1245.254758230041,0.033790379836705714,0.005660006663620287,33266.30403406648,3890.5499720058774,249896475.9039074,29225811.389708158,4578406.766987759,1547777.680369712,45072.0,0.0,all=0.950,all=27253.9|all=32788.4|all=33439.4|all=34978.3|all=37871.5,46986915.7743777
late_period,20.0,Physics-Aligned MoE,global,applicable,5,,342777716.2453691,49387335.65942298,7605.114400190121,1095.743158932885,0.02886492722754704,0.0031916895324877173,35646.67453876848,5142.4136829884865,267777819.1352288,38629811.586609505,3749994.8555070153,672088.7363447425,45072.0,0.0,all=0.950,all=30337.8|all=32396.9|all=33764.1|all=38748.5|all=42986.1,48300020.776084185
late_period,20.0,Graph WaveNet,gate-bin,not_applicable,5,,,0.0,,0.0,,0.0,,0.0,,0.0,,0.0,0.0,0.0,,,
late_period,20.0,PatchTST,gate-bin,not_applicable,5,,,0.0,,0.0,,0.0,,0.0,,0.0,,0.0,0.0,0.0,,,
late_period,50.0,Physics-Aligned MoE,gate-bin,applicable,5,,384714398.51916236,59588702.9174722,8535.551972824866,1322.0780732488508,0.04207933972310969,0.010612986180238263,31098.312028730656,4037.8068640487254,233610519.95982465,30332005.16273401,3022077.571186754,766870.0398130802,45072.0,0.0,low=0.975;mid=0.975;high=0.975,low=20525.7;mid=39641.4;high=80321.8|low=21212.8;mid=38649.7;high=70845.7|low=22174.6;mid=46225.7;high=78012.1|low=22417.6;mid=38329.6;high=74033.4|low=26120.9;mid=57145.4;high=96622.9,0.0
late_period,50.0,Boundary-forced router,gate-bin,applicable,5,,387715281.9298622,63217486.423647344,8602.131743207805,1402.5888894135455,0.05086971955981541,0.010369099975638167,29323.466896419133,4033.6773938063698,220277883.32590055,30300984.582273446,3348747.972079233,941618.0704851727,45072.0,0.0,low=0.975;mid=0.975;high=0.975,low=17096.9;mid=38616.7;high=82731.9|low=17586.9;mid=41517;high=80223.1|low=22588.6;mid=45548.6;high=49675.3|low=23491.5;mid=40586.7;high=65239.3|low=27327.2;mid=47357.9;high=87429.9,3000883.4106998444
late_period,50.0,Graph WaveNet,physical-bin,applicable,5,,415469492.3914674,61306368.185490325,9217.906735699935,1360.1874375552525,0.02505324813631523,0.0041007463556307355,34750.159952478316,2896.1654502980045,261043201.56301707,21755994.86263859,3088525.8165690075,874386.4581872084,45072.0,0.0,low=0.975;mid=0.975;high=0.975,low=29933.6;mid=43968.6;high=72138.1|low=29961.3;mid=46038.5;high=73365.5|low=30701;mid=43494.6;high=68960.8|low=30762.6;mid=47390.9;high=75957|low=36690;mid=49696.9;high=79777.5,30755093.872305036
late_period,50.0,Graph WaveNet,global,applicable,5,,428050425.09979904,43874695.62726202,9497.03641062742,973.4357389790116,0.015526269080582179,0.003978525577752883,46117.930331639014,2546.4278697459417,346437892.6512722,19128766.15753151,1632250.6489705343,525646.3654245482,45072.0,0.0,all=0.975,all=43494.6|all=43968.6|all=46038.5|all=47390.9|all=49696.9,43336026.58063668
late_period,50.0,Physics-Aligned MoE,physical-bin,applicable,5,,428314965.9119686,66230063.59975423,9502.905704472147,1469.4281061358322,0.021312566560170394,0.0016407378272469465,39688.29602073221,5508.720221851719,298138479.70774037,41381506.30655011,2603529.7240845654,548371.5037866113,45072.0,0.0,low=0.975;mid=0.975;high=0.975,low=31668.2;mid=50380.7;high=80712.2|low=32579.6;mid=45333.7;high=74586.6|low=33402.2;mid=46865.3;high=76757.2|low=40106;mid=53458;high=80383.3|low=43630.5;mid=64068.3;high=99374.4,43600567.39280623
late_period,50.0,PatchTST,physical-bin,applicable,5,,435375576.1898931,37151922.92886642,9659.557512200327,824.2794402038165,0.029051295704650336,0.004340315168979744,35187.7871758258,2277.8715136015912,264330657.26480335,17111370.810175143,3420898.378501794,687900.6278821067,45072.0,0.0,low=0.975;mid=0.975;high=0.975,low=28497.9;mid=45038.8;high=76164.1|low=30869.7;mid=44660.6;high=73369.5|low=32140.1;mid=51246.1;high=80078.9|low=33026.3;mid=46751.6;high=75371.6|low=35578.5;mid=45516.9;high=68955.5,50661177.67073077
late_period,50.0,PatchTST,global,applicable,5,,439395350.2184965,27425883.88797859,9748.743126963447,608.4905015969689,0.0159389421370252,0.00328927435290949,46642.77223093507,2691.2653979891898,350380504.99878424,20216785.669694807,1780296.9043942466,510062.56084279023,45072.0,0.0,all=0.975,all=44660.6|all=45038.8|all=45516.9|all=46751.6|all=51246.1,54680951.699334145
late_period,50.0,Boundary-forced router,physical-bin,applicable,5,,442598806.34610665,93709388.25005513,9819.817322197963,2079.104283148188,0.025958466453674122,0.004840622426937355,36769.12246590141,4333.145060332882,276209647.9638514,32550585.693220623,3327783.167645105,1333734.7281878844,45072.0,0.0,low=0.975;mid=0.975;high=0.975,low=27627.1;mid=40520.9;high=66183.9|low=30549.4;mid=52411.9;high=86610|low=35430.3;mid=44172.4;high=67777.9|low=35596.3;mid=51493.4;high=82921.1|low=37871.5;mid=56108;high=90171,57884407.82694429
late_period,50.0,Boundary-forced router,global,applicable,5,,456317895.1146436,68615088.60654038,10124.198950892871,1522.3439964177403,0.015912318068867587,0.00435152297238901,48941.330023036906,6394.646263452378,367647271.13305324,48036582.731054254,1773412.4796318065,681646.6287357158,45072.0,0.0,all=0.975,all=40520.9|all=44172.4|all=51493.4|all=52411.9|all=56108,71603496.59548122
late_period,50.0,Physics-Aligned MoE,global,applicable,5,,457268009.5712062,62835863.43276473,10145.278877600422,1394.1219256470704,0.012251508697195598,0.0011901889908401005,52021.21156011102,7436.3076648444785,390783341.239554,55861543.17831173,1329693.3666330432,207945.63645072212,45072.0,0.0,all=0.975,all=45333.7|all=46865.3|all=50380.7|all=53458|all=64068.3,72553611.05204386
late_period,50.0,Graph WaveNet,gate-bin,not_applicable,5,,,0.0,,0.0,,0.0,,0.0,,0.0,,0.0,0.0,0.0,,,
late_period,50.0,PatchTST,gate-bin,not_applicable,5,,,0.0,,0.0,,0.0,,0.0,,0.0,,0.0,0.0,0.0,,,
low_ramp,2.0,Graph WaveNet,physical-bin,applicable,5,,3724272.693235091,591286.7493361916,665.7620116616181,105.70016970614795,0.32974615659635326,0.01143007069212011,1200.444517220601,160.39111385703328,1119214.438222007,149537.98181937402,1302529.1275065423,221834.82749848205,5594.0,0.0,low=0.500;mid=0.500;high=0.500,low=1106.92;mid=1021.86;high=0|low=1141.83;mid=1068.69;high=0|low=1157.82;mid=1077.4;high=0|low=1268.58;mid=1188.08;high=0|low=1512.91;mid=1427.64;high=0,0.0
low_ramp,2.0,Graph WaveNet,global,applicable,5,,3728041.3120868793,596347.6648937667,666.4357011238611,106.60487395312238,0.3456203074722918,0.010003221304838513,1156.7334175348283,163.2564881950674,1078461.1229483048,152209.46582720111,1324790.0945692873,223226.77293354413,5594.0,0.0,all=0.500,all=1021.86|all=1068.69|all=1077.4|all=1188.08|all=1427.64,3768.618851788342
low_ramp,2.0,Physics-Aligned MoE,physical-bin,applicable,5,,3941703.5905094547,460893.9334090883,704.630602522248,82.39076392725927,0.3211297819091884,0.012439513165559189,1291.5541374815077,205.39983253094096,1204158.9741785922,191501.11052968065,1368772.3081654315,139518.85980007195,5594.0,0.0,low=0.500;mid=0.500;high=0.500,low=1029.81;mid=974.714;high=0|low=1264.25;mid=1189.8;high=0|low=1362.58;mid=1287.28;high=0|low=1387.16;mid=1288.76;high=0|low=1613.92;mid=1504.47;high=0,217430.8972743638
low_ramp,2.0,Physics-Aligned MoE,global,applicable,5,,3947997.660880448,462408.91447081364,705.7557491741953,82.66158642667386,0.33528780836610655,0.012228353439907911,1249.0045645713806,191.7349279742451,1164488.589035384,178760.86451465453,1391754.5359225322,146945.0396274023,5594.0,0.0,all=0.500,all=1189.8|all=1287.28|all=1288.76|all=1504.47|all=974.714,223724.9676453569
low_ramp,2.0,Physics-Aligned MoE,gate-bin,applicable,5,,3951899.049654243,465034.46792960155,706.453172980737,83.1309381354311,0.33814801573114045,0.012320127420929097,1238.6077404575037,183.83871257971526,1154795.2833532128,171398.95969515448,1398551.8831505154,152290.99725655312,5594.0,0.0,low=0.500;mid=0.500;high=0.500,low=1173.57;mid=942.926;high=945.821|low=1594.86;mid=1050.71;high=1035.82|low=1636.61;mid=1011.33;high=1361.48|low=1692.76;mid=1410.16;high=1459.82|low=1778.72;mid=1368.46;high=941.444,227626.3564191521
low_ramp,2.0,Boundary-forced router,physical-bin,applicable,5,,4134188.2487829514,921234.5097690534,739.0397298503667,164.68260811030632,0.3322845906328209,0.01829348724400138,1298.53443851358,266.90756243414756,1210666.9415074943,248846.8173761035,1461760.6536377287,340125.95456917555,5594.0,0.0,low=0.500;mid=0.500;high=0.500,low=1074.41;mid=1013.14;high=0|low=1157.36;mid=1083.72;high=0|low=1195.9;mid=1111.59;high=0|low=1575.94;mid=1469.7;high=0|low=1690.09;mid=1612.71;high=0,409915.55554786045
low_ramp,2.0,Boundary-forced router,global,applicable,5,,4134445.9845768088,928626.1062467104,739.0858034638557,166.00395177810344,0.3457990704326064,0.01814272320952404,1258.1741722226143,265.70563610579444,1173037.7199022174,247726.221395969,1480704.1323372957,346013.9440952089,5594.0,0.0,all=0.500,all=1013.14|all=1083.72|all=1111.59|all=1469.7|all=1612.71,410173.2913417178
low_ramp,2.0,Boundary-forced router,gate-bin,applicable,5,,4144167.5075620143,922754.6058051179,740.8236516914576,164.9543449776757,0.34769395781194135,0.02407035128998956,1271.6784335833736,253.4434342048991,1185628.1929108987,236293.76182370094,1479269.657325558,351181.4411216121,5594.0,0.0,low=0.500;mid=0.500;high=0.500,low=1346.93;mid=1039.2;high=1109.36|low=1349.46;mid=753.632;high=1105.47|low=1459.5;mid=1050.94;high=866.751|low=1665.08;mid=1376.73;high=1785.5|low=2034.05;mid=1148.66;high=1391.44,419894.81432692334
low_ramp,2.0,PatchTST,physical-bin,applicable,5,,4239187.875101721,487580.6549500466,757.809773883039,87.16136127101298,0.3394708616374687,0.015726061194484844,1337.6717254949292,185.30413950452487,1247155.9387364392,172765.22606471868,1496015.9681826408,165897.3782646815,5594.0,0.0,low=0.500;mid=0.500;high=0.500,low=1180.93;mid=1102.78;high=0|low=1232.42;mid=1123.68;high=0|low=1319.76;mid=1239.71;high=0|low=1578.71;mid=1499.03;high=0|low=1583.63;mid=1494.28;high=0,514915.18186663
low_ramp,2.0,PatchTST,global,applicable,5,,4248088.365265539,490378.52667071996,759.4008518529743,87.66151710238111,0.35380765105470147,0.014615662259045837,1291.8971109077333,194.0674410716407,1204478.7397363102,180935.54422579298,1521804.8127646141,164339.948932951,5594.0,0.0,all=0.500,all=1102.78|all=1123.68|all=1239.71|all=1494.28|all=1499.03,523815.672030448
low_ramp,2.0,Graph WaveNet,gate-bin,not_applicable,5,,,0.0,,0.0,,0.0,,0.0,,0.0,,0.0,0.0,0.0,,,
low_ramp,2.0,PatchTST,gate-bin,not_applicable,5,,,0.0,,0.0,,0.0,,0.0,,0.0,,0.0,0.0,0.0,,,
low_ramp,5.0,Graph WaveNet,physical-bin,applicable,5,,7499111.310166066,1113533.929141058,1340.5633375341554,199.05862158402897,0.14508401859134787,0.008398625565391138,4094.853085287182,504.61287507303797,3817768.026516082,470467.4038597623,736268.6567299964,130594.08707190758,5594.0,0.0,low=0.800;mid=0.800;high=0.500,low=3798.82;mid=3706.13;high=0|low=3893.07;mid=3768.14;high=0|low=3897.21;mid=3792.98;high=0|low=4523;mid=4416.19;high=0|low=4996.09;mid=4874.44;high=0,0.0
low_ramp,5.0,Graph WaveNet,global,applicable,5,,7541519.151064387,1127663.6879024208,1348.144288713691,201.58449908874158,0.1467286378262424,0.00829410049897571,4111.573898081781,514.437153894964,3833357.3976449133,479626.9064814046,741632.3506838947,131321.4165015546,5594.0,0.0,all=0.800,all=3706.13|all=3768.14|all=3792.98|all=4416.19|all=4874.44,42407.84089832101
low_ramp,5.0,Physics-Aligned MoE,physical-bin,applicable,5,,7967452.653255048,859456.7778436319,1424.2854224624684,153.6390378697948,0.14376117268501967,0.008010894629686151,4354.213021545008,728.809058304375,4059577.9404204623,679492.9786924457,781574.942566917,64757.44766417647,5594.0,0.0,low=0.800;mid=0.800;high=0.500,low=3321.3;mid=3249.15;high=0|low=4401.01;mid=4276.07;high=0|low=4419.31;mid=4312.02;high=0|low=5109.3;mid=4962.05;high=0|low=5194.23;mid=4995.72;high=0,468341.3430889826
low_ramp,5.0,Physics-Aligned MoE,gate-bin,applicable,5,,8006369.669814738,862878.32641715,1431.2423435492922,154.25068402165718,0.1436539149088309,0.008189607079937544,4450.437656057382,744.2010149302243,4149291.374664165,693843.4129199457,771415.6590301149,72985.8482902015,5594.0,0.0,low=0.800;mid=0.800;high=0.800,low=3050.46;mid=3433.06;high=3242.09|low=4031.65;mid=4867.16;high=5707.3|low=5424.19;mid=3252.84;high=4762.82|low=5582.94;mid=2912.15;high=4591.74|low=5583.78;mid=5172.94;high=4427.25,507258.35964867286
low_ramp,5.0,Physics-Aligned MoE,global,applicable,5,,8028613.937762248,890089.5712143986,1435.2187947376203,159.11504669545917,0.14522702895959955,0.00798712426570209,4359.001237114075,708.8609060825293,4064042.1534026884,660894.6514376112,792914.356871912,71541.68234952107,5594.0,0.0,all=0.800,all=3249.15|all=4276.07|all=4312.02|all=4962.05|all=4995.72,529502.6275961827
low_ramp,5.0,Boundary-forced router,gate-bin,applicable,5,,8072861.570063658,1627966.824344555,1443.1286324747332,291.02016881382826,0.15366464068644975,0.01563567990556269,4264.257994553848,799.8353653392512,3975709.8702557036,745713.1722846287,819430.3399615907,178344.6750948109,5594.0,0.0,low=0.800;mid=0.800;high=0.800,low=3467.39;mid=3216.62;high=4659.24|low=3754.22;mid=2972.64;high=4067.8|low=4013.69;mid=1995.79;high=4155.07|low=4060.03;mid=3699.14;high=6560.66|low=7224.14;mid=2821.04;high=5810.45,573750.2598975925
low_ramp,5.0,Boundary-forced router,physical-bin,applicable,5,,8331869.8690037625,1693743.3737013068,1489.4297227393213,302.7785794961221,0.15148373257061137,0.009025847905485366,4315.979677474586,898.0443798022035,4023931.719298806,837276.7101022545,861587.6299409913,174386.73067589014,5594.0,0.0,low=0.800;mid=0.800;high=0.500,low=3556.31;mid=3491.22;high=0|low=3794.19;mid=3720.24;high=0|low=3999.24;mid=3884.39;high=0|low=5438.66;mid=5249.94;high=0|low=5459.66;mid=5359.73;high=0,832758.5588376969
low_ramp,5.0,Boundary-forced router,global,applicable,5,,8342647.44816217,1725930.6442482877,1491.3563546947032,308.5324712635481,0.15062567036110117,0.009935908425624508,4341.105983223917,891.6190117309254,4047357.8116924316,831286.1252704659,859057.9272939477,184033.93676146606,5594.0,0.0,all=0.800,all=3491.22|all=3720.24|all=3884.39|all=5249.94|all=5359.73,843536.1379961045
low_ramp,5.0,PatchTST,physical-bin,applicable,5,,8447720.308757942,904687.0495551563,1510.1394903035296,161.7245351367816,0.15434393993564535,0.008798152847242304,4471.142007536729,587.2869886841096,4168594.7316934094,547547.2357831516,855825.1154129065,77752.14238369293,5594.0,0.0,low=0.800;mid=0.800;high=0.500,low=3986.62;mid=3865.11;high=0|low=4264.73;mid=4122.45;high=0|low=4370.66;mid=4281.91;high=0|low=4917.8;mid=4795.13;high=0|low=5508.08;mid=5339.24;high=0,948608.9985918766
low_ramp,5.0,PatchTST,global,applicable,5,,8518297.372393971,888438.4281600685,1522.7560551294196,158.81988347516423,0.15584554880228815,0.008186484850666632,4480.765421857837,587.9559570135865,4177566.9616454565,548170.9372556673,868146.0821497033,75093.41158581967,5594.0,0.0,all=0.800,all=3865.11|all=4122.45|all=4281.91|all=4795.13|all=5339.24,1019186.0622279057
low_ramp,5.0,Graph WaveNet,gate-bin,not_applicable,5,,,0.0,,0.0,,0.0,,0.0,,0.0,,0.0,0.0,0.0,,,
low_ramp,5.0,PatchTST,gate-bin,not_applicable,5,,,0.0,,0.0,,0.0,,0.0,,0.0,,0.0,0.0,0.0,,,
low_ramp,10.0,Graph WaveNet,physical-bin,applicable,5,,10841748.16830101,1570165.3730594423,1938.1029975511278,280.6874102716199,0.0822309617447265,0.00648616466089622,7352.453811551137,852.1000209432012,6854937.770302842,794441.252859378,398681.03979981673,82717.77970952222,5594.0,0.0,low=0.900;mid=0.900;high=0.500|low=0.900;mid=0.900;high=0.900,low=6809.18;mid=6714.94;high=0|low=6971.19;mid=6948.24;high=1019.4|low=7155;mid=7059.16;high=0|low=7882.47;mid=7868.84;high=4317.82|low=8675.81;mid=8667.98;high=7803.29,0.0
low_ramp,10.0,Graph WaveNet,global,applicable,5,,10882988.113022625,1548161.6715441127,1945.4751721527755,276.7539634508604,0.08169467286378262,0.0066875029924954865,7451.833873834616,806.8001808860433,6947593.115038472,752206.7019794208,393539.49979841535,83291.91464821133,5594.0,0.0,all=0.900,all=6714.94|all=6948.24|all=7059.16|all=7868.84|all=8667.98,41239.94472161494
low_ramp,10.0,Physics-Aligned MoE,physical-bin,applicable,5,,11559045.275590155,1009135.983006398,2066.3291518752512,180.39613568223058,0.0793350017876296,0.004651960438133476,8131.9764511614485,974.2712182005973,7581712.711299524,908345.5324356904,397733.25642906304,25201.43653729048,5594.0,0.0,low=0.900;mid=0.900;high=0.500|low=0.900;mid=0.900;high=0.900,low=6810.17;mid=6826.65;high=8229.93|low=7790;mid=7758.67;high=6630.77|low=8062.83;mid=7888.86;high=225.806|low=9347.54;mid=9253.94;high=0|low=9386.71;mid=9205.66;high=1758.15,717297.1072891448
low_ramp,10.0,Physics-Aligned MoE,gate-bin,applicable,5,,11620139.16436273,1205983.3797854674,2077.250476289369,215.58515906068416,0.07836968180193064,0.006460988996218646,8348.235768899805,1013.7941010856811,7783338.481870918,945194.0335788828,383680.0682491812,53394.13008548312,5594.0,0.0,low=0.900;mid=0.900;high=0.900,low=10243.9;mid=9025.61;high=9094.41|low=10924.1;mid=5672.69;high=8180.25|low=6343.23;mid=6032.23;high=7665.36|low=8094.99;mid=9768.9;high=9167.94|low=8175.18;mid=5426.39;high=9466.66,778390.99606172
low_ramp,10.0,Physics-Aligned MoE,global,applicable,5,,11647294.598539287,1108890.9510910716,2082.1048620913994,198.22862908313746,0.08047908473364318,0.0043040686344278205,8186.757036296137,1036.6934935541474,7632786.476840098,966543.9004903163,401450.8121699189,25781.91446149098,5594.0,0.0,all=0.900,all=6826.65|all=7758.67|all=7888.86|all=9205.66|all=9253.94,805546.4302382767
low_ramp,10.0,Boundary-forced router,gate-bin,applicable,5,,11665381.203084173,2073759.0983663553,2085.3380770618824,370.7113154033528,0.08316052913836253,0.008064567568035287,8024.060313897983,1445.1828707250322,7481098.899324218,1347392.163139305,418428.2303759952,78720.79752158953,5594.0,0.0,low=0.900;mid=0.900;high=0.900,low=13606.9;mid=5773.52;high=10503.6|low=6868.03;mid=7052.16;high=6875.86|low=7054.97;mid=3921;high=7731.28|low=7156.99;mid=5728.38;high=8866.02|low=7719.89;mid=8270.15;high=11122.1,823633.0347831622
low_ramp,10.0,Boundary-forced router,physical-bin,applicable,5,,11960671.190753447,2136694.459971239,2138.1249894089106,381.96182695231295,0.08920271719699677,0.009574254444598461,7789.40574768515,1401.2258002823012,7262322.625425121,1306409.5211298652,469834.85653283243,94537.86026305414,5594.0,0.0,low=0.900;mid=0.900;high=0.500|low=0.900;mid=0.900;high=0.900,low=6492.13;mid=6530.28;high=10097.7|low=6958.82;mid=6928.6;high=2369.01|low=7080.28;mid=7074.51;high=599.281|low=9359.62;mid=9357.24;high=8065.74|low=9607.77;mid=9566.86;high=0,1118923.0224524364
low_ramp,10.0,Boundary-forced router,global,applicable,5,,12004518.104324449,2205409.7842557933,2145.9631934795225,394.24558174039925,0.08809438684304612,0.00945873997350908,7891.499505501988,1449.3765544342152,7357508.03896302,1351302.0742508324,464701.0065361428,94069.25549753,5594.0,0.0,all=0.900,all=6530.28|all=6928.6|all=7074.51|all=9357.24|all=9566.86,1162769.9360234383
low_ramp,10.0,PatchTST,physical-bin,applicable,5,,12071131.170668926,1134619.2984835827,2157.871142414896,202.82790462702596,0.08909545942080802,0.005387560933209051,8142.698382709079,834.4957560788505,7591709.125479099,778028.2099175152,447942.2045189828,53082.396429285254,5594.0,0.0,low=0.900;mid=0.900;high=0.900,low=7356.65;mid=7351.71;high=4956.03|low=7620.61;mid=7632.8;high=9820.67|low=8020.17;mid=7905.61;high=363.145|low=8734.63;mid=8623.15;high=3286.79|low=9505.39;mid=9494.07;high=5364.55,1229383.0023679156
low_ramp,10.0,PatchTST,global,applicable,5,,12134875.456484962,1135592.8753404547,2169.2662596505115,203.00194410805418,0.08895244905255631,0.004963047034003291,8201.46743265629,863.3714815281644,7646501.469713216,804950.011278092,448837.3986771746,49616.54120823585,5594.0,0.0,all=0.900,all=7351.71|all=7632.8|all=7905.61|all=8623.15|all=9494.07,1293127.2881839518
low_ramp,10.0,Graph WaveNet,gate-bin,not_applicable,5,,,0.0,,0.0,,0.0,,0.0,,0.0,,0.0,0.0,0.0,,,
low_ramp,10.0,PatchTST,gate-bin,not_applicable,5,,,0.0,,0.0,,0.0,,0.0,,0.0,,0.0,0.0,0.0,,,
low_ramp,20.0,Graph WaveNet,physical-bin,applicable,5,,14364573.59258354,2050393.2228976886,2567.85369906749,366.534362334231,0.03403646764390418,0.0034119850813971904,12048.698353543037,1831.0338614114899,11233403.098286623,1707133.9034559792,156558.52471484581,34343.22190241925,5594.0,0.0,low=0.950;mid=0.950;high=0.950,low=10643.5;mid=10534.9;high=5183.78|low=10732.9;mid=10674.3;high=7586.78|low=11247.4;mid=11190.5;high=7065.9|low=13465.6;mid=13530.4;high=15154.6|low=14378.3;mid=14431.8;high=18008.5,0.0
low_ramp,20.0,Graph WaveNet,global,applicable,5,,14365871.578645129,2015252.3412280222,2568.085730898307,360.25247429889555,0.03375044690740079,0.003314112936892733,12072.386969751125,1788.0437937559088,11255488.784797965,1667052.8303784258,155519.13969235806,33565.786632733136,5594.0,0.0,all=0.950,all=10534.9|all=10674.3|all=11190.5|all=13530.4|all=14431.8,1297.9860615879297
low_ramp,20.0,Boundary-forced router,gate-bin,applicable,5,,15035838.257849315,2546874.2354197116,2687.8509577850045,455.28677787266923,0.03378619949946371,0.0046219819355909535,12939.764640441124,2585.40883707086,12064173.899771273,2410462.839095732,148583.21790390197,42675.43913211438,5594.0,0.0,low=0.950;mid=0.950;high=0.950,low=10547.6;mid=5791.57;high=12711.3|low=11134.8;mid=8495.52;high=14044.4|low=13685.4;mid=8982.06;high=12265.7|low=16401;mid=11864.2;high=18093.5|low=21044.6;mid=9101.83;high=17202.6,671264.6652657744
low_ramp,20.0,Physics-Aligned MoE,gate-bin,applicable,5,,15129100.660455983,1299161.7372060714,2704.5228209610264,232.24199807044533,0.030461208437611725,0.009160271797575595,13527.363003819473,1939.6205641664847,12612011.440561023,1808372.9059912197,125854.46099474808,33984.06902485444,5594.0,0.0,low=0.950;mid=0.950;high=0.950,low=10152.8;mid=10497.1;high=13430.1|low=13596.7;mid=8024.21;high=14366.7|low=15339.7;mid=12371.2;high=15958.4|low=16479.6;mid=9011.24;high=11892.4|low=18497.4;mid=12858;high=17629.6,764527.0678724423
low_ramp,20.0,Physics-Aligned MoE,global,applicable,5,,15253718.897431219,1389238.8171276157,2726.7999459119083,248.3444435337175,0.03403646764390418,0.004455825912516329,13224.150184707945,1930.1997245997868,12329316.022209372,1799589.5432352007,146220.1437610922,24383.805515435597,5594.0,0.0,all=0.950,all=11237.7|all=12150.5|all=12304.6|all=14493.1|all=15934.9,889145.3048476782
low_ramp,20.0,Physics-Aligned MoE,physical-bin,applicable,5,,15269442.232529575,1309676.2181038146,2729.61069584011,234.12159780189748,0.0345012513407222,0.004947569718662155,13217.42622131277,1867.583290463506,12323047.047003936,1741210.1544754757,147319.75927628198,25193.08503426229,5594.0,0.0,low=0.950;mid=0.950;high=0.950,low=11012.6;mid=11237.7;high=26210.3|low=11994.6;mid=12150.5;high=14952.9|low=12367.8;mid=12304.6;high=7480.87|low=14576;mid=14493.1;high=9289.62|low=15929.6;mid=15934.9;high=14821.4,904868.6399460342
low_ramp,20.0,Boundary-forced router,global,applicable,5,,15600843.000060856,2618828.828580721,2788.8528780945394,468.1495939543655,0.03728995352163032,0.004267158360039961,13088.788924259556,3050.8293324198025,12203114.207051326,2844389.880926063,169886.43965047642,39796.03042254359,5594.0,0.0,all=0.950,all=10153.1|all=10986.2|all=11539.7|all=16165.1|all=16599.9,1236269.4074773155
low_ramp,20.0,PatchTST,global,applicable,5,,15639264.18616573,1263719.7905238466,2795.721163061446,225.9062907622178,0.038612799427958526,0.006151108521303274,13074.946800363366,1496.412502707159,12190208.733538775,1395155.2566906419,172452.7726313476,48546.91105337082,5594.0,0.0,all=0.950,all=11458.4|all=12194.3|all=12384.7|all=14592.9|all=14744.5,1274690.5935821887
low_ramp,20.0,PatchTST,physical-bin,applicable,5,,15738580.168910732,1230864.449334661,2813.4751821434993,220.0329727090921,0.03911333571683947,0.006414826074339205,13125.032364027142,1443.9474400841382,12236905.174061304,1346240.3299717782,175083.74974247155,50299.129358952174,5594.0,0.0,low=0.950;mid=0.950;high=0.950,low=11368.9;mid=11458.4;high=18449|low=12062.8;mid=12384.7;high=25169.4|low=12288;mid=12194.3;high=11302|low=14584.5;mid=14592.9;high=13935.9|low=14715.3;mid=14744.5;high=16333.2,1374006.5763271917
low_ramp,20.0,Boundary-forced router,physical-bin,applicable,5,,15761184.610941965,2519355.8340024236,2817.516019117262,450.36750697218866,0.038326778691455135,0.004081515033000275,13147.494837702125,2893.947991519043,12257847.687017614,2698124.1774262544,175166.84619621752,40817.129572802754,5594.0,0.0,low=0.950;mid=0.950;high=0.950,low=10880.1;mid=10986.2;high=14366|low=11346.9;mid=11539.7;high=25596.6|low=15982;mid=16165.1;high=19180.3|low=16357.2;mid=16599.9;high=19907.5|low=9877.58;mid=10153.1;high=28472.2,1396611.0183584243
low_ramp,20.0,Graph WaveNet,gate-bin,not_applicable,5,,,0.0,,0.0,,0.0,,0.0,,0.0,,0.0,0.0,0.0,,,
low_ramp,20.0,PatchTST,gate-bin,not_applicable,5,,,0.0,,0.0,,0.0,,0.0,,0.0,,0.0,0.0,0.0,,,
low_ramp,50.0,Physics-Aligned MoE,gate-bin,applicable,5,,18975261.07161555,1670937.9124623605,3392.0738419048166,298.70180773370754,0.009974973185555954,0.0023458169041579192,17756.197508489593,2308.298632523636,16554694.81041513,2152103.7583895363,48411.32522400834,19962.286241140417,5594.0,0.0,low=0.975;mid=0.975;high=0.975,low=11913.8;mid=14844.6;high=17441.5|low=18454.1;mid=11221.1;high=18265|low=19316.4;mid=12234;high=17500.4|low=19405.9;mid=16769;high=21305.7|low=24424.9;mid=17370.2;high=21823.9,0.0
low_ramp,50.0,Graph WaveNet,global,applicable,5,,19237929.827343572,2530363.6865011365,3439.0292862609176,452.3353032715653,0.009116910976045764,0.0024116441836310406,17054.30830484642,1702.1860134611777,15900300.109551812,1587004.7598836375,66752.59435583523,24157.37042839467,5594.0,0.0,all=0.975,all=15679.5|all=15686.7|all=16192.2|all=18313.5|all=19399.6,262668.75572802126
low_ramp,50.0,Physics-Aligned MoE,global,applicable,5,,19405180.621349562,1686236.6817773988,3468.9275333123996,301.4366610256344,0.011011798355380766,0.0016364379680151317,17910.835746954806,2142.350430871698,16698869.194744196,1997384.718382713,54126.22853210724,23046.71089086322,5594.0,0.0,all=0.975,all=15496.3|all=16756.7|all=17045.9|all=19570.8|all=20684.5,429919.5497340113
low_ramp,50.0,Graph WaveNet,physical-bin,applicable,5,,19419387.180141844,2585837.5385965123,3471.4671398179917,462.25197329219037,0.009295673936360386,0.0023342089483733637,17252.445213682946,1794.7738024191196,16085029.754223734,1673327.4417887575,66687.14851836217,24147.25594184335,5594.0,0.0,low=0.975;mid=0.975;high=0.975|low=0.975;mid=0.975;high=0.990,low=15685.9;mid=15679.5;high=18468.7|low=15787.4;mid=15686.7;high=14115.2|low=16116.3;mid=16192.2;high=27162.2|low=18140.1;mid=18313.5;high=35034|low=19225;mid=19399.6;high=33711.2,444126.1085262932
low_ramp,50.0,Boundary-forced router,gate-bin,applicable,5,,19567103.304057874,2747329.6879260554,3497.8733114154224,491.1207879739105,0.011476582052198783,0.00193526901719333,17331.443612548224,2776.436233856414,16158682.594765794,2588564.048698796,68168.41418584154,30285.16874315186,5594.0,0.0,low=0.975;mid=0.975;high=0.975,low=13611.2;mid=9276.42;high=18370.1|low=15267.3;mid=11629.5;high=18568.1|low=19975.2;mid=13301.1;high=15948.1|low=23577.6;mid=17811.8;high=21201.3|low=24458.7;mid=12756.1;high=21744.7,591842.2324423231
low_ramp,50.0,Physics-Aligned MoE,physical-bin,applicable,5,,19625170.515685737,1746646.8872545483,3508.253578063236,312.2357681899442,0.011476582052198784,0.0022590716009187163,18067.51702944021,2208.9761463633045,16844948.377114754,2059502.0937927207,55604.442771419686,24105.53057728453,5594.0,0.0,low=0.975;mid=0.975;high=0.975|low=0.975;mid=0.975;high=0.990,low=14941.8;mid=15496.3;high=38626.2|low=16426.8;mid=16756.7;high=29410.6|low=16932.7;mid=17045.9;high=24967.4|low=19450.5;mid=19570.8;high=26528.9|low=20594.8;mid=20684.5;high=35107.6,649909.4440701865
low_ramp,50.0,PatchTST,global,applicable,5,,19939591.982520044,1544923.2919625633,3564.4604902610017,276.1750611302401,0.012191633893457277,0.0032112714682646154,17623.298221383084,1656.8455303325454,16430788.375069493,1544732.3161133763,70176.07214901102,29560.878110096768,5594.0,0.0,all=0.975,all=15455.8|all=16882.3|all=17212.8|all=19113.7|all=19451.8,964330.9109044932
low_ramp,50.0,Boundary-forced router,global,applicable,5,,20060896.333612133,2994430.856713589,3586.145215161267,535.2933244035734,0.0123703968537719,0.005153832564116521,17759.546234295492,3171.918035854407,16557816.93910816,2957284.9154282585,70061.58789007939,30521.037834199946,5594.0,0.0,all=0.975,all=15092.8|all=15508.8|all=15790.4|all=20715.3|all=21690.5,1085635.2619965822
low_ramp,50.0,PatchTST,physical-bin,applicable,5,,20183838.799723532,1515921.1890804754,3608.122774351722,270.9905593636888,0.01308544869503039,0.0038701251990130377,17732.064896881126,1594.2827360433366,16532195.172192171,1486402.937571071,73032.87255062726,31395.801550937922,5594.0,0.0,low=0.975;mid=0.975;high=0.975|low=0.975;mid=0.975;high=0.990,low=15118.9;mid=15455.8;high=30250.2|low=16381.9;mid=16882.3;high=37003.3|low=17124.6;mid=17212.8;high=29769.8|low=18977.4;mid=19113.7;high=23540.7|low=19274.3;mid=19451.8;high=25688.8,1208577.7281079814
low_ramp,50.0,Boundary-forced router,physical-bin,applicable,5,,20430278.375009388,2913148.617401474,3652.1770423684998,520.763070683138,0.013335716839470862,0.006444894377364578,17924.836797453132,3182.0297960239664,16711922.840825465,2966712.4464930114,74367.11068367843,33771.143076136315,5594.0,0.0,low=0.975;mid=0.975;high=0.975,low=14298.9;mid=15092.8;high=41112.8|low=14975.3;mid=15508.8;high=39904|low=15630.5;mid=15790.4;high=29751.6|low=20582.8;mid=20715.3;high=30927.6|low=21535.8;mid=21690.5;high=31929.9,1455017.303393837
low_ramp,50.0,Graph WaveNet,gate-bin,not_applicable,5,,,0.0,,0.0,,0.0,,0.0,,0.0,,0.0,0.0,0.0,,,
low_ramp,50.0,PatchTST,gate-bin,not_applicable,5,,,0.0,,0.0,,0.0,,0.0,,0.0,,0.0,0.0,0.0,,,
mppt_to_pitch,2.0,PatchTST,global,applicable,5,,4901636.214157606,475595.4804224534,2490.6688080069134,241.66437013336042,0.27530487804878045,0.03134672551335799,0.0,0.0,0.0,0.0,2450818.107078803,237797.7402112267,1968.0,0.0,all=0.500,all=0,0.0
mppt_to_pitch,2.0,PatchTST,physical-bin,applicable,5,,4901636.214157606,475595.4804224534,2490.6688080069134,241.66437013336042,0.27530487804878045,0.03134672551335799,0.0,0.0,0.0,0.0,2450818.107078803,237797.7402112267,1968.0,0.0,low=0.500;mid=0.500;high=0.500,low=0;mid=0;high=0,0.0
mppt_to_pitch,2.0,Graph WaveNet,global,applicable,5,,4937827.251763401,751498.4295847205,2509.058562887906,381.85895812231735,0.2586382113821138,0.030810034956414226,0.0,0.0,0.0,0.0,2468913.6258817003,375749.2147923601,1968.0,0.0,all=0.500,all=0,36191.03760579508
mppt_to_pitch,2.0,Graph WaveNet,physical-bin,applicable,5,,4937827.251763401,751498.4295847205,2509.058562887906,381.85895812231735,0.2586382113821138,0.030810034956414226,0.0,0.0,0.0,0.0,2468913.6258817003,375749.2147923601,1968.0,0.0,low=0.500;mid=0.500;high=0.500,low=0;mid=0;high=0,36191.03760579508
mppt_to_pitch,2.0,Physics-Aligned MoE,gate-bin,applicable,5,,5447665.333374016,1418344.5320085168,2768.122628746959,720.7035223620512,0.26951219512195124,0.053060800977464996,0.0,0.0,0.0,0.0,2723832.666687008,709172.2660042585,1968.0,0.0,low=0.500;mid=0.500;high=0.500,low=0;mid=0;high=0,546029.1192164104
mppt_to_pitch,2.0,Physics-Aligned MoE,global,applicable,5,,5447665.333374016,1418344.5320085168,2768.122628746959,720.7035223620512,0.26951219512195124,0.053060800977464996,0.0,0.0,0.0,0.0,2723832.666687008,709172.2660042585,1968.0,0.0,all=0.500,all=0,546029.1192164104
mppt_to_pitch,2.0,Physics-Aligned MoE,physical-bin,applicable,5,,5447665.333374016,1418344.5320085168,2768.122628746959,720.7035223620512,0.26951219512195124,0.053060800977464996,0.0,0.0,0.0,0.0,2723832.666687008,709172.2660042585,1968.0,0.0,low=0.500;mid=0.500;high=0.500,low=0;mid=0;high=0,546029.1192164104
mppt_to_pitch,2.0,Boundary-forced router,gate-bin,applicable,5,,6137606.086808888,1606388.7111476064,3118.702279882565,816.2544263961416,0.3236788617886179,0.08660972523674983,0.0,0.0,0.0,0.0,3068803.043404444,803194.3555738032,1968.0,0.0,low=0.500;mid=0.500;high=0.500,low=0;mid=0;high=0,1235969.8726512827
mppt_to_pitch,2.0,Boundary-forced router,global,applicable,5,,6137606.086808888,1606388.7111476064,3118.702279882565,816.2544263961416,0.3236788617886179,0.08660972523674983,0.0,0.0,0.0,0.0,3068803.043404444,803194.3555738032,1968.0,0.0,all=0.500,all=0,1235969.8726512827
mppt_to_pitch,2.0,Boundary-forced router,physical-bin,applicable,5,,6137606.086808888,1606388.7111476064,3118.702279882565,816.2544263961416,0.3236788617886179,0.08660972523674983,0.0,0.0,0.0,0.0,3068803.043404444,803194.3555738032,1968.0,0.0,low=0.500;mid=0.500;high=0.500,low=0;mid=0;high=0,1235969.8726512827
mppt_to_pitch,2.0,Graph WaveNet,gate-bin,not_applicable,5,,,0.0,,0.0,,0.0,,0.0,,0.0,,0.0,0.0,0.0,,,
mppt_to_pitch,2.0,PatchTST,gate-bin,not_applicable,5,,,0.0,,0.0,,0.0,,0.0,,0.0,,0.0,0.0,0.0,,,
mppt_to_pitch,5.0,PatchTST,physical-bin,applicable,5,,11651818.748142477,955624.5152647102,5920.639607795974,485.5815626345071,0.19532520325203254,0.029270674445772697,10856.341354959595,4902.482248268133,3560879.964426747,1608014.1774319476,1618187.756743146,337015.30275265046,1968.0,0.0,low=0.800;mid=0.800;high=0.500|low=0.800;mid=0.800;high=0.800,low=10378.6;mid=8139.51;high=0|low=13440.8;mid=10242.7;high=0|low=13822.2;mid=8452.29;high=1744.11|low=21603.7;mid=18657.9;high=9572.77|low=9494.51;mid=2560.42;high=0,0.0
mppt_to_pitch,5.0,PatchTST,global,applicable,5,,11715578.068959873,964816.3064749677,5953.0376366666005,490.2521882494755,0.20680894308943093,0.029828577482599945,8616.911061897286,5095.702017004589,2826346.8283023094,1671390.261577505,1777846.2481315122,355075.1875661126,1968.0,0.0,all=0.800,all=16759.9|all=2952.48|all=6311.32|all=8266.55|all=8794.26,63759.320817396045
mppt_to_pitch,5.0,Graph WaveNet,physical-bin,applicable,5,,11834026.259150747,1492001.633845645,6013.2247251782255,758.1309115069333,0.21686991869918698,0.016237916692995246,6425.466789296678,3034.9748765911067,2107553.1068893103,995471.759521883,1945294.6304522876,174183.37612707168,1968.0,0.0,low=0.800;mid=0.800;high=0.500|low=0.800;mid=0.800;high=0.800,low=10723.4;mid=11686.5;high=3058.02|low=10732.3;mid=10574.6;high=871.682|low=2715.89;mid=6999.3;high=0|low=4577.66;mid=3184.4;high=0|low=7809.92;mid=5286.99;high=0,182207.51100827008
mppt_to_pitch,5.0,Graph WaveNet,global,applicable,5,,11960328.549530452,1511037.0183561924,6077.402718257344,767.8033629858701,0.22428861788617885,0.01114184558834613,4900.338508925443,3509.2818042930126,1607311.0309275454,1151044.431808108,2070603.5037205815,126502.47967047711,1968.0,0.0,all=0.800,all=1530.94|all=2429.15|all=3236.01|all=7993.75|all=9311.85,308509.801387975
mppt_to_pitch,5.0,Physics-Aligned MoE,physical-bin,applicable,5,,12852617.180021089,2611084.800550842,6530.801412612342,1326.7707319872163,0.20233739837398373,0.029155333341000688,11277.227061284695,4558.03725768747,3698930.47610138,1495036.2205214899,1830737.3407839418,302214.22672945715,1968.0,0.0,low=0.800;mid=0.800;high=0.500|low=0.800;mid=0.800;high=0.800,low=11991.9;mid=8246.63;high=0|low=15298.7;mid=13285.2;high=7479.81|low=15400.5;mid=7961.89;high=0|low=20172.7;mid=17617.1;high=6370.86|low=7396.16;mid=3951.54;high=0,1200798.4318786114
mppt_to_pitch,5.0,Physics-Aligned MoE,global,applicable,5,,12958211.460196506,2648645.3599715484,6584.457042782777,1345.8563820993643,0.21483739837398375,0.02708004411149608,8697.727558765422,5266.37110878366,2852854.6392750586,1727369.7236810408,2021071.3641842895,300519.2148950042,1968.0,0.0,all=0.800,all=12366.4|all=15302.6|all=2191.3|all=5326.55|all=8301.8,1306392.712054029
mppt_to_pitch,5.0,Physics-Aligned MoE,gate-bin,applicable,5,,13038996.41146425,2633772.8968348308,6625.506306638339,1338.2992361965605,0.19928861788617885,0.026688683003278146,12691.769190231777,5524.982712298944,4162900.294396023,1812194.3296340534,1775219.223413645,256218.9734484622,1968.0,0.0,low=0.800;mid=0.800;high=0.500|low=0.800;mid=0.800;high=0.800,low=13286.7;mid=6838.58;high=0|low=15779.4;mid=8482.55;high=13216.8|low=19523.2;mid=8494.67;high=0|low=30154.4;mid=11953.3;high=4258.55|low=8273.02;mid=4524.45;high=0,1387177.6633217726
mppt_to_pitch,5.0,Boundary-forced router,physical-bin,applicable,5,,13925139.831748163,2601124.0704469136,7075.782434831383,1321.7093853896915,0.23119918699186992,0.04211046616890378,11351.210217935752,3449.0364862212077,3723196.9514829265,1131283.9674805563,2040388.576053048,364938.50715107267,1968.0,0.0,low=0.800;mid=0.800;high=0.500|low=0.800;mid=0.800;high=0.800,low=12316.6;mid=12922.5;high=5125.5|low=13892.2;mid=10239.1;high=4008.38|low=14921.1;mid=11886.7;high=810.657|low=18695.4;mid=16733.9;high=3029.81|low=9501.44;mid=2770.89;high=0,2273321.083605686
mppt_to_pitch,5.0,Boundary-forced router,global,applicable,5,,14090467.23024683,2639781.067167615,7159.790259271763,1341.3521682762273,0.23810975609756097,0.04119396497883526,8845.867954387679,4325.863527222501,2901444.6890391586,1418883.23692898,2237804.5082415342,437326.6682920793,1968.0,0.0,all=0.800,all=10606.4|all=12945.2|all=1514.02|all=9348.64|all=9815.04,2438648.4821043536
mppt_to_pitch,5.0,Boundary-forced router,gate-bin,applicable,5,,14099836.081057841,2832077.0723196734,7164.550854196057,1439.0635530079642,0.23475609756097562,0.04755429779052772,11400.876963619143,2663.8284582097317,3739487.644067079,873735.7342927918,2072069.6873981524,397750.46507230576,1968.0,0.0,low=0.800;mid=0.500;high=0.500|low=0.800;mid=0.800;high=0.500|low=0.800;mid=0.800;high=0.800,low=12444.4;mid=11016;high=3981.7|low=14744.4;mid=0;high=0|low=16548.3;mid=10229.2;high=0|low=25534.8;mid=11802.1;high=2079.6|low=7646.92;mid=4517.91;high=17373.6,2448017.332915364
mppt_to_pitch,5.0,Graph WaveNet,gate-bin,not_applicable,5,,,0.0,,0.0,,0.0,,0.0,,0.0,,0.0,0.0,0.0,,,
mppt_to_pitch,5.0,PatchTST,gate-bin,not_applicable,5,,,0.0,,0.0,,0.0,,0.0,,0.0,,0.0,0.0,0.0,,,
mppt_to_pitch,10.0,PatchTST,physical-bin,applicable,5,,16895930.38139779,1161961.322432855,8585.330478352536,590.4275012362065,0.0886178861788618,0.017188772155913485,35452.51459956821,3818.5705325115855,11628424.788658371,1252491.1346638,526750.5592739419,158874.52262862664,1968.0,0.0,low=0.900;mid=0.900;high=0.900,low=36133.8;mid=29271;high=16973.6|low=37618.6;mid=36515.3;high=22604.3|low=38331.2;mid=33372;high=20819.1|low=41734.9;mid=29438.6;high=18907.8|low=44401.8;mid=43476.7;high=27997.6,0.0
mppt_to_pitch,10.0,PatchTST,global,applicable,5,,16952019.023947496,1240602.0252056802,8613.830804851368,630.3872079297155,0.10457317073170731,0.02055384608619899,30646.406721601503,4421.1648959011445,10052021.404685292,1450142.0858555755,689999.7619262201,199986.7331303693,1968.0,0.0,all=0.900,all=26676.7|all=28014.7|all=29377.4|all=31196.5|all=37966.9,56088.64254970476
mppt_to_pitch,10.0,Graph WaveNet,physical-bin,applicable,5,,17430599.185889535,1544880.4538339805,8857.011781447934,785.0002306066975,0.09806910569105691,0.009492653298917379,33033.00449533695,3296.943010832056,10834825.474470522,1081397.3075529146,659577.3711419012,121888.90737084406,1968.0,0.0,low=0.900;mid=0.900;high=0.900,low=34287;mid=25394.7;high=16779.3|low=34681.3;mid=28517.2;high=16437.5|low=36921.1;mid=32651.5;high=21854.3|low=38114.4;mid=36410.6;high=26456.9|low=41291.9;mid=34958.8;high=20933.6,534668.8044917434
mppt_to_pitch,10.0,Graph WaveNet,global,applicable,5,,17550291.18143604,1626397.37634008,8917.830884876037,826.4214310671139,0.1108739837398374,0.007767911376584543,28442.416982936877,3301.723411292223,9329112.770403294,1082965.278903849,822117.8411032744,109531.56829062884,1968.0,0.0,all=0.900,all=24247|all=26202.9|all=28415.8|all=31437.3|all=31909.1,654360.8000382483
mppt_to_pitch,10.0,Physics-Aligned MoE,physical-bin,applicable,5,,18426429.147847928,2747198.233205191,9363.022940979637,1395.9340615880033,0.09308943089430895,0.011848259906270222,37804.0844293855,8184.943363064947,12399739.692838442,2684661.423085303,602668.9455009486,118930.76976430755,1968.0,0.0,low=0.900;mid=0.900;high=0.900,low=33169;mid=27389.8;high=11186.1|low=37349.3;mid=27039.4;high=11296.7|low=46006.7;mid=36274.9;high=21595.4|low=47528;mid=42064.3;high=30230.5|low=54620.9;mid=44316.4;high=24911.4,1530498.766450137
mppt_to_pitch,10.0,Physics-Aligned MoE,global,applicable,5,,18593807.60225517,2917307.9433132634,9448.072968625593,1482.371922415276,0.11473577235772359,0.01773876218861961,31324.094939165137,7253.240238165947,10274303.140046164,2379062.79811843,831950.4462209005,185241.98810147305,1968.0,0.0,all=0.900,all=22257|all=25048.7|all=33808.1|all=37707|all=37799.7,1697877.220857378
mppt_to_pitch,10.0,Boundary-forced router,physical-bin,applicable,5,,19120183.46507428,2413715.298835311,9715.540378594655,1226.4813510342026,0.10487804878048781,0.01859922690126147,36911.00081275941,1755.178520899756,12106808.266585086,575698.5548551201,701337.5198489192,197913.73109207753,1968.0,0.0,low=0.900;mid=0.900;high=0.900,low=36459.9;mid=38422.5;high=23489.7|low=40625.8;mid=33063;high=16307.3|low=42919.8;mid=35077.3;high=25492.6|low=43956.6;mid=36471.4;high=20657.6|low=44409.2;mid=37226.8;high=15900.4,2224253.083676487
mppt_to_pitch,10.0,Physics-Aligned MoE,gate-bin,applicable,5,,19420577.181321006,3484588.794874738,9868.179462053358,1770.624387639603,0.09278455284552846,0.022640602359622786,38629.10672562859,8478.545885904901,12670347.006006176,2780963.050576808,675023.017531483,231047.41004935637,1968.0,0.0,low=0.900;mid=0.900;high=0.900,low=36276.9;mid=24965.8;high=8912.71|low=36763.5;mid=29645.4;high=9649.96|low=45260.3;mid=49292.6;high=14972.8|low=46207.6;mid=30738.3;high=36886.4|low=68264.7;mid=25243.4;high=24911.4,2524646.799923215
mppt_to_pitch,10.0,Boundary-forced router,global,applicable,5,,19624163.253046304,2941821.0184202767,9971.627669230846,1494.8277532623354,0.12713414634146342,0.02941322727493445,31191.880591278117,2099.70159063272,10230936.83393922,688702.1217275322,939322.6419107083,272988.00887905515,1968.0,0.0,all=0.900,all=27566.2|all=31540.3|all=31568.8|all=32543|all=32741.1,2728232.871648513
mppt_to_pitch,10.0,Boundary-forced router,gate-bin,applicable,5,,20341402.096419953,2997038.58087239,10336.078301026397,1522.885457760361,0.11331300813008131,0.02628314818116683,36654.69353822178,2789.7359774318616,12022739.48053674,915033.4005976509,831866.2615883208,291063.4467698517,1968.0,0.0,low=0.900;mid=0.900;high=0.900,low=31583.6;mid=22179.4;high=40584.7|low=42641.7;mid=43053.7;high=23665.2|low=45990.5;mid=32371.7;high=9632.27|low=47161;mid=32613.5;high=19279.4|low=53185.1;mid=29064.4;high=14389.1,3445471.7150221616
mppt_to_pitch,10.0,Graph WaveNet,gate-bin,not_applicable,5,,,0.0,,0.0,,0.0,,0.0,,0.0,,0.0,0.0,0.0,,,
mppt_to_pitch,10.0,PatchTST,gate-bin,not_applicable,5,,,0.0,,0.0,,0.0,,0.0,,0.0,,0.0,0.0,0.0,,,
mppt_to_pitch,20.0,Graph WaveNet,global,applicable,5,,21796021.998463638,1222656.0855658369,11075.214430113638,621.2683361615026,0.04095528455284553,0.007280637036415484,54599.59662592176,3436.6419485504384,17908667.693302333,1127218.559124543,194367.71525806517,30152.931374893386,1968.0,0.0,all=0.950,all=49552.4|all=52898.8|all=56057.5|all=56070.5|all=58418.8,0.0
mppt_to_pitch,20.0,PatchTST,global,applicable,5,,21834880.4518926,763041.2214916043,11094.95957921372,387.7241979124005,0.026930894308943087,0.008002040522369726,60012.094607030915,4617.77905849408,19683967.031106137,1514631.5311860587,107545.67103932281,49397.350540217674,1968.0,0.0,all=0.950,all=55071.3|all=58023.7|all=58998.3|all=60493.8|all=67473.4,38858.45342896134
mppt_to_pitch,20.0,Graph WaveNet,physical-bin,applicable,5,,21866569.471747834,1285349.5441999019,11111.061723449104,653.1247683942591,0.03526422764227642,0.006650489121279024,58837.855898277914,3792.63911160539,19298816.734635156,1243985.628606568,128387.63685563384,32794.88845527006,1968.0,0.0,low=0.950;mid=0.950;high=0.950,low=57811.4;mid=57145.9;high=31097.7|low=57887;mid=61381.7;high=37692.9|low=62390.6;mid=67737.6;high=40228|low=62840.5;mid=70608.2;high=44486.9|low=66414.6;mid=62238.4;high=40411.6,70547.47328419611
mppt_to_pitch,20.0,PatchTST,physical-bin,applicable,5,,22482049.33599571,1509740.1089307745,11423.80555690839,767.1443642940928,0.023170731707317073,0.012470427375457704,63888.75050572787,6682.66374971569,20955510.165878735,2191913.709906746,76326.9585058486,42662.754528839614,1968.0,0.0,low=0.950;mid=0.950;high=0.950,low=60211.1;mid=63607.8;high=33263.9|low=63245.4;mid=71980.6;high=40017.1|low=63535.2;mid=64936;high=37677.3|low=66071.2;mid=74748.1;high=40605.1|low=82002.1;mid=73703.8;high=48933.8,686027.3375320733
mppt_to_pitch,20.0,Physics-Aligned MoE,global,applicable,5,,23138473.38219192,3054162.7457942935,11757.354360869876,1551.9119643263687,0.02632113821138211,0.0035460053500747757,64246.15855684283,8527.97577656724,21072740.00664445,2797176.0547140543,103286.66877737336,28487.89249349493,1968.0,0.0,all=0.950,all=55948.7|all=57941.7|all=62833.8|all=67150.1|all=77356.5,1342451.3837282807
mppt_to_pitch,20.0,Physics-Aligned MoE,physical-bin,applicable,5,,23608189.438545264,2884111.9919073842,11996.031218772998,1465.5040609285493,0.027439024390243906,0.00482054521367131,65807.21078452052,8816.333012333898,21584765.137322728,2891757.2280455185,101171.21506112655,24073.957938137668,1968.0,0.0,low=0.950;mid=0.950;high=0.950,low=59106.4;mid=63443.9;high=29791.8|low=60142.5;mid=68474.2;high=30899.7|low=69607;mid=72826.8;high=40312.3|low=71712;mid=80784.1;high=49336.8|low=82088.8;mid=83989;high=45519.1,1812167.4400816262
mppt_to_pitch,20.0,Boundary-forced router,global,applicable,5,,23697776.851281058,2222211.364652898,12041.553278089968,1129.1724413886682,0.03384146341463414,0.005164461767183706,61943.38802617551,4110.006285221662,20317431.272585567,1348082.0615527045,169017.2789347744,49948.498719892814,1968.0,0.0,all=0.950,all=57427.4|all=57980.4|all=62565.6|all=65542.3|all=66201.3,1901754.85281742
mppt_to_pitch,20.0,Boundary-forced router,physical-bin,applicable,5,,24052768.538306553,2223930.6888825297,12221.935232879343,1130.0460817492528,0.03414634146341463,0.005297728259747303,64099.75021479309,4343.568534469485,21024718.07045213,1424690.479305992,151402.5233927209,56380.94607205108,1968.0,0.0,low=0.950;mid=0.950;high=0.950,low=58158.6;mid=70050;high=41822.5|low=62611.8;mid=67318.6;high=33490.1|low=67695.3;mid=73935;high=40396.8|low=69174.6;mid=75577.3;high=45328.9|low=70543.3;mid=82092;high=33054.4,2256746.539842915
mppt_to_pitch,20.0,Physics-Aligned MoE,gate-bin,applicable,5,,24244598.019561168,3049306.6335666664,12319.409562785146,1549.4444276253387,0.036483739837398374,0.02066971742081466,64285.44927048639,5409.990919904524,21085627.36071953,1774477.0217286837,157948.53294208186,112469.17599730803,1968.0,0.0,low=0.950;mid=0.950;high=0.950,low=60443.9;mid=69868.4;high=29205.4|low=60960.3;mid=61012.6;high=29155.9|low=65958.2;mid=78139.6;high=32258.4|low=70925;mid=69155.8;high=57163.7|low=87718.9;mid=45111.7;high=51553,2448576.0210975297
mppt_to_pitch,20.0,Boundary-forced router,gate-bin,applicable,5,,25175512.19774381,2573179.9735738975,12792.43505982917,1307.5101491737287,0.046239837398373985,0.013381294799048468,63093.38221140788,4993.224703988029,20694629.365341783,1637777.7029080722,224044.14162010147,107902.17011327231,1968.0,0.0,low=0.950;mid=0.950;high=0.950,low=55868.4;mid=47485.5;high=66137.4|low=63680.5;mid=69786.4;high=27283.6|low=67652.8;mid=76954.9;high=39657.5|low=74675.2;mid=75050.1;high=39053.4|low=80489.8;mid=59831.9;high=31534.9,3379490.1992801726
mppt_to_pitch,20.0,Graph WaveNet,gate-bin,not_applicable,5,,,0.0,,0.0,,0.0,,0.0,,0.0,,0.0,0.0,0.0,,,
mppt_to_pitch,20.0,PatchTST,gate-bin,not_applicable,5,,,0.0,,0.0,,0.0,,0.0,,0.0,,0.0,0.0,0.0,,,
mppt_to_pitch,50.0,Graph WaveNet,physical-bin,applicable,5,,25109262.819750514,1309827.1072270812,12758.771758003311,665.5625544853056,0.012398373983739839,0.0034010570184312013,72807.81275574739,4741.654600485791,23880962.583885152,1555262.7089593392,24566.004717307304,8903.55218235968,1968.0,0.0,low=0.975;mid=0.975;high=0.975,low=69045.2;mid=72422.9;high=48204|low=69997.7;mid=74164.6;high=56785.3|low=75000.4;mid=79748.5;high=55975.6|low=78606.8;mid=80579.2;high=52014.4|low=80615.4;mid=86486.4;high=56966.3,0.0
mppt_to_pitch,50.0,Graph WaveNet,global,applicable,5,,25462721.18853011,1287012.703034156,12938.37458766774,653.9698694279247,0.01524390243902439,0.0039030212133478698,72155.9796045589,5000.033758560551,23667161.310295317,1640011.0728078599,35911.19756469594,11837.346832951227,1968.0,0.0,all=0.975,all=65602.6|all=69167.6|all=72937.6|all=74398|all=78674.1,353458.36877959594
mppt_to_pitch,50.0,PatchTST,global,applicable,5,,26987342.57125045,2422675.409178616,13713.080574822383,1231.034252631411,0.005792682926829269,0.0040106884676160805,80670.80722725505,8478.235583576203,26460024.77053966,2780861.271412994,10546.35601421581,7609.5476024736345,1968.0,0.0,all=0.975,all=71627|all=76715.2|all=79520.1|all=81088.3|all=94403.5,1878079.751499936
mppt_to_pitch,50.0,PatchTST,physical-bin,applicable,5,,27369583.00413221,2901143.998680908,13907.308437059051,1474.1585359150963,0.005589430894308944,0.003984854456645865,81904.79439802727,9851.517523400249,26864772.56255294,3231297.747675281,10096.20883158545,7634.641984565512,1968.0,0.0,low=0.975;mid=0.975;high=0.975,low=71642.5;mid=85129.9;high=54118|low=78052.2;mid=83250.6;high=63454|low=79531.3;mid=93036.6;high=60479.9|low=81315.1;mid=87599.7;high=57318|low=99347.4;mid=111147;high=71477.8,2260320.1843816973
mppt_to_pitch,50.0,Physics-Aligned MoE,gate-bin,applicable,5,,27430643.2625854,2483380.9134888933,13938.334991151118,1261.880545471999,0.007520325203252033,0.003909630906843769,81093.45601049808,7325.790570716747,26598653.57144337,2402859.307195093,16639.793822840664,9004.41029120706,1968.0,0.0,low=0.975;mid=0.975;high=0.975,low=69583.1;mid=84416.2;high=79182.5|low=72663;mid=76977.2;high=68702|low=77392.5;mid=86705;high=46193.2|low=83391.1;mid=88435.2;high=88820.3|low=95863.4;mid=84980.7;high=91389.9,2321380.4428348877
mppt_to_pitch,50.0,Physics-Aligned MoE,physical-bin,applicable,5,,27636650.095331658,2875597.197764777,14043.013259822994,1461.1774378886068,0.009146341463414634,0.003681752222100975,81014.42233494477,8611.445495912956,26572730.525861885,2824554.12265945,21278.3913893954,8097.346914335775,1968.0,0.0,low=0.975;mid=0.975;high=0.975,low=69763.8;mid=81298.3;high=80719.4|low=70605.8;mid=78817.6;high=68702|low=78294;mid=87362.7;high=60640.6|low=85626;mid=97530.7;high=61056.3|low=91982.7;mid=100684;high=86443.5,2527387.275581144
mppt_to_pitch,50.0,Physics-Aligned MoE,global,applicable,5,,27642612.25134205,2917641.8054854893,14046.042810641287,1482.5415678279926,0.0070121951219512205,0.003723591658650663,82127.68035516911,8702.183215299488,26937879.156495463,2854316.0946182325,14094.66189693189,8260.594574248127,1968.0,0.0,all=0.975,all=73378.6|all=75796.7|all=79629.2|all=87343.4|all=94490.5,2533349.431591537
mppt_to_pitch,50.0,Boundary-forced router,global,applicable,5,,27941879.37096276,2363606.7667905623,14198.10943646482,1201.0196985724403,0.011890243902439025,0.00503792461705099,81114.85734107881,6459.353939951806,26605673.207873847,2118668.0923041925,26724.12326177817,14615.409083707049,1968.0,0.0,all=0.975,all=72592.9|all=76474.7|all=83314.4|all=84619.7|all=88572.5,2832616.5512122475
mppt_to_pitch,50.0,Boundary-forced router,physical-bin,applicable,5,,28316460.148233157,2739735.4647290274,14388.445197272948,1392.1420044354816,0.015142276422764226,0.0056170787013965365,80050.52260072359,6394.331407359487,26256571.413037337,2097340.7016139124,41197.77470391644,24122.383541348503,1968.0,0.0,low=0.975;mid=0.975;high=0.975,low=71475.5;mid=82055.2;high=50719.2|low=73608.8;mid=87312.9;high=61930.5|low=77963.6;mid=87724.7;high=80524.9|low=83167.9;mid=95676.8;high=64023.2|low=83607.2;mid=96296.6;high=85407.8,3207197.328482643
mppt_to_pitch,50.0,Boundary-forced router,gate-bin,applicable,5,,28484739.099314593,2416164.7329639737,14473.952794367175,1227.7259821971406,0.017886178861788615,0.010360123156971438,79240.49403501864,7802.419866799512,25990882.04348611,2559193.7163102403,49877.14111656984,37975.24085843595,1968.0,0.0,low=0.975;mid=0.975;high=0.975,low=68241.8;mid=78277.9;high=81869.9|low=71700.9;mid=85099;high=36220.9|low=75133.5;mid=92566.8;high=79359.1|low=86925.7;mid=94281;high=53599.4|low=89419.9;mid=89427.2;high=85407.8,3375476.279564079
mppt_to_pitch,50.0,Graph WaveNet,gate-bin,not_applicable,5,,,0.0,,0.0,,0.0,,0.0,,0.0,,0.0,0.0,0.0,,,
mppt_to_pitch,50.0,PatchTST,gate-bin,not_applicable,5,,,0.0,,0.0,,0.0,,0.0,,0.0,,0.0,0.0,0.0,,,
non_boundary,2.0,Graph WaveNet,global,applicable,5,,159429690.48232657,31542335.796790376,1809.8705909060905,358.0734915459407,0.5796228814040345,0.019765457776053975,768.1846244454384,473.1727772750328,11278102.563795704,6946886.129563393,74075793.95926544,12521570.52879121,88089.0,0.0,all=0.500,all=1597.1|all=407.232|all=556.513|all=623.765|all=656.311,0.0
non_boundary,2.0,Graph WaveNet,physical-bin,applicable,5,,159543399.64668614,31451120.586112004,1811.1614349883203,357.03800231711125,0.5804924564928652,0.019106859270845187,765.1110566678176,477.8974091931749,11232977.978468563,7016250.813069597,74155210.8341088,12439954.833693486,88089.0,0.0,low=0.500;mid=0.500;high=0.500,low=1604.38;mid=1597.1;high=0|low=399.326;mid=407.232;high=5781.86|low=534.155;mid=556.513;high=8104.59|low=609.081;mid=623.765;high=12657.4|low=646.131;mid=656.311;high=7054.4,113709.16435956955
non_boundary,2.0,Physics-Aligned MoE,gate-bin,applicable,5,,169882922.99665505,24817658.5421811,1928.5373088201145,281.7339116368798,0.5135260929287424,0.02698646431868928,1601.4519340193567,536.134924665839,23511716.56930518,7871264.896481515,73185603.21367493,10510048.852348628,88089.0,0.0,low=0.500;mid=0.500;high=0.500,low=1706.59;mid=2535.36;high=0|low=1746.7;mid=1248.88;high=0|low=1951.37;mid=2110.91;high=0|low=2101.79;mid=3330.76;high=1375.62|low=2276.82;mid=1475.23;high=0,10453232.51432848
non_boundary,2.0,Physics-Aligned MoE,global,applicable,5,,171762086.26811558,24146456.420474652,1949.8698619364004,274.1143209762246,0.5327430212625867,0.01667530053323392,1555.0769540064036,556.420461623969,22830862.300245013,8169087.007332301,74465611.98393528,8699305.18546938,88089.0,0.0,all=0.500,all=1045.62|all=1232.23|all=1478.38|all=1532.29|all=2486.87,12332395.785789013
non_boundary,2.0,Physics-Aligned MoE,physical-bin,applicable,5,,171921276.57377675,24143301.283017002,1951.6770149936626,274.078503366107,0.5339395384213692,0.016815566275363986,1547.2386286880749,557.142137394565,22715783.92708397,8179682.290158306,74602746.32334638,8690676.50520013,88089.0,0.0,low=0.500;mid=0.500;high=0.500,low=1033.56;mid=1045.62;high=11155.7|low=1208.77;mid=1232.23;high=15676.2|low=1460.98;mid=1478.38;high=5591.67|low=1505.68;mid=1532.29;high=12552|low=2476.38;mid=2486.87;high=9348.99,12491586.091450185
non_boundary,2.0,Boundary-forced router,gate-bin,applicable,5,,172813902.5186594,31603263.995025154,1961.8102432614676,358.7651579087644,0.5256433833963378,0.031872435372373435,1439.3014023478268,666.5733229868971,21131103.538569618,9786296.24143213,75841399.4900449,11346988.706442805,88089.0,0.0,low=0.500;mid=0.500;high=0.500,low=1212.15;mid=1393.4;high=1093.03|low=1527.12;mid=463.942;high=0|low=1733.11;mid=1550.3;high=0|low=1998.47;mid=3800.71;high=0|low=2513.87;mid=2567.25;high=0,13384212.036332846
non_boundary,2.0,Boundary-forced router,global,applicable,5,,174496386.36343962,31798034.42144468,1980.91006100012,360.9762220191476,0.5588666008241665,0.01622527210507896,1231.3592617973686,663.700081778617,18078201.002078064,9744112.750632767,78209092.68068077,11260992.100773994,88089.0,0.0,all=0.500,all=1036.97|all=1248.11|all=1577.95|all=2038.38|all=255.389,15066695.881113052
non_boundary,2.0,Boundary-forced router,physical-bin,applicable,5,,174591030.77985385,31761307.213150125,1981.9844791046992,360.55928905028,0.5594046929809624,0.016556739116198666,1231.5548892982767,661.9000429865825,18081073.107232653,9717685.48110751,78254978.8363106,11286426.769948212,88089.0,0.0,low=0.500;mid=0.500;high=0.500,low=1029.69;mid=1036.97;high=3685.28|low=1217.7;mid=1248.11;high=16242.6|low=1595.3;mid=1577.95;high=0|low=2032.84;mid=2038.38;high=3321.11|low=251.458;mid=255.389;high=11130.1,15161340.297527283
non_boundary,2.0,PatchTST,global,applicable,5,,183652156.5678253,21445531.09554733,2084.8477853968748,243.45299748603497,0.5701324796512618,0.022460663809946206,1535.0982660107315,731.9186105312435,22537545.192436554,10745663.080514451,80557305.68769436,5483932.457162849,88089.0,0.0,all=0.500,all=1319.04|all=1411.91|all=2188.87|all=2273.4|all=482.268,24222466.08549872
non_boundary,2.0,PatchTST,physical-bin,applicable,5,,183691717.57241353,21468393.363934375,2085.296888061092,243.71253350514112,0.5705842954284871,0.022453653889691987,1529.859621483119,728.9845364774555,22460634.03280441,10702586.472293764,80615541.76980455,5515155.0463311905,88089.0,0.0,low=0.500;mid=0.500;high=0.500,low=1317.26;mid=1319.04;high=1902.14|low=1405.03;mid=1411.91;high=3619.05|low=2181.44;mid=2188.87;high=3673.57|low=2257.15;mid=2273.4;high=6328.05|low=478.698;mid=482.268;high=1037.45,24262027.090086967
non_boundary,2.0,Graph WaveNet,gate-bin,not_applicable,5,,,0.0,,0.0,,0.0,,0.0,,0.0,,0.0,0.0,0.0,,,
non_boundary,2.0,PatchTST,gate-bin,not_applicable,5,,,0.0,,0.0,,0.0,,0.0,,0.0,,0.0,0.0,0.0,,,
non_boundary,5.0,Graph WaveNet,global,applicable,5,,278491998.3216728,48139462.09657939,3161.4843887621932,546.4866452857835,0.2324535413048167,0.012876460964870278,8835.235498795515,1240.0417218844348,129714509.97556634,18205672.53984633,29755497.6692213,6139781.828045813,88089.0,0.0,all=0.800,all=10875.5|all=7799.53|all=8041.41|all=8367.13|all=9092.61,0.0
non_boundary,5.0,Graph WaveNet,physical-bin,applicable,5,,280128497.49966943,48292295.085344434,3180.0621814263923,548.221629094943,0.24236851366231882,0.011783769504248887,8504.990037683232,1261.847801273255,124866011.23824635,18525818.49439329,31052497.252284616,6097732.788414976,88089.0,0.0,low=0.800;mid=0.800;high=0.800,low=10563.8;mid=10875.5;high=44372.6|low=7454.77;mid=7799.53;high=47351.8|low=7638.81;mid=8041.41;high=45430.3|low=7970.22;mid=8367.13;high=54241.5|low=8681.87;mid=9092.61;high=48651.9,1636499.1779966354
non_boundary,5.0,Boundary-forced router,gate-bin,applicable,5,,299097450.5411029,41185064.38959201,3395.400680460704,467.5392431471808,0.23409052208561792,0.012042888251271604,10232.19443485071,2129.5864115731288,150223962.59526068,31265522.90151088,29774697.58916844,5804048.500696484,88089.0,0.0,low=0.800;mid=0.800;high=0.800,low=4930.63;mid=9066.66;high=13688.7|low=6447.18;mid=7580.09;high=10285|low=7158.85;mid=8888.68;high=12775.7|low=9195.95;mid=13880.7;high=15592.2|low=9653.81;mid=11242.7;high=12317.7,20605452.21943009
non_boundary,5.0,Physics-Aligned MoE,global,applicable,5,,299450906.83246,37343101.69514669,3399.4131711389614,423.9246863416169,0.19480525377742963,0.009548382031446433,11349.891669397359,1574.5311430949782,166633434.5442573,23116478.97734892,26563494.457640532,4496778.893472913,88089.0,0.0,all=0.800,all=10051|all=10444.5|all=10805|all=11433.4|all=14015.6,20958908.51078719
non_boundary,5.0,Physics-Aligned MoE,physical-bin,applicable,5,,300178344.5664731,37479853.85984971,3407.6711571986634,425.4771181401731,0.2046634653588984,0.010421759513102763,10956.716020597121,1552.7561435169368,160861026.25639662,22796789.321043912,27863463.66201529,4594863.469517764,88089.0,0.0,low=0.800;mid=0.800;high=0.800,low=10442.8;mid=10805;high=45055|low=10953.9;mid=11433.4;high=61361.3|low=13541.8;mid=14015.6;high=53259.3|low=9613.56;mid=10051;high=51190.1|low=9987.34;mid=10444.5;high=67689.3,21686346.24480033
non_boundary,5.0,Physics-Aligned MoE,gate-bin,applicable,5,,301043030.7927493,36786618.06130414,3417.487209444418,417.6073977602667,0.21237384917526594,0.014434718219078053,11232.736507342534,1611.709987490837,164913421.03254944,23662320.18134672,27225921.952039976,4552669.572356038,88089.0,0.0,low=0.800;mid=0.800;high=0.800,low=6714.41;mid=9261.13;high=15891.3|low=7287.63;mid=10167;high=11952.4|low=8040.52;mid=9699.51;high=14922.3|low=9419.17;mid=9421.98;high=15831.6|low=9830.46;mid=12191.4;high=18888,22551032.47107649
non_boundary,5.0,Boundary-forced router,global,applicable,5,,301393866.89829236,43467544.97168865,3421.469955366644,493.4503169713432,0.22121036678813474,0.008782205120420635,10392.699023246769,2039.7421580234072,152580410.7097974,29946474.493020643,29762691.237698972,5315315.8557404885,88089.0,0.0,all=0.800,all=11180.7|all=13417.6|all=7963.89|all=9617.11|all=9784.14,22901868.576619565
non_boundary,5.0,Boundary-forced router,physical-bin,applicable,5,,302720637.528481,43450380.10764451,3436.5316614841918,493.2554587706129,0.22981984129687022,0.007442991886117969,10063.64866895814,2072.414364175747,147749457.93330893,30426151.48764623,30994235.919034414,5478282.3354111435,88089.0,0.0,low=0.800;mid=0.800;high=0.800,low=10890;mid=11180.7;high=33114.4|low=13100.9;mid=13417.6;high=37055.9|low=7554.19;mid=7963.89;high=63110.7|low=9254.17;mid=9617.11;high=54890.3|low=9296.92;mid=9784.14;high=65671.9,24228639.20680821
non_boundary,5.0,PatchTST,global,applicable,5,,307367116.62522954,24506610.124834638,3489.279213355011,278.202841726375,0.2247908365403172,0.005035410928293684,10962.733748770952,1465.1492711851097,160949375.5325807,21510589.024904184,29283548.21852977,1316174.0529722862,88089.0,0.0,all=0.800,all=10321.2|all=10909.8|all=11739.4|all=12866.6|all=8976.71,28875118.30355674
non_boundary,5.0,PatchTST,physical-bin,applicable,5,,308734219.9267917,24612202.16230851,3504.7987822178898,279.40153892436626,0.23373179398108732,0.006182774972724634,10642.823841122641,1444.0958773650482,156252618.22344205,21201493.62353495,30496320.34066993,1301183.1013198409,88089.0,0.0,low=0.800;mid=0.800;high=0.800,low=10588.2;mid=10909.8;high=40808.6|low=11362.4;mid=11739.4;high=49161.1|low=12459.4;mid=12866.6;high=57207.2|low=8633.02;mid=8976.71;high=45373.4|low=9968.52;mid=10321.2;high=46323.8,30242221.60511893
non_boundary,5.0,Graph WaveNet,gate-bin,not_applicable,5,,,0.0,,0.0,,0.0,,0.0,,0.0,,0.0,0.0,0.0,,,
non_boundary,5.0,PatchTST,gate-bin,not_applicable,5,,,0.0,,0.0,,0.0,,0.0,,0.0,,0.0,0.0,0.0,,,
non_boundary,10.0,Graph WaveNet,global,applicable,5,,366972070.77961767,65025814.27699343,4165.923904001836,738.1831361122664,0.1029572364313365,0.014072207787854996,15589.712114964123,1388.1640646241292,228880358.41584572,20380330.71477914,13809171.236377185,4612674.279308165,88089.0,0.0,all=0.900,all=14393.5|all=14471.1|all=15111.1|all=16317.6|all=17655.3,0.0
non_boundary,10.0,Graph WaveNet,physical-bin,applicable,5,,368939022.82796466,66380841.57301718,4188.25304893874,753.5656162859967,0.11482704991542644,0.012990459742832363,14809.710483123781,1444.9130307405342,217428764.45798174,21213490.660817146,15151025.83699829,4626970.770169969,88089.0,0.0,low=0.900;mid=0.900;high=0.900,low=13563.1;mid=14393.5;high=70354.5|low=13616.9;mid=14471.1;high=75317.3|low=14184.4;mid=15111.1;high=80272.4|low=15380.8;mid=16317.6;high=72732.6|low=16966.8;mid=17655.3;high=83852.3,1966952.0483469963
non_boundary,10.0,Boundary-forced router,gate-bin,applicable,5,,379777018.66726327,49856229.80472093,4311.287659835658,565.9756587623987,0.11619839026439172,0.008509405470909176,16795.811660896885,2262.658726080178,246587708.89945763,33219224.086946134,13318930.97678056,4463569.490657392,88089.0,0.0,low=0.900;mid=0.900;high=0.900,low=10955.8;mid=12770.8;high=20765.5|low=12761.6;mid=13608.7;high=22994.2|low=14985.1;mid=19565.8;high=25448.9|low=15574.3;mid=16430.7;high=20906.7|low=8820.94;mid=15795.6;high=23762.5,12804947.887645602
non_boundary,10.0,Physics-Aligned MoE,gate-bin,applicable,5,,391997558.8251072,47514594.85761927,4450.017128416797,539.3930554055474,0.10349532858813246,0.007522999681072403,17999.848888997425,2018.727061711648,264264781.4638157,29637941.356519554,12773277.736129146,2935076.7951473375,88089.0,0.0,low=0.900;mid=0.900;high=0.900,low=10465.9;mid=15683.5;high=28125.7|low=12324.3;mid=14986.4;high=21863.2|low=13152.7;mid=14696.4;high=24523.6|low=15444.8;mid=14905.1;high=25911.2|low=16471.6;mid=18276.9;high=28776.6,25025488.04548955
non_boundary,10.0,Boundary-forced router,global,applicable,5,,393487515.05396426,59495866.66688209,4466.931342777921,675.4063125575507,0.100126008922794,0.008183049718568262,17470.083492542726,2102.42195621203,256487030.79576597,30866707.950126912,13700048.42581982,4630987.28681961,88089.0,0.0,all=0.900,all=14909.2|all=16559.2|all=17345.6|all=17887.9|all=20648.6,26515444.27434659
non_boundary,10.0,Boundary-forced router,physical-bin,applicable,5,,395139914.94566536,60469242.588853665,4485.68964281199,686.4562270982036,0.11044057714357072,0.0071675380987421475,16710.842631972286,2280.266017582364,245340236.1013011,33477725.53713547,14979967.884436434,5011526.744531027,88089.0,0.0,low=0.900;mid=0.900;high=0.900,low=13875.8;mid=14909.2;high=100132|low=15756.2;mid=16559.2;high=90290.3|low=16092.3;mid=17345.6;high=114594|low=17367.6;mid=17887.9;high=51154.2|low=20099.9;mid=20648.6;high=59639.5,28167844.166047692
non_boundary,10.0,Physics-Aligned MoE,physical-bin,applicable,5,,397344189.77034163,51777368.49577297,4510.712912739861,587.7847233567527,0.09205916743293713,0.005837153027551204,17922.288900589272,1897.309424954216,263126084.49400145,27855348.322465308,13421810.527634019,3245879.094923853,88089.0,0.0,low=0.900;mid=0.900;high=0.900,low=15852.5;mid=16689.2;high=76741.1|low=17062.9;mid=17782.6;high=82939.9|low=17393.1;mid=18665.3;high=119387|low=17946.8;mid=19032.7;high=100397|low=20940.8;mid=21955.1;high=90803.5,30372118.990723968
non_boundary,10.0,PatchTST,global,applicable,5,,397951087.87439317,28034113.631618887,4517.602514211685,318.2476090274482,0.10252358410244185,0.007325489548019731,17665.24027375281,1696.4918944017743,259352225.07910186,24907045.747659635,13859886.27952913,1162406.7722488807,88089.0,0.0,all=0.900,all=15419.2|all=16711.9|all=18087.4|all=18180.8|all=19926.8,30979017.094775498
non_boundary,10.0,Physics-Aligned MoE,global,applicable,5,,397954290.47424567,51496330.99544338,4517.638870622277,584.5943420341176,0.0818104417123591,0.004517292016164231,18824.967012036443,1969.442333864482,276378753.18721306,28914367.624631386,12157553.728703264,2975967.4984214795,88089.0,0.0,all=0.900,all=16689.2|all=17782.6|all=18665.3|all=19032.7|all=21955.1,30982219.694628
non_boundary,10.0,PatchTST,physical-bin,applicable,5,,399663360.2555198,27826933.282179546,4537.040496038322,315.89566554484145,0.1122047020626866,0.0072361953451179776,16975.82511836949,1662.7692479674506,249230576.47534162,24411946.71403412,15043278.378017824,1154136.7499019976,88089.0,0.0,low=0.900;mid=0.900;high=0.900,low=14704.4;mid=15419.2;high=73771.1|low=15973.6;mid=16711.9;high=70132.2|low=17363.9;mid=18087.4;high=66445.9|low=17422.4;mid=18180.8;high=72991.8|low=19107.9;mid=19926.8;high=82769,32691289.47590214
non_boundary,10.0,Graph WaveNet,gate-bin,not_applicable,5,,,0.0,,0.0,,0.0,,0.0,,0.0,,0.0,0.0,0.0,,,
non_boundary,10.0,PatchTST,gate-bin,not_applicable,5,,,0.0,,0.0,,0.0,,0.0,,0.0,,0.0,0.0,0.0,,,
non_boundary,20.0,Boundary-forced router,gate-bin,applicable,5,,453215062.21240157,63994465.26492757,5144.9677282339635,726.4751020550528,0.05591844611699531,0.006243806108149607,22764.162780236034,1634.1021726209237,334212055.8580354,23991071.0473341,5950150.31771831,2806726.6507418426,88089.0,0.0,low=0.950;mid=0.950;high=0.950,low=11834.9;mid=22953.9;high=36221|low=14529.1;mid=17140.8;high=33146.4|low=17570.6;mid=17802.5;high=34403.1|low=18803.2;mid=23599.4;high=33353.9|low=19443.1;mid=21019.9;high=27360,0.0
non_boundary,20.0,Graph WaveNet,global,applicable,5,,467380572.3454574,85828497.92640619,5305.7767978460115,974.3384296155725,0.045431325137077275,0.01375368067254267,22100.417922382338,1268.9431064330113,324467285.7274562,18629988.217096247,7145664.330900049,3426512.279502872,88089.0,0.0,all=0.950,all=20860.7|all=21198.7|all=21847.6|all=22535.8|all=24059.3,14165510.133055806
non_boundary,20.0,Graph WaveNet,physical-bin,applicable,5,,468128126.1694771,92071464.97920676,5314.263144881621,1045.2095605490667,0.05645880870483262,0.012772081738618735,20376.92831324791,1446.0262770397549,299163873.0309492,21229834.786359157,8448212.656926397,3583113.156443182,88089.0,0.0,low=0.950;mid=0.950;high=0.950,low=18979;mid=20860.7;high=91147.7|low=19500.8;mid=21198.7;high=94056.3|low=19572.3;mid=21847.6;high=100542|low=20856.9;mid=22535.8;high=91827.6|low=22567.5;mid=24059.3;high=98492.8,14913063.957075536
non_boundary,20.0,Physics-Aligned MoE,gate-bin,applicable,5,,483739667.8698085,68243502.04376176,5491.487789279121,774.7108270472107,0.05279660343516216,0.00473442309994254,24105.580073118857,2445.3592181971176,353906073.8434944,35901541.36196097,6491679.701315703,2373292.463522319,88089.0,0.0,low=0.950;mid=0.950;high=0.950,low=13560.9;mid=20828;high=41838.8|low=16187.8;mid=18998.3;high=31327.9|low=17162.9;mid=18912.6;high=34096.5|low=19782.7;mid=19701.7;high=36740.3|low=20571.8;mid=23358.4;high=39120.9,30524605.657406926
non_boundary,20.0,Boundary-forced router,global,applicable,5,,493866045.3367487,85172912.64512038,5606.443997965112,966.8961237512104,0.04413490901247602,0.00763408340313989,24202.757962363346,2140.885901794287,355332791.0244375,31431416.36719281,6926662.715615563,2953178.393207795,88089.0,0.0,all=0.950,all=21549.5|all=22983|all=23716.5|all=26197.1|all=26567.6,40650983.12434715
non_boundary,20.0,Boundary-forced router,physical-bin,applicable,5,,494639277.6460206,89430210.67524834,5615.2218511507745,1015.2256317502565,0.05405669266310209,0.006798924126276279,22554.187560059836,2231.5497102482136,331129304.6630185,32762497.071009163,8175498.649150106,3555747.6584207765,88089.0,0.0,low=0.950;mid=0.950;high=0.950,low=19364.8;mid=21549.5;high=118246|low=21945.1;mid=23716.5;high=109843|low=22159.3;mid=22983;high=67883.6|low=23336.5;mid=26197.1;high=133711|low=25534.6;mid=26567.6;high=77809.8,41424215.43361902
non_boundary,20.0,PatchTST,global,applicable,5,,497877732.4818002,35342695.89292245,5651.985293076323,401.2157691984521,0.04632133410527989,0.0054220690826075925,24187.28636310755,2200.5254460317087,355105644.7399634,32307014.335914537,7138604.387091838,786947.4066551109,88089.0,0.0,all=0.950,all=20973.7|all=23107.9|all=24728.9|all=25540|all=26586,44662670.26939863
non_boundary,20.0,PatchTST,physical-bin,applicable,5,,499256386.0415734,34509076.07987475,5667.635982263092,391.75238769738263,0.05517828559752068,0.006435613782206062,22750.855046210498,2112.546266244606,334016678.3609394,31015348.007870186,8261985.384031696,829576.5173476591,88089.0,0.0,low=0.950;mid=0.950;high=0.950,low=19638.6;mid=20973.7;high=93120.2|low=21552.1;mid=23107.9;high=91271|low=23152.4;mid=24728.9;high=97090.9|low=24063.8;mid=25540;high=84429.3|low=24955.3;mid=26586;high=107293,46041323.82917184
non_boundary,20.0,Physics-Aligned MoE,physical-bin,applicable,5,,503603874.9583745,73235892.8123888,5716.989351205877,831.3852219049915,0.04432335478890668,0.003549800962766121,24185.46683664493,2574.3181485427444,355078931.36220247,37794851.897830285,7426247.179808604,2084301.7472198438,88089.0,0.0,low=0.950;mid=0.950;high=0.950,low=20933.3;mid=22606;high=95012.5|low=22875.8;mid=24315.7;high=100059|low=23966.1;mid=25902.7;high=118749|low=24781.1;mid=27719;high=134544|low=27893.7;mid=29696.9;high=110072,50388812.74597293
non_boundary,20.0,Physics-Aligned MoE,global,applicable,5,,507677273.6000225,72311390.28531785,5763.231204804489,820.8901257287274,0.03577745234932852,0.0032734053217253482,26048.02697286619,2782.810110071156,382424108.002135,40855826.631009676,6262658.279894381,1713221.659912075,88089.0,0.0,all=0.950,all=22606|all=24315.7|all=25902.7|all=27719|all=29696.9,54462211.387620926
non_boundary,20.0,Graph WaveNet,gate-bin,not_applicable,5,,,0.0,,0.0,,0.0,,0.0,,0.0,,0.0,0.0,0.0,,,
non_boundary,20.0,PatchTST,gate-bin,not_applicable,5,,,0.0,,0.0,,0.0,,0.0,,0.0,,0.0,0.0,0.0,,,
non_boundary,50.0,Boundary-forced router,gate-bin,applicable,5,,544768531.0695901,86199596.93577349,6184.296916409427,978.5512031669505,0.025578676111659798,0.005804790001423665,28591.79724019334,1385.3776012646213,419770471.1818985,20339421.25296655,2499961.197753831,1439816.3997614004,88089.0,0.0,low=0.975;mid=0.975;high=0.975,low=14357.9;mid=29719.3;high=51797.7|low=17954;mid=20767.9;high=48678.5|low=21192;mid=22520.7;high=45710.2|low=21726.2;mid=27033.2;high=41077.9|low=22279.4;mid=24307.1;high=33899.8,0.0
non_boundary,50.0,Physics-Aligned MoE,gate-bin,applicable,5,,612369731.1340876,117793710.56840576,6951.716231698481,1337.2124847416335,0.02668210559774773,0.005513283775393897,30361.375675486248,3235.286778245748,445750536.97965133,47498862.83481498,3332383.883088722,1856102.3281903197,88089.0,0.0,low=0.975;mid=0.975;high=0.975,low=16925.4;mid=25893.4;high=58346.1|low=18860.5;mid=22093.8;high=43608.5|low=19951;mid=22649.4;high=43359.1|low=22894;mid=24026;high=50660.2|low=24249.1;mid=29488.1;high=49995.4,67601200.06449747
non_boundary,50.0,Graph WaveNet,global,applicable,5,,616671379.535276,124698148.78640674,7000.54921199328,1415.592739007217,0.022148054808205336,0.009017070547047777,29432.40981160642,1383.7824580427705,432111924.64909965,20316002.157754947,3691189.097723526,2092525.7729741405,88089.0,0.0,all=0.975,all=28442.1|all=28673|all=28936.1|all=29264.4|all=31846.4,71902848.46568596
non_boundary,50.0,Graph WaveNet,physical-bin,applicable,5,,630517755.3374752,143608493.6033398,7157.735419149669,1630.2659083806127,0.030046884401003532,0.009513415600807113,26092.687733517618,1770.095389486297,383079794.9596389,25987655.460743055,4948759.207556725,2357145.49720107,88089.0,0.0,low=0.975;mid=0.975;high=0.975,low=24664.7;mid=28442.1;high=100003|low=25021.5;mid=28936.1;high=112498|low=25237.8;mid=28673;high=101735|low=26075.7;mid=29264.4;high=101401|low=29035;mid=31846.4;high=107833,85749224.26788509
non_boundary,50.0,Boundary-forced router,global,applicable,5,,643773184.0345159,127469734.76822688,7308.213103049369,1447.0562132414586,0.020542860061982766,0.006212661279178849,31797.985712826845,3132.2023324922084,466842127.24286735,45985428.544484355,3538621.135832967,1651073.7503708033,88089.0,0.0,all=0.975,all=27804.9|all=30122|all=32151.7|all=32689.7|all=36221.7,99004652.96492577
non_boundary,50.0,PatchTST,global,applicable,5,,644802397.8811605,41903619.24310506,7319.89689837733,475.6963893687642,0.02310163584556528,0.002664215632804146,31170.827307579246,2635.207306048094,457634501.11622465,38688796.063745074,3743357.93529872,528169.5362409235,88089.0,0.0,all=0.975,all=27116.1|all=30028.5|all=32134.3|all=33021.6|all=33553.7,100033866.8115704
non_boundary,50.0,Boundary-forced router,physical-bin,applicable,5,,657716561.28561,149570779.66734985,7466.500485708884,1697.9507051657965,0.028777713448898273,0.00676483682384236,28056.432801650157,2579.852319126307,411910518.1774267,37876101.82325287,4916120.86216366,2374536.401615325,88089.0,0.0,low=0.975;mid=0.975;high=0.975,low=24848.6;mid=30122;high=130673|low=26162.7;mid=27804.9;high=75214.1|low=27675.4;mid=32151.7;high=119718|low=30560.8;mid=32689.7;high=87333.6|low=30579.6;mid=36221.7;high=144442,112948030.21601987
non_boundary,50.0,PatchTST,physical-bin,applicable,5,,662027540.0623338,44889276.01571369,7515.439385874898,509.5900284452507,0.031232049404579458,0.003081178619361642,28089.564295224885,2481.784897508569,412396938.2003442,36436324.972772054,4992612.037239797,600161.4117085605,88089.0,0.0,low=0.975;mid=0.975;high=0.975,low=24222.1;mid=27116.1;high=100094|low=26996.1;mid=30028.5;high=99439.1|low=28628.5;mid=32134.3;high=105083|low=29790.5;mid=33021.6;high=115840|low=30404.7;mid=33553.7;high=91997.7,117259008.99274373
non_boundary,50.0,Physics-Aligned MoE,global,applicable,5,,662265151.8839328,101289259.09044382,7518.136792152627,1149.8513899629218,0.017421017380149624,0.00290126531125057,34562.888942274614,4126.707112969118,507435054.0060047,60586250.47905612,3096601.9575585583,954619.7941069939,88089.0,0.0,all=0.975,all=29290.1|all=31918.2|all=34647.6|all=37330.5|all=39628,117496620.81434274
non_boundary,50.0,Physics-Aligned MoE,physical-bin,applicable,5,,666629434.2773249,109572148.25891295,7567.680803248133,1243.8800333629958,0.024661421970961186,0.003212174511981328,30277.480922426883,3164.7000063410896,444518836.16261023,46462543.143096715,4442211.962294294,1301743.2912959016,88089.0,0.0,low=0.975;mid=0.975;high=0.975,low=25982.8;mid=29290.1;high=104757|low=28857.5;mid=31918.2;high=109758|low=29490.2;mid=34647.6;high=127681|low=32646.9;mid=39628;high=146539|low=33913.1;mid=37330.5;high=118034,121860903.20773482
non_boundary,50.0,Graph WaveNet,gate-bin,not_applicable,5,,,0.0,,0.0,,0.0,,0.0,,0.0,,0.0,0.0,0.0,,,
non_boundary,50.0,PatchTST,gate-bin,not_applicable,5,,,0.0,,0.0,,0.0,,0.0,,0.0,,0.0,0.0,0.0,,,
non_overlap,2.0,Graph WaveNet,physical-bin,applicable,5,,7552835.490547041,1333197.2703846167,1830.1030992360168,323.04271150584356,0.5585170826266053,0.013371952740894477,576.5174265606845,526.1759587049834,396547.9032359908,361921.363595911,3578143.793655525,498866.0038136503,4127.0,0.0,low=0.500;mid=0.500;high=0.500,low=1625.01;mid=813.146;high=0|low=269.47;mid=0;high=0|low=360.357;mid=0;high=0|low=398.469;mid=0;high=0|low=445.535;mid=0;high=0,0.0
non_overlap,2.0,Graph WaveNet,global,applicable,5,,7623772.674283737,1376910.9017706683,1847.2916584162194,333.6348199105085,0.6052338260237461,0.012093996225685735,162.62916355133058,363.64986482470624,111861.75966272355,250130.4986885938,3755955.4573105066,571921.1122412211,4127.0,0.0,all=0.500,all=0|all=813.146,70937.18373669591
non_overlap,2.0,Physics-Aligned MoE,gate-bin,applicable,5,,8274012.7797733005,1247203.055553866,2004.849231832639,302.2057319006218,0.5043372910104191,0.024858359074007172,896.8805730577282,257.7721350982365,616904.3541682074,177304.2669250703,3828554.212802547,577341.8303380652,4127.0,0.0,low=0.500;mid=0.500;high=0.500,low=1804.31;mid=0;high=0|low=2366.61;mid=0;high=0|low=2447.27;mid=0;high=0|low=2538.19;mid=0;high=0|low=2895.51;mid=666.653;high=0,721177.2892262591
non_overlap,2.0,Physics-Aligned MoE,physical-bin,applicable,5,,8294809.000936697,1186162.8222250047,2009.888296810443,287.4152707111714,0.5115095711170342,0.02005298893743696,1313.5323023438664,670.2245383701206,903491.3019621896,461002.7783089147,3695658.849487254,416412.3966106496,4127.0,0.0,low=0.500;mid=0.500;high=0.500,low=1214.65;mid=239.274;high=0|low=1220.35;mid=832.269;high=0|low=1232.68;mid=249.198;high=0|low=2646.86;mid=1423.58;high=0|low=745.824;mid=0;high=0,741973.5103896558
non_overlap,2.0,Boundary-forced router,gate-bin,applicable,5,,8373702.783639645,1389895.4760134816,2029.0047937096308,336.7810700299204,0.5086018899927308,0.041195356137374115,1047.1109499962345,385.5836403573716,720237.8151057431,265217.2806258121,3826732.4842669507,626602.6356325172,4127.0,0.0,low=0.500;mid=0.500;high=0.500,low=1468.09;mid=898.374;high=0|low=1718.06;mid=0;high=0|low=2049.96;mid=0;high=0|low=2766.93;mid=1073.35;high=0|low=3656.09;mid=0;high=0,820867.2930926038
non_overlap,2.0,Physics-Aligned MoE,global,applicable,5,,8380441.518733932,1193128.1742129633,2030.6376347792423,289.10302258613115,0.5748000969227041,0.01865714851548561,548.8639694392681,577.1354171059494,377526.9336459766,396972.9777327088,4001457.2925439775,406334.2198244005,4127.0,0.0,all=0.500,all=0|all=1423.58|all=239.274|all=249.198|all=832.269,827606.0281868903
non_overlap,2.0,Boundary-forced router,physical-bin,applicable,5,,8443713.523982063,1327732.761740552,2045.9688693923097,321.7186241193487,0.5452386721589533,0.013365804312483083,1021.520606991027,585.3604315357192,702635.9241753279,402630.4168246521,3870538.7999033676,475407.0237741026,4127.0,0.0,low=0.500;mid=0.500;high=0.500,low=1284.48;mid=242.162;high=0|low=1347.54;mid=983.719;high=0|low=140.842;mid=0;high=0|low=1825.08;mid=474.737;high=0|low=892.826;mid=256.472;high=0,890878.0334350215
non_overlap,2.0,Boundary-forced router,global,applicable,5,,8540883.503587399,1380812.765304187,2069.5138123545917,334.5802678226768,0.5928761812454567,0.02797378815427813,391.4180966459215,371.3013974128812,269230.414142953,255393.47785382674,4135826.544722224,599594.1606945248,4127.0,0.0,all=0.500,all=0|all=242.162|all=256.472|all=474.737|all=983.719,988048.0130403573
non_overlap,2.0,PatchTST,physical-bin,applicable,5,,8555656.651199909,991628.4507201674,2073.0934458928778,240.2782773734352,0.5451417494548098,0.017036078093918054,1360.7906913524562,691.5728605031542,935997.1972019313,475686.8658827528,3809829.726998987,261425.84605538647,4127.0,0.0,low=0.500;mid=0.500;high=0.500,low=1330.59;mid=243.405;high=0|low=1386.55;mid=455.776;high=0|low=2118.27;mid=1073.66;high=0|low=2150.04;mid=1365.99;high=0|low=328.931;mid=0;high=0,1002821.1606528675
non_overlap,2.0,PatchTST,global,applicable,5,,8681807.524172047,1034877.6536069169,2103.6606552391686,250.75785161301596,0.6003876908165738,0.026839452605895854,627.7666868686676,573.4118925788229,431798.8527844985,394411.8134454669,4125004.3356937743,342858.7782269744,4127.0,0.0,all=0.500,all=0|all=1073.66|all=1365.99|all=243.405|all=455.776,1128972.0336250057
non_overlap,2.0,Graph WaveNet,gate-bin,not_applicable,5,,,0.0,,0.0,,0.0,,0.0,,0.0,,0.0,0.0,0.0,,,
non_overlap,2.0,PatchTST,gate-bin,not_applicable,5,,,0.0,,0.0,,0.0,,0.0,,0.0,,0.0,0.0,0.0,,,
non_overlap,5.0,Graph WaveNet,physical-bin,applicable,5,,13682076.844166214,2092590.0946960025,3315.259715087524,507.04872660431386,0.23198449236733704,0.0073447331978029875,8579.803172508551,1408.8943506005555,5901474.6154904645,969084.4974880822,1556120.4457351496,231744.40715363904,4127.0,0.0,low=0.800;mid=0.800;high=0.800,low=11121.6;mid=10596.3;high=7189.94|low=7618.39;mid=7270.32;high=3888.24|low=8026.96;mid=7782.16;high=3674.25|low=8451.06;mid=7839.14;high=1395.3|low=9132.31;mid=8894.37;high=7405.84,0.0
non_overlap,5.0,Graph WaveNet,global,applicable,5,,13800783.283433815,2087624.1169818533,3344.0230878201633,505.84543663238486,0.23968984734674098,0.008084480725424482,8476.463507246975,1323.9581848915896,5830394.1490680445,910662.5715079318,1594077.8268731544,243191.21429159373,4127.0,0.0,all=0.800,all=10596.3|all=7270.32|all=7782.16|all=7839.14|all=8894.37,118706.43926760182
non_overlap,5.0,PatchTST,physical-bin,applicable,5,,14740773.223173399,1231104.805305848,3571.7890048881504,298.3050170355821,0.21797916161860914,0.01621881345743934,10766.657516780044,1521.147219008072,7405665.928625206,1046295.7621410519,1467021.4589096382,60891.879962652325,4127.0,0.0,low=0.800;mid=0.800;high=0.800,low=10793.5;mid=10231.2;high=6487.76|low=11717.8;mid=10814.8;high=1160.89|low=11794.6;mid=11277.9;high=4103.26|low=12680.7;mid=12624.2;high=12216.3|low=9024.09;mid=8418.76;high=840.972,1058696.3790071849
non_overlap,5.0,PatchTST,global,applicable,5,,14863724.215017116,1190650.8952130969,3601.58086140468,288.5027611371691,0.22747758662466683,0.01401760839154453,10673.368095252517,1538.6630863449611,7341498.354851189,1058343.7595576085,1504445.1720331851,53833.24051884964,4127.0,0.0,all=0.800,all=10231.2|all=10814.8|all=11277.9|all=12624.2|all=8418.76,1181647.370850902
non_overlap,5.0,Boundary-forced router,gate-bin,applicable,5,,14974559.133566763,2041333.182997286,3628.4369114530564,494.6288303846102,0.22902834989096194,0.008040788382141024,10319.804549301592,1854.2939702587746,7098305.562494611,1275445.2025429935,1575250.71421443,368649.94417667715,4127.0,0.0,low=0.800;mid=0.800;high=0.800,low=11352.6;mid=14220;high=12331.8|low=12092.7;mid=12326.9;high=7968.52|low=6637.93;mid=10565;high=16246.4|low=7493.82;mid=7923.06;high=11017.8|low=8488.48;mid=8669.71;high=13298.2,1292482.2894005496
non_overlap,5.0,Boundary-forced router,physical-bin,applicable,5,,15080916.05440501,2096983.5958533233,3654.2079123830895,508.11330163637587,0.21439302156530166,0.010184669388656193,10666.165167546702,1754.5552764101456,7336543.94107754,1206841.6042907785,1548874.422665494,321243.97462413553,4127.0,0.0,low=0.800;mid=0.800;high=0.800,low=10796.8;mid=11383.3;high=15913.9|low=11222.2;mid=10920.8;high=9061.59|low=13942.1;mid=12731.6;high=1036.47|low=8150.54;mid=8316.53;high=11017.9|low=9679.49;mid=9722.09;high=10165.1,1398839.2102387957
non_overlap,5.0,Physics-Aligned MoE,physical-bin,applicable,5,,15108383.305061305,2064457.298447388,3660.863412905574,500.231959885483,0.19030772958565545,0.010769165791644265,11193.53648871423,1755.4783249517616,7699287.514820603,1207476.5078459862,1481819.15804814,210166.82209948395,4127.0,0.0,low=0.800;mid=0.800;high=0.800,low=10642.5;mid=10223.9;high=3651.98|low=10992.2;mid=10562.7;high=4884.35|low=11331;mid=12005.2;high=16064|low=14451.4;mid=13927.3;high=8263.97|low=9736.66;mid=9632.53;high=7293.64,1426306.4608950913
non_overlap,5.0,Boundary-forced router,global,applicable,5,,15142187.4968176,2149307.606517343,3669.0543970965837,520.791763149344,0.21715531863338988,0.018296487045896842,10614.86218702317,1676.595981776059,7301256.040974105,1153218.6027982992,1568186.2911686995,299006.57477652386,4127.0,0.0,all=0.800,all=10920.8|all=11383.3|all=12731.6|all=8316.53|all=9722.09,1460110.6526513863
non_overlap,5.0,Physics-Aligned MoE,gate-bin,applicable,5,,15145436.105881229,1974593.0508130444,3669.8415570344637,478.45724516914083,0.21439302156530168,0.012417364500267017,10792.284469774477,1381.0034710448945,7423293.001126545,949900.2208337137,1544428.6209509373,235302.22811668014,4127.0,0.0,low=0.800;mid=0.800;high=0.800,low=10754.1;mid=9157.23;high=12822.5|low=11492.6;mid=12662.1;high=18093.3|low=7366.67;mid=11488.5;high=17232.8|low=8582.59;mid=10249.8;high=9622.49|low=8662.05;mid=10626;high=11540.6,1463359.2617150154
non_overlap,5.0,Physics-Aligned MoE,global,applicable,5,,15184135.036950404,2054492.287160464,3679.218569651176,497.81737028361107,0.19273079718924158,0.013149021434954217,11270.321840379242,1723.1904680951027,7752103.039207521,1185267.843638081,1486406.3995485767,195695.15178413782,4127.0,0.0,all=0.800,all=10223.9|all=10562.7|all=12005.2|all=13927.3|all=9632.53,1502058.1927841902
non_overlap,5.0,Graph WaveNet,gate-bin,not_applicable,5,,,0.0,,0.0,,0.0,,0.0,,0.0,,0.0,0.0,0.0,,,
non_overlap,5.0,PatchTST,gate-bin,not_applicable,5,,,0.0,,0.0,,0.0,,0.0,,0.0,,0.0,0.0,0.0,,,
non_overlap,10.0,Graph WaveNet,global,applicable,5,,18666086.45962369,2888317.1944975,4522.918938605208,699.8587822867701,0.09697116549551733,0.012755558130447958,16318.543113238808,1248.007900633847,11224437.904722758,858421.4343193141,744164.8554900934,209004.57352459425,4127.0,0.0,all=0.900,all=14997.9|all=15838.2|all=15841.2|all=16611.4|all=18303.9,0.0
non_overlap,10.0,Graph WaveNet,physical-bin,applicable,5,,18776233.368824385,2858502.744310718,4549.608279337142,692.6345394501377,0.10138114853404409,0.011233473120634408,16371.805113182962,1296.5994147431077,11261073.283684347,891844.2974408004,751516.008514004,202603.25149118865,4127.0,0.0,low=0.900;mid=0.900;high=0.900,low=14635.2;mid=14997.9;high=19944.7|low=15056.7;mid=15838.2;high=24498.9|low=15083.9;mid=15841.2;high=28904.9|low=15950;mid=16611.4;high=26095.7|low=18113.8;mid=18303.9;high=22662.9,110146.90920069441
non_overlap,10.0,Boundary-forced router,gate-bin,applicable,5,,19607134.251169138,3087760.4798503714,4750.941180317213,748.185238635903,0.11228495275018173,0.013241349485255583,17444.383580026002,2078.8923657158894,11998828.505794551,1429931.4655515796,760830.5745374587,313261.79612773843,4127.0,0.0,low=0.900;mid=0.900;high=0.900,low=11567.6;mid=14019.8;high=30138.9|low=11785.8;mid=17189.3;high=27774.1|low=12995.2;mid=14831.7;high=29800.6|low=16317.1;mid=21158.8;high=26459.2|low=17225.1;mid=19105.9;high=19071.4,941047.791545447
non_overlap,10.0,PatchTST,global,applicable,5,,19824845.557610113,1579897.1482845587,4803.694101674367,382.8197597006442,0.093530409498425,0.005327994530481231,18222.604571649426,1957.4139347337727,12534114.844532862,1346374.5514410464,729073.0713077247,66887.78889495328,4127.0,0.0,all=0.900,all=15668|all=17095.4|all=18417.9|all=19125.1|all=20806.5,1158759.0979864225
non_overlap,10.0,PatchTST,physical-bin,applicable,5,,19959575.204766035,1605749.877209193,4836.340006000978,389.0840506928017,0.09827962200145385,0.006366261413853548,18262.029762199323,1710.103027126268,12561232.804766102,1176265.8654916848,739834.2399999934,58339.13951214644,4127.0,0.0,low=0.900;mid=0.900;high=0.900,low=15339.5;mid=15668;high=23092.2|low=16622.7;mid=17095.4;high=26411.2|low=18192.2;mid=18417.9;high=25724|low=18926.2;mid=19125.1;high=21276|low=19440.6;mid=20806.5;high=31982.7,1293488.7451423444
non_overlap,10.0,Physics-Aligned MoE,gate-bin,applicable,5,,20254245.899008207,2645095.8371097613,4907.740707295423,640.9246031281224,0.10264114368790889,0.008253737969174894,18564.12689148535,1579.0669392117884,12769025.28019334,1086134.8763545088,748522.0618814866,203187.56506602926,4127.0,0.0,low=0.900;mid=0.900;high=0.900,low=11826;mid=19153.7;high=30114.9|low=13107.3;mid=16532.8;high=32711.6|low=13847.9;mid=17241.3;high=23197.1|low=17033.3;mid=19835.6;high=36020.8|low=17118.3;mid=15582;high=26861.3,1588159.4393845163
non_overlap,10.0,Boundary-forced router,global,applicable,5,,20461636.384770673,3540335.160850691,4957.992824029725,857.8471434094238,0.0918342621759147,0.011874267452198542,18687.022850562927,1759.4033545349535,12853557.217378868,1210176.2740276256,760807.9167391805,332565.3637354962,4127.0,0.0,all=0.900,all=16976.8|all=17444.1|all=18446.5|all=19110.3|all=21457.4,1795549.925146982
non_overlap,10.0,Boundary-forced router,physical-bin,applicable,5,,20466532.06225384,3475065.572271149,4959.179079780431,842.031880850775,0.10002423067603586,0.007876647041364423,18271.629059214956,1849.9663120713058,12567835.521230021,1272468.4949863805,789869.6541023816,337261.4641893001,4127.0,0.0,low=0.900;mid=0.900;high=0.900,low=15038.7;mid=16976.8;high=36360.2|low=16456.2;mid=17444.1;high=25184.4|low=17308.6;mid=19110.3;high=31877.1|low=17761.9;mid=18446.5;high=23198.4|low=21189.6;mid=21457.4;high=22767.8,1800445.6026301496
non_overlap,10.0,Physics-Aligned MoE,global,applicable,5,,20992321.715231776,2983484.1739347116,5086.581467223596,722.9183847673157,0.08107584201599224,0.005678979887905655,19474.013197882177,2030.547621187703,13394875.411276622,1396678.3387736082,759744.6303955157,177282.11644415837,4127.0,0.0,all=0.900,all=17687.5|all=17739.4|all=19033|all=20394.9|all=22515.3,2326235.2556080855
non_overlap,10.0,Physics-Aligned MoE,physical-bin,applicable,5,,21012799.671235774,2907699.521077338,5091.54341440169,704.5552510485434,0.08776350860189,0.006768127073519144,19237.860739457014,1925.2421668552379,13232441.878623182,1324245.7371019276,778035.7792612592,182303.38840693838,4127.0,0.0,low=0.900;mid=0.900;high=0.900,low=16520.2;mid=17739.4;high=31070.7|low=17271.8;mid=17687.5;high=22910.1|low=18389.3;mid=19033;high=26570|low=18565.5;mid=20394.9;high=35902.8|low=21627.5;mid=22515.3;high=30587,2346713.211612083
non_overlap,10.0,Graph WaveNet,gate-bin,not_applicable,5,,,0.0,,0.0,,0.0,,0.0,,0.0,,0.0,0.0,0.0,,,
non_overlap,10.0,PatchTST,gate-bin,not_applicable,5,,,0.0,,0.0,,0.0,,0.0,,0.0,,0.0,0.0,0.0,,,
non_overlap,20.0,Boundary-forced router,gate-bin,applicable,5,,24295167.56115387,4124214.023003468,5886.883344112883,999.3249389395364,0.053598255391325414,0.011178196777968217,24960.04328389264,1989.2930469956955,17168349.77210415,1368302.0674918725,356340.889452486,194664.97206188284,4127.0,0.0,low=0.950;mid=0.950;high=0.950,low=15363.7;mid=26068.5;high=49129.8|low=16139.7;mid=19833.7;high=50551|low=17572.9;mid=20426.5;high=47877.4|low=19898.5;mid=26470.9;high=41804.1|low=21122.7;mid=23921.2;high=39974.4,0.0
non_overlap,20.0,Graph WaveNet,global,applicable,5,,24309445.500476874,3655256.2214167514,5890.342985334837,885.6932932921619,0.042306760358614005,0.005365330480634272,25260.777610292414,2433.394277823,17375204.866279464,1673769.6974292526,346712.0317098705,106427.849730142,4127.0,0.0,all=0.950,all=23218.6|all=23236|all=25061.7|all=25622.4|all=29165.3,14277.939323004335
non_overlap,20.0,Graph WaveNet,physical-bin,applicable,5,,24819863.68075929,3925991.9751776895,6014.020761027206,951.294396699222,0.049818269929731034,0.007943819362304585,24811.492593397496,2168.099778227266,17066171.65549191,1491291.2974573204,387684.6012633686,129371.54759264523,4127.0,0.0,low=0.950;mid=0.950;high=0.950,low=20555;mid=23236;high=52228.8|low=20839;mid=23218.6;high=55095.8|low=22079.7;mid=25061.7;high=59415.1|low=22615.3;mid=25622.4;high=58216.6|low=25577;mid=29165.3;high=64277.8,524696.1196054183
non_overlap,20.0,Physics-Aligned MoE,gate-bin,applicable,5,,25645604.349960018,3793906.0262880437,6214.1033074775905,919.2890783348785,0.049479040465228975,0.004680975290930265,26904.28428456455,2282.4080486112557,18505663.54039965,1569916.3361031087,356997.04047801835,128707.5147971938,4127.0,0.0,low=0.950;mid=0.950;high=0.950,low=15374.7;mid=29963.3;high=58435.3|low=16235;mid=20960.6;high=50396.2|low=17211.4;mid=24068.7;high=44020.4|low=21208.5;mid=25904.8;high=56090.5|low=21342;mid=21211.5;high=51827.9,1350436.7888061479
non_overlap,20.0,PatchTST,global,applicable,5,,25764480.84396626,2010518.3821000347,6242.907885623034,487.16219580810156,0.03750908650351345,0.003975603450834734,28594.16018803832,2543.723427873252,19668016.516005687,1749657.7644721523,304823.2163980285,26819.085276339367,4127.0,0.0,all=0.950,all=24963.4|all=27109|all=29223.6|all=30707.7|all=30967.1,1469313.2828123905
non_overlap,20.0,PatchTST,physical-bin,applicable,5,,25815729.204887748,2185423.3984736684,6255.325709931609,529.542863696067,0.04637751393263872,0.003488712506891391,27472.6436191631,2486.293234032219,18896600.036047686,1710155.362808494,345956.4584420031,34261.237389567395,4127.0,0.0,low=0.950;mid=0.950;high=0.950,low=21617.5;mid=24963.4;high=56208.3|low=23398;mid=27109;high=56333.8|low=26556.3;mid=30967.1;high=59843.2|low=26992.8;mid=30707.7;high=68263.2|low=27260.4;mid=29223.6;high=50517.3,1520561.6437338777
non_overlap,20.0,Boundary-forced router,physical-bin,applicable,5,,26620695.001491122,5334515.662485624,6450.374364306063,1292.589208259177,0.045795977707778046,0.010002310366149889,27300.75382598429,1938.1868958221337,18778368.50663952,1333149.5531763232,392116.32474257995,208310.2551909336,4127.0,0.0,low=0.950;mid=0.950;high=0.950,low=22109;mid=27907.9;high=64932.7|low=23330.6;mid=25647.7;high=51294.7|low=25342.7;mid=28597;high=71536.8|low=26545.1;mid=30586.4;high=62129.2|low=26836;mid=29089.6;high=51107.6,2325527.440337252
non_overlap,20.0,Boundary-forced router,global,applicable,5,,26639871.258548785,5028805.318754963,6455.020901029509,1218.5135252616824,0.039253695178095474,0.012442870924611356,28365.70532865402,1810.12723502478,19510877.64855919,1245065.8498245443,356449.68049948,197066.4838232251,4127.0,0.0,all=0.950,all=25647.7|all=27907.9|all=28597|all=29089.6|all=30586.4,2344703.697394915
non_overlap,20.0,Physics-Aligned MoE,global,applicable,5,,27893391.64781066,3860037.586444103,6758.757365595024,935.3132024337542,0.03726677974315483,0.005616083200704874,29969.988923975056,3542.395276395827,20614357.381540842,2436577.5509475954,363951.7133134912,82242.75891613273,4127.0,0.0,all=0.950,all=26333.3|all=27418.2|all=28630.9|all=33327|all=34140.6,3598224.08665679
non_overlap,20.0,Physics-Aligned MoE,physical-bin,applicable,5,,28079909.8397217,3971653.2880658475,6803.951984424933,962.3584414988728,0.04332444875212018,0.0037002392379590168,28754.436610426732,3336.244688230576,19778259.98187185,2294780.3047212656,415082.4928924923,89262.15808709999,4127.0,0.0,low=0.950;mid=0.950;high=0.950,low=23087;mid=28630.9;high=58322.1|low=23838.3;mid=26333.3;high=65580.1|low=24321.2;mid=27418.2;high=59670.9|low=28125.2;mid=34140.6;high=80832.3|low=30677.2;mid=33327;high=62297,3784742.2785678282
non_overlap,20.0,Graph WaveNet,gate-bin,not_applicable,5,,,0.0,,0.0,,0.0,,0.0,,0.0,,0.0,0.0,0.0,,,
non_overlap,20.0,PatchTST,gate-bin,not_applicable,5,,,0.0,,0.0,,0.0,,0.0,,0.0,,0.0,0.0,0.0,,,
non_overlap,50.0,Boundary-forced router,gate-bin,applicable,5,,31195164.042679388,6768275.970672605,7558.799138037166,1639.9990236667325,0.02621759147080203,0.008505623079322457,32926.922321174636,2960.3689646623648,22648234.73658129,2036240.452860263,170938.58612196197,110550.59574848799,4127.0,0.0,low=0.975;mid=0.975;high=0.975|low=0.990;mid=0.975;high=0.975,low=19342;mid=25293.1;high=68700.7|low=19408.2;mid=36999.1;high=74036|low=21764.6;mid=27145.4;high=76393.7|low=21830.5;mid=32421.4;high=57368.2|low=26124.9;mid=29068.4;high=56479.2,0.0
non_overlap,50.0,Graph WaveNet,global,applicable,5,,31434478.40653748,4022884.5386465434,7616.786626250903,974.7721198562017,0.013569178580082383,0.004906337952826893,39996.50197166447,4216.911928123318,27510927.272843204,2900532.587894154,78471.02267388537,31661.828257857433,4127.0,0.0,all=0.975,all=35440|all=37347.8|all=39151.4|all=41759.5|all=46283.8,239314.36385809258
non_overlap,50.0,Graph WaveNet,physical-bin,applicable,5,,32709446.97507487,5568907.398947515,7925.720129652259,1349.3839105760883,0.02960988611582263,0.004030603806398638,32922.537145129965,2914.0406010152037,22645218.466325223,2004374.2600649588,201284.57017499296,72766.45727963762,4127.0,0.0,low=0.975;mid=0.975;high=0.975,low=27123.7;mid=35440;high=78782.1|low=27437.7;mid=37347.8;high=83120.1|low=28333.1;mid=39151.4;high=84879.1|low=28688.8;mid=41759.5;high=80182.5|low=34369.6;mid=46283.8;high=86380.5,1514282.9323954806
non_overlap,50.0,PatchTST,physical-bin,applicable,5,,32905785.71774452,2462211.2377872085,7973.294334321426,596.6104283467911,0.021516840319844924,0.002502924450422434,37796.6544178223,2530.6809622647293,25997798.79705877,1740686.7218777575,138159.73841371504,18790.88355825953,4127.0,0.0,low=0.975;mid=0.975;high=0.975,low=31404.1;mid=41488.3;high=83521.7|low=31631.9;mid=43273.2;high=82585.6|low=35638.4;mid=46478.8;high=92219.2|low=36018.6;mid=43055.2;high=74192.4|low=37167.4;mid=43316;high=84710,1710621.6750651337
non_overlap,50.0,Physics-Aligned MoE,gate-bin,applicable,5,,32983386.1662095,6122412.33990424,7992.097447591349,1483.5018996617978,0.026750666343590985,0.006400752192936911,35027.02760135508,5060.914859232092,24092757.15179874,3481065.9373418083,177812.58028821516,119484.79977096459,4127.0,0.0,low=0.975;mid=0.975;high=0.975,low=18855.6;mid=26247;high=62509.7|low=20577.7;mid=29938.6;high=70385.5|low=20720.8;mid=43070.9;high=88985.3|low=25463.5;mid=31555.2;high=66986.9|low=26233.6;mid=26236.3;high=66074.6,1788222.1235301122
non_overlap,50.0,PatchTST,global,applicable,5,,33602167.88337162,1397330.2218791828,8142.032440846042,338.58255921472795,0.011388417736854858,0.0034480856483541816,43522.27013619874,1816.6441815849132,29936068.14201536,1249548.4229001561,73321.99482712519,25292.145223389347,4127.0,0.0,all=0.975,all=41488.3|all=43055.2|all=43273.2|all=43316|all=46478.8,2407003.8406922333
non_overlap,50.0,Boundary-forced router,global,applicable,5,,34780008.759386264,5791246.032826121,8427.431247731107,1403.258064653773,0.015507632662951295,0.009389191553185152,42486.43539976106,5556.136509577699,29223586.48246898,3821695.8958378597,111128.44553834568,73951.44784978409,4127.0,0.0,all=0.975,all=36117.2|all=39426.5|all=40281.5|all=47590.8|all=49016.1,3584844.7167068757
non_overlap,50.0,Boundary-forced router,physical-bin,applicable,5,,35130440.99397786,8714340.731685357,8512.343347220221,2111.5436713557933,0.024472982796220014,0.010132073916673163,37278.68563261232,3725.571393011222,25641522.60096518,2562572.189826219,189778.36786025364,125922.62920751255,4127.0,0.0,low=0.975;mid=0.975;high=0.975|low=0.975;mid=0.975;high=0.990,low=29503.9;mid=36117.2;high=72086.3|low=32409.5;mid=47590.8;high=93525.2|low=33191.5;mid=39426.5;high=72518.6|low=34448.1;mid=40281.5;high=95631.5|low=36242.5;mid=49016.1;high=127201,3935276.9512984715
non_overlap,50.0,Physics-Aligned MoE,global,applicable,5,,37219143.13859415,4378850.090678725,9018.449997236286,1061.0249795683853,0.011485340440998302,0.0034633765688117067,47171.1493489338,5391.162517785616,32445888.89384163,3708221.2851502057,95465.08489505066,31124.06993515585,4127.0,0.0,all=0.975,all=41324.7|all=45051.6|all=45519.9|all=48197.3|all=55762.2,6023979.0959147625
non_overlap,50.0,Physics-Aligned MoE,physical-bin,applicable,5,,37551510.21176951,4879027.113228643,9098.98478598728,1182.2212535082733,0.022922219529924882,0.0052826208149639965,40161.112500929026,5941.311383569288,27624151.881889015,4086632.0133317416,198547.1665976097,40973.93302104312,4127.0,0.0,low=0.975;mid=0.975;high=0.975|low=0.975;mid=0.975;high=0.990,low=30323.9;mid=41324.7;high=88283.8|low=32555.1;mid=45051.6;high=96807.2|low=33361;mid=45519.9;high=88706.5|low=40037.3;mid=48197.3;high=82540.3|low=43424.8;mid=55762.2;high=125773,6356346.169090118
non_overlap,50.0,Graph WaveNet,gate-bin,not_applicable,5,,,0.0,,0.0,,0.0,,0.0,,0.0,,0.0,0.0,0.0,,,
non_overlap,50.0,PatchTST,gate-bin,not_applicable,5,,,0.0,,0.0,,0.0,,0.0,,0.0,,0.0,0.0,0.0,,,
pitch_to_mppt,2.0,Graph WaveNet,global,applicable,5,,8035029.920835997,1180893.8142836955,4033.6495586526094,592.818179861293,0.40140562248995987,0.04629047613184829,0.0,0.0,0.0,0.0,4017514.9604179985,590446.9071418477,1992.0,0.0,all=0.500,all=0,0.0
pitch_to_mppt,2.0,Graph WaveNet,physical-bin,applicable,5,,8035029.920835997,1180893.8142836955,4033.6495586526094,592.818179861293,0.40140562248995987,0.04629047613184829,0.0,0.0,0.0,0.0,4017514.9604179985,590446.9071418477,1992.0,0.0,low=0.500;mid=0.500;high=0.500,low=0;mid=0;high=0,0.0
pitch_to_mppt,2.0,PatchTST,global,applicable,5,,8203048.509163788,748663.0296313193,4117.9962395400535,375.83485423259015,0.4257028112449799,0.043877627162193136,0.0,0.0,0.0,0.0,4101524.254581894,374331.51481565967,1992.0,0.0,all=0.500,all=0,168018.5883277906
pitch_to_mppt,2.0,PatchTST,physical-bin,applicable,5,,8207719.698759328,750210.7589413391,4120.3412142366105,376.6118267777808,0.4241967871485944,0.04153187419619782,139.56367216914532,312.07385815970446,46335.13916015625,103608.52090902189,4080692.2797995857,370626.9374171845,1992.0,0.0,low=0.500;mid=0.500;high=0.500,low=0;mid=0;high=0|low=1447.97;mid=0;high=0,172689.77792333066
pitch_to_mppt,2.0,Physics-Aligned MoE,global,applicable,5,,8622563.660732329,1976468.7398126482,4328.596215227073,992.2031826368714,0.4142570281124498,0.06452648853843854,0.0,0.0,0.0,0.0,4311281.830366165,988234.3699063243,1992.0,0.0,all=0.500,all=0,587533.7398963319
pitch_to_mppt,2.0,Physics-Aligned MoE,physical-bin,applicable,5,,8625308.177004302,1982011.2768532145,4329.973984439911,994.9855807496054,0.41134538152610445,0.058833113983908183,237.8998817535768,531.9603074401597,78982.7607421875,176610.822070133,4273162.708131058,912013.9410612629,1992.0,0.0,low=0.500;mid=0.500;high=0.500,low=0;mid=0;high=0|low=2468.21;mid=0;high=0,590278.256168305
pitch_to_mppt,2.0,Physics-Aligned MoE,gate-bin,applicable,5,,8632541.399495756,1996635.3909627157,4333.6051202287945,1002.3270034953391,0.40993975903614455,0.056148201415981626,496.2919178422675,1109.742464979051,164768.9167236328,368434.4983730449,4233886.241386062,835304.3504335127,1992.0,0.0,low=0.500;mid=0.500;high=0.500,low=0;mid=0;high=0|low=5281.06;mid=0;high=0,597511.4786597593
pitch_to_mppt,2.0,Boundary-forced router,gate-bin,applicable,5,,9685869.276581485,2204270.594250581,4862.384174990704,1106.5615432984846,0.4767068273092369,0.09180339350296557,344.81906311770524,771.0388650689795,114479.92895507812,255984.90320290113,4785694.673813202,1005410.7068819634,1992.0,0.0,low=0.500;mid=0.500;high=0.500,low=0;mid=0;high=0|low=4770;mid=0;high=0,1650839.3557454878
pitch_to_mppt,2.0,Boundary-forced router,physical-bin,applicable,5,,9688033.782290306,2208050.8063473166,4863.4707742421215,1108.459240134195,0.4774096385542169,0.09295014578329325,282.35329648672814,631.3611646154767,93741.29443359375,209611.90665233828,4797146.243928356,1024212.8630960414,1992.0,0.0,low=0.500;mid=0.500;high=0.500,low=0;mid=0;high=0|low=2929.42;mid=0;high=0,1653003.861454309
pitch_to_mppt,2.0,Boundary-forced router,global,applicable,5,,9705730.123581605,2239109.711258144,4872.354479709641,1124.0510598685464,0.48012048192771084,0.09748435021643405,0.0,0.0,0.0,0.0,4852865.0617908025,1119554.8556290723,1992.0,0.0,all=0.500,all=0,1670700.202745608
pitch_to_mppt,2.0,Graph WaveNet,gate-bin,not_applicable,5,,,0.0,,0.0,,0.0,,0.0,,0.0,,0.0,0.0,0.0,,,
pitch_to_mppt,2.0,PatchTST,gate-bin,not_applicable,5,,,0.0,,0.0,,0.0,,0.0,,0.0,,0.0,0.0,0.0,,,
pitch_to_mppt,5.0,PatchTST,global,applicable,5,,16514551.385160655,1233209.8220674223,8290.437442349727,619.0812359776214,0.24568273092369478,0.022578086803571682,18292.605583171862,4440.508600783812,6073145.053613057,1474248.8554602251,2088281.2663095198,415379.262278818,1992.0,0.0,all=0.800,all=14117.1|all=15947.1|all=16305.1|all=19737.1|all=25356.6,0.0
pitch_to_mppt,5.0,PatchTST,physical-bin,applicable,5,,16699346.138784653,1276530.2542243337,8383.205892964183,640.8284408756696,0.24698795180722893,0.021460476405420727,18844.29629241577,3924.6888144689983,6256306.369082035,1302996.6864037076,2088607.9539405233,393034.1474276041,1992.0,0.0,low=0.800;mid=0.800;high=0.800,low=20649.2;mid=11160.5;high=17918.8|low=21322.9;mid=10902.6;high=16976|low=21405.7;mid=6845.42;high=15464.6|low=25008.1;mid=13002.9;high=22781|low=28584.1;mid=20683.5;high=24069.9,184794.7536239978
pitch_to_mppt,5.0,Graph WaveNet,global,applicable,5,,16920437.148929544,1644778.610156908,8494.195355888325,825.6920733719414,0.27710843373493976,0.01886374922495576,13919.893480072036,3621.294074512783,4621404.635383916,1202269.6327382438,2459806.502709126,202065.41323459343,1992.0,0.0,all=0.800,all=11393.4|all=13026.6|all=17407.4|all=17954.8|all=9817.32,405885.763768889
pitch_to_mppt,5.0,Graph WaveNet,physical-bin,applicable,5,,17101882.932204418,1667998.886287194,8585.282596488163,837.3488384975868,0.2759036144578313,0.02079428527174963,14131.599809500458,3608.8901106636695,4691691.136754152,1198151.5167403382,2482038.3590900535,222829.81367639147,1992.0,0.0,low=0.800;mid=0.800;high=0.800,low=11911.9;mid=6892.52;high=13901.8|low=12555.8;mid=8927.51;high=12473.4|low=16782.3;mid=7768.22;high=14738.1|low=18516.9;mid=14196.9;high=21497.9|low=21117.3;mid=14356.8;high=19311,587331.5470437631
pitch_to_mppt,5.0,Physics-Aligned MoE,gate-bin,applicable,5,,17112293.188269503,2949972.049975875,8590.50862864935,1480.9096636425074,0.23885542168674698,0.027306191508669773,22056.135112999622,7048.877226146257,7322636.857515874,2340227.2390805567,1957931.2661507265,235674.8720513963,1992.0,0.0,low=0.800;mid=0.800;high=0.800,low=22177.5;mid=12942.8;high=3747.59|low=24275.2;mid=13094.1;high=201.019|low=29859.3;mid=12198.6;high=27834.9|low=32676.2;mid=12725.7;high=12657.2|low=48135.4;mid=17974.7;high=13364.9,597741.8031088486
pitch_to_mppt,5.0,Physics-Aligned MoE,global,applicable,5,,17358923.6730162,2766555.7894899785,8714.31911295994,1388.833227655612,0.2536144578313253,0.027781960863077867,19267.844506950387,5248.967867353492,6396924.3763075285,1742657.331961359,2192399.859341734,275067.51897783956,1992.0,0.0,all=0.800,all=12964.8|all=14997.4|all=20736.7|all=21742|all=25898.3,844372.2878555469
pitch_to_mppt,5.0,Physics-Aligned MoE,physical-bin,applicable,5,,17607109.747528918,2707067.0463868603,8838.91051582777,1358.9694007966168,0.25261044176706826,0.03339655361063254,19664.13062569217,5113.186937442852,6528491.3677298,1697578.063231027,2215723.6759598246,272725.20286271273,1992.0,0.0,low=0.800;mid=0.800;high=0.800,low=19268.4;mid=5866.79;high=14012|low=22330.9;mid=8470.35;high=11091.3|low=23888.8;mid=16263.3;high=26974.8|low=28726.1;mid=11342.8;high=20662.9|low=32500.1;mid=18825.2;high=24873.6,1092558.3623682633
pitch_to_mppt,5.0,Boundary-forced router,gate-bin,applicable,5,,18215127.27250585,2615892.7278606948,9144.14019704109,1313.1991605726378,0.2603413654618474,0.0492333996212317,22219.489927342434,1589.0557709432778,7376870.65587769,527566.5159531679,2167651.323325632,438059.0237869061,1992.0,0.0,low=0.800;mid=0.800;high=0.500|low=0.800;mid=0.800;high=0.800,low=25697.7;mid=15980.4;high=18837.3|low=27984.4;mid=10785.7;high=20416.5|low=28047.8;mid=13914.8;high=19596.7|low=33078.9;mid=6130.44;high=0|low=39441.2;mid=17696.1;high=13002.3,1700575.8873451948
pitch_to_mppt,5.0,Boundary-forced router,global,applicable,5,,18664537.150969595,2752048.800396871,9369.747565747788,1381.5506026088708,0.2761044176706828,0.03290355343006816,19483.980645751973,4079.608424383148,6468681.574389655,1354429.9968952045,2439171.1153159877,379857.3874479426,1992.0,0.0,all=0.800,all=12773.3|all=19162.3|all=20638.1|all=21234.4|all=23611.9,2149985.76580894
pitch_to_mppt,5.0,Boundary-forced router,physical-bin,applicable,5,,18788692.872197513,2649456.82015244,9432.07473503891,1330.0486044941965,0.27730923694779114,0.038244314857366346,20014.397856020645,3461.6475721613288,6644780.088198854,1149266.9939575612,2428782.556799731,351640.92287652503,1992.0,0.0,low=0.800;mid=0.800;high=0.800,low=22090.9;mid=5831.73;high=13062.9|low=22977.9;mid=14111.9;high=19650.3|low=25706.5;mid=12562.3;high=23950.3|low=26967.9;mid=12861.8;high=21377.2|low=31713.4;mid=16978;high=18677.3,2274141.4870368578
pitch_to_mppt,5.0,Graph WaveNet,gate-bin,not_applicable,5,,,0.0,,0.0,,0.0,,0.0,,0.0,,0.0,0.0,0.0,,,
pitch_to_mppt,5.0,PatchTST,gate-bin,not_applicable,5,,,0.0,,0.0,,0.0,,0.0,,0.0,,0.0,0.0,0.0,,,
pitch_to_mppt,10.0,PatchTST,global,applicable,5,,21114425.121352896,939323.3580911256,10599.611004695229,471.5478705276731,0.08473895582329317,0.02323760422723846,49667.32927983345,3154.3584576948315,16489553.320904706,1047247.0079546833,462487.18004481884,152711.76569582467,1992.0,0.0,all=0.900,all=45590.7|all=47921.1|all=49809.6|all=51097.6|all=53917.7,0.0
pitch_to_mppt,10.0,Graph WaveNet,global,applicable,5,,21263732.81855357,1479986.8150385597,10674.56466794858,742.9652685936549,0.09819277108433735,0.018761941569153534,46670.21945935012,3987.814296657348,15494512.86050424,1323954.3464902395,576921.995804933,122099.90586785472,1992.0,0.0,all=0.900,all=40754.8|all=44482.9|all=48402.5|all=49335.2|all=50375.7,149307.69720067456
pitch_to_mppt,10.0,Graph WaveNet,physical-bin,applicable,5,,21592771.94720719,1576696.6806820123,10839.744953417267,791.514397932737,0.10471887550200802,0.018340820686555872,45809.97958571378,4078.549705615672,15208913.222456973,1354078.502264403,638385.8724750215,141262.03188695345,1992.0,0.0,low=0.900;mid=0.900;high=0.900,low=40325.1;mid=37573.9;high=44459.4|low=42606.2;mid=40837.3;high=52050.3|low=46526.4;mid=46121.3;high=53515.4|low=47517.8;mid=46256.1;high=52764.6|low=50450.2;mid=48949.8;high=52746.1,478346.825854294
pitch_to_mppt,10.0,PatchTST,physical-bin,applicable,5,,21619119.15780974,1356738.1656664761,10852.971464763928,681.0934566598776,0.09708835341365461,0.022811280332570606,48625.236042138764,3371.4456220005245,16143578.365990069,1119319.9465041736,547554.0791819675,198738.1507323558,1992.0,0.0,low=0.900;mid=0.900;high=0.900,low=46622.6;mid=36294.9;high=56281|low=49475.8;mid=39789.2;high=51558.2|low=51791.7;mid=46136.5;high=56199.6|low=52365.9;mid=42839.1;high=53023.4|low=53667.9;mid=48290.1;high=61554.8,504694.0364568457
pitch_to_mppt,10.0,Physics-Aligned MoE,global,applicable,5,,22027927.527848434,2831840.5021500955,11058.196550124714,1421.6066777861924,0.0755020080321285,0.012472651975650112,54926.60792961599,8093.122173377656,18235633.832632504,2686916.5615613805,379229.36952159245,53284.94583425207,1992.0,0.0,all=0.900,all=47218.1|all=48865.7|all=54691.7|all=56109.8|all=67747.8,913502.4064955376
pitch_to_mppt,10.0,Physics-Aligned MoE,gate-bin,applicable,5,,22302856.01738627,3218242.8894368755,11196.212860133668,1615.5837798377893,0.08795180722891567,0.017503458703801943,52469.70775027769,5854.278233530709,17419942.973092195,1943620.3735321946,488291.3044294076,152779.0445059224,1992.0,0.0,low=0.900;mid=0.900;high=0.900,low=48353.3;mid=54077.8;high=35963|low=48996.1;mid=41578.1;high=50178|low=55643.7;mid=37234.9;high=59475|low=56645.7;mid=53345.3;high=55826.1|low=79072.9;mid=40401.4;high=51870.1,1188430.8960333727
pitch_to_mppt,10.0,Physics-Aligned MoE,physical-bin,applicable,5,,22556905.94563057,2611564.9798837346,11323.747964673978,1311.0265963271763,0.0895582329317269,0.01262328120064319,54142.08279514134,7902.727426986491,17975171.487986922,2623705.505759514,458173.4457643641,57284.62918499788,1992.0,0.0,low=0.900;mid=0.900;high=0.900,low=47159.8;mid=44244.1;high=61465.7|low=48996.1;mid=36527.2;high=60869|low=55643.7;mid=50103.3;high=58358.1|low=57494.2;mid=51538.9;high=57871.7|low=68707;mid=59369;high=76470.3,1442480.824277673
pitch_to_mppt,10.0,Boundary-forced router,global,applicable,5,,22648302.409330703,2284970.7259722194,11369.62972355959,1147.0736576165757,0.08604417670682732,0.010352812707470002,53219.592873573325,6294.899664068551,17668904.83402634,2089906.6884707585,497939.7575304362,53275.259018065444,1992.0,0.0,all=0.900,all=46341.8|all=47571|all=54599.3|all=56030.4|all=61555.5,1533877.2879778072
pitch_to_mppt,10.0,Boundary-forced router,gate-bin,applicable,5,,23087063.080041375,2593546.7022030223,11589.89110443844,1301.9812762063364,0.09357429718875503,0.023795392539683876,53461.69121489018,4899.484974288282,17749281.48334354,1626629.0114637094,533778.1596697832,169507.58177515844,1992.0,0.0,low=0.900;mid=0.900;high=0.900,low=50990;mid=41851.8;high=43734.3|low=58228.6;mid=48585.5;high=28649.1|low=60517.1;mid=52623.1;high=51167.5|low=60910.2;mid=39114.8;high=68104.5|low=74661.2;mid=47051.7;high=57391.4,1972637.958688479
pitch_to_mppt,10.0,Boundary-forced router,physical-bin,applicable,5,,23214676.427679043,2409820.762403152,11653.954029959361,1209.7493787164417,0.10170682730923694,0.009199220140814887,52983.91333743652,6678.631900367583,17590659.228028923,2217305.790922036,562401.7199650125,65966.5019372306,1992.0,0.0,low=0.900;mid=0.900;high=0.900,low=48365.7;mid=40787.9;high=52091.4|low=50894;mid=41047.2;high=48477.2|low=56165.9;mid=47369.8;high=61380.8|low=57629.8;mid=47497.6;high=67596.5|low=67671.5;mid=53221.7;high=67494,2100251.306326147
pitch_to_mppt,10.0,Graph WaveNet,gate-bin,not_applicable,5,,,0.0,,0.0,,0.0,,0.0,,0.0,,0.0,0.0,0.0,,,
pitch_to_mppt,10.0,PatchTST,gate-bin,not_applicable,5,,,0.0,,0.0,,0.0,,0.0,,0.0,,0.0,0.0,0.0,,,
pitch_to_mppt,20.0,Graph WaveNet,global,applicable,5,,25151711.102991372,1293539.0437334666,12626.360995477595,649.3669898260378,0.03654618473895582,0.0056171087271884995,67554.62316392896,3782.123203593882,22428134.89042441,1255664.9035931681,136178.81062834788,31253.901115364017,1992.0,0.0,all=0.950,all=61503.1|all=66260.5|all=69245.7|all=70186.4|all=70577.3,0.0
pitch_to_mppt,20.0,Graph WaveNet,physical-bin,applicable,5,,25285834.643376827,1331707.3676930529,12693.69209004861,668.5277950266332,0.041767068273092366,0.007852856304522683,66216.4118219558,4156.375146627007,21983848.724889327,1379916.5486801655,165099.29592437533,39746.62478455175,1992.0,0.0,low=0.950;mid=0.950;high=0.950,low=60668.5;mid=56911.6;high=65362.8|low=63113.6;mid=60672.8;high=72970.8|low=67705.4;mid=67699.6;high=73960.8|low=68373.2;mid=69459.1;high=73145.9|low=70426.5;mid=65723.9;high=72584.4,134123.5403854549
pitch_to_mppt,20.0,PatchTST,physical-bin,applicable,5,,25682872.53683421,979703.9638557803,12893.0083016236,491.8192589637453,0.02700803212851406,0.013560722817587198,72372.16873803607,4912.118919083713,24027560.02102797,1630823.4811357914,82765.62579031197,45945.108159068855,1992.0,0.0,low=0.950;mid=0.950;high=0.950,low=68767.9;mid=62822.5;high=70344.5|low=72580.9;mid=59953.3;high=74227.4|low=75911.3;mid=70211.5;high=74995.7|low=76169.8;mid=70372.1;high=75146.4|low=86853.9;mid=67858.6;high=81175.1,531161.4338428378
pitch_to_mppt,20.0,PatchTST,global,applicable,5,,25849911.525585778,925983.4259188602,12976.863215655509,464.8511174291466,0.023995983935742975,0.010333320456321767,73421.08027451395,4329.025083503921,24375798.65113863,1437236.3277233026,73705.64372235708,37664.19994705966,1992.0,0.0,all=0.950,all=67827.8|all=71380.3|all=73708.5|all=74600.1|all=79588.7,698200.4225944057
pitch_to_mppt,20.0,Physics-Aligned MoE,physical-bin,applicable,5,,26877133.707383968,2592267.4066549153,13492.537001698776,1301.3390595657204,0.02188755020080321,0.007253972637826683,77381.92211687949,7306.4792905262875,25690798.142803986,2425751.124454727,59316.77822899898,24191.59520237474,1992.0,0.0,low=0.950;mid=0.950;high=0.950,low=68406.3;mid=66135.7;high=82496.3|low=72280.6;mid=67935.1;high=89237.1|low=75154.9;mid=74106.9;high=79671.3|low=79568.4;mid=78716.3;high=80390.7|low=89399.4;mid=83573.5;high=99519.2,1725422.6043925956
pitch_to_mppt,20.0,Boundary-forced router,gate-bin,applicable,5,,27026570.281931065,2699554.483900835,13567.555362415194,1355.1980340867642,0.03012048192771084,0.007420554969424942,75556.53221076068,7893.061066150951,25084768.693972547,2620496.2739621163,97090.0793979261,36055.359483224805,1992.0,0.0,low=0.950;mid=0.950;high=0.950,low=67505.9;mid=69589.9;high=68991.6|low=70753.7;mid=69749.9;high=50442|low=79160.7;mid=66445.1;high=91313.3|low=83329.5;mid=78814.4;high=76193|low=89613.7;mid=77707.6;high=95384.8,1874859.1789396927
pitch_to_mppt,20.0,Physics-Aligned MoE,gate-bin,applicable,5,,27181668.065930117,2310327.6799090626,13645.41569574805,1159.8030521631836,0.02038152610441767,0.008329401017343373,78439.88266894629,6855.135442854438,26042041.046090167,2275904.967027672,56981.35099199761,30280.18915379078,1992.0,0.0,low=0.950;mid=0.950;high=0.950,low=68526.2;mid=74200.4;high=75474.1|low=69744.8;mid=78217.4;high=85997.4|low=73829.1;mid=77475.3;high=78140.9|low=77539.8;mid=75409.9;high=83255.6|low=92810;mid=82839.7;high=97886.7,2029956.9629387446
pitch_to_mppt,20.0,Physics-Aligned MoE,global,applicable,5,,27241067.572235025,2649025.8719853065,13675.234725017584,1329.8322650528653,0.015963855421686747,0.00782069869070779,79617.6915032005,7938.711393894204,26433073.579062566,2635652.182772875,40399.69965862318,26013.674728671092,1992.0,0.0,all=0.950,all=72337.2|all=76171.4|all=76683.7|all=79917.7|all=92978.5,2089356.4692436531
pitch_to_mppt,20.0,Boundary-forced router,physical-bin,applicable,5,,27286166.95952926,2588229.5756625263,13697.874979683362,1299.3120359751638,0.03132530120481928,0.003378778849490732,75740.38035833466,7905.699791266492,25145806.278967105,2624692.330700475,107018.03402810734,23143.719473684978,1992.0,0.0,low=0.950;mid=0.950;high=0.950,low=66209.2;mid=69010.5;high=71032.6|low=69086.8;mid=65004.8;high=69965.9|low=76971.4;mid=73898.5;high=91658.1|low=80216.7;mid=73504.8;high=84507.9|low=87498.5;mid=80455.8;high=96429.3,2134455.856537886
pitch_to_mppt,20.0,Boundary-forced router,global,applicable,5,,27406681.9382234,2651827.2709712554,13758.37446697962,1331.2385898450077,0.02720883534136546,0.003122958035139717,77489.06573018087,8814.932553357032,25726369.82242005,2926557.607714533,84015.60579016762,20689.554002078807,1992.0,0.0,all=0.950,all=68381.2|all=68584.9|all=80006|all=81905.6|all=88567.6,2254970.835232027
pitch_to_mppt,20.0,Graph WaveNet,gate-bin,not_applicable,5,,,0.0,,0.0,,0.0,,0.0,,0.0,,0.0,0.0,0.0,,,
pitch_to_mppt,20.0,PatchTST,gate-bin,not_applicable,5,,,0.0,,0.0,,0.0,,0.0,,0.0,,0.0,0.0,0.0,,,
pitch_to_mppt,50.0,Graph WaveNet,global,applicable,5,,28045985.105535436,1285185.090400968,14079.309791935459,645.1732381530962,0.014457831325301203,0.003813278918641153,80389.34435211917,4128.674374330887,26689262.32490356,1370719.8922778545,27134.45561263753,9169.322475222483,1992.0,0.0,all=0.975,all=75091.1|all=77432.7|all=81565.9|all=82357.7|all=85499.3,0.0
pitch_to_mppt,50.0,Graph WaveNet,physical-bin,applicable,5,,28174252.405095767,1340322.0876106883,14143.701006574178,672.8524536198236,0.018875502008032126,0.003524797124807622,78742.97487336867,4107.5470291518,26142667.657958396,1363705.6136783971,40631.694942747265,15010.885980675308,1992.0,0.0,low=0.975;mid=0.975;high=0.975,low=73877.3;mid=70039.8;high=80577.4|low=75381.1;mid=71167.9;high=87313.7|low=78677.7;mid=78261.4;high=85418.8|low=82992.8;mid=82548.1;high=88751.7|low=84541;mid=74227.6;high=86569.1,128267.29956033081
pitch_to_mppt,50.0,PatchTST,global,applicable,5,,29473190.65038728,1921794.9889325094,14795.778438949439,964.7565205484485,0.006927710843373494,0.00394324033868584,87335.79277787861,6573.97536618613,28995483.202255696,2182559.8215737958,9554.148962631605,5411.455947930327,1992.0,0.0,all=0.975,all=80469.9|all=84565|all=86421.1|all=87064|all=98158.9,1427205.5448518433
pitch_to_mppt,50.0,PatchTST,physical-bin,applicable,5,,29660641.09377855,2300993.5987694445,14889.880067157905,1155.117268458557,0.006927710843373494,0.00394324033868584,87807.22846273883,7770.135402696377,29151999.84962929,2579684.9536951976,10172.824882985195,5955.917812365288,1992.0,0.0,low=0.975;mid=0.975;high=0.975,low=103363;mid=100179;high=94242.2|low=80004.2;mid=79776.9;high=80919|low=84569.4;mid=90028.2;high=86998.8|low=86193.7;mid=81186.2;high=86433|low=87612.8;mid=85518.6;high=87530.3,1614655.9882431142
pitch_to_mppt,50.0,Physics-Aligned MoE,physical-bin,applicable,5,,30184569.58493055,2733723.736867869,15152.896377977188,1372.3512735280467,0.006325301204819276,0.003613063095471202,89315.57417654748,8706.208067271558,29652770.62661376,2890461.0783341546,10635.979166335908,7566.369551555956,1992.0,0.0,low=0.975;mid=0.975;high=0.975,low=101997;mid=99690.7;high=114282|low=77618;mid=77384.8;high=92855.2|low=83350.8;mid=82164.6;high=104751|low=85461.5;mid=84277.4;high=90990.8|low=89724.1;mid=92702.9;high=93528.4,2138584.479395114
pitch_to_mppt,50.0,Boundary-forced router,physical-bin,applicable,5,,30411254.213313825,2659780.1002427144,15266.693882185655,1335.2309740174271,0.011345381526104417,0.003914375238879102,88610.96178672275,8472.302156376529,29418839.313191958,2812804.3159170058,19848.298002437376,9989.500745167743,1992.0,0.0,low=0.975;mid=0.975;high=0.975,low=79204.7;mid=82556;high=84285.2|low=80004.5;mid=77131.9;high=80967|low=89064.2;mid=87624.4;high=104389|low=91388.8;mid=90650.3;high=96786.7|low=99605.9;mid=93976.7;high=113930,2365269.107778389
pitch_to_mppt,50.0,Boundary-forced router,gate-bin,applicable,5,,30592169.69475361,2783707.006268741,15357.51490700483,1397.4432762393278,0.010642570281124497,0.006373722991206377,89071.0459442047,8757.887077578956,29571587.253475964,2907618.509756213,20411.648825553093,15037.699700513396,1992.0,0.0,low=0.975;mid=0.975;high=0.975,low=100127;mid=93931.2;high=113308|low=78050.6;mid=83225;high=74857.5|low=80512.7;mid=84700.3;high=81051.6|low=88166.4;mid=89876.7;high=103330|low=96227.3;mid=91659.4;high=92107.1,2546184.589218173
pitch_to_mppt,50.0,Boundary-forced router,global,applicable,5,,30659168.12749402,2756598.8290661164,15391.148658380529,1383.8347535472465,0.007630522088353414,0.0036269863189133424,90803.90734458268,9404.190010569719,30146897.238401443,3122191.0835091453,10245.417781851527,10071.915771798156,1992.0,0.0,all=0.975,all=102980|all=79989.5|all=82700.9|all=93893.2|all=94455.5,2613183.021958582
pitch_to_mppt,50.0,Physics-Aligned MoE,gate-bin,applicable,5,,30670611.93359554,2529056.318147429,15396.893540961615,1269.6065854153753,0.006425702811244981,0.0045790177714824815,90390.93879650491,8493.103974541042,30009791.68043963,2819710.5195476264,13216.405063118224,9486.030613929024,1992.0,0.0,low=0.975;mid=0.975;high=0.975,low=102624;mid=103370;high=112926|low=76181.9;mid=85115.8;high=88988.1|low=78296.5;mid=93121.8;high=104751|low=84136.4;mid=86821.7;high=90345.9|low=88141.9;mid=91355.6;high=96111.1,2624626.8280601017
pitch_to_mppt,50.0,Physics-Aligned MoE,global,applicable,5,,30959763.35261739,2558368.302533028,15542.049875811941,1284.3214370145724,0.003413654618473895,0.0038625269200143262,92453.25250584864,8022.136310799484,30694479.831941742,2663349.255185427,5305.670413512746,6523.840779405347,1992.0,0.0,all=0.975,all=105559|all=84759.8|all=87313.9|all=92193.8|all=92440.1,2913778.247081954
pitch_to_mppt,50.0,Graph WaveNet,gate-bin,not_applicable,5,,,0.0,,0.0,,0.0,,0.0,,0.0,,0.0,0.0,0.0,,,
pitch_to_mppt,50.0,PatchTST,gate-bin,not_applicable,5,,,0.0,,0.0,,0.0,,0.0,,0.0,,0.0,0.0,0.0,,,
