subset,cost_ratio,model,policy,risk_bin,status,n_runs,total_cost_mean,total_cost_std,mean_cost_mean,mean_cost_std,violation_rate_mean,violation_rate_std,mean_reserve_mean,mean_reserve_std,reserve_energy_mean,reserve_energy_std,shortage_energy_mean,shortage_energy_std
boundary,2.0,Graph WaveNet,global,all,applicable,5,27817612.8753013,5028263.721897189,2600.992321206293,470.15088563788584,0.32370266479663395,0.03541818039020921,0.0,0.0,0.0,0.0,13908806.437650654,2514131.8609485943
boundary,2.0,PatchTST,global,all,applicable,5,29875364.090483375,2172559.2575325705,2793.395426880166,203.1378454915914,0.3483122954651707,0.027547651320500258,0.0,0.0,0.0,0.0,14937682.045241687,1086279.628766287
boundary,2.0,Physics-Aligned MoE,global,all,applicable,5,32391432.47896701,8975585.253541574,3028.651938192334,839.2319077645228,0.3496961196820944,0.06492037509817593,0.0,0.0,0.0,0.0,16195716.23948351,4487792.626770786
boundary,2.0,Boundary-forced router,global,all,applicable,5,35325338.53598951,9896025.476240287,3302.976955211735,925.2945746835236,0.3982047685834503,0.0789021523092418,0.0,0.0,0.0,0.0,17662669.267994758,4948012.738120146
boundary,2.0,PatchTST,physical-bin,high,applicable,5,748592.9042438547,415311.9016931936,273.60851763298785,151.7952857065766,0.09561403508771929,0.06511728156094891,0.0,0.0,0.0,0.0,374296.4521219273,207655.9508465968
boundary,2.0,Graph WaveNet,physical-bin,high,applicable,5,863552.9548207957,378475.0081208031,315.62607997836096,138.33150881608302,0.10168128654970758,0.04885945445312079,0.0,0.0,0.0,0.0,431776.47741039784,189237.50406040158
boundary,2.0,Physics-Aligned MoE,physical-bin,high,applicable,5,952836.8610504866,777314.3345048164,348.2590866412597,284.10611641257907,0.10935672514619883,0.09108704858423775,0.0,0.0,0.0,0.0,476418.4305252433,388657.1672524082
boundary,2.0,Boundary-forced router,physical-bin,high,applicable,5,1378806.1231151978,696104.4182159619,503.9496064017536,254.42412946489833,0.18377192982456142,0.09374248314084849,0.0,0.0,0.0,0.0,689403.0615575989,348052.20910798095
boundary,2.0,Physics-Aligned MoE,gate-bin,high,applicable,5,2143637.2511811014,1853510.679217593,727.2152710058319,598.6487859673082,0.14095046481196818,0.11167811429025756,0.0,0.0,0.0,0.0,1071818.6255905507,926755.3396087965
boundary,2.0,Boundary-forced router,gate-bin,high,applicable,5,2583765.0898157367,1685816.2560407277,959.6304187303347,633.6858165441312,0.22595571264719644,0.11812087629891453,0.0,0.0,0.0,0.0,1291882.5449078684,842908.1280203639
boundary,2.0,Graph WaveNet,physical-bin,low,applicable,5,16065188.793393588,3442306.461238555,3239.602499171927,694.1533497153771,0.4204073401895544,0.052836003246164255,0.0,0.0,0.0,0.0,8032594.396696794,1721153.2306192776
boundary,2.0,PatchTST,physical-bin,low,applicable,5,17930634.897548795,1046780.6507020594,3615.776345543214,211.08704390039517,0.46251260334744915,0.01844143573677471,0.0,0.0,0.0,0.0,8965317.448774397,523390.3253510293
boundary,2.0,Physics-Aligned MoE,gate-bin,low,applicable,5,18870981.096688695,5547392.596450466,3874.6719376692577,1195.1845650225741,0.4561792231023876,0.07902297741707617,0.0,0.0,0.0,0.0,9435490.548344348,2773696.2982252333
boundary,2.0,Physics-Aligned MoE,physical-bin,low,applicable,5,19498548.318171315,5783793.5080626495,3931.9516673061744,1166.3225464937789,0.4627949183303085,0.07460227862054786,0.0,0.0,0.0,0.0,9749274.15908566,2891896.754031325
boundary,2.0,Boundary-forced router,physical-bin,low,applicable,5,20468188.109540187,6318083.317798542,4127.482982363416,1274.063988263469,0.49126840088727564,0.09008785583616939,0.0,0.0,0.0,0.0,10234094.054770093,3159041.658899271
boundary,2.0,Boundary-forced router,gate-bin,low,applicable,5,21030246.86843627,3574504.620890201,4168.16249695853,1195.8039749985737,0.49441631681677534,0.09953678489878902,0.0,0.0,0.0,0.0,10515123.434218135,1787252.3104451008
boundary,2.0,Graph WaveNet,physical-bin,mid,applicable,5,10888871.12708692,1608674.8191179691,3629.6237090289733,536.2249397059898,0.3663333333333333,0.03838619543533848,0.0,0.0,0.0,0.0,5444435.56354346,804337.4095589851
boundary,2.0,PatchTST,physical-bin,mid,applicable,5,11196136.28869072,924439.9069861923,3732.045429563574,308.14663566206417,0.39,0.02803767306876787,0.0,0.0,0.0,0.0,5598068.14434536,462219.9534930966
boundary,2.0,Physics-Aligned MoE,gate-bin,mid,applicable,5,11376814.131097212,3335702.2933475957,3702.077240632529,997.5643554267838,0.3590583302376186,0.05202925089119223,0.0,0.0,0.0,0.0,5688407.065548606,1667851.1466737979
boundary,2.0,Boundary-forced router,gate-bin,mid,applicable,5,11711326.577737506,7680953.453246635,3847.6820627981715,1564.6745740806582,0.3795755000589906,0.11409231109637863,0.0,0.0,0.0,0.0,5855663.288868753,3840476.7266233177
boundary,2.0,Physics-Aligned MoE,physical-bin,mid,applicable,5,11940047.299745206,2768877.353305221,3980.015766581735,922.959117768407,0.38193333333333335,0.0539909457429875,0.0,0.0,0.0,0.0,5970023.649872603,1384438.6766526112
boundary,2.0,Boundary-forced router,physical-bin,mid,applicable,5,13478344.303334132,3353996.048656787,4492.7814344447115,1117.9986828855956,0.4399333333333333,0.08964076453637969,0.0,0.0,0.0,0.0,6739172.151667066,1676998.0243283934
boundary,5.0,Graph WaveNet,global,all,applicable,5,62608889.02366205,8449971.418732941,5854.033569299865,790.0861541592279,0.22545114539504443,0.01539847332389509,9923.949272841215,2740.882353772981,17689439.578839466,4885622.795600338,8983889.888964519,833249.570828147
boundary,5.0,PatchTST,global,all,applicable,5,65894162.81256311,4027461.8898588642,6161.212044185423,376.574276751647,0.23190275829827023,0.020709440993826343,11450.263690185548,2794.559025723152,20410095.027755737,4981301.463351518,9096813.556961477,1396651.0209882634
boundary,5.0,Physics-Aligned MoE,global,all,applicable,5,70046864.2696406,13933298.107467756,6549.496425398839,1302.7861718062418,0.22702197288452547,0.020121000320906014,13327.753073120117,4520.108923523366,23756719.85283661,8057094.1561803995,9258028.8833608,1321074.2989641826
boundary,5.0,Boundary-forced router,global,all,applicable,5,73613426.13048662,14856845.693065152,6882.975795276916,1389.1393822407808,0.23932678821879386,0.03469544493363377,13803.690365600585,2935.8590746666277,24605078.076683044,5233168.800593264,9801669.610760715,2025360.593724632
boundary,5.0,PatchTST,physical-bin,high,applicable,5,2995692.4547368004,2136002.2810029434,1094.9168328716376,780.7025880858711,0.04707602339181287,0.010044189495507406,4266.834844551093,4998.889852447378,1945676.6891152982,2279493.772716004,210003.15312430053,92944.52096686845
boundary,5.0,Graph WaveNet,physical-bin,high,applicable,5,4180293.3841992244,1614182.5084256146,1527.885008844746,589.9789869976661,0.04597953216374269,0.014597936744288439,7134.671776733402,2913.572156058589,3253410.3301904313,1328588.9031627167,185376.61080175865,76312.97705563034
boundary,5.0,Physics-Aligned MoE,physical-bin,high,applicable,5,4516146.284004417,2588533.4855368766,1650.638261697521,946.1014201523673,0.03808479532163742,0.011224985870236603,7868.506461791998,5285.284115434263,3588038.9465771513,2410089.556638024,185621.46748545318,80736.58365119905
boundary,5.0,Boundary-forced router,physical-bin,high,applicable,5,5166557.105387649,2581387.1617701133,1888.3615151270646,943.4894597112989,0.045394736842105265,0.017190800523917554,9400.39604248047,5560.419977876908,4286580.595371094,2535551.50991187,175995.3020033109,83378.93354008628
boundary,5.0,Physics-Aligned MoE,gate-bin,high,applicable,5,6701668.37186849,4512108.258485809,2326.41680729404,1418.4607415004034,0.07039737507299947,0.040731966228669786,7508.903325805666,5451.7814577015315,3510042.369895021,2761780.2045905767,638325.2003946939,548185.5813178843
boundary,5.0,Boundary-forced router,gate-bin,high,applicable,5,7421624.725336775,4159556.224182765,2749.057752796417,1533.1992225217348,0.07553897812779735,0.040459870876087184,10364.038013916017,5916.178217344401,4686999.397475586,2756214.210722643,546925.0655722378,394315.9014432503
boundary,5.0,Graph WaveNet,physical-bin,low,applicable,5,31907512.861356594,4124837.4884901852,6434.263533243919,831.7881606150808,0.23577334139947567,0.016610060575505667,14842.623701620101,3866.6176658500353,12267428.489389013,3195759.500825054,3928016.874393516,387714.8573379129
boundary,5.0,PatchTST,physical-bin,low,applicable,5,34026918.45771127,2048107.8532333814,6861.649215106125,413.0082381999154,0.25388183101431744,0.0247996987208344,17016.962422180175,1757.6389927435716,14064519.441931915,1452688.627502562,3992479.803155872,642500.2084723406
boundary,5.0,Physics-Aligned MoE,gate-bin,low,applicable,5,35456104.76393471,6776881.712991303,7273.752753982316,1490.681875302567,0.2590861144329713,0.02382592610969863,17299.483903436667,5470.492723688996,14044696.147563655,4316202.785002657,4282281.7232742105,645822.071249345
boundary,5.0,Physics-Aligned MoE,physical-bin,low,applicable,5,36232798.9226384,7277365.937734045,7306.472861996049,1467.506742838081,0.25210727969348656,0.02759023082980038,18346.14529724121,4955.496184288148,15163089.088169862,4095717.596314154,4213941.966893708,837704.5634404741
boundary,5.0,Boundary-forced router,physical-bin,low,applicable,5,36961147.64014034,7860853.56184553,7453.346973208376,1585.1690989807482,0.2567049808429119,0.035591424751223955,19023.19994354248,4036.1923806840505,15722674.75333786,3335913.0026353677,4247694.577360496,972981.3878497657
boundary,5.0,Boundary-forced router,gate-bin,low,applicable,5,38949456.87681446,5583794.876233596,7626.251399806334,1478.965320275415,0.2797536255944854,0.04889816920339871,17250.30203016282,3939.636616762678,14620692.901034277,2436298.756534793,4865752.795156037,1224903.0496673968
boundary,5.0,PatchTST,physical-bin,mid,applicable,5,24133531.696615078,1988656.6405140478,8044.510565538358,662.885546838016,0.2768666666666667,0.030346700351475152,11618.077472410205,3882.7307999299733,5809038.736205102,1941365.3999649861,3664898.592081994,649257.2411032782
boundary,5.0,Boundary-forced router,gate-bin,mid,applicable,5,24189649.552860633,13063532.379415141,8130.012281478781,2334.093808709442,0.25132671239196397,0.06503307365280793,13545.611362915044,4924.836640991437,6670697.955573732,4024914.4238237482,3503790.3194573796,1841943.5834769495
boundary,5.0,Physics-Aligned MoE,gate-bin,mid,applicable,5,24415963.9015613,5856249.38629655,7943.653597724633,1706.0999298217362,0.24889821266189877,0.033876105259411406,14461.877712554933,3434.714020151116,7458058.645195924,2154442.9733372508,3391581.0512730763,825802.8074356425
boundary,5.0,Graph WaveNet,physical-bin,mid,applicable,5,24532056.620437182,2431191.327175836,8177.352206812395,810.397109058612,0.29673333333333335,0.014478720017091756,7807.27530975342,3879.9370569844623,3903637.65487671,1939968.528492231,4125683.7931120945,254957.13064512968
boundary,5.0,Physics-Aligned MoE,physical-bin,mid,applicable,5,25538029.896438412,4247009.95668769,8512.676632146136,1415.6699855625634,0.2790666666666667,0.03297170504134315,13017.511965332033,5082.743008997895,6508755.982666017,2541371.504498947,3805854.7827544794,466986.28637651785
boundary,5.0,Boundary-forced router,physical-bin,mid,applicable,5,27796596.139576245,4806880.23942465,9265.532046525415,1602.29341314155,0.30613333333333337,0.03521016267436938,13032.65125209809,3454.665143471544,6516325.626049045,1727332.571735772,4256054.10270544,659596.1107862864
boundary,10.0,Graph WaveNet,global,all,applicable,5,88797862.32470188,8773504.980857613,8302.74542540457,820.3370716089398,0.10215988779803646,0.0064926771409847634,28228.31696548462,3912.5253683025826,50316974.99097633,6974076.468999353,3848088.733372554,468578.3239799075
boundary,10.0,PatchTST,global,all,applicable,5,91059317.28209841,5471238.2988602575,8514.195164291577,511.5697334137687,0.11568022440392707,0.01790957882900247,27975.910997186602,2682.5908194694634,49867061.35248511,4781718.135704317,4119225.59296133,915430.8740402189
boundary,10.0,Physics-Aligned MoE,global,all,applicable,5,95885726.34221089,14864809.427814256,8965.472308762122,1389.8840044707115,0.10135577372604021,0.016225160889001482,32328.08752652407,5183.536617916696,57624816.01602914,9239654.02143651,3826091.0326181753,736257.2310830663
boundary,10.0,Boundary-forced router,global,all,applicable,5,99547570.53229944,16659584.31456142,9307.860732332814,1557.6983931333727,0.1166713417484806,0.021026374710938076,31140.410457134247,3251.9527883234587,55507781.639841795,5796605.845186565,4403978.889245766,1122363.5224422126
boundary,10.0,PatchTST,physical-bin,high,applicable,5,8599861.879733961,1045205.4544342457,3143.224371247793,382.0195374394173,0.014035087719298244,0.009490967511998235,17975.805773687367,2615.438034082111,8196967.4328014385,1192639.7435414426,40289.44469325222,35556.16705767936
boundary,10.0,Graph WaveNet,physical-bin,high,applicable,5,9360124.589844158,1161455.798209876,3421.098168802689,424.50869817612426,0.014473684210526316,0.010094603126288912,19682.207041320806,2674.1679427792455,8975086.410842288,1219420.5819073364,38503.81790018716,35400.20990489717
boundary,10.0,Physics-Aligned MoE,physical-bin,high,applicable,5,10354360.355733033,2230172.481018395,3784.48843411295,815.1215208400565,0.014400584795321636,0.009117668696523262,21863.427040405273,4787.177347219674,9969722.730424803,2182952.870332171,38463.762530822736,27530.18603261753
boundary,10.0,Boundary-forced router,physical-bin,high,applicable,5,10491647.97751694,915298.2717020175,3834.6666584491736,334.53884199635127,0.012426900584795323,0.0087566875370694,22223.98662261963,2128.0293632783682,10134137.899914552,970381.389654936,35751.00776023863,46559.63212554296
boundary,10.0,Physics-Aligned MoE,gate-bin,high,applicable,5,13282774.933427636,5075750.233501647,4756.794825998261,1409.6832784241515,0.03344419888834521,0.028769951005099544,22304.045622558602,6211.618602520368,10130706.122028815,3016750.0722742286,315206.8811398822,334590.0393222514
boundary,10.0,Boundary-forced router,gate-bin,high,applicable,5,13415973.886399616,3449626.893410674,4992.612548796727,1203.082300895407,0.03308363276492848,0.027282180779865047,24493.664933455002,2894.710320823661,10966769.109578062,1729653.8072516043,244920.47768215532,237136.41959787387
boundary,10.0,Graph WaveNet,physical-bin,low,applicable,5,42971865.97443212,4583557.970660926,8665.429718578767,924.2907785160164,0.10352893728574308,0.005494088134804826,31829.256349787116,3947.333141757331,26306880.37309905,3262470.8416624325,1666498.5601333063,185355.75914488098
boundary,10.0,PatchTST,physical-bin,low,applicable,5,44201432.92924521,2109315.2226485694,8913.376271273486,425.3509220908589,0.10615043355515223,0.01137565601569179,33753.99094216451,1210.3481616064043,27897673.513698965,1000352.755567693,1630375.9415546246,289846.4017785183
boundary,10.0,Physics-Aligned MoE,gate-bin,low,applicable,5,45939064.214368425,6885315.2889602175,9422.362665394761,1543.7549186151782,0.10311357110112955,0.01509446766944589,36078.370524020196,7538.613054118354,29290449.88250028,5530261.4753551595,1664861.4331868142,292426.5551853573
boundary,10.0,Physics-Aligned MoE,physical-bin,low,applicable,5,47209501.45813853,7273831.75151258,9519.963996398172,1466.7940616076992,0.09574510990118976,0.013592856005862616,37800.88449751139,5933.793991409805,31242431.03719316,4904280.733900204,1596707.0420945375,340794.20727033936
boundary,10.0,Boundary-forced router,physical-bin,low,applicable,5,47944784.97638704,8602869.158798546,9668.236534863287,1734.7991850773426,0.10852994555353904,0.021854724885551676,36246.11424213648,4496.747962965162,29957413.4211258,3716562.1913907053,1798737.1555261244,508894.9706180787
boundary,10.0,Boundary-forced router,gate-bin,low,applicable,5,50176363.11882273,6523301.489783893,9790.60016876235,1537.8263924460757,0.1227774045935666,0.029957422773047332,34194.83256801546,2430.1825314080543,29383677.449972957,3116715.106277414,2079268.5668849773,542751.2971917232
boundary,10.0,Boundary-forced router,gate-bin,mid,applicable,5,31533279.386161696,14161719.745042598,10789.824043081855,2022.7258608008894,0.12825439177640435,0.027901019586659557,35402.30966613769,8631.632317121137,17103446.935047604,7716690.544862669,1442983.2451114089,733552.059727622
boundary,10.0,PatchTST,physical-bin,mid,applicable,5,31942195.563083865,3240061.365839361,10647.398521027955,1080.020455279787,0.15413333333333332,0.027003703449712233,30948.639890060447,4374.38296544878,15474319.945030224,2187191.482724389,1646787.5618053642,500599.67734819674
boundary,10.0,Graph WaveNet,physical-bin,mid,applicable,5,31982361.97484345,2842721.0552672907,10660.787324947816,947.573685089097,0.14740000000000003,0.008169727317630892,30130.92087336067,3460.5098721522913,15065460.436680336,1730254.9360761456,1691690.1538163114,206613.35367360027
boundary,10.0,Physics-Aligned MoE,gate-bin,mid,applicable,5,32399439.3795745,6607459.231757046,10542.287862154806,1859.975888490736,0.1188753398196829,0.03274090549010784,36837.77218811037,4898.823178317955,18915155.29519288,3640470.2809678926,1348428.4084381622,516262.97843111906
boundary,10.0,Physics-Aligned MoE,physical-bin,mid,applicable,5,32825596.50620817,4408874.22418219,10941.86550206939,1469.624741394063,0.14506666666666665,0.00942926885347486,34359.485032095945,6574.893721146795,17179742.51604797,3287446.860573397,1564585.3990160204,176155.6194049094
boundary,10.0,Boundary-forced router,physical-bin,mid,applicable,5,35379046.13087828,5351012.650752599,11793.015376959425,1783.6708835841998,0.16933333333333334,0.0305040980853393,33498.47270020964,2637.0869399051853,16749236.350104818,1318543.4699525926,1862980.9780773453,416035.31105296395
boundary,20.0,Graph WaveNet,global,all,applicable,5,113093817.69370842,9054554.250136979,10574.457007359368,846.6156381614752,0.04431977559607293,0.00487061861267471,47933.99878371358,4274.2821075557595,85442352.83196945,7618907.856718142,1382573.2430869492,234496.63039076264
boundary,20.0,PatchTST,global,all,applicable,5,114577475.60496435,4790877.386049098,10713.181449739537,447.95487480589986,0.04347826086956522,0.009066043244422131,49406.69420194626,2440.9106028993137,88067432.4149692,4350923.149668026,1325502.1594997575,346875.78269682545
boundary,20.0,Physics-Aligned MoE,global,all,applicable,5,120422503.55024326,15517437.265691862,11259.701126717464,1450.9057751932546,0.04071061243571762,0.003306178723280655,54542.284486484525,7597.544625012839,97221622.09715867,13542623.294085387,1160044.0726542305,154809.17032311225
boundary,20.0,Boundary-forced router,global,all,applicable,5,122265327.65801641,15684953.433197834,11432.008196167968,1466.568810958189,0.048770453482935947,0.0072067868434049906,51703.50611381531,6029.590792859564,92161499.64787579,10747745.588272173,1505191.4005070324,309551.50862143195
boundary,20.0,PatchTST,physical-bin,high,applicable,5,18042241.699257188,2015615.095530331,6594.386585985814,736.7014238049455,0.0,0.0,39566.31951591488,4420.208542829664,18042241.699257188,2015615.0955303262,0.0,0.0
boundary,20.0,Boundary-forced router,physical-bin,high,applicable,5,19170675.28927446,2210422.9743594658,7006.825763623708,807.9031339033135,0.0,0.0,42040.95458174225,4847.4188034198905,19170675.28927446,2210422.9743594695,0.0,0.0
boundary,20.0,Graph WaveNet,physical-bin,high,applicable,5,19380204.311381392,2077699.4158833078,7083.408008545831,759.3930613608582,0.0,0.0,42500.44805127499,4556.358368165153,19380204.311381392,2077699.4158833092,0.0,0.0
boundary,20.0,Physics-Aligned MoE,physical-bin,high,applicable,5,21041997.23951862,2463149.1626224993,7690.788464736337,900.2738167479894,0.0,0.0,46144.730788418026,5401.64290048794,21041997.23951862,2463149.1626225016,0.0,0.0
boundary,20.0,Boundary-forced router,gate-bin,high,applicable,5,21538845.25216654,4344050.417689213,8022.9841020294525,1451.3490849001762,0.012641391272530247,0.01654053414418073,44844.78430477141,7978.316535626703,20075162.194801632,4071602.284661532,73184.15286824545,105754.46231225863
boundary,20.0,Physics-Aligned MoE,gate-bin,high,applicable,5,22826336.702971566,5497079.823371175,8276.747550540154,1213.117173273356,0.011121680392663758,0.010635515201488893,47133.242387790655,5434.121961691794,21570682.039919578,4307156.901432854,62782.73315259948,62238.47256218395
boundary,20.0,Graph WaveNet,physical-bin,low,applicable,5,53337071.90193547,4980737.892654026,10755.610385548594,1004.3835234228728,0.05162331115144182,0.005125333747585739,46437.48671213388,5541.684669174411,38380582.767578654,4580202.37907265,747824.4567178411,126726.23951255178
boundary,20.0,PatchTST,physical-bin,low,applicable,5,54828007.37682798,2514479.3997205687,11056.262830576321,507.053720451819,0.04726759427303892,0.0068748782363390396,49668.16003564596,1076.627957586504,41050734.269461386,889833.0069452454,688863.6553683296,141365.7681313519
boundary,20.0,Physics-Aligned MoE,gate-bin,low,applicable,5,56571687.60520329,7421063.8895598585,11602.859997150075,1701.7507301700218,0.051176035745724865,0.012660186953291326,52670.99150772094,10117.157514682594,42756130.02067419,7234447.785837549,690777.8792264549,229554.55444939557
boundary,20.0,Physics-Aligned MoE,physical-bin,low,applicable,5,57892155.67989461,7813023.728919871,11674.159241761365,1575.5240429360501,0.047227263561201854,0.008291615754231117,54249.90133782625,8068.186467578067,44837543.4557134,6668356.115453271,652730.6112090611,153113.34001776163
boundary,20.0,Boundary-forced router,physical-bin,low,applicable,5,58369099.48284185,8926720.135736292,11770.336657157057,1800.1048872224828,0.056422665860052436,0.012686076534843256,51353.483818459514,6482.742723326285,42443654.37595679,5357986.8608291745,796272.2553442533,236019.4344566293
boundary,20.0,Boundary-forced router,gate-bin,low,applicable,5,60953661.06953182,7414627.978937073,11868.719854790459,1560.236329422733,0.06329124875178713,0.017928438569967783,49326.23333954571,5123.889420322633,42515478.24708424,6989166.594315808,921909.141122379,235167.594890082
boundary,20.0,PatchTST,physical-bin,mid,applicable,5,36554630.85311823,2516050.341310555,12184.87695103941,838.6834471035186,0.0626,0.021075789164083248,53972.30743320822,4168.836913794244,26986153.716604106,2084418.456897122,478423.8568257062,214294.1831281365
boundary,20.0,Graph WaveNet,physical-bin,mid,applicable,5,36697108.23201902,2436286.0582192894,12232.369410673005,812.0953527397627,0.06120000000000001,0.0109509005210632,54149.10637962816,3672.6795066612194,27074553.189814083,1836339.7533306081,481127.75211024686,97760.55568979496
boundary,20.0,Physics-Aligned MoE,physical-bin,mid,applicable,5,37244191.19558698,4529955.6117385,12414.730398528995,1509.9852039128332,0.05086666666666667,0.008827356468514356,60372.50499176023,8500.392270978602,30186252.495880116,4250196.1354893,352896.93498534313,63817.94200315959
boundary,20.0,Boundary-forced router,gate-bin,mid,applicable,5,37278278.861565515,14565418.993537765,12914.54391589066,1668.488358519527,0.049023655996926443,0.01578111980432776,59969.64682759999,8209.82057432617,28496837.864341527,9952970.524033178,439072.0498611995,272334.7747170086
boundary,20.0,Physics-Aligned MoE,gate-bin,mid,applicable,5,38614123.86755508,6382227.162162014,12568.641920952865,1619.628651259704,0.04401982108186488,0.014283498312753364,62142.31443667173,6743.768518337977,31889668.995078497,5410741.428396062,336222.7436238296,140368.53319545154
boundary,20.0,Boundary-forced router,physical-bin,mid,applicable,5,39049844.3469286,4083721.5586140663,13016.61478230953,1361.240519538022,0.060933333333333325,0.0068815372959503416,57997.65844884992,5806.8224524417,28998829.22442496,2903411.22622085,502550.7561251818,73903.67890811735
boundary,50.0,Graph WaveNet,global,all,applicable,5,136899994.45630687,10568748.404024908,12800.373488200736,988.1952691935396,0.02359981299672744,0.002774967263438922,63176.23552104831,3784.684362706575,112611639.8162686,6746199.876524473,485767.0928007652,113429.8942125874
boundary,50.0,PatchTST,global,all,applicable,5,138086281.23256996,5696902.536560705,12911.293242877044,532.6697088883316,0.01924263674614306,0.004624031701542828,67397.58430311084,3379.251795093312,120136194.02029507,6023516.324753829,359001.7442454983,138600.6701262157
boundary,50.0,Physics-Aligned MoE,global,all,applicable,5,144624473.0942139,15790693.757170152,13522.624880244402,1476.4557042702338,0.015783076203833565,0.0035409848624701756,72665.61838786975,7768.8295438062905,129526464.77637783,13847938.661834713,301960.16635672166,50591.647488175346
boundary,50.0,Boundary-forced router,global,all,applicable,5,146528704.20481938,17735056.274477296,13700.6736049387,1658.2567811572976,0.020514258999532492,0.0030703579792179243,70390.19901354014,7858.726701878968,125470529.7416353,14008180.346099263,421163.4892636818,107451.90651007899
boundary,50.0,Graph WaveNet,physical-bin,high,applicable,5,28032612.989130646,1909804.0357468277,10245.838080822605,698.027790843139,0.0,0.0,61475.028484935625,4188.1667450588275,28032612.989130646,1909804.035746827,0.0,0.0
boundary,50.0,PatchTST,physical-bin,high,applicable,5,29339779.66794155,2016653.6766619356,10723.6036798032,737.0810221717603,0.0,0.0,64341.622078819215,4422.486133030564,29339779.66794156,2016653.6766619382,0.0,0.0
boundary,50.0,Boundary-forced router,gate-bin,high,applicable,5,31022807.760356463,8427652.438677078,11535.926424343237,2841.262526866029,0.002442528735632184,0.0045250067609981385,68337.88910647406,17320.06386112083,30637708.20413046,8567674.984045945,7701.9911245200665,12951.989231305217
boundary,50.0,Boundary-forced router,physical-bin,high,applicable,5,32368351.218081962,5570128.842361655,11830.537725907148,2035.865804956745,0.0,0.0,70983.2263554429,12215.194829740472,32368351.21808196,5570128.842361654,0.0,0.0
boundary,50.0,Physics-Aligned MoE,physical-bin,high,applicable,5,33806565.267563224,4299157.058988136,12356.200755688315,1571.3293344254882,0.0,0.0,74137.20453412987,9427.976006552937,33806565.267563224,4299157.058988137,0.0,0.0
boundary,50.0,Physics-Aligned MoE,gate-bin,high,applicable,5,34073530.82005941,7617936.492660929,12379.677959865201,1580.6070436799516,0.0009947918590152806,0.0016949864446776093,74007.12144665721,9740.577165531384,33947384.83820585,7673761.96669035,2522.9196370712607,4860.178943178053
boundary,50.0,Graph WaveNet,physical-bin,low,applicable,5,66169447.84028943,7069774.988233163,13343.304666321725,1425.6452890165683,0.03198225448679169,0.0038063945501234883,57757.20004181862,4276.176860686959,47736325.83456309,3534260.175357772,368662.4401145269,105647.69480561148
boundary,50.0,PatchTST,physical-bin,low,applicable,5,66539132.821630344,3942468.003073207,13417.852958586478,795.0127047939517,0.028594474692478323,0.004108985078265789,62168.058057117465,2296.6556506376432,51381899.984207585,1898185.8952520124,303144.6567484552,80112.26405022915
boundary,50.0,Physics-Aligned MoE,gate-bin,low,applicable,5,68759399.01535793,8608022.47404163,14101.518644203334,1951.9646970068911,0.029954626964044696,0.011940289031621022,63729.11528725264,10536.435588366474,51767103.83818176,7573686.699807675,339845.90354352316,159473.1300494501
boundary,50.0,Physics-Aligned MoE,physical-bin,low,applicable,5,69915617.41029994,8677958.101116778,14098.733093426083,1749.941137551276,0.026618269812462188,0.008212277755312455,65527.57400650978,9109.198599234061,54158539.91638033,7528752.6422669515,315141.54987839214,94692.71724477905
boundary,50.0,Boundary-forced router,physical-bin,low,applicable,5,71280950.17441872,12343716.56681017,14374.057304782964,2489.1543792720645,0.03319217584190361,0.006409602074919155,62793.942550387976,6531.903270856248,51899193.51789566,5398618.053362688,387635.1331304609,168395.77614991946
boundary,50.0,Boundary-forced router,gate-bin,low,applicable,5,73959137.17634055,8210929.800339871,14434.310530421553,2101.9484722550924,0.03559693081529693,0.008503775292604623,61652.29684015749,7034.572853482937,53121728.52135925,9009196.942703068,416748.17309962574,144944.09539667176
boundary,50.0,PatchTST,physical-bin,mid,applicable,5,41366437.92478723,1241484.2267410352,13788.812641595743,413.82807558034517,0.01773333333333333,0.009976082508791827,76096.8054185443,4869.07335415123,38048402.709272146,2434536.6770756156,66360.7043103016,41256.705911530706
boundary,50.0,Graph WaveNet,physical-bin,mid,applicable,5,41580577.193048306,2307554.456627674,13860.192397682767,769.1848188758911,0.0304,0.004232152066161035,68977.56694682602,4144.461141123957,34488783.473413005,2072230.570561976,141835.87439270594,30671.42915369629
boundary,50.0,Physics-Aligned MoE,physical-bin,mid,applicable,5,42133476.60477722,4428866.237042939,14044.492201592404,1476.2887456809801,0.014600000000000002,0.005634220837386873,79101.30112249914,7916.329238626648,39550650.56124956,3958164.619313323,51656.520870552995,25033.51612991925
boundary,50.0,Boundary-forced router,gate-bin,mid,applicable,5,42603218.72587216,15308309.85905934,14850.39614590909,1492.0859426525528,0.022148608728797408,0.007721867797642135,78708.22382861486,7407.154091986709,37318227.29291747,12213676.768634316,105699.82865909394,69722.49876688172
boundary,50.0,Boundary-forced router,physical-bin,mid,applicable,5,43839951.44549225,4090901.680057765,14613.31714849742,1363.6338933525876,0.022799999999999997,0.005649975417842295,77819.79703058246,6427.404384854391,38909898.51529123,3213702.192427195,98601.05860402051,36788.238312989255
boundary,50.0,Physics-Aligned MoE,gate-bin,mid,applicable,5,44390839.73565817,6744349.601375299,14439.243906353193,1505.690046201446,0.013961105297784129,0.004615520634943388,80863.28252264901,7542.9128431454355,41462542.82202796,6217520.070985662,58565.93827260404,18763.21707421961
full,2.0,Graph WaveNet,global,all,applicable,5,189527633.26178402,37604991.4584811,1918.6065887368804,380.6789708705974,0.6152838516358925,0.020246025924555777,125.03463401794434,279.5859412059312,2058570.2144714356,4603102.936014451,93734531.52365628,16703623.33849338
full,2.0,Physics-Aligned MoE,global,all,applicable,5,206311478.40064025,29348968.042485587,2088.5110787236827,297.10244617028644,0.5788548752834467,0.01152597733032831,583.6289601974189,471.08999786063526,9608867.200690305,7756025.724777499,98351305.59997499,10891364.061032653
full,2.0,Boundary-forced router,global,all,applicable,5,212361825.38476497,35292647.38019452,2149.7593272672193,357.2708877975636,0.5978356818918044,0.027074657917204068,383.6670902967453,312.4901136258186,6316694.974645615,5144837.230735478,103022565.20505969,15809409.3657253
full,2.0,PatchTST,global,all,applicable,5,216863946.4932724,23015763.271025248,2195.3347353141435,232.99080084857115,0.6093537414965987,0.03068706287869965,591.9568037867546,576.2245906633672,9745976.817545127,9486961.660681676,103558984.83786361,7462687.684555594
full,2.0,Graph WaveNet,physical-bin,high,applicable,5,13032393.535852961,1984163.2410943115,2041.41502754589,310.802512702743,0.23762531328320802,0.031409473525283865,0.0,0.0,0.0,0.0,6516196.767926481,992081.6205471557
full,2.0,PatchTST,physical-bin,high,applicable,5,13456781.281486323,1252767.5384604854,2107.891804744098,196.23551667614117,0.249937343358396,0.04031012736725747,0.0,0.0,0.0,0.0,6728390.640743162,626383.7692302428
full,2.0,Physics-Aligned MoE,physical-bin,high,applicable,5,14517642.485527763,3848190.232089288,2274.066805377156,602.7866904901767,0.25065789473684214,0.06546751465467304,0.0,0.0,0.0,0.0,7258821.24276388,1924095.116044644
full,2.0,Boundary-forced router,physical-bin,high,applicable,5,16563686.868188893,4338194.753166444,2594.5624793528964,679.5417846438664,0.3126566416040101,0.08079996959347194,0.0,0.0,0.0,0.0,8281843.434094447,2169097.376583222
full,2.0,Physics-Aligned MoE,gate-bin,high,applicable,5,41959897.3949624,11710063.917347359,2643.437093065738,680.2005541741619,0.33758200950637895,0.06983131914603613,0.0,0.0,0.0,0.0,20979948.6974812,5855031.95867368
full,2.0,Boundary-forced router,gate-bin,high,applicable,5,48869119.11034925,18899285.837115373,3018.499318279567,806.0426545640606,0.39547748136143623,0.07131881276355688,0.0,0.0,0.0,0.0,24434559.555174626,9449642.918557689
full,2.0,Physics-Aligned MoE,gate-bin,low,applicable,5,55008266.021522954,10134398.592164688,1580.2210636566085,224.53204299213542,0.5466912401082089,0.028058129823463316,2115.211151844263,362.94167446509175,12204600.466762647,2131680.919290334,21401832.77738015,4245298.991208412
full,2.0,Boundary-forced router,gate-bin,low,applicable,5,63145783.79799889,12125442.81580469,1685.8003722666047,298.2539368425282,0.562340377660768,0.017418627391373103,2098.853474342823,837.8743471586135,12989168.255563505,5138715.847858771,25078307.771217696,4363735.656644632
full,2.0,Graph WaveNet,physical-bin,low,applicable,5,174879296.81725472,34763945.532323405,1892.6330824378215,376.23317675674684,0.5973593073593074,0.01659262803733739,520.5840668201447,495.88618587625206,8016994.629030228,7636647.262494281,83431151.09411225,13810238.282859905
full,2.0,Physics-Aligned MoE,physical-bin,low,applicable,5,189913235.23058632,27535583.481607746,2055.3380436210637,298.0041502338501,0.5460649350649351,0.01529187193069961,1310.5837767839432,599.3502466516894,20182990.162472725,9229993.798436018,84865122.53405678,9978181.66816459
full,2.0,Boundary-forced router,physical-bin,low,applicable,5,193613167.10148835,33634246.163555525,2095.380596336454,364.0069931120728,0.5708658008658009,0.014150069731212432,1033.734980338812,591.1936858626835,15919518.697217703,9104382.762285326,88846824.20213531,12420793.424921703
full,2.0,PatchTST,physical-bin,low,applicable,5,200695337.01793382,21949762.912649546,2172.0274569040457,237.55154667369638,0.5828593073593074,0.02095968375648783,1279.4392298221587,686.9896859958776,19703364.139261246,10579641.164336516,90495986.43933631,5722290.736902353
full,2.0,Boundary-forced router,gate-bin,mid,applicable,5,96380772.23458625,24407654.869879805,2135.8086825515,463.3250530770782,0.5301778580029064,0.06669981371191742,502.3442110061645,830.2840948652469,3894929.026360003,6828201.073321953,46242921.60411312,9055159.365789149
full,2.0,Physics-Aligned MoE,gate-bin,mid,applicable,5,106308847.45390657,18947650.229992945,2204.303983436127,386.8341894319849,0.5414371157740376,0.03790656287451937,665.2775925993919,948.5202430874065,5402254.614536643,7734665.195016677,50453296.41968496,6442127.051795719
full,2.0,Boundary-forced router,physical-bin,mid,applicable,5,,0.0,,0.0,,0.0,,0.0,,0.0,,0.0
full,2.0,Graph WaveNet,physical-bin,mid,applicable,5,,0.0,,0.0,,0.0,,0.0,,0.0,,0.0
full,2.0,PatchTST,physical-bin,mid,applicable,5,,0.0,,0.0,,0.0,,0.0,,0.0,,0.0
full,2.0,Physics-Aligned MoE,physical-bin,mid,applicable,5,,0.0,,0.0,,0.0,,0.0,,0.0,,0.0
full,5.0,Graph WaveNet,global,all,applicable,5,340973716.716179,56012346.1567571,3451.7099602787807,567.018405376955,0.22852486232588273,0.009083965350865851,9025.42117634341,1481.8753935322675,148594534.24731794,24397596.47911525,38475836.49377223,6478522.718104137
full,5.0,Physics-Aligned MoE,global,all,applicable,5,371093274.5307692,48808533.596308164,3756.613161349704,494.0935130821605,0.19243197278911564,0.008200662594908575,11769.380538177491,1708.1300837212398,193771081.1805542,28122653.69838649,35464438.67004301,4817583.485435838
full,5.0,PatchTST,global,all,applicable,5,373283805.692212,23530644.471715562,3778.788120466999,238.20299311341472,0.2248785228377065,0.00901829479520806,11036.526006305217,1592.3299349371916,181705364.1678091,26216120.048805922,38315688.30488059,1158808.562466215
full,5.0,Boundary-forced router,global,all,applicable,5,376986084.61205274,52022307.64553974,3816.2666485671034,526.6268590615863,0.2132531584062196,0.016175147161837763,11062.348344131558,1564.9024499788054,182130503.13778198,25764553.93645105,38971116.29485415,6839435.872664542
full,5.0,Graph WaveNet,physical-bin,high,applicable,5,32879629.95829501,4042628.669225849,5150.3179759234035,633.2438391644502,0.15648496240601503,0.012785735994137307,11348.585750122083,2189.4758103787967,12074895.238129895,2329602.2622430394,4160946.944033022,446300.58546989766
full,5.0,PatchTST,physical-bin,high,applicable,5,33686840.42187953,2355738.9762841556,5276.760717712959,369.0067318740848,0.15623433583959898,0.017748468397164877,12010.150886230487,3483.399556805099,12778800.542949237,3706337.128440625,4181607.9757860587,753015.5268889555
full,5.0,Physics-Aligned MoE,physical-bin,high,applicable,5,36455586.30549382,7191863.6430982165,5710.461514018456,1126.545056876287,0.15272556390977446,0.018440515990844873,14897.45288436891,4589.680990614903,15850889.86896852,4883420.574014258,4120939.287305061,541829.8133118645
full,5.0,Boundary-forced router,physical-bin,high,applicable,5,38737801.20303007,7094403.165173863,6067.95131626411,1111.2786912866325,0.16773182957393484,0.021393309505336786,14688.958083190922,3645.2385980988315,15629051.400515143,3878533.8683771556,4621749.960502986,805351.039484037
full,5.0,Physics-Aligned MoE,gate-bin,high,applicable,5,92573704.95631692,18665651.97758567,5853.2715030154695,1081.9300624691184,0.18220787203686814,0.02113526971055308,15568.403724136355,3726.187624537643,41007127.36725437,10317734.700020695,10313315.517812507,1997668.3036480853
full,5.0,Boundary-forced router,gate-bin,high,applicable,5,100907459.11578123,32085184.485006243,6282.105115235359,1307.7732930775144,0.21673735186132653,0.021831536588147186,14943.30216003776,3215.8177262097734,39886158.80277501,12551631.239521736,12204260.062601244,3939685.77627222
full,5.0,Physics-Aligned MoE,gate-bin,low,applicable,5,88665817.00773112,15227118.308778618,2547.727995248742,322.72184571906115,0.23570852365802386,0.023032604061516727,8583.734446052611,1274.3162871932554,49579516.1993356,7911427.342794317,7817260.161679107,1801805.6147743885
full,5.0,Boundary-forced router,gate-bin,low,applicable,5,102624084.03466763,18884632.0479646,2729.802949489887,369.5187753594149,0.2581127644624071,0.010574864597213818,8338.256540269853,2214.3988668194306,51559298.81150188,12230167.27509315,10212957.044633145,3574204.5495066396
full,5.0,Graph WaveNet,physical-bin,low,applicable,5,309438598.40200204,52976193.97298492,3348.9025801082475,573.335432608062,0.24,0.011386374385834667,8719.885359196665,1404.4924077036806,134286234.5316286,21629183.07863668,35030472.77407469,6453886.458243919
full,5.0,Physics-Aligned MoE,physical-bin,low,applicable,5,334922933.3700796,44191513.662100784,3624.7070711047572,478.26313487122076,0.20348484848484846,0.008556278014505883,11295.734874649052,1674.1379881142766,173954317.06959537,25781725.016959857,32193723.26009684,5553686.134515254
full,5.0,Boundary-forced router,physical-bin,low,applicable,5,338811655.3081659,48781713.32044828,3666.7928063654317,527.9406203511719,0.22714718614718615,0.008890264801988219,10472.266577935225,1996.5548526672183,161272905.30020243,30746944.73107516,35507750.0015927,6617999.811223214
full,5.0,PatchTST,physical-bin,low,applicable,5,340073689.53651464,24196245.64137128,3680.451185460116,261.86413031787083,0.23167532467532465,0.006227668073043508,10905.362751446664,1423.9261179369018,167942586.37227863,21928462.216228288,34426220.632847205,903161.0432123691
full,5.0,Boundary-forced router,gate-bin,mid,applicable,5,170915058.58033037,31869973.98897308,3778.3067425070935,502.1944485271556,0.2327159179233603,0.02208937395480481,10745.503451786935,2675.5415084529213,81011050.08156201,23748204.68457564,17980801.699753664,3699868.666577518
full,5.0,Physics-Aligned MoE,gate-bin,mid,applicable,5,187953766.72401267,28217236.06521214,3897.8543876591198,580.4157395993766,0.21402083628411864,0.013261327853934255,11853.386492042691,1495.2928656074664,95346564.93499087,12938331.782738233,18521440.35780435,3692023.207395544
full,5.0,Boundary-forced router,physical-bin,mid,applicable,5,,0.0,,0.0,,0.0,,0.0,,0.0,,0.0
full,5.0,Graph WaveNet,physical-bin,mid,applicable,5,,0.0,,0.0,,0.0,,0.0,,0.0,,0.0
full,5.0,PatchTST,physical-bin,mid,applicable,5,,0.0,,0.0,,0.0,,0.0,,0.0,,0.0
full,5.0,Physics-Aligned MoE,physical-bin,mid,applicable,5,,0.0,,0.0,,0.0,,0.0,,0.0,,0.0
full,10.0,Graph WaveNet,global,all,applicable,5,464072749.19116163,72125949.26407823,4697.853389123357,730.1379703603641,0.09010568513119534,0.012216032190709051,17493.529828035833,1737.1150585182893,288013475.08878195,28599862.323445115,17605927.410237983,4524201.880786637
full,10.0,PatchTST,global,all,applicable,5,496714146.7952903,24837951.884131674,5028.285418643609,251.4369926722109,0.09273566569484937,0.00408530865453514,19345.792599821092,1780.4634763844504,318509129.36345446,29313550.675193593,17820501.743183587,1452983.422914995
full,10.0,Boundary-forced router,global,all,applicable,5,510197097.3707291,76661283.64847873,5164.774633247582,776.0495996161194,0.08711329770003237,0.010215568096264725,20076.334963618217,1811.332472271915,330536778.84101033,29821777.823484804,17966031.852971863,5491895.698171872
full,10.0,Physics-Aligned MoE,global,all,applicable,5,510836452.5728525,70920394.0809473,5171.24688788521,717.9340184741184,0.07492103984450924,0.002462171491024606,21062.1404165566,2435.534775569535,346767079.81818783,40098644.54497682,16406937.275466468,3477184.3097723625
full,10.0,PatchTST,physical-bin,high,applicable,5,51921309.53464947,2621939.070225338,8133.037207808501,410.7047415766506,0.07653508771929825,0.01341669857578095,32737.012133502994,3987.9062754660213,34832180.91004719,4243132.277095844,1708912.8624602295,483805.8328668003
full,10.0,Graph WaveNet,physical-bin,high,applicable,5,52066919.6896334,4013718.2364859884,8155.84581604533,628.7152626074541,0.06889097744360903,0.007146016757099156,34150.30935352326,3091.9184375173986,36335929.15214875,3289801.217518511,1573099.0537484644,282280.66258127266
full,10.0,Physics-Aligned MoE,physical-bin,high,applicable,5,55895793.68991993,7890664.122184074,8755.606781002496,1236.0062848032696,0.06553884711779448,0.005723959419864436,39403.05300369265,5903.3601289846865,41924848.39592898,6281175.177239705,1397094.5293990965,198077.88439285767
full,10.0,Boundary-forced router,physical-bin,high,applicable,5,56966572.967970334,7490603.693137312,8923.335364657007,1173.3401774964461,0.07897869674185463,0.0073624886609363685,36994.235895347614,5749.998651525264,39361866.99264986,6117998.56522288,1760470.5975320481,251634.67853132947
full,10.0,Physics-Aligned MoE,gate-bin,high,applicable,5,131600861.29768543,20754200.021163374,8341.707909450415,1266.7324241378576,0.08018058867242465,0.010324134046295813,33852.20952312469,3905.3787700402263,89077108.44248259,11825325.724328145,4252375.285520282,1117034.0157992805
full,10.0,Boundary-forced router,gate-bin,high,applicable,5,137860800.4160547,40554146.43862283,8595.671101140915,1571.3794796013076,0.1013437506652258,0.017061697492323686,31628.223609771736,4607.5053422185665,83854910.91961914,18849876.97911384,5400588.949643555,2211726.0461301156
full,10.0,Physics-Aligned MoE,gate-bin,low,applicable,5,107827336.74556074,16647452.873682255,3099.869911086488,330.83163318701946,0.10675624907945988,0.013649124263608852,13699.034865911008,2201.6931888317986,79279480.00285111,14753418.863349503,2854785.67427096,680693.4900167099
full,10.0,Boundary-forced router,gate-bin,low,applicable,5,126421088.24282579,30085364.373063847,3346.2500405861197,531.7207200199018,0.12562872690209698,0.011662640395845747,13314.546208610544,2586.8942619768472,82593509.52704556,14032431.989778837,4382757.871578022,2985242.155941719
full,10.0,Graph WaveNet,physical-bin,low,applicable,5,412360971.8848601,71138311.81876528,4462.781081004979,769.8951495537367,0.1082056277056277,0.012167307124498386,15702.04625844955,1631.601678883498,241811512.38012308,25126665.854805846,17054945.95047369,4688283.592869194
full,10.0,PatchTST,physical-bin,low,applicable,5,445083367.1024872,26544747.71068284,4816.919557386224,287.2808193796845,0.10788095238095237,0.0075340122253030285,17849.862730827328,1623.7952172711664,274887886.05474085,25006446.345975965,17019548.10477461,945867.165422198
full,10.0,Boundary-forced router,physical-bin,low,applicable,5,448218562.0002985,71655469.62799002,4850.850238098468,775.4920955410176,0.10467748917748917,0.0071098023372621715,17880.36753129512,2168.9379920714036,275357659.98194486,33401645.077899605,17286090.201835357,5776617.034747152
full,10.0,Physics-Aligned MoE,physical-bin,low,applicable,5,449555324.6735695,62757957.88503053,4865.3173665970735,679.1986784094213,0.08893073593073594,0.005153341694812124,18976.579551224415,2140.2845097520153,292239325.0888559,32960381.450181033,15731599.958471358,3856402.346876535
full,10.0,Boundary-forced router,gate-bin,mid,applicable,5,223510729.85962766,39225555.061937444,4937.197855814252,578.0899867600158,0.12373898801008461,0.014300931382111992,17490.2841608391,2891.8368141547935,131872373.1025312,28135218.8937498,9163835.675709646,2943911.486037983
full,10.0,Physics-Aligned MoE,gate-bin,mid,applicable,5,248013319.2822742,37797802.208099395,5144.121968451667,783.8868824854001,0.10740570616084208,0.009289265290286576,19089.556083517076,2025.5742196374204,153517038.0865683,17528159.077745672,9449628.119570587,2355524.498682934
full,10.0,Boundary-forced router,physical-bin,mid,applicable,5,,0.0,,0.0,,0.0,,0.0,,0.0,,0.0
full,10.0,Graph WaveNet,physical-bin,mid,applicable,5,,0.0,,0.0,,0.0,,0.0,,0.0,,0.0
full,10.0,PatchTST,physical-bin,mid,applicable,5,,0.0,,0.0,,0.0,,0.0,,0.0,,0.0
full,10.0,Physics-Aligned MoE,physical-bin,mid,applicable,5,,0.0,,0.0,,0.0,,0.0,,0.0,,0.0
full,20.0,Graph WaveNet,global,all,applicable,5,620494799.1047535,81481728.22656342,6281.328951092823,824.8474269776826,0.033792921930677025,0.00789740216181204,27843.877178967745,2258.6712494624135,458421593.8745249,37186763.45114917,8103660.261511423,2285885.3903909083
full,20.0,PatchTST,global,all,applicable,5,646546446.7992893,27930252.357970238,6545.0523040096505,282.74064988227076,0.03703231292517007,0.0027637760092412613,28925.579205901176,2191.6941081717964,476230736.04595697,36084051.79694046,8515785.53766662,1314291.2790467162
full,20.0,Boundary-forced router,global,all,applicable,5,672443564.0960423,104139770.58440009,6807.21133074225,1054.2169843739885,0.03409054097829608,0.007656095543466182,30424.35779311806,2902.8497453903883,500906626.7058957,47792518.208107345,8576846.869507326,2871514.9402632033
full,20.0,Physics-Aligned MoE,global,all,applicable,5,683746104.2396878,93780855.83887105,6921.628039355439,949.3526870634016,0.029676870748299323,0.003491005395362616,32305.404545378686,3946.679103939495,531876180.4351147,64978124.76725984,7593496.190228654,1503185.5709377679
full,20.0,Graph WaveNet,physical-bin,high,applicable,5,68962286.85229665,4018746.9201620338,10802.363228743208,629.5029636845295,0.02926065162907268,0.004715406638585109,56495.68642574304,3505.768223579388,60111410.35699059,3730137.389888467,442543.8247653028,88959.01501843636
full,20.0,PatchTST,physical-bin,high,applicable,5,69495758.15880062,2496020.143909901,10885.927029887314,390.9805989833806,0.027349624060150374,0.005754953694496929,57590.268178474835,3818.805351296049,61276045.34189723,4063208.8937789947,410985.640845169,156500.77693259314
full,20.0,Boundary-forced router,physical-bin,high,applicable,5,74396238.48050082,9082526.242778623,11653.546127897996,1422.7014791319905,0.028790726817042606,0.0050629416127394725,61515.42075277326,9477.277110547411,65452407.680950746,10083822.845622446,447191.53997750336,76338.92762658169
full,20.0,Physics-Aligned MoE,physical-bin,high,applicable,5,75319439.96449699,8410161.428251639,11798.157889175593,1317.3811761045802,0.020895989974937346,0.007156481586966711,65678.12162845608,7867.359879765177,69881521.41267726,8370870.912070148,271895.9275909859,138779.1673875651
full,20.0,Physics-Aligned MoE,gate-bin,high,applicable,5,169655237.7427346,25184861.591585703,10759.45579667609,1571.4077942323183,0.032093851905625734,0.005371172068823191,54607.020703189366,6763.181641222943,143644044.35394758,19455397.58268966,1300559.6694393507,415757.5472786367
full,20.0,Boundary-forced router,gate-bin,high,applicable,5,172587448.92775163,44565016.98329017,10769.496587589052,1487.803576998643,0.04127106308137358,0.009826409156568768,51095.318444576245,7028.634725776453,135677863.4679491,31256428.703072656,1845479.2729901257,700817.8404522821
full,20.0,Physics-Aligned MoE,gate-bin,low,applicable,5,125209497.82149477,18575633.897516634,3599.7666070388455,350.1136578311579,0.04683095661127583,0.007591645060758935,17767.72590574784,2609.865507054855,102875561.11046958,18268477.834605373,1116696.8355512596,426766.4230306363
full,20.0,Boundary-forced router,gate-bin,low,applicable,5,149192539.4428721,48030756.39171798,3926.3938387957014,889.1919132715293,0.058354519290550244,0.01268694438015124,17496.44030479163,2308.057490954705,108875537.46574643,13395825.646552548,2015850.0988562834,2203082.3169087935
full,20.0,Graph WaveNet,physical-bin,low,applicable,5,530997891.80112994,91699444.89928332,5746.730430748159,992.4182348407285,0.04911038961038961,0.011181930575311713,22560.164253873827,1864.7197128138203,347426529.5096569,28716683.577332817,9178568.114573648,3167855.269303264
full,20.0,PatchTST,physical-bin,low,applicable,5,563531480.366766,31986993.718152557,6098.825545094871,346.1795856942918,0.0506969696969697,0.004534984591983397,24616.76069107055,2112.289401030263,379098114.64248645,32529256.775866065,9221668.28621398,856429.0563736288
full,20.0,Boundary-forced router,physical-bin,low,applicable,5,570557544.6038592,104184318.18337919,6174.865201340468,1127.5359110755326,0.04884199134199134,0.007473474641888679,24802.414483887394,2463.905520506162,381957183.0518658,37944145.01579488,9430018.077599669,3761955.112122529
full,20.0,Physics-Aligned MoE,physical-bin,low,applicable,5,579051193.2358232,86932108.74508318,6266.787805582501,940.8236877173505,0.041662337662337665,0.00456096996392901,26330.392780337766,2971.2066292550744,405488048.81720173,45756582.09052813,8678157.220931072,2366261.87363326
full,20.0,Boundary-forced router,gate-bin,mid,applicable,5,278473856.96047086,51496487.41762145,6149.548134518756,817.1536486301744,0.06602972847994674,0.012021160238284668,23160.341833865634,2769.5190078250807,174277340.96377224,28390228.132317934,5209825.799834929,2127896.8543884307
full,20.0,Physics-Aligned MoE,gate-bin,mid,applicable,5,311738399.9893037,50828455.4849192,6466.452686430086,1057.6131995733087,0.05583683345113029,0.0056777147899876755,25641.469758117186,2922.9631249357785,206135155.3109132,24344833.832635745,5280162.233919523,1408641.7342335503
full,20.0,Boundary-forced router,physical-bin,mid,applicable,5,,0.0,,0.0,,0.0,,0.0,,0.0,,0.0
full,20.0,Graph WaveNet,physical-bin,mid,applicable,5,,0.0,,0.0,,0.0,,0.0,,0.0,,0.0
full,20.0,PatchTST,physical-bin,mid,applicable,5,,0.0,,0.0,,0.0,,0.0,,0.0,,0.0
full,20.0,Physics-Aligned MoE,physical-bin,mid,applicable,5,,0.0,,0.0,,0.0,,0.0,,0.0,,0.0
full,50.0,Graph WaveNet,global,all,applicable,5,846561290.5114262,84395283.04977162,8569.82193990349,854.3416246535031,0.012504049238743117,0.003441729368101572,42735.522501805426,3178.972701306373,703597642.4697244,52338606.554308124,2859272.9608340366,739052.9070651096
full,50.0,PatchTST,global,all,applicable,5,871715903.1384592,31270283.254545625,8824.464519947149,316.5521061563173,0.012568837058632976,0.0027474241529691756,43801.52338700295,2239.16476972917,721148281.0436165,36865608.76882105,3011352.4418968516,876533.5853050232
full,50.0,Boundary-forced router,global,all,applicable,5,911457639.4482015,126369548.94834358,9226.773965907452,1279.2511838794092,0.013016277939747328,0.003928220746006439,45731.261457946894,6107.5049288639875,752919488.6436377,100553961.14881665,3170763.0160912788,910343.0559474546
full,50.0,Physics-Aligned MoE,global,all,applicable,5,934123473.7190775,119643274.96313208,9456.222401594161,1211.1604608350754,0.010617103984450923,0.0019042914799020218,49384.76445636749,6257.687216029311,813070762.0096344,103026562.32470657,2421054.234188861,516945.35711029195
full,50.0,Graph WaveNet,physical-bin,high,applicable,5,83209916.46202058,4222600.694768428,13034.134784151092,661.4349459223732,0.009837092731829573,0.0015796744655988354,74754.47709839222,3992.3188630794366,79538763.63268933,4247827.27031652,73423.05658662514,20136.91412968082
full,50.0,PatchTST,physical-bin,high,applicable,5,86237058.50059155,4404051.585439088,13508.311168639024,689.8577044860727,0.007111528822055138,0.0042619759662260925,78704.98229707358,5316.971040737414,83742101.1640863,5657257.187344609,49899.14673010506,28724.507616353803
full,50.0,Boundary-forced router,physical-bin,high,applicable,5,90976860.17595188,10600004.388317797,14250.761305756876,1660.4016898994043,0.007612781954887219,0.00355407338368215,82810.45557640077,11859.342856984802,88110324.73329039,12618340.799831823,57330.70885323013,43689.16310138824
full,50.0,Physics-Aligned MoE,physical-bin,high,applicable,5,92844077.28673577,8811253.201196646,14543.245189025027,1380.208834773911,0.003665413533834586,0.0026872139953939464,86207.31157124235,8626.806540362488,91724579.51180184,9178922.158945687,22389.95549867855,21759.701696192362
full,50.0,Physics-Aligned MoE,gate-bin,high,applicable,5,208476218.4424347,27582804.24266959,13203.068604753524,1543.917265118963,0.01118675199273858,0.004720488129235852,73404.9479910093,7653.572347043242,193430079.16068202,25866162.929186806,300922.78563505283,117345.48717333048
full,50.0,Boundary-forced router,gate-bin,high,applicable,5,210560721.94297943,52330715.17741418,13145.220700168316,1674.2141979305948,0.015622462424576922,0.0028522874465654164,70171.26922029312,9465.968139083743,186619784.8887433,43981278.62319683,478818.7410847222,188490.44029785518
full,50.0,Physics-Aligned MoE,gate-bin,low,applicable,5,146393847.156071,22098616.61550646,4207.249800003424,407.59139447049034,0.020952082127707012,0.004991657995892746,21223.97247084132,2853.7199805797172,122860092.79311411,19974059.756522577,470675.087259138,273580.9169373244
full,50.0,Boundary-forced router,gate-bin,low,applicable,5,179186890.365134,78109806.2898164,4682.008683993234,1544.5503439182799,0.025251958507500883,0.010235304305288153,21582.202739361557,1969.5848929266506,134994639.9810611,18943877.438089877,883845.0076814585,1244661.5674472987
full,50.0,Graph WaveNet,physical-bin,low,applicable,5,715317948.4104983,125416761.2994383,7741.536238208855,1357.3242564874274,0.025517316017316015,0.006859305310235898,29937.309529329963,2521.517893635588,461034566.7516815,38831375.56198806,5085667.633176331,1743221.833430098
full,50.0,PatchTST,physical-bin,low,applicable,5,747048472.0166618,39474361.37656131,8084.940173340496,427.2117032095382,0.02644805194805195,0.0021716251844195603,31838.081573901174,2509.580965579799,490306456.2380781,38647546.8699289,5134840.315571676,800921.7481810276
full,50.0,Boundary-forced router,physical-bin,low,applicable,5,764038911.8701067,159096482.27231717,8268.819392533624,1721.8234012155538,0.0245995670995671,0.006671746567715657,32342.82819939136,3191.8253382210473,498079554.27062684,49154110.20860413,5319187.151989599,2243686.3060065703
full,50.0,Physics-Aligned MoE,physical-bin,low,applicable,5,770137811.2657268,119494674.51939684,8334.824797248128,1293.2324082185805,0.02162337662337662,0.0026019868456020664,34823.20651012777,4256.102375721068,536277380.25596774,65543976.58610443,4677208.620195188,1141883.7532219456
full,50.0,Boundary-forced router,gate-bin,mid,applicable,5,373816359.21573824,86142249.50768393,8242.230190270222,1524.9890047048941,0.037388173772213644,0.010908187879187665,28477.98268385887,2822.081055413072,214049477.26445988,29056269.56419836,3195337.6390255685,1575508.7178875443
full,50.0,Physics-Aligned MoE,gate-bin,mid,applicable,5,412808044.68489504,71105668.29477338,8563.86031390847,1480.3591951304031,0.033476351636300736,0.006545932630422396,31744.540364449,4539.206558369463,255182525.37094793,36964854.074305095,3152510.386278941,843344.7958485128
full,50.0,Boundary-forced router,physical-bin,mid,applicable,5,,0.0,,0.0,,0.0,,0.0,,0.0,,0.0
full,50.0,Graph WaveNet,physical-bin,mid,applicable,5,,0.0,,0.0,,0.0,,0.0,,0.0,,0.0
full,50.0,PatchTST,physical-bin,mid,applicable,5,,0.0,,0.0,,0.0,,0.0,,0.0,,0.0
full,50.0,Physics-Aligned MoE,physical-bin,mid,applicable,5,,0.0,,0.0,,0.0,,0.0,,0.0,,0.0
high_ramp,2.0,Graph WaveNet,global,all,applicable,5,28941108.315632027,4018689.872400424,4658.903463559566,646.923675531298,0.444011590470058,0.03325514759480919,0.0,0.0,0.0,0.0,14470554.157816013,2009344.936200212
high_ramp,2.0,PatchTST,global,all,applicable,5,30506493.637264002,1904521.7940299043,4910.8972371641985,306.58753928362904,0.4632002575660013,0.027480161964342303,79.99498045444489,178.8742141549058,82821.46976383527,185194.4363883791,15211836.08375008,946098.6753092178
high_ramp,2.0,Physics-Aligned MoE,global,all,applicable,5,31988837.08421299,6097760.20722152,5149.523033517867,981.6098208663103,0.45598840952994213,0.03525261898639572,0.0,0.0,0.0,0.0,15994418.542106494,3048880.10361076
high_ramp,2.0,Boundary-forced router,global,all,applicable,5,32798469.536314476,7076311.57175561,5279.856654268267,1139.1357971274322,0.4676754668383773,0.046950274393550206,0.0,0.0,0.0,0.0,16399234.768157238,3538155.785877805
high_ramp,2.0,Graph WaveNet,physical-bin,high,applicable,5,4021869.7903208868,518213.1677728488,8378.895396501848,1079.6107661934352,0.6304166666666667,0.03589142577893004,1750.9170776367187,2425.0630674267763,140073.3662109375,194005.04539414213,1940898.2120549746,196488.43880511238
high_ramp,2.0,PatchTST,physical-bin,high,applicable,5,4023808.6939501897,424635.49195453833,8382.934779062893,884.657274905288,0.6520833333333333,0.029682930934947917,2934.1903182983397,3149.372415712876,234735.2254638672,251949.79325703008,1894536.7342431613,262652.3622512095
high_ramp,2.0,Physics-Aligned MoE,physical-bin,high,applicable,5,4153796.792957732,657464.8996694562,8653.743318661942,1369.7185409780343,0.6229166666666666,0.03320286968856088,5124.661078453064,4326.515225835642,409972.8862762451,346121.2180668514,1871911.9533407434,205566.8542857827
high_ramp,2.0,Boundary-forced router,physical-bin,high,applicable,5,4460168.629486892,637655.4923448263,9292.017978097692,1328.448942385055,0.6729166666666666,0.0693627992274437,4200.559894371033,2833.5115460236075,336044.7915496826,226680.9236818886,2062061.9189686044,260877.28308708876
high_ramp,2.0,Boundary-forced router,gate-bin,high,applicable,5,4881321.551504893,3017703.94956363,7928.953970883896,2356.280164349255,0.5844761141636143,0.12256611834467124,4265.788200557232,4203.6773771272965,400424.9610993862,434451.1172865852,2240448.2952027535,1349050.4762424661
high_ramp,2.0,Physics-Aligned MoE,gate-bin,high,applicable,5,5260217.304251188,1599297.3123645151,8991.830028980465,1962.6985959701856,0.6220411276507767,0.040301511480604506,6478.32060546875,5464.101881729405,606321.6066467285,516818.5350522225,2326947.8488022303,671868.798875711
high_ramp,2.0,Boundary-forced router,gate-bin,low,applicable,5,8850218.45594225,4309218.440121648,2477.479013922005,812.9559249837758,0.29949524741420386,0.039180721287400765,0.0,0.0,0.0,0.0,4425109.227971125,2154609.2200608244
high_ramp,2.0,Physics-Aligned MoE,gate-bin,low,applicable,5,10403227.486301508,1881902.3599574019,2832.528989326388,580.7407487674341,0.3160453656756024,0.029792105231963326,0.0,0.0,0.0,0.0,5201613.743150754,940951.1799787008
high_ramp,2.0,Graph WaveNet,physical-bin,low,applicable,5,19468765.32928879,3093289.1495361947,3865.918452996185,614.2353354916985,0.402263701350278,0.03377545864595161,0.0,0.0,0.0,0.0,9734382.664644392,1546644.5747680978
high_ramp,2.0,PatchTST,physical-bin,low,applicable,5,20804220.344611414,1707202.5776139589,4131.100147857707,338.9997175563859,0.4191818903891978,0.030343269249519574,0.0,0.0,0.0,0.0,10402110.172305707,853601.2888069797
high_ramp,2.0,Boundary-forced router,physical-bin,low,applicable,5,21761891.242637023,5207846.535736674,4321.26513952284,1034.1236171041846,0.41759332803812554,0.043679371731936756,0.0,0.0,0.0,0.0,10880945.621318512,2603923.2678683363
high_ramp,2.0,Physics-Aligned MoE,physical-bin,low,applicable,5,21857162.31153523,4411123.894333085,4340.183143672604,875.9181680566095,0.41286735504368544,0.035780526664238005,0.0,0.0,0.0,0.0,10928581.155767616,2205561.947166543
high_ramp,2.0,Graph WaveNet,physical-bin,mid,applicable,5,5240188.855829103,460923.2897355677,7529.006976765953,662.2461059419076,0.5502873563218391,0.010260673029515567,8152.539235705137,4364.629091948462,945694.551341796,506296.97466602153,2147247.1522436533,104507.12800195253
high_ramp,2.0,PatchTST,physical-bin,mid,applicable,5,5324064.6327470485,217831.56003393183,7649.518150498634,312.9763793590977,0.5209770114942528,0.050303774003086756,14470.984033203125,4158.325899507465,1678634.1478515626,482365.8043428659,1822715.2424477437,290071.177121516
high_ramp,2.0,Physics-Aligned MoE,physical-bin,mid,applicable,5,5595669.4360699905,1032997.2382798359,8039.754936882169,1484.1914343101091,0.5281609195402298,0.04951792307879831,14602.564309328794,5074.374272929992,1693897.4598821402,588627.415659879,1950885.9880939252,297820.70911352267
high_ramp,2.0,Boundary-forced router,physical-bin,mid,applicable,5,6046656.2090900615,1027678.6842318467,8687.72443834779,1476.5498336664461,0.5528735632183908,0.04601516017911865,15415.463146972656,3282.741035577169,1788193.7250488282,380797.96012695157,2129231.2420206163,369668.5090887313
high_ramp,2.0,Physics-Aligned MoE,gate-bin,mid,applicable,5,15740276.66125026,4331085.163342046,8037.756218611507,1396.1268705026807,0.6102711598674905,0.038390604906773956,4359.8278949558735,4673.307546280454,1503499.7642672001,1869730.8225628403,7118388.4484915305,2047582.6394525156
high_ramp,2.0,Boundary-forced router,gate-bin,mid,applicable,5,18137169.256221287,4854046.607594946,8520.412540685018,1975.2530836171914,0.6135488003813321,0.08938172378151568,7690.023840045929,2409.3465711202925,2709158.667647028,875417.020587277,7714005.294287128,2466317.2932621697
high_ramp,5.0,Graph WaveNet,global,all,applicable,5,54712518.074481085,5330579.053624543,8807.552813020136,858.1099571192112,0.2099806825499034,0.011228541933062306,30612.289989404693,3324.9263665177596,31693924.23569699,3442407.09813472,4603718.767756817,621151.4326173213
high_ramp,5.0,PatchTST,global,all,applicable,5,55962981.1781472,2919558.694453161,9008.850801375916,469.9869115346364,0.21635544108177718,0.01764352077976737,31049.029654560087,2368.622403702691,32146095.369021215,2452313.728633519,4763377.161825197,854419.5135384197
high_ramp,5.0,Physics-Aligned MoE,global,all,applicable,5,59023831.10703574,8808252.929632338,9501.582599329644,1417.9415533857593,0.20492594977462977,0.022537312572906854,35183.720039997104,4464.429421360862,36426878.148077,4622172.594248945,4519390.591791748,1021191.1136646488
high_ramp,5.0,Boundary-forced router,global,all,applicable,5,59538377.319099054,9783375.38466441,9584.413605778984,1574.9155480786237,0.22160334835801673,0.029781634494550856,32899.472508544924,3659.974053301297,34061920.53718018,3789293.136517941,5095291.3563837735,1300359.3864557187
high_ramp,5.0,PatchTST,physical-bin,high,applicable,5,5323048.4646089515,587307.5280789526,11089.68430126865,1223.5573501644842,0.32208333333333333,0.07791778074069844,40555.026441879294,4084.537771239514,3244402.1153503433,326763.02169916115,415729.2698517218,138794.1386189454
high_ramp,5.0,Graph WaveNet,physical-bin,high,applicable,5,5437690.423193458,702022.128458408,11328.521714986371,1462.5461009550168,0.31625000000000003,0.06149186938124421,40984.77656280521,4383.920506984399,3278782.1250244165,350713.64055875194,431781.6596338085,152872.50469691269
high_ramp,5.0,Physics-Aligned MoE,physical-bin,high,applicable,5,5442861.435504863,766476.5886376064,11339.294657301798,1596.8262263283468,0.31083333333333335,0.0620714474080743,44279.39147678376,6265.644629700888,3542351.3181427,501251.57037607086,380102.0234724323,100294.22790018289
high_ramp,5.0,Boundary-forced router,physical-bin,high,applicable,5,5799668.686561958,814823.2022119686,12082.643097004078,1697.5483379416016,0.3579166666666666,0.049682149432388925,42762.45952394487,3594.399298734346,3420996.7619155897,287551.94389874773,475734.38492927345,141661.91930065447
high_ramp,5.0,Physics-Aligned MoE,gate-bin,high,applicable,5,6950789.218372688,1951498.5809703846,11882.169588807656,2242.192381198182,0.3095270415094976,0.0816189755892561,45851.48294189454,6184.364406806952,4410698.85635254,763843.7470827113,508018.0724040298,241602.9366799044
high_ramp,5.0,Boundary-forced router,gate-bin,high,applicable,5,7151770.75646991,4359257.032821017,11222.21435413622,2288.886677781946,0.3067288614163614,0.0951817293373709,40751.45842969658,7409.662397830147,4152213.0340522304,2148169.279494812,599911.5444835358,446623.5344944584
high_ramp,5.0,Boundary-forced router,gate-bin,low,applicable,5,21841685.886177115,10820289.731728973,6104.415119230236,2061.114674042499,0.24904074023984296,0.08199136770156402,4400.407255696064,5374.610448454648,2212364.361652326,2623518.7748585795,3925864.304904958,2505942.9479751247
high_ramp,5.0,Physics-Aligned MoE,gate-bin,low,applicable,5,24559133.548118252,3954172.9384150975,6685.069775690179,1246.696026498326,0.2423615452470544,0.041853528075876015,8185.188928699502,8528.48805556459,4938960.1547043845,5017218.845312441,3924034.6786827743,864899.8365949312
high_ramp,5.0,Graph WaveNet,physical-bin,low,applicable,5,40090651.883972324,4707383.295000516,7960.812526602924,934.746484313049,0.22478157267672758,0.008123199828865271,20369.301351690294,2919.094105565463,17096633.601185385,2450092.9859379446,4598803.656557387,549129.2807343524
high_ramp,5.0,PatchTST,physical-bin,low,applicable,5,41512745.325569734,2505905.1888446067,8243.198039231478,497.5983297944015,0.22712470214455918,0.016424656365019507,22306.070751142503,2721.12658787802,18722228.717125606,2283932.2494256175,4558103.321688826,629103.6159700105
high_ramp,5.0,Boundary-forced router,physical-bin,low,applicable,5,43575570.655574635,8542436.685647447,8652.813871241984,1696.274163154775,0.23697378872120728,0.019501180034216244,22148.304662513732,4294.024046615029,18589810.38006986,3604117.5164588806,4997152.055100955,1093049.1902635535
high_ramp,5.0,Physics-Aligned MoE,physical-bin,low,applicable,5,44036963.84781174,7599352.68340641,8744.4328530206,1509.0056956724407,0.22013502779984115,0.017438949236987515,24582.720214748384,3166.515954381531,20633096.500245474,2657762.3910442325,4680773.469513254,1081750.343888432
high_ramp,5.0,Graph WaveNet,physical-bin,mid,applicable,5,7857942.870259961,443516.1999391405,11290.147802097645,637.235919452788,0.16724137931034483,0.009344604908913276,53132.10399641991,4197.6655951828525,6163324.06358471,486929.2090412109,338923.7613350507,36699.42864010768
high_ramp,5.0,PatchTST,physical-bin,mid,applicable,5,8114661.009624836,244494.95029342955,11658.995703483959,351.2858481227437,0.1275862068965517,0.025447669732888943,61665.53033124805,3902.053260686803,7153201.518424774,452638.1782396691,192291.8982400124,84917.6233269208
high_ramp,5.0,Physics-Aligned MoE,physical-bin,mid,applicable,5,8441225.504463993,1114242.0811191793,12128.197563885047,1600.9225303436483,0.1235632183908046,0.018760869047702005,64771.3266204834,9476.051505612284,7513473.887976075,1099221.9746510251,185550.32329758405,60176.93183322046
high_ramp,5.0,Boundary-forced router,physical-bin,mid,applicable,5,8643339.933517803,930325.2433296591,12418.591858502585,1336.6742001862915,0.14942528735632182,0.012020977392730971,63168.18200683594,6821.980971102937,7327509.112792969,791349.7926479407,263166.1641449665,49920.79875014312
high_ramp,5.0,Physics-Aligned MoE,gate-bin,mid,applicable,5,22335689.87835661,5730109.734520334,11430.882274581276,1805.9788972776284,0.22849180422997795,0.02527706378253505,46111.381846019045,6299.664430230486,15021599.904461447,3825982.0326257013,1462817.9947790327,485061.64701772167
high_ramp,5.0,Boundary-forced router,gate-bin,mid,applicable,5,25106209.9487518,5408499.665702863,11769.50039018721,1926.5890463416179,0.23985469474857032,0.056173951435190536,46742.30244771958,3217.5738263562516,16647328.055835675,2776726.0819516643,1691776.3785832245,688421.8534255055
high_ramp,10.0,Graph WaveNet,global,all,applicable,5,67146943.1515401,5733176.521357891,10809.231028902139,922.9195945521396,0.09652285898261428,0.009958328205111656,49904.16445625304,3958.1501965940733,51667444.93370732,4098004.836873729,1547949.8217832753,234563.42189252825
high_ramp,10.0,PatchTST,global,all,applicable,5,69062526.54269509,2949226.4720014366,11117.599250272873,474.7627933035153,0.08866709594333548,0.01740856990182482,53145.37802742004,2632.9269531219506,55023181.38438889,2725957.038798925,1403934.5158306207,387032.0100046472
high_ramp,10.0,Physics-Aligned MoE,global,all,applicable,5,71674992.8998112,9251520.854832534,11538.150820961235,1489.2982702563638,0.08406310367031553,0.018044490119425195,57176.20734798639,7264.154692444816,59196433.34094858,7520821.491577865,1247855.9558862592,339386.8845517465
high_ramp,10.0,Boundary-forced router,global,all,applicable,5,72145883.88304992,9696043.040380822,11613.954263208294,1560.8568963909884,0.09520283322601417,0.019186411640286328,54522.44016428754,6036.592072507583,56448899.71675904,6249884.992402851,1569698.4166290879,488592.58837641205
high_ramp,10.0,Graph WaveNet,physical-bin,high,applicable,5,5865142.385671259,407478.9002962055,12219.046636815123,848.9143756170943,0.09875,0.021378289220608835,61620.8884012413,4603.299180966067,4929671.072099304,368263.93447728554,93547.13135719535,17137.729977692023
high_ramp,10.0,PatchTST,physical-bin,high,applicable,5,5881231.846609742,240055.5630514529,12252.56634710363,500.1157563571936,0.0675,0.021276535719477976,65783.93351215661,3638.3339760626795,5262714.680972529,291066.71808501444,61851.716563721326,27733.467622148997
high_ramp,10.0,Physics-Aligned MoE,physical-bin,high,applicable,5,6181051.950173547,604458.4542284457,12877.191562861555,1259.2884463092616,0.04625,0.023953803919674683,73369.46480880739,7893.146658184139,5869557.184704591,631451.7326547311,31149.476546895363,23976.694216164236
high_ramp,10.0,Boundary-forced router,physical-bin,high,applicable,5,6290690.82182475,664143.4242906447,13105.605878801562,1383.632133938843,0.06333333333333332,0.013629522694830108,71907.57724925995,9516.575393191899,5752606.1799407955,761326.0314553519,53808.464188395374,15087.438933657222
high_ramp,10.0,Physics-Aligned MoE,gate-bin,high,applicable,5,7792437.391463225,1678966.5741940972,13383.787759161458,1633.543587274337,0.04982404242930559,0.028506606054530398,75281.50705386161,7641.708917318228,7331642.292367592,1644649.8943831231,46079.50990956327,41050.93722339196
high_ramp,10.0,Boundary-forced router,gate-bin,high,applicable,5,8027479.453731406,4691043.257056578,12609.176360132387,1944.4769335095891,0.05705509768009768,0.02005493017282562,69959.93001907348,11382.391794575125,7358978.380805053,4179630.8881380325,66850.10729263525,54028.36220609023
high_ramp,10.0,Boundary-forced router,gate-bin,low,applicable,5,32831650.272706617,16923778.235118914,9159.351863994401,3330.3462717245243,0.14714905536938536,0.05878260539534548,21071.645089707683,8468.289413991488,11723172.215709524,3858137.8114294433,2110847.805699709,1785257.1061228514
high_ramp,10.0,Physics-Aligned MoE,gate-bin,low,applicable,5,34471837.16673335,4726078.174342977,9388.917502121927,1611.2470478117934,0.13728755108928856,0.01709047081769718,27659.026166043874,9211.592628334014,16897688.109517217,5161152.952471743,1757414.9057216127,527713.6180489864
high_ramp,10.0,Graph WaveNet,physical-bin,low,applicable,5,50965863.90883504,5287549.019632683,10120.306574431102,1049.9501627547024,0.13085782366957904,0.007411222242462874,38897.47308317125,4252.748329500752,32647945.74114173,3569473.431227632,1831791.816769331,218572.652807311
high_ramp,10.0,PatchTST,physical-bin,low,applicable,5,52953182.95769112,3452906.359916743,10514.929102003798,685.6446306427213,0.13026211278792693,0.01686854354357839,39502.05867163539,1733.677137348785,33155394.578392636,1455133.0106147449,1979778.837929849,395534.68183520064
high_ramp,10.0,Physics-Aligned MoE,physical-bin,low,applicable,5,55066274.052052714,8586857.375992067,10934.526221614917,1705.0947926910383,0.12545671167593328,0.015122271929443331,44282.57411653995,6078.559816197898,37167840.54181586,5101937.872395434,1789843.3510236852,434174.30181762425
high_ramp,10.0,Boundary-forced router,physical-bin,low,applicable,5,55177055.70979462,9961112.451789327,10956.524167949683,1977.9810269637267,0.1373312152501986,0.02725539137051998,40959.94501266479,5188.376597783858,34379047.18062998,4354777.424406585,2079800.852916463,632594.580353442
high_ramp,10.0,Graph WaveNet,physical-bin,mid,applicable,5,8996895.623307828,432271.38369979966,12926.574171419295,621.0795742813212,0.07787356321839081,0.004699835412010381,70497.881705001,4042.278323916131,8177754.277780116,468904.28557427117,81914.13455277134,13281.008215720658
high_ramp,10.0,Physics-Aligned MoE,physical-bin,mid,applicable,5,9655887.435337225,1014079.7452779955,13873.401487553483,1457.0111282729824,0.048850574712643674,0.026706365367013082,79632.03216552734,8763.299457645262,9237315.731201172,1016542.7370868503,41857.17041360537,24150.61379467014
high_ramp,10.0,PatchTST,physical-bin,mid,applicable,5,9703572.527997088,887510.5797185295,13941.914551719956,1275.158878905933,0.04080459770114943,0.025913900806081833,80935.95999490023,9303.411822252898,9388571.359408427,1079195.771381336,31500.11685886631,19817.067116252372
high_ramp,10.0,Boundary-forced router,physical-bin,mid,applicable,5,9778805.344644247,891804.5892146184,14050.007679086562,1281.3284327796246,0.06724137931034484,0.015082785600012309,78539.56463851928,7831.817747073296,9110589.498068238,908490.8586605024,66821.58465760102,24155.811939078998
high_ramp,10.0,Physics-Aligned MoE,gate-bin,mid,applicable,5,25644898.732968025,6451865.127452268,13130.936345978096,1981.048489349638,0.11370935745198962,0.021449313165943385,63680.31199699403,8607.123564343781,20734560.76494665,5110418.4787525935,491033.79680213763,148490.19869145445
high_ramp,10.0,Boundary-forced router,gate-bin,mid,applicable,5,28962685.426727045,5730778.957485669,13591.331767095951,2010.23324196285,0.11862513953872993,0.027338685207545062,64107.4293363333,5396.360627274627,22812441.826530807,3808683.4576921198,615024.360019624,288917.30162970873
high_ramp,20.0,Graph WaveNet,global,all,applicable,5,76863832.98923643,6406545.993368063,12373.44381668326,1031.3177709864879,0.044462330972311656,0.005589695926850217,65144.62977550116,4124.680905305035,67446406.69423553,4270419.630625817,470871.31475004426,130389.42568450994
high_ramp,20.0,PatchTST,global,all,applicable,5,79946914.98454885,3572091.517406829,12869.754504917717,575.0308302329094,0.032646490663232455,0.012423242413133952,71772.24750770564,4524.767527728733,74308200.2529779,4684642.647041815,281935.7365785473,144585.92076889754
high_ramp,20.0,Physics-Aligned MoE,global,all,applicable,5,83302406.5105811,8889840.474287644,13409.917339114796,1431.0754144056095,0.028428847392144234,0.01002252719987091,75202.07859807891,7718.219396198917,77859218.70854434,7990929.814864606,272159.39010183816,69235.80010192015
high_ramp,20.0,Boundary-forced router,global,all,applicable,5,83480631.99674618,10367194.403392214,13438.607855239246,1668.8980044095645,0.033032839665164196,0.009628763359353889,74038.34261169258,8256.441169293532,76654364.05063903,8548168.757275235,341313.3973053568,147373.64064357633
high_ramp,20.0,Graph WaveNet,physical-bin,high,applicable,5,6509118.900394561,373407.31352484494,13560.664375821998,777.93190317676,0.03125,0.007064927065755487,77602.40300964352,4575.119326332125,6208192.240771482,366009.54610657,15046.33298115393,3597.660692055112
high_ramp,20.0,PatchTST,physical-bin,high,applicable,5,6760594.82550321,304905.5839880671,14084.572553131686,635.2199666418069,0.018333333333333333,0.010458250331675944,82596.69980487812,4697.6437038118065,6607735.984390249,375811.49630494445,7642.942055647931,4954.932565237127
high_ramp,20.0,Boundary-forced router,physical-bin,high,applicable,5,7161908.555503073,648202.4934771367,14920.642823964736,1350.421861410702,0.013333333333333332,0.00501733107449679,87969.67959510321,8964.171191345707,7037574.367608255,717133.6953076565,6216.709394740798,4786.185952407629
high_ramp,20.0,Physics-Aligned MoE,physical-bin,high,applicable,5,7195475.681725767,548532.0308248682,14990.574336928683,1142.7750642184762,0.0075,0.0066861693899505055,89211.48554662701,7210.808665719371,7136918.843730161,576864.6932575497,2927.8418997803565,4131.580217427204
high_ramp,20.0,Physics-Aligned MoE,gate-bin,high,applicable,5,8893156.01105794,1800215.5925040555,15259.057713005375,1425.9011287931003,0.012307758031442241,0.012435669123688166,89981.53079186854,8385.68541155244,8758100.784564178,1866384.837248183,6752.76132468803,7778.858671681539
high_ramp,20.0,Boundary-forced router,gate-bin,high,applicable,5,9290578.65494654,5193013.157165859,14606.879761380895,1653.8980822488481,0.010769612332112332,0.004200756495507748,86801.40198651073,9712.321516976295,9187017.984078739,5097026.968559509,5178.033543390057,5000.637162818313
high_ramp,20.0,Boundary-forced router,gate-bin,low,applicable,5,39505517.05066127,19491456.16298981,11026.585362220376,3728.506494435849,0.0933824540427826,0.04274436213218138,35212.13788345335,6228.751996591606,20117460.81733147,4401209.8404375985,969402.8116664902,832927.9391589822
high_ramp,20.0,Physics-Aligned MoE,gate-bin,low,applicable,5,41997444.66767015,6139437.38713152,11439.187851367276,2063.1234174440583,0.095027643918227,0.0177447468661908,39870.23020991087,8933.692853859156,24363019.129184972,4607151.823798649,881721.2769242593,322271.50022320007
high_ramp,20.0,Graph WaveNet,physical-bin,low,applicable,5,60075117.969746724,6420379.2051827675,11929.133830370674,1274.896585620089,0.07430500397140587,0.006836126647741038,49490.03842120171,4748.045483547639,41538638.91486196,3985192.842524318,926823.9527442377,163875.32730014806
high_ramp,20.0,PatchTST,physical-bin,low,applicable,5,62751863.236357644,4889994.686736154,12460.655924614302,971.0076820365679,0.07279586973788721,0.015026274802678853,52147.553373473136,1864.6635068406486,43769179.79813512,1565074.2367415833,949134.1719111257,295029.34598271496
high_ramp,20.0,Physics-Aligned MoE,physical-bin,low,applicable,5,63923230.088985875,9313608.003532017,12693.25458478671,1849.4058783820526,0.0681890389197776,0.02121108137401308,56510.3012702655,7554.8154643025055,47430979.53284284,6341008.446371237,824612.5278071515,272216.3003279566
high_ramp,20.0,Boundary-forced router,physical-bin,low,applicable,5,64789596.8593085,11394899.103239859,12865.289288981035,2262.688463709265,0.07879269261318507,0.023324783833732293,53033.73320044279,6930.06861780908,44512980.06623831,5816637.5932144215,1013830.8396535094,382368.5679792785
high_ramp,20.0,Graph WaveNet,physical-bin,mid,applicable,5,9813946.337896619,492831.86127964896,14100.497611920426,708.0917547121393,0.02471264367816092,0.008995675771550879,82237.88869876861,5074.552704376031,9539595.089057159,588648.1137076196,13717.56244197289,6458.522827488531
high_ramp,20.0,Physics-Aligned MoE,physical-bin,mid,applicable,5,10536167.93094182,1177069.680635104,15138.172314571577,1691.1920698780223,0.016091954022988506,0.013105464656311933,89144.85697276145,10775.457316483507,10340803.408840328,1249953.0487120869,9768.226105074584,8118.611586975479
high_ramp,20.0,Boundary-forced router,physical-bin,mid,applicable,5,10630128.199980404,795395.3320063407,15273.17270112127,1142.8093850665819,0.022126436781609197,0.01208947354480611,89841.66872325391,7108.793032552044,10421633.571897453,824619.9917760371,10424.731404147544,8039.5037344147395
high_ramp,20.0,PatchTST,physical-bin,mid,applicable,5,10633025.197877914,1010559.2239138668,15277.335054422292,1451.9529079222223,0.010344827586206898,0.007697181170102802,90979.31608040333,9234.840962227236,10553600.665326785,1071241.5516183593,3971.2266275564825,3491.9244435609157
high_ramp,20.0,Physics-Aligned MoE,gate-bin,mid,applicable,5,28149477.11757211,6296754.192681986,14457.368955490378,1838.8294540710895,0.05743737464071812,0.01686758573010407,74525.50436420439,8728.788084008942,24265721.63280122,5681867.237071749,194187.7742385448,57514.42995138803
high_ramp,20.0,Boundary-forced router,gate-bin,mid,applicable,5,31590728.806070805,6126601.8714008415,14817.574919807274,2068.4869023257506,0.060481968687144304,0.028937479531218488,77167.35093193947,6798.781267743893,27395308.078474063,4179615.0719410037,209771.03637983682,150813.51166797886
high_ramp,50.0,Graph WaveNet,global,all,applicable,5,84959826.31086,5787893.683272981,13676.726708122986,931.7278949248198,0.015325177076625885,0.005721430297728129,77492.37837886317,4777.989986534364,80230442.41491632,4946812.299391911,94587.67791887338,34344.102784509094
high_ramp,50.0,PatchTST,global,all,applicable,5,89741469.88675882,5735592.112967898,14446.469717765427,923.3084534719737,0.0076625885383129425,0.004479434417708129,84435.19882458518,6412.006300845458,87418575.84972052,6638563.856808669,46457.880740765846,31580.960165304572
high_ramp,50.0,Boundary-forced router,global,all,applicable,5,93313811.35367909,9808807.087153584,15021.540784558772,1579.0095117761725,0.011461687057308436,0.007311165033099671,86895.45123717826,8246.748809987468,89965757.18089189,8538133.934607027,66961.08345574414,48697.47610281327
high_ramp,50.0,Physics-Aligned MoE,global,all,applicable,5,93890860.39190726,8197448.399173403,15114.433417885908,1319.6150030865113,0.008564069542820348,0.003250415712259596,87644.53866727662,8092.108919933621,90741312.36685371,8378030.1017712755,62990.96050107074,25237.669705136435
high_ramp,50.0,Graph WaveNet,physical-bin,high,applicable,5,7102077.4515564265,367025.4573166239,14795.994690742556,764.6363694096326,0.005416666666666667,0.0011410886614690962,87796.83762825008,4650.653252784921,7023747.010260006,372052.26022279385,1566.60882592839,346.91155710126196
high_ramp,50.0,PatchTST,physical-bin,high,applicable,5,7462240.866857156,447149.44713567547,15546.33513928574,931.5613481993247,0.00375,0.002716334335501104,93067.56983279702,5702.268202553874,7445405.586623763,456181.4562043099,336.7056046678675,296.8119205892808
high_ramp,50.0,Boundary-forced router,physical-bin,high,applicable,5,7933687.751615537,796879.9974394529,16528.516149199037,1660.1666613321938,0.0020833333333333333,0.0036084391824351613,98720.35406700129,10602.306358157797,7897628.325360102,848184.5086526234,721.1885251086961,1541.5456994365936
high_ramp,50.0,Physics-Aligned MoE,physical-bin,high,applicable,5,8001666.094332392,687535.9216608293,16670.137696525817,1432.366503460062,0.0016666666666666666,0.003726779962499649,99677.11769042967,8979.4903642558,7974169.415234374,718359.2291404638,549.933581960403,1229.6888723734132
high_ramp,50.0,Physics-Aligned MoE,gate-bin,high,applicable,5,9837362.100776102,2070741.84525765,16849.435662813947,1543.8825392926965,0.002890749601275917,0.004106325742433409,100699.5274878937,9389.473710609154,9804717.056827094,2101918.2637449815,652.9008789801586,902.6899070944123
high_ramp,50.0,Boundary-forced router,gate-bin,high,applicable,5,10309914.829742018,5695427.100564038,16228.00464382958,1770.7382025276913,0.0001984126984126984,0.0004436642812499583,97360.11860688627,10612.438139871798,10308586.074718695,5693031.885147479,26.575100466410124,59.4237311517794
high_ramp,50.0,Physics-Aligned MoE,gate-bin,low,applicable,5,54641979.68551575,12668768.839802712,14912.662127899583,4019.376693393264,0.06709114693612264,0.02480762372977892,47464.215356884015,9483.664647844447,29036393.060006402,4858170.645330974,512111.73251018673,285472.2563402418
high_ramp,50.0,Boundary-forced router,gate-bin,low,applicable,5,55610113.81227447,34986743.599497564,15231.287473971035,7339.448087918852,0.06850627405687078,0.04480010085274038,42648.550233398666,6479.222177424529,24304862.409421317,4556064.7536313655,626105.028057063,641528.3661418837
high_ramp,50.0,Graph WaveNet,physical-bin,low,applicable,5,73446532.9879616,9848328.434316874,14584.299640183002,1955.5854714687991,0.047339158061953934,0.004525050599245339,58144.43423030972,5021.751832355893,48802561.79730663,4214923.704624046,492879.4238130996,137412.9286203582
high_ramp,50.0,PatchTST,physical-bin,low,applicable,5,73809788.9795585,8653181.592836978,14656.431489189534,1718.2648119215596,0.042891183478951544,0.012455439408832751,63596.95315134749,2369.89004898244,53379042.678364314,1989127.7144459283,408614.9260238834,197177.8559804852
high_ramp,50.0,Physics-Aligned MoE,physical-bin,low,applicable,5,75740191.2145237,11674693.666027442,15039.75202830098,2318.2473522691507,0.039872915011914215,0.014162948780484606,65252.379991343616,8303.472501730383,54768497.60606774,6969381.253119035,419433.87216911966,165276.6741149966
high_ramp,50.0,Boundary-forced router,physical-bin,low,applicable,5,78819292.07126145,17181399.009818487,15651.169990321974,3411.715450718524,0.04920571882446386,0.01573185606969255,62608.5869287014,7507.856974335353,52549473.962156706,6301594.620458805,525396.362182095,278663.2693947017
high_ramp,50.0,Graph WaveNet,physical-bin,mid,applicable,5,10867139.580651114,691064.9217872395,15613.706294038955,992.9093703839644,0.0011494252873563218,0.0018733340244835195,93535.82171135322,6109.250260657533,10850155.318516973,708673.0302362739,339.68524268281953,515.7115803100586
high_ramp,50.0,PatchTST,physical-bin,mid,applicable,5,11365837.996806955,1012580.763107426,16330.227006906545,1454.8574182577956,0.002586206896551724,0.0035775573557438886,97730.99319725037,9062.96877121686,11336795.210881043,1051304.3774611559,580.8557185182968,870.6184565296785
high_ramp,50.0,Boundary-forced router,physical-bin,mid,applicable,5,11397269.887648234,766796.4369153233,16375.387769609533,1101.7190185564996,0.004310344827586207,0.0066620822525112824,97847.05731315613,7232.057112088035,11350258.64832611,838918.625002212,940.224786442518,1780.4211900317694
high_ramp,50.0,Physics-Aligned MoE,physical-bin,mid,applicable,5,11477855.192826021,1207610.7831464303,16491.171254060377,1735.0729642908486,0.005172413793103447,0.008414684174911678,98236.68634934351,10883.121494837213,11395455.616523847,1262442.0934011166,1647.9915260435391,2812.28684454686
high_ramp,50.0,Physics-Aligned MoE,gate-bin,mid,applicable,5,30797783.053117096,5805954.316521784,15876.749160589072,1579.6228308003158,0.02717365404977683,0.008402121215852026,83665.54293586731,9243.122263206697,27208227.984166034,6042116.042424921,71791.10137902125,31898.755878246797
high_ramp,50.0,Boundary-forced router,gate-bin,mid,applicable,5,34390890.251162015,6780016.515882765,16100.72519519813,2086.5948210397546,0.028392437360313348,0.023564347458538644,87259.64010767704,8130.105608885311,30929970.92577911,4524780.859883986,69218.38650765811,72693.89277250088
late_period,2.0,Graph WaveNet,global,all,applicable,5,94838074.8279082,17131717.220658123,2104.146140129308,380.0966724498165,0.7221157259495918,0.04196898457991402,0.0,0.0,0.0,0.0,47419037.413954094,8565858.61032907
late_period,2.0,Physics-Aligned MoE,global,all,applicable,5,101158545.24270979,10813796.47893597,2244.376669389195,239.9227120814689,0.7221955981540645,0.019026505386326876,0.0,0.0,0.0,0.0,50579272.62135489,5406898.239467986
late_period,2.0,Boundary-forced router,global,all,applicable,5,104782299.5847641,13829486.725865629,2324.7759048802823,306.8309976452261,0.7257232871849485,0.037173116593422345,0.0,0.0,0.0,0.0,52391149.79238204,6914743.362932812
late_period,2.0,PatchTST,global,all,applicable,5,109594452.70445538,15011797.011808293,2431.5418154165645,333.0625890088812,0.7480342563010295,0.046183455836684977,0.0,0.0,0.0,0.0,54797226.35222769,7505898.505904141
late_period,2.0,Graph WaveNet,physical-bin,high,applicable,5,7058314.417981568,1059746.9720673284,2115.801684047233,317.66995565567413,0.22709832134292568,0.037473980606448916,0.0,0.0,0.0,0.0,3529157.208990784,529873.4860336642
late_period,2.0,PatchTST,physical-bin,high,applicable,5,7186364.259419384,855039.2878806078,2154.1859290825496,256.3067409714052,0.23375299760191845,0.04782344827320385,0.0,0.0,0.0,0.0,3593182.129709692,427519.6439403036
late_period,2.0,Physics-Aligned MoE,physical-bin,high,applicable,5,7692970.424930391,1994660.2960559023,2306.0462904467595,597.9197530143592,0.24190647482014388,0.08370424287611163,0.0,0.0,0.0,0.0,3846485.2124651945,997330.1480279507
late_period,2.0,Physics-Aligned MoE,gate-bin,high,applicable,5,8095905.0903104935,2803746.8032634407,2340.293658774558,791.98843644065,0.24362488701438853,0.08937046824781036,0.0,0.0,0.0,0.0,4047952.545155246,1401873.4016317206
late_period,2.0,Boundary-forced router,gate-bin,high,applicable,5,8445117.13501377,4267504.723904764,2495.9138420383692,959.8165964262749,0.3047184579356782,0.1081890603146017,0.0,0.0,0.0,0.0,4222558.567506885,2133752.3619523826
late_period,2.0,Boundary-forced router,physical-bin,high,applicable,5,8518057.873296108,2213653.043947736,2553.3746622590256,663.5650611354124,0.2994604316546763,0.08253618046917485,0.0,0.0,0.0,0.0,4259028.936648054,1106826.5219738681
late_period,2.0,Physics-Aligned MoE,gate-bin,low,applicable,5,62822902.21040054,5971263.760829328,1910.579019743381,199.41136876768738,0.6122040520178031,0.016046173715767015,1592.409238767624,378.82382630639194,8732149.139790567,2062259.9812536917,27045376.535304986,2343687.196463191
late_period,2.0,Boundary-forced router,gate-bin,low,applicable,5,63486312.069830135,10827287.747814065,1907.3112431524278,332.3538251752806,0.684560643267148,0.04818247822060444,1016.909571069479,790.909471328505,5622755.887897829,4389162.213429477,28931778.090966154,3635107.9480011174
late_period,2.0,Graph WaveNet,physical-bin,low,applicable,5,87436631.92257296,15637222.561807098,2094.993097627299,374.6698907851039,0.748859497795668,0.01811810969594088,79.40369293689727,177.55205507142222,552332.0880690574,1235052.095076813,43442149.917251945,7261613.845541072
late_period,2.0,Physics-Aligned MoE,physical-bin,low,applicable,5,92433312.52173433,9258224.818843476,2214.71421606609,221.82827340529698,0.7086831512363427,0.054845454328385904,359.83763761520385,556.0695445753644,2503030.607251358,3868019.7520662346,44965140.95724148,2797800.1561547006
late_period,2.0,Boundary-forced router,physical-bin,low,applicable,5,95537737.8237934,13380868.251124157,2289.096650943871,320.6073474009046,0.7206296722254167,0.03729306120048368,218.01877119243144,298.7372164171749,1516538.5724145533,2078016.0773978687,47010599.62568943,6025251.403179852
late_period,2.0,PatchTST,physical-bin,low,applicable,5,101020825.82754761,13142295.12433602,2420.4721541965596,314.8911041866979,0.7401523864289822,0.04475390943419964,381.40425560176374,432.8222992697658,2653048.0019658683,3010711.913720491,49183888.91279087,5150393.534829357
late_period,2.0,Physics-Aligned MoE,gate-bin,mid,applicable,5,26652248.50523377,7867873.386186199,3029.7834541379557,622.7952318622242,0.46180829903468695,0.07975486903913682,0.0,0.0,0.0,0.0,13326124.252616884,3933936.6930931
late_period,2.0,Boundary-forced router,gate-bin,mid,applicable,5,30170319.78326059,6471736.142784338,3585.1734198371805,941.7575430279302,0.4622458775410035,0.10125357850942895,0.0,0.0,0.0,0.0,15085159.891630296,3235868.0713921674
late_period,2.0,Boundary-forced router,physical-bin,mid,applicable,5,,0.0,,0.0,,0.0,,0.0,,0.0,,0.0
late_period,2.0,Graph WaveNet,physical-bin,mid,applicable,5,,0.0,,0.0,,0.0,,0.0,,0.0,,0.0
late_period,2.0,PatchTST,physical-bin,mid,applicable,5,,0.0,,0.0,,0.0,,0.0,,0.0,,0.0
late_period,2.0,Physics-Aligned MoE,physical-bin,mid,applicable,5,,0.0,,0.0,,0.0,,0.0,,0.0,,0.0
late_period,5.0,Graph WaveNet,global,all,applicable,5,166928626.25864834,23227095.095104862,3703.5992691393412,515.3331357628875,0.26452786652467164,0.007055733877605905,8151.06229007721,1763.925130437719,61230779.92306,13250605.579848146,21139569.267117668,2180346.1622083355
late_period,5.0,Physics-Aligned MoE,global,all,applicable,5,178001360.8920268,17105022.48427306,3949.2669704478785,379.50440371567834,0.226104898828541,0.050175129182144576,10728.662287720741,2552.8569430846965,80593711.10535821,19177061.356452245,19481529.95733372,1303302.2344306214
late_period,5.0,Boundary-forced router,global,all,applicable,5,183290039.6373581,19599498.760379296,4066.6054232640686,434.8486590428491,0.2421725239616613,0.04566570304372251,10161.901050796518,2003.251485253197,76336200.69358341,15048425.157222012,21390767.788754936,1020487.626357877
late_period,5.0,PatchTST,global,all,applicable,5,185491905.81686234,15253939.813719809,4115.457619294958,338.43494439385455,0.27788871139510113,0.026922960430344856,9518.34065675736,2113.880637594145,71501775.01356128,15879471.349607212,22798026.16066022,1935915.3275273326
late_period,5.0,Graph WaveNet,physical-bin,high,applicable,5,17702868.446622495,2461936.6537138135,5306.6152417933135,737.9906036312392,0.163189448441247,0.011905046873784351,7965.0950209045495,3202.368579090423,4428592.831622928,1780516.9299742752,2654855.122999913,275504.19722006057
late_period,5.0,PatchTST,physical-bin,high,applicable,5,17939229.562229387,1946383.697876373,5377.466895152693,583.4483506823659,0.16618705035971224,0.010671210219843135,7593.212930908206,4443.448978926114,4221826.389584962,2470557.6322829193,2743480.634528884,482098.816766276
late_period,5.0,Physics-Aligned MoE,physical-bin,high,applicable,5,19263281.262963157,3909009.803094247,5774.364886979363,1171.7655285054695,0.1535971223021583,0.015693240516399424,10648.358818359386,5472.727782911733,5920487.503007816,3042836.6472989237,2668558.751991068,284976.1658528782
late_period,5.0,Boundary-forced router,gate-bin,high,applicable,5,19826428.822859418,8296005.466674723,5917.360707409216,1748.1417036131006,0.1747997564072235,0.0659561703797868,11137.324647216805,4234.881847174237,6168616.2289794935,2898318.724671491,2731562.5187759846,1169441.5789388944
late_period,5.0,Physics-Aligned MoE,gate-bin,high,applicable,5,20174324.716356885,5493748.089774423,5840.415876396235,1556.3348336419085,0.15396945381076838,0.028351847099225783,10418.151197509773,4438.351472992055,5994645.310874027,2617527.8380369847,2835935.8810965717,799565.2696482788
late_period,5.0,Boundary-forced router,physical-bin,high,applicable,5,20236884.99954038,4109947.9782644776,6066.212529838243,1231.9987944437883,0.16774580335731412,0.017047633826765798,11309.655117187507,5199.716389217291,6288168.245156253,2891042.3124048137,2789743.350876826,366174.8480429342
late_period,5.0,Boundary-forced router,gate-bin,low,applicable,5,103222977.27597886,11419799.109168345,3100.4489214383866,353.3262611446341,0.29896696802330835,0.025637116878242803,7866.734211611751,2552.5393160756316,43630917.35663027,14081103.944096744,11918411.98386972,946766.5928675536
late_period,5.0,Physics-Aligned MoE,gate-bin,low,applicable,5,103371721.14012755,8260502.891158265,3145.101615986864,299.49355260275894,0.26960198405298846,0.02990318643781774,8707.695257663732,509.0317353845322,47737532.280256085,2472967.8937658626,11126837.771974292,1332026.0956751183
late_period,5.0,Graph WaveNet,physical-bin,low,applicable,5,149314669.81341553,21621158.324962474,3577.598950867729,518.0457716350986,0.2730017251293847,0.01477970108945357,8126.060379583844,1743.9888234421894,56524876.00038521,12131186.255863866,18557958.762606066,2416096.1614979934
late_period,5.0,Physics-Aligned MoE,physical-bin,low,applicable,5,157596118.0197913,14628198.653420351,3776.0235293221995,350.49354642084404,0.23159861989649225,0.041717562914354196,10582.666642785076,2051.2538912538903,73613029.167213,14268522.067562062,16796617.770515673,961487.4424760988
late_period,5.0,Boundary-forced router,physical-bin,low,applicable,5,163665199.87155125,16204294.310985578,3921.439521553365,388.2570038093152,0.26306306306306304,0.04811803399391465,9576.2591620636,2599.548349938529,66612458.7313144,18082458.322172403,19410548.228047363,1481586.6028873664
late_period,5.0,PatchTST,physical-bin,low,applicable,5,166308898.74086258,15455702.067840077,3984.7828910499948,370.3206360897088,0.2762603028560475,0.02892278038394396,9889.409275245667,1841.7335109687353,68790730.91860887,12811098.302298523,19503633.564450745,1866641.4676102933
late_period,5.0,Physics-Aligned MoE,gate-bin,mid,applicable,5,53566498.34381338,12777735.442629255,6121.864050926844,971.0044434555311,0.23144267852584738,0.0249637267325748,13141.665220458515,4242.402674304565,19541756.90362058,8040198.459077315,6804948.288038561,1124239.664975949
late_period,5.0,Boundary-forced router,gate-bin,mid,applicable,5,61182838.16940435,9699216.88482786,7262.172451702811,1515.028115605893,0.2816671125472065,0.037060307441563675,11825.043562035265,3304.4810854632856,16750700.799594682,4743805.937420989,8886427.473961934,1884800.258500657
late_period,5.0,Boundary-forced router,physical-bin,mid,applicable,5,,0.0,,0.0,,0.0,,0.0,,0.0,,0.0
late_period,5.0,Graph WaveNet,physical-bin,mid,applicable,5,,0.0,,0.0,,0.0,,0.0,,0.0,,0.0
late_period,5.0,PatchTST,physical-bin,mid,applicable,5,,0.0,,0.0,,0.0,,0.0,,0.0,,0.0
late_period,5.0,Physics-Aligned MoE,physical-bin,mid,applicable,5,,0.0,,0.0,,0.0,,0.0,,0.0,,0.0
late_period,10.0,Graph WaveNet,global,all,applicable,5,227785396.66821298,31514198.43535764,5053.811605169796,699.1968058962913,0.0831070287539936,0.007958115135844055,18305.9625457085,2119.846700117229,137514390.64336222,15924288.411280617,9027100.602485076,1684849.5698028405
late_period,10.0,PatchTST,global,all,applicable,5,244273523.5140962,17033146.4854053,5419.6291159499515,377.90971080505193,0.09968051118210862,0.012738622770181212,19230.76640735694,2078.224752324662,144461517.25206533,15611624.339462852,9981200.626203086,1232764.8239926752
late_period,10.0,Physics-Aligned MoE,global,all,applicable,5,247324957.1492272,34268229.99635472,5487.330430183421,760.2997425531311,0.07367323393681222,0.013212204068970324,21773.109569807053,3666.253432039373,163559599.0883906,27540895.781479772,8376535.806083659,835807.1978848426
late_period,10.0,Boundary-forced router,global,all,applicable,5,250021702.40761632,36813371.51853374,5547.162371485986,816.7680936841881,0.08668796592119275,0.019058339924698096,20686.607619858387,2424.4611288849674,155397796.4403762,18212552.000183865,9462390.596724015,2009963.6777606895
late_period,10.0,Graph WaveNet,physical-bin,high,applicable,5,28265956.843917716,2875531.127284924,8473.00864625831,861.9697623755768,0.09592326139088729,0.011246002087712271,29894.824896049504,3391.7069429512867,16621522.642203528,1885789.0602809153,1164443.4201714192,301795.1576713455
late_period,10.0,PatchTST,physical-bin,high,applicable,5,28433316.05888369,2776996.819882824,8523.176276643793,832.4330994852589,0.10497601918465227,0.00931043767620643,27463.030783615115,3557.800502719084,15269445.115690002,1978137.0795118092,1316387.0943193685,385658.37029292
late_period,10.0,Physics-Aligned MoE,physical-bin,high,applicable,5,30060288.961369902,4483721.010103689,9010.877986022151,1344.0410701749663,0.0960431654676259,0.008150501114343116,33790.82199796676,6095.291132670824,18787697.03086952,3388981.869764978,1127259.1930500378,198728.27570897798
late_period,10.0,Boundary-forced router,gate-bin,high,applicable,5,30262818.68507985,10703484.14483629,9101.130493985791,2110.0327486684123,0.11051182598168985,0.03279520563362568,28839.36693878174,6273.5221017430085,15662194.612962034,3998347.7160193985,1460062.4072117817,783345.9764387661
late_period,10.0,Boundary-forced router,physical-bin,high,applicable,5,30701481.753020935,4665032.4103393955,9203.082060258075,1398.3910102935836,0.1049760191846523,0.010530930074903142,31875.336135559086,4806.822707029276,17722686.891370855,2672593.4251082772,1297879.4861650078,279315.37531362893
late_period,10.0,Physics-Aligned MoE,gate-bin,high,applicable,5,31820302.41318537,6485585.073815267,9222.752083953352,1848.7092941905403,0.10026093913385406,0.021141734568497918,31638.66192355872,4574.333250336452,18124998.82614149,2190184.0992522677,1369530.3587043884,531015.1880367601
late_period,10.0,Boundary-forced router,gate-bin,low,applicable,5,126579273.60977323,10681990.44031025,3801.642617852861,330.63646970842547,0.1598273294240527,0.020521968003512473,13177.850588479045,2774.8427846845148,73131756.99683976,15331891.507232867,5344751.661293345,667115.5143671928
late_period,10.0,Physics-Aligned MoE,gate-bin,low,applicable,5,130150888.27493823,9000983.941909963,3962.5388206024472,371.71773381984366,0.14151827339348538,0.02977180221768828,13999.250346384355,671.8203265123487,76746913.35411048,3107254.414536428,5340397.492082774,869513.8834927994
late_period,10.0,Graph WaveNet,physical-bin,low,applicable,5,198051669.01671386,29633709.309833962,4745.34380431076,710.0275376134263,0.10968947671075331,0.01002179532938384,15823.304099558602,2156.445812916014,110066903.31652963,15000237.074643789,8798476.570018426,1595761.0837595048
late_period,10.0,Physics-Aligned MoE,physical-bin,low,applicable,5,212048827.7080847,26250321.054484375,5080.717550989186,628.9611140139059,0.09151332183247077,0.018628316423842776,19088.09961698175,2849.816589651855,132776820.93572506,19823324.197618302,7927200.677235963,751644.8480680332
late_period,10.0,Boundary-forced router,physical-bin,low,applicable,5,216580505.2122647,29626235.192945596,5189.297134662274,709.8484567985817,0.11507092198581562,0.02499995108766766,17554.6145857656,2827.571495845528,122109899.05858552,19668587.325101487,9447060.615367912,1822999.9633643788
late_period,10.0,PatchTST,physical-bin,low,applicable,5,216900149.11157018,17278432.76468016,5196.955844153014,413.9935011663827,0.1223835537665325,0.022287541438360054,17384.161778995553,2115.604224998867,120924229.33469303,14716142.989092113,9597591.977687716,1048839.3703855982
late_period,10.0,Physics-Aligned MoE,gate-bin,mid,applicable,5,75458207.41245094,18027431.53283748,8621.154842347976,1373.6621124837586,0.1376112842954891,0.027055335271035943,24265.367868967056,4541.360018375473,35661507.39494279,10031924.812198933,3979670.0017508147,909980.7636560008
late_period,10.0,Boundary-forced router,gate-bin,mid,applicable,5,86659879.87017241,15387169.112746872,10300.871691848026,2407.057890603248,0.17839067686706384,0.03356969448637112,22605.757580685622,3130.6878316542993,32007300.479625784,4866317.934229631,5465257.939054663,1636036.2379396034
late_period,10.0,Boundary-forced router,physical-bin,mid,applicable,5,,0.0,,0.0,,0.0,,0.0,,0.0,,0.0
late_period,10.0,Graph WaveNet,physical-bin,mid,applicable,5,,0.0,,0.0,,0.0,,0.0,,0.0,,0.0
late_period,10.0,PatchTST,physical-bin,mid,applicable,5,,0.0,,0.0,,0.0,,0.0,,0.0,,0.0
late_period,10.0,Physics-Aligned MoE,physical-bin,mid,applicable,5,,0.0,,0.0,,0.0,,0.0,,0.0,,0.0
late_period,20.0,Graph WaveNet,global,all,applicable,5,319592313.2696659,36852359.52872051,7090.706275951054,817.6331098846406,0.03194000709975151,0.005164852878431774,31327.73293176693,2451.1336248820226,235333929.78343314,18412915.79011375,4212919.174311638,1086877.0175043885
late_period,20.0,PatchTST,global,all,applicable,5,326729802.8620054,20328260.798716016,7249.063783768314,451.01750085898175,0.038285410010649626,0.004248210081226207,30480.39501360771,1977.2886486042917,228968727.34222117,14853392.32831544,4888053.775989214,901930.364476158
late_period,20.0,Boundary-forced router,global,all,applicable,5,341464611.2436626,56126122.462944426,7575.980902637171,1245.254758230041,0.033790379836705714,0.005660006663620287,33266.30403406648,3890.5499720058774,249896475.9039074,29225811.389708158,4578406.766987759,1547777.680369712
late_period,20.0,Physics-Aligned MoE,global,all,applicable,5,342777716.2453691,49387335.65942298,7605.114400190121,1095.743158932885,0.02886492722754704,0.0031916895324877173,35646.67453876848,5142.4136829884865,267777819.1352288,38629811.586609505,3749994.8555070153,672088.7363447425
late_period,20.0,PatchTST,physical-bin,high,applicable,5,34719097.85239666,2501654.174466181,10407.403432972622,749.8963352716369,0.04418465227817746,0.013265192906009575,51057.62704864501,4215.8792831899345,28388040.63904662,2344028.8814536035,316552.86066750233,132106.95396857845
late_period,20.0,Graph WaveNet,physical-bin,high,applicable,5,34870529.26128298,2571155.281060961,10452.796541151973,770.7300003180335,0.04394484412470024,0.011798905382863205,51686.19717838762,2588.5013145041967,28737525.631183513,1439206.7308643323,306650.18150497327,105098.02683379424
late_period,20.0,Physics-Aligned MoE,physical-bin,high,applicable,5,36790986.98835619,4564431.851975983,11028.473317852577,1368.2349676187,0.03854916067146283,0.010675419604338768,56796.704781866785,7393.939800146343,31578967.85871793,4111030.528881367,260600.95648191334,98718.11012897208
late_period,20.0,Boundary-forced router,physical-bin,high,applicable,5,36961892.78672747,4689870.682312026,11079.704072760034,1405.8365354652353,0.04580335731414868,0.011781376398355387,54225.04556749342,8364.60717870904,30149125.335526336,4650721.591362225,340638.3725600567,102035.29540159162
late_period,20.0,Boundary-forced router,gate-bin,high,applicable,5,37113947.747990355,10668727.402893418,11216.286239297244,1850.9093929901878,0.05212283742864153,0.020903296832818677,49558.74970639705,11669.39788705452,26967070.310309492,7643616.716792175,507343.87188404344,341816.4540217285
late_period,20.0,Physics-Aligned MoE,gate-bin,high,applicable,5,38586924.109050915,6015964.859806777,11191.686122826804,1741.7072165174347,0.04585473279054521,0.019555728191098437,54458.61767425535,6439.918153175342,31277744.386686992,3631745.1919777216,365458.98611819657,209020.21202129425
late_period,20.0,Boundary-forced router,gate-bin,low,applicable,5,148530907.5465699,11884733.998104252,4460.856769829372,364.9700142970154,0.08501680052938543,0.019057434135200738,17579.714498592315,3110.607797633495,97603703.66382219,17467248.83895422,2546360.194137387,494358.7297710352
late_period,20.0,Physics-Aligned MoE,gate-bin,low,applicable,5,157921292.85217854,14802646.308634507,4812.412214056994,581.1626720353843,0.07491510229641313,0.022101015876486715,18471.91041131079,1200.4820432005688,101257200.88126631,5783380.588616934,2833204.5985456123,750974.9425880311
late_period,20.0,Graph WaveNet,physical-bin,low,applicable,5,263390540.58686668,39577580.3538371,6310.871683603283,948.2839839428096,0.04471439524631014,0.00712475335304867,23733.44335251776,2870.8748449572454,165089831.96011353,19969805.4215226,4915035.431337655,1098402.1311084088
late_period,20.0,Physics-Aligned MoE,physical-bin,low,applicable,5,279385577.150808,42955632.05407526,6694.114844518112,1029.2225429862772,0.04048303622771708,0.00406424836557511,27433.528763422924,4196.797709737652,190827626.07836983,29192924.868935104,4427897.553621904,796466.8207158387
late_period,20.0,PatchTST,physical-bin,low,applicable,5,280600511.5336754,22996287.866497587,6723.224830689942,550.9940546889396,0.05408280621046578,0.006935110622099572,24669.353568248735,2570.328552196202,171600023.42073816,17879205.409076776,5450024.405646861,736585.3966214278
late_period,20.0,Boundary-forced router,physical-bin,low,applicable,5,283047921.1806424,52174662.44756644,6781.865084834254,1250.11171285141,0.050277937511980064,0.008627952777858097,25293.077500073,3317.5732646817874,175938647.0905078,23077039.62912652,5355463.704506731,1741651.9967072988
late_period,20.0,Physics-Aligned MoE,gate-bin,mid,applicable,5,97969478.50805545,24720743.487262763,11175.8410372189,1894.148391750931,0.09089444330303753,0.013423691539556755,34083.25947871504,5593.4374080125235,49916912.67861079,12694056.604239905,2402628.291472233,647600.7696519195
late_period,20.0,Boundary-forced router,gate-bin,mid,applicable,5,114532195.07123356,23723278.63895115,13640.869813081363,3671.8537806155036,0.12172714632346926,0.0332882597103189,32490.44404329537,3068.5646481485105,46002025.28125845,5276897.805259212,3426508.4894987545,1256906.1041326707
late_period,20.0,Boundary-forced router,physical-bin,mid,applicable,5,,0.0,,0.0,,0.0,,0.0,,0.0,,0.0
late_period,20.0,Graph WaveNet,physical-bin,mid,applicable,5,,0.0,,0.0,,0.0,,0.0,,0.0,,0.0
late_period,20.0,PatchTST,physical-bin,mid,applicable,5,,0.0,,0.0,,0.0,,0.0,,0.0,,0.0
late_period,20.0,Physics-Aligned MoE,physical-bin,mid,applicable,5,,0.0,,0.0,,0.0,,0.0,,0.0,,0.0
late_period,50.0,Graph WaveNet,global,all,applicable,5,428050425.09979904,43874695.62726202,9497.03641062742,973.4357389790116,0.015526269080582179,0.003978525577752883,46117.930331639014,2546.4278697459417,346437892.6512722,19128766.15753151,1632250.6489705343,525646.3654245482
late_period,50.0,PatchTST,global,all,applicable,5,439395350.2184965,27425883.88797859,9748.743126963447,608.4905015969689,0.0159389421370252,0.00328927435290949,46642.77223093507,2691.2653979891898,350380504.99878424,20216785.669694807,1780296.9043942466,510062.56084279023
late_period,50.0,Boundary-forced router,global,all,applicable,5,456317895.1146436,68615088.60654038,10124.198950892871,1522.3439964177403,0.015912318068867587,0.00435152297238901,48941.330023036906,6394.646263452378,367647271.13305324,48036582.731054254,1773412.4796318065,681646.6287357158
late_period,50.0,Physics-Aligned MoE,global,all,applicable,5,457268009.5712062,62835863.43276473,10145.278877600422,1394.1219256470704,0.012251508697195598,0.0011901889908401005,52021.21156011102,7436.3076648444785,390783341.239554,55861543.17831173,1329693.3666330432,207945.63645072212
late_period,50.0,Graph WaveNet,physical-bin,high,applicable,5,42444661.63104234,2324865.5574862096,12723.219913381996,696.9021455294393,0.0068944844124700245,0.003158169590183675,74039.78689972215,4076.2787684601353,41166121.51624552,2266410.9952638363,25570.802295936308,16851.829145230422
late_period,50.0,PatchTST,physical-bin,high,applicable,5,42649986.39722842,2326268.2478272216,12784.768104684777,697.3226162551624,0.006654676258992806,0.004783969812327477,74787.9099735355,4069.9392225650195,41582077.94528573,2262886.2077461514,21358.169038853717,15923.472235704266
late_period,50.0,Boundary-forced router,gate-bin,high,applicable,5,44716924.21730899,10322685.611408776,13600.131236215291,1677.7400893767522,0.016374168098974608,0.014704538746103392,73059.92037511808,15486.747252022273,39815603.104720816,10785573.671357734,98026.42225176345,109050.8821100367
late_period,50.0,Boundary-forced router,physical-bin,high,applicable,5,44957122.9856975,5668818.914798734,13476.3558110604,1699.2862454432652,0.00695443645083933,0.0044532299846652,78732.79761821745,11044.35397619922,43775435.475728884,6140660.810766764,23633.750199372145,19447.936511603915
late_period,50.0,Physics-Aligned MoE,physical-bin,high,applicable,5,46539559.26482709,5325792.301523424,13950.707213677184,1596.460522039395,0.004016786570743405,0.0026355041535171785,82362.72837160106,9847.947760846871,45793676.974610195,5475458.955030859,14917.645804337755,11344.860625032612
late_period,50.0,Physics-Aligned MoE,gate-bin,high,applicable,5,47769705.17829861,6067233.957398297,13853.508940607784,1718.4452507763344,0.007052492301349569,0.004999493865260191,79967.1672325515,9997.135086822893,45965581.379989274,5991064.75827055,36082.47596618674,36292.26654283693
late_period,50.0,Boundary-forced router,gate-bin,low,applicable,5,183367667.59749085,18736610.40863424,5508.165582605497,581.8169513848906,0.045465131429183826,0.014446122249325595,21618.231224028616,4293.508380353663,120073612.1890851,24440239.20645989,1265881.1081681144,377397.9988020293
late_period,50.0,Physics-Aligned MoE,gate-bin,low,applicable,5,205070807.8129441,31281500.76939451,6258.350186877779,1115.6076753084621,0.04149457038780815,0.012308584106027368,22490.3140766692,2166.655255939158,123243360.83290946,10616834.277118646,1636548.939600693,572391.0553136588
late_period,50.0,Graph WaveNet,physical-bin,low,applicable,5,373024830.7604251,59159961.81151188,8937.723566235985,1417.4803960971794,0.02650469618554725,0.004344996390701845,31609.700984297233,2867.0127310628623,219877080.0467716,19942940.55727327,3062955.014273072,872592.2338680743
late_period,50.0,Physics-Aligned MoE,physical-bin,low,applicable,5,381775406.6471416,61644427.43533106,9147.388505058978,1477.0085162768605,0.02269503546099291,0.001945305851239243,36277.28618935166,5289.398378735924,252344802.73313016,36793055.12248708,2588612.0782802273,553055.819159272
late_period,50.0,PatchTST,physical-bin,low,applicable,5,392725589.7926647,36033547.339907214,9409.756320506629,863.3684909887671,0.030841479777649995,0.004742181346530684,32022.509965428075,2618.128355722518,222748579.31951767,18211700.842405837,3399540.2094629407,682282.8923574873
late_period,50.0,Boundary-forced router,physical-bin,low,applicable,5,397641683.36040914,89627888.27902283,9527.546563168708,2147.4958855430045,0.02747747747747748,0.0050050699320056385,33414.92416447995,4194.968369824826,232434212.48812252,29180199.980501484,3304149.417445733,1334769.3820702701
late_period,50.0,Physics-Aligned MoE,gate-bin,mid,applicable,5,131873885.52791965,33749551.99178949,15032.134795365335,2552.316366692468,0.05862495214931771,0.010819548841898936,43998.34278180597,8023.931411074121,64401577.746925935,17088877.896601755,1349446.1556198741,383153.98504903086
late_period,50.0,Boundary-forced router,gate-bin,mid,applicable,5,159630690.1150624,39437363.95755031,19034.701813923348,5863.552043980513,0.08612989407644805,0.029963160239611594,42725.37145497097,3617.539467982574,60388668.03209462,5114048.85916798,1984840.4416593548,831221.4641983716
late_period,50.0,Boundary-forced router,physical-bin,mid,applicable,5,,0.0,,0.0,,0.0,,0.0,,0.0,,0.0
late_period,50.0,Graph WaveNet,physical-bin,mid,applicable,5,,0.0,,0.0,,0.0,,0.0,,0.0,,0.0
late_period,50.0,PatchTST,physical-bin,mid,applicable,5,,0.0,,0.0,,0.0,,0.0,,0.0,,0.0
late_period,50.0,Physics-Aligned MoE,physical-bin,mid,applicable,5,,0.0,,0.0,,0.0,,0.0,,0.0,,0.0
low_ramp,2.0,Graph WaveNet,global,all,applicable,5,3728041.3120868793,596347.6648937667,666.4357011238611,106.60487395312238,0.3456203074722918,0.010003221304838513,1156.7334175348283,163.2564881950674,1078461.1229483048,152209.46582720111,1324790.0945692873,223226.77293354413
low_ramp,2.0,Physics-Aligned MoE,global,all,applicable,5,3947997.660880448,462408.91447081364,705.7557491741953,82.66158642667386,0.33528780836610655,0.012228353439907911,1249.0045645713806,191.7349279742451,1164488.589035384,178760.86451465453,1391754.5359225322,146945.0396274023
low_ramp,2.0,Boundary-forced router,global,all,applicable,5,4134445.9845768088,928626.1062467104,739.0858034638557,166.00395177810344,0.3457990704326064,0.01814272320952404,1258.1741722226143,265.70563610579444,1173037.7199022174,247726.221395969,1480704.1323372957,346013.9440952089
low_ramp,2.0,PatchTST,global,all,applicable,5,4248088.365265539,490378.52667071996,759.4008518529743,87.66151710238111,0.35380765105470147,0.014615662259045837,1291.8971109077333,194.0674410716407,1204478.7397363102,180935.54422579298,1521804.8127646141,164339.948932951
low_ramp,2.0,PatchTST,physical-bin,high,applicable,5,22382.72023773193,19264.976564628283,133.2304776055472,114.67247955135882,0.0642857142857143,0.05347213019398978,0.0,0.0,0.0,0.0,11191.360118865965,9632.488282314142
low_ramp,2.0,Physics-Aligned MoE,physical-bin,high,applicable,5,27791.413027572627,26226.723463998198,165.42507754507514,156.11144919046546,0.07261904761904761,0.07696776131068864,0.0,0.0,0.0,0.0,13895.706513786314,13113.3617319991
low_ramp,2.0,Graph WaveNet,physical-bin,high,applicable,5,42363.67946726481,23139.470766437535,252.1647587337191,137.73494503831867,0.0976190476190476,0.05749519352877739,0.0,0.0,0.0,0.0,21181.839733632405,11569.735383218767
low_ramp,2.0,Boundary-forced router,physical-bin,high,applicable,5,62184.56608212788,39633.295860516766,370.14622667933264,235.91247536021888,0.19285714285714284,0.11946355908859142,0.0,0.0,0.0,0.0,31092.28304106394,19816.647930258383
low_ramp,2.0,Physics-Aligned MoE,gate-bin,high,applicable,5,2561669.5811576126,471015.9538079334,933.7614223987039,165.07945083492478,0.38330625780702837,0.045233340328309266,1148.8763382136822,244.39863951191506,534369.59337113,152350.3843316769,1013649.9938932415,171138.80586827305
low_ramp,2.0,Boundary-forced router,gate-bin,high,applicable,5,2767512.147910262,747540.6768179507,1089.272384193698,264.05440246756496,0.41556971451850444,0.0417624077741044,1251.7052595496177,351.5338227730564,531966.3680722495,158052.5247855628,1117772.8899190063,305786.0508253666
low_ramp,2.0,Physics-Aligned MoE,gate-bin,low,applicable,5,580768.2660679326,82306.3277524965,530.62873346514,101.056803390394,0.2545327115541064,0.04760544879237033,1575.30323728323,234.89723986519454,288722.8216451108,38848.90701359768,146022.72221141082,32037.948756501435
low_ramp,2.0,Boundary-forced router,gate-bin,low,applicable,5,629104.1735042254,120380.73266367157,473.2034879821451,73.38392005935152,0.2483630478630503,0.04175611941883392,1571.002791187167,289.3912327152555,348517.16502966883,70840.05137340538,140293.50423727836,38154.20133200469
low_ramp,2.0,Graph WaveNet,physical-bin,low,applicable,5,3681909.0137678264,586862.7693674003,678.5678241370856,108.15753213553268,0.3369332841872466,0.011971842605158198,1237.6127219557761,165.35714908150467,1119214.438222007,149537.98181937402,1281347.2877729097,219299.19574422867
low_ramp,2.0,Physics-Aligned MoE,physical-bin,low,applicable,5,3913912.1774818823,481968.946584621,721.3255026689795,88.82582871076684,0.3288241798746775,0.011436418859994024,1331.5432814359665,211.75942926245557,1204158.9741785922,191501.11052968065,1354876.6016516453,149646.47109757253
low_ramp,2.0,Boundary-forced router,physical-bin,low,applicable,5,4072003.682700823,925306.6263840125,750.4614232769671,170.53199896498572,0.33660154810173243,0.0187923242855576,1338.7397067904471,275.17156363004443,1210666.9415074943,248846.8173761035,1430668.3705966647,343193.7016401575
low_ramp,2.0,PatchTST,physical-bin,low,applicable,5,4216805.154863989,470198.7279794304,777.1480196948007,86.65660301869337,0.34799115370438627,0.01540701160368852,1379.0887638073414,191.04153269228013,1247155.9387364392,172765.22606471868,1484824.6080637749,156838.20611950278
low_ramp,2.0,Boundary-forced router,gate-bin,mid,applicable,5,747551.1861475268,140170.63525043617,447.6438299347989,105.49517142088756,0.33215374615139753,0.05026896016550803,1073.8330946248025,224.49796766586806,305144.6598089804,81427.99411575016,221203.2631692732,46939.88965456141
low_ramp,2.0,Physics-Aligned MoE,gate-bin,mid,applicable,5,809461.202428698,293215.81077085,470.65058308872403,74.73880163528133,0.33075824505156154,0.06378737438765933,1156.7157695326955,216.303525116056,331702.86833697185,116337.62598248188,238879.16704586305,98865.74898737436
low_ramp,2.0,Boundary-forced router,physical-bin,mid,applicable,5,,0.0,,0.0,,0.0,,0.0,,0.0,,0.0
low_ramp,2.0,Graph WaveNet,physical-bin,mid,applicable,5,,0.0,,0.0,,0.0,,0.0,,0.0,,0.0
low_ramp,2.0,PatchTST,physical-bin,mid,applicable,5,,0.0,,0.0,,0.0,,0.0,,0.0,,0.0
low_ramp,2.0,Physics-Aligned MoE,physical-bin,mid,applicable,5,,0.0,,0.0,,0.0,,0.0,,0.0,,0.0
low_ramp,5.0,Graph WaveNet,global,all,applicable,5,7541519.151064387,1127663.6879024208,1348.144288713691,201.58449908874158,0.1467286378262424,0.00829410049897571,4111.573898081781,514.437153894964,3833357.3976449133,479626.9064814046,741632.3506838947,131321.4165015546
low_ramp,5.0,Physics-Aligned MoE,global,all,applicable,5,8028613.937762248,890089.5712143986,1435.2187947376203,159.11504669545917,0.14522702895959955,0.00798712426570209,4359.001237114075,708.8609060825293,4064042.1534026884,660894.6514376112,792914.356871912,71541.68234952107
low_ramp,5.0,Boundary-forced router,global,all,applicable,5,8342647.44816217,1725930.6442482877,1491.3563546947032,308.5324712635481,0.15062567036110117,0.009935908425624508,4341.105983223917,891.6190117309254,4047357.8116924316,831286.1252704659,859057.9272939477,184033.93676146606
low_ramp,5.0,PatchTST,global,all,applicable,5,8518297.372393971,888438.4281600685,1522.7560551294196,158.81988347516423,0.15584554880228815,0.008186484850666632,4480.765421857837,587.9559570135865,4177566.9616454565,548170.9372556673,868146.0821497033,75093.41158581967
low_ramp,5.0,PatchTST,physical-bin,high,applicable,5,55956.800594329834,48162.441411570704,333.076194013868,286.681198878397,0.0642857142857143,0.05347213019398978,0.0,0.0,0.0,0.0,11191.360118865965,9632.488282314142
low_ramp,5.0,Physics-Aligned MoE,physical-bin,high,applicable,5,69478.53256893158,65566.8086599955,413.562693862688,390.2786229761637,0.07261904761904761,0.07696776131068864,0.0,0.0,0.0,0.0,13895.706513786314,13113.3617319991
low_ramp,5.0,Graph WaveNet,physical-bin,high,applicable,5,105909.19866816202,57848.67691609385,630.4118968342977,344.3373625957967,0.0976190476190476,0.05749519352877739,0.0,0.0,0.0,0.0,21181.839733632405,11569.735383218767
low_ramp,5.0,Boundary-forced router,physical-bin,high,applicable,5,155461.4152053197,99083.23965129192,925.3655666983316,589.7811884005471,0.19285714285714284,0.11946355908859142,0.0,0.0,0.0,0.0,31092.28304106394,19816.647930258383
low_ramp,5.0,Physics-Aligned MoE,gate-bin,high,applicable,5,5101880.35369142,791688.5212953847,1854.3654253969667,240.01843026425672,0.20744866955975017,0.038683382493796485,4546.242654931545,882.0430538065714,2136318.9005002943,681314.0393511524,593112.2906382252,66772.84542519914
low_ramp,5.0,Boundary-forced router,gate-bin,high,applicable,5,5297326.196962823,1301556.3968221631,2079.0978893519555,411.5303708778657,0.23148708586045103,0.036603414240912346,5050.645484899284,1093.0086697978493,2152466.4989425344,566044.8767633829,628971.9396040577,159931.04057616543
low_ramp,5.0,Physics-Aligned MoE,gate-bin,low,applicable,5,1205937.664281721,226926.75852020096,1098.29296180092,226.85964080104284,0.08399478187331676,0.019405674793417746,4734.605907723904,1145.2941794180606,872097.0870219434,228981.6439864168,66768.11545195554,16646.55200770726
low_ramp,5.0,Boundary-forced router,gate-bin,low,applicable,5,1310843.4931338262,244415.0498973173,992.2098398396222,219.35234665296022,0.07350279134948672,0.024280685254184187,4503.89669376731,1538.9440287925408,988782.7057815213,272853.431131766,64412.15747046098,29640.67316099644
low_ramp,5.0,Graph WaveNet,physical-bin,low,applicable,5,7393202.111497903,1101004.3381133485,1362.551071046425,202.91270514436937,0.14655363066715815,0.008809166152307427,4221.638068392277,520.2367163948712,3817768.026516082,470467.4038597619,715086.8169963642,127357.55195263436
low_ramp,5.0,Physics-Aligned MoE,physical-bin,low,applicable,5,7897974.120686117,915850.2403014734,1455.5794546048871,168.78920757491213,0.145963877626244,0.007052854079672856,4489.02831598282,751.3744696193647,4059577.9404204623,679492.9786924458,767679.2360531309,69416.21038624825
low_ramp,5.0,Boundary-forced router,physical-bin,low,applicable,5,8176408.453798443,1708032.8621951118,1506.894296682352,314.78674201900327,0.15020272760781422,0.010402628670600874,4449.61118978858,925.8496610050732,4023931.719298805,837276.7101022545,830495.3468999274,178471.37043107633
low_ramp,5.0,PatchTST,physical-bin,low,applicable,5,8391763.508163612,858722.6306756361,1546.5837648661281,158.2607133571021,0.1571323258385551,0.008790059612070281,4609.57766129017,605.4705887760612,4168594.7316934094,547547.2357831514,844633.7552940405,68923.45667328149
low_ramp,5.0,Boundary-forced router,gate-bin,mid,applicable,5,1464691.8799670087,261363.84149403483,876.8848249209013,201.9608176491954,0.10795740424803028,0.028344471202196842,2941.045587406159,624.4087605308197,834460.665531648,222582.18625262394,126046.24288707218,32455.61544960657
low_ramp,5.0,Physics-Aligned MoE,gate-bin,mid,applicable,5,1698551.651841598,645490.5101374346,982.4678701259523,175.81566940572884,0.08847856069189383,0.025501603228705823,3927.628850922586,1020.3732607336391,1140875.3871419274,489675.2740610225,111535.2529399341,41869.1278456185
low_ramp,5.0,Boundary-forced router,physical-bin,mid,applicable,5,,0.0,,0.0,,0.0,,0.0,,0.0,,0.0
low_ramp,5.0,Graph WaveNet,physical-bin,mid,applicable,5,,0.0,,0.0,,0.0,,0.0,,0.0,,0.0
low_ramp,5.0,PatchTST,physical-bin,mid,applicable,5,,0.0,,0.0,,0.0,,0.0,,0.0,,0.0
low_ramp,5.0,Physics-Aligned MoE,physical-bin,mid,applicable,5,,0.0,,0.0,,0.0,,0.0,,0.0,,0.0
low_ramp,10.0,Graph WaveNet,global,all,applicable,5,10882988.113022625,1548161.6715441127,1945.4751721527755,276.7539634508604,0.08169467286378262,0.0066875029924954865,7451.833873834616,806.8001808860433,6947593.115038472,752206.7019794208,393539.49979841535,83291.91464821133
low_ramp,10.0,Physics-Aligned MoE,global,all,applicable,5,11647294.598539287,1108890.9510910716,2082.1048620913994,198.22862908313746,0.08047908473364318,0.0043040686344278205,8186.757036296137,1036.6934935541474,7632786.476840098,966543.9004903163,401450.8121699189,25781.91446149098
low_ramp,10.0,Boundary-forced router,global,all,applicable,5,12004518.104324449,2205409.7842557933,2145.9631934795225,394.24558174039925,0.08809438684304612,0.00945873997350908,7891.499505501988,1449.3765544342152,7357508.03896302,1351302.0742508324,464701.0065361428,94069.25549753
low_ramp,10.0,PatchTST,global,all,applicable,5,12134875.456484962,1135592.8753404547,2169.2662596505115,203.00194410805418,0.08895244905255631,0.004963047034003291,8201.46743265629,863.3714815281644,7646501.469713216,804950.011278092,448837.3986771746,49616.54120823585
low_ramp,10.0,Physics-Aligned MoE,physical-bin,high,applicable,5,171580.17495524086,121860.0570528034,1021.3105652097671,725.3574824571631,0.029761904761904757,0.024178685728083214,3368.9296936035157,3810.918463865529,94330.03142089843,106705.7169882348,7725.014353434244,8191.785831000949
low_ramp,10.0,PatchTST,physical-bin,high,applicable,5,188840.50251820887,73045.638596455,1124.0506102274335,434.7954678360416,0.034523809523809526,0.026752625064576468,4758.236716651916,3446.6278623942894,133230.62806625367,96505.5801470401,5560.987445195516,5140.3644758979935
low_ramp,10.0,Graph WaveNet,physical-bin,high,applicable,5,229471.11768951415,125810.63675988057,1365.899510056632,748.8728378564319,0.08095238095238096,0.057802492315762934,2628.1008270263674,3392.6188906582943,73586.82315673828,94993.32893843224,15588.429453277588,11749.23953259584
low_ramp,10.0,Boundary-forced router,physical-bin,high,applicable,5,237475.19593664803,122300.95800510152,1413.5428329562383,727.981892887509,0.0880952380952381,0.0641643475152946,4226.345497703553,4573.865956434933,118337.67393569947,128068.24678017813,11913.752200094857,9012.689366571776
low_ramp,10.0,Physics-Aligned MoE,gate-bin,high,applicable,5,7110238.057335441,1070964.266725024,2577.6761310135544,255.82659718939567,0.11622367104839679,0.027713837409982962,8714.921672528983,758.5859072638561,4072982.483877732,1039997.8299635212,303725.5573457709,62012.21483857276
low_ramp,10.0,Boundary-forced router,gate-bin,high,applicable,5,7143153.329014132,1599263.7958379001,2798.496402574771,440.0841199988901,0.135906537009244,0.024515119299383582,9019.785812652266,1795.9673251451186,3858033.1487207473,1033752.6147680235,328512.01802933833,75032.83761516715
low_ramp,10.0,Physics-Aligned MoE,gate-bin,low,applicable,5,1891691.6642546952,373261.68065280304,1714.6624966319614,319.608866038472,0.03618871540279493,0.01994141055737021,8756.275888840075,1837.8143657866628,1618470.711932376,410642.60758287425,27322.095232231903,13059.088895371127
low_ramp,10.0,Boundary-forced router,gate-bin,low,applicable,5,2102664.9785469,458012.99295642984,1595.5155219100004,436.6343127521454,0.029548253536814905,0.018528844523310026,8481.364933654668,2882.8330189370554,1854808.281095552,479167.2684078489,24785.669745134823,15137.520100756681
low_ramp,10.0,Graph WaveNet,physical-bin,low,applicable,5,10612277.050611496,1506180.6078689282,1955.8195817566339,277.5858105176794,0.08227054920751935,0.007087203963013192,7498.7293923473335,775.3565064641189,6781350.947146105,701180.7340123845,383092.61034653906,83383.17908413048
low_ramp,10.0,Physics-Aligned MoE,physical-bin,low,applicable,5,11387465.100634912,1130616.3153133893,2098.685053563382,208.37012814474542,0.08086988573534833,0.004500038158402156,8279.450069898958,1096.827546585931,7487382.679878624,991897.7112958771,390008.24207562883,27479.977471703816
low_ramp,10.0,Boundary-forced router,physical-bin,low,applicable,5,11723195.994816797,2170527.010643415,2160.5595272423143,400.02340778536944,0.08923700700331735,0.009696587989740935,7899.72534259796,1465.1626565864906,7143984.951489422,1324995.4291063831,457921.10433273745,93478.80177547067
low_ramp,10.0,PatchTST,physical-bin,low,applicable,5,11882290.66815072,1092719.5187483367,2189.880329552289,201.38583095251312,0.09078510873571692,0.005208818666255661,8247.48820207834,874.3375339108918,7458478.4974128455,790692.5765000833,442381.2170737873,52323.655131499574
low_ramp,10.0,Boundary-forced router,gate-bin,mid,applicable,5,2419562.89552314,498310.75014487404,1433.1006191441297,279.29998718604594,0.05230772176533782,0.023700410822282213,6149.042547177372,1627.6420805974344,1768257.4695079192,641030.2864432435,65130.54260152207,25748.25075152965
low_ramp,10.0,Physics-Aligned MoE,gate-bin,mid,applicable,5,2618209.442772595,918176.340331886,1515.6342606001776,254.38074612745058,0.05004535864590366,0.01736360801997521,7185.163598184586,2047.7443934228752,2091885.28606081,893423.8569723375,52632.41567117849,18892.964049978124
low_ramp,10.0,Boundary-forced router,physical-bin,mid,applicable,5,,0.0,,0.0,,0.0,,0.0,,0.0,,0.0
low_ramp,10.0,Graph WaveNet,physical-bin,mid,applicable,5,,0.0,,0.0,,0.0,,0.0,,0.0,,0.0
low_ramp,10.0,PatchTST,physical-bin,mid,applicable,5,,0.0,,0.0,,0.0,,0.0,,0.0,,0.0
low_ramp,10.0,Physics-Aligned MoE,physical-bin,mid,applicable,5,,0.0,,0.0,,0.0,,0.0,,0.0,,0.0
low_ramp,20.0,Graph WaveNet,global,all,applicable,5,14365871.578645129,2015252.3412280222,2568.085730898307,360.25247429889555,0.03375044690740079,0.003314112936892733,12072.386969751125,1788.0437937559088,11255488.784797965,1667052.8303784258,155519.13969235806,33565.786632733136
low_ramp,20.0,Physics-Aligned MoE,global,all,applicable,5,15253718.897431219,1389238.8171276157,2726.7999459119083,248.3444435337175,0.03403646764390418,0.004455825912516329,13224.150184707945,1930.1997245997868,12329316.022209372,1799589.5432352007,146220.1437610922,24383.805515435597
low_ramp,20.0,Boundary-forced router,global,all,applicable,5,15600843.000060856,2618828.828580721,2788.8528780945394,468.1495939543655,0.03728995352163032,0.004267158360039961,13088.788924259556,3050.8293324198025,12203114.207051326,2844389.880926063,169886.43965047642,39796.03042254359
low_ramp,20.0,PatchTST,global,all,applicable,5,15639264.18616573,1263719.7905238466,2795.721163061446,225.9062907622178,0.038612799427958526,0.006151108521303274,13074.946800363366,1496.412502707159,12190208.733538775,1395155.2566906419,172452.7726313476,48546.91105337082
low_ramp,20.0,Graph WaveNet,physical-bin,high,applicable,5,404697.49816182454,140051.24345341997,2408.9136795346703,833.6383538894046,0.033333333333333326,0.032765140344102106,10599.91168012619,5624.384075589274,296797.52704353334,157482.75411649968,5394.99855591456,5929.1686739613315
low_ramp,20.0,Physics-Aligned MoE,physical-bin,high,applicable,5,447318.05449136096,174042.25829504436,2662.6074672104814,1035.965823184788,0.010714285714285714,0.018054465342979883,14551.006256580353,7311.693824299867,407428.1751842499,204727.42708039627,1994.493965355555,4084.113206758692
low_ramp,20.0,PatchTST,physical-bin,high,applicable,5,499067.4477050781,131048.96630264274,2970.639569673084,780.053370849064,0.009523809523809523,0.009027232671489941,17037.88593444824,5270.97211213271,477060.80616455077,147587.2191397159,1100.3320770263672,1150.8409571998855
low_ramp,20.0,Boundary-forced router,physical-bin,high,applicable,5,604483.7965117772,154210.31854438412,3598.1178363796257,917.9185627641912,0.0023809523809523807,0.0032602533184831316,21504.513691043852,5572.358996403365,602126.383349228,156026.05189929425,117.87065812746683,193.22610854406437
low_ramp,20.0,Boundary-forced router,gate-bin,high,applicable,5,8480272.614163708,1865079.3433917956,3314.47495714057,440.00933115866735,0.050916790661633404,0.009828434406849655,14863.473102448717,2643.6441829087744,6341045.2127992,1543417.8638825924,106961.37006822531,31725.49667978116
low_ramp,20.0,Physics-Aligned MoE,gate-bin,high,applicable,5,8768526.431664784,1262719.5453572043,3175.31064848073,226.0407085174931,0.046062468195120346,0.021534385008540203,14655.445135375248,2222.763866989964,6823376.890782883,1759918.614308384,97257.47704409486,30958.553053356223
low_ramp,20.0,Physics-Aligned MoE,gate-bin,low,applicable,5,2899060.536976789,496071.42025736184,2642.4820162857495,524.0068091859033,0.008070674499882007,0.004706541814141883,14813.238195685295,3155.4212835084204,2709373.0213562967,520972.6932546539,9484.375781024655,8431.951152229087
low_ramp,20.0,Boundary-forced router,gate-bin,low,applicable,5,3331524.5420029117,788880.985956261,2522.50566914483,660.7270077277334,0.006282468654015079,0.005338086593079109,14562.682594301692,4302.20733589986,3201904.71304278,853883.3412532989,6480.991448006604,5741.151786070522
low_ramp,20.0,Graph WaveNet,physical-bin,low,applicable,5,13959876.094421718,1938339.7586789008,2572.774805459218,357.2318021892556,0.03405823811279027,0.0027810047194897084,12093.555736722914,1715.5351990059553,10936605.571243089,1551415.664967719,151163.52615893123,32695.59055556427
low_ramp,20.0,Physics-Aligned MoE,physical-bin,low,applicable,5,14822124.178038215,1401852.326110222,2731.6852521264677,258.35833507376,0.0352377441946185,0.0047318264757482366,13176.135870054943,2016.8865568423819,11915618.871819684,1823937.7429044603,145325.26531092645,25292.69360417439
low_ramp,20.0,Boundary-forced router,physical-bin,low,applicable,5,15156700.814430188,2536851.2229843456,2793.3469986049,467.53616346928595,0.03943973461113159,0.004254845698715518,12888.744530411044,3044.5610894828314,11655721.303668385,2753298.0785889737,175048.97553809005,40986.87216703148
low_ramp,20.0,PatchTST,physical-bin,low,applicable,5,15239512.721205657,1213591.8565459233,2808.609052931378,223.66233994580222,0.040029487652045705,0.00669257448966431,13003.882456207248,1540.9901945940853,11759844.367896754,1393568.7993112514,173983.4176654452,50347.890331655966
low_ramp,20.0,Boundary-forced router,gate-bin,mid,applicable,5,3224041.1016826956,582192.9246769209,1915.2979736973593,357.0335408915995,0.032239719258967806,0.013684707958307145,8847.038968381283,2159.0492745733272,2521223.9739292944,771601.6918351161,35140.85638767004,14237.746839798167
low_ramp,20.0,Physics-Aligned MoE,gate-bin,mid,applicable,5,3461513.691814413,1095835.92512508,2006.3823587980219,227.28430777175717,0.02311050990741047,0.008819033849282858,10552.346310312367,2085.2765335314116,3079261.5284218416,1156792.2863520363,19112.608169628547,6443.235094848341
low_ramp,20.0,Boundary-forced router,physical-bin,mid,applicable,5,,0.0,,0.0,,0.0,,0.0,,0.0,,0.0
low_ramp,20.0,Graph WaveNet,physical-bin,mid,applicable,5,,0.0,,0.0,,0.0,,0.0,,0.0,,0.0
low_ramp,20.0,PatchTST,physical-bin,mid,applicable,5,,0.0,,0.0,,0.0,,0.0,,0.0,,0.0
low_ramp,20.0,Physics-Aligned MoE,physical-bin,mid,applicable,5,,0.0,,0.0,,0.0,,0.0,,0.0,,0.0
low_ramp,50.0,Graph WaveNet,global,all,applicable,5,19237929.827343572,2530363.6865011365,3439.0292862609176,452.3353032715653,0.009116910976045764,0.0024116441836310406,17054.30830484642,1702.1860134611777,15900300.109551812,1587004.7598836375,66752.59435583523,24157.37042839467
low_ramp,50.0,Physics-Aligned MoE,global,all,applicable,5,19405180.621349562,1686236.6817773988,3468.9275333123996,301.4366610256344,0.011011798355380766,0.0016364379680151317,17910.835746954806,2142.350430871698,16698869.194744196,1997384.718382713,54126.22853210724,23046.71089086322
low_ramp,50.0,PatchTST,global,all,applicable,5,19939591.982520044,1544923.2919625633,3564.4604902610017,276.1750611302401,0.012191633893457277,0.0032112714682646154,17623.298221383084,1656.8455303325454,16430788.375069493,1544732.3161133763,70176.07214901102,29560.878110096768
low_ramp,50.0,Boundary-forced router,global,all,applicable,5,20060896.333612133,2994430.856713589,3586.145215161267,535.2933244035734,0.0123703968537719,0.005153832564116521,17759.546234295492,3171.918035854407,16557816.93910816,2957284.9154282585,70061.58789007939,30521.037834199946
low_ramp,50.0,Graph WaveNet,physical-bin,high,applicable,5,768375.6542432151,194895.52514547043,4573.664608590566,1160.092411580181,0.0047619047619047615,0.007760955244288867,25698.262097167964,9218.728342893693,719551.338720703,258124.39360102345,976.4863104502359,1979.1544015884322
low_ramp,50.0,PatchTST,physical-bin,high,applicable,5,819016.3678277588,144588.6554011572,4875.097427546182,860.6467583402215,0.0,0.0,29250.584565277095,5163.88055004133,819016.3678277587,144588.65540115724,0.0,0.0
low_ramp,50.0,Physics-Aligned MoE,physical-bin,high,applicable,5,865987.9101092529,162010.60328613158,5154.689941126505,964.3488290841162,0.0,0.0,30928.13964675903,5786.092974504701,865987.9101092529,162010.6032861316,0.0,0.0
low_ramp,50.0,Boundary-forced router,physical-bin,high,applicable,5,972305.0557952881,149867.8435514692,5787.530094019572,892.0704973301739,0.0,0.0,34725.18056411743,5352.422983981041,972305.0557952881,149867.84355146918,0.0,0.0
low_ramp,50.0,Physics-Aligned MoE,gate-bin,high,applicable,5,10836168.144679734,1597566.8974555293,3933.065590748402,444.65496325575253,0.014588601314185632,0.0033055754574752337,19267.26282654315,2130.224199317036,8927033.374232465,1864477.6803458652,38182.69540894534,20338.348529348976
low_ramp,50.0,Boundary-forced router,gate-bin,high,applicable,5,10844422.630271513,2489658.3843038217,4236.0038568644595,611.5549064204304,0.01594385917145344,0.0036432927001493216,19166.479109767675,2352.5653740450216,8174071.281130435,1719839.0049478407,53407.02698282154,21033.86334387099
low_ramp,50.0,Physics-Aligned MoE,gate-bin,low,applicable,5,3636364.43316768,583362.6503781616,3324.866712659168,699.4307403772726,0.004628070980995816,0.00396232670633528,18703.03232363025,4465.601855447278,3404392.042318967,645493.9256715892,4639.447816974263,6078.68571257589
low_ramp,50.0,Boundary-forced router,gate-bin,low,applicable,5,4415514.704441706,1068287.533624156,3321.134455589182,696.9252274722149,0.0027303721064389818,0.0034470269642339207,19378.002640260005,4846.630154072865,4284308.535124898,1166541.274283163,2624.1233863361804,3579.1436293055376
low_ramp,50.0,Graph WaveNet,physical-bin,low,applicable,5,18651011.525898628,2447811.9215253177,3437.340863600927,451.1264138454327,0.009436048654625875,0.0024043627360560904,16990.945538705895,1599.0721908009173,15365478.41550303,1446094.2845476288,65710.66220791196,24316.531444361488
low_ramp,50.0,Physics-Aligned MoE,physical-bin,low,applicable,5,18759182.605576485,1692423.8481575577,3457.276558344358,311.91003467702865,0.011831920383339477,0.002329017054098654,17669.325986368043,2305.2595721579382,15978960.4670055,2084723.0730881614,55604.442771419686,24105.53057728453
low_ramp,50.0,PatchTST,physical-bin,low,applicable,5,19364822.431895774,1495741.6552578502,3568.8946612413883,275.6619342531976,0.013490600810910431,0.003989952149516943,17375.428091814683,1754.5626748077366,15713178.80436441,1586709.51225113,73032.87255062725,31395.801550937907
low_ramp,50.0,Boundary-forced router,physical-bin,low,applicable,5,19457973.3192141,2936911.550527419,3586.062167197585,541.266411818544,0.013748617766310357,0.006644441420379183,17404.663971651506,3386.067398979586,15739617.785030177,3062133.617810539,74367.11068367843,33771.143076136315
low_ramp,50.0,Boundary-forced router,gate-bin,mid,applicable,5,4307165.969344654,753156.8271469891,2548.723051755089,386.9819108391402,0.01300802992018025,0.00767712847092472,12954.977437336294,3123.980318699502,3700302.7785104625,1153890.363386134,12137.263816683813,8988.75943533669
low_ramp,50.0,Physics-Aligned MoE,gate-bin,mid,applicable,5,4502728.493768135,1377743.3899283565,2614.7708746884136,271.2411533135637,0.007923783811936482,0.008257463294962936,14487.764657210395,2710.6297367592333,4223269.393863698,1563329.2048990626,5589.181998088743,5259.714175602636
low_ramp,50.0,Boundary-forced router,physical-bin,mid,applicable,5,,0.0,,0.0,,0.0,,0.0,,0.0,,0.0
low_ramp,50.0,Graph WaveNet,physical-bin,mid,applicable,5,,0.0,,0.0,,0.0,,0.0,,0.0,,0.0
low_ramp,50.0,PatchTST,physical-bin,mid,applicable,5,,0.0,,0.0,,0.0,,0.0,,0.0,,0.0
low_ramp,50.0,Physics-Aligned MoE,physical-bin,mid,applicable,5,,0.0,,0.0,,0.0,,0.0,,0.0,,0.0
mppt_to_pitch,2.0,PatchTST,global,all,applicable,5,4901636.214157606,475595.4804224534,2490.6688080069134,241.66437013336042,0.27530487804878045,0.03134672551335799,0.0,0.0,0.0,0.0,2450818.107078803,237797.7402112267
mppt_to_pitch,2.0,Graph WaveNet,global,all,applicable,5,4937827.251763401,751498.4295847205,2509.058562887906,381.85895812231735,0.2586382113821138,0.030810034956414226,0.0,0.0,0.0,0.0,2468913.6258817003,375749.2147923601
mppt_to_pitch,2.0,Physics-Aligned MoE,global,all,applicable,5,5447665.333374016,1418344.5320085168,2768.122628746959,720.7035223620512,0.26951219512195124,0.053060800977464996,0.0,0.0,0.0,0.0,2723832.666687008,709172.2660042585
mppt_to_pitch,2.0,Boundary-forced router,global,all,applicable,5,6137606.086808888,1606388.7111476064,3118.702279882565,816.2544263961416,0.3236788617886179,0.08660972523674983,0.0,0.0,0.0,0.0,3068803.043404444,803194.3555738032
mppt_to_pitch,2.0,PatchTST,physical-bin,high,applicable,5,402163.36153717036,86627.92688088826,1396.4005608929529,300.791412780862,0.2263888888888889,0.08965463355511101,0.0,0.0,0.0,0.0,201081.68076858518,43313.96344044413
mppt_to_pitch,2.0,Graph WaveNet,physical-bin,high,applicable,5,404797.48618825275,107520.73681186666,1405.5468270425442,373.3358917078704,0.2111111111111111,0.05775799273960828,0.0,0.0,0.0,0.0,202398.74309412637,53760.36840593333
mppt_to_pitch,2.0,Physics-Aligned MoE,physical-bin,high,applicable,5,493898.5723795573,181545.52064860082,1714.9255985401294,630.3663911409751,0.22847222222222224,0.10403347966868795,0.0,0.0,0.0,0.0,246949.28618977865,90772.76032430041
mppt_to_pitch,2.0,Boundary-forced router,physical-bin,high,applicable,5,556475.1913946706,178286.72908266616,1932.20552567594,619.0511426481463,0.32013888888888886,0.1299975145180253,0.0,0.0,0.0,0.0,278237.5956973354,89143.3645413331
mppt_to_pitch,2.0,Physics-Aligned MoE,gate-bin,high,applicable,5,708212.6970113118,586135.970099744,2325.6412263050292,1373.7310646553203,0.2780470142602496,0.12506764455340352,0.0,0.0,0.0,0.0,354106.3485056559,293067.985049872
mppt_to_pitch,2.0,Boundary-forced router,gate-bin,high,applicable,5,1178905.2358341138,365275.21021417767,3365.8790804272967,566.0995825086832,0.41369047619047616,0.12464518804388049,0.0,0.0,0.0,0.0,589452.6179170569,182637.6051070888
mppt_to_pitch,2.0,Physics-Aligned MoE,gate-bin,low,applicable,5,2806451.5315720406,976296.7899569637,2660.4113123682873,932.9860855890914,0.25197192119741957,0.05386852198708759,0.0,0.0,0.0,0.0,1403225.7657860203,488148.394978482
mppt_to_pitch,2.0,Graph WaveNet,physical-bin,low,applicable,5,2929068.342438754,386400.0019430336,2653.1416145278567,350.0000017599943,0.2568840579710145,0.025139745425163083,0.0,0.0,0.0,0.0,1464534.171219377,193200.00097151677
mppt_to_pitch,2.0,PatchTST,physical-bin,low,applicable,5,2953972.4519653246,235430.9482007098,2675.6996847512,213.25267047165747,0.2768115942028985,0.022974057426579705,0.0,0.0,0.0,0.0,1476986.2259826623,117715.47410035493
mppt_to_pitch,2.0,Boundary-forced router,gate-bin,low,applicable,5,3068426.8060849695,672400.3456801886,2987.216403611774,964.0068118041706,0.2922552857770249,0.08568235185899781,0.0,0.0,0.0,0.0,1534213.4030424852,336200.1728400943
mppt_to_pitch,2.0,Physics-Aligned MoE,physical-bin,low,applicable,5,3250334.420277906,862511.3535616503,2944.1434966285383,781.2602840232338,0.2668478260869565,0.04352823969222319,0.0,0.0,0.0,0.0,1625167.210138953,431255.67678082513
mppt_to_pitch,2.0,Boundary-forced router,physical-bin,low,applicable,5,3696956.8073587986,998731.3662809842,3348.6927602887663,904.64797670379,0.3070652173913044,0.07527113962334725,0.0,0.0,0.0,0.0,1848478.4036793993,499365.68314049236
mppt_to_pitch,2.0,PatchTST,physical-bin,mid,applicable,5,1545500.4006551106,224565.71467383415,2683.1604178040116,389.8710324198509,0.296875,0.033574790982315486,0.0,0.0,0.0,0.0,772750.2003275553,112282.85733691709
mppt_to_pitch,2.0,Graph WaveNet,physical-bin,mid,applicable,5,1603961.423136393,304335.0701851779,2784.6552485006823,528.3594968492672,0.2857638888888889,0.03613864468488676,0.0,0.0,0.0,0.0,801980.7115681965,152167.53509258898
mppt_to_pitch,2.0,Physics-Aligned MoE,physical-bin,mid,applicable,5,1703432.3407165527,472174.5649513491,2957.347813744015,819.7475085960922,0.2951388888888889,0.053973234571909084,0.0,0.0,0.0,0.0,851716.1703582763,236087.28247567452
mppt_to_pitch,2.0,Boundary-forced router,physical-bin,mid,applicable,5,1884174.08805542,496443.5652103362,3271.135569540659,861.8811896012782,0.3572916666666667,0.10232309570352068,0.0,0.0,0.0,0.0,942087.04402771,248221.78260516812
mppt_to_pitch,2.0,Boundary-forced router,gate-bin,mid,applicable,5,1890274.0448898047,1263164.8414929379,3185.6253469226695,1092.2700778658718,0.32593920145190564,0.09849295596363733,0.0,0.0,0.0,0.0,945137.0224449023,631582.420746469
mppt_to_pitch,2.0,Physics-Aligned MoE,gate-bin,mid,applicable,5,1933001.1047906629,653027.7593630564,2972.85448626621,766.3091848769413,0.27992863543266766,0.061131115280042815,0.0,0.0,0.0,0.0,966500.5523953314,326513.8796815281
mppt_to_pitch,5.0,PatchTST,global,all,applicable,5,11715578.068959873,964816.3064749677,5953.0376366666005,490.2521882494755,0.20680894308943093,0.029828577482599945,8616.911061897286,5095.702017004589,2826346.8283023094,1671390.261577505,1777846.2481315122,355075.1875661126
mppt_to_pitch,5.0,Graph WaveNet,global,all,applicable,5,11960328.549530452,1511037.0183561924,6077.402718257344,767.8033629858701,0.22428861788617885,0.01114184558834613,4900.338508925443,3509.2818042930126,1607311.0309275454,1151044.431808108,2070603.5037205815,126502.47967047711
mppt_to_pitch,5.0,Physics-Aligned MoE,global,all,applicable,5,12958211.460196506,2648645.3599715484,6584.457042782777,1345.8563820993643,0.21483739837398375,0.02708004411149608,8697.727558765422,5266.37110878366,2852854.6392750586,1727369.7236810408,2021071.3641842895,300519.2148950042
mppt_to_pitch,5.0,Boundary-forced router,global,all,applicable,5,14090467.23024683,2639781.067167615,7159.790259271763,1341.3521682762273,0.23810975609756097,0.04119396497883526,8845.867954387679,4325.863527222501,2901444.6890391586,1418883.23692898,2237804.5082415342,437326.6682920793
mppt_to_pitch,5.0,PatchTST,physical-bin,high,applicable,5,985117.8217169188,200927.5598137052,3420.5479920726357,697.6651382420318,0.18194444444444446,0.056874533643455,2263.3750073242195,4155.281553354392,108642.00035156254,199453.51456101082,175295.16427307128,48344.10861681059
mppt_to_pitch,5.0,Graph WaveNet,physical-bin,high,applicable,5,1004775.3783065032,260566.23419878967,3488.803396897581,904.7438687457975,0.1951388888888889,0.043947964811935386,785.9398329162632,1325.027347083084,37725.111979980626,63601.31265998802,193410.0532653045,44570.261748034
mppt_to_pitch,5.0,Physics-Aligned MoE,physical-bin,high,applicable,5,1195031.9154243977,367278.20792589424,4149.416373001381,1275.2715552982438,0.19305555555555554,0.057296927367900534,2770.132974853516,3813.369869629656,132966.38279296874,183041.7537422235,212413.10652628582,45739.34801320748
mppt_to_pitch,5.0,Boundary-forced router,physical-bin,high,applicable,5,1337340.339424958,396275.1523634626,4643.542845225549,1375.9553901509119,0.2673611111111111,0.11914833289426034,2594.8698079633723,2151.0485174615173,124553.75078224186,103250.32883815283,242557.31772854325,81416.37710680602
mppt_to_pitch,5.0,Physics-Aligned MoE,gate-bin,high,applicable,5,1653285.3651039633,1314799.1980792382,5477.984436909199,3097.7288388929333,0.24850155971479504,0.10104817826888049,3495.072153320313,5738.938013127276,217223.85300781258,389524.63038651686,287212.3024192301,203253.96271985307
mppt_to_pitch,5.0,Boundary-forced router,gate-bin,high,applicable,5,2763161.5346028064,663372.8609462158,7992.477768801598,1358.9726501634657,0.3549603174603175,0.14032421606231998,4686.977713012699,7283.228062993462,359762.8847558595,621677.0335978783,480679.7299693894,79649.90996818818
mppt_to_pitch,5.0,Physics-Aligned MoE,gate-bin,low,applicable,5,6827627.877880027,1845379.3244049675,6464.386424287489,1719.5455980854872,0.16469689878535393,0.029803850016293935,17403.318751148,8216.276919138216,3080493.7933852794,1444160.3727027283,749426.8168989496,147119.4454986137
mppt_to_pitch,5.0,Graph WaveNet,physical-bin,low,applicable,5,7058022.319397305,737851.685069903,6393.13615887437,668.343917635782,0.21213768115942028,0.01126616437734502,7311.827650555968,3611.947202963874,1345376.2877022983,664598.2853453528,1142529.2063390014,67163.48176041551
mppt_to_pitch,5.0,Boundary-forced router,gate-bin,low,applicable,5,7075102.713895014,1377604.2117644877,6800.298218946709,1617.6530881030965,0.19444755003450656,0.025696835083805245,15383.772899326093,6582.289930440201,2599102.363653003,738830.8179053983,895200.0700484023,212761.48227673426
mppt_to_pitch,5.0,PatchTST,physical-bin,low,applicable,5,7075129.626466883,349107.2752729783,6408.631908031597,316.2203580371178,0.18405797101449275,0.03247885785752739,13747.95799564123,4776.420522358927,2529624.271197987,878861.3761140426,909101.0710537793,183142.7968756761
mppt_to_pitch,5.0,Physics-Aligned MoE,physical-bin,low,applicable,5,7736068.964262625,1607216.4448861529,7007.308844440784,1455.8119971794863,0.18967391304347822,0.02961277788652543,14051.994360923767,4727.055807653858,2585566.962409973,869778.2686083099,1030100.4003705306,198699.01926215697
mppt_to_pitch,5.0,Boundary-forced router,physical-bin,low,applicable,5,8439424.796867352,1591988.1693640065,7644.406518901587,1442.018269351455,0.21521739130434786,0.03637088373376264,13865.345489501953,3386.9891859260833,2551223.5700683594,623206.0102103994,1177640.2453597984,220624.3905520151
mppt_to_pitch,5.0,PatchTST,physical-bin,mid,applicable,5,3591571.299958674,477073.8996025952,6235.36684020603,828.2532979211722,0.22361111111111107,0.021628349308885325,9610.559300804143,5819.449708271819,922613.6928771979,558667.1719940946,533791.5214162951,126974.78625029407
mppt_to_pitch,5.0,Graph WaveNet,physical-bin,mid,applicable,5,3771228.5614469387,595272.5972681626,6547.271808067603,1033.459370257227,0.23680555555555555,0.013648086115995522,7546.371950073248,3561.680401197028,724451.7072070318,341921.31851491466,609355.3708479817,64832.87448485357
mppt_to_pitch,5.0,Physics-Aligned MoE,physical-bin,mid,applicable,5,3921516.300334065,857618.5402063613,6808.188021413308,1488.9210767471552,0.23125,0.019387005937699486,10212.4701135254,5300.926878103756,980397.1308984384,508888.9802979606,588223.8338871255,92267.29973366857
mppt_to_pitch,5.0,Boundary-forced router,physical-bin,mid,applicable,5,4148374.6954558557,745024.6805529826,7202.039401833083,1293.445625960039,0.24375,0.028884214365396413,10910.621152420057,5138.524301368419,1047419.6306323254,493298.33293136826,620191.0129647062,89422.23585144775
mppt_to_pitch,5.0,Boundary-forced router,gate-bin,mid,applicable,5,4261571.8325600205,2576783.2753614583,7309.894738730674,2138.3099866422567,0.2457745417182804,0.05202006197304949,7513.050591281656,5085.797264398095,780622.3956582167,669662.804085227,696189.8873803609,399600.45771795243
mppt_to_pitch,5.0,Physics-Aligned MoE,gate-bin,mid,applicable,5,4558083.168480258,1347590.6804372175,7036.302668401209,1504.5363808292748,0.22614391321044547,0.030841674267254263,8058.716461792003,2716.5003437057853,865182.6480029307,341945.7355701756,738580.1040954657,211773.5968736297
mppt_to_pitch,10.0,PatchTST,global,all,applicable,5,16952019.023947496,1240602.0252056802,8613.830804851368,630.3872079297155,0.10457317073170731,0.02055384608619899,30646.406721601503,4421.1648959011445,10052021.404685292,1450142.0858555755,689999.7619262201,199986.7331303693
mppt_to_pitch,10.0,Graph WaveNet,global,all,applicable,5,17550291.18143604,1626397.37634008,8917.830884876037,826.4214310671139,0.1108739837398374,0.007767911376584543,28442.416982936877,3301.723411292223,9329112.770403294,1082965.278903849,822117.8411032744,109531.56829062884
mppt_to_pitch,10.0,Physics-Aligned MoE,global,all,applicable,5,18593807.60225517,2917307.9433132634,9448.072968625593,1482.371922415276,0.11473577235772359,0.01773876218861961,31324.094939165137,7253.240238165947,10274303.140046164,2379062.79811843,831950.4462209005,185241.98810147305
mppt_to_pitch,10.0,Boundary-forced router,global,all,applicable,5,19624163.253046304,2941821.0184202767,9971.627669230846,1494.8277532623354,0.12713414634146342,0.02941322727493445,31191.880591278117,2099.70159063272,10230936.83393922,688702.1217275322,939322.6419107083,272988.00887905515
mppt_to_pitch,10.0,PatchTST,physical-bin,high,applicable,5,1660671.3940959678,235319.07233995554,5766.220118388776,817.0801122915121,0.07916666666666668,0.010814174654442663,21460.4703015137,4216.0903831640935,1030102.5744726574,202372.33839187646,63056.881962331034,26994.451102227555
mppt_to_pitch,10.0,Graph WaveNet,physical-bin,high,applicable,5,1714399.3777374267,275971.5156383997,5952.775617143843,958.2344292999987,0.08611111111111111,0.015987311712807418,20492.30065307619,4118.6712199347785,983630.431347657,197696.21855686934,73076.89463897697,28311.99216416927
mppt_to_pitch,10.0,Boundary-forced router,physical-bin,high,applicable,5,1930331.7258261554,281327.070851922,6702.540714674152,976.8301071247288,0.10208333333333335,0.03281204070813181,20369.505483760866,4258.482456191535,977736.2632205214,204407.15789719368,95259.5462605634,33525.61627162456
mppt_to_pitch,10.0,Physics-Aligned MoE,physical-bin,high,applicable,5,1968698.3670613605,372013.9617896435,6835.7582189630575,1291.715145102929,0.09513888888888888,0.021206154839725648,19844.01087036134,8435.646104611105,952512.5217773443,404911.0130213331,101618.58452840164,34101.52461422579
mppt_to_pitch,10.0,Physics-Aligned MoE,gate-bin,high,applicable,5,2426216.57838679,1740886.9484718558,8289.956784259457,3947.629992423298,0.14164624183006538,0.06835259379907593,19066.64362472537,11834.700483193566,940066.2267431648,932974.6533428669,148615.0351643625,119096.91123528466
mppt_to_pitch,10.0,Boundary-forced router,gate-bin,high,applicable,5,3764849.2126867785,721679.7654515699,10944.556777797956,1611.6450406507101,0.2026862026862027,0.05696589424037668,21510.12834783556,11887.527505899348,1377865.3136805736,1173198.0380684056,238698.38990062047,89708.10418561427
mppt_to_pitch,10.0,Physics-Aligned MoE,gate-bin,low,applicable,5,10365280.177818429,2248097.5018021716,9807.509455978276,2017.4103893974082,0.0609313202024996,0.013334071589354565,46554.58396970754,12986.74549862985,8214536.939607171,2373785.9629755383,215074.3238211256,49616.71786085747
mppt_to_pitch,10.0,PatchTST,physical-bin,low,applicable,5,10452176.350859514,362963.11760969943,9467.551042445211,328.77093986385825,0.08115942028985508,0.010843113950467696,39644.074801492694,3359.915976334675,7294509.763474655,618224.5396455801,315766.6587384858,69998.82851586178
mppt_to_pitch,10.0,Boundary-forced router,gate-bin,low,applicable,5,10511097.395726662,1714537.938246882,10020.193560263648,1587.7381532592485,0.07008074534161492,0.010852858832461084,44112.38651474958,7972.890735563909,7696262.269997643,1323709.1636917864,281483.51257290196,71075.40368746257
mppt_to_pitch,10.0,Graph WaveNet,physical-bin,low,applicable,5,10666605.290459972,666804.5259062018,9661.780154402148,603.9896067990954,0.08659420289855072,0.00706289445276012,37059.157974243164,2845.495050349662,6818885.067260742,523571.0892643378,384772.02231992286,50256.48871632577
mppt_to_pitch,10.0,Physics-Aligned MoE,physical-bin,low,applicable,5,11311990.408194792,1653483.379283433,10246.368123364848,1497.7204522494865,0.08115942028985507,0.00786010621373791,43734.77062225342,8521.560706184502,8047197.794494629,1567967.1699379485,326479.26137001626,50624.35081627698
mppt_to_pitch,10.0,Boundary-forced router,physical-bin,low,applicable,5,11841243.674687807,1404018.5528943795,10725.76419808678,1271.7559355927347,0.09456521739130436,0.012330157844917125,41674.25272197723,3260.7067186945637,7668062.500843811,599970.0362397997,417318.1173843996,96310.64253514027
mppt_to_pitch,10.0,PatchTST,physical-bin,mid,applicable,5,4783082.636442311,575645.3524409638,8303.962910490125,999.3842924322287,0.10763888888888888,0.03895625984777235,34414.71302824021,5891.470213279464,3303812.45071106,565581.1404748285,147927.0185731251,80998.31358641473
mppt_to_pitch,10.0,Graph WaveNet,physical-bin,mid,applicable,5,5049594.517692136,671443.4745307307,8766.65714877107,1165.7004766158518,0.12604166666666666,0.014813006255348293,31586.562248563783,4569.947110402425,3032309.975862123,438714.9225986328,201728.45418300133,59848.23342377628
mppt_to_pitch,10.0,Physics-Aligned MoE,physical-bin,mid,applicable,5,5145740.372591774,912665.2204878477,8933.57703574961,1584.4882300136246,0.11493055555555556,0.021383082274586337,35416.97267256738,8042.758364330284,3400029.3765664683,772104.802975707,174571.09960253068,54884.46311900708
mppt_to_pitch,10.0,Boundary-forced router,physical-bin,mid,applicable,5,5348608.0645603165,828706.77125523,9285.777889861662,1438.7270334292184,0.12604166666666666,0.027521605219500277,36052.182317924526,2065.1728989580383,3461009.502520754,198256.59829997175,188759.85620395635,72966.480296577
mppt_to_pitch,10.0,Boundary-forced router,gate-bin,mid,applicable,5,6065455.488006508,3432206.733171618,10519.335563287123,2591.68931357117,0.13831007115489874,0.05824352927250709,31856.542561187794,7544.172690952457,2948611.8968585236,1098928.8072392251,311684.3591147985,278116.03771902167
mppt_to_pitch,10.0,Physics-Aligned MoE,gate-bin,mid,applicable,5,6629080.42511579,1883470.1142323117,10298.173228572226,2306.447908220781,0.12183995775729646,0.05962294514867945,31977.099530782732,10016.210199508687,3515743.8396558412,1573988.8530769888,311333.65854599484,217048.32510369876
mppt_to_pitch,20.0,Graph WaveNet,global,all,applicable,5,21796021.998463638,1222656.0855658369,11075.214430113638,621.2683361615026,0.04095528455284553,0.007280637036415484,54599.59662592176,3436.6419485504384,17908667.693302333,1127218.559124543,194367.71525806517,30152.931374893386
mppt_to_pitch,20.0,PatchTST,global,all,applicable,5,21834880.4518926,763041.2214916043,11094.95957921372,387.7241979124005,0.026930894308943087,0.008002040522369726,60012.094607030915,4617.77905849408,19683967.031106137,1514631.5311860587,107545.67103932281,49397.350540217674
mppt_to_pitch,20.0,Physics-Aligned MoE,global,all,applicable,5,23138473.38219192,3054162.7457942935,11757.354360869876,1551.9119643263687,0.02632113821138211,0.0035460053500747757,64246.15855684283,8527.97577656724,21072740.00664445,2797176.0547140543,103286.66877737336,28487.89249349493
mppt_to_pitch,20.0,Boundary-forced router,global,all,applicable,5,23697776.851281058,2222211.364652898,12041.553278089968,1129.1724413886682,0.03384146341463414,0.005164461767183706,61943.38802617551,4110.006285221662,20317431.272585567,1348082.0615527045,169017.2789347744,49948.498719892814
mppt_to_pitch,20.0,PatchTST,physical-bin,high,applicable,5,2177660.262130865,274693.63393425953,7561.320354621059,953.7973400495126,0.03680555555555556,0.02120615483972565,40099.44266490935,5720.584394424844,1924773.247915649,274588.0509323925,12644.350710760766,9787.775790346257
mppt_to_pitch,20.0,Graph WaveNet,physical-bin,high,applicable,5,2180103.313948975,239683.17152014805,7569.80317343394,832.2332344449584,0.04166666666666667,0.01979471224130448,38783.402450103735,4937.796678876567,1861603.3176049795,237014.24058607523,15924.999817199758,8990.789007879559
mppt_to_pitch,20.0,Boundary-forced router,physical-bin,high,applicable,5,2402935.4834510647,265762.04106081795,8343.525984205085,922.7848647945067,0.05277777777777778,0.014608113866640716,38818.51476204394,5373.95613275538,1863288.7085781093,257949.89437225816,26982.338743647746,17119.234398136578
mppt_to_pitch,20.0,Physics-Aligned MoE,physical-bin,high,applicable,5,2549085.1801515548,388359.1479916134,8850.990208859566,1348.469263859769,0.05694444444444445,0.02244893038228419,39171.94136792182,8679.426940316564,1880253.1856602472,416612.4931351951,33441.59972456538,18831.874410504544
mppt_to_pitch,20.0,Physics-Aligned MoE,gate-bin,high,applicable,5,2739558.1804681397,1653689.276004408,9773.780117453141,3404.445181364083,0.07016859774212715,0.05794453408075343,39867.27205192564,13435.265166543122,1852743.838081512,1277025.1571658836,44340.71711933142,51186.043446139556
mppt_to_pitch,20.0,Boundary-forced router,gate-bin,high,applicable,5,4308197.24283849,981697.0912065093,12464.568885973087,1969.5366021870875,0.11149128649128648,0.06220927002417322,40733.36466442107,15123.267275154783,2534433.067451934,1710734.325347174,88688.20876932782,63265.94068051466
mppt_to_pitch,20.0,Physics-Aligned MoE,gate-bin,low,applicable,5,13117408.858735511,2253015.0166265527,12404.440042506574,1851.4838767584854,0.023910037529223577,0.008688014563771964,69201.27169439566,11191.479764721445,12202287.147225272,2268148.76231718,45756.08557551181,26711.517953586055
mppt_to_pitch,20.0,Graph WaveNet,physical-bin,low,applicable,5,13363799.02269591,668377.6594309182,12104.890419108615,605.4145465859767,0.04402173913043478,0.004600878659130544,61468.83379266262,3653.686296768975,11310265.417849923,672278.2786054914,102676.68024229954,24401.16556260623
mppt_to_pitch,20.0,Boundary-forced router,gate-bin,low,applicable,5,13464703.027926344,1972038.7185435018,12819.399703359146,1672.9384188478625,0.032661992596775206,0.007148221094461054,68473.33484406737,9557.560669812749,11988248.655435624,1897937.2331130663,73822.7186245361,34334.070193524436
mppt_to_pitch,20.0,PatchTST,physical-bin,low,applicable,5,13566459.701200346,917185.4519361282,12288.459874275675,830.7839238551885,0.029347826086956526,0.01651186378525077,67012.9922593534,8633.02149053018,12330390.575721025,1588475.9542575534,61803.456273966025,35135.00758381073
mppt_to_pitch,20.0,Physics-Aligned MoE,physical-bin,low,applicable,5,13959883.129368287,1869409.0814531234,12644.821675152434,1693.3053274031918,0.03315217391304348,0.005960392708826848,68531.337880826,9411.142057809086,12609766.170071984,1731650.1386368717,67505.8479648153,16355.40138139755
mppt_to_pitch,20.0,Boundary-forced router,physical-bin,low,applicable,5,14501720.345207106,1461275.8180658773,13135.616254716582,1323.6194004219897,0.04420289855072464,0.004680438653175295,65636.69152336121,5145.415219168484,12077151.240298461,946756.4003270011,121228.45524543224,35897.42250771744
mppt_to_pitch,20.0,Graph WaveNet,physical-bin,mid,applicable,5,6322667.135102948,479292.81091442663,10976.852665109287,832.1055745042128,0.015277777777777779,0.007993655856403709,63822.374991461016,5348.2988828180005,6126947.999180257,513436.69275052805,9785.956796134535,5482.869030602484
mppt_to_pitch,20.0,PatchTST,physical-bin,mid,applicable,5,6737929.372664499,463267.947395558,11697.794049764756,804.2846308950654,0.004513888888888889,0.0046907139187869085,69795.27439835484,5159.464147736218,6700346.342242064,495308.55818267714,1879.1515211217907,2567.948158143051
mppt_to_pitch,20.0,Physics-Aligned MoE,physical-bin,mid,applicable,5,7099221.129025416,815381.1607639004,12325.036682335789,1415.592292992883,0.0017361111111111112,0.001736111111111111,73903.60189156768,8501.473626006456,7094745.781590497,816141.4680966197,223.76737174590818,269.596047773403
mppt_to_pitch,20.0,Boundary-forced router,physical-bin,mid,applicable,5,7148112.709648383,608436.0770162714,12409.917898695108,1056.3126337088047,0.005555555555555555,0.0031056499687497083,73794.56376641212,5656.967958296921,7084278.121575562,543068.9239965042,3191.7294036409335,3781.073924921297
mppt_to_pitch,20.0,Boundary-forced router,gate-bin,mid,applicable,5,7402611.926978974,3148471.6327765337,13133.601430849387,1084.4296909687737,0.03781141071068476,0.04151737668873728,65821.7577593994,12215.997818850425,6171947.642454224,2491693.6867330507,61533.21422623754,84815.75679086847
mppt_to_pitch,20.0,Physics-Aligned MoE,gate-bin,mid,applicable,5,8387630.980357518,2135752.6982267112,12927.565137269323,1871.0106506374273,0.040728846646185354,0.05491638751016168,64657.61519107816,12494.77511639342,7030596.375412747,2264797.139099863,67851.73024723859,115942.77307382968
mppt_to_pitch,50.0,Graph WaveNet,global,all,applicable,5,25462721.18853011,1287012.703034156,12938.37458766774,653.9698694279247,0.01524390243902439,0.0039030212133478698,72155.9796045589,5000.033758560551,23667161.310295317,1640011.0728078599,35911.19756469594,11837.346832951227
mppt_to_pitch,50.0,PatchTST,global,all,applicable,5,26987342.57125045,2422675.409178616,13713.080574822383,1231.034252631411,0.005792682926829269,0.0040106884676160805,80670.80722725505,8478.235583576203,26460024.77053966,2780861.271412994,10546.35601421581,7609.5476024736345
mppt_to_pitch,50.0,Physics-Aligned MoE,global,all,applicable,5,27642612.25134205,2917641.8054854893,14046.042810641287,1482.5415678279926,0.0070121951219512205,0.003723591658650663,82127.68035516911,8702.183215299488,26937879.156495463,2854316.0946182325,14094.66189693189,8260.594574248127
mppt_to_pitch,50.0,Boundary-forced router,global,all,applicable,5,27941879.37096276,2363606.7667905623,14198.10943646482,1201.0196985724403,0.011890243902439025,0.00503792461705099,81114.85734107881,6459.353939951806,26605673.207873847,2118668.0923041925,26724.12326177817,14615.409083707049
mppt_to_pitch,50.0,Graph WaveNet,physical-bin,high,applicable,5,2644404.812225657,189368.62042305814,9181.96115356131,657.5299320245073,0.005555555555555555,0.003958942448260895,53989.10871219629,3807.7322630729245,2591477.218185422,182771.14862750043,1058.5518808047123,877.049791805142
mppt_to_pitch,50.0,PatchTST,physical-bin,high,applicable,5,2957804.401740032,310513.32746659446,10270.154172708444,1078.1712759256754,0.0013888888888888887,0.0031056499687497074,61369.53102328291,6639.176964318363,2945737.489117579,318680.4942872814,241.33825244904,539.6487380470585
mppt_to_pitch,50.0,Boundary-forced router,physical-bin,high,applicable,5,3304497.375841312,662338.7694226054,11473.949221671224,2299.7873938284906,0.0027777777777777775,0.0038036288715636536,68521.12791108116,14228.707991657224,3289014.139731895,682977.9835995466,309.66472218833803,521.8197455607786
mppt_to_pitch,50.0,Physics-Aligned MoE,gate-bin,high,applicable,5,3400222.4956637146,1827930.8895536354,12476.26567813633,3057.911398242937,0.0,0.0,74857.594068818,18347.468389457634,3400222.4956637146,1827930.8895536358,0.0,0.0
mppt_to_pitch,50.0,Physics-Aligned MoE,physical-bin,high,applicable,5,3450756.7796804323,540095.064130828,11981.794373890389,1875.3300837875968,0.0013888888888888887,0.0031056499687497074,71512.36087424269,11652.582279789458,3432593.3219636483,559323.9494298941,363.26915433566364,812.2945232234064
mppt_to_pitch,50.0,Boundary-forced router,gate-bin,high,applicable,5,4711121.084559207,1413366.3067676018,13452.69695119774,2152.024083535516,0.029807692307692306,0.05574067202752592,67291.41955669431,21443.04394034709,4007352.3855082965,1912124.6247612,14075.373981018192,27245.894874695463
mppt_to_pitch,50.0,Physics-Aligned MoE,gate-bin,low,applicable,5,14729332.614088312,2219758.4102884443,13925.157976612667,1659.5413873246275,0.011480229042521401,0.006818825538326337,79778.60323882755,10392.83574551069,14071633.8884038,2314765.591516746,13153.974513690302,9990.219159352026
mppt_to_pitch,50.0,Graph WaveNet,physical-bin,low,applicable,5,14901178.99280155,664954.0102753788,13497.444739856475,602.3134151045098,0.020289855072463767,0.005381685064316286,74653.12728016377,5109.367470457828,13736175.419550132,940123.6145642403,23300.071465028326,8702.741291224414
mppt_to_pitch,50.0,Boundary-forced router,gate-bin,low,applicable,5,15273506.374627367,2231018.175999224,14523.674933148131,1762.412905999642,0.019631281761716544,0.012601657357545667,78284.36251572578,9391.419794387999,13741533.63144137,2238704.9555331743,30639.45486371997,28288.33509893798
mppt_to_pitch,50.0,PatchTST,physical-bin,low,applicable,5,15576641.394772172,1575931.5061561821,14109.276625699433,1427.474190358861,0.00960144927536232,0.006916162742326477,81977.70579247475,10372.501530914058,15083897.865815353,1908540.2816881868,9854.87057913641,7601.694948605732
mppt_to_pitch,50.0,Physics-Aligned MoE,physical-bin,low,applicable,5,15628575.95131712,1838594.6775152762,14156.318796482898,1665.3937296334025,0.015942028985507246,0.007091876496762095,79254.45564980507,9596.86704751678,14582819.839564133,1765823.5367430875,20915.122235059738,8637.266102655696
mppt_to_pitch,50.0,Boundary-forced router,physical-bin,low,applicable,5,16389893.6749295,1733720.149313792,14845.918183812953,1570.3986859726378,0.026268115942028984,0.010327675951984947,77964.60965132117,5477.105603084206,14345488.175843095,1007787.4309674941,40888.10998172809,24187.29066784012
mppt_to_pitch,50.0,Graph WaveNet,physical-bin,mid,applicable,5,7563679.01472331,527090.6802931051,13131.387178339075,915.0879866199741,0.0006944444444444444,0.0015528249843748537,78680.31193905827,5595.260843119595,7553309.946149593,537145.040939481,207.38137147426605,463.7188438835947
mppt_to_pitch,50.0,Boundary-forced router,gate-bin,mid,applicable,5,8500111.640128026,3550269.567022161,15039.581519738393,1038.003932542977,0.00865079365079365,0.011945696817748944,87930.36419816535,6427.581616698817,8241996.026536444,3254226.035859457,5162.312271831672,9071.14427403595
mppt_to_pitch,50.0,Physics-Aligned MoE,physical-bin,mid,applicable,5,8557317.364334103,929362.8508881895,14856.453757524485,1613.4771716808848,0.0,0.0,89138.72254514693,9680.863030085313,8557317.364334105,929362.85088819,0.0,0.0
mppt_to_pitch,50.0,Boundary-forced router,physical-bin,mid,applicable,5,8622069.097462347,582397.0797060981,14968.86996087213,1011.1060411564201,0.0,0.0,89813.21976523279,6066.636246938515,8622069.097462347,582397.0797060973,0.0,0.0
mppt_to_pitch,50.0,PatchTST,physical-bin,mid,applicable,5,8835137.20762001,1084821.3834629464,15338.779874340293,1883.3704574009491,0.0,0.0,92032.67924604178,11300.222744405708,8835137.20762001,1084821.3834629483,0.0,0.0
mppt_to_pitch,50.0,Physics-Aligned MoE,gate-bin,mid,applicable,5,9301088.152833376,1945246.965461594,14380.802051646746,1025.6819504678451,0.005205293138760881,0.005543946843763354,84302.85978228558,4387.027263596072,9126797.187375857,2038505.667542329,3485.8193091503636,4161.531328232683
non_boundary,2.0,Graph WaveNet,global,all,applicable,5,159429690.48232657,31542335.796790376,1809.8705909060905,358.0734915459407,0.5796228814040345,0.019765457776053975,768.1846244454384,473.1727772750328,11278102.563795704,6946886.129563393,74075793.95926544,12521570.52879121
non_boundary,2.0,Physics-Aligned MoE,global,all,applicable,5,171762086.26811558,24146456.420474652,1949.8698619364004,274.1143209762246,0.5327430212625867,0.01667530053323392,1555.0769540064036,556.420461623969,22830862.300245013,8169087.007332301,74465611.98393528,8699305.18546938
non_boundary,2.0,Boundary-forced router,global,all,applicable,5,174496386.36343962,31798034.42144468,1980.91006100012,360.9762220191476,0.5588666008241665,0.01622527210507896,1231.3592617973686,663.700081778617,18078201.002078064,9744112.750632767,78209092.68068077,11260992.100773994
non_boundary,2.0,PatchTST,global,all,applicable,5,183652156.5678253,21445531.09554733,2084.8477853968748,243.45299748603497,0.5701324796512618,0.022460663809946206,1535.0982660107315,731.9186105312435,22537545.192436554,10745663.080514451,80557305.68769436,5483932.457162849
non_boundary,2.0,PatchTST,physical-bin,high,applicable,5,64770.59575793743,32198.5200131905,674.6937058118482,335.40125013740106,0.054166666666666675,0.050711089352658695,3312.051387107372,2029.9518590020946,52992.822193717955,32479.229744033513,5888.8867821097365,5720.78485467876
non_boundary,2.0,Graph WaveNet,physical-bin,high,applicable,5,109053.05520041783,70219.60728356321,1135.9693250043522,731.4542425371168,0.0125,0.027950849718747374,6719.654751193523,4564.00058962034,107514.47601909637,73024.00943392544,769.2895906607309,1720.1838191003817
non_boundary,2.0,Boundary-forced router,physical-bin,high,applicable,5,111195.64356011947,106374.27297458514,1158.2879537512442,1108.065343485262,0.018749999999999996,0.018633899812498248,6875.829617631435,6631.903772678904,110013.27388210296,106110.46036286246,591.1848390082517,558.1256816168602
non_boundary,2.0,Physics-Aligned MoE,physical-bin,high,applicable,5,174160.9731563434,59794.35685229262,1814.1768037119102,622.8578838780481,0.008333333333333333,0.008715208609729954,10864.927189853042,3747.825039391688,173838.83503764868,59965.200630267005,161.0690593473613,256.59312833927066
non_boundary,2.0,Physics-Aligned MoE,gate-bin,high,applicable,5,51618758.73931096,19415045.26535636,2159.2634317355887,484.7083857391888,0.4158019058837759,0.08027038610180759,275.1249801635742,615.198157954033,1343756.257282257,3004730.3364738235,25137501.24101435,8389601.41116318
non_boundary,2.0,Boundary-forced router,gate-bin,high,applicable,5,57219770.016115785,16145347.951565756,2612.892033562852,856.193470068434,0.4515235727467485,0.0801366280442108,218.60592554807664,488.81770980975733,509497.5438107172,1139271.1423299408,28355136.236152537,8222203.872192599
non_boundary,2.0,Physics-Aligned MoE,gate-bin,low,applicable,5,25468651.64077597,5244912.889941202,1505.8227424780039,211.18404673996255,0.5176983487529746,0.010555852643602736,1956.6546873092652,239.90141569615093,5522271.627587477,1139378.1313321514,9973190.006594246,2078361.697641767
non_boundary,2.0,Boundary-forced router,gate-bin,low,applicable,5,28131073.918593287,8458125.372892119,1446.1051796225418,373.374380749717,0.5321345144856094,0.022886405271223854,1796.9443041205407,493.32182785950926,5856846.507795339,2008125.3567718954,11137113.705398973,3243678.072844305
non_boundary,2.0,Graph WaveNet,physical-bin,low,applicable,5,159434346.59148574,31509970.153963827,1811.898066794924,358.09632759382947,0.5811121339197436,0.019099775124230608,758.6146740615368,482.13131965449475,11125463.502449468,7070696.868392993,74154441.54451813,12438400.186306458
non_boundary,2.0,Physics-Aligned MoE,physical-bin,low,applicable,5,171747115.6006204,24135512.208267275,1951.8270271569377,274.2890026282463,0.5345129726228223,0.016835335501333537,1537.0730689063669,559.1033797319257,22541945.09204632,8199530.6154585555,74602585.25428703,8690479.056213634
non_boundary,2.0,Boundary-forced router,physical-bin,low,applicable,5,174479835.1362937,31789257.911960293,1982.8831286158413,361.2703045919596,0.5599945450206267,0.016565533084811603,1225.3970088541507,666.2790964206009,17971059.833350547,9771316.088556321,78254387.65147159,11286013.906603381
non_boundary,2.0,PatchTST,physical-bin,low,applicable,5,183626946.9766556,21438972.606429525,2086.835850313725,243.64406948768112,0.571147704931074,0.022438738868728794,1527.9152576189488,727.8748609088444,22407641.210610695,10674648.77265866,80609652.88302246,5514350.960499023
non_boundary,2.0,Boundary-forced router,gate-bin,mid,applicable,5,87463058.58395037,21616369.17259965,1903.8476399190004,381.7403314298855,0.561334130561806,0.03756853897954348,1955.1195476770401,1273.1773435349285,14764759.486963559,9268896.450279623,36349149.5484934,8882765.285714893
non_boundary,2.0,Physics-Aligned MoE,gate-bin,mid,applicable,5,92795512.61656815,10582606.683649132,1956.9819707890651,235.84918481774523,0.5571795128255456,0.024055339578017053,2140.230363604426,838.3118012572658,16645688.684435448,5581947.240651931,38074911.966066346,6533888.665540644
non_boundary,2.0,Boundary-forced router,physical-bin,mid,applicable,5,,0.0,,0.0,,0.0,,0.0,,0.0,,0.0
non_boundary,2.0,Graph WaveNet,physical-bin,mid,applicable,5,,0.0,,0.0,,0.0,,0.0,,0.0,,0.0
non_boundary,2.0,PatchTST,physical-bin,mid,applicable,5,,0.0,,0.0,,0.0,,0.0,,0.0,,0.0
non_boundary,2.0,Physics-Aligned MoE,physical-bin,mid,applicable,5,,0.0,,0.0,,0.0,,0.0,,0.0,,0.0
non_boundary,5.0,Graph WaveNet,global,all,applicable,5,278491998.3216728,48139462.09657939,3161.4843887621932,546.4866452857835,0.2324535413048167,0.012876460964870278,8835.235498795515,1240.0417218844348,129714509.97556634,18205672.53984633,29755497.6692213,6139781.828045813
non_boundary,5.0,Physics-Aligned MoE,global,all,applicable,5,299450906.83246,37343101.69514669,3399.4131711389614,423.9246863416169,0.19480525377742963,0.009548382031446433,11349.891669397359,1574.5311430949782,166633434.5442573,23116478.97734892,26563494.457640532,4496778.893472913
non_boundary,5.0,Boundary-forced router,global,all,applicable,5,301393866.89829236,43467544.97168865,3421.469955366644,493.4503169713432,0.22121036678813474,0.008782205120420635,10392.699023246769,2039.7421580234072,152580410.7097974,29946474.493020643,29762691.237698972,5315315.8557404885
non_boundary,5.0,PatchTST,global,all,applicable,5,307367116.62522954,24506610.124834638,3489.279213355011,278.202841726375,0.2247908365403172,0.005035410928293684,10962.733748770952,1465.1492711851097,160949375.5325807,21510589.024904184,29283548.21852977,1316174.0529722862
non_boundary,5.0,PatchTST,physical-bin,high,applicable,5,764396.6212738038,97091.08545063762,7962.464804935456,1011.3654734441419,0.0,0.0,47774.78882961274,6068.192840664862,764396.6212738039,97091.08545063777,0.0,0.0
non_boundary,5.0,Graph WaveNet,physical-bin,high,applicable,5,768153.7489135743,61741.003449597054,8001.601551183066,643.1354525999692,0.0,0.0,48009.6093070984,3858.812715599809,768153.7489135744,61741.003449596945,0.0,0.0
non_boundary,5.0,Boundary-forced router,physical-bin,high,applicable,5,812298.3716015625,238814.923967762,8461.44137084961,2487.655457997521,0.0,0.0,50768.64822509767,14925.932747985124,812298.3716015626,238814.92396776195,0.0,0.0
non_boundary,5.0,Physics-Aligned MoE,physical-bin,high,applicable,5,891376.1450238038,142077.39164231974,9285.16817733129,1479.9728296074968,0.0,0.0,55711.00906398772,8879.836977644978,891376.1450238036,142077.39164231968,0.0,0.0
non_boundary,5.0,Physics-Aligned MoE,gate-bin,high,applicable,5,105601219.25858483,31996559.231191307,4440.945057977102,603.4108105129521,0.15731652179946498,0.017791647322615126,15497.10994096399,2482.993211500475,61711438.11277149,20692651.530901734,8777956.229162673,2515706.452074798
non_boundary,5.0,Boundary-forced router,gate-bin,high,applicable,5,110023701.33632472,22237740.246307705,5023.124093470956,1398.204186128283,0.22864602160092215,0.040033747045509854,12931.861040472988,1940.2235963140295,48924101.91602188,12739967.273546398,12219919.884060565,3080311.557339512
non_boundary,5.0,Physics-Aligned MoE,gate-bin,low,applicable,5,42350830.65487532,8189782.104095981,2505.078029825958,327.15153773282174,0.23700703318735283,0.004339956897062679,8258.439391203003,1340.9459537294053,23246648.065254517,4989208.703840564,3820836.5179241635,667497.1397058758
non_boundary,5.0,Boundary-forced router,gate-bin,low,applicable,5,46417615.75933362,12133092.93827033,2390.613810772753,547.0061804503181,0.24723305235178286,0.013947826666369612,7477.284639275074,1958.2534229036717,24242292.772964556,7311310.206684884,4435064.597273812,971514.6783716728
non_boundary,5.0,Graph WaveNet,physical-bin,low,applicable,5,279360343.7507559,48324810.22759446,3174.80190186442,549.189256277141,0.24263293671087474,0.011796625548166108,8461.890661029818,1264.89657280221,124097857.4893328,18550340.688430805,31052497.252284616,6097732.788414976
non_boundary,5.0,Physics-Aligned MoE,physical-bin,low,applicable,5,299286968.4214493,37428698.19367232,3401.2588321963026,425.359951287856,0.204886752355301,0.010433129609738374,10907.889271512928,1555.5454596220645,159969650.11137283,22812851.938087385,27863463.66201529,4594863.469517758
non_boundary,5.0,Boundary-forced router,physical-bin,low,applicable,5,301908339.1568794,43527021.94764745,3431.0495057206763,494.66459772535836,0.23007057379564283,0.0074511121595609376,10019.239682363874,2087.9748012881105,146937159.56170735,30621194.448290784,30994235.91903442,5478282.335411142
non_boundary,5.0,PatchTST,physical-bin,low,applicable,5,307969823.3055179,24553661.972447775,3499.93548697644,279.04108250028725,0.23398679440410036,0.006189520354713904,10602.31302050174,1441.0609227515395,155488221.60216823,21133878.962612703,30496320.340669937,1301183.1013198388
non_boundary,5.0,Boundary-forced router,gate-bin,mid,applicable,5,142656133.44544452,35115485.21656266,3093.0994100567286,504.95188611106227,0.2332669387458422,0.026058933081409753,10131.758298625946,2473.8200927425514,77057567.90627424,18799699.900547512,13119713.10783406,5512828.127999233
non_boundary,5.0,Physics-Aligned MoE,gate-bin,mid,applicable,5,153090980.8792891,21450324.550414342,3222.3784341657947,397.7612245989028,0.23100527565684853,0.016648598828584372,10148.19273838997,1192.7452518350851,79955334.85452339,5430561.238798354,14627129.204953145,4316869.33512948
non_boundary,5.0,Boundary-forced router,physical-bin,mid,applicable,5,,0.0,,0.0,,0.0,,0.0,,0.0,,0.0
non_boundary,5.0,Graph WaveNet,physical-bin,mid,applicable,5,,0.0,,0.0,,0.0,,0.0,,0.0,,0.0
non_boundary,5.0,PatchTST,physical-bin,mid,applicable,5,,0.0,,0.0,,0.0,,0.0,,0.0,,0.0
non_boundary,5.0,Physics-Aligned MoE,physical-bin,mid,applicable,5,,0.0,,0.0,,0.0,,0.0,,0.0,,0.0
non_boundary,10.0,Graph WaveNet,global,all,applicable,5,366972070.77961767,65025814.27699343,4165.923904001836,738.1831361122664,0.1029572364313365,0.014072207787854996,15589.712114964123,1388.1640646241292,228880358.41584572,20380330.71477914,13809171.236377185,4612674.279308165
non_boundary,10.0,Boundary-forced router,global,all,applicable,5,393487515.05396426,59495866.66688209,4466.931342777921,675.4063125575507,0.100126008922794,0.008183049718568262,17470.083492542726,2102.42195621203,256487030.79576597,30866707.950126912,13700048.42581982,4630987.28681961
non_boundary,10.0,PatchTST,global,all,applicable,5,397951087.87439317,28034113.631618887,4517.602514211685,318.2476090274482,0.10252358410244185,0.007325489548019731,17665.24027375281,1696.4918944017743,259352225.07910186,24907045.747659635,13859886.27952913,1162406.7722488807
non_boundary,10.0,Physics-Aligned MoE,global,all,applicable,5,397954290.47424567,51496330.99544338,4517.638870622277,584.5943420341176,0.0818104417123591,0.004517292016164231,18824.967012036443,1969.442333864482,276378753.18721306,28914367.624631386,12157553.728703264,2975967.4984214795
non_boundary,10.0,PatchTST,physical-bin,high,applicable,5,1171552.3899359135,96982.53716141003,12203.670728499097,1010.234762098021,0.0,0.0,73222.02437099461,6061.408572588132,1171552.3899359137,96982.53716141012,0.0,0.0
non_boundary,10.0,Graph WaveNet,physical-bin,high,applicable,5,1224093.0608111578,88234.6986833515,12750.96938344956,919.1114446182451,0.0,0.0,76505.81630069736,5514.668667709458,1224093.0608111578,88234.69868335122,0.0,0.0
non_boundary,10.0,Boundary-forced router,physical-bin,high,applicable,5,1330592.0951177985,431152.30748212145,13860.334324143734,4491.169869605432,0.0,0.0,83162.00594486238,26947.019217632587,1330592.095117798,431152.3074821214,0.0,0.0
non_boundary,10.0,Physics-Aligned MoE,physical-bin,high,applicable,5,1504857.073823243,267229.6360642832,15675.594518992113,2783.642042336283,0.0,0.0,94053.56711395268,16701.852254017682,1504857.0738232427,267229.63606428285,0.0,0.0
non_boundary,10.0,Physics-Aligned MoE,gate-bin,high,applicable,5,144919399.6832334,41378297.837827675,6105.881000646188,725.6343418164988,0.07461497876795134,0.010160516264507357,25840.06078433037,2801.838144690738,102086661.25108764,27732044.599981274,4283273.843214577,1528658.5919805493
non_boundary,10.0,Boundary-forced router,gate-bin,high,applicable,5,146545502.60739526,24054334.750377562,6733.878195020026,1960.1175222089253,0.11902465950739724,0.035551386442188096,22775.557561379672,1981.2414748571987,86193306.71870387,19099604.68648652,6035219.588869138,2121250.316559271
non_boundary,10.0,Physics-Aligned MoE,gate-bin,low,applicable,5,51270990.27328676,9398648.999990596,3031.4772117084804,341.2054901505017,0.10649221141360239,0.008554360679935794,13571.867928194999,2413.273236495062,38177017.750342265,8511950.394542675,1309397.2522944494,292901.5959837922
non_boundary,10.0,Boundary-forced router,gate-bin,low,applicable,5,55704886.06322153,12975679.551660465,2869.303730150202,571.239214713292,0.11235754824662539,0.010593891179687794,12619.537019026877,2808.1988239204684,40856261.714168325,10555985.257916823,1484862.43490532,253394.9916550735
non_boundary,10.0,Graph WaveNet,physical-bin,low,applicable,5,367714929.7671535,66326643.25505671,4178.9111607418035,753.7718142926906,0.1149523257531849,0.013004632280821887,14742.40028619349,1442.6208207583516,216204671.39717054,21156755.646831613,15151025.83699829,4626970.770169964
non_boundary,10.0,Boundary-forced router,physical-bin,low,applicable,5,393809322.8505476,60398530.16669741,4475.461944138142,686.4015338344801,0.11056106735763074,0.007175357853239431,16638.344686930777,2303.3924770108474,244009644.0061833,33780402.37160258,14979967.884436434,5011526.744531027
non_boundary,10.0,Physics-Aligned MoE,physical-bin,low,applicable,5,395839332.6965183,51615928.13440212,4498.53207296624,586.5912985624097,0.09215960360483219,0.005843521337424091,17839.229990125,1896.0834769090043,261621227.42017817,27807012.230609007,13421810.527634015,3245879.0949238515
non_boundary,10.0,PatchTST,physical-bin,low,applicable,5,398491807.86558396,27808717.03804464,4528.676234082073,316.0332871710778,0.11232711692975579,0.007244090004387823,16914.460747018904,1661.3765235953053,248059024.08540568,24364917.406786952,15043278.378017824,1154136.7499019979
non_boundary,10.0,Boundary-forced router,gate-bin,mid,applicable,5,177526629.9966465,48944445.72003698,3833.7885552399116,650.0897923854258,0.11896659467503075,0.016849148956637843,15634.346602059604,2665.478426050007,119538140.46658544,25101960.65303556,5798848.953006103,3234074.698068125
non_boundary,10.0,Physics-Aligned MoE,gate-bin,mid,applicable,5,195807168.86858705,34780659.56921878,4115.365351882179,615.8216308964936,0.11617548516512721,0.009551362364890537,15709.655518691536,1482.2814488916863,124001102.4623858,8363228.764084998,7180606.640620122,2978172.5829167697
non_boundary,10.0,Boundary-forced router,physical-bin,mid,applicable,5,,0.0,,0.0,,0.0,,0.0,,0.0,,0.0
non_boundary,10.0,Graph WaveNet,physical-bin,mid,applicable,5,,0.0,,0.0,,0.0,,0.0,,0.0,,0.0
non_boundary,10.0,PatchTST,physical-bin,mid,applicable,5,,0.0,,0.0,,0.0,,0.0,,0.0,,0.0
non_boundary,10.0,Physics-Aligned MoE,physical-bin,mid,applicable,5,,0.0,,0.0,,0.0,,0.0,,0.0,,0.0
non_boundary,20.0,Graph WaveNet,global,all,applicable,5,467380572.3454574,85828497.92640619,5305.7767978460115,974.3384296155725,0.045431325137077275,0.01375368067254267,22100.417922382338,1268.9431064330113,324467285.7274562,18629988.217096247,7145664.330900049,3426512.279502872
non_boundary,20.0,Boundary-forced router,global,all,applicable,5,493866045.3367487,85172912.64512038,5606.443997965112,966.8961237512104,0.04413490901247602,0.00763408340313989,24202.757962363346,2140.885901794287,355332791.0244375,31431416.36719281,6926662.715615563,2953178.393207795
non_boundary,20.0,PatchTST,global,all,applicable,5,497877732.4818002,35342695.89292245,5651.985293076323,401.2157691984521,0.04632133410527989,0.0054220690826075925,24187.28636310755,2200.5254460317087,355105644.7399634,32307014.335914537,7138604.387091838,786947.4066551109
non_boundary,20.0,Physics-Aligned MoE,global,all,applicable,5,507677273.6000225,72311390.28531785,5763.231204804489,820.8901257287274,0.03577745234932852,0.0032734053217253482,26048.02697286619,2782.810110071156,382424108.002135,40855826.631009676,6262658.279894381,1713221.659912075
non_boundary,20.0,PatchTST,physical-bin,high,applicable,5,1514253.868302002,134823.45791226474,15773.477794812521,1404.4110199194238,0.0,0.0,94640.86676887512,8426.466119516535,1514253.8683020019,134823.4579122646,0.0,0.0
non_boundary,20.0,Graph WaveNet,physical-bin,high,applicable,5,1523410.8901615143,66200.22787883665,15868.86343918244,689.585707071215,0.0,0.0,95213.18063509461,4137.51424242728,1523410.8901615138,66200.22787883648,0.0,0.0
non_boundary,20.0,Boundary-forced router,physical-bin,high,applicable,5,1623977.9443469048,443898.593674316,16916.436920280255,4623.943684107459,0.0,0.0,101498.62152168155,27743.66210464475,1623977.9443469043,443898.59367431584,0.0,0.0
non_boundary,20.0,Physics-Aligned MoE,physical-bin,high,applicable,5,1786997.7598553654,251484.24951795352,18614.55999849339,2619.6275991453485,0.0,0.0,111687.35999096037,15717.76559487209,1786997.7598553658,251484.2495179534,0.0,0.0
non_boundary,20.0,Boundary-forced router,gate-bin,high,applicable,5,181479938.31988373,24555595.104905423,8375.254926883052,2526.6609209964836,0.0618238446597947,0.02665858921094231,32896.87263377665,3325.924722884249,123545973.35231142,23234294.293301605,2896698.248378616,1280503.0905418005
non_boundary,20.0,Physics-Aligned MoE,gate-bin,high,applicable,5,183976209.93642998,50955857.28654694,7766.664879805273,981.047081388908,0.03856916041843291,0.0085426015790771,36624.87546604632,4119.437660447125,143975643.1454081,35312125.620983586,2000028.339551096,910481.7767032898
non_boundary,20.0,Physics-Aligned MoE,gate-bin,low,applicable,5,59225554.84932633,10741361.428349923,3497.8324430457615,336.429501848184,0.04757611611478931,0.007316950755694198,17453.22862074151,2827.907847032071,49097398.87920513,10404709.91315691,506407.7985060595,232943.5817914408
non_boundary,20.0,Boundary-forced router,gate-bin,low,applicable,5,63614230.91424523,12968012.861789137,3278.6915450316956,560.6949691766513,0.05000409112351305,0.01011657673110505,16436.18021403193,3191.36473230113,53148573.78053895,11933254.756321745,523282.8566853143,101417.66674611057
non_boundary,20.0,Graph WaveNet,physical-bin,low,applicable,5,466604715.2793156,92052027.91270931,5302.748119501727,1046.1289865410808,0.05652040503221847,0.012786016027106542,20295.282270688873,1446.0947281761833,297640462.14078766,21207702.236067817,8448212.656926397,3583113.156443182
non_boundary,20.0,Boundary-forced router,physical-bin,low,applicable,5,493015299.7016737,89244373.41464616,5602.892272131576,1014.2212836776353,0.05411566829179594,0.00680634172445025,22468.059508279403,2244.817880570939,329505326.71867156,32921376.627513118,8175498.649150106,3555747.6584207765
non_boundary,20.0,PatchTST,physical-bin,low,applicable,5,497742132.1732715,34499190.512793876,5656.610550535513,392.0674430101696,0.05523848487947904,0.006442635010293433,22672.423339990964,2111.7024979543753,332502424.49263746,30969172.983749893,8261985.384031696,829576.5173476591
non_boundary,20.0,Physics-Aligned MoE,physical-bin,low,applicable,5,501816877.1985191,73061816.71612239,5702.918154836398,830.3139649304195,0.04437171138613299,0.003553673780972405,24090.002632187592,2569.0628173574796,353291933.6023471,37676590.74795612,7426247.179808602,2084301.747219843
non_boundary,20.0,Boundary-forced router,gate-bin,mid,applicable,5,208120892.97827253,66333900.930290975,4473.791382498837,880.2847081517587,0.0572097235911921,0.007246406199687515,20503.287442188266,2935.0815585546147,157517508.72518498,35508369.8357192,2530169.2126543806,1765572.465472792
non_boundary,20.0,Physics-Aligned MoE,gate-bin,mid,applicable,5,240537903.08405218,55618365.17691888,5048.04365242431,1000.4754017505988,0.0610361680847024,0.008373176205640464,20359.791964692173,1843.378832142641,160833031.8188812,12453999.695904126,3985243.5632585473,2344189.223677374
non_boundary,20.0,Boundary-forced router,physical-bin,mid,applicable,5,,0.0,,0.0,,0.0,,0.0,,0.0,,0.0
non_boundary,20.0,Graph WaveNet,physical-bin,mid,applicable,5,,0.0,,0.0,,0.0,,0.0,,0.0,,0.0
non_boundary,20.0,PatchTST,physical-bin,mid,applicable,5,,0.0,,0.0,,0.0,,0.0,,0.0,,0.0
non_boundary,20.0,Physics-Aligned MoE,physical-bin,mid,applicable,5,,0.0,,0.0,,0.0,,0.0,,0.0,,0.0
non_boundary,50.0,Graph WaveNet,global,all,applicable,5,616671379.535276,124698148.78640674,7000.54921199328,1415.592739007217,0.022148054808205336,0.009017070547047777,29432.40981160642,1383.7824580427705,432111924.64909965,20316002.157754947,3691189.097723526,2092525.7729741405
non_boundary,50.0,Boundary-forced router,global,all,applicable,5,643773184.0345159,127469734.76822688,7308.213103049369,1447.0562132414586,0.020542860061982766,0.006212661279178849,31797.985712826845,3132.2023324922084,466842127.24286735,45985428.544484355,3538621.135832967,1651073.7503708033
non_boundary,50.0,PatchTST,global,all,applicable,5,644802397.8811605,41903619.24310506,7319.89689837733,475.6963893687642,0.02310163584556528,0.002664215632804146,31170.827307579246,2635.207306048094,457634501.11622465,38688796.063745074,3743357.93529872,528169.5362409235
non_boundary,50.0,Physics-Aligned MoE,global,all,applicable,5,662265151.8839328,101289259.09044382,7518.136792152627,1149.8513899629218,0.017421017380149624,0.00290126531125057,34562.888942274614,4126.707112969118,507435054.0060047,60586250.47905612,3096601.9575585583,954619.7941069939
non_boundary,50.0,PatchTST,physical-bin,high,applicable,5,1639850.8071016963,140871.53984743485,17081.779240642667,1467.4118734107794,0.0,0.0,102490.67544385602,8804.471240464663,1639850.807101696,140871.53984743461,0.0,0.0
non_boundary,50.0,Graph WaveNet,physical-bin,high,applicable,5,1675105.0652694595,84800.75726287195,17449.011096556867,883.3412214882496,0.0,0.0,104694.0665793412,5300.047328929505,1675105.065269459,84800.75726287204,0.0,0.0
non_boundary,50.0,Boundary-forced router,physical-bin,high,applicable,5,1783615.9950638772,467911.8429722318,18579.333281915384,4874.081697627415,0.0,0.0,111475.99969149232,29244.490185764498,1783615.9950638767,467911.84297223197,0.0,0.0
non_boundary,50.0,Physics-Aligned MoE,physical-bin,high,applicable,5,1941664.5554629513,264757.151596368,20225.672452739072,2757.8869957955003,0.0,0.0,121354.03471643446,16547.321974773,1941664.5554629513,264757.1515963679,0.0,0.0
non_boundary,50.0,Boundary-forced router,gate-bin,high,applicable,5,223764069.7240115,25956536.202875737,10295.07504802201,2887.9405361476215,0.03032476336232885,0.017115735631068,44232.839926054476,6998.182850367587,164812695.38230258,30958475.316826936,1179027.4868341791,585164.556913415
non_boundary,50.0,Physics-Aligned MoE,gate-bin,high,applicable,5,229446637.43714562,61587323.673626274,9721.796969491323,1454.4913180051328,0.016193526286408723,0.0063501666912570065,49193.83916084391,6160.2841555654095,191798571.32351232,39068027.454654835,752961.3222726661,496527.11806096457
non_boundary,50.0,Physics-Aligned MoE,gate-bin,low,applicable,5,68506107.98278041,12640002.75545163,4038.816850704592,332.99941371514535,0.02203311625323105,0.005145003157283244,20576.008783717152,2980.1757162922568,57919447.57846601,11513795.516314553,211733.20808628824,144611.30495369417
non_boundary,50.0,Boundary-forced router,gate-bin,low,applicable,5,72795063.92872266,12355801.255190896,3755.059633916778,527.525261663094,0.02097748841110943,0.005830621411464423,19501.909043918848,3330.7443316870936,63040846.379662655,12564764.104929877,195084.35098120017,62478.667718708886
non_boundary,50.0,Graph WaveNet,physical-bin,low,applicable,5,628842650.2722056,143588981.37919375,7146.507679840506,1631.8227743024306,0.03007966542793177,0.009523794697981635,26006.933953453306,1770.4523102509252,381404689.8943695,25964568.355984934,4948759.2075567255,2357145.4972010707
non_boundary,50.0,Boundary-forced router,physical-bin,low,applicable,5,655932945.2905461,149308708.97985432,7454.376430972305,1696.8248494750073,0.028809109815553513,0.00677221723291,27965.42239830643,2579.651789671519,410126902.18236285,37831883.32142766,4916120.86216366,2374536.401615325
non_boundary,50.0,PatchTST,physical-bin,low,applicable,5,660387689.2552322,44879227.76685527,7505.002548557638,510.0317953343477,0.0312661234416374,0.0030845401725244906,28008.39298989073,2483.110614585812,410757087.3932425,36416058.71820821,4992612.037239797,600161.4117085605
non_boundary,50.0,Physics-Aligned MoE,physical-bin,low,applicable,5,664687769.7218618,109389598.0327365,7553.870986576908,1243.162501934659,0.024688327480595046,0.0032156789811226254,30178.116777958297,3156.857705395511,442577171.6071474,46296896.678477876,4442211.962294294,1301743.2912959016
non_boundary,50.0,Boundary-forced router,gate-bin,mid,applicable,5,248209397.41685587,94459549.47725558,5305.907154844794,1317.5066443456853,0.026122261454360158,0.005195109981341057,24869.635331568563,3565.7452076502436,191916929.4199333,48819370.43122241,1125849.3599384516,973418.4222748976
non_boundary,50.0,Physics-Aligned MoE,gate-bin,mid,applicable,5,314416985.71416146,103047820.90880841,6580.821464543216,1906.8781012632794,0.03267998311927284,0.009947501089401218,24830.128899292347,2988.1652254547143,196032518.07767305,20072301.61268859,2367689.352729768,1806471.4986939444
non_boundary,50.0,Boundary-forced router,physical-bin,mid,applicable,5,,0.0,,0.0,,0.0,,0.0,,0.0,,0.0
non_boundary,50.0,Graph WaveNet,physical-bin,mid,applicable,5,,0.0,,0.0,,0.0,,0.0,,0.0,,0.0
non_boundary,50.0,PatchTST,physical-bin,mid,applicable,5,,0.0,,0.0,,0.0,,0.0,,0.0,,0.0
non_boundary,50.0,Physics-Aligned MoE,physical-bin,mid,applicable,5,,0.0,,0.0,,0.0,,0.0,,0.0,,0.0
non_overlap,2.0,Graph WaveNet,global,all,applicable,5,7623772.674283737,1376910.9017706683,1847.2916584162194,333.6348199105085,0.6052338260237461,0.012093996225685735,162.62916355133058,363.64986482470624,111861.75966272355,250130.4986885938,3755955.4573105066,571921.1122412211
non_overlap,2.0,Physics-Aligned MoE,global,all,applicable,5,8380441.518733932,1193128.1742129633,2030.6376347792423,289.10302258613115,0.5748000969227041,0.01865714851548561,548.8639694392681,577.1354171059494,377526.9336459766,396972.9777327088,4001457.2925439775,406334.2198244005
non_overlap,2.0,Boundary-forced router,global,all,applicable,5,8540883.503587399,1380812.765304187,2069.5138123545917,334.5802678226768,0.5928761812454567,0.02797378815427813,391.4180966459215,371.3013974128812,269230.414142953,255393.47785382674,4135826.544722224,599594.1606945248
non_overlap,2.0,PatchTST,global,all,applicable,5,8681807.524172047,1034877.6536069169,2103.6606552391686,250.75785161301596,0.6003876908165738,0.026839452605895854,627.7666868686676,573.4118925788229,431798.8527844985,394411.8134454669,4125004.3356937743,342858.7782269744
non_overlap,2.0,Graph WaveNet,physical-bin,high,applicable,5,364090.1803686777,72602.40016573397,1264.20201516902,252.09166724213185,0.19305555555555554,0.032812040708131804,0.0,0.0,0.0,0.0,182045.09018433886,36301.200082866984
non_overlap,2.0,PatchTST,physical-bin,high,applicable,5,406090.6067448298,50665.242269285685,1410.0368289751036,175.92098010168638,0.21319444444444446,0.041710046862347916,0.0,0.0,0.0,0.0,203045.3033724149,25332.621134642843
non_overlap,2.0,Physics-Aligned MoE,physical-bin,high,applicable,5,425855.41610591405,155466.67268261325,1478.6646392566458,539.8148357035184,0.19513888888888892,0.06437204086450676,0.0,0.0,0.0,0.0,212927.70805295705,77733.33634130663
non_overlap,2.0,Boundary-forced router,physical-bin,high,applicable,5,518519.35587752657,185291.64042256857,1800.4144301303004,643.3737514672519,0.2638888888888889,0.08498082118416957,0.0,0.0,0.0,0.0,259259.67793876329,92645.82021128428
non_overlap,2.0,Physics-Aligned MoE,gate-bin,high,applicable,5,1625768.7400321206,487496.7251611166,2293.720318377181,670.0024626099159,0.3056477110248487,0.06791199788173131,0.0,0.0,0.0,0.0,812884.3700160603,243748.3625805583
non_overlap,2.0,Boundary-forced router,gate-bin,high,applicable,5,1889587.8104200643,749692.5757111586,2692.8569168078725,921.7239572696576,0.3792649542710545,0.06973403616775393,0.0,0.0,0.0,0.0,944793.9052100321,374846.28785557934
non_overlap,2.0,Physics-Aligned MoE,gate-bin,low,applicable,5,2162851.3623908227,262257.64013167546,1522.4557942350095,213.94614709841994,0.5049581138168637,0.023343141773068763,2410.379233494401,394.42573052636743,570683.0786504259,85711.35787893944,796084.1418701984,90737.08063792271
non_overlap,2.0,Boundary-forced router,gate-bin,low,applicable,5,2631404.9814943643,577096.3114329342,1673.0487865091068,271.52568362818766,0.5370417686846576,0.016324666934813527,2331.8266987502575,886.7342229303955,602450.1701309711,229956.97135786337,1014477.4056816965,233035.32564639655
non_overlap,2.0,Graph WaveNet,physical-bin,low,applicable,5,7188745.310178364,1271004.4985005392,1872.5567361756614,331.0769727795099,0.5859338369367023,0.011944854721925852,619.7674965918064,565.649435159017,396547.9032359908,361921.363595911,3396098.703471186,466004.64471703075
non_overlap,2.0,Physics-Aligned MoE,physical-bin,low,applicable,5,7868953.584830783,1114362.7238980243,2049.7404492916867,290.27421825944884,0.5352435530085959,0.02122461218938584,1412.0728866301477,720.504472480721,903491.3019621896,461002.7783089147,3482731.141434297,367016.3692232254
non_overlap,2.0,Boundary-forced router,physical-bin,low,applicable,5,7925194.168104537,1305294.431176571,2064.390249571382,340.00896878785375,0.5663454024485542,0.015398798563487318,1098.1546092867852,629.2738996998992,702635.9241753279,402630.4168246521,3611279.1219646046,457900.50325355283
non_overlap,2.0,PatchTST,physical-bin,low,applicable,5,8149566.044455076,990626.1093309905,2122.8356458596186,258.04274793722067,0.5700442823651992,0.017647320318554056,1462.8765780702233,743.4543358417601,935997.1972019313,475686.8658827528,3606784.423626573,263779.4448586949
non_overlap,2.0,Boundary-forced router,gate-bin,mid,applicable,5,3852709.9917252166,1133479.2294345046,2090.63970276745,514.1399898327031,0.5356761802296107,0.07789136174022818,394.34520568847654,543.511697492672,117787.64497477212,168623.97630803462,1867461.1733752221,502832.03378883674
non_overlap,2.0,Physics-Aligned MoE,gate-bin,mid,applicable,5,4485392.677350358,1039484.9372187024,2244.8740828005584,444.2154835574539,0.5722170133117521,0.05575766425115035,133.33060245513917,298.13629057069153,46221.27551778157,103353.91406450639,2219585.700916288,488642.20626941515
non_overlap,2.0,Boundary-forced router,physical-bin,mid,applicable,5,,0.0,,0.0,,0.0,,0.0,,0.0,,0.0
non_overlap,2.0,Graph WaveNet,physical-bin,mid,applicable,5,,0.0,,0.0,,0.0,,0.0,,0.0,,0.0
non_overlap,2.0,PatchTST,physical-bin,mid,applicable,5,,0.0,,0.0,,0.0,,0.0,,0.0,,0.0
non_overlap,2.0,Physics-Aligned MoE,physical-bin,mid,applicable,5,,0.0,,0.0,,0.0,,0.0,,0.0,,0.0
non_overlap,5.0,Graph WaveNet,global,all,applicable,5,13800783.283433815,2087624.1169818533,3344.0230878201633,505.84543663238486,0.23968984734674098,0.008084480725424482,8476.463507246975,1323.9581848915896,5830394.1490680445,910662.5715079318,1594077.8268731544,243191.21429159373
non_overlap,5.0,PatchTST,global,all,applicable,5,14863724.215017116,1190650.8952130969,3601.58086140468,288.5027611371691,0.22747758662466683,0.01401760839154453,10673.368095252517,1538.6630863449611,7341498.354851189,1058343.7595576085,1504445.1720331851,53833.24051884964
non_overlap,5.0,Boundary-forced router,global,all,applicable,5,15142187.4968176,2149307.606517343,3669.0543970965837,520.791763149344,0.21715531863338988,0.018296487045896842,10614.86218702317,1676.595981776059,7301256.040974105,1153218.6027982992,1568186.2911686995,299006.57477652386
non_overlap,5.0,Physics-Aligned MoE,global,all,applicable,5,15184135.036950404,2054492.287160464,3679.218569651176,497.81737028361107,0.19273079718924158,0.013149021434954217,11270.321840379242,1723.1904680951027,7752103.039207521,1185267.843638081,1486406.3995485767,195695.15178413782
non_overlap,5.0,Graph WaveNet,physical-bin,high,applicable,5,941170.7119106802,186672.19789296173,3267.9538608009725,648.1673537950061,0.1451388888888889,0.00752759839884681,4710.713927307126,2556.9989794653434,226114.26851074205,122735.95101433648,143011.2886799876,18040.90252628945
non_overlap,5.0,PatchTST,physical-bin,high,applicable,5,1031390.4849695887,122722.83814156552,3581.2169616999613,426.12096576932464,0.15763888888888888,0.03149977341678257,4961.844228515622,4666.964409796236,238168.52296874984,224014.29167021927,158644.3924001678,32664.367007757297
non_overlap,5.0,Physics-Aligned MoE,physical-bin,high,applicable,5,1114005.1528886158,331431.04482362233,3868.0734475299155,1150.802238970911,0.13333333333333336,0.023498505994011983,8031.588850784296,4852.946182240653,385516.2648376461,232941.41674755132,145697.7776101939,21963.9397209418
non_overlap,5.0,Boundary-forced router,physical-bin,high,applicable,5,1256508.8149426777,349808.72865659016,4362.877829662075,1214.6136411687157,0.14791666666666664,0.02311050179485242,9438.979254150388,5377.9380424931405,453071.00419921865,258141.02603967072,160687.5621486918,33033.125652366354
non_overlap,5.0,Physics-Aligned MoE,gate-bin,high,applicable,5,3771351.1073229485,837087.7122642375,5340.263239664691,1125.4187481595905,0.17071414079469888,0.034403525876781256,13862.347762985246,3664.333517206021,1621784.8607965293,410514.996758225,429913.2493052838,127427.75580310212
non_overlap,5.0,Boundary-forced router,gate-bin,high,applicable,5,3980791.4895502403,1352511.5721216532,5691.840851227549,1680.224847558994,0.22412553746736527,0.025096684014655524,12172.531772747041,3037.09948770073,1429703.8939899541,452078.7088300654,510217.5191120572,187534.3235469029
non_overlap,5.0,Physics-Aligned MoE,gate-bin,low,applicable,5,3487316.127834099,329068.3554304235,2455.4232390573293,299.37381311234657,0.20830568829007837,0.008616912809937927,9371.59845053792,1699.6760855153243,2215348.5057650944,341418.19075476157,254393.52441380065,15848.07387528574
non_overlap,5.0,Boundary-forced router,gate-bin,low,applicable,5,4316242.587540584,1056482.6047240596,2729.0244182591955,397.87438581750234,0.22706792846048085,0.009632434330964074,9213.100490756111,2396.978432039936,2379381.0056114485,566163.5334958216,387372.31638582685,211183.90912786016
non_overlap,5.0,Graph WaveNet,physical-bin,low,applicable,5,12740906.132255534,1934363.825046177,3318.8085783421548,503.8717960526641,0.23849960927324823,0.007483207889475863,8870.060453732312,1377.6035745442632,5675360.346979723,881436.6871125709,1413109.157055162,218924.21490190373
non_overlap,5.0,PatchTST,physical-bin,low,applicable,5,13709382.738203809,1227225.9115820376,3571.0817239395174,319.67332940402133,0.22250586090127636,0.01805384985905257,11202.13191819191,1388.6958056166666,7167497.405656457,888533.8662937306,1308377.0665094706,79949.50382543182
non_overlap,5.0,Boundary-forced router,physical-bin,low,applicable,5,13824407.239462335,1969421.291454806,3601.043823772423,513.0037227024761,0.2193800468872102,0.011374257898500382,10758.228085769713,2139.9562234742125,6883472.936878321,1369215.323652917,1388186.8605168022,289533.5888704233
non_overlap,5.0,Physics-Aligned MoE,physical-bin,low,applicable,5,13994378.152172685,1849240.9471500374,3645.3186121835593,481.6986056655475,0.19458192237561867,0.012874892791099145,11430.744334435463,1790.0926874594077,7313771.249982958,1145360.9711927776,1336121.380437946,191948.15752013162
non_overlap,5.0,Boundary-forced router,gate-bin,mid,applicable,5,6677525.056475939,1526171.6045191041,3604.9982273218484,543.8978839876213,0.2316447914825992,0.018677173219893935,10740.926049101352,2592.3155180471886,3289220.6628932087,897153.475071739,677660.8787165459,181965.66318406365
non_overlap,5.0,Physics-Aligned MoE,gate-bin,mid,applicable,5,7886768.8707241835,1754508.7004315886,3947.218664536935,738.3778625644774,0.23289702509963,0.02232042470614693,10836.719076009245,1319.7027162073334,3586159.6345649213,473498.92654905113,860121.8472318526,285159.0086093877
non_overlap,5.0,Boundary-forced router,physical-bin,mid,applicable,5,,0.0,,0.0,,0.0,,0.0,,0.0,,0.0
non_overlap,5.0,Graph WaveNet,physical-bin,mid,applicable,5,,0.0,,0.0,,0.0,,0.0,,0.0,,0.0
non_overlap,5.0,PatchTST,physical-bin,mid,applicable,5,,0.0,,0.0,,0.0,,0.0,,0.0,,0.0
non_overlap,5.0,Physics-Aligned MoE,physical-bin,mid,applicable,5,,0.0,,0.0,,0.0,,0.0,,0.0,,0.0
non_overlap,10.0,Graph WaveNet,global,all,applicable,5,18666086.45962369,2888317.1944975,4522.918938605208,699.8587822867701,0.09697116549551733,0.012755558130447958,16318.543113238808,1248.007900633847,11224437.904722758,858421.4343193141,744164.8554900934,209004.57352459425
non_overlap,10.0,PatchTST,global,all,applicable,5,19824845.557610113,1579897.1482845587,4803.694101674367,382.8197597006442,0.093530409498425,0.005327994530481231,18222.604571649426,1957.4139347337727,12534114.844532862,1346374.5514410464,729073.0713077247,66887.78889495328
non_overlap,10.0,Boundary-forced router,global,all,applicable,5,20461636.384770673,3540335.160850691,4957.992824029725,857.8471434094238,0.0918342621759147,0.011874267452198542,18687.022850562927,1759.4033545349535,12853557.217378868,1210176.2740276256,760807.9167391805,332565.3637354962
non_overlap,10.0,Physics-Aligned MoE,global,all,applicable,5,20992321.715231776,2983484.1739347116,5086.581467223596,722.9183847673157,0.08107584201599224,0.005678979887905655,19474.013197882177,2030.547621187703,13394875.411276622,1396678.3387736082,759744.6303955157,177282.11644415837
non_overlap,10.0,Graph WaveNet,physical-bin,high,applicable,5,1724585.8356248096,180725.65475588324,5988.145262586144,627.519634569039,0.061111111111111116,0.014853645580699609,24421.424773540515,3392.7897323268335,1172228.3891299446,162853.907151688,55235.744649486485,20570.68298935038
non_overlap,10.0,PatchTST,physical-bin,high,applicable,5,1888900.5783012458,155384.3213121111,6558.682563545993,539.5288934448303,0.058333333333333334,0.006211299937499415,25697.219000034354,4072.796472963091,1233466.512001649,195494.2307022283,65543.40662995967,13445.923299349313
non_overlap,10.0,Physics-Aligned MoE,physical-bin,high,applicable,5,1940114.1785972058,329010.1285209815,6736.507564573631,1142.396279586741,0.06597222222222224,0.01070210764404336,29408.14277569773,4914.6365981482495,1411590.8532334908,235902.55671111593,52852.33253637146,12836.822623468242
non_overlap,10.0,Boundary-forced router,physical-bin,high,applicable,5,2034381.4771118548,396634.13188167114,7063.824573305052,1377.2018468113579,0.0736111111111111,0.022689318406534084,27877.560592680005,5983.474838185664,1338122.9084486403,287206.792232912,69625.85686632147,25331.152777149775
non_overlap,10.0,Physics-Aligned MoE,gate-bin,high,applicable,5,5374453.412642733,1135470.7586221655,7590.115693657766,1338.2280304328976,0.08777323236819186,0.013326925057368563,29781.14307128907,4987.662712962967,3473749.612370911,452171.0916476573,190070.38002718214,79893.99928512966
non_overlap,10.0,Boundary-forced router,gate-bin,high,applicable,5,5434955.716672736,1809445.1314030867,7771.450593390015,2224.468367116727,0.11736210812369559,0.039172128114998636,26648.82192357064,4495.393457630296,3076375.8166448358,478494.987031544,235857.9900027901,139414.42439862553
non_overlap,10.0,Physics-Aligned MoE,gate-bin,low,applicable,5,4264512.670853166,325001.5651454935,3003.8438032824306,341.23941786696867,0.08639593335685408,0.010580431641858668,14586.564467015272,2384.890541922649,3445708.2229519016,428529.86322281265,81880.44479012651,14628.388085468605
non_overlap,10.0,Boundary-forced router,gate-bin,low,applicable,5,5481784.098062928,1797902.549316172,3440.3759977808963,709.4322511701474,0.10534849865731095,0.014012619826852635,13978.176288754717,2626.632153783993,3629506.1745623983,666339.9299583702,185227.7923500529,168525.6487660443
non_overlap,10.0,Graph WaveNet,physical-bin,low,applicable,5,17051647.53319958,2747281.6328625455,4441.6899018493295,715.6242857156928,0.10440218806980983,0.011166554645117037,15767.926378569007,1395.8168107421377,10088844.894554403,893090.1227398447,696280.2638645174,187200.57087156572
non_overlap,10.0,PatchTST,physical-bin,low,applicable,5,18070674.62646479,1636673.776694566,4707.130665919455,426.3281523038724,0.10127637405574368,0.0071298562238595615,17704.245312994717,1696.1772730618773,11327766.292764453,1085270.7585474246,674290.8333700334,62729.627025712594
non_overlap,10.0,Boundary-forced router,physical-bin,low,applicable,5,18432150.58514198,3279815.349263829,4801.28955070122,854.3410651898489,0.10200573065902578,0.007080196829838795,17550.996529483797,2283.2390231670024,11229712.61278138,1460892.434989687,720243.7972360601,313518.9729495228
non_overlap,10.0,Physics-Aligned MoE,physical-bin,low,applicable,5,19072685.492638573,2701940.739395852,4968.138966563837,703.8136856983203,0.08939828080229226,0.006748509472138067,18474.890896675737,1950.8134790297586,11820851.02538969,1248195.4909992076,725183.4467248878,172734.60011635916
non_overlap,10.0,Boundary-forced router,gate-bin,mid,applicable,5,8690394.436433475,1938066.7671463138,4682.259263907452,619.6691267767142,0.11413177516826385,0.013799758996442146,17261.111023302783,2958.3638733366392,5292946.514587318,1102164.6885432957,339744.7921846158,130044.81929626156
non_overlap,10.0,Physics-Aligned MoE,gate-bin,mid,applicable,5,10615279.815512309,2631905.044228756,5307.111910997005,1128.115231407149,0.11805740418570951,0.022118645936814296,17669.05848691673,1783.7908015301098,5849567.444870528,665528.8702026802,476571.2370641778,208252.51239606016
non_overlap,10.0,Boundary-forced router,physical-bin,mid,applicable,5,,0.0,,0.0,,0.0,,0.0,,0.0,,0.0
non_overlap,10.0,Graph WaveNet,physical-bin,mid,applicable,5,,0.0,,0.0,,0.0,,0.0,,0.0,,0.0
non_overlap,10.0,PatchTST,physical-bin,mid,applicable,5,,0.0,,0.0,,0.0,,0.0,,0.0,,0.0
non_overlap,10.0,Physics-Aligned MoE,physical-bin,mid,applicable,5,,0.0,,0.0,,0.0,,0.0,,0.0,,0.0
non_overlap,20.0,Graph WaveNet,global,all,applicable,5,24309445.500476874,3655256.2214167514,5890.342985334837,885.6932932921619,0.042306760358614005,0.005365330480634272,25260.777610292414,2433.394277823,17375204.866279464,1673769.6974292526,346712.0317098705,106427.849730142
non_overlap,20.0,PatchTST,global,all,applicable,5,25764480.84396626,2010518.3821000347,6242.907885623034,487.16219580810156,0.03750908650351345,0.003975603450834734,28594.16018803832,2543.723427873252,19668016.516005687,1749657.7644721523,304823.2163980285,26819.085276339367
non_overlap,20.0,Boundary-forced router,global,all,applicable,5,26639871.258548785,5028805.318754963,6455.020901029509,1218.5135252616824,0.039253695178095474,0.012442870924611356,28365.70532865402,1810.12723502478,19510877.64855919,1245065.8498245443,356449.68049948,197066.4838232251
non_overlap,20.0,Physics-Aligned MoE,global,all,applicable,5,27893391.64781066,3860037.586444103,6758.757365595024,935.3132024337542,0.03726677974315483,0.005616083200704874,29969.988923975056,3542.395276395827,20614357.381540842,2436577.5509475954,363951.7133134912,82242.75891613273
non_overlap,20.0,Graph WaveNet,physical-bin,high,applicable,5,2867730.4302465217,227288.91179075066,9957.397327244867,789.1976103845511,0.008333333333333333,0.0019018144357818268,57846.83671544392,4557.512800643028,2776648.162341308,218760.61443086524,4554.113395260706,1545.1329610773662
non_overlap,20.0,PatchTST,physical-bin,high,applicable,5,2960707.9656668613,267580.6006397166,10280.23599189882,929.099307776794,0.01388888888888889,0.004252586358998574,58233.175856800095,6527.531313704828,2795192.4411264043,313321.5030578318,8275.776227022796,3832.385083983554
non_overlap,20.0,Boundary-forced router,physical-bin,high,applicable,5,3054234.1029894017,438923.23035496875,10604.979524268758,1524.0389942880859,0.01388888888888889,0.009820927516479828,60200.21689353947,8896.885555650226,2889610.4108898947,427050.50667121075,8231.184604975359,7146.125230126593
non_overlap,20.0,Physics-Aligned MoE,physical-bin,high,applicable,5,3203129.0239285775,425021.179482613,11121.975777529782,1475.7679843146288,0.006944444444444445,0.0024552318791199565,65340.482952997554,9092.851811916165,3136343.1817438817,436456.8869719759,3339.2921092347497,1884.828263509118
non_overlap,20.0,Boundary-forced router,gate-bin,high,applicable,5,6616221.203335578,1668845.5755249795,9427.790077003976,1808.5628657931945,0.04254906688927698,0.023380620353238474,45867.32324793813,4686.6020914954115,5350725.508587476,888269.8643614757,63274.784737405054,47516.80389324546
non_overlap,20.0,Physics-Aligned MoE,gate-bin,high,applicable,5,7078542.946763595,1194690.8523040952,10030.645993794133,1383.3727716044486,0.02829456796828534,0.011472156066879083,52154.06013916014,5574.54871187037,6115344.743028104,750864.6306071597,48159.91018677451,24448.301951617643
non_overlap,20.0,Physics-Aligned MoE,gate-bin,low,applicable,5,4956650.530443119,329507.2789707482,3490.351185921977,363.614714960815,0.03715529073001832,0.009506900581431315,18274.325277872682,2815.882168206504,4318454.903988186,496052.2212982357,31909.78132274669,10928.595960969247
non_overlap,20.0,Boundary-forced router,gate-bin,low,applicable,5,6801823.401731019,3149557.620913433,4224.311559359014,1383.2211046547518,0.050923031950954045,0.01557312995224554,18019.50171527028,2446.785460352043,4682088.88922813,637860.2255288883,105986.72562514439,152824.04004363125
non_overlap,20.0,Graph WaveNet,physical-bin,low,applicable,5,21952133.25051276,3744476.188874856,5718.190479425049,975.3780122101736,0.052930450638187035,0.008577023289898834,22333.196394608916,2003.7761298506286,14289523.493150603,1282082.7604160947,383130.4878681079,129415.19891342639
non_overlap,20.0,PatchTST,physical-bin,low,applicable,5,22855021.239220887,2177814.2205762626,5953.378806778037,567.2868508924881,0.04881479551966658,0.0036865689635200358,25165.002753198147,2518.6480052091433,16101407.59492128,1611514.9486663167,337680.6822149803,34787.827302819576
non_overlap,20.0,Boundary-forced router,physical-bin,low,applicable,5,23566460.898501717,5062997.247663523,6138.6978115399115,1318.8323124937544,0.048189632716853344,0.010230443806541015,24832.6513609007,2054.287304124821,15888758.095749632,1314401.4934225306,383885.14013760455,204275.91938349797
non_overlap,20.0,Physics-Aligned MoE,physical-bin,low,applicable,5,24876780.81579312,3706717.419706999,6480.015841571534,965.5424380586089,0.04605365980724147,0.004024464468257173,26009.768377381562,3254.5933105627682,16641916.800127968,2082397.2865417444,411743.2007832575,89632.94056285518
non_overlap,20.0,Boundary-forced router,gate-bin,mid,applicable,5,10877122.956087276,2622440.3047130513,5846.692499718146,852.8212290743126,0.05807316951473581,0.01203253000550817,23344.149375012505,3097.1107195889017,7135535.374288544,1050141.2794107543,187079.37908993656,100490.9449485983
non_overlap,20.0,Physics-Aligned MoE,gate-bin,mid,applicable,5,13610410.872753302,3790769.4636011687,6787.115594149082,1589.7180171357827,0.06453609953896446,0.015256154027906317,24421.755631815184,3718.815406041602,8071863.893383359,1150923.9752417468,276927.3489684971,147383.64200029869
non_overlap,20.0,Boundary-forced router,physical-bin,mid,applicable,5,,0.0,,0.0,,0.0,,0.0,,0.0,,0.0
non_overlap,20.0,Graph WaveNet,physical-bin,mid,applicable,5,,0.0,,0.0,,0.0,,0.0,,0.0,,0.0
non_overlap,20.0,PatchTST,physical-bin,mid,applicable,5,,0.0,,0.0,,0.0,,0.0,,0.0,,0.0
non_overlap,20.0,Physics-Aligned MoE,physical-bin,mid,applicable,5,,0.0,,0.0,,0.0,,0.0,,0.0,,0.0
non_overlap,50.0,Graph WaveNet,global,all,applicable,5,31434478.40653748,4022884.5386465434,7616.786626250903,974.7721198562017,0.013569178580082383,0.004906337952826893,39996.50197166447,4216.911928123318,27510927.272843204,2900532.587894154,78471.02267388537,31661.828257857433
non_overlap,50.0,PatchTST,global,all,applicable,5,33602167.88337162,1397330.2218791828,8142.032440846042,338.58255921472795,0.011388417736854858,0.0034480856483541816,43522.27013619874,1816.6441815849132,29936068.14201536,1249548.4229001561,73321.99482712519,25292.145223389347
non_overlap,50.0,Boundary-forced router,global,all,applicable,5,34780008.759386264,5791246.032826121,8427.431247731107,1403.258064653773,0.015507632662951295,0.009389191553185152,42486.43539976106,5556.136509577699,29223586.48246898,3821695.8958378597,111128.44553834568,73951.44784978409
non_overlap,50.0,Physics-Aligned MoE,global,all,applicable,5,37219143.13859415,4378850.090678725,9018.449997236286,1061.0249795683853,0.011485340440998302,0.0034633765688117067,47171.1493489338,5391.162517785616,32445888.89384163,3708221.2851502057,95465.08489505066,31124.06993515585
non_overlap,50.0,Graph WaveNet,physical-bin,high,applicable,5,3968104.2988952594,152079.92086124088,13778.139926719648,528.0552807681977,0.0,0.0,82668.8395603179,3168.3316846091884,3968104.2988952594,152079.92086124103,0.0,0.0
non_overlap,50.0,PatchTST,physical-bin,high,applicable,5,4006005.6686074557,308244.12357237743,13909.741904886998,1070.2920957374215,0.0006944444444444444,0.0015528249843748537,83445.76278762813,6421.502298828081,4005396.613806151,308232.11034374783,12.181096026103479,27.237758754819932
non_overlap,50.0,Boundary-forced router,physical-bin,high,applicable,5,4427816.166632185,1078609.5619195127,15374.361689695084,3745.1720899983084,0.0006944444444444444,0.0015528249843748537,92192.52556117115,22530.632258963822,4425241.226936216,1081470.3484302633,51.49879391938448,115.15480396299652
non_overlap,50.0,Physics-Aligned MoE,physical-bin,high,applicable,5,4628263.262301634,824459.6713964482,16070.358549658451,2862.707192348778,0.0,0.0,96422.15129795071,17176.243154092655,4628263.262301634,824459.671396447,0.0,0.0
non_overlap,50.0,Boundary-forced router,gate-bin,high,applicable,5,8105463.333765833,1712333.1178612513,11538.98479699354,1640.808214388545,0.0074454935301879535,0.0026625670485417,66595.56113271236,9263.896162344567,7796996.86370155,1629819.3859519647,6169.329401285641,2147.318223234189
non_overlap,50.0,Physics-Aligned MoE,gate-bin,high,applicable,5,8936798.339836594,1818394.1318639726,12579.007416688017,1549.7763220185152,0.009096746687655779,0.008471152427479088,70988.4010729551,10443.887926602727,8444919.082976418,2084294.7947804467,9837.585137203549,10807.263783840914
non_overlap,50.0,Physics-Aligned MoE,gate-bin,low,applicable,5,5753135.002218649,335966.0702994627,4051.0309577016246,402.141807353186,0.013926835619962255,0.006978165695232489,22370.233978399632,3270.343066570636,5288304.637491489,566951.5827516614,9296.607294543199,5804.761988254613
non_overlap,50.0,Boundary-forced router,gate-bin,low,applicable,5,9106715.65281438,6502360.910637441,5545.45573511821,3142.917619202592,0.025168580393413915,0.020482460756394972,21694.0296094065,2757.4147545343767,5656909.202125999,895335.6964035664,68996.12901376764,125664.09608156874
non_overlap,50.0,Graph WaveNet,physical-bin,low,applicable,5,28741342.67617961,5463304.089993959,7486.674310023343,1423.1060406340084,0.031831206043240426,0.004332977835115183,29190.59260343313,2964.557969291885,18677114.167429965,1896823.007351924,201284.57017499296,72766.45727963762
non_overlap,50.0,PatchTST,physical-bin,low,applicable,5,28899780.049137063,2472584.2844226724,7527.944790085196,644.069883934012,0.02307892680385517,0.0027970262454902043,34372.07947369516,2666.735456359693,21992402.183252618,1706266.2361608096,138147.55731768892,18816.51329653856
non_overlap,50.0,Boundary-forced router,physical-bin,low,applicable,5,30702624.82734567,7826825.370472846,7997.557912827734,2038.7667023893835,0.026256837718155773,0.01096574781567129,33159.07482265532,2504.6081045685805,21216281.374028962,1602531.752239797,189726.86906633427,125991.95224833442
non_overlap,50.0,Physics-Aligned MoE,physical-bin,low,applicable,5,32923246.949467868,4529936.446825742,8575.995558600644,1179.9782356930818,0.024641833810888254,0.005678920579149886,35940.43545650542,5533.073280794309,22995888.61958738,3540244.720828225,198547.1665976097,40973.93302104312
non_overlap,50.0,Boundary-forced router,gate-bin,mid,applicable,5,13982985.056099173,4260244.1823378205,7462.697602385703,1494.070330769142,0.03183928677057245,0.012385174928907521,30185.48019514322,4632.776705281742,9194328.670753738,1165299.9181886099,95773.12770690871,73444.34550336187
non_overlap,50.0,Physics-Aligned MoE,gate-bin,mid,applicable,5,18293452.824154258,6610936.572373833,9058.383032615564,2697.9851578451785,0.04162305813517629,0.013811638030624431,31409.61316058292,6920.753144801146,10359533.431330835,2037012.7649227658,158678.3878564684,123106.3342355052
non_overlap,50.0,Boundary-forced router,physical-bin,mid,applicable,5,,0.0,,0.0,,0.0,,0.0,,0.0,,0.0
non_overlap,50.0,Graph WaveNet,physical-bin,mid,applicable,5,,0.0,,0.0,,0.0,,0.0,,0.0,,0.0
non_overlap,50.0,PatchTST,physical-bin,mid,applicable,5,,0.0,,0.0,,0.0,,0.0,,0.0,,0.0
non_overlap,50.0,Physics-Aligned MoE,physical-bin,mid,applicable,5,,0.0,,0.0,,0.0,,0.0,,0.0,,0.0
pitch_to_mppt,2.0,Graph WaveNet,global,all,applicable,5,8035029.920835997,1180893.8142836955,4033.6495586526094,592.818179861293,0.40140562248995987,0.04629047613184829,0.0,0.0,0.0,0.0,4017514.9604179985,590446.9071418477
pitch_to_mppt,2.0,PatchTST,global,all,applicable,5,8203048.509163788,748663.0296313193,4117.9962395400535,375.83485423259015,0.4257028112449799,0.043877627162193136,0.0,0.0,0.0,0.0,4101524.254581894,374331.51481565967
pitch_to_mppt,2.0,Physics-Aligned MoE,global,all,applicable,5,8622563.660732329,1976468.7398126482,4328.596215227073,992.2031826368714,0.4142570281124498,0.06452648853843854,0.0,0.0,0.0,0.0,4311281.830366165,988234.3699063243
pitch_to_mppt,2.0,Boundary-forced router,global,all,applicable,5,9705730.123581605,2239109.711258144,4872.354479709641,1124.0510598685464,0.48012048192771084,0.09748435021643405,0.0,0.0,0.0,0.0,4852865.0617908025,1119554.8556290723
pitch_to_mppt,2.0,PatchTST,physical-bin,high,applicable,5,407491.0889010707,115760.12569520279,1306.0611823752265,371.02604389488073,0.2493589743589743,0.09229433664064597,0.0,0.0,0.0,0.0,203745.54445053535,57880.06284760139
pitch_to_mppt,2.0,Graph WaveNet,physical-bin,high,applicable,5,422254.9733373602,141614.89627573025,1353.3813247992314,453.89389831964826,0.24166666666666664,0.06690969018287396,0.0,0.0,0.0,0.0,211127.4866686801,70807.44813786513
pitch_to_mppt,2.0,Physics-Aligned MoE,physical-bin,high,applicable,5,482321.2174013773,200374.326119794,1545.9013378249274,642.2254042301088,0.2525641025641026,0.10512136469302705,0.0,0.0,0.0,0.0,241160.60870068864,100187.163059897
pitch_to_mppt,2.0,Boundary-forced router,physical-bin,high,applicable,5,546731.9560944636,196040.6481557809,1752.346013123281,628.335410755708,0.33782051282051284,0.13028363207373667,0.0,0.0,0.0,0.0,273365.9780472318,98020.32407789046
pitch_to_mppt,2.0,Physics-Aligned MoE,gate-bin,high,applicable,5,959816.6182233173,679767.8567505007,2390.912798736104,1522.0446699490476,0.32360958485958485,0.1376897090932815,0.0,0.0,0.0,0.0,479908.30911165866,339883.92837525037
pitch_to_mppt,2.0,Boundary-forced router,gate-bin,high,applicable,5,1221542.0671822627,864246.5293131076,2693.646155578184,914.6065784744586,0.3988425925925926,0.11164704851930794,0.0,0.0,0.0,0.0,610771.0335911313,432123.2646565538
pitch_to_mppt,2.0,Graph WaveNet,physical-bin,low,applicable,5,4185043.0403224854,536557.3608853025,4359.419833669255,558.9139175888567,0.4039583333333333,0.03686823148803799,0.0,0.0,0.0,0.0,2092521.5201612427,268278.6804426512
pitch_to_mppt,2.0,PatchTST,physical-bin,low,applicable,5,4391724.8904242115,256526.78940253967,4574.71342752522,267.2154056276456,0.4375,0.024705294220065465,289.59461975097656,647.5532556813868,46335.13916015625,103608.52090902189,2172694.875632027,142008.99253116915
pitch_to_mppt,2.0,Physics-Aligned MoE,physical-bin,low,applicable,5,4479319.076574316,1115458.4750479532,4665.95737143158,1161.9359115082848,0.41312499999999996,0.04329249878892288,493.6422546386719,1103.8176379383312,78982.7607421875,176610.822070133,2200168.1579160644,485644.68358448445
pitch_to_mppt,2.0,Physics-Aligned MoE,gate-bin,low,applicable,5,4744706.570113255,1393094.6938840707,4993.989119840521,1271.7825840924286,0.4156015002421376,0.04292382328956052,1056.211004638672,2361.759604955416,164768.9167236328,368434.4983730449,2289968.826694811,595574.363830477
pitch_to_mppt,2.0,Boundary-forced router,physical-bin,low,applicable,5,5165906.819946916,1246363.9358204068,5381.152937444704,1298.2957664795902,0.471875,0.07236772535883046,585.883090209961,1310.074416577114,93741.29443359375,209611.90665233828,2536082.762756661,538263.4559861786
pitch_to_mppt,2.0,Boundary-forced router,gate-bin,low,applicable,5,5456157.109252446,1218651.8970257815,5650.233405091327,1623.5535562850207,0.4757283061205933,0.06997708670362449,953.9994079589844,2133.207526690843,114479.92895507812,255984.90320290113,2670838.590148684,611418.4541045759
pitch_to_mppt,2.0,Physics-Aligned MoE,gate-bin,mid,applicable,5,2928018.2111591864,717793.2648801138,4514.074705120896,1373.8171998384778,0.4562530637254902,0.10130371998896481,0.0,0.0,0.0,0.0,1464009.1055795932,358896.63244005677
pitch_to_mppt,2.0,Boundary-forced router,gate-bin,mid,applicable,5,3008170.1001467747,2132824.8373617874,4724.260539994221,1691.6212929721478,0.5013819835254125,0.14405217819382662,0.0,0.0,0.0,0.0,1504085.0500733873,1066412.4186808937
pitch_to_mppt,2.0,PatchTST,physical-bin,mid,applicable,5,3408503.719434046,413556.19880807766,4734.032943658397,574.3836094556635,0.4822222222222223,0.05259837931127575,0.0,0.0,0.0,0.0,1704251.8597170226,206778.09940403874
pitch_to_mppt,2.0,Graph WaveNet,physical-bin,mid,applicable,5,3427731.907176152,600237.3948012087,4760.738759966877,833.6630483350123,0.46722222222222226,0.06262795543899814,0.0,0.0,0.0,0.0,1713865.953588076,300118.6974006045
pitch_to_mppt,2.0,Physics-Aligned MoE,physical-bin,mid,applicable,5,3663667.883028609,793996.8374249378,5088.427615317513,1102.7733853124137,0.47777777777777775,0.07171967247382749,0.0,0.0,0.0,0.0,1831833.9415143046,396998.4187124688
pitch_to_mppt,2.0,Boundary-forced router,physical-bin,mid,applicable,5,3975395.006248926,853624.6192782635,5521.381953123508,1185.589748997588,0.5452777777777779,0.11879100981280394,0.0,0.0,0.0,0.0,1987697.5031244631,426812.3096391319
pitch_to_mppt,5.0,PatchTST,global,all,applicable,5,16514551.385160655,1233209.8220674223,8290.437442349727,619.0812359776214,0.24568273092369478,0.022578086803571682,18292.605583171862,4440.508600783812,6073145.053613057,1474248.8554602251,2088281.2663095198,415379.262278818
pitch_to_mppt,5.0,Graph WaveNet,global,all,applicable,5,16920437.148929544,1644778.610156908,8494.195355888325,825.6920733719414,0.27710843373493976,0.01886374922495576,13919.893480072036,3621.294074512783,4621404.635383916,1202269.6327382438,2459806.502709126,202065.41323459343
pitch_to_mppt,5.0,Physics-Aligned MoE,global,all,applicable,5,17358923.6730162,2766555.7894899785,8714.31911295994,1388.833227655612,0.2536144578313253,0.027781960863077867,19267.844506950387,5248.967867353492,6396924.3763075285,1742657.331961359,2192399.859341734,275067.51897783956
pitch_to_mppt,5.0,Boundary-forced router,global,all,applicable,5,18664537.150969595,2752048.800396871,9369.747565747788,1381.5506026088708,0.2761044176706828,0.03290355343006816,19483.980645751973,4079.608424383148,6468681.574389655,1354429.9968952045,2439171.1153159877,379857.3874479426
pitch_to_mppt,5.0,Graph WaveNet,physical-bin,high,applicable,5,1225611.0657682293,231749.26830733335,3928.2405954109913,742.7861163696581,0.10128205128205128,0.032099322970652,16384.440828857423,3836.7222032081168,851990.9231005858,199509.55456682201,74724.02853352863,32498.063406726764
pitch_to_mppt,5.0,PatchTST,physical-bin,high,applicable,5,1266051.9428491213,178134.6685928286,4057.858791183081,570.9444506180403,0.08012820512820513,0.025439916452544137,19442.06340454102,3767.8694271685727,1010987.2970361328,195929.21021276573,51012.929162597626,23324.30200749602
pitch_to_mppt,5.0,Boundary-forced router,physical-bin,high,applicable,5,1363576.8084803266,241316.036105855,4370.438488718995,773.4488336726122,0.10128205128205128,0.01749659495378998,19343.608151245127,4041.7362665448995,1005867.6238647463,210170.2858603347,71541.83692311597,21880.173712269694
pitch_to_mppt,5.0,Physics-Aligned MoE,physical-bin,high,applicable,5,1396054.4333024085,332883.8745933891,4474.533440071822,1066.9354954916319,0.09487179487179487,0.028179621333760594,19522.928938598634,6836.003521898379,1015192.3048071287,355472.18313871574,76172.42569905598,29248.98428044077
pitch_to_mppt,5.0,Physics-Aligned MoE,gate-bin,high,applicable,5,2173379.052870686,1440296.7856229898,5458.880370803075,2801.728616126457,0.21315323565323566,0.10382819820125327,11561.125410156255,10716.74382081435,741101.707666016,871185.6830781932,286455.4690409342,219713.78557717273
pitch_to_mppt,5.0,Boundary-forced router,gate-bin,high,applicable,5,2539191.232939211,1658143.3400602397,5655.647789835183,1715.5185053261655,0.18919753086419752,0.0400694080409598,14370.554152450564,8546.962842380162,1056409.0399887084,808528.07961309,296556.4385901006,215918.47194618516
pitch_to_mppt,5.0,PatchTST,physical-bin,low,applicable,5,8521258.040559236,392863.8994264743,8876.310458915872,409.2332285692442,0.234375,0.022060227692236846,23393.99018112185,3365.956796241396,3743038.428979496,538553.0873986232,955643.9223159483,158294.2968029151
pitch_to_mppt,5.0,Graph WaveNet,physical-bin,low,applicable,5,8634092.734080324,668378.1294857436,8993.846598000337,696.2272182143159,0.27499999999999997,0.012035645841970154,16176.832734870923,3922.7584228184505,2588293.2375793476,627641.3476509522,1209159.8993001953,65428.73431917356
pitch_to_mppt,5.0,Physics-Aligned MoE,physical-bin,low,applicable,5,8642530.202552503,1535940.1456941252,9002.635627658858,1599.9376517647138,0.22624999999999998,0.03546565239777777,25342.854169006365,5262.061999988549,4054856.6670410177,841929.9199981679,917534.7071022969,159261.682486863
pitch_to_mppt,5.0,Physics-Aligned MoE,gate-bin,low,applicable,5,8925693.79904494,2159060.480783133,9379.289460385498,1660.8340183700093,0.2062856060916432,0.032301210427935496,31424.722244901688,10245.607858490685,5002023.999996343,1815804.9520819644,784733.9598097195,164577.74344724225
pitch_to_mppt,5.0,Boundary-forced router,physical-bin,low,applicable,5,9496848.723968942,1502199.0514741594,9892.550754134316,1564.7906786189162,0.26166666666666666,0.03670600399344319,25891.341331348427,3808.581758052041,4142614.6130157486,609373.0812883265,1070846.8221906393,185952.44381497498
pitch_to_mppt,5.0,Boundary-forced router,gate-bin,low,applicable,5,9835330.744965363,1942875.1385287573,10057.7368184144,1847.8289533455536,0.24092311426752913,0.06687853498364783,30849.9975072861,5508.773595155689,4992666.154609685,715259.4754997342,968532.9180711359,375415.71374733816
pitch_to_mppt,5.0,Boundary-forced router,gate-bin,mid,applicable,5,5840605.2946012765,3564944.91333529,9421.000943701763,2489.3008678378883,0.3237347933728845,0.08423701843172057,12901.488647460938,4577.625386507955,1327795.4612792968,867350.5546322389,902561.9666643959,552417.8096461649
pitch_to_mppt,5.0,Physics-Aligned MoE,gate-bin,mid,applicable,5,6013220.3363538785,1185445.8409576395,9232.883291178076,2403.62133467958,0.3076582924836601,0.08033997612913853,13787.18833618164,2365.3241809939295,1579511.1498535157,501100.57397676195,886741.8373000727,167331.36853161213
pitch_to_mppt,5.0,PatchTST,physical-bin,mid,applicable,5,6912036.155376295,809304.3317195557,9600.050215800407,1124.0337940549389,0.33611111111111114,0.028497617400948867,12519.00535888672,5087.756695252106,1502280.6430664062,610530.8034302527,1081951.1024619774,220807.85248824957
pitch_to_mppt,5.0,Graph WaveNet,physical-bin,mid,applicable,5,7242179.132355866,923371.9464176412,10058.582128272039,1282.4610366911684,0.35277777777777775,0.030222298815262415,10428.391467285157,3586.9793658583594,1251406.9760742188,430437.52390300314,1198154.4312563294,137308.5752318424
pitch_to_mppt,5.0,Physics-Aligned MoE,physical-bin,mid,applicable,5,7568525.111674008,1056875.170952331,10511.840432880566,1467.8821818782378,0.3561111111111111,0.04477524462093085,12153.686632347108,5365.336173332165,1458442.3958816528,643840.3407998598,1222016.5431584711,135718.18178118495
pitch_to_mppt,5.0,Boundary-forced router,physical-bin,mid,applicable,5,7928267.339748241,1060816.7442511227,11011.482416317001,1473.3565892376703,0.3744444444444444,0.053545224337775595,12469.148760986329,4100.1984321675,1496297.8513183594,492023.8118601,1286393.8976859762,155186.50284863551
pitch_to_mppt,10.0,PatchTST,global,all,applicable,5,21114425.121352896,939323.3580911256,10599.611004695229,471.5478705276731,0.08473895582329317,0.02323760422723846,49667.32927983345,3154.3584576948315,16489553.320904706,1047247.0079546833,462487.18004481884,152711.76569582467
pitch_to_mppt,10.0,Graph WaveNet,global,all,applicable,5,21263732.81855357,1479986.8150385597,10674.56466794858,742.9652685936549,0.09819277108433735,0.018761941569153534,46670.21945935012,3987.814296657348,15494512.86050424,1323954.3464902395,576921.995804933,122099.90586785472
pitch_to_mppt,10.0,Physics-Aligned MoE,global,all,applicable,5,22027927.527848434,2831840.5021500955,11058.196550124714,1421.6066777861924,0.0755020080321285,0.012472651975650112,54926.60792961599,8093.122173377656,18235633.832632504,2686916.5615613805,379229.36952159245,53284.94583425207
pitch_to_mppt,10.0,Boundary-forced router,global,all,applicable,5,22648302.409330703,2284970.7259722194,11369.62972355959,1147.0736576165757,0.08604417670682732,0.010352812707470002,53219.592873573325,6294.899664068551,17668904.83402634,2089906.6884707585,497939.7575304362,53275.259018065444
pitch_to_mppt,10.0,Graph WaveNet,physical-bin,high,applicable,5,2670847.5798317995,196746.91630363144,8560.408909717307,630.5990907167673,0.004487179487179487,0.0036544084137792882,51107.14669677739,3752.1815548943896,2657571.628232424,195113.44085450826,1327.5951599375348,906.4042507978494
pitch_to_mppt,10.0,PatchTST,physical-bin,high,applicable,5,2900339.4807991046,197918.23157578587,9295.959874356104,634.3533063326469,0.001282051282051282,0.001755521017644763,55723.40471591953,3846.4908294843785,2897617.0452278154,200017.5231331877,272.2435571289032,551.4172981011048
pitch_to_mppt,10.0,Boundary-forced router,physical-bin,high,applicable,5,3097229.7446142533,447895.4319755098,9927.01841222517,1435.562281972788,0.002564102564102564,0.004178975900770929,59407.97593631747,8794.080093296077,3089214.7486885083,457292.1648513961,801.4995925744336,1266.5799200336587
pitch_to_mppt,10.0,Physics-Aligned MoE,physical-bin,high,applicable,5,3281060.1667132434,396394.8960152828,10516.218483055267,1270.4964615874444,0.002564102564102564,0.004178975900770929,63006.94801209839,7684.237221420249,3276361.296629116,399580.3355138532,469.88700841267774,904.7070309157693
pitch_to_mppt,10.0,Physics-Aligned MoE,gate-bin,high,applicable,5,3374614.557775767,1241923.0927115898,9270.283621391518,1102.1222823581163,0.04303571428571429,0.04425506171646747,50662.42451442726,8973.458298612062,3015860.8867367604,1086766.22574625,35875.36710390062,42397.515504362986
pitch_to_mppt,10.0,Boundary-forced router,gate-bin,high,applicable,5,4026776.7168837697,1538344.328832629,9624.277397396587,1383.1514660872097,0.056666666666666664,0.06119312678260606,49809.35259066273,14821.500077033272,3367761.423108508,1080695.7081369604,65901.52937752618,81850.54738468837
pitch_to_mppt,10.0,PatchTST,physical-bin,low,applicable,5,11068267.873693913,417295.005886286,11529.445701764493,434.68229779821434,0.09520833333333334,0.014594489780202816,50784.77986099483,2777.7402705753725,8125564.777759172,444438.4432920594,294270.3095934742,72003.16022341044
pitch_to_mppt,10.0,Graph WaveNet,physical-bin,low,applicable,5,11088054.003639203,633359.9332793666,11550.056253790839,659.74993049934,0.10874999999999999,0.00944993202503477,45485.11719900133,4024.3734991438273,7277618.751840213,643899.7598630124,381043.52517989895,46289.53150807571
pitch_to_mppt,10.0,Physics-Aligned MoE,physical-bin,low,applicable,5,11338182.11941461,1582938.8537838396,11810.606374390221,1648.894639358166,0.08625000000000001,0.00501733107449679,55600.176912326846,8518.10834348191,8896028.305972293,1362897.334957105,244215.38134423172,36996.88721977582
pitch_to_mppt,10.0,Physics-Aligned MoE,gate-bin,low,applicable,5,11406831.49997722,2570296.7149543525,11996.268503097697,1853.7360609931488,0.08836677034843073,0.013055336257282937,57742.34957606972,12502.517827670355,9144584.144591363,2426409.961714771,226224.73553858558,81710.48904636718
pitch_to_mppt,10.0,Boundary-forced router,physical-bin,low,applicable,5,11960595.83918032,1291832.5822734742,12458.953999146168,1345.6589398682024,0.091875,0.006002025121203305,56145.39745564227,7469.19136147669,8983263.592902761,1195070.617836271,297733.22462775605,21694.87664513231
pitch_to_mppt,10.0,Boundary-forced router,gate-bin,low,applicable,5,12229512.590507783,2057221.9619340044,12478.093932178777,1637.049261196297,0.08062310030395137,0.01524990752891129,61061.41811429263,8583.871719448744,9942590.924863586,1485249.1732300671,228692.16656441946,74318.3291873233
pitch_to_mppt,10.0,Boundary-forced router,gate-bin,mid,applicable,5,6830773.772649822,3621193.014597793,11248.326862296355,1933.7618206935874,0.11944035629980969,0.06343485885834793,45845.37584482432,5388.662289632499,4438929.135371447,1641330.338038353,239184.46372783752,217015.63749669137
pitch_to_mppt,10.0,Physics-Aligned MoE,gate-bin,mid,applicable,5,7521409.959633283,1438930.3174119412,11456.3420603972,2536.3425631762357,0.11582618464052288,0.06751876696646514,45327.48729658127,7820.927098434373,5259497.941764069,1866917.9295606741,226191.20178692142,183009.85548855306
pitch_to_mppt,10.0,PatchTST,physical-bin,mid,applicable,5,7650511.803316727,946510.9963922456,10625.710837939898,1314.5986061003412,0.1411111111111111,0.04611236611411276,42669.971191692355,4810.707180685235,5120396.543003082,577284.8616822282,253011.5260313645,128537.08454821569
pitch_to_mppt,10.0,Graph WaveNet,physical-bin,mid,applicable,5,7833870.363736187,945593.1732153884,10880.375505189148,1313.3238516880392,0.14277777777777778,0.03905470601257159,43947.69035320282,4619.93963843688,5273722.842384338,554392.7566124256,256014.75213518488,100155.72145914542
pitch_to_mppt,10.0,Physics-Aligned MoE,physical-bin,mid,applicable,5,7937663.65950271,903184.4520318338,11024.532860420431,1254.4228500442134,0.13166666666666665,0.03700027110344457,48356.515711545944,8533.716366662298,5802781.885385513,1024045.9639994758,213488.17741171978,78740.20909481765
pitch_to_mppt,10.0,Boundary-forced router,physical-bin,mid,applicable,5,8156850.843884474,843952.5496174507,11328.959505395102,1172.1563189131261,0.1577777777777778,0.01990040789953565,45984.84072031379,5195.360478718503,5518180.8864376545,623443.2574462204,263866.995744682,57059.216655764896
pitch_to_mppt,20.0,Graph WaveNet,global,all,applicable,5,25151711.102991372,1293539.0437334666,12626.360995477595,649.3669898260378,0.03654618473895582,0.0056171087271884995,67554.62316392896,3782.123203593882,22428134.89042441,1255664.9035931681,136178.81062834788,31253.901115364017
pitch_to_mppt,20.0,PatchTST,global,all,applicable,5,25849911.525585778,925983.4259188602,12976.863215655509,464.8511174291466,0.023995983935742975,0.010333320456321767,73421.08027451395,4329.025083503921,24375798.65113863,1437236.3277233026,73705.64372235708,37664.19994705966
pitch_to_mppt,20.0,Physics-Aligned MoE,global,all,applicable,5,27241067.572235025,2649025.8719853065,13675.234725017584,1329.8322650528653,0.015963855421686747,0.00782069869070779,79617.6915032005,7938.711393894204,26433073.579062566,2635652.182772875,40399.69965862318,26013.674728671092
pitch_to_mppt,20.0,Boundary-forced router,global,all,applicable,5,27406681.9382234,2651827.2709712554,13758.37446697962,1331.2385898450077,0.02720883534136546,0.003122958035139717,77489.06573018087,8814.932553357032,25726369.82242005,2926557.607714533,84015.60579016762,20689.554002078807
pitch_to_mppt,20.0,Graph WaveNet,physical-bin,high,applicable,5,3723457.598280944,183320.18427621387,11934.158968849179,587.5646931929929,0.0,0.0,71604.95381309508,3525.388159157955,3723457.598280944,183320.1842762138,0.0,0.0
pitch_to_mppt,20.0,PatchTST,physical-bin,high,applicable,5,3909247.540798811,201840.48450810436,12529.639553842342,646.9246298336681,0.0,0.0,75177.83732305406,3881.547779002007,3909247.540798811,201840.48450810416,0.0,0.0
pitch_to_mppt,20.0,Boundary-forced router,physical-bin,high,applicable,5,4301373.929774741,620900.9013292233,13786.454903124168,1990.0669914398186,0.0,0.0,82718.72941874502,11940.401948638895,4301373.929774741,620900.9013292228,0.0,0.0
pitch_to_mppt,20.0,Physics-Aligned MoE,physical-bin,high,applicable,5,4485672.176576537,432487.52221135143,14377.154412104283,1386.1779558056135,0.0,0.0,86262.92647262568,8317.067734833676,4485672.176576536,432487.5222113511,0.0,0.0
pitch_to_mppt,20.0,Physics-Aligned MoE,gate-bin,high,applicable,5,5090861.760261955,1678490.8534480555,14025.160619756527,1453.6598533206716,0.0,0.0,84150.96371853918,8721.959119924024,5090861.760261954,1678490.8534480548,0.0,0.0
pitch_to_mppt,20.0,Boundary-forced router,gate-bin,high,applicable,5,5309364.426208686,1662327.0580264188,12948.593190638116,2794.5941286368934,0.009876543209876543,0.012180609420167354,76464.95241591452,18107.670527027305,5213927.783391951,1644174.122926442,4771.832140836729,5185.744604847529
pitch_to_mppt,20.0,Graph WaveNet,physical-bin,low,applicable,5,12940230.83416535,663741.7889332417,13479.40711892224,691.3976968054601,0.05645833333333333,0.005071108935265867,66057.4220992398,4027.2439405549476,10569187.53587837,644359.030488792,118552.1649143491,23042.493494102833
pitch_to_mppt,20.0,Physics-Aligned MoE,gate-bin,low,applicable,5,13050994.400381202,2584843.1011009095,13747.719043139217,1643.3311308163622,0.035384581900291825,0.016989720247113933,76489.98078715634,9790.871574233819,12107275.751986507,2506020.6655087313,47185.93241973469,33378.07004506537
pitch_to_mppt,20.0,PatchTST,physical-bin,low,applicable,5,13148096.737245282,554890.8174466266,13695.93410129717,578.0112681735694,0.034583333333333334,0.019892833543487184,76056.75758906244,6742.048282273808,12169081.214249987,1078727.7251638093,48950.77614976473,28561.519871271586
pitch_to_mppt,20.0,Physics-Aligned MoE,physical-bin,low,applicable,5,13179040.947951937,1442003.3379564292,13728.1676541166,1502.0868103712805,0.03208333333333334,0.015649286680584237,76961.92790490952,8060.140097551612,12313908.464785522,1289622.415608258,43256.62415832063,23596.75683032804
pitch_to_mppt,20.0,Boundary-forced router,physical-bin,low,applicable,5,13767805.396781918,1213556.8037387414,14341.463954981164,1264.1216705611885,0.046875,0.005609546674098443,75996.5454369589,8581.83149764923,12159447.269913424,1373093.039623876,80417.90634342474,22638.435428827353
pitch_to_mppt,20.0,Boundary-forced router,gate-bin,low,applicable,5,13971611.653061207,2328557.9530493217,14222.760025750511,1468.8099767189485,0.038957326656794744,0.010018187612161318,78072.71642064866,9044.844929743313,12776906.882022263,2239954.9697378,59735.238551947245,27697.97079630924
pitch_to_mppt,20.0,Boundary-forced router,gate-bin,mid,applicable,5,7745594.202661173,3453604.468106352,13065.418892291467,1212.9007535904832,0.028083731980390457,0.022037325196907584,72461.38344989941,5469.820777352872,7093934.028558332,2861139.890368346,32583.00870514214,33746.97668246871
pitch_to_mppt,20.0,Graph WaveNet,physical-bin,mid,applicable,5,8622146.210930536,583526.6935305283,11975.203070736856,810.4537410146228,0.04027777777777778,0.01652135729634767,64093.36325608343,5189.7230767461615,7691203.590730011,622766.7692095393,46547.13101002623,22751.7064669516
pitch_to_mppt,20.0,PatchTST,physical-bin,mid,applicable,5,8625528.258790115,424316.687448495,11979.900359430716,589.3287325673542,0.028611111111111108,0.01337954953199144,66243.59388315976,4654.797987069488,7949231.265979171,558575.7584483386,33814.84964054723,21392.07147398639
pitch_to_mppt,20.0,Physics-Aligned MoE,gate-bin,mid,applicable,5,9039811.905286964,2071564.8958706148,13369.65328360505,799.6751901994124,0.012586805555555556,0.01393006050410938,77628.55138981342,3324.205046438812,8843903.533841705,2322594.3736794842,9795.41857226292,13796.614284601936
pitch_to_mppt,20.0,Physics-Aligned MoE,physical-bin,mid,applicable,5,9212420.582855491,925338.3683804459,12795.028587299294,1285.192178306175,0.017777777777777774,0.004325669861777065,74093.47917868271,7288.603391031326,8891217.501441926,874632.406923759,16060.154070678353,3297.7559899532525
pitch_to_mppt,20.0,Boundary-forced router,physical-bin,mid,applicable,5,9216987.632972598,799714.6585814671,12801.371712461942,1110.7148035853709,0.02416666666666667,0.004969039949999533,72374.87566065788,5799.491457491744,8684985.079278946,695938.9748990092,26600.127684682608,5619.748263060066
pitch_to_mppt,50.0,Graph WaveNet,global,all,applicable,5,28045985.105535436,1285185.090400968,14079.309791935459,645.1732381530962,0.014457831325301203,0.003813278918641153,80389.34435211917,4128.674374330887,26689262.32490356,1370719.8922778545,27134.45561263753,9169.322475222483
pitch_to_mppt,50.0,PatchTST,global,all,applicable,5,29473190.65038728,1921794.9889325094,14795.778438949439,964.7565205484485,0.006927710843373494,0.00394324033868584,87335.79277787861,6573.97536618613,28995483.202255696,2182559.8215737958,9554.148962631605,5411.455947930327
pitch_to_mppt,50.0,Boundary-forced router,global,all,applicable,5,30659168.12749402,2756598.8290661164,15391.148658380529,1383.8347535472465,0.007630522088353414,0.0036269863189133424,90803.90734458268,9404.190010569719,30146897.238401443,3122191.0835091453,10245.417781851527,10071.915771798156
pitch_to_mppt,50.0,Physics-Aligned MoE,global,all,applicable,5,30959763.35261739,2558368.302533028,15542.049875811941,1284.3214370145724,0.003413654618473895,0.0038625269200143262,92453.25250584864,8022.136310799484,30694479.831941742,2663349.255185427,5305.670413512746,6523.840779405347
pitch_to_mppt,50.0,Graph WaveNet,physical-bin,high,applicable,5,4457758.301370516,162347.07740161236,14287.686863367042,520.3431968000392,0.0,0.0,85726.12118020224,3122.0591808002373,4457758.301370516,162347.07740161204,0.0,0.0
pitch_to_mppt,50.0,PatchTST,physical-bin,high,applicable,5,4535683.104735265,246352.75855683323,14537.44584851046,789.5921748616446,0.0,0.0,87224.67509106276,4737.553049169864,4535683.104735265,246352.75855683326,0.0,0.0
pitch_to_mppt,50.0,Boundary-forced router,physical-bin,high,applicable,5,4995718.242494475,714729.0364834146,16011.91744389255,2290.7981938570983,0.0,0.0,96071.5046633553,13744.789163142597,4995718.242494474,714729.0364834152,0.0,0.0
pitch_to_mppt,50.0,Physics-Aligned MoE,physical-bin,high,applicable,5,5162637.6891372325,518744.93506125145,16546.915670311642,1662.644022632216,0.0,0.0,99281.49402186985,9975.864135793303,5162637.6891372325,518744.93506125186,0.0,0.0
pitch_to_mppt,50.0,Physics-Aligned MoE,gate-bin,high,applicable,5,5965168.021185374,1942807.5013423578,16437.38782120068,1686.907336420906,0.0,0.0,98624.32692720406,10121.444018525457,5965168.021185374,1942807.501342358,0.0,0.0
pitch_to_mppt,50.0,Boundary-forced router,gate-bin,high,applicable,5,6334253.572691265,1704313.432159105,15499.640819362228,2613.9443803989093,0.0006172839506172839,0.00138028887499987,92930.72332104677,15746.371898878711,6327004.4404175915,1691285.0923356377,144.98264547348373,324.1910508364618
pitch_to_mppt,50.0,Graph WaveNet,physical-bin,low,applicable,5,14068001.686548773,645070.8181401292,14654.168423488305,671.948768895968,0.027500000000000004,0.00439479648119354,79093.97833668886,4637.976047438405,12655036.533870215,742076.1675901446,28259.303053571122,9444.877343520833
pitch_to_mppt,50.0,Physics-Aligned MoE,gate-bin,low,applicable,5,14195853.734542018,2666549.0409961236,14957.81662302682,1518.3161358895222,0.01266627848195529,0.009815686036841097,85876.15532570654,10489.112294020866,13606150.6348749,2844648.708894298,11794.061993342324,10601.566016873818
pitch_to_mppt,50.0,Physics-Aligned MoE,physical-bin,low,applicable,5,14456309.932252232,1369646.5485701647,15058.656179429407,1426.715154760589,0.011041666666666668,0.007201827507268168,87630.26077858347,9138.473103520068,14020841.724573355,1462155.696563211,8709.364153577559,6443.559458469461
pitch_to_mppt,50.0,PatchTST,physical-bin,low,applicable,5,14564813.322211718,1167435.7731229924,15171.68054397054,1216.0789303364504,0.01125,0.006846531968814577,88348.69860441683,8867.655288722819,14135791.776706692,1418824.8461956515,8580.430910100578,5399.920559816641
pitch_to_mppt,50.0,Boundary-forced router,physical-bin,low,applicable,5,14880007.65313965,1191696.8549824313,15500.00797202047,1241.3508906066993,0.019583333333333335,0.00734356530500607,87853.60565990745,8492.551547300243,14056576.90558519,1358808.2475680392,16468.61495108915,8761.461168651054
pitch_to_mppt,50.0,Boundary-forced router,gate-bin,low,applicable,5,15327871.252134223,2629085.034222432,15571.474959721247,1319.2790411973842,0.016358907788429064,0.011293932160975084,88616.7846414053,9590.737451103978,14507263.68653833,2543158.172691469,16412.151311917845,16471.252130541732
pitch_to_mppt,50.0,Boundary-forced router,gate-bin,mid,applicable,5,8930044.86992813,3896535.9221887444,15022.064318234687,1013.3939649949272,0.006238254527461318,0.006888205317926397,88678.5157705214,4568.349522034964,8737319.126520041,3596309.5080455984,3854.5148681617648,6911.033023878576
pitch_to_mppt,50.0,Graph WaveNet,physical-bin,mid,applicable,5,9648492.417176474,581705.7315717923,13400.6839127451,807.9246271830448,0.015555555555555555,0.008002700161604408,75248.94018931389,5176.503775557289,9029872.822717667,621180.4530668748,12372.391889176146,10156.453921705624
pitch_to_mppt,50.0,Physics-Aligned MoE,gate-bin,mid,applicable,5,10509590.177868143,2544765.6042587617,15511.355653056791,1244.8704182790016,0.002604166666666667,0.005823093691405703,91956.92839507833,7161.418314623524,10438473.024379348,2695722.1645511617,1422.343069775899,3180.4557913446365
pitch_to_mppt,50.0,Boundary-forced router,physical-bin,mid,applicable,5,10535528.317679698,809732.4890787327,14632.678218999581,1124.6284570537955,0.005277777777777777,0.002282177322938192,86387.8680426024,6664.164170453404,10366544.165112287,799699.7004544084,3379.6830513482287,2052.1567449431095
pitch_to_mppt,50.0,PatchTST,physical-bin,mid,applicable,5,10560144.66683156,930539.4183563796,14666.86759282161,1292.4158588283058,0.0041666666666666675,0.003105649968749708,87337.70806822777,8222.533994554156,10480524.968187332,986704.0793464986,1592.393972884615,1278.2317871705561
pitch_to_mppt,50.0,Physics-Aligned MoE,physical-bin,mid,applicable,5,10565621.963541089,1043137.0181547528,14674.47494936262,1448.8014141038238,0.002777777777777778,0.0009820927516479825,87244.09344085977,8895.579202581564,10469291.212903172,1067469.5043097876,1926.6150127583492,1327.0452068340398
