seed,slice,budget_idx,target_budget_kwh,alpha_base,alpha_post,R_base_kwh,R_post_kwh,delta_R_kwh,U_base_kwh,U_post_kwh,delta_U_kwh,V_base_pct,V_post_pct,delta_V_pct,PSREI_base_kwh,PSREI_post_kwh,delta_PSREI_kwh
201,Transition,0,1949711.7776285806,0.5913621088139663,0.5756041507342263,1949711.7946453094,1949711.7420781453,-0.05256716418080032,297428.4907124837,285473.7990010579,-11954.691711425781,25.156638239063966,24.21716683494089,-0.9394714041230756,4923996.701770146,4804449.732088724,-119546.96968142223
201,Transition,1,2046870.1356959068,0.6208309627106584,0.604287751471406,2046870.0938046772,2046870.1025733948,0.008768717525526881,275365.6866518656,263722.7047907511,-11642.981861114502,23.781802037908246,22.7800333684203,-1.001768669487948,4800526.960323334,4684097.150480906,-116429.80984242819
201,Transition,2,2144028.493763233,0.6502998166073506,0.6329713522085858,2144028.3571879067,2144028.462580363,0.1053924560546875,254512.42478307086,243257.54563268024,-11254.879150390625,22.40266947362391,21.370826262235685,-1.0318432113882245,4689152.605018616,4576603.9189071655,-112548.6861114502
201,Transition,3,2241186.851830559,0.6797686705040425,0.6616549529457654,2241186.8321940103,2241186.823075612,-0.009118398185819387,234878.74668502808,224073.91225687662,-10804.834428151458,21.029981454032495,20.005298847858622,-1.0246826061738723,4589974.299044291,4481925.945644379,-108048.3533999119
201,Transition,4,2338345.209897885,0.7092375244007346,0.6903385536829452,2338345.239003499,2338345.203923543,-0.0350799560546875,216412.54279454547,206136.91729863483,-10275.625495910645,19.73606009179896,18.616141436274194,-1.119918655524767,4502470.666948954,4399714.376909891,-102756.2900390625
201,Transition,5,2435503.5679652113,0.7387063782974267,0.719022154420125,2435503.503142039,2435503.5644187927,0.06127675389871001,199075.56812795,189432.20290247598,-9643.36522547403,18.472213271465705,17.252762203461437,-1.2194510680042683,4426259.184421539,4329825.593443552,-96433.59097798727
201,Transition,6,2532661.9260325376,0.7681752321941189,0.7477057551573046,2532661.997786204,2532661.9452667236,-0.05251948023214936,182847.67169316608,173912.22178904215,-8935.449904123932,17.17972403027504,15.993211746256794,-1.1865122840182458,4361138.714717865,4271784.163157145,-89354.55156072043
201,Transition,7,2629820.284099864,0.7976440860908109,0.7763893558944844,2629820.293121338,2629820.2813568115,-0.0117645263671875,167693.93480046588,159523.64417902628,-8170.290621439606,15.960989022792207,14.750130681045162,-1.2108583417470449,4306759.641125997,4225056.723147074,-81702.91797892284
201,Transition,8,2726978.64216719,0.827112939987503,0.8050729566316641,2726978.509780884,2726978.6622047424,0.15242385864257812,153601.66850026447,146214.9994799296,-7386.66902033487,14.737241591659329,13.590828696841456,-1.146412894817873,4262995.194783528,4189128.6570040383,-73866.53777949
201,Transition,9,2824137.000234516,0.856581793884195,0.8337565573688438,2824137.0156593323,2824137.0222117105,0.0065523781813681126,140534.86269251505,133957.6873842875,-6577.175308227539,13.586532333712844,12.402168231258907,-1.1843641024539373,4229485.642584482,4163713.8960545855,-65771.74652989674
201,Transition,10,2921295.358301842,0.8860506477808872,0.8624401581060235,2921295.279366811,2921295.3623542786,0.08298746775835752,128468.24399693806,122749.97948582967,-5718.264511108398,12.446563983587893,11.248594731226683,-1.1979692523612098,4205977.719336191,4148795.157212575,-57182.562123616226
201,Transition,11,3018453.7163691684,0.9155195016775792,0.8911237588432033,3018453.6904691057,3018453.7432022095,0.05273310374468565,117360.823832194,112526.98854700723,-4833.835285186768,11.361732293613457,10.189541220023916,-1.1721910735895413,4192061.928791046,4143723.6286722817,-48338.3001187644
201,Transition,12,3115612.0744364946,0.9449883555742713,0.9198073595803831,3115612.1654752092,3115612.1240501404,-0.041425068862736225,107156.97814814249,103207.80655670166,-3949.171591440827,10.334901505875276,9.19708133731463,-1.137820168560646,4187181.9469566345,4147690.189617157,-39491.75733947754
201,Transition,13,3212770.4325038204,0.9744572094709633,0.9484909603175626,3212770.424565633,3212770.5048980713,0.08033243846148252,97822.04853057861,94764.07661946614,-3057.9719111124723,9.381108891323494,8.268350841013081,-1.112758050310413,4190990.909871419,4160411.2710927324,-30579.638778686523
201,Transition,14,3309928.7905711466,1.0039260633676554,0.9771745610547424,3309928.6932462053,3309928.845040639,0.15179443359375,89328.17964045206,87086.21466573079,-2241.964974721268,8.410846884778701,7.444165180841085,-0.9666817039376161,4203210.489650726,4180790.991697947,-22419.49795277929
201,Transition,15,3407087.148638473,1.0333949172643475,1.0058581617919222,3407087.168252309,3407087.1450208025,-0.02323150634765625,81620.66524124146,80138.73078664143,-1481.9344546000211,7.5787845588709155,6.65578254674085,-0.9230020121300653,4223293.820664723,4208474.452887217,-14819.36777750682
201,Transition,16,3504245.506705799,1.0628637711610396,1.0345417625291018,3504245.6748860674,3504245.324715932,-0.3501701354980469,74605.64260609944,73834.4646466573,-771.1779594421387,6.823340708756705,6.009179895884801,-0.8141608128719042,4250302.100947062,4242589.971182505,-7712.129764556885
201,Transition,17,3601403.8647731254,1.0923326250577317,1.0632253632662816,3601403.8068173723,3601403.9067166643,0.0998992919921875,68244.77270253499,68107.76843643188,-137.00426610310387,6.114440792535785,5.426306631436488,-0.6881341610992964,4283851.533842722,4282481.591080983,-1369.9427617387846
201,Transition,18,3698562.2228404516,1.121801478954424,1.0919089640034614,3698562.201221466,3698562.0864117937,-0.11480967234820127,62479.452145894364,62873.226641337074,393.77449544271076,5.484307533672746,4.9150394191317055,-0.5692681145410408,4323356.722680409,4327294.352825165,3937.630144755356
201,Transition,19,3795720.580907778,1.151270332851116,1.1205925647406412,3795720.8292439776,3795720.740632375,-0.08861160278320312,57262.61446507771,58075.43944676717,812.8249816894531,4.9150394191317055,4.468217653756096,-0.4468217653756099,4368346.973894754,4376475.135100046,8128.161205291748
201,Transition,20,3892878.9389751037,1.1807391867478079,1.1492761654778207,3892878.7698542275,3892878.7265345254,-0.0433197021484375,52506.57298151652,53696.680475870766,1190.107494354248,4.438859172377249,4.045741946109286,-0.39311722626796364,4417944.499669393,4429845.531293233,11901.031623840332
201,Transition,21,3990037.29704243,1.2102080406445,1.1779597662150005,3990037.3867759705,3990037.379778544,-0.0069974265061318874,48173.05360158284,49703.793744405106,1530.7401428222656,4.00564255690891,3.641883812019792,-0.3637587448891182,4471767.922791799,4487075.317222595,15307.394430796616
201,Transition,22,4087195.655109756,1.2396768945411922,1.2066433669521803,4087195.7183558145,4087195.488230387,-0.23012542724609375,44213.187662760414,46057.374089558914,1844.1864267985002,3.654772901405627,3.3117799116381317,-0.34299298976749526,4529327.5949834185,4547769.229125977,18441.63414255809
201,Transition,23,4184354.0131770824,1.2691457484378843,1.23532696768936,4184353.8834253945,4184354.100769043,0.21734364842996,40585.00647735596,42731.500554402664,2146.4940770467074,3.2938783986022497,3.022491460978282,-0.2713869376239679,4590203.948198954,4611669.106313069,21465.158114115708
201,Transition,24,4281512.371244408,1.2986146023345762,1.2640105684265397,4281512.5319747925,4281512.209220886,-0.32275390625,37276.91261545817,39681.030754089355,2404.1181386311873,3.0060220689852706,2.746092099704267,-0.25992996928100354,4654281.658129374,4678322.51676178,24040.85863240622
201,Transition,25,4378670.729311734,1.3280834562312682,1.2926941691637193,4378670.895182291,4378670.862464905,-0.0327173862606287,34241.41443125407,36864.78453826904,2623.3701070149764,2.7260424051040797,2.551323637873873,-0.17471876723020685,4721085.039494832,4747318.707847595,26233.66835276317
201,Transition,26,4475829.087379061,1.3575523101279605,1.321377769900899,4475829.060251871,4475829.083841959,0.023590087890625,31471.429562886555,34247.93583679199,2776.5062739054374,2.4711248594731225,2.3465303287433854,-0.12459453072973714,4790543.355880737,4818308.442209879,27765.08632914163
201,Transition,27,4572987.445446387,1.3870211640246526,1.3500613706380789,4572987.422597249,4572987.583455403,0.160858154296875,28938.40591430664,31829.899004618324,2891.4930903116838,2.2412694320924005,2.16107065369165,-0.08019877840075029,4862371.481740315,4891286.573501587,28915.09176127147
201,Transition,28,4670145.803513713,1.4164900179213447,1.3787449713752586,4670145.586156209,4670145.763150533,0.17699432373046875,26613.832819620766,29601.300554911293,2987.4677352905273,2.058673999126406,1.994944612718667,-0.06372938640773884,4936283.914352417,4966158.768699646,29874.854347229004
201,Transition,29,4767304.161581039,1.4459588718180367,1.4074285721124382,4767304.214609781,4767304.345151265,0.13054148387163877,24483.84202067057,27549.78963724772,3065.9476165771484,1.8753625056389767,1.8388434190457776,-0.036519086593199024,5012142.634816487,5042802.241523743,30659.606707255356
202,Transition,0,1949711.7776285806,0.6134636195465575,0.6018118140534418,1949711.8913078308,1949711.7654819489,-0.1258258819580078,282119.7551994324,287892.93581899005,5773.180619557679,26.544363529605526,26.86086228007991,0.31649875047438414,4770909.443302155,4828641.123671849,57731.68036969472
202,Transition,1,2046870.1356959068,0.6440338395621934,0.631801399380802,2046870.2041753132,2046870.2205314636,0.016356150386855006,258975.59956741333,264866.2469024658,5890.64733505249,25.11510672882072,25.403679118959133,0.2885723901384125,4636626.199849446,4695532.689556122,58906.48970667552
202,Transition,2,2144028.493763233,0.6746040595778294,0.6617909847081622,2144028.497404734,2144028.453098297,-0.04430643701925874,237084.43780263263,243098.34391911823,6013.906116485596,23.682985685950175,23.999484436424567,0.31649875047439124,4514872.875431061,4575011.892289479,60139.01685841847
202,Transition,3,2241186.851830559,0.7051742795934652,0.6917805700355223,2241186.789878845,2241186.815143585,0.025264739990234375,216466.8157628377,222546.29465230304,6079.478889465332,22.2888158507157,22.60101823806148,0.3122023873457813,4405854.947507222,4466649.7616666155,60794.81415939331
202,Transition,4,2338345.209897885,0.7357444996091013,0.7217701553628825,2338345.1190999346,2338345.241771698,0.1226717634126544,197047.06588109332,203216.56441116333,6169.498530070006,20.90180662069558,21.288479302270627,0.3866726815750461,4308815.777910868,4370510.885883331,61695.10797246359
202,Transition,5,2435503.5679652113,0.7663147196247372,0.7517597406902427,2435503.608029683,2435503.695827484,0.08779780101031065,178861.71604537964,185011.3981666565,6149.6821212768555,19.530550722147037,19.97379218491547,0.4432414627684338,4224120.7684834795,4285617.677494049,61496.909010569565
202,Transition,6,2532661.9260325376,0.7968849396403732,0.7817493260176028,2532661.900503794,2532661.8567733765,-0.04373041773214936,161849.21083068848,167986.69331741333,6137.4824867248535,18.228036633656277,18.588931136459657,0.3608945028033794,4151154.008810679,4212528.78994751,61374.7811368308
202,Transition,7,2629820.284099864,0.8274551596560091,0.8117389113449631,2629820.3263562517,2629820.2441711426,-0.08218510914593935,146017.62298965454,152145.50888697305,6127.885897318512,16.84460770624333,17.237724932511295,0.3931172262679645,4089996.556252797,4151275.333040873,61278.77678807592
202,Transition,8,2726978.64216719,0.8580253796716452,0.8417284966723233,2726978.63442866,2726978.7120170593,0.07758839940652251,131376.63653182983,137464.99789555866,6088.361363728822,15.505574531159375,15.895111454820162,0.3895369236607866,4040744.9997469583,4101628.6909726458,60883.69122568751
202,Transition,9,2824137.000234516,0.888595599687281,0.8717180819996834,2824136.927658081,2824137.07988739,0.15222930908203125,117926.23747253418,123912.34969329834,5986.11222076416,14.153652266689582,14.634844937094083,0.48119267040450175,4003399.302383423,4063260.5768203735,59861.27443695068
202,Transition,10,2921295.358301842,0.9191658197029169,0.9017076673270435,2921295.2201321917,2921295.285800934,0.06566874217242002,105632.52405420938,111432.38290023804,5799.8588460286555,12.861163025498914,13.383887206146664,0.5227241806477494,3977620.460674286,4035619.114803314,57998.65412902832
202,Transition,11,3018453.7163691684,0.9497360397185529,0.9316972526544037,3018453.7437960305,3018453.714416504,-0.029379526618868113,94429.50854110718,100030.73605982462,5601.227518717438,11.648156502187565,12.163720077620962,0.5155635754333971,3962748.8292071023,4018761.07501475,56012.245807647705
202,Transition,12,3115612.0744364946,0.9803062597341888,0.9616868379817639,3115612.052623749,3115612.0822868347,0.0296630859375,84275.8708521525,89668.25930658975,5392.388454437256,10.459496036605014,10.939972646488082,0.48047660988306795,3958370.7611452737,4012294.675352732,53923.914207458496
202,Transition,13,3212770.4325038204,1.0108764797498246,0.991676423309124,3212770.56219991,3212770.5501327515,-0.012067158706486225,75156.01265843709,80313.617506663,5157.604848225907,9.281576478843991,9.814325506791834,0.5327490279478422,3964330.6887842813,4015906.7251993814,51576.0364151001
202,Transition,14,3309928.7905711466,1.0414466997654606,1.0216660086364842,3309928.766910553,3309928.9641838074,0.19727325439453125,67050.01950581868,71946.04834493001,4896.028839111328,8.149484794454827,8.652875341023822,0.5033905465689958,3980428.9619687395,4029389.447633107,48960.485664367676
202,Transition,15,3407087.148638473,1.0720169197810967,1.0516555939638443,3407087.3222020464,3407087.304626465,-0.017575581558048725,59894.01173019409,64529.64428456624,4635.632554372147,7.0796903754305305,7.5823648614780925,0.502674486047562,4006027.4395039873,4052383.747472127,46356.30796813965
202,Transition,16,3504245.506705799,1.1025871397967326,1.0816451792912045,3504245.392645518,3504245.3584709167,-0.03417460108175874,53663.0016784668,58019.455365498856,4356.453687032059,6.0263653483992465,6.5276077134039365,0.50124236500469,4040875.409430186,4084439.912125905,43564.502695719246
202,Transition,17,3601403.8647731254,1.1331573598123685,1.111634764618565,3601403.949447632,3601403.757671356,-0.19177627563476562,48258.768981933594,52366.656298319496,4107.8873163859025,5.197883325098637,5.57166691728785,0.37378359218921275,4083991.639266968,4125070.320654551,41078.68138758326
202,Transition,18,3698562.2228404516,1.1637275798280047,1.141624349945925,3698562.121526082,3698562.2529449463,0.13141886424273252,43530.35585021973,47495.03742090861,3964.681570688881,4.461773109063178,4.756073983373075,0.29430087430989715,4133865.6800282793,4173512.6271540322,39646.94712575292
202,Transition,19,3795720.580907778,1.1942977998436406,1.1716139352732853,3795720.5343958535,3795720.522052765,-0.012343088630586863,39398.19011179606,43254.10082244873,3855.9107106526717,3.823763184464351,4.1266567850314715,0.30289360056712056,4189702.435513814,4228261.530277252,38559.09476343822
202,Transition,20,3892878.9389751037,1.2248680198592763,1.2016035206006452,3892879.1401723223,3892878.8945999146,-0.24557240772992373,35807.19038391113,39458.55616251627,3651.365778605141,3.2215562859372873,3.703465016863225,0.4819087309259378,4250951.044011434,4287464.456225077,36513.41221364308
202,Transition,21,3990037.29704243,1.2554382398749124,1.2315931059280054,3990037.1208546953,3990037.4165267944,0.2956720991060138,32724.20090230306,36024.51522318522,3300.3143208821602,2.6945357421609275,3.3311135457168843,0.6365778035559568,4317279.129877726,4350282.568758646,33003.43888092041
202,Transition,22,4087195.655109756,1.2860084598905483,1.2615826912553656,4087195.7563171387,4087195.804698944,0.048381805419921875,30032.861335754395,32896.968647003174,2864.1073112487793,2.3178879078859747,2.9816760112564715,0.6637881033704969,4387524.369674683,4416165.491168976,28641.121494293213
202,Transition,23,4184354.0131770824,1.3165786799061843,1.291572276582726,4184353.7369995117,4184354.2305526733,0.49355316162109375,27646.663113911945,30059.62101236979,2412.957898457844,2.0192906704474662,2.669473623910693,0.6501829534632266,4460820.368138631,4484950.440676371,24130.07253773976
202,Transition,24,4281512.371244408,1.3471488999218202,1.321561861910086,4281512.34277598,4281512.257743835,-0.08503214456140995,25509.4817682902,27473.729405721027,1964.247637430828,1.7922994851524852,2.3880618389866313,0.5957623538341461,4536607.160458882,4556249.551801045,19642.391342163086
202,Transition,25,4378670.729311734,1.377719119937456,1.3515514472374461,4378670.785837809,4378670.568069458,-0.21776835061609745,23594.73318227132,25143.10015106201,1548.3669687906913,1.5989631443649617,2.110946417191181,0.5119832728262192,4614618.117660522,4630101.569580078,15483.451919555664
202,Transition,26,4475829.087379061,1.408289339953092,1.3815410325648063,4475828.927724202,4475828.899398804,-0.028325398452579975,21835.93213399251,23065.51636505127,1229.5842310587577,1.4514546769492958,1.865337658338883,0.41388298138958723,4694188.249064127,4706484.063049316,12295.813985189423
202,Transition,27,4572987.445446387,1.438859559968728,1.4115306178921665,4572987.595245361,4572987.421325684,-0.173919677734375,20228.266563415527,21202.519658406574,974.253094991047,1.3111068147479825,1.6598282886869598,0.34872147393897723,4775270.260879517,4785012.617909749,9742.357030232437
202,Transition,28,4670145.803513713,1.469429779984364,1.4415202032195267,4670145.554969788,4670145.835090637,0.280120849609375,18763.698003133137,19532.992736816406,769.2947336832694,1.191524707668292,1.4736525531137892,0.2821278454454972,4857782.535001119,4865475.762458801,7693.227457682602
202,Transition,29,4767304.161581039,1.5,1.471509788546887,4767304.151512146,4767304.274581909,0.12306976318359375,17429.325477600098,18026.00023905436,596.6747614542619,1.0697944190242958,1.3161192383980294,0.24632481937373352,4941597.406288147,4947564.276972452,5966.870684305206
203,Transition,0,1949711.7776285806,0.5518645857935768,0.5,1949711.6846726735,1949711.7776285806,0.09295590710826218,354137.91907691956,357489.813205719,3351.8941287994385,27.380006158120484,26.66537775772808,-0.714628400392403,5491090.875441869,5524609.90968577,33519.03424390126
203,Transition,1,2046870.1356959068,0.5793651926250257,0.5249160822594762,2046870.0973644257,2046870.0111395516,-0.08622487401589751,329916.8415336609,334149.2748336792,4232.433300018311,26.0445532856437,25.370740334973114,-0.6738129506705874,5346038.512701035,5388362.759476343,42324.246775308624
203,Transition,2,2144028.493763233,0.6068657994564748,0.5498321645189522,2144028.572168986,2144028.501186371,-0.07098261499777436,306900.1745293935,312018.82342783606,5118.648898442567,24.711248594731227,24.011657465288966,-0.6995911294422612,5213030.317462921,5264216.735464731,51186.41800181009
203,Transition,3,2241186.851830559,0.6343664062879235,0.5747482467784283,2241186.7531312304,2241186.761789322,0.0086580915376544,285078.683482488,291119.38707605994,6040.703593571961,23.395129356333197,22.7313412529627,-0.6637881033704964,5091973.58795611,5152380.632549921,60407.044593811035
203,Transition,4,2338345.209897885,0.6618670131193725,0.5996643290379043,2338345.2742284136,2338345.2170066833,-0.05722173023968935,264393.1757405599,271440.73990503943,7047.564164479554,22.116245265049802,21.390875956835874,-0.7253693082139279,4982277.031634012,5052752.616057077,70475.58442306519
203,Transition,5,2435503.5679652113,0.6893676199508214,0.6245804112973805,2435503.4559459686,2435503.518222809,0.06227684020996094,244861.33130900064,252942.58452860513,8081.253219604492,20.840941476373583,20.113423986595347,-0.7275174897782364,4884116.7690359745,4964929.36350886,80812.59447288513
203,Transition,6,2532661.9260325376,0.7168682267822704,0.6494964935568566,2532661.966239929,2532661.940564473,-0.025675456039607525,226474.48133087158,235556.92551549274,9082.444184621156,19.541291629968566,18.923331399969925,-0.6179602299986406,4797406.779548645,4888231.1957194,90824.4161707554
203,Transition,7,2629820.284099864,0.7443688336137194,0.6744125758163327,2629820.3381074267,2629820.135423024,-0.2026844024658203,209181.83680089313,219279.44673665363,10097.609935760498,18.307519351535593,17.667361245372458,-0.6401581061631347,4721638.706116358,4822614.60278956,100975.89667320251
203,Transition,8,2726978.64216719,0.7718694404451684,0.6993286580758088,2726978.5198249817,2726978.637957255,0.11813227320089936,192951.30439249674,204079.09929529825,11127.794902801514,17.096661009788548,16.505195019083015,-0.5914659907055331,4656491.5637499485,4767769.630910237,111278.0671602888
203,Transition,9,2824137.000234516,0.7993700472766171,0.7242447403352849,2824137.0143051147,2824136.8589808145,-0.15532430028542876,177764.81089274088,189899.57557805377,12134.764685312897,15.891531152212984,15.406042118679872,-0.4854890335331117,4601785.123232523,4723132.614761353,121347.49152882956
203,Transition,10,2921295.358301842,0.826870654108066,0.7491608225947609,2921295.459379832,2921295.361515045,-0.09786478662863374,163614.23386383057,176660.4839922587,13046.250128428132,14.728648865402102,14.331235276005527,-0.39741358939657445,4557437.798018137,4687900.201437632,130462.40341949463
203,Transition,11,3018453.7163691684,0.854371260939515,0.7740769048542371,3018453.737513224,3018453.5825386047,-0.1549746193923056,150465.11487960815,164332.11410268146,13866.999223073304,13.605865967791598,13.287219035752901,-0.3186469320386962,4523104.886309305,4661774.723565419,138669.837256114
203,Transition,12,3115612.0744364946,0.881871867770964,0.7989929871137131,3115612.141801198,3115612.085072835,-0.056728363037109375,138260.01278813678,152875.6841723124,14615.671384175628,12.538935790853042,12.267548853229075,-0.2713869376239675,4498212.269682566,4644368.9267959595,146156.65711339377
203,Transition,13,3212770.4325038204,0.9093724746024128,0.8239090693731892,3212770.274997711,3212770.3060963945,0.03109868336468935,126969.56716537476,142242.3340695699,15272.76690419513,11.482746521736017,11.323781085977387,-0.15896543575862943,4482465.946651459,4635193.646792093,152727.70014063455
203,Transition,14,3309928.7905711466,0.9368730814338617,0.8488251516326653,3309928.802110036,3309928.835722605,0.03361256932839751,116586.52222824097,132388.5269050598,15802.004676818848,10.481693912769508,10.394334529154404,-0.08735938361510343,4475794.024392446,4633814.104773203,158020.08038075734
203,Transition,15,3407087.148638473,0.9643736882653107,0.8737412338921414,3407087.2155570984,3407087.056746165,-0.15881093358621,107062.16733423868,123301.32523854573,16239.157904307052,9.472048577545774,9.506419482574668,0.03437090502889362,4477708.888899485,4640100.309131622,162391.42023213767
203,Transition,16,3504245.506705799,0.9918742950967596,0.8986573161516176,3504245.4941215515,3504245.4634564715,-0.030665080063045025,98361.62895329793,114922.14373143514,16560.514778137207,8.562651715322978,8.67149291458114,0.10884119925816194,4487861.7836545305,4653466.900770823,165605.117116292
203,Transition,17,3601403.8647731254,1.0193749019282086,0.9235733984110936,3601403.6192385354,3601403.684480031,0.06524149561300874,90414.93585205078,107201.21570078531,16786.279848734528,7.704095150122088,7.938963001152858,0.2348678510307698,4505552.977759043,4673415.8414878845,167862.86372884177
203,Transition,18,3698562.2228404516,1.0468755087596575,0.9484894806705698,3698562.1765429177,3698562.26736323,0.0908203125,83162.22540410359,100075.56277338663,16913.337369283036,6.9515155420936185,7.281619442475278,0.33010390038165927,4530184.430583954,4699317.895097096,169133.4645131426
203,Transition,19,3795720.580907778,1.0743761155911065,0.9734055629300459,3795720.476249695,3795720.48838679,0.012137094978243113,76529.79312388101,93476.77285130818,16946.97972742717,6.279134712465898,6.671535878212427,0.39240116574652895,4561018.407488504,4730488.216899872,169469.8094113674
203,Transition,20,3892878.9389751037,1.1018767224225554,0.9983216451895219,3892878.9299430847,3892878.910572052,-0.01937103271484375,70465.38802083333,87364.01769002278,16898.629669189453,5.652581756210036,6.1538241212147256,0.50124236500469,4597532.810151418,4766519.08747228,168986.27732086182
203,Transition,21,3990037.29704243,1.1293773292540044,1.023237727448998,3990037.4570554094,3990037.1315956116,-0.3254597978666425,64894.98422495524,81680.17012405396,16785.185899098717,5.103363336269181,5.696977508539022,0.5936141722698407,4638987.299304962,4806838.832836151,167851.53353118896
203,Transition,22,4087195.655109756,1.1568779360854533,1.0481538097084742,4087195.9812215166,4087195.4183705645,-0.5628509521484375,59786.607219696045,76405.5538406372,16618.946620941162,4.625750968471856,5.24442725899193,0.6186762905200744,4685062.053418477,4851250.956776937,166188.90335845947
203,Transition,23,4184354.0131770824,1.1843785429169023,1.0730698919679502,4184353.850682576,4184354.1658732095,0.31519063329324126,55094.47807184855,71509.29165267944,16414.813580830894,4.194682534567821,4.854174274809707,0.6594917402418856,4735298.631401062,4899447.082400003,164148.45099894144
203,Transition,24,4281512.371244408,1.211879149748351,1.0979859742274263,4281512.344656626,4281512.411871592,0.0672149658203125,50785.14651616414,66942.88717778523,16157.740661621094,3.8201828818571744,4.4796746220990595,0.6594917402418852,4789363.809818268,4950941.283649445,161577.47383117676
203,Transition,25,4378670.729311734,1.2393797565798,1.1229020564869023,4378670.798781076,4378670.632895151,-0.16588592529296875,46812.77164967854,62697.39306513468,15884.621415456138,3.47862201313255,4.1531510243245755,0.6745290111920257,4846798.515277863,5005644.563546498,158846.04826863576
203,Transition,26,4475829.087379061,1.2668803634112489,1.1478181387463784,4475829.099998474,4475828.919670105,-0.180328369140625,43167.494023640946,58748.060077667236,15580.56605402629,3.178592654651171,3.847393181671715,0.6688005270205437,4907504.040234883,5063309.520446777,155805.48021189403
203,Transition,27,4572987.445446387,1.2943809702426978,1.1727342210058547,4572987.625675201,4572987.61298879,-0.0126864118501544,39797.74437713623,55079.36098353068,15281.616606394447,2.9186626853701676,3.576722304569182,0.6580596191990145,4970965.069446564,5123781.222824097,152816.15337753296
203,Transition,28,4670145.803513713,1.3218815770741468,1.1976503032653307,4670145.687892914,4670145.858987172,0.17109425831586123,36682.77787907918,51654.15442657471,14971.376547495529,2.704560589461021,3.3296814246740136,0.6251208352129924,5036973.466683705,5186687.403252919,149713.93656921387
203,Transition,29,4767304.161581039,1.3493821839055957,1.2225663855248068,4767304.020737966,4767304.080010732,0.05927276611328125,33783.56726837158,48466.04303995768,14682.475771586098,2.498335159287663,3.1127150866791258,0.6143799273914627,5105139.693421681,5251964.510410309,146824.81698862743
204,Transition,0,1949711.7776285806,0.5321928031091052,0.5195329870838288,1949711.9267425537,1949711.7955462136,-0.13119634008035064,388704.1504796346,390894.2542196909,2190.1037400563364,30.318718538090838,30.079554323931458,-0.2391642141593806,5836753.431538899,5858654.337743123,21900.906204223633
204,Transition,1,2046870.1356959068,0.5587131224294405,0.5454224403692128,2046870.1539808908,2046870.1382153828,-0.015765507938340306,362767.6664231618,365514.9157218933,2747.2492987315054,28.907363250341916,28.606617831339104,-0.30074541900281204,5674546.818212509,5702019.295434316,27472.477221806534
204,Transition,2,2144028.493763233,0.5852334417497758,0.5713118936545969,2144028.545038859,2144028.480884552,-0.06415430689230561,338066.5033187866,341415.538163503,3349.0348447163706,27.485983115292907,27.153014972825503,-0.33296814246740425,5524693.578226725,5558183.862519582,33490.28429285716
204,Transition,3,2241186.851830559,0.6117537610701109,0.5972013469399808,2241186.8890864053,2241186.834805806,-0.05428059911355376,314579.7588920593,318580.62477747595,4000.865885416628,26.121171761437278,25.736647261426537,-0.3845245000107411,5386984.478006998,5426993.082580566,40008.60457356833
204,Transition,4,2338345.209897885,0.6382740803904462,0.6230908002253648,2338345.1525319414,2338345.2595850625,0.10705312108621001,292252.3089269002,296998.39722315466,4746.0882962544565,24.761372831231697,24.364675302356556,-0.39669752887514065,5260868.241800943,5308329.231816609,47460.990015666
204,Transition,5,2435503.5679652113,0.6647943997107815,0.6489802535107488,2435503.4958241777,2435503.5407460527,0.044921875,271087.93602244055,276607.23484293616,5519.2988204956055,23.43093238240496,22.995567585372314,-0.43536479703264774,5146382.856048584,5201575.889175415,55193.033126831055
204,Transition,6,2532661.9260325376,0.6913147190311167,0.6748697067961329,2532661.9026959734,2532661.9812863665,0.07859039306640625,251068.30026245117,257392.32357788086,6324.0233154296875,22.0775779968923,21.625027747345204,-0.45255024954709455,5043344.905320485,5106585.217065175,63240.31174468994
204,Transition,7,2629820.284099864,0.717835038351452,0.700759160081517,2629820.134513855,2629820.407965342,0.27345148706808686,232211.46996307373,239312.1131324768,7100.643169403076,20.717779066686717,20.375502137440655,-0.34227692924606146,4951934.834144592,5022941.53929011,71006.70514551736
204,Transition,8,2726978.64216719,0.7443553576717873,0.726648613366901,2726978.7049560547,2726978.6891263323,-0.0158297223970294,214490.9666887919,222299.07184727985,7808.105158487946,19.41454891767452,19.09805016720013,-0.3164987504743877,4871888.371843973,4949969.407599131,78081.03575515747
204,Transition,9,2824137.000234516,0.7708756769921224,0.752538066652285,2824137.0967318215,2824137.109064738,0.012332916259765625,197878.90060679117,206346.85129419962,8467.950687408447,18.109886647619458,17.880747280760172,-0.22913936685928604,4802926.102799733,4887605.622006734,84679.51920700073
204,Transition,10,2921295.358301842,0.7973959963124578,0.778427519937669,2921295.3436457315,2921295.390225728,0.04657999658957124,182343.64663441974,191459.874613444,9116.227979024261,16.83243467737893,16.64339469972002,-0.18903997765891134,4744731.809989929,4835894.136360168,91162.32637023926
204,Transition,11,3018453.7163691684,0.8239163156327931,0.8043169732230531,3018453.704224904,3018453.794403076,0.09017817210406065,167892.7491760254,177584.12387593585,9691.374699910462,15.534933012538218,15.43611666058015,-0.09881635195806737,4697381.195985158,4794295.033162435,96913.83717727661
204,Transition,12,3115612.0744364946,0.8504366349531284,0.830206426508437,3115612.0938097634,3115612.1483243303,0.05451456690207124,154505.49947357178,164688.1232096354,10182.62373606363,14.325506791834044,14.295432249933764,-0.03007454190028014,4660667.088545481,4762493.380420685,101826.29187520407
204,Transition,13,3212770.4325038204,0.8769569542734635,0.856095879793821,3212770.454388936,3212770.3567250567,-0.09766387939453125,142144.1318804423,152717.5322634379,10573.400382995605,13.09674693705112,13.185538441709094,0.08879150465797281,4634211.773193359,4739945.679359436,105733.90616607666
204,Transition,14,3309928.7905711466,0.9034772735937988,0.881985333079205,3309928.702058156,3309928.660387675,-0.04167048120871186,130811.12541071573,141631.88377888995,10820.758368174225,11.906654350425699,12.10786735694901,0.20121300652331087,4618039.956165314,4726247.498176575,108207.54201126099
204,Transition,15,3407087.148638473,0.9299975929141341,0.9078747863645891,3407087.019659678,3407087.007565816,-0.012093862053006887,120465.77187474568,131454.18633143106,10988.41445668538,10.772414484472227,11.024467788017443,0.2520533035452157,4611744.738407135,4721628.870880127,109884.13247299194
204,Transition,16,3504245.506705799,0.9565179122344694,0.9337642396499731,3504245.6582234697,3504245.4342447915,-0.22397867823019624,111025.50439325967,122142.12411753336,11116.619724273682,9.73627490995539,10.049193357822602,0.31291844786721335,4614500.702156067,4725666.675420125,111165.97326405812
204,Transition,17,3601403.8647731254,0.9830382315548046,0.9596536929353572,3601403.9864196777,3601403.8384246826,-0.1479949951171875,102420.76139068604,113635.96846008301,11215.207069396973,8.749543511417585,9.111154074742398,0.36161056332481323,4625611.600326538,4737763.523025513,112151.92269897461
204,Transition,18,3698562.2228404516,1.00955855087514,0.9855431462207412,3698562.3779462175,3698562.1856028237,-0.1923433938063681,94614.7803586324,105881.67661921182,11266.896260579422,7.873085433180813,8.24901720693433,0.37593177375351683,4644710.181532541,4757378.951794942,112668.77026240062
204,Transition,19,3795720.580907778,1.0360788701954753,1.0114325995061253,3795720.409268697,3795720.6534856157,0.2442169189453125,87536.8726348877,98810.71729151407,11273.844656626374,7.04818371248738,7.469227299091319,0.4210435866039388,4671089.135617574,4783827.826400757,112738.69078318309
204,Transition,20,3892878.9389751037,1.0625991895158104,1.0373220527915092,3892878.8727785745,3892878.9121449785,0.03936640406027436,81118.27524693806,92353.64229838052,11235.36705144246,6.329258948966367,6.7510185960917415,0.4217596471253744,4704061.625247955,4816415.335128784,112353.70988082886
204,Transition,21,3990037.29704243,1.0891195088361456,1.0632115060768932,3990037.551588694,3990037.525548299,-0.026040395256131887,75328.47828674316,86454.67262649536,11126.194339752197,5.6268035774383645,6.141651092350325,0.5148475149119607,4743322.334456125,4854584.251813252,111261.91735712718
204,Transition,22,4087195.655109756,1.115639828156481,1.0891009593622774,4087195.6221872964,4087195.6424865723,0.020299275871366262,70095.10000864664,81035.56353123982,10940.463522593185,5.063263947068807,5.606037822316742,0.5427738752479359,4788146.622273763,4897551.27779897,109404.65552520752
204,Transition,23,4184354.0131770824,1.1421601474768162,1.1149904126476613,4184354.0453414917,4184353.7369257607,-0.30841573094949126,65332.907697041825,76067.85706329346,10734.949366251632,4.569898247799904,5.131289696605156,0.561391448805252,4837683.12231191,4945032.307558695,107349.18524678517
204,Transition,24,4281512.371244408,1.1686804667971513,1.1408798659330452,4281512.341910044,4281512.3938446045,0.051934560760855675,60977.43711344401,71479.25415802002,10501.817044576012,4.161743750581799,4.756073983373075,0.5943302327912763,4891286.713044484,4996304.935424805,105018.22238032054
204,Transition,25,4378670.729311734,1.1952007861174867,1.1667693192184292,4378670.795829773,4378670.551986694,-0.24384307861328125,56957.70501963297,67214.16455586751,10256.459536234535,3.8251953055072216,4.401624025262615,0.5764287197553934,4948247.846026102,5050812.197545369,102564.35151926707
204,Transition,26,4475829.087379061,1.2217211054378219,1.1926587725038134,4475828.796386719,4475829.167701721,0.37131500244140625,53254.08442687988,63266.80783843994,10012.723411560059,3.5001038287756083,4.0930019405240134,0.5928981117484051,5008369.640655518,5108497.246086121,100127.60543060303
204,Transition,27,4572987.445446387,1.2482414247581572,1.2185482257891973,4572987.547180176,4572987.214825948,-0.3323542280122638,49867.83293660481,59588.19874572754,9720.365809122726,3.1828890177797833,3.8094419740356456,0.6265529562558623,5071665.876546224,5168869.202283223,97203.32573699951
204,Transition,28,4670145.803513713,1.2747617440784926,1.2444376790745815,4670146.010258992,4670145.850728353,-0.1595306396484375,46746.830853780106,56166.00102233887,9419.170168558761,2.9451569246632725,3.524449886504407,0.5792929618411344,5137614.318796793,5231805.860951741,94191.54215494823
204,Transition,29,4767304.161581039,1.3012820633988278,1.2703271323599654,4767304.010815938,4767304.033686319,0.022870381362736225,43845.539726257324,52991.462938944496,9145.923212687172,2.7410796760542198,3.2902980959950736,0.5492184199408539,5205759.408078511,5297218.663075765,91459.25499725342
205,Transition,0,1949711.7776285806,0.5711909282680582,0.548892043289605,1949711.8759199777,1949711.7046178181,-0.17130215954966843,305670.9518260956,304729.2159932454,-941.7358328501577,25.743091806119455,25.6872390854475,-0.055852720671953904,5006421.394180933,4997003.864550272,-9417.52963066101
205,Transition,1,2046870.1356959068,0.5996546085772451,0.5762445218939564,2046870.1152528126,2046870.1935132344,0.07826042175292969,283100.8921343485,282395.40510686237,-705.487027486146,24.329588336806225,24.226475621719548,-0.1031127150866773,4877879.036596298,4870824.244581858,-7054.792014440522
205,Transition,2,2144028.493763233,0.6281182888864321,0.6035970004983078,2144028.441455841,2144028.4099260964,-0.03152974462136626,261768.44636027017,261352.00387446085,-416.4424858093262,22.886726386114155,22.800083063020487,-0.08664332309366785,4761712.905058542,4757548.448670705,-4164.456387837417
205,Transition,3,2241186.851830559,0.6565819691956188,0.6309494791026591,2241186.9887186685,2241186.943133036,-0.04558563232421875,241701.92033513385,241587.71286773682,-114.20746739703463,21.470358674715186,21.357221112328414,-0.11313756238677186,4658206.192070007,4657064.071810404,-1142.1202596034855
205,Transition,4,2338345.209897885,0.6850456495048057,0.6583019577070106,2338345.213710785,2338345.172899882,-0.04081090306863189,222843.73796335855,223081.1582285563,237.4202651977539,20.111275805031042,19.968779761265424,-0.1424960437656182,4566782.59334437,4569156.755185445,2374.161841074936
205,Transition,5,2435503.5679652113,0.7135093298139926,0.685654436311362,2435503.5340766907,2435503.589536031,0.0554593401029706,205205.1655069987,205815.69631195068,610.5308049519954,18.717822030318,18.566017199773725,-0.1518048305442754,4487555.189146677,4493660.552655538,6105.363508860581
205,Transition,6,2532661.9260325376,0.7419730101231795,0.7130069149157134,2532661.8593088784,2532661.922519684,0.06321080541238189,188767.2769826253,189797.1159909566,1029.8390083312988,17.342269768640843,17.16755100141064,-0.1747187672302033,4420334.629135132,4430633.08242925,10298.453294117935
205,Transition,7,2629820.284099864,0.7704366904323665,0.7403593935200649,2629820.310695648,2629820.211191813,-0.09950383519753814,173534.99255498248,174971.45502599078,1436.4624710083008,15.957408720185029,15.870765397091363,-0.08664332309366607,4365170.236245473,4379534.761451721,14364.525206248276
205,Transition,8,2726978.64216719,0.7989003707415534,0.7677118721244164,2726978.615965525,2726978.627827962,0.011862436775118113,159486.08039601642,161282.1778043111,1796.0974082946777,14.669215842122977,14.610498879365283,-0.058716962757694446,4321839.41992569,4339800.405871073,17960.985945383087
205,Transition,9,2824137.000234516,0.8273640510507402,0.7950643507287677,2824136.967528025,2824136.901906331,-0.06562169408425689,146528.9099032084,148685.203830719,2156.293927510589,13.425418716389908,13.368133874675086,-0.05728484171482151,4289426.066560109,4310988.940213521,21562.873653411865
205,Transition,10,2921295.358301842,0.8558277313599271,0.8224168293331191,2921295.3925844827,2921295.4360923767,0.04350789403542876,134661.90166600543,137159.68996810913,2497.788302103698,12.223869161421524,12.183053711699712,-0.04081544972181206,4267914.409244537,4292892.335773468,24977.926528930664
205,Transition,11,3018453.7163691684,0.8842914116691141,0.8497693079374705,3018453.7129503884,3018453.724764506,0.011814117431640625,123814.56499862671,126641.43254852295,2826.8675498962402,11.050245966789113,11.048097785224806,-0.0021481815643067392,4256599.362936655,4284868.050249735,28268.687313079834
205,Transition,12,3115612.0744364946,0.912755091978301,0.877121786541822,3115611.937187195,3115612.126806895,0.18961969995871186,113963.41944376627,117102.23043314615,3138.810989379883,9.980451547764817,9.976155184636205,-0.004296363128611702,4255246.131624857,4286634.431138356,31388.299513499252
205,Transition,13,3212770.4325038204,0.9412187722874877,0.9044742651461734,3212770.4857076006,3212770.415479024,-0.07022857666015625,105022.17955144246,108489.85329818726,3467.6737467447965,8.959349244198119,8.926410460212097,-0.03293878398602246,4262992.281222025,4297668.9484608965,34676.66723887157
205,Transition,14,3309928.7905711466,0.9696824525966746,0.9318267437505248,3309928.8415629067,3309928.8942451477,0.05268224095925689,96922.94362258911,100732.3691813151,3809.425558725983,8.03706329258949,7.969753603574574,-0.06730968901491607,4279158.277788797,4317252.586058298,38094.30826950073
205,Transition,15,3407087.148638473,0.9981461329058616,0.9591792223548762,3407087.034172058,3407087.182917277,0.14874521875754,89622.42795054117,93765.13159179688,4142.703641255706,7.131962793495306,7.139839459231094,0.007876665735788713,4303311.313677469,4344738.498835245,41427.18515777588
205,Transition,16,3504245.506705799,1.0266098132150485,0.9865317009592277,3504245.3706385293,3504245.471589406,0.10095087671652436,83066.61160024007,87513.547320048,4446.935719807938,6.386543790681189,6.329975009487803,-0.05656878119338593,4334911.48664093,4379380.9447898865,44469.4581489563
205,Transition,17,3601403.8647731254,1.0550734935242354,1.0138841795635791,3601403.8112220764,3601403.9458910623,0.13466898584738374,77158.73369344075,81914.57671229044,4755.843018849686,5.648285393081423,5.635396303695588,-0.012889089385835106,4372991.148156484,4420549.713013967,47558.56485748291
205,Transition,18,3698562.2228404516,1.0835371738334223,1.0412366581679307,3698562.4666748047,3698562.187051137,-0.2796236677095294,71825.3569946289,76890.93569691975,5065.578702290848,5.08689394427617,5.027460920997043,-0.05943302327912736,4416816.036621094,4467471.544020334,50655.50739924051
205,Transition,19,3795720.580907778,1.1120008541426092,1.068589136772282,3795720.485665639,3795720.4509760537,-0.03468958521261811,66997.32098770142,72345.86890411377,5348.5479164123535,4.5677500662355985,4.55987340049981,-0.007876665735788713,4465693.695542653,4519179.140017191,53485.44447453786
205,Transition,20,3892878.9389751037,1.140464534451796,1.0959416153766333,3892878.893110911,3892879.1648419695,0.27173105860129,62612.75138473511,68194.896706899,5582.145322163895,4.100162545738366,4.122360421902859,0.022197876164493202,4519006.4069582615,4574828.131910959,55821.724952697754
205,Transition,21,3990037.29704243,1.168928214760983,1.1232940939809848,3990037.548563639,3990037.356507619,-0.1920560202561319,58635.258127848305,64426.00579071045,5790.747662862144,3.697736532691743,3.7328234982420714,0.03508696555032831,4576390.129842122,4634297.414414723,57907.28457260132
205,Transition,22,4087195.655109756,1.1973918950701699,1.1506465725853363,4087195.597746531,4087195.5932032266,-0.004543304443359375,55017.64581171671,60983.49608357747,5965.850271860756,3.3540274824028127,3.4012874768175405,0.047259994414727835,4637372.055863698,4697030.554039001,59658.49817530345
205,Transition,23,4184354.0131770824,1.2258555753793567,1.1779990511896876,4184354.0066274004,4184353.784868876,-0.2217585244216025,51696.805310567215,57817.241750081375,6120.43643951416,3.0668872133072687,3.1399253864936667,0.07303817318639805,4701322.059733072,4762526.20236969,61204.142636617646
205,Transition,24,4281512.371244408,1.2543192556885436,1.205351529794039,4281512.630452474,4281512.170547485,-0.45990498829633,48630.64082590739,54872.51668548584,6241.875859578453,2.8205623939335354,2.920094806413038,0.09953241247950251,4767819.038711548,4830237.337402344,62418.2986907959
205,Transition,25,4378670.729311734,1.2827829359977305,1.2327040083983904,4378670.7112630205,4378670.851282755,0.14001973439007998,45800.52918497721,52127.888486226395,6327.359301249184,2.5813981797741548,2.719597860411162,0.13819968063700738,4836676.003112793,4899949.7361450195,63273.73303222656
205,Transition,26,4475829.087379061,1.3112466163069174,1.2600564870027418,4475829.109118143,4475829.09244283,-0.016675313003361225,43202.41868082682,49563.75963592529,6361.3409550984725,2.3493945708291264,2.519100914409286,0.16970634358015957,4907853.295926412,4971466.688802083,63613.39287567139
205,Transition,27,4572987.445446387,1.3397102966161043,1.2874089656070933,4572987.681144714,4572987.387540181,-0.293604533188045,40805.64408111572,47180.1178334554,6374.473752339676,2.1839845903775785,2.3486785103076913,0.16469391993011273,4981044.121955872,5044788.565874735,63744.44391886331
205,Transition,28,4670145.803513713,1.3681739769252912,1.3147614442114448,4670145.761955261,4670145.628700256,-0.1332550048828125,38573.73023223877,44957.34791310628,6383.617680867508,2.026451275661819,2.1882809535061902,0.1618296778443713,5055883.064277649,5119719.107831319,63836.04355366994
205,Transition,29,4767304.161581039,1.3966376572344783,1.3421139228157961,4767304.161321004,4767304.270306905,0.10898590087890625,36484.22431182861,42881.98682149251,6397.762509663895,1.886103413460506,2.0572418780835355,0.17113846462302962,5132146.40443929,5196124.13852183,63977.734082539566
201,Steady,0,3838103.0254096985,0.5563599682236551,0.6155898563353486,3838102.815652211,3838102.9970753985,0.18142318725585938,704420.7023792267,723377.5701052347,18956.86772600806,23.6817456180361,22.62820095132599,-1.0535446667101098,10882309.839444477,11071878.698127747,189568.85868326947
201,Steady,1,4000784.0785167958,0.5799417285198352,0.6416821226053483,4000784.209353129,4000784.1735394793,-0.03581364965066314,667933.2344557444,688548.9065043131,20615.672048568726,22.73001238026976,21.663435850654853,-1.0665765296149061,10680116.553910572,10886273.238582611,206156.684672039
201,Steady,2,4163465.131623893,0.6035234888160154,0.667774388875348,4163465.2674700418,4163465.061974843,-0.20549519872292876,632855.2931423187,655183.7503827412,22328.45724042249,21.801899394018378,20.723919984361764,-1.0779794096566135,10492018.198893229,10715302.565802256,223284.3669090271
201,Steady,3,4326146.18473099,0.6271052491121955,0.6938666551453476,4326146.083661397,4326146.30298233,0.2193209333345294,599191.8317502339,623234.8715960184,24043.039845784544,20.836319801915685,19.781146152342476,-1.0551736495732094,10318064.401163736,10558495.018942514,240430.61777877808
201,Steady,4,4488827.237838088,0.6506870094083756,0.7199589214153473,4488827.541112264,4488827.191417694,-0.3496945695951581,566945.901096344,592702.9726905823,25757.07159423828,19.922867661432203,18.86077083469082,-1.062096826741385,10158286.552075703,10415856.918323517,257570.36624781415
201,Steady,5,4651508.290945184,0.6742687697045557,0.746051187685347,4651508.485256195,4651508.265749613,-0.21950658224523067,536052.7226371765,563567.0373649597,27514.314727783203,19.02570534957972,17.917182511239982,-1.1085228383397379,10012035.71162796,10287178.63939921,275142.9277712498
201,Steady,6,4814189.344052282,0.697850530000736,0.7721434539553467,4814189.397944132,4814189.509329477,0.11138534545898438,506482.3620262146,535837.470316569,29355.108290354372,18.137502443474297,17.0151332507982,-1.1223691926760964,9879013.018206278,10172564.212495167,293551.19428888895
201,Steady,7,4976870.397159379,0.7214322902969161,0.7982357202253463,4976870.342088063,4976870.279323578,-0.06276448536664248,478218.3596369425,509431.82611338294,31213.46647644043,17.26803284029452,16.113083990356422,-1.1549488499380978,9759053.938457489,10071188.540457407,312134.601999918
201,Steady,8,5139551.450266477,0.7450140505930963,0.8243279864953461,5139551.6392923985,5139551.587446848,-0.051845550537109375,451258.8494008382,484334.3048566182,33075.45545578003,16.4172965400404,15.258682478660324,-1.1586140613800762,9652140.133300781,9982894.636013031,330754.50271224976
201,Steady,9,5302232.5033735735,0.7685958108892764,0.8504202527653457,5302232.536055246,5302232.427468617,-0.10858662892132998,425582.40587234497,460508.18117141724,34925.775299072266,15.551899394018376,14.416091092721706,-1.1358083012966702,9558056.594778696,9907314.239182789,349257.6444040928
201,Steady,10,5464913.55648067,0.7921775711854565,0.8765125190353453,5464913.490160624,5464913.722373962,0.23221333883702755,401151.59882354736,437953.1402231852,36801.54139963782,14.717045676679483,13.590196781129862,-1.126848895549621,9476429.478396097,9844445.124605814,368015.6462097168
201,Steady,11,5627594.609587768,0.8157593314816367,0.902604785305345,5627594.953295389,5627594.320208231,-0.633087158203125,377945.0602378845,416606.70986938477,38661.649631500244,13.892373102234965,12.809506743989052,-1.0828663582459122,9407045.555674234,9793661.418902079,386615.86322784424
201,Steady,12,5790275.662694865,0.8393410917778168,0.9286970515753447,5790275.897439321,5790275.615113576,-0.28232574462890625,355948.60799916583,396411.2927640279,40462.68476486206,13.064849807780021,12.07117026128885,-0.9936795464911707,9349761.977430979,9754388.542753855,404626.565322876
201,Steady,13,5952956.715801962,0.8629228520739969,0.9547893178453443,5952956.684396108,5952956.80736796,0.12297185231000185,335114.90403493244,377281.92513275146,42167.02109781903,12.307780022154168,11.409395973154362,-0.8983840489998052,9304105.724745432,9725776.058695475,421670.3339500427
201,Steady,14,6115637.768909059,0.8865046123701772,0.9808815841153441,6115637.638501485,6115637.6473897295,0.00888824462890625,315381.5467770894,359119.9518318176,43738.40505472821,11.57310875089594,10.831514302469538,-0.7415944484264028,9269453.106272379,9706837.165707905,437384.0594355259
201,Steady,15,6278318.822016157,0.9100863726663574,1.0069738503853438,6278319.035830179,6278318.9555130005,-0.08031717874109745,296727.80481084186,341861.61071650183,45133.805905659974,10.854727308268718,10.254854368932039,-0.5998729393366791,9245597.083938599,9696935.062678019,451337.97873941995
201,Steady,16,6440999.875123254,0.9336681329625375,1.0330661166553434,6440999.95251592,6441000.264155069,0.3116391496732831,279113.39807510376,325492.31318791705,46378.915112813294,10.142047305662343,9.712403075519646,-0.4296442301426975,9232133.933266956,9695923.39603424,463789.46276728436
201,Steady,17,6603680.928230351,0.9572498932587176,1.059158382925343,6603680.896659851,6603680.496019999,-0.40063985250890255,262532.70267613727,309925.5500488281,47392.847372690856,9.455431028865577,9.253437153841142,-0.201993875024435,9229007.923421223,9702935.99650828,473928.0730870571
201,Steady,18,6766361.981337449,0.9808316535548978,1.0852506491953429,6766362.19414393,6766361.80414327,-0.39000066090375185,246935.3432451884,295076.4269955953,48141.08375040689,8.842526226624097,8.826236397993092,-0.016289828631004255,9235715.626595814,9717126.074099222,481410.4475034084
201,Steady,19,6929043.034444546,1.004413413851078,1.1113429154653425,6929042.696191152,6929042.983179728,0.28698857594281435,232227.97875213623,280922.9286677042,48694.949915567995,8.25161269303447,8.423877630807324,0.17226493777285334,9251322.483712513,9738272.26985677,486949.7861442566
201,Steady,20,7091724.087551643,1.0279951741472582,1.137435181735342,7091724.554041544,7091724.291302999,-0.2627385454252362,218375.07465489703,267431.0108858744,49055.93623097736,7.708346908190526,8.053691275167784,0.34534436697725823,9275475.300590515,9766034.400161743,490559.099571228
201,Steady,21,7254405.14065874,1.0515769344434382,1.163527448005342,7254405.544068654,7254405.567845662,0.023777008056640625,205325.42875289917,254553.03814697266,49227.609394073486,7.219652049260442,7.687577376685997,0.46792532742555526,9307659.831597645,9799935.949315388,492276.1177177429
201,Steady,22,7417086.193765838,1.0751586947396186,1.1896197142753415,7417086.342205048,7417085.933942159,-0.40826288890093565,193006.24298985797,242250.02333577472,49243.78034591675,6.794080276275494,7.35689385547664,0.5628135792011459,9347148.772103626,9839586.167299906,492437.3951962795
201,Steady,23,7579767.2468729345,1.0987404550357986,1.2157119805453411,7579767.296498616,7579767.24206543,-0.054433186538517475,181373.1526400248,230487.8514099121,49114.6987698873,6.37217371473252,7.024581351404183,0.6524076366716622,9393498.822898865,9884645.75616455,491146.93326568604
201,Steady,24,7742448.299980031,1.1223222153319787,1.2418042468153407,7742448.31480662,7742448.1141866045,-0.20062001515179873,170379.68203862506,219265.4128595988,48885.730820973724,5.9848830390304295,6.72077604743598,0.7358930084055508,9446245.135192871,9935102.242782593,488857.1075897217
201,Steady,25,7905129.353087129,1.1459039756281588,1.2678965130853406,7905129.18422699,7905129.390729268,0.20650227833539248,159996.73405583698,208555.86134084064,48559.12728500366,5.622841597706392,6.423079429204405,0.8002378314980128,9505096.524785358,9990688.004137674,485591.4793523159
201,Steady,26,8067810.406194226,1.169485735924339,1.2939887793553402,8067809.982363382,8067810.736256917,0.7538935346528888,150189.67114003497,198340.83740488687,48151.1662648519,5.296230533654786,6.1433016224669315,0.8470710888121458,9569706.693763733,10051219.110305786,481512.4165420532
201,Steady,27,8230491.459301324,1.1930674962205192,1.32008104562534,8230491.731755574,8230491.064949036,-0.6668065385892987,140946.88065592447,188573.01132202148,47626.130666097015,4.968397732455855,5.874519450055385,0.9061217175995306,9639960.53831482,10116221.17816925,476260.63985443115
201,Steady,28,8393172.51240842,1.2166492565166993,1.3461733118953396,8393172.474235535,8393172.475723267,0.00148773193359375,132221.50826772052,179250.269048055,47028.76078033447,4.676809799960904,5.632615494884994,0.9558056949240896,9715387.556912739,10185675.166203815,470287.60929107666
201,Steady,29,8555853.565515518,1.2402310168128796,1.3722655781653392,8555853.364138285,8555853.455281574,0.0911432895809412,124003.71750640869,170337.84203338623,46334.12452697754,4.393366781781456,5.387860819704176,0.9944940379227205,9795890.539202372,10259231.875615437,463341.336413065
202,Steady,0,3838103.0254096985,0.6728907284386956,0.6720313782695814,3838102.9854329424,3838103.0962130227,0.11078008031472564,422487.9505996704,415012.1095428467,-7475.8410568237305,16.949566690558417,17.1605199713299,0.21095328077148423,8062982.4914296465,7988224.191641489,-74758.29978815746
202,Steady,1,4000784.0785167958,0.7014117378028785,0.7005159633925249,4000783.9437497454,4000784.1550153093,0.21126556396484375,395997.6321182251,388225.68795267737,-7771.944165547728,16.08254056167329,16.2784257509611,0.19588518928781085,7960760.264931996,7883041.034542084,-77719.23038991261
202,Steady,2,4163465.131623893,0.7299327471670614,0.7290005485154684,4163464.949447632,4163465.2723986306,0.32295099878683686,370879.6031061808,362810.3653004964,-8069.237805684388,15.219994135661693,15.40691991920245,0.18692578354075629,7872260.9805094395,7791568.925403595,-80692.05510584451
202,Steady,3,4326146.18473099,0.7584537565312442,0.7574851336384117,4326146.010990143,4326146.331200917,0.3202107744291425,347050.11518096924,338734.47300211585,-8315.642178853392,14.383104189743923,14.563106796116504,0.1800026063725806,7796647.162799835,7713491.061222076,-83156.10157775879
202,Steady,4,4488827.237838088,0.7869747658954273,0.7859697187613554,4488827.359617868,4488827.329421997,-0.030195871368050575,324545.927570343,315980.1292114258,-8565.798358917236,13.541327295236854,13.703411090115333,0.16208379487847857,7734286.635321299,7648628.621536255,-85658.01378504373
202,Steady,5,4651508.290945184,0.81549577525961,0.8144543038842987,4651508.375277201,4651508.388224283,0.01294708251953125,303317.0086034139,294493.78645579016,-8823.222147623717,12.713396755066137,12.908467452922395,0.19507069785625752,7684678.46131134,7596446.252782186,-88232.20852915477
202,Steady,6,4814189.344052282,0.844016784623793,0.8429388890072423,4814189.369795481,4814189.44702657,0.0772310895845294,283394.93741989136,274275.84991200763,-9119.087507883727,11.849221346191438,12.079722421320128,0.23050107512868934,7648138.743994394,7556947.9461466465,-91190.7978477478
202,Steady,7,4976870.397159379,0.8725377939879759,0.8714234741301857,4976870.391249338,4976870.454151154,0.06290181539952755,264736.920724233,255353.93541971841,-9382.985304514557,11.055092200430051,11.258307812601812,0.20321561217176054,7624239.598491669,7530409.808348337,-93829.79014333151
202,Steady,8,5139551.450266477,0.9010588033521589,0.8999080592531293,5139551.386985779,5139551.344528198,-0.04245758056640625,247316.63163630167,237707.1098353068,-9609.521800994873,10.252003648921614,10.427526552420668,0.1755229034990542,7612717.703348795,7516622.442881266,-96095.2604675293
202,Steady,9,5302232.5033735735,0.9295798127163417,0.9283926443760728,5302232.402085622,5302232.5340754185,0.13198979664593935,231142.5158843994,221305.18146642047,-9837.334417978942,9.44443539453965,9.632175669511957,0.18774027497230783,7613657.560929616,7515284.348739624,-98373.21218999196
202,Steady,10,5464913.55648067,0.9581008220805246,0.9568772294990162,5464913.350720723,5464913.592877706,0.242156982421875,216178.86420059204,206151.92120107013,-10026.94299952191,8.685329380334919,8.827865380856194,0.14253600052127524,7626701.992726644,7526432.804888407,-100269.1878382368
202,Steady,11,5627594.609587768,0.9866218314447076,0.9853618146219598,5627594.879966736,5627594.651679993,-0.2282867431640625,202368.88199742633,192173.60890579224,-10195.273091634095,7.952287091939793,8.086270932429791,0.13398384048999823,7651283.699940999,7549330.740737915,-101952.959203084
202,Steady,12,5790275.662694865,1.0151428408088905,1.0138463997449032,5790275.339630127,5790275.649901072,0.3102709446102381,189672.65379333496,179346.44581985474,-10326.207973480225,7.240014335049196,7.338975043982537,0.0989607089333413,7687001.877563477,7583740.108099619,-103261.76946385764
202,Steady,13,5952956.715801962,1.0436638501730733,1.0423309848678466,5952956.662297566,5952956.708703359,0.046405792236328125,178081.7783826192,167638.5583635966,-10443.220019022614,6.514709715253796,6.636883429986316,0.12217371473252037,7733774.446123758,7629342.292339325,-104432.15378443338
202,Steady,14,6115637.768909059,1.0721848595372563,1.0708155699907902,6115637.3709487915,6115637.8260866795,0.4551378879696131,167574.33120218912,156979.0633532206,-10595.267848968506,5.84031080993028,5.9624845246628,0.12217371473252037,7791380.682970682,7685428.459618886,-105952.22335179616
202,Steady,15,6278318.822016157,1.1007058689014393,1.0993001551137338,6278318.765459696,6278318.702466329,-0.06299336720257998,158090.7636006673,147332.7262992859,-10758.03730138141,5.20093503616342,5.3112986251384635,0.11036358897504339,7859226.40146637,7751645.9654591875,-107580.43600718211
202,Steady,16,6440999.875123254,1.129226878265622,1.1277847402366772,6440999.974561055,6440999.883110046,-0.09145100880414248,149494.40894063312,138652.10373179117,-10842.30520884195,4.737896657327164,4.717941617254186,-0.019955040072978214,7935944.063967386,7827520.920427958,-108423.14353942871
202,Steady,17,6603680.928230351,1.1577478876298049,1.1562693253596206,6603680.682652791,6603680.759489695,0.0768369035795331,141487.12191009521,130763.9575398763,-10723.164370218918,4.432055124780087,4.324949501531243,-0.10710562324884343,8018551.901753743,7911320.334888458,-107231.56686528493
202,Steady,18,6766361.981337449,1.1862688969939879,1.1847539104825642,6766362.077163696,6766361.825998941,-0.25116475485265255,133982.59967803955,123418.56800969441,-10564.031668345138,4.1486121066006385,4.053316609109272,-0.09529549749136645,8106188.073944092,8000547.506095886,-105640.56784820557
202,Steady,19,6929043.034444546,1.2147899063581709,1.2132384956055078,6929042.693489075,6929043.102904001,0.4094149265438318,126888.24575805664,116501.64624404907,-10386.599514007568,3.9238124714927998,3.8415488369062354,-0.08226363458656438,8197925.151069641,8094059.565344492,-103865.58572514914
202,Steady,20,7091724.087551643,1.2433109157223539,1.2417230807284512,7091724.088559468,7091723.883022308,-0.20553715992718935,120172.65077972412,109946.59543609619,-10226.05534362793,3.6839447449012837,3.63222453899785,-0.05172020590343385,8293450.5963567095,8191189.83738327,-102260.75897343922
202,Steady,21,7254405.14065874,1.2718319250865366,1.2702076658513946,7254404.704884847,7254405.159927368,0.455042521469295,113851.2549235026,103756.71703592935,-10094.537887573242,3.4733987098455725,3.4375610868573667,-0.03583762298820581,8392917.254119873,8291972.330286661,-100944.92383321188
202,Steady,22,7417086.193765838,1.3003529344507196,1.2986922509743382,7417086.09995524,7417085.940045674,-0.15990956593304873,107844.48786417642,97924.99586486816,-9919.491999308259,3.308464194956669,3.238825177559132,-0.06963901739753675,8495530.978597004,8396335.898694355,-99195.07990264893
202,Steady,23,7579767.2468729345,1.3288739438149024,1.3271768360972815,7579767.514389038,7579767.277531941,-0.23685709666460752,102144.68275705972,92437.17554473877,-9707.507212320954,3.1386427314784653,3.0685964683651528,-0.07004626311331252,8601214.341959635,8504139.032979328,-97075.30898030661
202,Steady,24,7742448.299980031,1.3573949531790854,1.3556614212202251,7742448.370808919,7742447.913322449,-0.4574864702299237,96736.71865081787,87233.15969848633,-9503.558952331543,2.980631393757738,2.919544536391477,-0.06108685736626063,8709815.557317097,8614779.510307312,-95036.04700978473
202,Steady,25,7905129.353087129,1.3859159625432682,1.3841460063431688,7905129.671676636,7905129.147453308,-0.5242233276367188,91590.66131591797,82307.02131907144,-9283.639996846527,2.8303577246367366,2.768049130123151,-0.062308594513585724,8821036.284835815,8728199.360644022,-92836.92419179343
202,Steady,26,8067810.406194226,1.4144369719074512,1.4126305914661121,8067810.379768372,8067810.29241689,-0.08735148143023252,86721.65037027994,77657.3457285563,-9064.304641723633,2.6902651984101125,2.6092233009708736,-0.08104189743923884,8935026.88347117,8844383.749702454,-90643.13376871683
202,Steady,27,8230491.459301324,1.4429579812716342,1.4411151765890557,8230491.6825129185,8230491.072535196,-0.6099777221679688,82094.34031677246,73291.98190307617,-8802.358413696289,2.55913207793054,2.465058317586499,-0.09407376034404136,9051435.085680643,8963410.891565958,-88024.19411468506
202,Steady,28,8393172.51240842,1.471478990635817,1.4695997617119991,8393172.391164143,8393172.410021463,0.0188573207706213,77707.70602671304,69175.47995503743,-8532.226071675614,2.4410308203557696,2.342070111422428,-0.09896070893334175,9170249.451431274,9084927.209571838,-85322.24185943604
202,Steady,29,8555853.565515518,1.5,1.4980843468349427,8555853.445480347,8555853.19013977,-0.255340576171875,73543.34039052327,65253.34328460693,-8289.997105916336,2.320893334202124,2.23781520818401,-0.08307812601811415,9291286.849385578,9208386.62298584,-82900.22639973834
203,Steady,0,3838103.0254096985,0.5130003636730903,0.5200347515790682,3838103.1320660906,3838102.9231681824,-0.20889790821820498,1039675.2636960347,1066875.5236326852,27200.259936650516,30.843161529940705,30.141884407376036,-0.7012771225646688,14234855.769026438,14506858.159495035,272002.3904685974
203,Steady,1,4000784.0785167958,0.5347442926020836,0.542076838641111,4000784.2274831133,4000783.9606564837,-0.2668266296386719,991766.4207108815,1020589.1619962056,28822.741285324097,29.820567537629504,29.09729914641298,-0.723268391216525,13918448.434591928,14206675.58061854,288227.1460266113
203,Steady,2,4163465.131623893,0.5564882215310767,0.5641189257031538,4163465.159210205,4163465.093334198,-0.06587600708007812,945458.1191329956,975925.9792079926,30467.86007499695,28.80082426532873,28.067781976933603,-0.7330422883951258,13618046.350540161,13922724.885414124,304678.5348739624
203,Steady,3,4326146.18473099,0.5782321504600698,0.5861610127651966,4326146.368879953,4326146.26982816,-0.09905179310590029,900775.1338857014,932824.4050935109,32049.27120780945,27.775379553007102,27.044780738906628,-0.7305988141004747,13333897.707736969,13654390.32076327,320492.61302630045
203,Steady,4,4488827.237838088,0.599976079389063,0.6082030998272395,4488827.19052124,4488827.384063085,0.19354184437543154,857688.6412970225,891300.8991387684,33612.25784174597,26.76011598357985,25.999380986512023,-0.7607349970678285,13065713.603491465,13401836.37545077,336122.7719593048
203,Steady,5,4651508.290945184,0.6217200083180562,0.6302451868892822,4651508.291732788,4651508.488547007,0.19681421853601933,816133.6422678629,851383.5143496195,35249.87208175659,25.786798722877435,24.977194239916596,-0.8096044829608395,12812844.714411417,13165343.632043201,352498.91763178445
203,Steady,6,4814189.344052282,0.6434639372470494,0.6522872739513251,4814189.097728729,4814189.13795344,0.0402247104793787,776027.2071787516,812990.1282831827,36962.92110443115,24.86601615951,24.01202189352968,-0.8539942659803188,12574461.169516245,12944090.420785267,369629.251269022
203,Steady,7,4976870.397159379,0.6652078661760426,0.6743293610133679,4976870.364929199,4976870.328934987,-0.03599421214312315,737376.4236418406,776040.0076166788,38663.58397483826,23.916319150322536,23.03055971851176,-0.8857594318107758,12350634.601347605,12737270.405101776,386635.80375417136
203,Steady,8,5139551.450266477,0.6869517951050359,0.6963714480754108,5139551.694366455,5139551.490941365,-0.20342508982867002,700170.4966100056,740510.9856351216,40340.48902511597,22.962549683977322,22.06416563497752,-0.8983840489998016,12141256.66046651,12544661.347292582,403404.68682607077
203,Steady,9,5302232.5033735735,0.708695724034029,0.7184135351374535,5302232.510323842,5302232.437976837,-0.07234700489789248,664389.691619873,706439.1668713887,42049.47525151563,22.022626571968463,21.10591646575878,-0.9167101062096812,11946129.426522572,12366624.106690723,420494.68016815186
203,Steady,10,5464913.55648067,0.730439652963022,0.7404556221994963,5464913.491767883,5464913.665843964,0.17407608032226562,630066.3259283701,673738.3020769755,43671.97614860535,21.09207011142243,20.184319410959798,-0.907750700462632,11765576.751051584,12202296.686613718,436719.9355621338
203,Steady,11,5627594.609587768,0.7521835818920154,0.7624977092615393,5627594.429178873,5627594.703332265,0.27415339183062315,597163.3993269602,642387.741956075,45224.34262911475,20.165586108034145,19.28267739623379,-0.8829087118003542,11599228.422448475,12051472.122893015,452243.70044454
203,Steady,12,5790275.662694865,0.7739275108210085,0.784539796323582,5790275.684452057,5790275.797949472,0.1134974155575037,565646.7039985657,612361.353304545,46714.64930597937,19.266794813318562,18.381849872939338,-0.8849449403792242,11446742.724437714,11913889.330994923,467146.60655720904
203,Steady,13,5952956.715801962,0.7956714397500017,0.8065818833856248,5952956.940284729,5952956.495127359,-0.4451573695987463,535489.2533353169,583653.2512435913,48163.99790827441,18.37655567863426,17.51930344692774,-0.8572522317065214,11307849.473637898,11789489.007563272,481639.53392537497
203,Steady,14,6115637.768909059,0.8174153686789949,0.8286239704476677,6115637.7968940735,6115637.692020416,-0.1048736572265625,506673.79874801636,556202.9244817097,49529.12573369336,17.494054212549685,16.67508307812602,-0.8189711344236663,11182375.784374237,11677666.936837513,495291.15246327594
203,Steady,15,6278318.822016157,0.8391592976079881,0.8506660575097105,6278318.83558909,6278318.633144379,-0.20244471170008183,479118.59021250403,529990.3174158732,50871.72720336914,16.649833843747963,15.845930800807976,-0.8039030429399876,11069504.73771413,11578221.80730311,508717.0695889797
203,Steady,16,6440999.875123254,0.8609032265369813,0.8727081445717533,6440999.638615926,6440999.957375844,0.3187599182128906,452857.1564496358,504987.8095575968,52130.653107961,15.819459829282595,15.048950935036162,-0.7705088942464329,10969571.203112284,11490878.052951813,521306.849839529
203,Steady,17,6603680.928230351,0.8826471554659744,0.8947502316337961,6603681.01449585,6603680.986132303,-0.0283635463565588,427816.31323496497,481138.73149744666,53322.41826248169,15.010262592037533,14.27518407506353,-0.7350785169740028,10881844.146845499,11415068.30110677,533224.1542612705
203,Steady,18,6766361.981337449,0.9043910843949676,0.9167923186958389,6766362.178562164,6766362.1568705235,-0.021691640838980675,403957.22471745807,458396.7184740702,54439.49375661212,14.240160943506874,13.606486609760864,-0.6336743337460096,10805934.425736744,11350329.341611225,544394.9158744812
203,Steady,19,6929043.034444546,0.9261350133239609,0.9388344057578818,6929043.018258412,6929043.251487732,0.23322931956499815,381239.65654500324,436670.541817983,55430.885272979736,13.469652049260441,12.987065876066984,-0.4825861731934573,10741439.583708445,11295748.66966756,554309.085959116
203,Steady,20,7091724.087551643,0.947878942252954,0.9608764928199246,7091724.273531595,7091723.887187958,-0.3863436374813318,359624.98637771606,415866.8625717163,56241.876194000244,12.750456115201668,12.414885645403011,-0.33557046979865746,10687974.137308756,11250392.51290512,562418.375596365
203,Steady,21,7254405.14065874,0.9696228711819471,0.9829185798819673,7254404.948736826,7254405.145558675,0.19682184886187315,339067.32471338904,395969.0442301432,56901.71951675415,12.022708021111619,11.869583631980191,-0.15312438913142756,10645078.195870716,11214095.587860107,569017.3919893913
203,Steady,22,7417086.193765838,0.9913668001109404,1.0049606669440103,7417086.204569498,7417086.086682637,-0.11788686085492373,319562.91927337646,376929.66480509436,57366.7455317179,11.36256271584023,11.369893138724182,0.007330422883951471,10612715.397303263,11186382.734733582,573667.3374303188
203,Steady,23,7579767.2468729345,1.0131107290399335,1.027002754006053,7579767.499491373,7579767.6520398455,0.1525484723970294,301060.16746393836,358670.68597920734,57610.51851526898,10.679204404769662,10.892193914120025,0.2129895093503631,10590369.174130756,11166474.511831919,576105.3377011623
203,Steady,24,7742448.299980031,1.0348546579689266,1.0490448410680957,7742448.327819824,7742448.352038065,0.0242182407528162,283546.34731674194,341243.7483011881,57697.40098444617,10.018244608066723,10.40920049521079,0.3909558871440666,10577911.800987244,11154885.835049946,576974.0340627022
203,Steady,25,7905129.353087129,1.05659858689792,1.0710869281301387,7905129.131406148,7905129.075370789,-0.056035359390079975,266955.72621790564,324566.77035649616,57611.044138590514,9.414299211572294,9.983628722225841,0.5693295106535476,10574686.393585205,11150796.77893575,576110.385350544
203,Steady,26,8067810.406194226,1.078342515826913,1.0931290151921813,8067810.519213358,8067810.524120331,0.004906972870230675,251259.55648295084,308621.5737673441,57362.01728439328,8.80913207793054,9.56090766925132,0.7517755913207793,10580406.084042866,11154026.261793772,573620.177750906
203,Steady,27,8230491.459301324,1.1000864447559062,1.1151711022542243,8230491.562672933,8230491.340726216,-0.22194671630859375,236431.98219299316,293371.56991322833,56939.58772023517,8.230843161529942,9.143480810581872,0.9126376490519306,10594811.384602863,11164207.0398585,569395.6552556362
203,Steady,28,8393172.51240842,1.1218303736848994,1.1372131893162671,8393172.402030945,8393172.75259018,0.3505592346191406,222422.52974065143,278802.59239069617,56380.06265004474,7.721378771095328,8.766778523489933,1.045399752394605,10617397.699437458,11181198.67649714,563800.9770596828
203,Steady,29,8555853.565515518,1.1435743026138927,1.15925527637831,8555853.856862385,8555853.606081644,-0.2507807407528162,209160.17863464355,264869.3977088928,55709.21907424927,7.279924415195152,8.415325470776047,1.1354010555808944,10647455.64320882,11204547.583170572,557091.9399617519
204,Steady,0,3838103.0254096985,0.5,0.5252952506221963,3838103.0254096985,3838103.063673655,0.03826395655050874,1015016.0259482065,1046662.1267846425,31646.100836435915,31.04026845637584,30.54342868313025,-0.4968397732455898,13988263.284891764,14304724.33152008,316461.04662831686
204,Steady,1,4000784.0785167958,0.5211928981622024,0.5475603081252458,4000784.0955454507,4000784.2860081987,0.190462748054415,967753.2290770212,1001072.0606307983,33318.8315537771,30.021339675506614,29.47848113637844,-0.5428585391281722,13678316.386315662,14011504.892316181,333188.5060005188
204,Steady,2,4163465.131623893,0.5423857963244048,0.5698253656282954,4163465.42353185,4163464.9789352417,-0.44459660816937685,922061.9902114868,957054.1226450602,34992.132433573366,28.98571382029061,28.47258421841402,-0.5131296018765887,13384085.325646717,13734006.205385843,349920.8797391262
204,Steady,3,4326146.18473099,0.5635786944866071,0.592090423131345,4326145.974397023,4326146.201269785,0.22687276173382998,877950.4972801208,914586.3013076782,36635.80402755737,27.95416042223236,27.45243370039747,-0.5017267218348884,13105650.94719823,13472009.214346567,366358.2671483364
204,Steady,4,4488827.237838088,0.5847715926488095,0.6143554806343946,4488827.044532776,4488827.47748057,0.43294779397547245,835384.3520908356,873645.1313858032,38260.77929496765,26.96007363002541,26.44327881670685,-0.5167948133185583,12842670.565441132,13225278.791338602,382608.2258974705
204,Steady,5,4651508.290945184,0.6059644908110119,0.6366205381374441,4651508.114668528,4651508.263568878,0.14890035055577755,794344.3684425354,834258.4215138752,39914.05307133985,25.944402814882388,25.42720075584805,-0.5172020590343358,12594951.799093882,12994092.47870763,399140.67961374857
204,Steady,6,4814189.344052282,0.6271573889732144,0.6588855956404938,4814189.328402201,4814189.392742157,0.06433995626866817,754802.1556765238,796326.0840593973,41523.928382873535,24.936876914054864,24.480354466671013,-0.4565224473838505,12362210.885167439,12777450.23333613,415239.3481686916
204,Steady,7,4976870.397159379,0.6483502871354166,0.6811506531435433,4976870.406163533,4976870.439423879,0.033260345458984375,716719.812994639,759780.4469477335,43060.63395309448,24.004284224929954,23.5412458460937,-0.4630383788362522,12144068.536109924,12574674.908901215,430606.3727912903
204,Steady,8,5139551.450266477,0.6695431852976191,0.7034157106465929,5139551.681254068,5139551.355885823,-0.3253682451322675,680074.1225306193,724608.4304389954,44534.3079083761,23.047664038574315,22.620056037010492,-0.42760800156382217,11940292.90656026,12385635.660275776,445342.75371551514
204,Steady,9,5302232.5033735735,0.6907360834598215,0.7256807681496424,5302232.391642252,5302232.501722971,0.11008071899414062,644871.7811571757,690816.2252248127,45944.44406763709,22.07841923502965,21.66873004495993,-0.40968919006972015,11750950.203214008,12210394.7539711,459444.5507570915
204,Steady,10,5464913.55648067,0.7119289816220238,0.7479458256526919,5464913.485328674,5464913.724057515,0.23872884083539248,611109.5743331909,658412.8201281229,47303.24579493201,21.141754088746985,20.735322864403464,-0.4064312243435211,11576009.228660583,12049041.925338745,473032.6966781616
204,Steady,11,5627594.609587768,0.7331218797842263,0.7702108831557416,5627594.5159886675,5627594.326049805,-0.18993886280804873,578726.4209823608,627367.8235473633,48641.40256500244,20.242555548315632,19.807617123867857,-0.4349384244477754,11414858.725812275,11901272.561523438,486413.83571116254
204,Steady,12,5790275.662694865,0.7543147779464285,0.792475940658791,5790275.564071655,5790275.548384348,-0.015687307342886925,547699.9063720703,597665.4277381897,49965.521366119385,19.316886036358895,18.91289828631003,-0.40398775004886645,11267274.627792358,11766929.825766245,499655.1979738865
204,Steady,13,5952956.715801962,0.7755076761086309,0.8147409981618405,5952956.78748703,5952956.915529886,0.12804285623133183,518059.5506833394,569219.6526667277,51160.101983388246,18.405877370170064,18.05605330031928,-0.34982406985078285,11133552.294320423,11645153.442197163,511601.1478767395
204,Steady,14,6115637.768909059,0.7967005742708334,0.8370060556648902,6115637.823830922,6115637.687180837,-0.13665008544921875,489754.8499310811,542043.0417188008,52288.19178771967,17.507493321170262,17.170293868508505,-0.337199452661757,11013186.323141733,11536068.104368845,522881.7812271118
204,Steady,15,6278318.822016157,0.8178934724330358,0.8592711131679398,6278318.5002543125,6278318.73985672,0.23960240744054317,462776.8328069051,516104.20111719763,53327.36831029254,16.592819443539454,16.295530071023652,-0.29728937251580234,10906086.828323364,11439360.751028696,533273.9227053318
204,Steady,16,6440999.875123254,0.8390863705952382,0.8815361706709893,6440999.932811737,6440999.885693868,-0.04711786936968565,437115.91420873004,491434.0441220601,54318.12991333008,15.706245520297127,15.44235029647488,-0.2638952238222476,10812159.074899036,11355340.326914469,543181.2520154323
204,Steady,17,6603680.928230351,0.8602792687574404,0.9038012281740389,6603680.989078522,6603680.802155812,-0.18692270945757627,412727.34488805133,467973.04511260986,55245.70022455853,14.848586042874828,14.609125561999086,-0.23946048087574212,10730954.437959034,11283411.25328191,552456.815322876
204,Steady,18,6766361.981337449,0.8814721669196429,0.9260662856770885,6766361.980757395,6766361.94799296,-0.032764434814453125,389523.5771522522,445710.8385925293,56187.2614402771,14.064638040007818,13.779566038965271,-0.28507200104254693,10661597.752279917,11223470.333918253,561872.5816383362
204,Steady,19,6929043.034444546,0.9026650650818454,0.9483313431801381,6929043.0647621155,6929043.2468249,0.18206278420984745,367460.58446502686,424574.89263407385,57114.308169047,13.270916139962207,13.024939727634067,-0.24597641232814027,10603648.909412384,11174792.173165638,571143.263753254
204,Steady,20,7091724.087551643,0.9238579632440477,0.9705964006831876,7091724.241076151,7091723.954189301,-0.2868868503719568,346523.59003321326,404513.14095179236,57989.5509185791,12.502850720010425,12.303707564996417,-0.19914315501400814,10556960.141408283,11136855.363707224,579895.2222989406
204,Steady,21,7254405.14065874,0.94505086140625,0.9928614581862372,7254404.917499542,7254405.215962728,0.29846318531781435,326713.9769592285,385480.71824137366,58766.74128214514,11.730712842900893,11.6227927282205,-0.1079201146803932,10521544.687091827,11109212.398376465,587667.7112846375
204,Steady,22,7417086.193765838,0.9662437595684525,1.0151265156892868,7417086.000944773,7417085.778516133,-0.22242863941937685,308016.80420557654,367413.5100746155,59396.70586903894,10.988711148758714,11.024548771746922,0.035837622988207585,10497254.043000538,11091220.879262287,593966.8362617493
204,Steady,23,7579767.2468729345,0.9874366577306548,1.0373915731923364,7579767.386400858,7579766.978192647,-0.40820821095258,290380.0349210103,350181.5311342875,59801.49621327716,10.25811233465824,10.514677135596534,0.25656480093829437,10483567.735610962,11081582.289535522,598014.5539245605
204,Steady,24,7742448.299980031,1.008629555892857,1.0596566306953858,7742448.3980026245,7742448.124029795,-0.2739728298038244,273760.82750956214,333726.8013153076,59965.97380574548,9.567830846419495,10.0349416824135,0.4671108359940046,10480056.673098246,11079716.13718287,599659.4640846252
204,Steady,25,7905129.353087129,1.0298224540550596,1.0819216881984355,7905129.470639546,7905129.4146779375,-0.05596160888671875,258140.78490829468,317999.5297597249,59858.74485143024,8.910129015442758,9.59308008079755,0.6829510653547928,10486537.319722492,11085124.712275187,598587.3925526943
204,Steady,26,8067810.406194226,1.051015352217262,1.104186745701485,8067810.526906331,8067810.6226119995,0.09570566844195127,243452.85126622516,302968.34694163,59515.49567540485,8.319622727568907,9.174838730696553,0.8552160031276461,10502339.039568583,11097494.0920283,595155.0524597168
204,Steady,27,8230491.459301324,1.0722082503794643,1.1264518032045348,8230491.6103515625,8230491.822288513,0.21193695068359375,229602.3298110962,288578.23361968994,58975.90380859375,7.778393171303838,8.802616146478139,1.0242229751743004,10526514.908462524,11116274.158485413,589759.2500228882
204,Steady,28,8393172.51240842,1.0934011485416668,1.1487168607075842,8393172.922861734,8393172.347783405,-0.5750783290714025,216524.71417617798,274798.77660369873,58274.06242752075,7.310467843878282,8.4291718251124,1.118703981234118,10558420.064623514,11141160.113820393,582740.0491968784
204,Steady,29,8555853.565515518,1.114594046703869,1.1709819182106338,8555853.99071757,8555853.394465128,-0.59625244140625,204163.84761683145,261642.42202250162,57478.574405670166,6.873900436567407,8.072424578093438,1.1985241415260308,10597492.466885883,11172277.614690144,574785.1478042603
205,Steady,0,3838103.0254096985,0.5664964320576809,0.5968122557200133,3838102.9627456665,3838103.0241406756,0.0613950090482831,689258.838306427,717705.070766449,28446.232460021973,23.488711148758714,23.03626115853261,-0.45244999022610344,10730691.345809937,11015153.731805164,284462.38599522784
205,Steady,1,4000784.0785167958,0.5905078344453797,0.6221086184348703,4000783.921058655,4000784.2714703875,0.3504117326810956,654079.7385323842,684224.1697031657,30144.431170781492,22.510914185182774,22.04095262917834,-0.469961556004435,10541581.306382496,10843025.968502045,301444.66211954877
205,Steady,2,4163465.131623893,0.6145192368330785,0.6474049811497274,4163465.142733256,4163465.090208689,-0.052524566650390625,620329.9171803792,652204.3652407328,31874.448060353636,21.533524467322604,21.037906431224343,-0.4956180360982607,10366764.314537048,10685508.742616016,318744.4280789681
205,Steady,3,4326146.18473099,0.6385306392207774,0.6727013438645845,4326145.980998993,4326146.315012613,0.3340136203914881,587998.3908284504,621597.2976519266,33598.906823476194,20.578533263830064,20.103277513520556,-0.4752557503095076,10206129.889283497,10542119.29153188,335989.40224838257
205,Steady,4,4488827.237838088,0.6625420416084763,0.6979977065794416,4488827.343989054,4488827.108179728,-0.235809326171875,557058.9897397358,592340.3406550089,35281.35091527307,19.614175408874697,19.1943050759106,-0.4198703329640985,10059417.241386414,10412230.514729816,352813.2733434029
205,Steady,5,4651508.290945184,0.6865534439961751,0.7232940692942985,4651508.068002065,4651508.28925705,0.22125498484820127,527519.1230367024,564414.6407966614,36895.51775995898,18.66488564540301,18.26130514106992,-0.40358050433309245,9926699.29836909,10295654.697223663,368955.3988545742
205,Steady,6,4814189.344052282,0.7105648463838741,0.7485904320091556,4814189.243793488,4814189.255777994,0.011984506621956825,499339.0562947591,537805.2628364563,38466.206541697204,17.72699876197302,17.362513846354336,-0.3644849156186858,9807579.806741077,10192241.884142557,384662.0774014797
205,Steady,7,4976870.397159379,0.7345762487715728,0.7738867947240127,4976870.3166389465,4976870.503107706,0.18646875955164433,472500.1030209859,512483.9346733093,39983.831652323424,16.82454225581547,16.464944288786082,-0.3595979670293872,9701871.346848805,10101709.8498408,399838.50299199484
205,Steady,8,5139551.450266477,0.7585876511592717,0.7991831574388698,5139551.498114267,5139551.217789968,-0.2803242998197675,446946.77324295044,488435.7545216878,41488.98127873737,15.948556721183294,15.597918159900958,-0.35063856128233617,9609019.230543772,10023908.763006845,414889.53246307373
205,Steady,9,5302232.5033735735,0.7825990535469706,0.8244795201537268,5302232.444669087,5302232.454826355,0.010157267563045025,422659.3405596415,465612.62999471027,42953.289435068786,15.063611780804065,14.74433113963641,-0.319280641167655,9528825.850265503,9958358.754773457,429532.9045079537
205,Steady,10,5464913.55648067,0.8066104559346694,0.8497758828685839,5464913.626144409,5464913.787085215,0.16094080545008183,399645.0764770508,444016.3383165995,44371.26183954871,14.188033491887667,13.898481787971589,-0.28955170391607865,9461364.390914917,9905077.17025121,443712.7793362923
205,Steady,11,5627594.609587768,0.8306218583223683,0.875072245583441,5627594.417699178,5627594.697647095,0.2799479169771075,377849.063457489,423607.77742004395,45758.71396255493,13.356437740274973,13.090913533589626,-0.26552420668534715,9406085.052274067,9863672.471847534,457587.4195734672
205,Steady,12,5790275.662694865,0.8546332607100672,0.9003686082982979,5790275.645057678,5790275.824183146,0.1791254673153162,357231.11223093665,404359.6942087809,47128.58197784424,12.552534697334982,12.284159770639212,-0.26837492669577045,9362586.767367044,9833872.766270954,471285.9989039097
205,Steady,13,5952956.715801962,0.8786446630977659,0.9256649710131549,5952956.5978558855,5952956.734745026,0.13688914012163877,337773.46398289996,386256.2140630086,48482.75008010864,11.74578093438457,11.496139310614453,-0.2496416237701169,9330691.237684885,9815518.87537511,484827.6376902256
205,Steady,14,6115637.768909059,0.9026560654854648,0.9509613337280121,6115637.893694559,6115637.896695455,0.003000895492732525,319430.832022349,369173.9505551656,49743.11853281659,10.99400534306379,10.798934645207533,-0.19507069785625752,9309946.213918049,9807377.40224711,497431.1883290615
205,Steady,15,6278318.822016157,0.9266674678731638,0.9762576964428692,6278318.617427826,6278318.623610178,0.0061823520809412,302090.6462122599,353039.28745142615,50948.64123916626,10.293949957646445,10.171776242913925,-0.12217371473252037,9299225.079550425,9808711.49812444,509486.4185740147
205,Steady,16,6440999.875123254,0.9506788702608626,1.0015540591577263,6441000.031686147,6440999.748207092,-0.28347905445843935,285759.2477989197,337775.31202952063,52016.064230600954,9.580455463608523,9.618329315175604,0.03787385156708112,9298592.509675343,9818752.868502298,520160.3588269558
205,Steady,17,6603680.928230351,0.9746902726485615,1.0268504218725831,6603680.820181528,6603681.281330109,0.4611485805362463,270416.67123031616,323280.7278722127,52864.056641896546,8.89343194109598,9.13615038769792,0.2427184466019412,9307847.53248469,9836488.560052235,528641.027567545
205,Steady,18,6766361.981337449,0.9987016750362604,1.0521467845874404,6766361.920590718,6766361.926714579,0.006123860366642475,256010.2582791646,309473.3098767598,53463.051597595215,8.278490910275623,8.710578614712974,0.43208770443735034,9326464.503382364,9861095.025482178,534630.5220998134
205,Steady,19,6929043.034444546,1.0227130774239592,1.0774431473022974,6929042.956954956,6929043.051311493,0.09435653686523438,242455.35779698688,296279.29666773474,53823.938870747865,7.704681696748549,8.301703916074803,0.597022219326254,9353596.534924824,9891836.01798884,538239.4830640163
205,Steady,20,7091724.087551643,1.0467244798116582,1.1027395100171544,7091723.825848897,7091723.755700429,-0.07014846801757812,229701.7484664917,283700.56217066443,53998.81370417273,7.176891249104059,7.91034078321496,0.7334495341109015,9388741.310513813,9928729.377407074,539988.0668932609
205,Steady,21,7254405.14065874,1.070735882199357,1.1280358727320114,7254405.30909729,7254405.309410095,0.00031280517578125,217682.79431279498,271691.7916069031,54008.99729410809,6.719147064572881,7.575177559132078,0.8560304945591968,9431233.252225239,9971323.225479126,540089.9732538871
205,Steady,22,7417086.193765838,1.0947472845870558,1.1533322354468687,7417086.417304993,7417086.146303812,-0.27100118063390255,206317.8952776591,260193.93251546222,53876.03723780313,6.328598423144588,7.259969375122173,0.931370951977585,9480265.370081583,10019025.471458435,538760.101376852
205,Steady,23,7579767.2468729345,1.1187586869747546,1.1786285981617257,7579767.225723267,7579767.05880483,-0.16691843699663877,195523.27017593384,249172.24284617105,53648.97267023721,5.986512021893529,6.961865511174822,0.975353489281293,9534999.927482605,10071489.48726654,536489.5597839355
205,Steady,24,7742448.299980031,1.1427700893624535,1.2039249608765825,7742448.093836466,7742448.640963236,0.5471267700195312,185260.06435902911,238608.94464874268,53348.88028971356,5.6599009578419235,6.684123933016224,1.0242229751743004,9595048.737426758,10128538.087450663,533489.3500239048
205,Steady,25,7905129.353087129,1.1667814917501524,1.2292213235914398,7905129.758710225,7905129.553464253,-0.2052459716796875,175501.24569829303,228497.06384785968,52995.81814956665,5.360168111031472,6.4039388805629756,1.0437707695315037,9660142.215693155,10190100.19194285,529957.9762496948
205,Steady,26,8067810.406194226,1.1907928941378512,1.2545176863062968,8067810.638412476,8067810.441500345,-0.1969121303409338,166205.23761749268,218810.01215108234,52604.77453358966,5.099938098651203,6.146966833908907,1.0470287352577046,9729863.014587402,10255910.56301117,526047.5484237671
205,Steady,27,8230491.459301324,1.21480429652555,1.2798140490211538,8230491.159634908,8230491.190940857,0.031305949203670025,157373.02779134113,209533.04892985025,52160.021138509124,4.823825503355705,5.907099107317391,1.0832736039616861,9804221.437548319,10325821.680239359,521600.24269104004
205,Steady,28,8393172.51240842,1.2388156989132488,1.3051104117360108,8393172.26784261,8393172.752512613,0.48467000387609005,148988.73917643228,200641.0574239095,51652.318247477204,4.570925913859386,5.669674855020525,1.0987489411611389,9883059.659606934,10399583.326751709,516523.6671447754
205,Steady,29,8555853.565515518,1.2628271013009478,1.330406774450868,8555854.082951862,8555853.640548706,-0.4424031563103199,141017.6911417643,192123.16084543863,51105.46970367432,4.33024369583632,5.4403955170391605,1.11015182120284,9966030.994369507,10477085.249003092,511054.254633585
201,Full,0,5669875.050734201,0.5561110139917302,0.5892565642757032,5669875.278446833,5669875.369199117,0.09075228404253721,1030226.3940429688,1035000.5689951578,4774.174952189089,24.817175270310614,23.607949014161292,-1.2092262561493214,15972139.21887652,16019881.059150696,47741.84027417563
201,Full,1,5933781.349919111,0.5819953938634738,0.616683715272316,5933781.108315149,5933781.346399942,0.2380847930908203,969517.3514957428,976607.4033050537,7090.051809310913,23.716203060707937,22.43376903207383,-1.282434028634107,15628954.623272577,15699855.37945048,70900.75617790222
201,Full,2,6197687.64910402,0.6078797737352172,0.644110866268929,6197687.336150487,6197687.510318756,0.1741682691499591,911439.3299306233,921040.2288475037,9600.898916880367,22.61808647343622,21.304240599161485,-1.3138458742747368,15312080.63545672,15408089.798793793,96009.16333707236
201,Full,3,6461593.948288928,0.6337641536069605,0.6715380172655419,6461594.02233378,6461593.588172913,-0.4341608677059412,856012.6932970682,868239.8730506897,12227.179753621458,21.519710284134423,20.20664321594995,-1.3130670681844734,15021720.955304462,15143992.31867981,122271.36337534711
201,Full,4,6725500.247473837,0.659648533478704,0.6989651682621547,6725500.457388559,6725500.4159304295,-0.0414581298828125,803203.2484792073,818142.313205719,14939.064726511715,20.444438675510444,19.107747822587974,-1.3366908529224695,14757532.942180634,14906923.54798762,149390.60580698587
201,Full,5,6989406.546658746,0.6855329133504474,0.7263923192587677,6989406.618947347,6989406.651527405,0.032580058090388775,752938.602394104,770721.7240943909,17783.121700286865,19.398242494256305,18.016640490128633,-1.3816020041276715,14518792.642888386,14696623.892471313,177831.24958292767
201,Full,6,7253312.845843654,0.7114172932221908,0.7538194702553805,7253313.047562917,7253312.91238149,-0.13518142700195312,705155.460135142,725919.5194206238,20764.05928548181,18.3642476084163,16.939811269324125,-1.4244363390921748,14304867.648914337,14512508.106587727,207640.45767338946
201,Full,7,7517219.145028563,0.7373016730939342,0.7812466212519934,7517219.032339731,7517219.0763003025,0.0439605712890625,659811.4166069031,683663.0243403116,23851.60773340857,17.35621292558508,15.923988525590271,-1.4322243999948086,14115333.198408762,14353849.319703419,238516.12129465677
201,Full,8,7781125.444213472,0.7631860529656777,0.8086737722486064,7781125.313566843,7781125.778450012,0.4648831691592932,616876.5820643107,643852.2433191935,26975.661254882812,16.343505406212277,14.928933944263445,-1.4145714619488317,13949891.13420995,14219648.211641947,269757.0774319973
201,Full,9,8045031.743398381,0.7890704328374212,0.8361009232452192,8045031.707402547,8045031.809580484,0.10217793751507998,576292.1603940327,606433.8261871338,30141.66579310107,15.359613712179229,13.953868719253384,-1.405744992925845,13807953.311342875,14109370.071451822,301416.76010894775
201,Full,10,8308938.0425832905,0.8149548127091646,0.8635280742418322,8308937.928798676,8308937.847891489,-0.08090718649327755,538004.491385142,571368.3165601094,33363.82517496741,14.395192170402774,12.98451473890526,-1.4106774314975148,13688982.842650095,14022621.013492584,333638.1708424892
201,Full,11,8572844.341768198,0.8408391925809079,0.890955225238445,8572844.55727895,8572844.194709778,-0.3625691719353199,501984.44922383624,538575.5221112568,36591.072887420596,13.444269934190887,12.078244051868484,-1.3660258823224023,13592689.049517313,13958599.415822346,365910.36630503275
201,Full,12,8836750.640953109,0.8667235724526515,0.918382376235058,8836751.017391205,8836750.319085438,-0.6983057670295238,468128.35722732544,507908.23327382404,39779.8760464986,12.551758154748772,11.228826209420957,-1.3229319453278148,13518034.58966446,13915832.651823679,397798.06215921976
201,Full,13,9100656.940138016,0.8926079523243947,0.9458095272316708,9100656.503470102,9100657.107299805,0.6038297023624182,436369.29775492346,479267.2750892639,42897.97733434045,11.672226476811048,10.440674446074167,-1.2315520307368804,13464349.481019337,13893329.858192444,428980.3771731071
201,Full,14,9364563.239322925,0.9184923321961382,0.9732366782282837,9364562.847190857,9364563.321632385,0.4744415283203125,406616.80836741126,452446.8822733561,45830.073905944824,10.847211225191781,9.747277423709454,-1.0999338014823277,13430730.93086497,13889032.144365946,458301.21350097656
201,Full,15,9628469.538507834,0.9443767120678817,1.0006638292248966,9628469.64573415,9628470.023579914,0.37784576416015625,378815.4052772522,427297.6732330322,48482.26795578003,10.017782739061019,9.088407471346425,-0.9293752677145939,13416623.698506672,13901446.755910236,484823.05740356445
201,Full,16,9892375.837692743,0.9702610919396251,1.0280909802215095,9892375.873289743,9892375.64947001,-0.22381973266601562,352917.3955777486,403747.2274640401,50829.831886291504,9.244687893459327,8.486649965602732,-0.758037927856595,13421549.82906723,13929847.924110413,508298.0950431824
201,Full,17,10156282.136877652,0.9961454718113686,1.0555181312181225,10156282.201128641,10156282.179288227,-0.02184041403234005,328768.8874117533,381648.1494763692,52879.262064615905,8.526628678236264,7.956283018133202,-0.5703456601030625,13443971.075246174,13972763.67405192,528792.5988057461
201,Full,18,10420188.436062561,1.0220298516831121,1.0829452822147354,10420188.660961151,10420188.12066396,-0.5402971915900707,306309.5933494568,360820.8554916382,54511.2621421814,7.865162705572358,7.487182149764411,-0.3779805558079463,13483284.594455719,14028396.675580341,545112.0811246224
201,Full,19,10684094.73524747,1.0479142315548555,1.1103724332113483,10684095.085784912,10684094.650482178,-0.435302734375,285380.7095692952,341176.60009765625,55795.89052836102,7.26859724043042,7.0578003919990655,-0.2107968484313547,13537902.181477863,14095860.65145874,557958.4699808769
201,Full,20,10948001.034432378,1.0737986114265987,1.1377995842079611,10948001.54561742,10948001.381607056,-0.16401036456227303,265872.4093678792,322648.1251767476,56775.71580886841,6.719019742734387,6.652821225061981,-0.06619851767240625,13606725.639296213,14174482.63337453,567756.9940783177
201,Full,21,11211907.333617289,1.0996829912983423,1.1652267352045742,11211907.87289683,11211906.80619049,-1.0667063388973475,247676.38877360025,305166.66047922766,57490.27170562741,6.206046131280747,6.2691294245921,0.06308329331135276,13688671.760632832,14263573.410982767,574901.6503499355
201,Full,22,11475813.632802196,1.1255673711700855,1.1926538862011868,11475813.334197998,11475813.50813802,0.1739400215446949,230698.63921483356,288649.7414881388,57951.10227330524,5.74499292584468,5.9287911631468955,0.18379823730221556,13782799.726346333,14362310.92301941,579511.1966730766
201,Full,23,11739719.931987105,1.1514517510418292,1.2200810371978,11739719.329476673,11739720.461705524,1.1322288513183594,214871.9883066813,273037.95247650146,58165.96416982016,5.318207188380213,5.5918277280928335,0.27362053971262057,13888439.212543488,14470099.98647054,581660.7739270516
201,Full,24,12003626.231172014,1.1773361309135726,1.2475081881944128,12003625.739194233,12003625.742932636,0.0037384033203125,200083.21436691284,258282.43285624185,58199.21848932901,4.926467724977609,5.291468179281162,0.3650004543035532,14004457.882863361,14586450.071495056,581992.1886316948
201,Full,25,12267532.530356923,1.203220510785316,1.2749353391910256,12267532.06703313,12267532.789543152,0.7225100211799145,186290.46205774942,244337.4662246704,58047.00416692099,4.573928168118275,5.005127140094236,0.43119897197596035,14130436.687610626,14710907.451789856,580470.7641792297
201,Full,26,12531438.829541832,1.2291048906570594,1.3023624901876387,12531438.513987223,12531438.580126444,0.06613922119140625,173413.53137715656,231116.44600931802,57702.91463216147,4.253319660959749,4.769668098804533,0.5163484378447842,14265573.827758789,14842603.040219624,577029.2124608345
201,Full,27,12795345.12872674,1.2549892705288026,1.3297896411842514,12795345.053108215,12795345.311251322,0.25814310647547245,161372.84172058105,218576.87843831378,57204.03671773273,3.9591905608701863,4.515777313378591,0.5565867525084043,14409073.470314026,14981114.09563446,572040.6253204346
201,Full,28,13059251.42791165,1.2808736504005462,1.3572167921808644,13059251.821062723,13059251.841069538,0.0200068149715662,150106.47968546549,206684.30539194742,56577.82570648193,3.679339572435456,4.290442751262315,0.611103178826859,14560316.617917378,15126094.894989014,565778.2770716362
201,Full,29,13323157.727096558,1.3067580302722897,1.3846439431774773,13323157.845514933,13323157.437782288,-0.4077326450496912,139566.83284759521,195420.65160624185,55853.81875864664,3.4259679910696903,4.066925403356654,0.6409574122869639,14718826.173990885,15277363.953844706,558537.7798538208
202,Full,0,5669875.050734201,0.6383481116345463,0.6334395739522474,5669874.95479838,5669875.291844686,0.3370463056489825,719573.5116322835,717099.9769884745,-2473.534643808962,20.683791747251465,20.87849326981737,0.19470152256590367,12865610.071121216,12840875.061729431,-24735.009391784668
202,Full,1,5933781.349919111,0.6680602457161138,0.6629232384462923,5933781.460352579,5933781.083855947,-0.37649663258343935,668768.7498893738,666158.1591288248,-2610.5907605489483,19.59216521073195,19.794135590140314,0.20197037940836537,12621468.959246317,12595362.675144196,-26106.284102121368
202,Full,2,6197687.64910402,0.6977723797976811,0.6924069029403372,6197687.793467203,6197687.345630646,-0.4478365574032068,620649.2021509806,617840.2000427246,-2809.0021082559833,18.512220765566386,18.721460001817213,0.20923923625082708,12404179.814977009,12376089.346057892,-28090.468919117004
202,Full,3,6461593.948288928,0.7274845138792484,0.7218905674343821,6461594.066744486,6461594.064826965,-0.0019175205379724503,575158.1884180704,572167.5434659321,-2990.644952138304,17.468101400552953,17.681234667255097,0.21313326670214394,12213175.95092519,12183269.499486286,-29906.45143890381
202,Full,4,6725500.247473837,0.7571966479608159,0.751374231928427,6725500.373794556,6725500.326601664,-0.0471928920596838,532230.5378977457,529026.1449279785,-3204.392969767214,16.41541516854662,16.64983580171597,0.2344206331693499,12047805.752772013,12015761.775881449,-32043.976890563965
202,Full,5,6989406.546658746,0.7869087820423832,0.7808578964224719,6989406.713348389,6989406.809501648,0.09615325927734375,491873.7116127014,488443.68729782104,-3430.024314880371,15.395179190301267,15.58806349865656,0.1928843083552927,11908143.829475403,11873843.682479858,-34300.14699554443
202,Full,6,7253312.845843654,0.8166209161239505,0.8103415609165168,7253312.416219075,7253312.601512909,0.1852938337251544,453995.4281349182,450377.596988678,-3617.8311462402344,14.366895549123193,14.578211601614724,0.21131605249153118,11793266.697568256,11757088.571399689,-36178.12616856769
202,Full,7,7517219.145028563,0.846333050205518,0.8398252254105617,7517218.756052652,7517218.863287607,0.10723495483398438,418675.0656992594,414785.62959035236,-3889.4361089070444,13.323554990200023,13.560052439610079,0.2364974494100558,11703969.413045246,11665075.159191132,-38894.25385411456
202,Full,8,7781125.444213472,0.8760451842870853,0.8693088899046066,7781125.456447601,7781125.483666738,0.027219136245548725,385834.31602350867,381676.6438954671,-4157.672128041566,12.316299113459067,12.550200542568243,0.2339014291091761,11639468.616682688,11597891.922621408,-41576.6940612793
202,Full,9,8045031.743398381,0.9057573183686527,0.8987925543986516,8045031.723565419,8045031.844258626,0.12069320678710938,355452.0114237467,350972.4751459757,-4479.536277770996,11.325657766643735,11.568645266805987,0.24298750016225235,11599551.837802887,11554756.595718384,-44795.242084503174
202,Full,10,8308938.0425832905,0.9354694524502201,0.9282762188926965,8308937.990123749,8308938.204666138,0.21454238891601562,327481.026339213,322648.67890167236,-4832.347437540651,10.344362092911567,10.599031684427771,0.2546695915162047,11583748.253515879,11535424.993682861,-48323.259833017364
202,Full,11,8572844.341768198,0.9651815865317873,0.9577598833867412,8572844.263680775,8572844.11916987,-0.14451090432703495,301813.48422749835,296667.09833272296,-5146.385894775391,9.429524538881893,9.634869744681403,0.2053452057995102,11590979.105955759,11539515.1024971,-51464.00345865823
202,Full,12,8836750.640953109,0.9948937206133549,0.9872435478807864,8836750.877811432,8836750.380944569,-0.4968668632209301,278369.8907190958,272926.382619222,-5443.508099873841,8.525590270115913,8.746771199750782,0.22118092963486902,11620449.78500239,11566014.20713679,-54435.577865600586
202,Full,13,9100656.940138016,1.0246058546949222,1.016727212374831,9100657.021517435,9100657.0013237,-0.020193735137581825,257096.98425674438,251370.83430862427,-5726.149948120117,7.641645357666698,7.832452849781285,0.1908074921145877,11671626.864084879,11614365.344409943,-57261.51967493631
202,Full,14,9364563.239322925,1.0543179887764895,1.046210876868876,9364562.840779621,9364563.263098398,0.4223187770694494,237962.98137537637,231935.1187718709,-6027.862603505462,6.780805025895302,6.994457496657624,0.2136524707623222,11744192.654533386,11683914.450817108,-60278.203716278076
202,Full,15,9628469.538507834,1.0840301228580569,1.0756945413629209,9628469.737861633,9628469.84481557,0.1069539375603199,220851.67213948566,214491.46939468384,-6360.20274480182,5.954491764125596,6.1686634389480925,0.21417167482249688,11836986.459256489,11773384.53876241,-63601.92049407959
202,Full,16,9892375.837692743,1.1137422569396243,1.105178205856966,9892375.606732685,9892375.94803365,0.34130096435546875,205676.49307886758,198978.8941001892,-6697.598978678376,5.223452447398139,5.39920302176763,0.17575057436949137,11949140.537521362,11882164.889035542,-66975.64848582074
202,Full,17,10156282.136877652,1.1434543910211916,1.1346618703510107,10156282.516693115,10156282.430933634,-0.08575948141515255,192033.0631790161,185250.73737716675,-6782.325801849365,4.711776846094937,4.714113264365728,0.0023364182707910075,12076613.148483276,12008789.804705301,-67823.34377797507
202,Full,18,10420188.436062561,1.173166525102759,1.1641455348450558,10420188.211021423,10420188.988744099,0.7777226753532887,179565.72339375812,172946.5278104146,-6619.195583343506,4.267597772614582,4.244233589906673,-0.023364182707909187,12215845.444959003,12149654.266848246,-66191.17811075784
202,Full,19,10684094.73524747,1.2028786591843263,1.1936291993391006,10684095.34038035,10684094.224563599,-1.1158167514950037,168146.90889994302,161649.40948232013,-6497.499417622894,3.888059604626108,3.9155774198154227,0.02751781518931473,12365564.42937978,12300588.319386799,-64976.10999298096
202,Full,20,10948001.034432378,1.2325907932658937,1.2231128638331454,10948001.27224477,10948000.57276662,-0.6994781494140625,157630.506497701,151150.30614471436,-6480.200352986634,3.523578354382731,3.6429952882231538,0.11941693384042296,12524306.33722178,12459503.634213764,-64802.70300801657
202,Full,21,11211907.333617289,1.2623029273474613,1.2525965283271905,11211906.809115091,11211907.055666605,0.246551513671875,148013.77380625406,141344.20364761353,-6669.570158640534,3.1938837761711296,3.383912462195454,0.19002868602432432,12692044.547177631,12625349.09214274,-66695.45503489114
202,Full,22,11475813.632802196,1.2920150614290284,1.282080192821235,11475813.938474018,11475813.505971272,-0.43250274658203125,139112.36773173013,132209.52450052896,-6902.843231201172,2.956607520670812,3.135473319401358,0.1788657987305462,12866937.61579132,12797908.750976562,-69028.8648147583
202,Full,23,11739719.931987105,1.3217271955105958,1.3115638573152801,11739719.47534434,11739719.7019399,0.2265955600887537,130814.88143666585,123712.17356618245,-7102.707870483398,2.7439934580288416,2.909619553224906,0.16562609519606442,13047868.289710999,12976841.437601725,-71026.8521092739
202,Full,24,12003626.231172014,1.3514393295921632,1.341047521809325,12003626.617581684,12003626.397229511,-0.2203521728515625,123073.93179575601,115798.22608184814,-7275.705713907868,2.5573395983956595,2.7118028062979453,0.15446320790228585,13234365.935539246,13161608.658047993,-72757.27749125287
202,Full,25,12267532.530356923,1.3811514636737305,1.37053118630337,12267532.021898905,12267533.092519123,1.0706202182918787,115820.67408752441,108427.16802469888,-7393.5060628255305,2.397943951921704,2.516062875611687,0.11811892368998311,13425738.762774149,13351804.772766113,-73933.99000803567
202,Full,26,12531438.829541832,1.4108635977552981,1.4000148507974148,12531439.30871582,12531438.770957947,-0.5377578735351562,109012.89326731363,101574.44201405843,-7438.4512532552035,2.244259550109682,2.3369374748510534,0.0926779247413716,13621568.241388956,13547183.19109853,-74385.05029042624
202,Full,27,12795345.12872674,1.4405757318368653,1.4294985152914597,12795345.360254923,12795345.466247559,0.10599263571202755,102613.60567728677,95221.6335957845,-7391.972081502274,2.1113433107046897,2.16508093093288,0.053737620228190064,13821481.41702779,13747561.802205402,-73919.6148223877
202,Full,28,13059251.42791165,1.4702878659184329,1.4589821797855047,13059252.037938435,13059252.16153717,0.12359873577952385,96610.92478434244,89321.3743871053,-7289.550397237137,1.989589958593476,2.0181461819031425,0.028556223309666562,14025361.28578186,13952465.905408222,-72895.38037363812
202,Full,29,13323157.727096558,1.5,1.4884658442795495,13323157.596992493,13323157.397356668,-0.19963582418859005,90972.66586812337,83788.64843241373,-7184.01743570964,1.8673174024220869,1.9000272582131592,0.03270985579107233,14232884.255673725,14161043.881680805,-71840.37399291992
203,Full,0,5669875.050734201,0.5147585459092386,0.502653057153833,5669874.9683259325,5669875.202368418,0.23404248524457216,1424483.919898351,1459485.952615738,35002.03271738696,30.195610129671213,29.352941940005973,-0.8426681896652397,19914714.16730944,20264734.728525795,350020.56121635437
203,Full,1,5933781.349919111,0.5387181608229961,0.5260492178981991,5933781.441226959,5933781.118433634,-0.3227933254092932,1349331.078994115,1387196.7944959004,37865.71550178528,29.047130748562456,28.209914201529056,-0.8372165470333996,19427092.23116811,19805749.06339264,378656.83222452924
203,Full,2,6197687.64910402,0.5626777757367535,0.5494453786425653,6197687.759219487,6197687.918150583,0.1589310960844159,1277046.726073583,1317835.9613704681,40789.23529688525,27.89943017354396,27.027686556508872,-0.8717436170350865,18968155.019955315,19376047.531855263,407892.5118999481
203,Full,3,6461593.948288928,0.5866373906505108,0.5728415393869314,6461593.89371109,6461593.834215799,-0.059495290741324425,1207647.947467168,1251354.5135892231,43706.566122055054,26.766786516270557,25.906984592619516,-0.859801923651041,18538073.36838277,18975138.970108032,437065.60172526166
203,Full,4,6725500.247473837,0.6105970055642682,0.5962377001312975,6725500.170484543,6725500.550543467,0.38005892373621464,1141078.6921024323,1187709.4553915658,46630.76328913355,25.65075738892278,24.7574668033904,-0.8932905855323803,18136287.091508865,18602595.104459126,466308.0129502602
203,Full,5,6989406.546658746,0.6345566204780256,0.6196338608756637,6989406.337901433,6989406.505439758,0.16753832530230284,1077217.2855434418,1126927.6112124124,49710.32566897059,24.57444737217845,23.62741916641788,-0.9470282057605708,17761579.19333585,18258682.61756388,497103.4242280312
203,Full,6,7253312.845843654,0.6585162353917831,0.6430300216200298,7253312.687670389,7253313.154749552,0.46707916259765625,1015970.0257860819,1068906.2593676248,52936.23358154285,23.500992977765087,22.527744966965642,-0.9732480107994448,17413012.945531208,17942375.7484258,529362.8028945923
203,Full,7,7517219.145028563,0.6824758503055405,0.666426182364396,7517219.2312208805,7517219.070814768,-0.16040611267089844,957362.0123704274,1013498.376730601,56136.36436017358,22.423644552900406,21.45273296037175,-0.9709115925286547,17090839.354925156,17652202.838120777,561363.4831956215
203,Full,8,7781125.444213472,0.7064354652192979,0.6898223431087621,7781125.165211995,7781125.064542134,-0.10066986083984375,901354.9423344929,960672.1485087076,59317.20617421472,21.364208668111782,20.39355667761322,-0.9706519904985633,16794674.588556923,17387846.54962921,593171.9610722885
203,Full,9,8045031.743398381,0.7303950801330553,0.7132185038531283,8045031.733819962,8045031.857561747,0.12374178506433964,847969.6222763062,910396.9675750732,62427.34529876709,20.314378058436418,19.345283680118378,-0.9690943783180401,16524727.956583023,17149001.533312477,624273.5767294541
203,Full,10,8308938.0425832905,0.7543546950468127,0.7366146645974945,8308938.226899465,8308937.885203043,-0.3416964216157794,797120.1552855173,862547.2164230347,65427.06113751733,19.273893121844214,18.36009397593489,-0.9137991459093229,16280139.779754639,16934410.049433388,654270.2696787491
203,Full,11,8572844.341768198,0.7783143099605699,0.7600108253418605,8572844.200611115,8572844.534512836,0.333901721984148,748748.0188967386,817040.6310539246,68292.61215718591,18.274165703975807,17.387105567165534,-0.8870601368102733,16060324.3895785,16743250.845052082,682926.4554735813
203,Full,12,8836750.640953109,0.8022739248743276,0.7834069860862268,8836750.77071762,8836750.683830261,-0.08688735961914062,702821.5409584045,773811.3756230671,70989.8346646626,17.260419776482653,16.422684025389078,-0.8377357510935752,15864966.180301666,16574864.440060932,709898.2597592659
203,Full,13,9100656.940138016,0.8262335397880848,0.8068031468305928,9100657.378690083,9100657.279452005,-0.09923807717859745,659278.6346028645,732828.767648061,73550.13304519653,16.288469775833647,15.502135226697472,-0.7863345491361748,15693443.724718729,16428944.955932617,735501.2312138882
203,Full,14,9364563.239322925,0.8501931547018422,0.830199307574959,9364563.001009623,9364563.207397461,0.2063878383487463,618040.2748082478,693967.0460611979,75926.77125295007,15.333653509170443,14.617411508157993,-0.71624200101245,15544965.749092102,16304233.66800944,759267.9189173374
203,Full,15,9628469.538507834,0.8741527696155996,0.8535954683193251,9628469.78995514,9628469.733250935,-0.05670420452952385,579046.6782430012,657191.6497688293,78144.97152582812,14.415441128749626,13.732168585558338,-0.683272543191288,15418936.572385151,16200386.230939228,781449.6585540771
203,Full,16,9892375.837692743,0.898112384529357,0.8769916290636913,9892375.412274677,9892376.028058369,0.61578369140625,542211.4877522786,622431.1280581156,80219.64030583703,13.531236614270323,12.895471242585115,-0.6357653716852081,15314490.289797464,16116687.308639526,802197.018842062
203,Full,17,10156282.136877652,0.9220719994431145,0.9003877898080574,10156282.201220194,10156281.643043518,-0.55817667581141,507466.26428858435,589589.1969973246,82122.93270874023,12.665723445957347,12.108098285328591,-0.5576251606287563,15230944.844106037,16052173.613016764,821228.7689107265
203,Full,18,10420188.436062561,0.9460316143568719,0.9237839505524237,10420188.57747523,10420188.55951945,-0.017955780029296875,474738.06969451904,558536.5614878336,83798.49179331458,11.840188990277904,11.411586038602822,-0.42860295167508156,15167569.27442042,16005554.174397785,837984.8999773655
203,Full,19,10684094.73524747,0.9699912292706293,0.9471801112967898,10684094.591490427,10684094.463704426,-0.12778600119054317,443948.0056088765,529121.9268277485,85173.92121887201,11.01828896301969,10.79243519684324,-0.22585376617645103,15123574.647579193,15975313.731981913,851739.0844027195
203,Full,20,10948001.034432378,0.9939508441843866,0.9705762720411558,10948001.001618702,10948001.380180359,0.378561656922102,415047.00966517127,501200.3774897257,86153.36782455444,10.269856310276346,10.202619384483587,-0.0672369257927592,15098471.098270416,15960005.155077616,861534.0568071995
203,Full,21,11211907.333617289,1.0179104590981443,0.9939724327855222,11211907.327199299,11211907.138875324,-0.188323974609375,387928.7534662882,474719.736735026,86790.9832687378,9.521164055502913,9.671733232953882,0.15056917745096854,15091194.861862183,15959104.506225586,867909.6443634033
203,Full,22,11475813.632802196,1.0418700740119013,1.0173685935298882,11475814.116704304,11475813.28997294,-0.82673136331141,362532.680926005,449533.8642260233,87001.18330001831,8.826988227047936,9.189133059020522,0.36214483197258573,15101140.925964355,15971151.932233173,870011.0062688179
203,Full,23,11739719.931987105,1.0658296889256589,1.0407647542742544,11739719.387154896,11739720.507263184,1.120108287781477,338710.54610443115,425622.7989285787,86912.25282414752,8.178242753858335,8.692254773432328,0.5140120195739932,15126824.848199207,15995948.49654897,869123.648349762
203,Full,24,12003626.231172014,1.0897893038394162,1.0641609150186204,12003625.753039042,12003626.435208637,0.682169595733285,316410.0754763285,402949.3089383443,86539.2334620158,7.559870718189016,8.261315403486455,0.7014446852974388,15167726.507802326,16033119.524592081,865393.0167897549
203,Full,25,12267532.530356923,1.1137489187531737,1.0875570757629867,12267532.28228251,12267532.417055765,0.13477325439453125,295542.5316683451,381397.2669779459,85854.73530960083,7.005620383951403,7.844654145195415,0.8390337612440124,15222957.598965961,16081505.086835224,858547.4878692627
203,Full,26,12531438.829541832,1.137708533666931,1.110953236507353,12531438.890814463,12531438.34500122,-0.5458132419735193,275970.98762003577,360933.2159258524,84962.22830581665,6.51834737347646,7.444347814799912,0.9260004413234517,15291148.76701482,16140770.504259745,849621.7372449245
203,Full,27,12795345.12872674,1.1616681485806883,1.134349397251719,12795345.43293635,12795344.783518473,-0.6494178771972656,257559.6445452372,341505.20223999023,83945.55769475302,6.079619942627952,7.069742085383107,0.9901221427551556,15370941.878388721,16210396.805918375,839454.9275296535
203,Full,28,13059251.42791165,1.1856277634944459,1.1577455579960851,13059252.046203613,13059251.931040445,-0.11516316793859005,240253.3949317932,323058.36458206177,82804.96965026855,5.675159979751042,6.732519048298958,1.0573590685479157,15461785.995521545,16289835.576861063,828049.5813395176
203,Full,29,13323157.727096558,1.2095873784082032,1.1811417187404512,13323157.316654205,13323157.835225422,0.5185712166130543,223991.96549479166,305530.9077822367,81538.94228744504,5.306005892966083,6.4004880518165645,1.0944821588504814,15563076.971602121,16378466.91304779,815389.9414456692
204,Full,0,5669875.050734201,0.5,0.5126756937946366,5669875.050734201,5669875.079881032,0.029146830551326275,1436866.3901100159,1471034.0242710114,34167.63416099548,31.39938474318869,30.883295907374,-0.516088835814692,20038538.95183436,20380215.322591145,341676.3707567863
204,Full,1,5933781.349919111,0.5232726732796992,0.536538361634888,5933781.620182037,5933781.450301488,-0.1698805494233966,1360908.091055552,1397518.4364013672,36610.34534581518,30.237925260575537,29.691203385210475,-0.546721875365062,19542862.530737557,19908965.81431516,366103.28357760236
204,Full,2,6197687.64910402,0.5465453465593982,0.5604010294751393,6197687.611075719,6197687.578303019,-0.03277270030230284,1287794.7434711456,1326918.7977053323,39124.05423418665,29.06348567645799,28.497034046806245,-0.5664516296517448,19075635.045787174,19466875.555356342,391240.5095691681
204,Full,3,6461593.948288928,0.5698180198390973,0.5842636973153904,6461593.818395615,6461593.814776102,-0.0036195125430822372,1217535.1987330117,1259174.8926709492,41639.693937937496,27.894757337002375,27.310912371334744,-0.5838449656676303,18636945.80572573,19053342.741485596,416396.93575986475
204,Full,4,6725500.247473837,0.5930906931187964,0.6081263651556418,6725500.478329976,6725499.947939554,-0.53039042185992,1150077.37888209,1194269.4343477883,44192.05546569824,26.747575966044057,26.152827715112732,-0.5947482509313247,18226274.26715088,18668194.29141744,441920.02426655963
204,Full,5,6989406.546658746,0.6163633663984955,0.631989032995893,6989406.4358723955,6989406.87207667,0.43620427418500185,1085372.9167607625,1132181.5079256692,46808.59116490674,25.611297880349426,25.007723160395113,-0.6035747199543131,17843135.60348002,18311221.951333363,468086.34785334393
204,Full,6,7253312.845843654,0.6396360396781946,0.6558517008361443,7253312.875469208,7253312.960006714,0.08453750610351562,1023345.0211232502,1072807.1103858948,49462.08926264453,24.503056813904283,23.882348359964176,-0.6207084539401073,17486763.08670171,17981384.06386566,494620.97716395184
204,Full,7,7517219.145028563,0.6629087129578937,0.6797143686763956,7517219.367548624,7517219.331367493,-0.0361811313778162,963948.3150253296,1016023.8447634379,52075.52973810828,23.415324307836087,22.789164211264133,-0.6261600965719545,17156702.517801918,17677457.77900187,520755.2611999512
204,Full,8,7781125.444213472,0.6861813862375928,0.7035770365166468,7781125.113047281,7781125.4584287,0.34538141917437315,907166.1269810994,961764.0306091309,54597.90362803149,22.31539050635376,21.757505743694917,-0.5578847626588441,16852786.382858276,17398765.764520008,545979.3816617317
204,Full,9,8045031.743398381,0.7094540595172919,0.7274397043568982,8045031.837403615,8045031.551481882,-0.2859217328950763,853022.3458226521,910002.4977111816,56980.15188852954,21.215197102841344,20.677820900559443,-0.5373762022819015,16575255.295630137,17145056.528593697,569801.2329635601
204,Full,10,8308938.0425832905,0.7327267327969911,0.7513023721971495,8308938.45797348,8308937.956850687,-0.5011227931827307,801442.3656044006,860731.752532959,59289.38692855835,20.164068483015537,19.626951882763723,-0.5371166002518137,16323362.114017487,16916255.482180275,592893.3681627885
204,Full,11,8572844.341768198,0.75599940607669,0.7751650400374006,8572843.929976145,8572844.19332377,0.2633476257324219,752355.9130655924,813927.8498268127,61571.936761220335,19.09918095559507,18.57530405887774,-0.5238768967173293,16096403.060632069,16712122.691591898,615719.6309598293
204,Full,12,8836750.640953109,0.7792720793563893,0.7990277078776521,8836750.695551554,8836750.098702747,-0.5968488063663244,705782.4417406718,769505.4449450175,63723.0032043457,18.046235121558652,17.577393855219945,-0.46884126633870693,15894575.112958271,16531804.548152924,637229.4351946525
204,Full,13,9100656.940138016,0.8025447526360883,0.8228903757179031,9100657.068871815,9100657.280410767,0.21153895184397697,661632.7977841694,727362.7300338745,65729.93224970507,17.01379784789917,16.588569722615233,-0.4252281252839367,15716985.04671351,16374284.580749512,657299.5340360012
204,Full,14,9364563.239322925,0.8258174259157873,0.8467530435581545,9364563.07407252,9364563.284788767,0.21071624755859375,619930.9981447855,687464.7988471985,67533.80070241296,15.95565997326099,15.633493853921937,-0.3221661193390535,15563873.055520374,16239211.273260752,675338.2177403774
204,Full,15,9628469.538507834,0.8490900991954865,0.8706157113984058,9628469.607371012,9628469.620260874,0.012889862060546875,580603.2212664286,649767.9769643147,69164.75569788611,14.961643800054517,14.6729663425968,-0.2886774574577178,15434501.820035297,16126149.389904022,691647.5698687248
204,Full,16,9892375.837692743,0.8723627724751856,0.894478379238657,9892375.952077229,9892376.015305836,0.06322860717773438,543568.8947931925,614257.2276865641,70688.33289337158,14.01098116587272,13.739177840370711,-0.2718033255020078,15328064.900009155,16034948.292171478,706883.392162323
204,Full,17,10156282.136877652,0.8956354457548847,0.9183410470789084,10156281.950838724,10156282.163103739,0.2122650146484375,508709.57059224445,580892.9726994832,72183.40210723871,13.064212562142236,12.809283368595942,-0.2549291935462943,15243377.65676117,15965211.890098572,721834.2333374023
204,Full,18,10420188.436062561,0.9189081190345838,0.9422037149191597,10420188.463151295,10420188.211736042,-0.2514152526855469,475988.35196050006,549565.2891769409,73576.93721644086,12.160537895406343,11.968172791111227,-0.19236510429511533,15180071.982756296,15915841.103505451,735769.1207491551
204,Full,19,10684094.73524747,0.942180792314283,0.9660663827594109,10684094.857457478,10684094.4191068,-0.4383506774902344,445350.90977859497,520161.36781946814,74810.45804087317,11.271920146415546,11.15406082475565,-0.11785932165989621,15137603.955243427,15885708.097301483,748104.1420580558
204,Full,20,10948001.034432378,0.9654534655939819,0.9899290505996621,10948000.912773132,10948001.684661865,0.7718887329101562,416729.64437230426,492568.63872019446,75838.9943478902,10.434703599382148,10.402253345621162,-0.032450253760986314,15115297.356496174,15873688.07186381,758390.7153676357
204,Full,21,11211907.333617289,0.9887261388736812,1.0137917184399134,11211907.292532602,11211906.98063914,-0.3118934631347656,390023.6150894165,466668.5609664917,76644.9458770752,9.615139990394725,9.735854934385586,0.12071494399086014,15112143.443426767,15878592.590304056,766449.1468772888
204,Full,22,11475813.632802196,1.01199881215338,1.0376543862801646,11475813.284854889,11475813.761356354,0.47650146484375,365145.6171747843,442257.33925755817,77111.72208277386,8.855284848327514,9.142664295634791,0.28737944730727705,15127269.456602732,15898387.153931934,771117.6973292027
204,Full,23,11739719.931987105,1.0352714854330793,1.061517054120416,11739720.339261372,11739719.158379871,-1.1808815002441406,342021.58893839514,419210.60737101233,77189.01843261719,8.14111966355577,8.61515297049623,0.4740333069404592,15159936.228645325,15931825.232089996,771889.0034446716
204,Full,24,12003626.231172014,1.0585441587127784,1.0853797219606673,12003626.345021565,12003626.22593689,-0.1190846748650074,320496.2517776489,397406.25531133014,76910.00353368121,7.507171506081177,8.12995677626199,0.6227852701808132,15208588.862798054,15977688.77905019,769099.9162521362
204,Full,25,12267532.530356923,1.0818168319924775,1.1092423898009185,12267531.935783386,12267533.095240274,1.1594568882137537,300444.48510615027,376782.393178304,76337.90807215375,6.930595397256006,7.6891525291727785,0.7585571319167723,15271976.786844889,16035357.027023315,763380.2401784267
204,Full,26,12531438.829541832,1.1050895052721765,1.1331050576411699,12531439.27850596,12531438.492263794,-0.7862421665340662,281738.68978373206,357219.72678375244,75481.03700002038,6.422294622343946,7.303383912462196,0.8810892901182497,15348826.17634328,16103635.760101318,754809.5837580375
204,Full,27,12795345.12872674,1.1283621785518756,1.156967725481421,12795344.814977009,12795345.747495014,0.9325180053710938,264261.83468373615,338642.34927368164,74380.5145899455,5.967991069690165,6.9337106216170605,0.9657195519268953,15437963.161814371,16181769.24023183,743806.0784174595
204,Full,28,13059251.42791165,1.1516348518315749,1.1808303933216724,13059250.820177713,13059251.04347229,0.2232945766299963,247888.21230189005,321052.048306783,73163.83600489298,5.569761555535364,6.572604197764827,1.0028426422294627,15538132.943196613,16269771.52654012,731638.5833435059
204,Full,29,13323157.727096558,1.174907525111274,1.2046930611619235,13323158.134286243,13323157.815823872,-0.3184623718261719,232531.56658554077,304358.393023173,71826.8264376322,5.201126672810581,6.25926454744876,1.058137874638179,15648473.800141651,16366741.746055603,718267.9459139518
205,Full,0,5669875.050734201,0.5564935118562211,0.5679478039515607,5669875.262329737,5669875.128934224,-0.13339551258832216,1022139.3758163452,1046752.7719993591,24613.396183013916,24.818213678430965,24.338209524798486,-0.4800041536324784,15891269.020493189,16137402.848927815,246133.82843462564
205,Full,1,5933781.349919111,0.5823956952236256,0.5943831313141353,5933781.254038492,5933781.277552286,0.0235137939453125,962445.445830663,989295.2141901652,26849.768359502195,23.688166041458445,23.18791292947911,-0.5002531119793332,15558235.712345123,15826733.419453938,268497.70710881427
205,Full,2,6197687.64910402,0.6082978785910299,0.6208184586767099,6197687.679295857,6197687.475107828,-0.20418802928179502,905428.0540148417,934656.7110735575,29228.65705871582,22.552666761854077,22.01710777378279,-0.535558988071287,15251968.219444275,15544254.585843403,292286.366399128
205,Full,3,6461593.948288928,0.6342000619584343,0.6472537860392844,6461593.71036911,6461594.380723317,0.67035420704633,851103.2259305317,882795.127020518,31691.901089986204,21.418465492400152,20.85071585259797,-0.5677496398021837,14972625.969674427,15289545.650928497,316919.68125407025
205,Full,4,6725500.247473837,0.6601022453258387,0.673689113401859,6725500.331474304,6725500.441183725,0.10970942117273808,799444.2170206705,833644.6059837341,34200.3889630636,20.29906153866123,19.739099959761685,-0.5599615788995465,14719942.50168101,15061946.501021067,342003.9993400574
205,Full,5,6989406.546658746,0.6860044286932431,0.7001244407644336,6989406.296550751,6989406.528175354,0.23162460327148438,750408.5766410828,787128.2953910828,36719.71875,19.187186043794863,18.646175413091733,-0.5410106307031306,14493492.062961578,14860689.482086182,367197.4191246033
205,Full,6,7253312.845843654,0.7119066120606474,0.7265597681270081,7253312.924374898,7253312.871228536,-0.0531463623046875,703970.1633707682,743214.5025113423,39244.3391405741,18.083877415921393,17.557404498903182,-0.5264729170182108,14293014.55808258,14685457.896341959,392443.33825937845
205,Full,7,7517219.145028563,0.7378087954280518,0.7529950954895825,7517219.285498301,7517218.938598633,-0.3468996677547693,660082.7136128743,701813.2308057148,41730.517192840576,17.011980633688555,16.504718266896848,-0.5072623667917071,14118046.421627045,14535351.24665578,417304.82502873614
205,Full,8,7781125.444213472,0.7637109787954562,0.7794304228521571,7781125.316571553,7781125.691806793,0.3752352399751544,618683.0342712402,662862.7798868815,44179.74561564124,15.946314300177827,15.47409820744798,-0.47221609272984644,13967955.659283955,14409753.490675608,441797.83139165305
205,Full,9,8045031.743398381,0.7896131621628606,0.8058657502147317,8045031.871679941,8045031.928582509,0.056902567856013775,579755.3753763834,626296.9806785583,46541.605302174925,14.897262496592722,14.476966809880453,-0.4202956867122687,13842585.625443775,14308001.735368092,465416.1099243164
205,Full,10,8308938.0425832905,0.8155153455302651,0.8323010775773063,8308937.8240242,8308938.271635691,0.44761149026453495,543215.0415852864,592047.4007377625,48832.35915247607,13.911293986318974,13.50112277878013,-0.41017120753884306,13741088.239877064,14229412.279013315,488324.03913625143
205,Full,11,8572844.341768198,0.8414175288976693,0.8587364049398807,8572844.555634815,8572844.189221699,-0.3664131164550781,508973.8699378967,560068.0449053446,51094.17496744788,12.924806271985048,12.551238950688596,-0.3735673212964521,13662583.255013783,14173524.638275146,510941.38326136395
205,Full,12,8836750.640953109,0.8673197122650739,0.8851717323024554,8836750.435263315,8836750.249682108,-0.18558120727539062,476966.3479537964,530257.0542170206,53290.706263224245,11.984008514946588,11.624719305304968,-0.35928920964162003,13606413.91480128,14139320.791852314,532906.877051035
205,Full,13,9100656.940138016,0.8932218956324781,0.9116070596650298,9100657.141816456,9100657.226641336,0.08482488058507442,447134.0036710103,502563.3048578898,55429.30118687946,11.069949767007179,10.745447229397334,-0.3245025376098454,13571997.17852656,14126290.275220234,554293.0966936741
205,Full,14,9364563.239322925,0.9191240789998825,0.9380423870276043,9364563.326437632,9364563.593602497,0.2671648655086756,419314.98254776,476863.1842130025,57548.20166524249,10.239482872756064,9.92847964071079,-0.31100323204527314,13557713.151915232,14133195.435732523,575482.2838172913
205,Full,15,9628469.538507834,0.9450262623672868,0.9644777143901789,9628469.628283182,9628469.302749634,-0.3255335483700037,393407.45560963947,452937.5057843526,59530.050174713135,9.40927558053504,9.201334354434652,-0.20794122610038812,13562544.184379578,14157844.360593159,595300.1762135811
205,Full,16,9892375.837692743,0.9709284457346913,0.9909130417527535,9892375.593079884,9892375.669710794,0.07663091085851192,369341.76346206665,430671.70199330646,61329.93853123981,8.632546306512117,8.526369076206176,-0.10617723030594028,13585793.22770055,14199092.68964386,613299.4619433098
205,Full,17,10156282.136877652,0.9968306291020956,1.017348369115328,10156281.950691223,10156282.540392557,0.589701334014535,347044.2995770772,409890.1066017151,62845.80702463788,7.904362612115627,7.953427395802236,0.04906478368660849,13626724.946461994,14255183.606409708,628458.6599477138
205,Full,18,10420188.436062561,1.0227328124695,1.0437836964779026,10420188.835290272,10420188.27737681,-0.5579134617000818,326367.0304463704,390417.39170964557,64050.36126327515,7.258213159226905,7.438376968107891,0.1801638088809856,13683859.139753977,14324362.194473267,640503.0547192898
205,Full,19,10684094.73524747,1.0486349958369046,1.0702190238404772,10684094.933199564,10684095.050183613,0.11698404885828495,307158.01594543457,372071.7113291422,64913.69538370764,6.654638439272595,7.006658792071755,0.3520203527991601,13755675.09265391,14404812.163475037,649137.0708211269
205,Full,20,10948001.034432378,1.0745371792043088,1.0966543512030515,10948000.819267273,10948000.574612934,-0.2446543388068676,289299.87542470294,354762.15532938635,65462.27990468341,6.146856868420711,6.597006788593086,0.4501499201723753,13840999.573514301,14495622.1279068,654622.554392498
205,Full,21,11211907.333617289,1.1004393625717133,1.1230896785656264,11211906.784063974,11211907.22416687,0.4401028957217932,272615.2706413269,338450.86025619507,65835.58961486816,5.7039758050907965,6.2278527018081276,0.5238768967173311,13938059.490477243,14596415.82672882,658356.3362515774
205,Full,22,11475813.632802196,1.1263415459391175,1.1495250059282007,11475814.140206654,11475814.17328898,0.033082326874136925,256955.9936650594,323011.5545018514,66055.56083679199,5.314313157928895,5.898677327656703,0.5843641697278077,14045374.076857248,14705929.718307495,660555.6414502468
205,Full,23,11739719.931987105,1.152243729306522,1.1759603332907753,11739720.026274363,11739719.697718302,-0.3285560607910156,242272.95608647662,308357.22886657715,66084.27278010052,4.952427927986397,5.602731013356524,0.650303085370127,14162449.58713913,14823291.986384073,660842.3992449436
205,Full,24,12003626.231172014,1.1781459126739264,1.20239566065335,12003625.991071064,12003626.568400064,0.5773290004581213,228470.0075861613,294415.496248881,65945.4886627197,4.6388286756402435,5.33689853454654,0.6980698589062966,14288326.066932678,14947781.530888874,659455.4639561959
205,Full,25,12267532.530356923,1.2040480960413307,1.2288309880159245,12267532.009691874,12267531.952753702,-0.05693817138671875,215487.04397710162,281155.15510304767,65668.11112594604,4.344959177580768,5.077815708518841,0.732856530938073,14422402.44946289,15079083.50378418,656681.0543212891
205,Full,26,12531438.829541832,1.2299502794087351,1.255266315378499,12531438.974138895,12531438.901875813,-0.0722630824893713,203276.01629892984,268529.1973012288,65253.18100229898,4.067704209446918,4.842616269259226,0.7749120598123085,14564199.137128193,15216730.874888102,652531.7377599087
205,Full,27,12795345.12872674,1.2558524627761394,1.2817016427410735,12795344.860206604,12795345.551429749,0.69122314453125,191764.04517873126,256520.4995091756,64756.454330444336,3.8247167092846666,4.616762503082774,0.7920457937981076,14712985.311993916,15360550.546521503,647565.2345275879
205,Full,28,13059251.42791165,1.281754646143544,1.308136970103648,13059251.0362854,13059251.07585907,0.03957366943359375,180914.5828857422,245081.45447031656,64166.87158457437,3.5851040355135573,4.401292818109838,0.816188782596281,14868396.865142822,15510065.620562235,641668.7554194126
205,Full,29,13323157.727096558,1.3076568295109483,1.3345722974662224,13323158.273312885,13323158.02498118,-0.24833170510828495,170708.15560150146,234196.32487996417,63488.16927846271,3.367557534299918,4.205812489453668,0.8382549551537495,15030239.8293279,15665121.273780823,634881.4444529228
