seed,regime,lead_step,model,total_cost,mean_cost_per_event,violation_rate,total_shortage,total_reserve,pinball_loss,n_events,farm_key,farm_display,turbines,horizon_lead,farm
201,clean,1,Continuous Physical Quantile,635838.0,45.79975509643555,0.0808182669451847,24753.78125,388300.1666666666,23.35134696960449,13883,wtb,WTB (China),134,1,
201,clean,1,Frozen Backbone MLP,923147.75,66.49483489990234,0.0194482460563278,6617.637369791666,856971.4166666666,35.76839828491211,13883,wtb,WTB (China),134,1,
201,clean,1,Global Quantile,682259.625,49.14352798461914,0.0756320679968306,25547.8046875,426781.5833333333,25.35761451721192,13883,wtb,WTB (China),134,1,
201,clean,1,Joint Dense Head,687294.875,49.50622177124024,0.0767845566520204,25292.49739583333,434369.875,25.575231552124023,13883,wtb,WTB (China),134,1,
201,clean,1,Joint Routed,640914.5,46.1654167175293,0.0813945112727796,25612.361979166664,384790.8333333333,23.570751190185547,13883,wtb,WTB (China),134,1,
201,clean,1,Missingness-Aware GBDT,702237.7900884595,50.58256789515663,0.0697975941799323,23031.83461522124,471919.4439362472,26.221039421261647,13883,wtb,WTB (China),134,1,
201,delay6,1,Continuous Physical Quantile,733491.3125,52.183502197265625,0.1155378486055776,34026.572916666664,393225.5833333333,26.00012969970703,14056,wtb,WTB (China),134,1,
201,delay6,1,Frozen Backbone MLP,957237.375,68.10169219970703,0.0243312464428002,8054.240885416666,876695.0,35.55104446411133,14056,wtb,WTB (China),134,1,
201,delay6,1,Global Quantile,762465.4375,54.24483871459961,0.1076408651109846,33036.557291666664,432099.8333333333,27.23693084716797,14056,wtb,WTB (China),134,1,
201,delay6,1,Joint Dense Head,770765.0625,54.83530426025391,0.1091348890153671,33030.23958333333,440462.6666666666,27.59121322631836,14056,wtb,WTB (China),134,1,
201,delay6,1,Joint Routed,710568.5,50.55268096923828,0.1044393853158793,30847.41145833333,402094.375,25.02164077758789,14056,wtb,WTB (China),134,1,
201,delay6,1,Missingness-Aware GBDT,770838.9528848054,54.84056295424057,0.071215139442231,23988.23690260004,530956.583858805,27.59436718768146,14056,wtb,WTB (China),134,1,
201,markov_burst,1,Continuous Physical Quantile,658600.625,46.557373046875,0.0863141524105754,26416.65625,394434.0833333333,23.575868606567383,14146,wtb,WTB (China),134,1,
201,markov_burst,1,Frozen Backbone MLP,944207.25,66.74729919433594,0.0202884207549837,7065.346354166666,873553.8333333333,35.689823150634766,14146,wtb,WTB (China),134,1,
201,markov_burst,1,Global Quantile,707345.625,50.00322341918945,0.0805174607662943,27247.9140625,434866.5,25.64338111877441,14146,wtb,WTB (China),134,1,
201,markov_burst,1,Joint Dense Head,713685.75,50.451416015625,0.0820019793581224,27100.46875,442681.0833333333,25.91229820251465,14146,wtb,WTB (China),134,1,
201,markov_burst,1,Joint Routed,662243.5,46.81489562988281,0.0849003251802629,27010.23958333333,392141.125,23.73038482666016,14146,wtb,WTB (China),134,1,
201,markov_burst,1,Missingness-Aware GBDT,729185.2709604008,51.54709960132905,0.0721758801074508,24465.077138332446,484534.4995770763,26.569705774041086,14146,wtb,WTB (China),134,1,
201,sensor_noise,1,Continuous Physical Quantile,715588.375,49.50113296508789,0.0991283895960155,29523.018229166664,420358.2083333333,24.90378761291504,14456,wtb,WTB (China),134,1,
201,sensor_noise,1,Frozen Backbone MLP,915603.6875,63.33727645874024,0.0329275041505257,10135.020182291666,814253.5,33.205474853515625,14456,wtb,WTB (China),134,1,
201,sensor_noise,1,Global Quantile,729773.8125,50.482418060302734,0.0896513558384062,28537.74739583333,444396.3333333333,25.49255752563477,14456,wtb,WTB (China),134,1,
201,sensor_noise,1,Joint Dense Head,737193.75,50.99569320678711,0.0946319867183176,29368.260416666664,443511.125,25.80052375793457,14456,wtb,WTB (China),134,1,
201,sensor_noise,1,Joint Routed,700862.5,48.48246383666992,0.0973298284449363,29824.859375,402613.8333333333,24.292585372924805,14456,wtb,WTB (China),134,1,
201,sensor_noise,1,Missingness-Aware GBDT,781416.4133545116,54.05481553365465,0.0814886552296624,26127.9485732731,520136.92762178055,27.63599766651649,14456,wtb,WTB (China),134,1,
202,clean,1,Continuous Physical Quantile,487804.6875,35.136837005615234,0.0578405243823381,15858.33984375,329221.25,18.12634658813477,13883,wtb,WTB (China),134,1,
202,clean,1,Frozen Backbone MLP,1597967.0,115.10242462158205,0.0023770078513289,639.8609212239583,1591568.3333333333,66.105712890625,13883,wtb,WTB (China),134,1,
202,clean,1,Global Quantile,789270.125,56.85155487060547,0.0382482172441115,15995.631510416666,629313.9166666666,31.155176162719727,13883,wtb,WTB (China),134,1,
202,clean,1,Joint Dense Head,706975.5625,50.92383193969727,0.0532305697615789,17874.315104166664,528232.375,27.59854507446289,13883,wtb,WTB (China),134,1,
202,clean,1,Joint Routed,578840.75,41.6942138671875,0.0899661456457538,30492.80208333333,273912.75,22.060775756835938,13883,wtb,WTB (China),134,1,
202,clean,1,Missingness-Aware GBDT,503539.299654123,36.27020814334964,0.0408413167182885,12906.524360206324,374474.0560520599,18.80637155975863,13883,wtb,WTB (China),134,1,
202,delay6,1,Continuous Physical Quantile,741645.0625,52.76359176635742,0.1301935116676152,40929.484375,332350.1666666666,27.07844352722168,14056,wtb,WTB (China),134,1,
202,delay6,1,Frozen Backbone MLP,1637007.0,116.46321868896484,0.0054780876494023,1383.8942057291663,1623168.0,65.2982177734375,14056,wtb,WTB (China),134,1,
202,delay6,1,Global Quantile,856888.75,60.96249008178711,0.0557768924302788,21973.27864583333,637156.0,31.99777603149414,14056,wtb,WTB (China),134,1,
202,delay6,1,Joint Dense Head,852287.875,60.63516616821289,0.0963289698349459,31945.046875,532837.4166666666,31.8013858795166,14056,wtb,WTB (China),134,1,
202,delay6,1,Joint Routed,703817.0625,50.072357177734375,0.1405093910073989,44176.86979166666,262048.3333333333,25.46370315551757,14056,wtb,WTB (China),134,1,
202,delay6,1,Missingness-Aware GBDT,621901.1503809639,44.24453261105321,0.0422595332953898,13924.099953831996,482660.1508426439,21.96700789334912,14056,wtb,WTB (China),134,1,
202,markov_burst,1,Continuous Physical Quantile,509792.875,36.0379524230957,0.0629860031104199,17679.264322916664,333000.1666666666,18.485048294067383,14146,wtb,WTB (China),134,1,
202,markov_burst,1,Frozen Backbone MLP,1630352.75,115.2518539428711,0.0031104199066874,852.5909830729166,1621826.6666666665,66.01338958740234,14146,wtb,WTB (China),134,1,
202,markov_burst,1,Global Quantile,813265.875,57.49087142944336,0.0408596069560299,17203.029947916664,641235.6666666666,31.35679626464844,14146,wtb,WTB (China),134,1,
202,markov_burst,1,Joint Dense Head,730928.375,51.67032241821289,0.0578255337197794,19084.71614583333,540081.1666666666,27.864471435546875,14146,wtb,WTB (China),134,1,
202,markov_burst,1,Joint Routed,611358.5625,43.217769622802734,0.0953626466845751,32912.73177083333,282231.2708333333,22.792940139770508,14146,wtb,WTB (China),134,1,
202,markov_burst,1,Missingness-Aware GBDT,527209.4764678421,37.26915569545045,0.0419906687402799,13634.8704146802,390860.77232104016,19.223773018052544,14146,wtb,WTB (China),134,1,
202,sensor_noise,1,Continuous Physical Quantile,622431.875,43.05699157714844,0.0965688987271721,27439.56770833333,348036.125,22.512733459472656,14456,wtb,WTB (China),134,1,
202,sensor_noise,1,Frozen Backbone MLP,1479450.75,102.34163665771484,0.0094078583287216,2334.916341145833,1456101.6666666665,58.0835189819336,14456,wtb,WTB (China),134,1,
202,sensor_noise,1,Global Quantile,813175.875,56.25178909301758,0.0384615384615384,15788.809895833332,655287.9166666666,30.42960929870605,14456,wtb,WTB (China),134,1,
202,sensor_noise,1,Joint Dense Head,737815.375,51.0386962890625,0.0710431654676259,22868.80989583333,509127.25,27.301755905151367,14456,wtb,WTB (China),134,1,
202,sensor_noise,1,Joint Routed,629512.0,43.5467643737793,0.1078444936358605,35347.557291666664,276036.4375,22.806596755981445,14456,wtb,WTB (China),134,1,
202,sensor_noise,1,Missingness-Aware GBDT,585248.9223375352,40.484845208739294,0.0479385722191477,15272.390699732076,432525.0153402144,20.96944642801884,14456,wtb,WTB (China),134,1,
203,clean,1,Continuous Physical Quantile,667994.0625,48.11597442626953,0.0915508175466397,27566.578125,392328.25,24.11196517944336,13883,wtb,WTB (China),134,1,
203,clean,1,Frozen Backbone MLP,923043.125,66.48729705810547,0.0200965209248721,6420.983072916666,858833.25,35.13475799560547,13883,wtb,WTB (China),134,1,
203,clean,1,Global Quantile,739780.0,53.2867546081543,0.0791615645033494,28448.69270833333,455293.0833333333,27.214431762695312,13883,wtb,WTB (China),134,1,
203,clean,1,Joint Dense Head,729473.25,52.54435348510742,0.0865807102211337,28405.75520833333,445415.625,26.76898956298828,13883,wtb,WTB (China),134,1,
203,clean,1,Joint Routed,739718.8125,53.282344818115234,0.078297198011957,27908.19270833333,460636.8333333333,27.211788177490234,13883,wtb,WTB (China),134,1,
203,clean,1,Missingness-Aware GBDT,648487.5242057436,46.71090716745254,0.0604336238565151,18081.831226136102,467669.2119443826,23.26892548190885,13883,wtb,WTB (China),134,1,
203,delay6,1,Continuous Physical Quantile,763094.5,54.28959274291992,0.1341775754126351,36605.96875,397034.7916666666,26.533647537231445,14056,wtb,WTB (China),134,1,
203,delay6,1,Frozen Backbone MLP,973449.875,69.25511169433594,0.0187108708025042,5807.563151041666,915374.25,35.512962341308594,14056,wtb,WTB (China),134,1,
203,delay6,1,Global Quantile,799376.25,56.87081909179688,0.1081388730791121,33840.95833333333,460966.5833333333,28.08238410949707,14056,wtb,WTB (China),134,1,
203,delay6,1,Joint Dense Head,805030.0,57.27305221557617,0.1229368241320432,35455.06770833333,450479.25,28.32372093200684,14056,wtb,WTB (China),134,1,
203,delay6,1,Joint Routed,803087.75,57.13487243652344,0.1063602731929425,33607.40625,467013.7083333333,28.24081802368164,14056,wtb,WTB (China),134,1,
203,delay6,1,Missingness-Aware GBDT,707873.0746109516,50.360918797022734,0.0532157085941946,15910.642833628925,548766.6462746622,24.17644537047166,14056,wtb,WTB (China),134,1,
203,markov_burst,1,Continuous Physical Quantile,686609.375,48.53734970092773,0.0945850417079033,28818.065104166664,398428.7083333333,24.1779727935791,14146,wtb,WTB (China),134,1,
203,markov_burst,1,Frozen Backbone MLP,943276.4375,66.6814956665039,0.0201470380319524,6600.341145833333,877273.0,35.064456939697266,14146,wtb,WTB (China),134,1,
203,markov_burst,1,Global Quantile,765959.625,54.146728515625,0.0835571893114661,30204.1484375,463918.1666666666,27.543598175048828,14146,wtb,WTB (China),134,1,
203,markov_burst,1,Joint Dense Head,753011.3125,53.23139572143555,0.0906263254630284,29891.8359375,454092.9166666666,26.99439239501953,14146,wtb,WTB (China),134,1,
203,markov_burst,1,Joint Routed,765625.5,54.12310791015625,0.0829916584193411,29695.59375,468669.5,27.529420852661133,14146,wtb,WTB (China),134,1,
203,markov_burst,1,Missingness-Aware GBDT,671739.4356560785,47.48617529026428,0.0611480277110137,18721.86425252162,484520.7931308623,23.54726422154312,14146,wtb,WTB (China),134,1,
203,sensor_noise,1,Continuous Physical Quantile,736962.4375,50.97969436645508,0.1041090204759269,31738.557291666664,419576.8333333333,25.62941551208496,14456,wtb,WTB (China),134,1,
203,sensor_noise,1,Frozen Backbone MLP,913647.25,63.20193862915039,0.0291228555617044,8694.657552083332,826700.6666666666,32.962764739990234,14456,wtb,WTB (China),134,1,
203,sensor_noise,1,Global Quantile,772781.625,53.45750045776367,0.0851549529607083,29869.703125,474084.625,27.11610221862793,14456,wtb,WTB (China),134,1,
203,sensor_noise,1,Joint Dense Head,765373.25,52.94502258300781,0.0974681793027116,31271.791666666664,452655.2916666666,26.808612823486328,14456,wtb,WTB (China),134,1,
203,sensor_noise,1,Joint Routed,772623.375,53.44655227661133,0.0960846707249584,32634.596354166664,446277.2916666666,27.10953140258789,14456,wtb,WTB (China),134,1,
203,sensor_noise,1,Missingness-Aware GBDT,732603.6322557604,50.67817046594912,0.0590758162700608,18239.570132993475,550207.9309258256,25.448503914004057,14456,wtb,WTB (China),134,1,
204,clean,1,Continuous Physical Quantile,628233.625,45.25200653076172,0.0919830007923359,27573.682291666664,352496.7916666666,22.891944885253903,13883,wtb,WTB (China),134,1,
204,clean,1,Frozen Backbone MLP,904221.0,65.13153076171875,0.0183677879420874,5384.677734375,850374.1666666666,34.81965637207031,13883,wtb,WTB (China),134,1,
204,clean,1,Global Quantile,782585.125,56.37002944946289,0.0558956997767053,21612.82421875,566457.0,29.562763214111328,13883,wtb,WTB (China),134,1,
204,clean,1,Joint Dense Head,742079.375,53.45237731933594,0.0764244039472736,25647.979166666664,485599.5833333333,27.812170028686523,13883,wtb,WTB (China),134,1,
204,clean,1,Joint Routed,744163.5625,53.60250473022461,0.0729669379817042,26230.109375,481862.4166666666,27.902240753173828,13883,wtb,WTB (China),134,1,
204,clean,1,Missingness-Aware GBDT,613878.8143216545,44.21802307294205,0.0667002809191097,22059.276748522738,393286.0468364272,22.271555803707805,13883,wtb,WTB (China),134,1,
204,delay6,1,Continuous Physical Quantile,814976.5,57.98068618774414,0.1506118383608423,45897.65625,355999.8333333333,29.17367935180664,14056,wtb,WTB (China),134,1,
204,delay6,1,Frozen Backbone MLP,936567.75,66.63117218017578,0.0210586226522481,5898.846354166666,877579.3333333333,34.363975524902344,14056,wtb,WTB (China),134,1,
204,delay6,1,Global Quantile,855914.625,60.893184661865234,0.0757683551508252,28239.890625,573515.75,30.92119026184082,14056,wtb,WTB (China),134,1,
204,delay6,1,Joint Dense Head,846920.625,60.25331878662109,0.1111980648833238,36071.453125,486206.0416666666,30.537261962890625,14056,wtb,WTB (China),134,1,
204,delay6,1,Joint Routed,835031.75,59.407493591308594,0.1003130335799658,34119.609375,493835.6666666666,30.029769897460938,14056,wtb,WTB (China),134,1,
204,delay6,1,Missingness-Aware GBDT,678027.763050182,48.23760408723549,0.0637450199203187,20732.265908968748,470705.1039604944,23.327836112079428,14056,wtb,WTB (China),134,1,
204,markov_burst,1,Continuous Physical Quantile,656620.25,46.41738128662109,0.0993920542909656,29872.307291666664,357897.0833333333,23.404897689819336,14146,wtb,WTB (China),134,1,
204,markov_burst,1,Frozen Backbone MLP,926199.4375,65.47429656982422,0.019298741693765,5847.68359375,867722.5833333333,34.839054107666016,14146,wtb,WTB (China),134,1,
204,markov_burst,1,Global Quantile,811509.25,57.366695404052734,0.0593100523116075,23432.140625,577187.9583333333,29.9744930267334,14146,wtb,WTB (China),134,1,
204,markov_burst,1,Joint Dense Head,770215.25,54.44756317138672,0.0808709175738724,27646.510416666664,493750.1666666666,28.223012924194336,14146,wtb,WTB (China),134,1,
204,markov_burst,1,Joint Routed,774543.1875,54.75351333618164,0.0762052877138413,28344.4609375,491098.5,28.40657615661621,14146,wtb,WTB (China),134,1,
204,markov_burst,1,Missingness-Aware GBDT,642628.4623375483,45.42828095133241,0.0681464725010603,23388.821259472057,408740.24974282767,22.811443319313543,14146,wtb,WTB (China),134,1,
204,sensor_noise,1,Continuous Physical Quantile,825474.75,57.102569580078125,0.1535002767017155,45345.97916666666,372014.875,28.91679573059082,14456,wtb,WTB (China),134,1,
204,sensor_noise,1,Frozen Backbone MLP,933413.125,64.56925201416016,0.0295379081350304,8124.788411458333,852165.3333333333,33.39680862426758,14456,wtb,WTB (China),134,1,
204,sensor_noise,1,Global Quantile,833371.75,57.64884948730469,0.0688987271721084,24353.518229166664,589836.6666666666,29.24456596374512,14456,wtb,WTB (China),134,1,
204,sensor_noise,1,Joint Dense Head,840731.375,58.15795516967773,0.1181516325401217,36529.44270833333,475436.875,29.550024032592773,14456,wtb,WTB (China),134,1,
204,sensor_noise,1,Joint Routed,824718.25,57.05023956298828,0.0986441615938018,32595.84114583333,498759.7916666666,28.885395050048828,14456,wtb,WTB (China),134,1,
204,sensor_noise,1,Missingness-Aware GBDT,726758.8568038743,50.273855617312826,0.0770614277808522,25436.798576770976,472390.87103616446,24.81956887849389,14456,wtb,WTB (China),134,1,
205,clean,1,Continuous Physical Quantile,527804.0625,38.01801300048828,0.0645393646906288,19653.86458333333,331265.4375,20.037227630615234,13883,wtb,WTB (China),134,1,
205,clean,1,Frozen Backbone MLP,1025995.0625,73.9029769897461,0.0077072678815817,2917.771484375,996817.3333333333,41.56821441650391,13883,wtb,WTB (China),134,1,
205,clean,1,Global Quantile,595008.125,42.85875701904297,0.0592811352013253,20098.444010416664,394023.6666666666,22.94167709350586,13883,wtb,WTB (China),134,1,
205,clean,1,Joint Dense Head,566953.125,40.83794021606445,0.0653317006410718,21019.955729166664,356753.5,21.72918510437012,13883,wtb,WTB (China),134,1,
205,clean,1,Joint Routed,588547.125,42.393367767333984,0.0608658071022113,20447.010416666664,384076.9583333333,22.662437438964844,13883,wtb,WTB (China),134,1,
205,clean,1,Missingness-Aware GBDT,576436.2473620027,41.52101472030561,0.0525102643520852,16628.31930818367,410153.0542801661,22.13903132567705,13883,wtb,WTB (China),134,1,
205,delay6,1,Continuous Physical Quantile,643100.25,45.75271987915039,0.0995304496300512,30798.190104166664,335118.3958333333,23.531843185424805,14056,wtb,WTB (China),134,1,
205,delay6,1,Frozen Backbone MLP,1059868.75,75.4032974243164,0.0118099032441661,3617.058919270833,1023698.0833333333,41.32218551635742,14056,wtb,WTB (China),134,1,
205,delay6,1,Global Quantile,678740.375,48.28830337524414,0.0825270347182697,27980.66145833333,398933.7083333333,25.05318832397461,14056,wtb,WTB (China),134,1,
205,delay6,1,Joint Dense Head,666144.625,47.392189025878906,0.0952618099032441,30561.53645833333,360529.25,24.515522003173828,14056,wtb,WTB (China),134,1,
205,delay6,1,Joint Routed,687232.625,48.89247512817383,0.0855862265224815,29521.526041666664,392017.3333333333,25.415691375732425,14056,wtb,WTB (China),134,1,
205,delay6,1,Missingness-Aware GBDT,651079.7194819204,46.320412598315336,0.0563460443938531,17454.424939249908,476535.4700894212,23.872457144709863,14056,wtb,WTB (China),134,1,
205,markov_burst,1,Continuous Physical Quantile,545688.25,38.57544708251953,0.0672274848013572,20934.29296875,336345.3333333333,20.24876976013184,14146,wtb,WTB (China),134,1,
205,markov_burst,1,Frozen Backbone MLP,1049046.25,74.15850830078125,0.0081295065742966,3184.1005859375,1017205.3333333333,41.59861373901367,14146,wtb,WTB (China),134,1,
205,markov_burst,1,Global Quantile,617143.375,43.62670516967773,0.0617135586031386,21565.529947916664,401488.0833333333,23.27952766418457,14146,wtb,WTB (China),134,1,
205,markov_burst,1,Joint Dense Head,588781.25,41.62174987792969,0.0685706206701541,22496.807291666664,363813.125,22.076549530029297,14146,wtb,WTB (China),134,1,
205,markov_burst,1,Joint Routed,610954.3125,43.18919372558594,0.0624204722182949,21959.7890625,391356.5,23.017019271850582,14146,wtb,WTB (China),134,1,
205,markov_burst,1,Missingness-Aware GBDT,597962.014236691,42.2707489210159,0.0540082001979358,17523.146230188242,422730.5519348085,22.46595255721844,14146,wtb,WTB (China),134,1,
205,sensor_noise,1,Continuous Physical Quantile,601076.6875,41.57973861694336,0.0823187603763143,24965.276041666664,351423.9166666666,21.7497787475586,14456,wtb,WTB (China),134,1,
205,sensor_noise,1,Frozen Backbone MLP,1020920.8125,70.62263488769531,0.0127974543442169,4134.434244791666,979576.4166666666,39.175514221191406,14456,wtb,WTB (China),134,1,
205,sensor_noise,1,Global Quantile,635959.25,43.99275207519531,0.0657858328721638,22567.28125,410286.4166666666,23.197586059570312,14456,wtb,WTB (China),134,1,
205,sensor_noise,1,Joint Dense Head,613454.1875,42.43595504760742,0.0830796900940785,25822.96875,355224.5,22.263511657714844,14456,wtb,WTB (China),134,1,
205,sensor_noise,1,Joint Routed,628373.875,43.46803283691406,0.0781682346430548,25412.010416666664,374253.6666666666,22.88275146484375,14456,wtb,WTB (China),134,1,
205,sensor_noise,1,Missingness-Aware GBDT,632693.5040356596,43.76684449610263,0.0628112894299944,19533.18300740293,437361.6739616303,23.062044496951703,14456,wtb,WTB (China),134,1,
202,clean,6,Continuous Physical Quantile,886798.6875,63.876590728759766,0.0594972268241734,19714.24348958333,689656.1666666666,31.758338928222656,13883,wtb,WTB (China),134,6,
202,clean,6,Frozen Backbone MLP,2124790.0,153.04977416992188,0.0019448246056327,459.975341796875,2120190.0,85.26224517822266,13883,wtb,WTB (China),134,6,
202,clean,6,Global Quantile,1042202.8125,75.0704345703125,0.0556796081538572,19739.893229166664,844803.8333333333,38.47465133666992,13883,wtb,WTB (China),134,6,
202,clean,6,Joint Dense Head,1026405.125,73.9325180053711,0.0605776849384138,21167.22265625,814732.9166666666,37.79189300537109,13883,wtb,WTB (China),134,6,
202,clean,6,Joint Routed,950454.6875,68.46176147460938,0.0746236404235395,28612.5546875,664329.125,34.50944900512695,13883,wtb,WTB (China),134,6,
202,clean,6,Missingness-Aware GBDT,1279892.2336478108,92.19132994653972,0.0431462940286681,14295.172144505485,1136940.512202756,48.747185292532265,13883,wtb,WTB (China),134,6,
202,delay6,6,Continuous Physical Quantile,1160711.5,82.57765197753906,0.1135458167330677,46241.44791666666,698297.0416666666,39.812599182128906,14056,wtb,WTB (China),134,6,
202,delay6,6,Frozen Backbone MLP,2152678.0,153.15011596679688,0.0045532157085941,828.9390462239583,2144388.333333333,82.15605163574219,14056,wtb,WTB (China),134,6,
202,delay6,6,Global Quantile,1209287.0,86.03350830078125,0.097609561752988,35395.588541666664,855331.1666666666,41.88611602783203,14056,wtb,WTB (China),134,6,
202,delay6,6,Joint Dense Head,1224851.0,87.14079284667969,0.1059334092202618,39905.4453125,825796.5,42.55047607421875,14056,wtb,WTB (China),134,6,
202,delay6,6,Joint Routed,1215109.25,86.44772338867188,0.1319721115537848,54372.45833333333,671384.6666666666,42.13463592529297,14056,wtb,WTB (China),134,6,
202,delay6,6,Missingness-Aware GBDT,1344611.557829504,95.66103854791577,0.080463858850313,26549.66221341569,1079114.9356953471,47.6626263530523,14056,wtb,WTB (China),134,6,
202,markov_burst,6,Continuous Physical Quantile,914626.5,64.70651245117188,0.0633180049522462,21448.994791666664,700136.5833333333,31.979644775390625,14135,wtb,WTB (China),134,6,
202,markov_burst,6,Frozen Backbone MLP,2162605.25,152.99647521972656,0.0021931376016979,511.0716145833333,2157494.333333333,84.95362854003906,14135,wtb,WTB (China),134,6,
202,markov_burst,6,Global Quantile,1073555.5,75.95015716552734,0.0584365051291121,21341.69921875,860138.3333333333,38.7258415222168,14135,wtb,WTB (China),134,6,
202,markov_burst,6,Joint Dense Head,1053996.875,74.56645965576172,0.064166961443226,22272.682291666664,831270.0833333333,37.89561462402344,14135,wtb,WTB (China),134,6,
202,markov_burst,6,Joint Routed,991496.0,70.14474487304688,0.0797311637778563,31197.2421875,679523.5416666666,35.24258804321289,14135,wtb,WTB (China),134,6,
202,markov_burst,6,Missingness-Aware GBDT,1304006.1320248055,92.25370583833076,0.0466218606296427,15604.850024721654,1147957.6317775892,48.50796382684275,14135,wtb,WTB (China),134,6,
202,sensor_noise,6,Continuous Physical Quantile,1002420.8125,69.41011047363281,0.0664035452153441,21570.24348958333,786718.3333333333,34.58723831176758,14442,wtb,WTB (China),134,6,
202,sensor_noise,6,Frozen Backbone MLP,2028315.625,140.44561767578125,0.0046392466417393,877.2767740885416,2019542.8333333333,77.20854187011719,14442,wtb,WTB (China),134,6,
202,sensor_noise,6,Global Quantile,1080121.875,74.79032135009766,0.0604486913169921,20130.182291666664,878819.8333333333,37.81536483764648,14442,wtb,WTB (China),134,6,
202,sensor_noise,6,Joint Dense Head,1065380.25,73.76957702636719,0.0682038498822877,22719.104166666664,838189.1666666666,37.20291519165039,14442,wtb,WTB (China),134,6,
202,sensor_noise,6,Joint Routed,1022471.5,70.79846954345703,0.0744356737294003,26796.73958333333,754504.1666666666,35.420257568359375,14442,wtb,WTB (China),134,6,
202,sensor_noise,6,Missingness-Aware GBDT,1372648.8205159716,95.04561837113776,0.0360060933388727,11389.723788848714,1258751.5826274843,49.96854503966078,14442,wtb,WTB (China),134,6,
203,clean,6,Continuous Physical Quantile,1021966.8125,73.61282348632812,0.0791615645033494,27608.02083333333,745886.5833333333,35.14054870605469,13883,wtb,WTB (China),134,6,
203,clean,6,Frozen Backbone MLP,1689461.75,121.69284057617188,0.007563206799683,2517.6222330729165,1664285.5,63.988563537597656,13883,wtb,WTB (China),134,6,
203,clean,6,Global Quantile,1112943.0,80.16588592529297,0.0824029388460707,29636.1875,816581.0,39.07238006591797,13883,wtb,WTB (China),134,6,
203,clean,6,Joint Dense Head,1093618.25,78.77391052246094,0.0813945112727796,29277.67708333333,800841.5,38.23720550537109,13883,wtb,WTB (China),134,6,
203,clean,6,Joint Routed,1094001.375,78.801513671875,0.0793056255852481,28960.6640625,804394.6666666666,38.25375747680664,13883,wtb,WTB (China),134,6,
203,clean,6,Missingness-Aware GBDT,1388964.6353376007,100.04787404290144,0.0417056832096809,13646.540718384156,1252499.2281537591,51.00158000412816,13883,wtb,WTB (China),134,6,
203,delay6,6,Continuous Physical Quantile,1246832.0,88.7046127319336,0.1330392714854866,49057.5625,756256.3333333333,41.0369873046875,14056,wtb,WTB (China),134,6,
203,delay6,6,Frozen Backbone MLP,1727884.25,122.9285888671875,0.0113118952760387,2886.120442708333,1699023.1666666665,61.571380615234375,14056,wtb,WTB (China),134,6,
203,delay6,6,Global Quantile,1296558.25,92.2423324584961,0.1264228799089357,46980.14583333333,826756.6666666666,43.15961456298828,14056,wtb,WTB (China),134,6,
203,delay6,6,Joint Dense Head,1287953.25,91.63014221191406,0.126636311895276,47135.07291666666,816602.5,42.79230499267578,14056,wtb,WTB (China),134,6,
203,delay6,6,Joint Routed,1267563.5,90.17953491210938,0.124644280022766,45300.09895833333,814562.5,41.92193603515625,14056,wtb,WTB (China),134,6,
203,delay6,6,Missingness-Aware GBDT,1447903.8568219985,103.00966539712566,0.079467842914058,25455.05122955107,1193353.3445264874,49.62002147269846,14056,wtb,WTB (China),134,6,
203,markov_burst,6,Continuous Physical Quantile,1049970.5,74.28160858154297,0.0833392288645206,29184.143229166664,758129.0,35.24261474609375,14135,wtb,WTB (China),134,6,
203,markov_burst,6,Frozen Backbone MLP,1718616.25,121.58586883544922,0.0067916519278386,2385.4560546875,1694761.6666666665,63.62517547607422,14135,wtb,WTB (China),134,6,
203,markov_burst,6,Global Quantile,1146744.5,81.12801361083984,0.0875132649451715,31534.104166666664,831403.3333333333,39.35046005249024,14135,wtb,WTB (China),134,6,
203,markov_burst,6,Joint Dense Head,1122927.375,79.44303894042969,0.0850371418464803,30626.479166666664,816662.5833333333,38.3394775390625,14135,wtb,WTB (China),134,6,
203,markov_burst,6,Joint Routed,1126493.5,79.69532775878906,0.083197736116024,30701.13020833333,819482.0833333333,38.490848541259766,14135,wtb,WTB (China),134,6,
203,markov_burst,6,Missingness-Aware GBDT,1412534.8542244963,99.93171943576203,0.0452776795189246,14648.160509147234,1266053.249133024,50.63268505167839,14135,wtb,WTB (China),134,6,
203,sensor_noise,6,Continuous Physical Quantile,1148962.75,79.55703735351562,0.0843373493975903,29832.307291666664,850639.6666666666,37.56660079956055,14442,wtb,WTB (China),134,6,
203,sensor_noise,6,Frozen Backbone MLP,1693332.5,117.25055694580078,0.0099709181553801,2865.810546875,1664674.3333333333,60.18271255493164,14442,wtb,WTB (China),134,6,
203,sensor_noise,6,Global Quantile,1191100.375,82.4747543334961,0.0963162996814845,34163.953125,849460.6666666666,39.317230224609375,14442,wtb,WTB (China),134,6,
203,sensor_noise,6,Joint Dense Head,1181962.875,81.84204864501953,0.0948622074504916,33330.393229166664,848658.9166666666,38.9376106262207,14442,wtb,WTB (China),134,6,
203,sensor_noise,6,Joint Routed,1176297.0,81.4497299194336,0.0822600747818861,28437.75520833333,891919.4166666666,38.70222091674805,14442,wtb,WTB (China),134,6,
203,sensor_noise,6,Missingness-Aware GBDT,1484393.0316019407,102.78306547583028,0.0463232239302035,14986.36182150494,1334529.4133868916,51.50222348263659,14442,wtb,WTB (China),134,6,
205,clean,6,Continuous Physical Quantile,755254.3125,54.40137481689453,0.0579125549232874,18414.19270833333,571112.3333333333,27.80817222595215,13883,wtb,WTB (China),134,6,
205,clean,6,Frozen Backbone MLP,1478420.875,106.491455078125,0.0047540157026579,1530.9723307291663,1463111.1666666665,59.06221771240234,13883,wtb,WTB (China),134,6,
205,clean,6,Global Quantile,843263.9375,60.74075698852539,0.0542389973348699,18498.22395833333,658281.7083333333,31.611797332763672,13883,wtb,WTB (China),134,6,
205,clean,6,Joint Dense Head,817351.25,58.87425231933594,0.0574083411366419,19137.40234375,625977.25,30.49189567565918,13883,wtb,WTB (China),134,6,
205,clean,6,Joint Routed,830732.0,59.83807373046875,0.0554635165310091,18462.125,646110.6666666666,31.070188522338867,13883,wtb,WTB (China),134,6,
205,clean,6,Missingness-Aware GBDT,1096982.286945494,79.01622754055278,0.0365194842613268,12248.598825271089,974496.2986927832,42.57708190460296,13883,wtb,WTB (China),134,6,
205,delay6,6,Continuous Physical Quantile,1014211.8125,72.15508270263672,0.1130478087649402,43526.98697916666,578941.875,35.61008071899414,14056,wtb,WTB (China),134,6,
205,delay6,6,Frozen Backbone MLP,1507102.5,107.2212905883789,0.0106715993170176,2388.083984375,1483221.6666666665,56.64981460571289,14056,wtb,WTB (China),134,6,
205,delay6,6,Global Quantile,1048400.875,74.5874252319336,0.1026607854297097,38191.61197916666,666484.7083333333,37.06948852539063,14056,wtb,WTB (China),134,6,
205,delay6,6,Joint Dense Head,1037855.0625,73.837158203125,0.1072140011383039,40038.73177083333,637467.75,36.61933135986328,14056,wtb,WTB (China),134,6,
205,delay6,6,Joint Routed,1035497.25,73.6694107055664,0.1033722253841775,38023.8125,655259.1666666666,36.518680572509766,14056,wtb,WTB (China),134,6,
205,delay6,6,Missingness-Aware GBDT,1197205.5507418583,85.17398625084365,0.0754126351735913,26095.12750294253,936254.2757124328,43.421428350027455,14056,wtb,WTB (China),134,6,
205,markov_burst,6,Continuous Physical Quantile,779458.75,55.14387893676758,0.0616200919702865,19940.28125,580055.9166666666,28.01043128967285,14135,wtb,WTB (China),134,6,
205,markov_burst,6,Frozen Backbone MLP,1507490.125,106.6494598388672,0.0046692607003891,1722.0859375,1490269.1666666665,58.91377639770508,14135,wtb,WTB (China),134,6,
205,markov_burst,6,Global Quantile,871129.75,61.6292724609375,0.0584365051291121,20089.9140625,670230.625,31.90166664123535,14135,wtb,WTB (China),134,6,
205,markov_burst,6,Joint Dense Head,841057.25,59.50175094604492,0.0593562079943402,20358.64973958333,637470.75,30.625150680541992,14135,wtb,WTB (China),134,6,
205,markov_burst,6,Joint Routed,857361.125,60.65518951416016,0.0587902370003537,19981.8984375,657542.0833333333,31.31721878051757,14135,wtb,WTB (China),134,6,
205,markov_burst,6,Missingness-Aware GBDT,1115224.1668926398,78.89806628175732,0.0401839405730456,13331.648397635709,981907.6829162828,42.26294329819478,14135,wtb,WTB (China),134,6,
205,sensor_noise,6,Continuous Physical Quantile,864379.25,59.85176849365234,0.0655726353690624,20546.79427083333,658911.25,30.338531494140625,14442,wtb,WTB (China),134,6,
205,sensor_noise,6,Frozen Backbone MLP,1496077.75,103.59214782714844,0.0058856114111618,1491.3310546875,1481164.5,56.58275604248047,14442,wtb,WTB (China),134,6,
205,sensor_noise,6,Global Quantile,899656.9375,62.29448318481445,0.0664727877025342,21486.9453125,684787.4583333333,31.804161071777344,14442,wtb,WTB (China),134,6,
205,sensor_noise,6,Joint Dense Head,885484.875,61.313175201416016,0.0682038498822877,21993.713541666664,665547.75,31.215375900268555,14442,wtb,WTB (China),134,6,
205,sensor_noise,6,Joint Routed,890435.125,61.65594100952149,0.0624567234455061,20180.15364583333,688633.5833333333,31.421037673950195,14442,wtb,WTB (China),134,6,
205,sensor_noise,6,Missingness-Aware GBDT,1149143.2680000523,79.56953801412911,0.0419609472372247,13770.143118841728,1011441.8368116352,42.16919378288391,14442,wtb,WTB (China),134,6,
201,clean,1,Continuous Physical Quantile,7984.35009765625,7.427302360534668,0.0065116279069767,95.15189615885416,7032.830729166666,4.382382869720459,1075,kelmarsh,Kelmarsh (UK),6,1,kelmarsh
201,clean,1,Frozen Backbone MLP,83362.78125,77.5467758178711,0.0,0.0,83362.78125,46.45406723022461,1075,kelmarsh,Kelmarsh (UK),6,1,kelmarsh
201,clean,1,Global Quantile,8825.306640625,8.209587097167969,0.0037209302325581,79.4203389485677,8031.102864583333,4.85175371170044,1075,kelmarsh,Kelmarsh (UK),6,1,kelmarsh
201,clean,1,Joint Routed,9585.6611328125,8.91689395904541,0.0046511627906976,81.37166341145833,8771.944661458332,5.276138782501221,1075,kelmarsh,Kelmarsh (UK),6,1,kelmarsh
201,clean,1,Missingness-Aware GBDT,46823.786183019925,43.55701040280923,0.0,0.0,46823.786183019925,26.06020777466156,1075,kelmarsh,Kelmarsh (UK),6,1,kelmarsh
201,delay6,1,Continuous Physical Quantile,83416.828125,77.5970458984375,0.1311627906976744,7638.399739583333,7032.830729166666,41.82236099243164,1075,kelmarsh,Kelmarsh (UK),6,1,kelmarsh
201,delay6,1,Frozen Backbone MLP,101893.1328125,94.78430938720705,0.0344186046511627,1848.65234375,83406.61458333333,52.13472366333008,1075,kelmarsh,Kelmarsh (UK),6,1,kelmarsh
201,delay6,1,Global Quantile,82158.265625,76.4262924194336,0.1227906976744186,7412.716145833333,8031.102864583333,41.11990737915039,1075,kelmarsh,Kelmarsh (UK),6,1,kelmarsh
201,delay6,1,Joint Routed,86713.28125,80.66352081298828,0.1274418604651162,7861.473307291666,8098.548177083333,43.66225051879883,1075,kelmarsh,Kelmarsh (UK),6,1,kelmarsh
201,delay6,1,Missingness-Aware GBDT,80555.68688042025,74.9355226794607,0.0576744186046511,3103.662217459216,49519.064705828096,40.22545006809157,1075,kelmarsh,Kelmarsh (UK),6,1,kelmarsh
201,markov_burst,1,Continuous Physical Quantile,10909.873046875,9.79342269897461,0.0161579892280071,374.5013834635416,7164.859375,5.627723693847656,1114,kelmarsh,Kelmarsh (UK),6,1,kelmarsh
201,markov_burst,1,Frozen Backbone MLP,86405.015625,77.56285095214844,0.0,0.0,86405.015625,46.28938293457031,1114,kelmarsh,Kelmarsh (UK),6,1,kelmarsh
201,markov_burst,1,Global Quantile,11580.9609375,10.395835876464844,0.0125673249551166,325.8497111002604,8322.464192708332,5.989171028137207,1114,kelmarsh,Kelmarsh (UK),6,1,kelmarsh
201,markov_burst,1,Joint Routed,12630.306640625,11.337798118591309,0.0134649910233393,355.45255533854163,9075.78125,6.554348468780518,1114,kelmarsh,Kelmarsh (UK),6,1,kelmarsh
201,markov_burst,1,Missingness-Aware GBDT,49174.5178280627,44.14229607546024,0.0008976660682226,42.346562775920255,48751.052200303486,26.237047378676326,1114,kelmarsh,Kelmarsh (UK),6,1,kelmarsh
201,sensor_noise,1,Continuous Physical Quantile,44453.46484375,35.030311584472656,0.0921985815602836,3747.014973958333,6983.309895833333,18.9936752319336,1269,kelmarsh,Kelmarsh (UK),6,1,kelmarsh
201,sensor_noise,1,Frozen Backbone MLP,99880.2578125,78.70784759521484,0.007880220646178,220.4973551432292,97675.29166666666,45.20019912719727,1269,kelmarsh,Kelmarsh (UK),6,1,kelmarsh
201,sensor_noise,1,Global Quantile,43247.0234375,34.07960891723633,0.0843183609141055,3376.658528645833,9480.4375,18.42325782775879,1269,kelmarsh,Kelmarsh (UK),6,1,kelmarsh
201,sensor_noise,1,Joint Routed,44842.546875,35.336917877197266,0.0843183609141055,3491.861328125,9923.938151041666,19.177642822265625,1269,kelmarsh,Kelmarsh (UK),6,1,kelmarsh
201,sensor_noise,1,Missingness-Aware GBDT,61596.340964674,48.53927577988495,0.0315208825847123,982.3040067531028,51773.300897142966,27.09905635123136,1269,kelmarsh,Kelmarsh (UK),6,1,kelmarsh
202,clean,1,Continuous Physical Quantile,10244.7451171875,9.529995918273926,0.0055813953488372,77.67894999186197,9467.955729166666,5.64959716796875,1075,kelmarsh,Kelmarsh (UK),6,1,kelmarsh
202,clean,1,Frozen Backbone MLP,56304.07421875,52.37588119506836,0.0,0.0,56304.07291666666,31.35713005065918,1075,kelmarsh,Kelmarsh (UK),6,1,kelmarsh
202,clean,1,Global Quantile,12620.740234375,11.74022388458252,0.0037209302325581,55.089579264322914,12069.845052083332,6.975734233856201,1075,kelmarsh,Kelmarsh (UK),6,1,kelmarsh
202,clean,1,Joint Routed,12191.474609375,11.340906143188477,0.0037209302325581,53.935546875,11652.118489583332,6.736143589019775,1075,kelmarsh,Kelmarsh (UK),6,1,kelmarsh
202,clean,1,Missingness-Aware GBDT,20284.552612793857,18.869351267715217,0.0027906976744186,43.34096848549,19851.14292793896,11.25321073337622,1075,kelmarsh,Kelmarsh (UK),6,1,kelmarsh
202,delay6,1,Continuous Physical Quantile,66539.1015625,61.8968391418457,0.1153488372093023,5707.114583333333,9467.955729166666,33.40391540527344,1075,kelmarsh,Kelmarsh (UK),6,1,kelmarsh
202,delay6,1,Frozen Backbone MLP,75189.0859375,69.9433364868164,0.0409302325581395,1838.1617838541663,56807.46875,38.231815338134766,1075,kelmarsh,Kelmarsh (UK),6,1,kelmarsh
202,delay6,1,Global Quantile,64813.11328125,60.29126739501953,0.1097674418604651,5274.326822916666,12069.845052083332,32.440574645996094,1075,kelmarsh,Kelmarsh (UK),6,1,kelmarsh
202,delay6,1,Joint Routed,69328.6875,64.49180603027344,0.1106976744186046,5813.288411458333,11195.80859375,34.960899353027344,1075,kelmarsh,Kelmarsh (UK),6,1,kelmarsh
202,delay6,1,Missingness-Aware GBDT,61479.49205422348,57.19022516671952,0.0902325581395348,4099.355702679177,20485.935027431697,30.5799508675417,1075,kelmarsh,Kelmarsh (UK),6,1,kelmarsh
202,markov_burst,1,Continuous Physical Quantile,12253.990234375,10.999991416931152,0.0143626570915619,264.80340576171875,9605.956380208332,6.40222692489624,1114,kelmarsh,Kelmarsh (UK),6,1,kelmarsh
202,markov_burst,1,Frozen Backbone MLP,58483.6796875,52.49881362915039,0.0008976660682226,9.70709737141927,58386.609375,31.30152130126953,1114,kelmarsh,Kelmarsh (UK),6,1,kelmarsh
202,markov_burst,1,Global Quantile,14391.2001953125,12.918492317199709,0.011669658886894,188.3472696940104,12507.727864583332,7.5533270835876465,1114,kelmarsh,Kelmarsh (UK),6,1,kelmarsh
202,markov_burst,1,Joint Routed,14615.7548828125,13.120067596435549,0.011669658886894,244.93619791666663,12166.393229166666,7.674273490905762,1114,kelmarsh,Kelmarsh (UK),6,1,kelmarsh
202,markov_burst,1,Missingness-Aware GBDT,21633.040968147863,19.419246829576178,0.0080789946140035,106.40645144787112,20568.97645366916,11.45378031887312,1114,kelmarsh,Kelmarsh (UK),6,1,kelmarsh
202,sensor_noise,1,Continuous Physical Quantile,18295.541015625,14.41728973388672,0.0275807722616233,919.4891764322916,9100.6484375,8.1187744140625,1269,kelmarsh,Kelmarsh (UK),6,1,kelmarsh
202,sensor_noise,1,Frozen Backbone MLP,70474.84375,55.53573226928711,0.0047281323877068,135.04347737630206,69124.41145833333,32.78983688354492,1269,kelmarsh,Kelmarsh (UK),6,1,kelmarsh
202,sensor_noise,1,Global Quantile,21549.63671875,16.98158836364746,0.0220646178092986,730.1604817708333,14248.03125,9.657353401184082,1269,kelmarsh,Kelmarsh (UK),6,1,kelmarsh
202,sensor_noise,1,Joint Routed,18554.240234375,14.621150970458984,0.0299448384554767,978.4137369791666,8770.100260416666,8.241089820861816,1269,kelmarsh,Kelmarsh (UK),6,1,kelmarsh
202,sensor_noise,1,Missingness-Aware GBDT,26807.26491787781,21.12471624734264,0.0141843971631205,529.2275542366888,21514.98937551092,12.143230660017826,1269,kelmarsh,Kelmarsh (UK),6,1,kelmarsh
203,clean,1,Continuous Physical Quantile,579.9586791992188,0.5394964218139648,0.0037209302325581,57.99586995442708,0.0,0.2913280725479126,1075,kelmarsh,Kelmarsh (UK),6,1,kelmarsh
203,clean,1,Frozen Backbone MLP,44511.86328125,41.4063835144043,0.0,0.0,44511.86458333333,24.81146049499512,1075,kelmarsh,Kelmarsh (UK),6,1,kelmarsh
203,clean,1,Global Quantile,579.9586791992188,0.5394964218139648,0.0037209302325581,57.99586995442708,0.0,0.2913280725479126,1075,kelmarsh,Kelmarsh (UK),6,1,kelmarsh
203,clean,1,Joint Routed,579.9586791992188,0.5394964218139648,0.0037209302325581,57.99586995442708,0.0,0.2913280725479126,1075,kelmarsh,Kelmarsh (UK),6,1,kelmarsh
203,clean,1,Missingness-Aware GBDT,38716.72649895951,36.01555953391583,0.0,0.0,38716.72649895951,21.57696593246796,1075,kelmarsh,Kelmarsh (UK),6,1,kelmarsh
203,delay6,1,Continuous Physical Quantile,58715.265625,54.61885070800781,0.1116279069767441,5871.526041666666,0.0,29.494178771972656,1075,kelmarsh,Kelmarsh (UK),6,1,kelmarsh
203,delay6,1,Frozen Backbone MLP,68783.140625,63.984317779541016,0.0465116279069767,2414.3404947916665,44639.73958333333,35.113460540771484,1075,kelmarsh,Kelmarsh (UK),6,1,kelmarsh
203,delay6,1,Global Quantile,58715.265625,54.61885070800781,0.1116279069767441,5871.526041666666,0.0,29.494178771972656,1075,kelmarsh,Kelmarsh (UK),6,1,kelmarsh
203,delay6,1,Joint Routed,58715.265625,54.61885070800781,0.1116279069767441,5871.526041666666,0.0,29.494178771972656,1075,kelmarsh,Kelmarsh (UK),6,1,kelmarsh
203,delay6,1,Missingness-Aware GBDT,65721.79648918615,61.13655487366153,0.0455813953488372,2190.080077946584,43820.99570972032,33.40480192855738,1075,kelmarsh,Kelmarsh (UK),6,1,kelmarsh
203,markov_burst,1,Continuous Physical Quantile,1798.496826171875,1.6144496202468872,0.011669658886894,179.84967041015625,0.0,0.8718027472496033,1114,kelmarsh,Kelmarsh (UK),6,1,kelmarsh
203,markov_burst,1,Frozen Backbone MLP,46238.984375,41.50716781616211,0.0008976660682226,10.0944341023763,46138.04166666666,24.807432174682617,1114,kelmarsh,Kelmarsh (UK),6,1,kelmarsh
203,markov_burst,1,Global Quantile,1798.496826171875,1.6144496202468872,0.011669658886894,179.84967041015625,0.0,0.8718027472496033,1114,kelmarsh,Kelmarsh (UK),6,1,kelmarsh
203,markov_burst,1,Joint Routed,1798.496826171875,1.6144496202468872,0.011669658886894,179.84967041015625,0.0,0.8718027472496033,1114,kelmarsh,Kelmarsh (UK),6,1,kelmarsh
203,markov_burst,1,Missingness-Aware GBDT,40781.55579231422,36.60821884408817,0.0017953321364452,20.72212789203024,40574.33451339392,21.868064338547963,1114,kelmarsh,Kelmarsh (UK),6,1,kelmarsh
203,sensor_noise,1,Continuous Physical Quantile,33062.25390625,26.05378532409668,0.0811662726556343,3306.2255859375,0.0,14.06904411315918,1269,kelmarsh,Kelmarsh (UK),6,1,kelmarsh
203,sensor_noise,1,Frozen Backbone MLP,58252.0546875,45.90390396118164,0.0228526398739164,580.2377522786458,52449.67708333333,25.97911834716797,1269,kelmarsh,Kelmarsh (UK),6,1,kelmarsh
203,sensor_noise,1,Global Quantile,33062.25390625,26.05378532409668,0.0811662726556343,3306.2255859375,0.0,14.06904411315918,1269,kelmarsh,Kelmarsh (UK),6,1,kelmarsh
203,sensor_noise,1,Joint Routed,33062.25390625,26.05378532409668,0.0811662726556343,3306.2255859375,0.0,14.06904411315918,1269,kelmarsh,Kelmarsh (UK),6,1,kelmarsh
203,sensor_noise,1,Missingness-Aware GBDT,35492.93440181146,27.96921544665993,0.0362490149724192,1112.8010286673973,24364.924115137488,15.218302122367328,1269,kelmarsh,Kelmarsh (UK),6,1,kelmarsh
204,clean,1,Continuous Physical Quantile,466.7155151367188,0.4341539740562439,0.0027906976744186,46.67154947916666,0.0,0.234443113207817,1075,kelmarsh,Kelmarsh (UK),6,1,kelmarsh
204,clean,1,Frozen Backbone MLP,51552.40234375,47.95572280883789,0.0,0.0,51552.40104166666,28.74738311767578,1075,kelmarsh,Kelmarsh (UK),6,1,kelmarsh
204,clean,1,Global Quantile,466.7155151367188,0.4341539740562439,0.0027906976744186,46.67154947916666,0.0,0.234443113207817,1075,kelmarsh,Kelmarsh (UK),6,1,kelmarsh
204,clean,1,Joint Routed,466.7155151367188,0.4341539740562439,0.0027906976744186,46.67154947916666,0.0,0.234443113207817,1075,kelmarsh,Kelmarsh (UK),6,1,kelmarsh
204,clean,1,Missingness-Aware GBDT,34109.473083838195,31.729742403570413,0.0,0.0,34109.473083838195,19.01179620522364,1075,kelmarsh,Kelmarsh (UK),6,1,kelmarsh
204,delay6,1,Continuous Physical Quantile,57321.26171875,53.32210540771485,0.1069767441860465,5732.125651041666,0.0,28.79393577575684,1075,kelmarsh,Kelmarsh (UK),6,1,kelmarsh
204,delay6,1,Frozen Backbone MLP,70327.65625,65.42107391357422,0.0381395348837209,1877.6214192708333,51551.44791666666,36.053321838378906,1075,kelmarsh,Kelmarsh (UK),6,1,kelmarsh
204,delay6,1,Global Quantile,57321.26171875,53.32210540771485,0.1069767441860465,5732.125651041666,0.0,28.79393577575684,1075,kelmarsh,Kelmarsh (UK),6,1,kelmarsh
204,delay6,1,Joint Routed,57321.26171875,53.32210540771485,0.1069767441860465,5732.125651041666,0.0,28.79393577575684,1075,kelmarsh,Kelmarsh (UK),6,1,kelmarsh
204,delay6,1,Missingness-Aware GBDT,59061.02687318974,54.94049011459511,0.0455813953488372,2164.1489920089925,37419.53695309981,29.764967999080465,1075,kelmarsh,Kelmarsh (UK),6,1,kelmarsh
204,markov_burst,1,Continuous Physical Quantile,2035.665771484375,1.8273481130599976,0.0098743267504488,203.56656901041663,0.0,0.9867678880691528,1114,kelmarsh,Kelmarsh (UK),6,1,kelmarsh
204,markov_burst,1,Frozen Backbone MLP,53480.6171875,48.00773620605469,0.0008976660682226,14.041900634765623,53340.19791666666,28.69499969482422,1114,kelmarsh,Kelmarsh (UK),6,1,kelmarsh
204,markov_burst,1,Global Quantile,2035.665771484375,1.8273481130599976,0.0098743267504488,203.56656901041663,0.0,0.9867678880691528,1114,kelmarsh,Kelmarsh (UK),6,1,kelmarsh
204,markov_burst,1,Joint Routed,2035.665771484375,1.8273481130599976,0.0098743267504488,203.56656901041663,0.0,0.9867678880691528,1114,kelmarsh,Kelmarsh (UK),6,1,kelmarsh
204,markov_burst,1,Missingness-Aware GBDT,35764.29201966713,32.104391400060265,0.0008976660682226,30.63751490587602,35457.91687060837,19.152993959061067,1114,kelmarsh,Kelmarsh (UK),6,1,kelmarsh
204,sensor_noise,1,Continuous Physical Quantile,37623.74609375,29.64834213256836,0.0929866036249014,3762.374348958333,0.0,16.010103225708008,1269,kelmarsh,Kelmarsh (UK),6,1,kelmarsh
204,sensor_noise,1,Frozen Backbone MLP,68106.0234375,53.66904830932617,0.0173364854215918,454.9148763020833,63556.875,30.422527313232425,1269,kelmarsh,Kelmarsh (UK),6,1,kelmarsh
204,sensor_noise,1,Global Quantile,37623.74609375,29.64834213256836,0.0929866036249014,3762.374348958333,0.0,16.010103225708008,1269,kelmarsh,Kelmarsh (UK),6,1,kelmarsh
204,sensor_noise,1,Joint Routed,37623.74609375,29.64834213256836,0.0929866036249014,3762.374348958333,0.0,16.010103225708008,1269,kelmarsh,Kelmarsh (UK),6,1,kelmarsh
204,sensor_noise,1,Missingness-Aware GBDT,56937.55955095378,44.86805323164207,0.0338849487785658,1032.1547772304166,46616.01177864963,25.141931542396204,1269,kelmarsh,Kelmarsh (UK),6,1,kelmarsh
205,clean,1,Continuous Physical Quantile,2907.113037109375,2.7042911052703857,0.0037209302325581,67.283203125,2234.2809244791665,1.5825648307800293,1075,kelmarsh,Kelmarsh (UK),6,1,kelmarsh
205,clean,1,Frozen Backbone MLP,55738.1875,51.8494758605957,0.0,0.0,55738.1875,31.069673538208008,1075,kelmarsh,Kelmarsh (UK),6,1,kelmarsh
205,clean,1,Global Quantile,4288.08642578125,3.988917589187622,0.0037209302325581,57.88246663411458,3709.26171875,2.3533408641815186,1075,kelmarsh,Kelmarsh (UK),6,1,kelmarsh
205,clean,1,Joint Routed,3730.314453125,3.470059871673584,0.0037209302325581,56.25182596842448,3167.7955729166665,2.0420258045196533,1075,kelmarsh,Kelmarsh (UK),6,1,kelmarsh
205,clean,1,Missingness-Aware GBDT,34840.68820599927,32.40994251720863,0.0,0.0,34840.68820599927,19.405955631146394,1075,kelmarsh,Kelmarsh (UK),6,1,kelmarsh
205,delay6,1,Continuous Physical Quantile,72619.453125,67.552978515625,0.1209302325581395,7038.516276041666,2234.2809244791665,36.47462844848633,1075,kelmarsh,Kelmarsh (UK),6,1,kelmarsh
205,delay6,1,Frozen Backbone MLP,77744.46875,72.3204345703125,0.041860465116279,2140.36376953125,56340.828125,39.33510971069336,1075,kelmarsh,Kelmarsh (UK),6,1,kelmarsh
205,delay6,1,Global Quantile,71895.015625,66.87908172607422,0.1181395348837209,6818.575520833333,3709.26171875,36.07029724121094,1075,kelmarsh,Kelmarsh (UK),6,1,kelmarsh
205,delay6,1,Joint Routed,74458.40625,69.26363372802734,0.121860465116279,7124.37890625,3214.6236979166665,37.50102615356445,1075,kelmarsh,Kelmarsh (UK),6,1,kelmarsh
205,delay6,1,Missingness-Aware GBDT,65169.94561372168,60.62320522206667,0.055813953488372,2736.474114318401,37805.20447053767,32.31677123802743,1075,kelmarsh,Kelmarsh (UK),6,1,kelmarsh
205,markov_burst,1,Continuous Physical Quantile,5035.66796875,4.520348072052002,0.0125673249551166,281.0030110677083,2225.6376953125,2.5563464164733887,1114,kelmarsh,Kelmarsh (UK),6,1,kelmarsh
205,markov_burst,1,Frozen Backbone MLP,57865.8671875,51.9442253112793,0.0008976660682226,8.745951334635416,57778.40104166666,31.01067352294922,1114,kelmarsh,Kelmarsh (UK),6,1,kelmarsh
205,markov_burst,1,Global Quantile,6278.18017578125,5.635709285736084,0.011669658886894,243.4350179036458,3843.830078125,3.2255630493164062,1114,kelmarsh,Kelmarsh (UK),6,1,kelmarsh
205,markov_burst,1,Joint Routed,6051.30078125,5.432047367095947,0.0125673249551166,273.27982584635413,3318.501953125,3.103365659713745,1114,kelmarsh,Kelmarsh (UK),6,1,kelmarsh
205,markov_burst,1,Missingness-Aware GBDT,36623.57534915289,32.875740887928984,0.0008976660682226,32.163366110350495,36301.94168804938,19.56958218818336,1114,kelmarsh,Kelmarsh (UK),6,1,kelmarsh
205,sensor_noise,1,Continuous Physical Quantile,22744.060546875,17.922821044921875,0.0614657210401891,2142.7027994791665,1317.0310872395833,9.73682975769043,1269,kelmarsh,Kelmarsh (UK),6,1,kelmarsh
205,sensor_noise,1,Frozen Backbone MLP,70674.28125,55.6928939819336,0.0063041765169424,200.16752115885416,68672.60416666666,32.39887619018555,1269,kelmarsh,Kelmarsh (UK),6,1,kelmarsh
205,sensor_noise,1,Global Quantile,23345.20703125,18.39653778076172,0.0551615445232466,1896.6549479166663,4378.653971354166,10.0210599899292,1269,kelmarsh,Kelmarsh (UK),6,1,kelmarsh
205,sensor_noise,1,Joint Routed,23348.45703125,18.399099349975582,0.0614657210401891,2134.55859375,2002.8704427083333,10.022597312927246,1269,kelmarsh,Kelmarsh (UK),6,1,kelmarsh
205,sensor_noise,1,Missingness-Aware GBDT,45757.58692414913,36.05798811989687,0.0220646178092986,693.2427309880957,38825.159614268174,20.617930777338536,1269,kelmarsh,Kelmarsh (UK),6,1,kelmarsh
201,clean,6,Continuous Physical Quantile,80920.8984375,75.27525329589844,0.041860465116279,2310.1669921875,57819.21875,41.76873016357422,1075,kelmarsh,Kelmarsh (UK),6,6,kelmarsh
201,clean,6,Frozen Backbone MLP,108636.125,101.0568618774414,0.0232558139534883,1105.4925944010415,97581.19791666666,57.23770523071289,1075,kelmarsh,Kelmarsh (UK),6,6,kelmarsh
201,clean,6,Global Quantile,66302.0078125,61.67628479003906,0.0632558139534883,3568.5777994791665,30616.2265625,33.60935974121094,1075,kelmarsh,Kelmarsh (UK),6,6,kelmarsh
201,clean,6,Joint Routed,62753.8125,58.37564086914063,0.067906976744186,3991.6295572916665,22837.526041666664,31.62897109985352,1075,kelmarsh,Kelmarsh (UK),6,6,kelmarsh
201,clean,6,Missingness-Aware GBDT,145256.37232123906,135.12220681045494,0.0111627906976744,439.1785204899937,140864.58711633913,77.67690994996299,1075,kelmarsh,Kelmarsh (UK),6,6,kelmarsh
201,delay6,6,Continuous Physical Quantile,128245.453125,119.298095703125,0.1004651162790697,7042.622395833333,57819.21875,63.84366989135742,1075,kelmarsh,Kelmarsh (UK),6,6,kelmarsh
201,delay6,6,Frozen Backbone MLP,127827.34375,118.9091567993164,0.0586046511627907,3052.8961588541665,97298.375,63.610313415527344,1075,kelmarsh,Kelmarsh (UK),6,6,kelmarsh
201,delay6,6,Global Quantile,121029.953125,112.58600616455078,0.1320930232558139,9041.371744791666,30616.2265625,59.8164176940918,1075,kelmarsh,Kelmarsh (UK),6,6,kelmarsh
201,delay6,6,Joint Routed,116999.5390625,108.83677673339844,0.1386046511627907,9294.462239583332,24054.92708333333,57.566890716552734,1075,kelmarsh,Kelmarsh (UK),6,6,kelmarsh
201,delay6,6,Missingness-Aware GBDT,161835.47941845885,150.54463201717104,0.0381395348837209,1775.65176165989,144078.96180185993,82.59160050504278,1075,kelmarsh,Kelmarsh (UK),6,6,kelmarsh
201,markov_burst,6,Continuous Physical Quantile,86408.359375,77.56584930419922,0.0466786355475763,2390.0641276041665,62507.72395833333,43.0042724609375,1114,kelmarsh,Kelmarsh (UK),6,6,kelmarsh
201,markov_burst,6,Frozen Backbone MLP,112191.4375,100.71044921875,0.0206463195691202,1110.1980794270833,101089.45833333331,56.89102554321289,1114,kelmarsh,Kelmarsh (UK),6,6,kelmarsh
201,markov_burst,6,Global Quantile,68596.640625,61.57687759399414,0.0682226211849192,3686.968098958333,31726.953125,33.4108772277832,1114,kelmarsh,Kelmarsh (UK),6,6,kelmarsh
201,markov_burst,6,Joint Routed,62598.078125,56.192169189453125,0.0727109515260323,3831.8170572916665,24279.90364583333,30.1800594329834,1114,kelmarsh,Kelmarsh (UK),6,6,kelmarsh
201,markov_burst,6,Missingness-Aware GBDT,152811.52147850982,137.17371766473053,0.0134649910233393,632.0660294649547,146490.86118386028,78.76898617659688,1114,kelmarsh,Kelmarsh (UK),6,6,kelmarsh
201,sensor_noise,6,Continuous Physical Quantile,130465.96875,102.97235107421876,0.0568271507498026,3266.7672526041665,97798.27083333331,53.86319732666016,1267,kelmarsh,Kelmarsh (UK),6,6,kelmarsh
201,sensor_noise,6,Frozen Backbone MLP,144583.546875,114.11487579345705,0.0505130228887134,2863.728515625,115946.25,60.54871368408203,1267,kelmarsh,Kelmarsh (UK),6,6,kelmarsh
201,sensor_noise,6,Global Quantile,136543.53125,107.7691650390625,0.143646408839779,10045.911458333332,36084.42447916666,56.74129486083984,1267,kelmarsh,Kelmarsh (UK),6,6,kelmarsh
201,sensor_noise,6,Joint Routed,131566.03125,103.84059143066406,0.1578531965272296,10084.880208333332,30717.22395833333,54.38414001464844,1267,kelmarsh,Kelmarsh (UK),6,6,kelmarsh
201,sensor_noise,6,Missingness-Aware GBDT,160737.82477332783,126.86489721651763,0.0520915548539857,2724.804062032695,133489.7841530009,68.1987296450751,1267,kelmarsh,Kelmarsh (UK),6,6,kelmarsh
202,clean,6,Continuous Physical Quantile,91038.390625,84.68687438964844,0.0260465116279069,1478.5515950520833,76252.86979166666,47.50661849975586,1075,kelmarsh,Kelmarsh (UK),6,6,kelmarsh
202,clean,6,Frozen Backbone MLP,87207.90625,81.1236343383789,0.0306976744186046,1917.98876953125,68028.01041666666,45.36867141723633,1075,kelmarsh,Kelmarsh (UK),6,6,kelmarsh
202,clean,6,Global Quantile,88949.375,82.74360656738281,0.0306976744186046,1849.618001302084,70453.1875,46.34064865112305,1075,kelmarsh,Kelmarsh (UK),6,6,kelmarsh
202,clean,6,Joint Routed,88125.53125,81.97724151611328,0.0511627906976744,2947.444661458333,58651.078125,45.880836486816406,1075,kelmarsh,Kelmarsh (UK),6,6,kelmarsh
202,clean,6,Missingness-Aware GBDT,67546.07746406626,62.83356043168954,0.0567441860465116,3165.489144325061,35891.18602081564,34.39463183041634,1075,kelmarsh,Kelmarsh (UK),6,6,kelmarsh
202,delay6,6,Continuous Physical Quantile,120471.34375,112.06636810302734,0.0725581395348837,4421.847005208333,76252.86979166666,60.16536331176758,1075,kelmarsh,Kelmarsh (UK),6,6,kelmarsh
202,delay6,6,Frozen Backbone MLP,109254.90625,101.6324691772461,0.0734883720930232,4169.852213541666,67556.38020833333,53.90502548217773,1075,kelmarsh,Kelmarsh (UK),6,6,kelmarsh
202,delay6,6,Global Quantile,111986.0,104.17302703857422,0.0772093023255813,4153.28125,70453.1875,55.42935180664063,1075,kelmarsh,Kelmarsh (UK),6,6,kelmarsh
202,delay6,6,Joint Routed,113038.0234375,105.15164947509766,0.0874418604651162,5216.266276041666,60875.35416666666,56.01652908325195,1075,kelmarsh,Kelmarsh (UK),6,6,kelmarsh
202,delay6,6,Missingness-Aware GBDT,108798.20199926052,101.20762976675398,0.1153488372093023,7184.331503146536,36954.88696779517,53.65012387488251,1075,kelmarsh,Kelmarsh (UK),6,6,kelmarsh
202,markov_burst,6,Continuous Physical Quantile,96701.671875,86.8058090209961,0.0269299820466786,1539.1033528645833,81310.63541666666,48.66253662109375,1114,kelmarsh,Kelmarsh (UK),6,6,kelmarsh
202,markov_burst,6,Frozen Backbone MLP,88084.515625,79.07048034667969,0.0296229802513465,1765.2184244791663,70432.328125,44.02133941650391,1114,kelmarsh,Kelmarsh (UK),6,6,kelmarsh
202,markov_burst,6,Global Quantile,90312.6171875,81.07057189941406,0.0296229802513465,1730.3453776041663,73009.15625,45.22139358520508,1114,kelmarsh,Kelmarsh (UK),6,6,kelmarsh
202,markov_burst,6,Joint Routed,90500.234375,81.2389907836914,0.0538599640933572,2932.499348958333,61175.234375,45.322452545166016,1114,kelmarsh,Kelmarsh (UK),6,6,kelmarsh
202,markov_burst,6,Missingness-Aware GBDT,69463.18129065147,62.35474083541424,0.0637342908438061,3216.479011512893,37298.39117552253,33.991900955809456,1114,kelmarsh,Kelmarsh (UK),6,6,kelmarsh
202,sensor_noise,6,Continuous Physical Quantile,125983.71875,99.43466186523438,0.0260457774269928,1417.5035807291663,111808.67708333331,55.5405502319336,1267,kelmarsh,Kelmarsh (UK),6,6,kelmarsh
202,sensor_noise,6,Frozen Backbone MLP,110233.3359375,87.00342559814453,0.0347277032359905,2175.975423177083,88473.57291666666,48.08180236816406,1267,kelmarsh,Kelmarsh (UK),6,6,kelmarsh
202,sensor_noise,6,Global Quantile,107362.453125,84.73753356933594,0.0363062352012628,2432.5992838541665,83036.44791666666,46.722267150878906,1267,kelmarsh,Kelmarsh (UK),6,6,kelmarsh
202,sensor_noise,6,Joint Routed,102412.8984375,80.83101654052734,0.0520915548539857,3288.204427083333,69530.84375,44.378360748291016,1267,kelmarsh,Kelmarsh (UK),6,6,kelmarsh
202,sensor_noise,6,Missingness-Aware GBDT,87239.4079203686,68.85509701686551,0.0702446724546172,4570.484952540784,41534.55839496077,37.19281254530145,1267,kelmarsh,Kelmarsh (UK),6,6,kelmarsh
203,clean,6,Continuous Physical Quantile,77861.453125,72.42926025390625,0.0297674418604651,1636.1393229166663,61500.05208333333,40.59446334838867,1075,kelmarsh,Kelmarsh (UK),6,6,kelmarsh
203,clean,6,Frozen Backbone MLP,83659.953125,77.82321166992188,0.0260465116279069,1481.1656901041663,68848.30208333333,43.83084487915039,1075,kelmarsh,Kelmarsh (UK),6,6,kelmarsh
203,clean,6,Global Quantile,72864.09375,67.78055572509766,0.0306976744186046,1978.825032552084,53075.83333333333,37.80524063110352,1075,kelmarsh,Kelmarsh (UK),6,6,kelmarsh
203,clean,6,Joint Routed,77031.375,71.65708923339844,0.0306976744186046,1897.5283203125,58056.10416666666,40.13117980957031,1075,kelmarsh,Kelmarsh (UK),6,6,kelmarsh
203,clean,6,Missingness-Aware GBDT,130214.656123938,121.12991267343072,0.0102325581395348,498.1679445559272,125232.97667837872,69.81486153597156,1075,kelmarsh,Kelmarsh (UK),6,6,kelmarsh
203,delay6,6,Continuous Physical Quantile,110986.71875,103.24346160888672,0.0809302325581395,4948.666666666666,61500.05208333333,55.579715728759766,1075,kelmarsh,Kelmarsh (UK),6,6,kelmarsh
203,delay6,6,Frozen Backbone MLP,108111.0625,100.56842803955078,0.0613953488372093,3944.751953125,68663.54166666666,53.974700927734375,1075,kelmarsh,Kelmarsh (UK),6,6,kelmarsh
203,delay6,6,Global Quantile,103946.46875,96.69438934326172,0.0772093023255813,5087.063151041666,53075.83333333333,51.65027618408203,1075,kelmarsh,Kelmarsh (UK),6,6,kelmarsh
203,delay6,6,Joint Routed,119397.078125,111.06704711914062,0.0967441860465116,6531.502604166666,54082.05729166666,60.27387237548828,1075,kelmarsh,Kelmarsh (UK),6,6,kelmarsh
203,delay6,6,Missingness-Aware GBDT,151247.33629120688,140.6951965499599,0.0381395348837209,2453.9360031115234,126707.97626009166,78.05076170041562,1075,kelmarsh,Kelmarsh (UK),6,6,kelmarsh
203,markov_burst,6,Continuous Physical Quantile,83485.84375,74.9424057006836,0.0314183123877917,1768.7819010416663,65798.02083333333,42.02854537963867,1114,kelmarsh,Kelmarsh (UK),6,6,kelmarsh
203,markov_burst,6,Frozen Backbone MLP,86606.609375,77.74381256103516,0.0242369838420107,1531.77099609375,71288.90104166666,43.70938873291016,1114,kelmarsh,Kelmarsh (UK),6,6,kelmarsh
203,markov_burst,6,Global Quantile,75115.15625,67.42832946777344,0.0305206463195691,2011.3782552083333,55001.375,37.52009582519531,1114,kelmarsh,Kelmarsh (UK),6,6,kelmarsh
203,markov_burst,6,Joint Routed,80804.078125,72.53507995605469,0.0341113105924596,2098.2109375,59821.97916666666,40.58415603637695,1114,kelmarsh,Kelmarsh (UK),6,6,kelmarsh
203,markov_burst,6,Missingness-Aware GBDT,138642.7106107424,124.4548569216718,0.0125673249551166,839.2295750277044,130250.41486046536,71.73601490002079,1114,kelmarsh,Kelmarsh (UK),6,6,kelmarsh
203,sensor_noise,6,Continuous Physical Quantile,121400.8515625,95.81756591796876,0.0544593528018942,2908.143880208333,92319.41666666666,50.44506454467773,1267,kelmarsh,Kelmarsh (UK),6,6,kelmarsh
203,sensor_noise,6,Frozen Backbone MLP,123587.3203125,97.54326629638672,0.0655090765588003,4143.380208333333,82153.52083333333,51.4804916381836,1267,kelmarsh,Kelmarsh (UK),6,6,kelmarsh
203,sensor_noise,6,Global Quantile,120885.0546875,95.41046142578124,0.0931333859510655,5832.962890625,62555.42708333333,50.200801849365234,1267,kelmarsh,Kelmarsh (UK),6,6,kelmarsh
203,sensor_noise,6,Joint Routed,132479.5,104.56156158447266,0.1033938437253354,6979.17578125,62687.734375,55.69145965576172,1267,kelmarsh,Kelmarsh (UK),6,6,kelmarsh
203,sensor_noise,6,Missingness-Aware GBDT,146941.26344749457,115.97574068468396,0.053670086819258,2946.0107750496013,117481.15569699854,62.53997087338034,1267,kelmarsh,Kelmarsh (UK),6,6,kelmarsh
204,clean,6,Continuous Physical Quantile,79492.265625,73.94629669189453,0.027906976744186,1410.16162109375,65390.65625,41.63389587402344,1075,kelmarsh,Kelmarsh (UK),6,6,kelmarsh
204,clean,6,Frozen Backbone MLP,88995.296875,82.78632354736328,0.0232558139534883,1166.3927408854163,77331.36458333333,46.93791580200195,1075,kelmarsh,Kelmarsh (UK),6,6,kelmarsh
204,clean,6,Global Quantile,77238.15625,71.84944915771484,0.0288372093023255,1651.0263671875,60727.890625,40.37579345703125,1075,kelmarsh,Kelmarsh (UK),6,6,kelmarsh
204,clean,6,Joint Routed,77912.65625,72.47689056396484,0.027906976744186,1611.673828125,61795.91666666666,40.752254486083984,1075,kelmarsh,Kelmarsh (UK),6,6,kelmarsh
204,clean,6,Missingness-Aware GBDT,124144.0824724191,115.48286741620382,0.0093023255813953,393.6513518185384,120207.56895423372,66.55584121984401,1075,kelmarsh,Kelmarsh (UK),6,6,kelmarsh
204,delay6,6,Continuous Physical Quantile,108406.265625,100.8430404663086,0.0716279069767441,4301.561197916666,65390.65625,54.32743835449219,1075,kelmarsh,Kelmarsh (UK),6,6,kelmarsh
204,delay6,6,Frozen Backbone MLP,108858.9296875,101.26412200927734,0.0567441860465116,3188.459309895833,76974.328125,54.58008575439453,1075,kelmarsh,Kelmarsh (UK),6,6,kelmarsh
204,delay6,6,Global Quantile,103933.0390625,96.68190002441406,0.0697674418604651,4320.5146484375,60727.890625,51.83076095581055,1075,kelmarsh,Kelmarsh (UK),6,6,kelmarsh
204,delay6,6,Joint Routed,111771.6015625,103.97357940673828,0.0902325581395348,5222.244140625,59549.15104166666,56.20576477050781,1075,kelmarsh,Kelmarsh (UK),6,6,kelmarsh
204,delay6,6,Missingness-Aware GBDT,141004.0731010091,131.16657962884568,0.0344186046511627,1882.4392886285937,122179.68021472316,72.52156678166786,1075,kelmarsh,Kelmarsh (UK),6,6,kelmarsh
204,markov_burst,6,Continuous Physical Quantile,85816.59375,77.0346450805664,0.0296229802513465,1630.8219401041663,69508.375,43.31222152709961,1114,kelmarsh,Kelmarsh (UK),6,6,kelmarsh
204,markov_burst,6,Frozen Backbone MLP,93147.84375,83.61566162109375,0.0224416517055655,1312.7626139322915,80020.21354166666,47.26082992553711,1114,kelmarsh,Kelmarsh (UK),6,6,kelmarsh
204,markov_burst,6,Global Quantile,80561.53125,72.31735229492188,0.0287253141831238,1763.0481770833333,62931.04166666666,40.48184585571289,1114,kelmarsh,Kelmarsh (UK),6,6,kelmarsh
204,markov_burst,6,Joint Routed,81690.359375,73.3306655883789,0.0296229802513465,1772.650390625,63963.85416666666,41.08983612060547,1114,kelmarsh,Kelmarsh (UK),6,6,kelmarsh
204,markov_burst,6,Missingness-Aware GBDT,131904.68441787845,118.4063594415426,0.0098743267504488,673.184523487762,125172.83918300082,68.13525285438043,1114,kelmarsh,Kelmarsh (UK),6,6,kelmarsh
204,sensor_noise,6,Continuous Physical Quantile,122878.84375,96.98409271240234,0.0615627466456195,2998.141927083333,92897.41666666666,50.9368782043457,1267,kelmarsh,Kelmarsh (UK),6,6,kelmarsh
204,sensor_noise,6,Frozen Backbone MLP,128884.8046875,101.72439575195312,0.0584056827150749,3507.7926432291665,93806.875,53.78105926513672,1267,kelmarsh,Kelmarsh (UK),6,6,kelmarsh
204,sensor_noise,6,Global Quantile,124218.859375,98.04171752929688,0.0836621941594317,5264.467447916666,71574.171875,51.57145690917969,1267,kelmarsh,Kelmarsh (UK),6,6,kelmarsh
204,sensor_noise,6,Joint Routed,129204.546875,101.97675323486328,0.0883977900552486,5736.697265625,71837.56770833333,53.93247985839844,1267,kelmarsh,Kelmarsh (UK),6,6,kelmarsh
204,sensor_noise,6,Missingness-Aware GBDT,156941.73780147516,123.86877490250605,0.0528808208366219,2588.644541267241,131055.29238880276,67.06768968318087,1267,kelmarsh,Kelmarsh (UK),6,6,kelmarsh
205,clean,6,Continuous Physical Quantile,82968.234375,77.17975616455078,0.0269767441860465,1337.1805826822915,69596.4375,43.547271728515625,1075,kelmarsh,Kelmarsh (UK),6,6,kelmarsh
205,clean,6,Frozen Backbone MLP,83015.0703125,77.22332000732422,0.0260465116279069,1381.6505533854163,69198.5625,43.57341003417969,1075,kelmarsh,Kelmarsh (UK),6,6,kelmarsh
205,clean,6,Global Quantile,77864.1953125,72.43180847167969,0.0288372093023255,1640.8668619791663,61455.52604166666,40.69849395751953,1075,kelmarsh,Kelmarsh (UK),6,6,kelmarsh
205,clean,6,Joint Routed,46051.546875,42.83864974975586,0.0669767441860465,3396.4752604166665,12086.799479166666,22.94260597229004,1075,kelmarsh,Kelmarsh (UK),6,6,kelmarsh
205,clean,6,Missingness-Aware GBDT,109167.45845442786,101.55112414365382,0.0195348837209302,692.7700288870661,102239.7581655572,58.17009021793284,1075,kelmarsh,Kelmarsh (UK),6,6,kelmarsh
205,delay6,6,Continuous Physical Quantile,113933.8125,105.98493957519533,0.0706976744186046,4433.7373046875,69596.4375,56.95439147949219,1075,kelmarsh,Kelmarsh (UK),6,6,kelmarsh
205,delay6,6,Frozen Backbone MLP,108235.390625,100.68408203125,0.0669767441860465,3932.503255208333,68910.359375,53.77388000488281,1075,kelmarsh,Kelmarsh (UK),6,6,kelmarsh
205,delay6,6,Global Quantile,108263.96875,100.7106704711914,0.0753488372093023,4680.84375,61455.52604166666,53.789825439453125,1075,kelmarsh,Kelmarsh (UK),6,6,kelmarsh
205,delay6,6,Joint Routed,85587.8359375,79.61659240722656,0.1106976744186046,7085.631510416666,14731.518229166666,41.13338851928711,1075,kelmarsh,Kelmarsh (UK),6,6,kelmarsh
205,delay6,6,Missingness-Aware GBDT,132013.22627536746,122.80300118638831,0.0483720930232558,2805.357609969127,103959.6501756762,67.04523223890422,1075,kelmarsh,Kelmarsh (UK),6,6,kelmarsh
205,markov_burst,6,Continuous Physical Quantile,89125.234375,80.00469970703125,0.0278276481149012,1499.3059895833333,74132.16666666666,45.11329650878906,1114,kelmarsh,Kelmarsh (UK),6,6,kelmarsh
205,markov_burst,6,Frozen Backbone MLP,85809.984375,77.0287094116211,0.0251346499102333,1418.0118815104163,71629.86458333333,43.32770538330078,1114,kelmarsh,Kelmarsh (UK),6,6,kelmarsh
205,markov_burst,6,Global Quantile,80440.625,72.20881652832031,0.0278276481149012,1675.5548502604163,63685.07291666666,40.43576431274414,1114,kelmarsh,Kelmarsh (UK),6,6,kelmarsh
205,markov_burst,6,Joint Routed,46722.796875,41.94147109985352,0.0700179533213644,3458.228841145833,12140.509114583332,22.27535820007324,1114,kelmarsh,Kelmarsh (UK),6,6,kelmarsh
205,markov_burst,6,Missingness-Aware GBDT,115988.4804588094,104.11892321257577,0.0206463195691202,965.2427783529776,106336.05267527964,59.58183032721199,1114,kelmarsh,Kelmarsh (UK),6,6,kelmarsh
205,sensor_noise,6,Continuous Physical Quantile,119876.609375,94.61453247070312,0.0434096290449881,1987.7509765625,99999.10416666666,51.19429016113281,1267,kelmarsh,Kelmarsh (UK),6,6,kelmarsh
205,sensor_noise,6,Frozen Backbone MLP,115288.078125,90.99295806884766,0.0513022888713496,2859.5006510416665,86693.07291666666,49.02134323120117,1267,kelmarsh,Kelmarsh (UK),6,6,kelmarsh
205,sensor_noise,6,Global Quantile,111610.6875,88.09051513671875,0.063930544593528,3917.8916015625,72431.765625,47.279876708984375,1267,kelmarsh,Kelmarsh (UK),6,6,kelmarsh
205,sensor_noise,6,Joint Routed,92103.28125,72.69398498535156,0.0757695343330702,4399.0,48113.27604166666,38.04196166992188,1267,kelmarsh,Kelmarsh (UK),6,6,kelmarsh
205,sensor_noise,6,Missingness-Aware GBDT,139372.76208543972,110.00218002007873,0.0441988950276243,2066.94994613928,118703.26262404693,60.42687867871491,1267,kelmarsh,Kelmarsh (UK),6,6,kelmarsh
201,clean,1,Continuous Physical Quantile,326607.21875,54.75393295288086,0.1134953897736798,16723.963541666664,159367.5833333333,28.26519775390625,5965,penmanshiel,Penmanshiel (UK),14,1,penmanshiel
201,clean,1,Frozen Backbone MLP,326733.0625,54.77503204345703,0.1139983235540653,16310.020833333332,163632.8333333333,28.27785873413086,5965,penmanshiel,Penmanshiel (UK),14,1,penmanshiel
201,clean,1,Global Quantile,324414.25,54.38629531860352,0.098742665549036,13967.841145833332,184735.7708333333,28.04460906982422,5965,penmanshiel,Penmanshiel (UK),14,1,penmanshiel
201,clean,1,Joint Routed,330126.53125,55.34392929077149,0.1056160938809723,15142.278645833332,178703.72916666666,28.61919593811035,5965,penmanshiel,Penmanshiel (UK),14,1,penmanshiel
201,clean,1,Missingness-Aware GBDT,346708.90283863124,58.12387306599015,0.1532271584241408,24245.279475405496,104256.10808457628,30.287163755788168,5965,penmanshiel,Penmanshiel (UK),14,1,penmanshiel
201,delay6,1,Continuous Physical Quantile,496182.6875,83.32202911376953,0.2031905961376994,33709.55208333333,159087.15625,42.139949798583984,5955,penmanshiel,Penmanshiel (UK),14,1,penmanshiel
201,delay6,1,Frozen Backbone MLP,474097.1875,79.61329650878906,0.1937867338371116,31321.296875,160884.22916666666,39.91471481323242,5955,penmanshiel,Penmanshiel (UK),14,1,penmanshiel
201,delay6,1,Global Quantile,480666.9375,80.7165298461914,0.1833753148614609,29624.08333333333,184426.0833333333,40.5766487121582,5955,penmanshiel,Penmanshiel (UK),14,1,penmanshiel
201,delay6,1,Joint Routed,554575.3125,93.12767791748048,0.2010075566750629,37154.58333333333,183029.4375,48.02334213256836,5955,penmanshiel,Penmanshiel (UK),14,1,penmanshiel
201,delay6,1,Missingness-Aware GBDT,465865.2575380142,78.23094165205949,0.2178001679261125,34020.6869141981,125658.38839603325,39.08530170894026,5955,penmanshiel,Penmanshiel (UK),14,1,penmanshiel
201,markov_burst,1,Continuous Physical Quantile,336605.1875,56.43950271606445,0.1260898725687458,17718.234375,159422.82291666666,28.976163864135746,5964,penmanshiel,Penmanshiel (UK),14,1,penmanshiel
201,markov_burst,1,Frozen Backbone MLP,333817.6875,55.97211456298828,0.1215627095908786,17078.924479166664,163028.4375,28.69573211669922,5964,penmanshiel,Penmanshiel (UK),14,1,penmanshiel
201,markov_burst,1,Global Quantile,332810.5,55.80323791503906,0.107478202548625,14810.565104166666,184704.8125,28.59440422058105,5964,penmanshiel,Penmanshiel (UK),14,1,penmanshiel
201,markov_burst,1,Joint Routed,356803.5,59.82620620727539,0.1195506371562709,17966.936197916664,177134.125,31.008190155029297,5964,penmanshiel,Penmanshiel (UK),14,1,penmanshiel
201,markov_burst,1,Missingness-Aware GBDT,348475.0854259658,58.42975946109419,0.1618041582830315,24045.62913840541,108018.79404191172,30.1703215951124,5964,penmanshiel,Penmanshiel (UK),14,1,penmanshiel
201,sensor_noise,1,Continuous Physical Quantile,352636.21875,58.4900016784668,0.1275501741582352,18633.904947916664,166297.15625,29.473567962646484,6029,penmanshiel,Penmanshiel (UK),14,1,penmanshiel
201,sensor_noise,1,Frozen Backbone MLP,363222.25,60.245853424072266,0.1391607231713385,19907.99348958333,164142.32291666666,30.527082443237305,6029,penmanshiel,Penmanshiel (UK),14,1,penmanshiel
201,sensor_noise,1,Global Quantile,364108.96875,60.39292907714844,0.1295405539890529,17739.106770833332,186717.85416666663,30.61532211303711,6029,penmanshiel,Penmanshiel (UK),14,1,penmanshiel
201,sensor_noise,1,Joint Routed,398977.84375,66.17645263671875,0.1433073478188754,22121.11458333333,177766.66666666666,34.0854377746582,6029,penmanshiel,Penmanshiel (UK),14,1,penmanshiel
201,sensor_noise,1,Missingness-Aware GBDT,392627.9277234411,65.12322569637438,0.1736606402388456,26669.900138268466,125928.92634075649,33.45350473092329,6029,penmanshiel,Penmanshiel (UK),14,1,penmanshiel
202,clean,1,Continuous Physical Quantile,667334.5,111.8750228881836,0.0764459346186085,11770.630208333332,549628.2083333333,50.10762786865234,5965,penmanshiel,Penmanshiel (UK),14,1,penmanshiel
202,clean,1,Frozen Backbone MLP,710826.625,119.1662368774414,0.1547359597652975,30116.5078125,409661.5416666666,54.48235702514648,5965,penmanshiel,Penmanshiel (UK),14,1,penmanshiel
202,clean,1,Global Quantile,668461.5,112.06395721435548,0.0720871751886001,11380.936197916666,554652.125,50.220985412597656,5965,penmanshiel,Penmanshiel (UK),14,1,penmanshiel
202,clean,1,Joint Routed,632865.625,106.09650421142578,0.1088013411567477,18523.0625,447634.9166666666,46.640506744384766,5965,penmanshiel,Penmanshiel (UK),14,1,penmanshiel
202,clean,1,Missingness-Aware GBDT,1149131.3532114266,192.64565854340765,0.4142497904442582,101343.26440557468,135698.70915567968,98.57001266348632,5965,penmanshiel,Penmanshiel (UK),14,1,penmanshiel
202,delay6,1,Continuous Physical Quantile,711784.9375,119.52727508544922,0.1034424853064651,16302.123697916666,548763.75,53.2573356628418,5955,penmanshiel,Penmanshiel (UK),14,1,penmanshiel
202,delay6,1,Frozen Backbone MLP,769713.375,129.25497436523438,0.1909319899244332,37791.421875,391799.1666666666,59.09395980834961,5955,penmanshiel,Penmanshiel (UK),14,1,penmanshiel
202,delay6,1,Global Quantile,709221.125,119.09674835205078,0.0997481108312342,15549.893229166666,553722.2916666666,52.9990234375,5955,penmanshiel,Penmanshiel (UK),14,1,penmanshiel
202,delay6,1,Joint Routed,638847.1875,107.27912139892578,0.1182199832073887,19550.15364583333,443345.5833333333,45.90844345092773,5955,penmanshiel,Penmanshiel (UK),14,1,penmanshiel
202,delay6,1,Missingness-Aware GBDT,1220996.2530818533,205.0371541699166,0.4127623845507976,107034.74285627292,150648.82451912385,104.56326393206466,5955,penmanshiel,Penmanshiel (UK),14,1,penmanshiel
202,markov_burst,1,Continuous Physical Quantile,679733.875,113.97281646728516,0.079309188464118,12948.158854166666,550252.2916666666,51.26824569702149,5964,penmanshiel,Penmanshiel (UK),14,1,penmanshiel
202,markov_burst,1,Frozen Backbone MLP,722516.25,121.14625549316406,0.1577800134138162,31669.901041666664,405817.25,55.57230758666992,5964,penmanshiel,Penmanshiel (UK),14,1,penmanshiel
202,markov_burst,1,Global Quantile,680180.625,114.04772186279295,0.0754527162977867,12562.145833333332,554559.1666666666,51.31318283081055,5964,penmanshiel,Penmanshiel (UK),14,1,penmanshiel
202,markov_burst,1,Joint Routed,631406.0625,105.86956024169922,0.1099932930918846,18589.15234375,445514.5,46.40629196166992,5964,penmanshiel,Penmanshiel (UK),14,1,penmanshiel
202,markov_burst,1,Missingness-Aware GBDT,1155306.512276195,193.71336557280264,0.4131455399061033,101844.62568153192,136860.25546087584,99.11257628452915,5964,penmanshiel,Penmanshiel (UK),14,1,penmanshiel
202,sensor_noise,1,Continuous Physical Quantile,670375.75,111.19186401367188,0.0686681041632111,10665.435546875,563721.375,50.37583923339844,6029,penmanshiel,Penmanshiel (UK),14,1,penmanshiel
202,sensor_noise,1,Frozen Backbone MLP,685702.5,113.73403930664062,0.1554154917896832,28885.338541666664,396849.1666666666,51.901145935058594,6029,penmanshiel,Penmanshiel (UK),14,1,penmanshiel
202,sensor_noise,1,Global Quantile,666837.75,110.60503387451172,0.0694974290927185,10623.46484375,560603.125,50.023738861083984,6029,penmanshiel,Penmanshiel (UK),14,1,penmanshiel
202,sensor_noise,1,Joint Routed,621149.4375,103.02693939208984,0.1003483164703931,16350.236979166666,457647.0,45.47688293457031,6029,penmanshiel,Penmanshiel (UK),14,1,penmanshiel
202,sensor_noise,1,Missingness-Aware GBDT,1030085.7898180712,170.85516500548536,0.3604246143639077,85722.05675136257,172865.2223044456,86.17382079124046,6029,penmanshiel,Penmanshiel (UK),14,1,penmanshiel
203,clean,1,Continuous Physical Quantile,670543.375,112.41297149658205,0.0950544844928751,15194.263020833332,518600.75,49.86505508422852,5965,penmanshiel,Penmanshiel (UK),14,1,penmanshiel
203,clean,1,Frozen Backbone MLP,600097.0,100.60301971435548,0.113160100586756,17078.045572916664,429316.5,42.77907943725586,5965,penmanshiel,Penmanshiel (UK),14,1,penmanshiel
203,clean,1,Global Quantile,669429.5625,112.22624969482422,0.097569153394803,15720.626302083332,512223.4166666666,49.753028869628906,5965,penmanshiel,Penmanshiel (UK),14,1,penmanshiel
203,clean,1,Joint Routed,621878.0,104.25448608398438,0.1215423302598491,18949.39583333333,432384.0,44.9699592590332,5965,penmanshiel,Penmanshiel (UK),14,1,penmanshiel
203,clean,1,Missingness-Aware GBDT,1124525.5257948416,188.5206246093616,0.3859178541492037,95085.83404546377,173667.1853402041,95.5296463519048,5965,penmanshiel,Penmanshiel (UK),14,1,penmanshiel
203,delay6,1,Continuous Physical Quantile,697947.625,117.20362854003906,0.1093198992443325,18012.916666666664,517818.4166666666,51.92144393920898,5955,penmanshiel,Penmanshiel (UK),14,1,penmanshiel
203,delay6,1,Frozen Backbone MLP,693253.9375,116.41543579101562,0.1691015952980688,26780.994791666664,425443.9583333333,51.448524475097656,5955,penmanshiel,Penmanshiel (UK),14,1,penmanshiel
203,delay6,1,Global Quantile,696517.6875,116.96350860595705,0.1113350125944584,18515.3046875,511364.75,51.77737045288086,5955,penmanshiel,Penmanshiel (UK),14,1,penmanshiel
203,delay6,1,Joint Routed,734145.0625,123.2821273803711,0.1732997481108312,30337.244791666664,430772.5833333333,55.56853866577149,5955,penmanshiel,Penmanshiel (UK),14,1,penmanshiel
203,delay6,1,Missingness-Aware GBDT,1215508.6964542307,204.1156501182587,0.4023509655751469,104860.66285346657,166902.06791956496,104.06865856845108,5955,penmanshiel,Penmanshiel (UK),14,1,penmanshiel
203,markov_burst,1,Continuous Physical Quantile,680446.0625,114.09223175048828,0.0927230046948356,16127.541666666666,519170.5833333333,50.87104415893555,5964,penmanshiel,Penmanshiel (UK),14,1,penmanshiel
203,markov_burst,1,Frozen Backbone MLP,613046.625,102.79118347167967,0.1198859825620389,18416.3828125,428882.75,44.09041595458984,5964,penmanshiel,Penmanshiel (UK),14,1,penmanshiel
203,markov_burst,1,Global Quantile,679962.6875,114.0111846923828,0.0969148222669349,16782.520833333332,512137.5833333333,50.82242584228516,5964,penmanshiel,Penmanshiel (UK),14,1,penmanshiel
203,markov_burst,1,Joint Routed,632897.6875,106.11966705322266,0.1269282360831656,20146.389322916664,431433.75,46.08750534057617,5964,penmanshiel,Penmanshiel (UK),14,1,penmanshiel
203,markov_burst,1,Missingness-Aware GBDT,1131296.4713826636,189.6875371198296,0.3856472166331321,95927.7756524298,172018.71485836548,96.2282320502824,5964,penmanshiel,Penmanshiel (UK),14,1,penmanshiel
203,sensor_noise,1,Continuous Physical Quantile,668706.125,110.91493225097656,0.0872449825841764,14075.341145833332,527952.6666666666,49.13661575317383,6029,penmanshiel,Penmanshiel (UK),14,1,penmanshiel
203,sensor_noise,1,Frozen Backbone MLP,611432.875,101.4153060913086,0.1260573892851219,18853.065104166664,422902.25,43.43684768676758,6029,penmanshiel,Penmanshiel (UK),14,1,penmanshiel
203,sensor_noise,1,Global Quantile,660909.5,109.62174224853516,0.0892353624149941,14319.033854166666,517719.25,48.36071014404297,6029,penmanshiel,Penmanshiel (UK),14,1,penmanshiel
203,sensor_noise,1,Joint Routed,649574.0,107.74158477783205,0.1340189086083927,21921.6484375,430357.4166666666,47.23260498046875,6029,penmanshiel,Penmanshiel (UK),14,1,penmanshiel
203,sensor_noise,1,Missingness-Aware GBDT,1033322.6654152194,171.39204933077116,0.3630784541383314,83871.06773873461,194611.98802787336,85.42289265339164,6029,penmanshiel,Penmanshiel (UK),14,1,penmanshiel
204,clean,1,Continuous Physical Quantile,744463.0,124.8051986694336,0.0757753562447611,12110.81640625,623354.9166666666,52.98460388183594,5965,penmanshiel,Penmanshiel (UK),14,1,penmanshiel
204,clean,1,Frozen Backbone MLP,906420.5,151.9564971923828,0.2447611064543168,52510.14583333333,381319.0,69.27537536621094,5965,penmanshiel,Penmanshiel (UK),14,1,penmanshiel
204,clean,1,Global Quantile,747756.125,125.35726928710938,0.0717518860016764,11305.325520833332,634702.75,53.31583023071289,5965,penmanshiel,Penmanshiel (UK),14,1,penmanshiel
204,clean,1,Joint Routed,669872.125,112.3004379272461,0.1336127409891031,21604.580729166664,453826.25,45.48173904418945,5965,penmanshiel,Penmanshiel (UK),14,1,penmanshiel
204,clean,1,Missingness-Aware GBDT,1472863.3832842908,246.91758311555589,0.4901927912824811,132452.6377481867,148337.0058024237,126.25202919013144,5965,penmanshiel,Penmanshiel (UK),14,1,penmanshiel
204,delay6,1,Continuous Physical Quantile,829307.375,139.26235961914062,0.1182199832073887,20696.32552083333,622344.1666666666,59.08498764038086,5955,penmanshiel,Penmanshiel (UK),14,1,penmanshiel
204,delay6,1,Frozen Backbone MLP,1048422.5,176.05751037597656,0.2826196473551637,67289.69270833333,375525.5833333333,81.16207122802734,5955,penmanshiel,Penmanshiel (UK),14,1,penmanshiel
204,delay6,1,Global Quantile,826740.875,138.8313751220703,0.1136859781696053,19310.20833333333,633638.6666666666,58.82638549804688,5955,penmanshiel,Penmanshiel (UK),14,1,penmanshiel
204,delay6,1,Joint Routed,850018.625,142.74032592773438,0.2292191435768261,41597.30208333333,434045.5,61.1717529296875,5955,penmanshiel,Penmanshiel (UK),14,1,penmanshiel
204,delay6,1,Missingness-Aware GBDT,1589668.9970430236,266.9469348518931,0.4792611251049538,141624.55770384823,173423.42000454158,135.69572435233798,5955,penmanshiel,Penmanshiel (UK),14,1,penmanshiel
204,markov_burst,1,Continuous Physical Quantile,754330.875,126.48069763183594,0.0778001341381623,13055.579427083332,623775.0416666666,53.943092346191406,5964,penmanshiel,Penmanshiel (UK),14,1,penmanshiel
204,markov_burst,1,Frozen Backbone MLP,909746.25,152.53961181640625,0.2431254191817572,52989.91145833333,379847.125,69.57843780517578,5964,penmanshiel,Penmanshiel (UK),14,1,penmanshiel
204,markov_burst,1,Global Quantile,757080.5,126.94173431396484,0.073608316566063,12248.408854166666,634596.3333333333,54.2197151184082,5964,penmanshiel,Penmanshiel (UK),14,1,penmanshiel
204,markov_burst,1,Joint Routed,686725.0,115.14503479003906,0.1433601609657947,23832.7109375,448397.9166666666,47.14170455932617,5964,penmanshiel,Penmanshiel (UK),14,1,penmanshiel
204,markov_burst,1,Missingness-Aware GBDT,1457723.2189337343,244.4203921753411,0.4837357478202548,130507.99843185335,152643.2346152006,124.70691459452291,5964,penmanshiel,Penmanshiel (UK),14,1,penmanshiel
204,sensor_noise,1,Continuous Physical Quantile,737170.8125,122.27082824707033,0.062696964670758,10067.126302083332,636499.5416666666,53.20823669433594,6029,penmanshiel,Penmanshiel (UK),14,1,penmanshiel
204,sensor_noise,1,Frozen Backbone MLP,840526.625,139.4139404296875,0.2192735113617515,46279.71354166666,377729.4583333333,63.494102478027344,6029,penmanshiel,Penmanshiel (UK),14,1,penmanshiel
204,sensor_noise,1,Global Quantile,738515.25,122.49382019042967,0.0597113949245314,9700.25,641512.5833333333,53.3420295715332,6029,penmanshiel,Penmanshiel (UK),14,1,penmanshiel
204,sensor_noise,1,Joint Routed,639142.8125,106.01141357421876,0.1318626637916735,20654.940104166664,432593.4166666666,43.45259475708008,6029,penmanshiel,Penmanshiel (UK),14,1,penmanshiel
204,sensor_noise,1,Missingness-Aware GBDT,1341779.334371714,222.55421037845645,0.4546359263559462,119041.01856113713,151369.14876034317,113.37827318800096,6029,penmanshiel,Penmanshiel (UK),14,1,penmanshiel
205,clean,1,Continuous Physical Quantile,786387.5625,131.8336181640625,0.0596814752724224,9272.650390625,693661.0416666666,58.39154815673828,5965,penmanshiel,Penmanshiel (UK),14,1,penmanshiel
205,clean,1,Frozen Backbone MLP,751786.75,126.0329818725586,0.1540653813914501,28090.23958333333,470884.25,54.91115951538086,5965,penmanshiel,Penmanshiel (UK),14,1,penmanshiel
205,clean,1,Global Quantile,793628.25,133.0474853515625,0.0543168482816429,8335.768229166666,710270.5,59.11986541748047,5965,penmanshiel,Penmanshiel (UK),14,1,penmanshiel
205,clean,1,Joint Routed,734957.25,123.21160888671876,0.071081307627829,11666.153645833332,618295.75,53.21834564208984,5965,penmanshiel,Penmanshiel (UK),14,1,penmanshiel
205,clean,1,Missingness-Aware GBDT,1514101.75107618,253.83097251905784,0.4595138306789606,138792.09008212003,126180.85025497962,131.58996158959164,5965,penmanshiel,Penmanshiel (UK),14,1,penmanshiel
205,delay6,1,Continuous Physical Quantile,814181.5625,136.72235107421875,0.0696893366918555,12163.208333333332,692549.4166666666,60.24347686767578,5955,penmanshiel,Penmanshiel (UK),14,1,penmanshiel
205,delay6,1,Frozen Backbone MLP,828129.0,139.06448364257812,0.1827036104114189,36626.92708333333,461859.75,61.64876174926758,5955,penmanshiel,Penmanshiel (UK),14,1,penmanshiel
205,delay6,1,Global Quantile,818248.0,137.40521240234375,0.0651553316540722,10916.81640625,709079.6666666666,60.65319061279297,5955,penmanshiel,Penmanshiel (UK),14,1,penmanshiel
205,delay6,1,Joint Routed,751519.4375,126.19973754882812,0.0809403862300587,14060.861979166666,610910.7916666666,53.92991638183594,5955,penmanshiel,Penmanshiel (UK),14,1,penmanshiel
205,delay6,1,Missingness-Aware GBDT,1631531.6017773258,273.97675932448794,0.4755667506297229,150751.16829456564,124019.9188316698,142.59613234627363,5955,penmanshiel,Penmanshiel (UK),14,1,penmanshiel
205,markov_burst,1,Continuous Physical Quantile,794042.5,133.13925170898438,0.0596914822266934,9985.635416666666,694186.0833333333,59.315067291259766,5964,penmanshiel,Penmanshiel (UK),14,1,penmanshiel
205,markov_burst,1,Frozen Backbone MLP,758018.375,127.09899139404295,0.1522468142186452,28966.078125,468357.5416666666,55.69091796875,5964,penmanshiel,Penmanshiel (UK),14,1,penmanshiel
205,markov_burst,1,Global Quantile,799936.3125,134.1274871826172,0.0549966465459423,8978.4921875,710151.3333333333,59.90801239013672,5964,penmanshiel,Penmanshiel (UK),14,1,penmanshiel
205,markov_burst,1,Joint Routed,743255.625,124.6236801147461,0.0720992622401073,12841.897135416666,614836.6666666666,54.20572280883789,5964,penmanshiel,Penmanshiel (UK),14,1,penmanshiel
205,markov_burst,1,Missingness-Aware GBDT,1508387.8924493291,252.9154749244348,0.4627766599597585,138326.0096400951,125127.79604837856,131.18080402718527,5964,penmanshiel,Penmanshiel (UK),14,1,penmanshiel
205,sensor_noise,1,Continuous Physical Quantile,789194.75,130.8997802734375,0.0514181456294576,7896.619791666666,710228.5,58.13354110717773,6029,penmanshiel,Penmanshiel (UK),14,1,penmanshiel
205,sensor_noise,1,Frozen Backbone MLP,732465.75,121.49042510986328,0.1476198374523138,26339.45833333333,469071.125,52.48792266845703,6029,penmanshiel,Penmanshiel (UK),14,1,penmanshiel
205,sensor_noise,1,Global Quantile,791899.75,131.3484344482422,0.0492619008127384,7400.850260416666,717891.1666666666,58.40272903442383,6029,penmanshiel,Penmanshiel (UK),14,1,penmanshiel
205,sensor_noise,1,Joint Routed,746962.125,123.89485931396484,0.0617017747553491,10448.2265625,642479.8333333333,53.93058395385742,6029,penmanshiel,Penmanshiel (UK),14,1,penmanshiel
205,sensor_noise,1,Missingness-Aware GBDT,1468842.8016847917,243.6295905929328,0.4606070658483994,133506.59988060425,133776.80287874924,125.77142624260432,6029,penmanshiel,Penmanshiel (UK),14,1,penmanshiel
201,clean,6,Continuous Physical Quantile,601323.8125,100.97797393798828,0.0819479429051217,14246.700520833332,458856.7916666666,49.1934700012207,5955,penmanshiel,Penmanshiel (UK),14,6,penmanshiel
201,clean,6,Frozen Backbone MLP,614477.25,103.18677520751952,0.1056255247691016,18169.6015625,432781.1666666666,50.51875686645508,5955,penmanshiel,Penmanshiel (UK),14,6,penmanshiel
201,clean,6,Global Quantile,616919.9375,103.5969696044922,0.0753988245172124,12325.0,493669.9583333333,50.76487731933594,5955,penmanshiel,Penmanshiel (UK),14,6,penmanshiel
201,clean,6,Joint Routed,640791.4375,107.6056137084961,0.1004198152812762,17975.12109375,461040.25,53.170066833496094,5955,penmanshiel,Penmanshiel (UK),14,6,penmanshiel
201,clean,6,Missingness-Aware GBDT,653105.5246775487,109.67347181822817,0.1296389588581024,25778.18722486691,395323.6524288795,54.41077741867486,5955,penmanshiel,Penmanshiel (UK),14,6,penmanshiel
201,delay6,6,Continuous Physical Quantile,593666.0,99.99427032470705,0.0921340744483746,13620.688802083332,457459.125,47.67087173461914,5937,penmanshiel,Penmanshiel (UK),14,6,penmanshiel
201,delay6,6,Frozen Backbone MLP,611899.75,103.0654754638672,0.1192521475492673,18322.397135416664,428675.75,49.51359176635742,5937,penmanshiel,Penmanshiel (UK),14,6,penmanshiel
201,delay6,6,Global Quantile,601962.625,101.39171600341795,0.080343607882769,10978.486979166666,492177.75,48.50933837890625,5937,penmanshiel,Penmanshiel (UK),14,6,penmanshiel
201,delay6,6,Joint Routed,649631.3125,109.42080688476562,0.1160518780528886,18448.502604166664,465146.375,53.32678985595703,5937,penmanshiel,Penmanshiel (UK),14,6,penmanshiel
201,delay6,6,Missingness-Aware GBDT,675433.1362041937,113.76674013882328,0.1517601482230082,28525.813419262355,390175.0020115703,55.93434878008751,5937,penmanshiel,Penmanshiel (UK),14,6,penmanshiel
201,markov_burst,6,Continuous Physical Quantile,598210.375,100.50577545166016,0.0829973118279569,13986.06640625,458349.7083333333,48.8245964050293,5952,penmanshiel,Penmanshiel (UK),14,6,penmanshiel
201,markov_burst,6,Frozen Backbone MLP,610636.375,102.59347534179688,0.1053427419354838,17942.903645833332,431207.3333333333,50.07722854614258,5952,penmanshiel,Penmanshiel (UK),14,6,penmanshiel
201,markov_burst,6,Global Quantile,613441.75,103.06481170654295,0.075268817204301,12002.05078125,493421.25,50.36002731323242,5952,penmanshiel,Penmanshiel (UK),14,6,penmanshiel
201,markov_burst,6,Joint Routed,631404.5,106.08274841308594,0.1013104838709677,17311.005208333332,458294.5,52.1707878112793,5952,penmanshiel,Penmanshiel (UK),14,6,penmanshiel
201,markov_burst,6,Missingness-Aware GBDT,647981.9706071503,108.8679386100723,0.1302083333333333,25357.33445232844,394408.62608386605,53.84190174693992,5952,penmanshiel,Penmanshiel (UK),14,6,penmanshiel
201,sensor_noise,6,Continuous Physical Quantile,607192.375,100.8960418701172,0.0865736124958457,14163.516927083332,465557.1666666666,48.260162353515625,6018,penmanshiel,Penmanshiel (UK),14,6,penmanshiel
201,sensor_noise,6,Frozen Backbone MLP,638767.0,106.14273834228516,0.1264539714190761,20972.690104166664,429040.0833333333,51.408180236816406,6018,penmanshiel,Penmanshiel (UK),14,6,penmanshiel
201,sensor_noise,6,Global Quantile,626731.8125,104.14287567138672,0.0824194084413426,12783.91015625,498892.625,50.20825958251953,6018,penmanshiel,Penmanshiel (UK),14,6,penmanshiel
201,sensor_noise,6,Joint Routed,661847.125,109.97792053222656,0.1179793951478896,19972.854166666664,462118.625,53.70928955078125,6018,penmanshiel,Penmanshiel (UK),14,6,penmanshiel
201,sensor_noise,6,Missingness-Aware GBDT,787829.4057947702,130.9121644723779,0.2108673978065802,49738.00019382786,290449.40385649167,66.26983772371555,6018,penmanshiel,Penmanshiel (UK),14,6,penmanshiel
202,clean,6,Continuous Physical Quantile,851063.6875,142.9158172607422,0.069521410579345,11605.815104166666,735005.5,63.79157257080078,5955,penmanshiel,Penmanshiel (UK),14,6,penmanshiel
202,clean,6,Frozen Backbone MLP,851459.0,142.98219299316406,0.1282955499580184,26386.510416666664,587593.8333333333,63.83140182495117,5955,penmanshiel,Penmanshiel (UK),14,6,penmanshiel
202,clean,6,Global Quantile,854147.0,143.43357849121094,0.0690176322418136,11111.951822916666,743027.6666666666,64.10224914550781,5955,penmanshiel,Penmanshiel (UK),14,6,penmanshiel
202,clean,6,Joint Routed,825219.125,138.57583618164062,0.0896725440806045,15629.869791666666,668920.4583333333,61.18759536743164,5955,penmanshiel,Penmanshiel (UK),14,6,penmanshiel
202,clean,6,Missingness-Aware GBDT,1109622.183561185,186.3345396408371,0.2817800167926113,74821.04524025184,361411.7311586666,89.84281036023218,5955,penmanshiel,Penmanshiel (UK),14,6,penmanshiel
202,delay6,6,Continuous Physical Quantile,832062.75,140.148681640625,0.0636685194542698,9928.766927083332,732775.0833333333,62.73548126220703,5937,penmanshiel,Penmanshiel (UK),14,6,penmanshiel
202,delay6,6,Frozen Backbone MLP,822772.0,138.58380126953125,0.1386221997641906,25628.98958333333,566482.0833333333,61.79653930664063,5937,penmanshiel,Penmanshiel (UK),14,6,penmanshiel
202,delay6,6,Global Quantile,834874.75,140.62232971191406,0.0604682499578911,9409.317708333332,740781.75,63.019676208496094,5937,penmanshiel,Penmanshiel (UK),14,6,penmanshiel
202,delay6,6,Joint Routed,805047.625,135.598388671875,0.0779855145696479,14338.59375,661661.7083333333,60.00529861450195,5937,penmanshiel,Penmanshiel (UK),14,6,penmanshiel
202,delay6,6,Missingness-Aware GBDT,1066430.646316148,179.62449828468047,0.2779181404749873,70257.97647084252,363850.8816077226,86.42096775867742,5937,penmanshiel,Penmanshiel (UK),14,6,penmanshiel
202,markov_burst,6,Continuous Physical Quantile,841938.5625,141.45472717285156,0.0663642473118279,10746.848958333332,734470.0,62.89435958862305,5952,penmanshiel,Penmanshiel (UK),14,6,penmanshiel
202,markov_burst,6,Frozen Backbone MLP,838689.25,140.9088134765625,0.1307123655913978,25514.57552083333,583543.4583333333,62.56680679321289,5952,penmanshiel,Penmanshiel (UK),14,6,penmanshiel
202,markov_burst,6,Global Quantile,844552.8125,141.89395141601562,0.0660282258064516,10189.96484375,742653.3333333333,63.15790939331055,5952,penmanshiel,Penmanshiel (UK),14,6,penmanshiel
202,markov_burst,6,Joint Routed,818582.0,137.53057861328125,0.089885752688172,15214.516927083332,666436.9166666666,60.53987121582031,5952,penmanshiel,Penmanshiel (UK),14,6,penmanshiel
202,markov_burst,6,Missingness-Aware GBDT,1101074.8673879537,184.9924172358793,0.2872983870967742,73957.30780232967,361501.78936465696,89.01696929286157,5952,penmanshiel,Penmanshiel (UK),14,6,penmanshiel
202,sensor_noise,6,Continuous Physical Quantile,855600.0,142.17347717285156,0.0664672648720505,11392.119791666666,741678.8333333333,63.888916015625,6018,penmanshiel,Penmanshiel (UK),14,6,penmanshiel
202,sensor_noise,6,Frozen Backbone MLP,841828.125,139.88502502441406,0.1357593885011631,26897.729166666664,572850.7916666666,62.51584243774414,6018,penmanshiel,Penmanshiel (UK),14,6,penmanshiel
202,sensor_noise,6,Global Quantile,859701.375,142.85499572753906,0.0639747424393486,10881.311848958332,750888.3333333333,64.29783630371094,6018,penmanshiel,Penmanshiel (UK),14,6,penmanshiel
202,sensor_noise,6,Joint Routed,832482.875,138.3321533203125,0.0839149219009637,15512.608072916666,677356.7916666666,61.58411407470703,6018,penmanshiel,Penmanshiel (UK),14,6,penmanshiel
202,sensor_noise,6,Missingness-Aware GBDT,1117157.1014877898,185.6359424207029,0.2858092389498172,78294.96676259501,334207.4338618395,89.96639108873298,6018,penmanshiel,Penmanshiel (UK),14,6,penmanshiel
203,clean,6,Continuous Physical Quantile,866416.5625,145.4939727783203,0.0925272879932829,18187.135416666664,684545.25,65.15729522705078,5955,penmanshiel,Penmanshiel (UK),14,6,penmanshiel
203,clean,6,Frozen Backbone MLP,854596.8125,143.50912475585938,0.1026028547439126,19531.23958333333,659284.4166666666,63.96638870239258,5955,penmanshiel,Penmanshiel (UK),14,6,penmanshiel
203,clean,6,Global Quantile,863450.25,144.995849609375,0.0896725440806045,17873.984375,684710.5,64.8584213256836,5955,penmanshiel,Penmanshiel (UK),14,6,penmanshiel
203,clean,6,Joint Routed,869384.9375,145.992431640625,0.1062972292191435,21268.265625,656702.3333333333,65.45636749267578,5955,penmanshiel,Penmanshiel (UK),14,6,penmanshiel
203,clean,6,Missingness-Aware GBDT,1131192.160181844,189.95670196168663,0.2693534844668346,75817.01930194389,373021.96716240497,91.83493363927369,5955,penmanshiel,Penmanshiel (UK),14,6,penmanshiel
203,delay6,6,Continuous Physical Quantile,827123.875,139.31680297851562,0.0779855145696479,14462.208333333332,682501.8333333333,62.28623580932617,5937,penmanshiel,Penmanshiel (UK),14,6,penmanshiel
203,delay6,6,Frozen Backbone MLP,810668.125,136.54507446289062,0.0976924372578743,16004.119791666666,650626.9166666666,60.62319946289063,5937,penmanshiel,Penmanshiel (UK),14,6,penmanshiel
203,delay6,6,Global Quantile,826331.5,139.18333435058594,0.0749536803099208,14369.075520833332,682640.875,62.2061653137207,5937,penmanshiel,Penmanshiel (UK),14,6,penmanshiel
203,delay6,6,Joint Routed,812026.25,136.77383422851562,0.0921340744483746,15813.734375,653888.875,60.76044845581055,5937,penmanshiel,Penmanshiel (UK),14,6,penmanshiel
203,delay6,6,Missingness-Aware GBDT,1117673.754272862,188.2556433001284,0.2903823479871989,76478.57308831756,352888.0233896865,91.64953842411302,5937,penmanshiel,Penmanshiel (UK),14,6,penmanshiel
203,markov_burst,6,Continuous Physical Quantile,855279.5,143.69615173339844,0.0900537634408602,17067.671875,684602.75,64.2221908569336,5952,penmanshiel,Penmanshiel (UK),14,6,penmanshiel
203,markov_burst,6,Frozen Backbone MLP,846829.25,142.2764129638672,0.1019825268817204,18859.62239583333,658233.0416666666,63.37035751342773,5952,penmanshiel,Penmanshiel (UK),14,6,penmanshiel
203,markov_burst,6,Global Quantile,851557.6875,143.0708465576172,0.0878696236559139,16719.225260416664,684365.5833333333,63.84701919555664,5952,penmanshiel,Penmanshiel (UK),14,6,penmanshiel
203,markov_burst,6,Joint Routed,858529.0,144.24209594726562,0.104502688172043,20254.88802083333,655980.125,64.54975891113281,5952,penmanshiel,Penmanshiel (UK),14,6,penmanshiel
203,markov_burst,6,Missingness-Aware GBDT,1124553.202814344,188.9370300427325,0.2736895161290322,75435.6390770128,370196.812044216,91.36672242478532,5952,penmanshiel,Penmanshiel (UK),14,6,penmanshiel
203,sensor_noise,6,Continuous Physical Quantile,870016.0,144.56895446777344,0.0903954802259887,17513.153645833332,694884.5416666666,64.60419464111328,6018,penmanshiel,Penmanshiel (UK),14,6,penmanshiel
203,sensor_noise,6,Frozen Backbone MLP,862975.625,143.39907836914062,0.1166500498504486,21105.307291666664,651922.5416666666,63.902252197265625,6018,penmanshiel,Penmanshiel (UK),14,6,penmanshiel
203,sensor_noise,6,Global Quantile,868115.375,144.25314331054688,0.0913924891990694,17616.119791666664,691954.3333333333,64.4146957397461,6018,penmanshiel,Penmanshiel (UK),14,6,penmanshiel
203,sensor_noise,6,Joint Routed,875911.5625,145.54861450195312,0.108009305417082,21559.37630208333,660317.7916666666,65.19197845458984,6018,penmanshiel,Penmanshiel (UK),14,6,penmanshiel
203,sensor_noise,6,Missingness-Aware GBDT,1184838.5667417669,196.8824471156143,0.2899634430043203,83938.83420834874,345450.2246582797,95.99227699868804,6018,penmanshiel,Penmanshiel (UK),14,6,penmanshiel
204,clean,6,Continuous Physical Quantile,969254.25,162.76309204101562,0.0784214945424013,13542.5234375,833829.0,69.48560333251953,5955,penmanshiel,Penmanshiel (UK),14,6,penmanshiel
204,clean,6,Frozen Backbone MLP,1013033.125,170.11471557617188,0.1734676742233417,39793.58333333333,615097.2916666666,73.89656829833984,5955,penmanshiel,Penmanshiel (UK),14,6,penmanshiel
204,clean,6,Global Quantile,969340.8125,162.7776336669922,0.0802686817800168,13748.057291666666,831860.3333333333,69.49432373046875,5955,penmanshiel,Penmanshiel (UK),14,6,penmanshiel
204,clean,6,Joint Routed,919606.625,154.42596435546875,0.1104953820319059,20941.20833333333,710194.5,64.48331451416016,5955,penmanshiel,Penmanshiel (UK),14,6,penmanshiel
204,clean,6,Missingness-Aware GBDT,1174368.093544837,197.20706860534628,0.2476910159529806,66699.25252427252,507375.568302112,90.1519814838827,5955,penmanshiel,Penmanshiel (UK),14,6,penmanshiel
204,delay6,6,Continuous Physical Quantile,966897.25,162.8595733642578,0.0825332659592386,13560.563802083332,831291.6666666666,69.39891815185547,5937,penmanshiel,Penmanshiel (UK),14,6,penmanshiel
204,delay6,6,Frozen Backbone MLP,1038819.0625,174.97373962402344,0.1962270506990062,43650.95052083333,602309.5,76.66741180419922,5937,penmanshiel,Penmanshiel (UK),14,6,penmanshiel
204,delay6,6,Global Quantile,966707.1875,162.8275604248047,0.0816910897759811,13736.141927083332,829345.8333333333,69.37970733642578,5937,penmanshiel,Penmanshiel (UK),14,6,penmanshiel
204,delay6,6,Joint Routed,907315.9375,152.823974609375,0.1200943237325248,21499.592447916664,692320.0416666666,63.377559661865234,5937,penmanshiel,Penmanshiel (UK),14,6,penmanshiel
204,delay6,6,Missingness-Aware GBDT,1239391.4794386637,208.7571971431133,0.2760653528718207,73257.84016553541,506813.07778330985,96.93748722933,5937,penmanshiel,Penmanshiel (UK),14,6,penmanshiel
204,markov_burst,6,Continuous Physical Quantile,960955.625,161.4508819580078,0.0776209677419354,12785.97265625,833095.9166666666,68.78726959228516,5952,penmanshiel,Penmanshiel (UK),14,6,penmanshiel
204,markov_burst,6,Frozen Backbone MLP,1005600.5625,168.9517059326172,0.1764112903225806,39285.00260416666,612750.5,73.28775024414062,5952,penmanshiel,Penmanshiel (UK),14,6,penmanshiel
204,markov_burst,6,Global Quantile,960903.125,161.4420623779297,0.0786290322580645,12946.1875,831441.25,68.78196716308594,5952,penmanshiel,Penmanshiel (UK),14,6,penmanshiel
204,markov_burst,6,Joint Routed,914392.3125,153.62774658203125,0.1155913978494623,20904.9296875,705342.9166666666,64.09336853027344,5952,penmanshiel,Penmanshiel (UK),14,6,penmanshiel
204,markov_burst,6,Missingness-Aware GBDT,1168574.021482082,196.33300092104875,0.2515120967741935,66127.87123846782,507295.3090974041,89.71653281106705,5952,penmanshiel,Penmanshiel (UK),14,6,penmanshiel
204,sensor_noise,6,Continuous Physical Quantile,958107.5,159.2069549560547,0.0712861415752741,11888.908854166666,839218.4166666666,69.00647735595703,6018,penmanshiel,Penmanshiel (UK),14,6,penmanshiel
204,sensor_noise,6,Frozen Backbone MLP,975996.625,162.1795654296875,0.1691591890993685,37048.70833333333,605509.4583333333,70.79002380371094,6018,penmanshiel,Penmanshiel (UK),14,6,penmanshiel
204,sensor_noise,6,Global Quantile,960115.3125,159.5406036376953,0.0709538052509139,11945.455729166666,840660.8333333333,69.2066650390625,6018,penmanshiel,Penmanshiel (UK),14,6,penmanshiel
204,sensor_noise,6,Joint Routed,904349.5,150.2740936279297,0.1093386507145231,21027.9375,694070.1666666666,63.646759033203125,6018,penmanshiel,Penmanshiel (UK),14,6,penmanshiel
204,sensor_noise,6,Missingness-Aware GBDT,1191396.7397704169,197.9722066750444,0.2746759720837488,73789.08959511862,453505.8438192306,92.26562180588876,6018,penmanshiel,Penmanshiel (UK),14,6,penmanshiel
205,clean,6,Continuous Physical Quantile,933179.25,156.70516967773438,0.053232577665827,9147.407552083332,841705.1666666666,70.72193145751953,5955,penmanshiel,Penmanshiel (UK),14,6,penmanshiel
205,clean,6,Frozen Backbone MLP,873002.6875,146.59994506835938,0.1148614609571788,23317.291666666664,639829.7083333333,64.65880584716797,5955,penmanshiel,Penmanshiel (UK),14,6,penmanshiel
205,clean,6,Global Quantile,933266.5,156.71981811523438,0.0534005037783375,9133.353515625,841932.8333333333,70.73072052001953,5955,penmanshiel,Penmanshiel (UK),14,6,penmanshiel
205,clean,6,Joint Routed,901254.375,151.34414672851562,0.0628043660789252,11372.075520833332,787533.5,67.50531768798828,5955,penmanshiel,Penmanshiel (UK),14,6,penmanshiel
205,clean,6,Missingness-Aware GBDT,1256520.528571776,211.00260765269115,0.308144416456759,92530.52224349836,331215.3061367924,103.30040410574414,5955,penmanshiel,Penmanshiel (UK),14,6,penmanshiel
205,delay6,6,Continuous Physical Quantile,922602.875,155.39883422851562,0.046824995789119,8343.401041666666,839168.75,70.1827392578125,5937,penmanshiel,Penmanshiel (UK),14,6,penmanshiel
205,delay6,6,Frozen Backbone MLP,864143.5625,145.55223083496094,0.1307057436415698,23948.27083333333,624660.75,64.2747802734375,5937,penmanshiel,Penmanshiel (UK),14,6,penmanshiel
205,delay6,6,Global Quantile,922770.9375,155.42713928222656,0.046151254842513,8338.2890625,839387.9166666666,70.19972229003906,5937,penmanshiel,Penmanshiel (UK),14,6,penmanshiel
205,delay6,6,Joint Routed,895133.75,150.77206420898438,0.05811015664477,11157.309895833332,783560.5,67.40667724609375,5937,penmanshiel,Penmanshiel (UK),14,6,penmanshiel
205,delay6,6,Missingness-Aware GBDT,1331583.3326156056,224.2855537503125,0.326932794340576,100313.5048653235,328448.2839623705,111.51478127397868,5937,penmanshiel,Penmanshiel (UK),14,6,penmanshiel
205,markov_burst,6,Continuous Physical Quantile,922538.625,154.9964141845703,0.049899193548387,8115.813802083333,841380.5,69.8961410522461,5952,penmanshiel,Penmanshiel (UK),14,6,penmanshiel
205,markov_burst,6,Frozen Backbone MLP,861152.625,144.6829071044922,0.1144153225806451,22441.244791666664,636740.0833333333,63.7080307006836,5952,penmanshiel,Penmanshiel (UK),14,6,penmanshiel
205,markov_burst,6,Global Quantile,922277.125,154.9524688720703,0.0502352150537634,8076.834635416666,841508.6666666666,69.8697738647461,5952,penmanshiel,Penmanshiel (UK),14,6,penmanshiel
205,markov_burst,6,Joint Routed,889296.75,149.4114227294922,0.0616599462365591,10473.685546875,784559.8333333333,66.54513549804688,5952,penmanshiel,Penmanshiel (UK),14,6,penmanshiel
205,markov_burst,6,Missingness-Aware GBDT,1246579.8427103728,209.43881765967285,0.3084677419354839,91597.13049571282,330608.53775324463,102.5615840676528,5952,penmanshiel,Penmanshiel (UK),14,6,penmanshiel
205,sensor_noise,6,Continuous Physical Quantile,938616.1875,155.96812438964844,0.0505151213027583,8670.3671875,851912.4166666666,70.26923370361328,6018,penmanshiel,Penmanshiel (UK),14,6,penmanshiel
205,sensor_noise,6,Frozen Backbone MLP,869984.75,144.5637664794922,0.1232967763376537,23651.479166666664,633470.0,63.42662811279297,6018,penmanshiel,Penmanshiel (UK),14,6,penmanshiel
205,sensor_noise,6,Global Quantile,937774.625,155.8282928466797,0.0505151213027583,8693.458333333332,850839.9166666666,70.1853256225586,6018,penmanshiel,Penmanshiel (UK),14,6,penmanshiel
205,sensor_noise,6,Joint Routed,918533.625,152.63104248046875,0.0558325024925224,10510.522135416666,813428.25,68.26698303222656,6018,penmanshiel,Penmanshiel (UK),14,6,penmanshiel
205,sensor_noise,6,Missingness-Aware GBDT,1300462.9048828173,216.0955308878061,0.3241940844134264,99356.27487736264,306900.1561091909,106.34568354679254,6018,penmanshiel,Penmanshiel (UK),14,6,penmanshiel
